solid ASCII
  facet normal 0.000000e+00 -1.000000e+00 0.000000e+00
    outer loop
      vertex   6.000000e+01 2.794111e+00 -4.100000e+01
      vertex   6.000000e+01 2.794111e+00 -4.000000e+01
      vertex   5.800000e+01 2.794111e+00 -4.100000e+01
    endloop
  endfacet
  facet normal 0.000000e+00 -1.000000e+00 0.000000e+00
    outer loop
      vertex   5.800000e+01 2.794111e+00 -4.100000e+01
      vertex   6.000000e+01 2.794111e+00 -4.000000e+01
      vertex   5.800000e+01 2.794111e+00 -4.000000e+01
    endloop
  endfacet
  facet normal 0.000000e+00 1.000000e+00 -4.440892e-16
    outer loop
      vertex   6.000000e+01 -3.205889e+00 -4.000000e+01
      vertex   6.000000e+01 -3.205889e+00 -4.100000e+01
      vertex   5.800000e+01 -3.205889e+00 -4.000000e+01
    endloop
  endfacet
  facet normal 2.220446e-16 1.000000e+00 0.000000e+00
    outer loop
      vertex   5.800000e+01 -3.205889e+00 -4.000000e+01
      vertex   6.000000e+01 -3.205889e+00 -4.100000e+01
      vertex   5.800000e+01 -3.205889e+00 -4.100000e+01
    endloop
  endfacet
  facet normal 0.000000e+00 -0.000000e+00 1.000000e+00
    outer loop
      vertex   6.000000e+01 -3.205889e+00 -4.100000e+01
      vertex   6.000000e+01 2.794111e+00 -4.100000e+01
      vertex   5.800000e+01 -3.205889e+00 -4.100000e+01
    endloop
  endfacet
  facet normal 0.000000e+00 0.000000e+00 1.000000e+00
    outer loop
      vertex   5.800000e+01 -3.205889e+00 -4.100000e+01
      vertex   6.000000e+01 2.794111e+00 -4.100000e+01
      vertex   5.800000e+01 2.794111e+00 -4.100000e+01
    endloop
  endfacet
  facet normal 9.801714e-02 5.885524e-17 9.951847e-01
    outer loop
      vertex   5.775000e+01 1.775000e+01 -3.800000e+01
      vertex   5.775000e+01 -1.775000e+01 -3.800000e+01
      vertex   5.779877e+01 1.779877e+01 -3.800480e+01
    endloop
  endfacet
  facet normal 1.618399e-01 -8.869496e-05 9.868170e-01
    outer loop
      vertex   5.779877e+01 1.779877e+01 -3.800480e+01
      vertex   5.775000e+01 -1.775000e+01 -3.800000e+01
      vertex   5.781470e+01 5.538462e+00 -3.800852e+01
    endloop
  endfacet
  facet normal 2.270763e-01 0.000000e+00 9.738770e-01
    outer loop
      vertex   5.779877e+01 1.779877e+01 -3.800480e+01
      vertex   5.781470e+01 5.538462e+00 -3.800852e+01
      vertex   5.781470e+01 6.923077e+00 -3.800852e+01
    endloop
  endfacet
  facet normal 3.826834e-01 0.000000e+00 9.238795e-01
    outer loop
      vertex   5.781470e+01 6.923077e+00 -3.800852e+01
      vertex   5.781470e+01 5.538462e+00 -3.800852e+01
      vertex   5.787500e+01 6.923077e+00 -3.803349e+01
    endloop
  endfacet
  facet normal 3.826834e-01 0.000000e+00 9.238795e-01
    outer loop
      vertex   5.781470e+01 6.923077e+00 -3.800852e+01
      vertex   5.787500e+01 6.923077e+00 -3.803349e+01
      vertex   5.787500e+01 8.307692e+00 -3.803349e+01
    endloop
  endfacet
  facet normal 6.087614e-01 0.000000e+00 7.933533e-01
    outer loop
      vertex   5.787500e+01 8.307692e+00 -3.803349e+01
      vertex   5.787500e+01 6.923077e+00 -3.803349e+01
      vertex   5.792678e+01 8.307692e+00 -3.807322e+01
    endloop
  endfacet
  facet normal 6.087614e-01 6.248624e-15 7.933533e-01
    outer loop
      vertex   5.787500e+01 8.307692e+00 -3.803349e+01
      vertex   5.792678e+01 8.307692e+00 -3.807322e+01
      vertex   5.792678e+01 9.692308e+00 -3.807322e+01
    endloop
  endfacet
  facet normal 7.933533e-01 8.142499e-15 6.087614e-01
    outer loop
      vertex   5.792678e+01 9.692308e+00 -3.807322e+01
      vertex   5.792678e+01 8.307692e+00 -3.807322e+01
      vertex   5.796651e+01 9.692308e+00 -3.812500e+01
    endloop
  endfacet
  facet normal 7.933533e-01 0.000000e+00 6.087614e-01
    outer loop
      vertex   5.792678e+01 9.692308e+00 -3.807322e+01
      vertex   5.796651e+01 9.692308e+00 -3.812500e+01
      vertex   5.796651e+01 1.107692e+01 -3.812500e+01
    endloop
  endfacet
  facet normal 9.238795e-01 0.000000e+00 3.826834e-01
    outer loop
      vertex   5.796651e+01 1.107692e+01 -3.812500e+01
      vertex   5.796651e+01 9.692308e+00 -3.812500e+01
      vertex   5.799148e+01 1.107692e+01 -3.818530e+01
    endloop
  endfacet
  facet normal 9.238795e-01 0.000000e+00 3.826834e-01
    outer loop
      vertex   5.796651e+01 1.107692e+01 -3.812500e+01
      vertex   5.799148e+01 1.107692e+01 -3.818530e+01
      vertex   5.799148e+01 1.246154e+01 -3.818530e+01
    endloop
  endfacet
  facet normal 9.914449e-01 0.000000e+00 1.305262e-01
    outer loop
      vertex   5.799148e+01 1.246154e+01 -3.818530e+01
      vertex   5.799148e+01 1.107692e+01 -3.818530e+01
      vertex   5.800000e+01 1.800000e+01 -3.825000e+01
    endloop
  endfacet
  facet normal 9.914449e-01 -0.000000e+00 1.305262e-01
    outer loop
      vertex   5.799148e+01 1.246154e+01 -3.818530e+01
      vertex   5.800000e+01 1.800000e+01 -3.825000e+01
      vertex   5.799148e+01 1.384615e+01 -3.818530e+01
    endloop
  endfacet
  facet normal 9.914449e-01 -0.000000e+00 1.305262e-01
    outer loop
      vertex   5.799148e+01 1.384615e+01 -3.818530e+01
      vertex   5.800000e+01 1.800000e+01 -3.825000e+01
      vertex   5.799148e+01 1.523077e+01 -3.818530e+01
    endloop
  endfacet
  facet normal 9.238795e-01 -0.000000e+00 3.826834e-01
    outer loop
      vertex   5.799148e+01 1.384615e+01 -3.818530e+01
      vertex   5.799148e+01 1.523077e+01 -3.818530e+01
      vertex   5.796651e+01 1.384615e+01 -3.812500e+01
    endloop
  endfacet
  facet normal 9.238795e-01 -0.000000e+00 3.826834e-01
    outer loop
      vertex   5.796651e+01 1.384615e+01 -3.812500e+01
      vertex   5.799148e+01 1.523077e+01 -3.818530e+01
      vertex   5.796651e+01 1.523077e+01 -3.812500e+01
    endloop
  endfacet
  facet normal 7.933533e-01 -0.000000e+00 6.087614e-01
    outer loop
      vertex   5.796651e+01 1.384615e+01 -3.812500e+01
      vertex   5.796651e+01 1.523077e+01 -3.812500e+01
      vertex   5.792678e+01 1.384615e+01 -3.807322e+01
    endloop
  endfacet
  facet normal 7.933533e-01 -0.000000e+00 6.087614e-01
    outer loop
      vertex   5.792678e+01 1.384615e+01 -3.807322e+01
      vertex   5.796651e+01 1.523077e+01 -3.812500e+01
      vertex   5.792678e+01 1.523077e+01 -3.807322e+01
    endloop
  endfacet
  facet normal 6.087614e-01 -0.000000e+00 7.933533e-01
    outer loop
      vertex   5.792678e+01 1.384615e+01 -3.807322e+01
      vertex   5.792678e+01 1.523077e+01 -3.807322e+01
      vertex   5.787500e+01 1.384615e+01 -3.803349e+01
    endloop
  endfacet
  facet normal 6.087614e-01 -0.000000e+00 7.933533e-01
    outer loop
      vertex   5.787500e+01 1.384615e+01 -3.803349e+01
      vertex   5.792678e+01 1.523077e+01 -3.807322e+01
      vertex   5.787500e+01 1.523077e+01 -3.803349e+01
    endloop
  endfacet
  facet normal 3.826834e-01 -0.000000e+00 9.238795e-01
    outer loop
      vertex   5.787500e+01 1.384615e+01 -3.803349e+01
      vertex   5.787500e+01 1.523077e+01 -3.803349e+01
      vertex   5.781470e+01 1.384615e+01 -3.800852e+01
    endloop
  endfacet
  facet normal 3.826834e-01 -0.000000e+00 9.238795e-01
    outer loop
      vertex   5.781470e+01 1.384615e+01 -3.800852e+01
      vertex   5.787500e+01 1.523077e+01 -3.803349e+01
      vertex   5.781470e+01 1.523077e+01 -3.800852e+01
    endloop
  endfacet
  facet normal 2.270763e-01 -0.000000e+00 9.738770e-01
    outer loop
      vertex   5.781470e+01 1.384615e+01 -3.800852e+01
      vertex   5.781470e+01 1.523077e+01 -3.800852e+01
      vertex   5.779877e+01 1.779877e+01 -3.800480e+01
    endloop
  endfacet
  facet normal 2.270763e-01 0.000000e+00 9.738770e-01
    outer loop
      vertex   5.779877e+01 1.779877e+01 -3.800480e+01
      vertex   5.781470e+01 1.523077e+01 -3.800852e+01
      vertex   5.781470e+01 1.661538e+01 -3.800852e+01
    endloop
  endfacet
  facet normal 2.894673e-01 8.923735e-04 9.571875e-01
    outer loop
      vertex   5.779877e+01 1.779877e+01 -3.800480e+01
      vertex   5.781470e+01 1.661538e+01 -3.800852e+01
      vertex   5.784567e+01 1.784567e+01 -3.801903e+01
    endloop
  endfacet
  facet normal 3.826829e-01 -1.738442e-03 9.238781e-01
    outer loop
      vertex   5.784567e+01 1.784567e+01 -3.801903e+01
      vertex   5.781470e+01 1.661538e+01 -3.800852e+01
      vertex   5.787500e+01 1.661538e+01 -3.803349e+01
    endloop
  endfacet
  facet normal 4.707355e-01 8.497777e-04 8.822740e-01
    outer loop
      vertex   5.784567e+01 1.784567e+01 -3.801903e+01
      vertex   5.787500e+01 1.661538e+01 -3.803349e+01
      vertex   5.788889e+01 1.788889e+01 -3.804213e+01
    endloop
  endfacet
  facet normal 6.087609e-01 -1.259132e-03 7.933527e-01
    outer loop
      vertex   5.788889e+01 1.788889e+01 -3.804213e+01
      vertex   5.787500e+01 1.661538e+01 -3.803349e+01
      vertex   5.792678e+01 1.661538e+01 -3.807322e+01
    endloop
  endfacet
  facet normal 6.343933e-01 0.000000e+00 7.730105e-01
    outer loop
      vertex   5.788889e+01 1.788889e+01 -3.804213e+01
      vertex   5.792678e+01 1.661538e+01 -3.807322e+01
      vertex   5.792678e+01 1.792678e+01 -3.807322e+01
    endloop
  endfacet
  facet normal 7.730105e-01 0.000000e+00 6.343933e-01
    outer loop
      vertex   5.792678e+01 1.792678e+01 -3.807322e+01
      vertex   5.792678e+01 1.661538e+01 -3.807322e+01
      vertex   5.795787e+01 1.795787e+01 -3.811111e+01
    endloop
  endfacet
  facet normal 7.933528e-01 -1.194439e-03 6.087610e-01
    outer loop
      vertex   5.795787e+01 1.795787e+01 -3.811111e+01
      vertex   5.792678e+01 1.661538e+01 -3.807322e+01
      vertex   5.796651e+01 1.661538e+01 -3.812500e+01
    endloop
  endfacet
  facet normal 8.817448e-01 7.924620e-04 4.717260e-01
    outer loop
      vertex   5.795787e+01 1.795787e+01 -3.811111e+01
      vertex   5.796651e+01 1.661538e+01 -3.812500e+01
      vertex   5.798097e+01 1.798097e+01 -3.815433e+01
    endloop
  endfacet
  facet normal 9.238784e-01 -1.566202e-03 3.826830e-01
    outer loop
      vertex   5.798097e+01 1.798097e+01 -3.815433e+01
      vertex   5.796651e+01 1.661538e+01 -3.812500e+01
      vertex   5.799148e+01 1.661538e+01 -3.818530e+01
    endloop
  endfacet
  facet normal 9.568745e-01 7.781150e-04 2.905007e-01
    outer loop
      vertex   5.798097e+01 1.798097e+01 -3.815433e+01
      vertex   5.799148e+01 1.661538e+01 -3.818530e+01
      vertex   5.799520e+01 1.799520e+01 -3.820123e+01
    endloop
  endfacet
  facet normal 9.891969e-01 -9.705967e-04 1.465895e-01
    outer loop
      vertex   5.799520e+01 1.799520e+01 -3.820123e+01
      vertex   5.799148e+01 1.661538e+01 -3.818530e+01
      vertex   5.799880e+01 1.799880e+01 -3.822550e+01
    endloop
  endfacet
  facet normal 9.987973e-01 -3.860749e-03 4.887810e-02
    outer loop
      vertex   5.799880e+01 1.799880e+01 -3.822550e+01
      vertex   5.799148e+01 1.661538e+01 -3.818530e+01
      vertex   5.800000e+01 1.800000e+01 -3.825000e+01
    endloop
  endfacet
  facet normal 9.914449e-01 0.000000e+00 1.305262e-01
    outer loop
      vertex   5.800000e+01 1.800000e+01 -3.825000e+01
      vertex   5.799148e+01 1.661538e+01 -3.818530e+01
      vertex   5.799148e+01 1.523077e+01 -3.818530e+01
    endloop
  endfacet
  facet normal 9.977988e-02 1.780150e-03 9.950079e-01
    outer loop
      vertex   5.779877e+01 -1.779877e+01 -3.800480e+01
      vertex   5.781470e+01 -1.661538e+01 -3.800852e+01
      vertex   5.775000e+01 -1.775000e+01 -3.800000e+01
    endloop
  endfacet
  facet normal 1.305262e-01 0.000000e+00 9.914449e-01
    outer loop
      vertex   5.775000e+01 -1.775000e+01 -3.800000e+01
      vertex   5.781470e+01 -1.661538e+01 -3.800852e+01
      vertex   5.781470e+01 -1.523077e+01 -3.800852e+01
    endloop
  endfacet
  facet normal 1.305262e-01 6.694955e-16 9.914449e-01
    outer loop
      vertex   5.775000e+01 -1.775000e+01 -3.800000e+01
      vertex   5.781470e+01 -1.523077e+01 -3.800852e+01
      vertex   5.781470e+01 -1.384615e+01 -3.800852e+01
    endloop
  endfacet
  facet normal 3.826834e-01 1.963816e-15 9.238795e-01
    outer loop
      vertex   5.781470e+01 -1.384615e+01 -3.800852e+01
      vertex   5.781470e+01 -1.523077e+01 -3.800852e+01
      vertex   5.787500e+01 -1.384615e+01 -3.803349e+01
    endloop
  endfacet
  facet normal 3.826834e-01 0.000000e+00 9.238795e-01
    outer loop
      vertex   5.781470e+01 -1.384615e+01 -3.800852e+01
      vertex   5.787500e+01 -1.384615e+01 -3.803349e+01
      vertex   5.787500e+01 -1.246154e+01 -3.803349e+01
    endloop
  endfacet
  facet normal 6.087614e-01 0.000000e+00 7.933533e-01
    outer loop
      vertex   5.787500e+01 -1.246154e+01 -3.803349e+01
      vertex   5.787500e+01 -1.384615e+01 -3.803349e+01
      vertex   5.792678e+01 -1.246154e+01 -3.807322e+01
    endloop
  endfacet
  facet normal 6.087614e-01 0.000000e+00 7.933533e-01
    outer loop
      vertex   5.787500e+01 -1.246154e+01 -3.803349e+01
      vertex   5.792678e+01 -1.246154e+01 -3.807322e+01
      vertex   5.792678e+01 -1.107692e+01 -3.807322e+01
    endloop
  endfacet
  facet normal 7.933533e-01 0.000000e+00 6.087614e-01
    outer loop
      vertex   5.792678e+01 -1.107692e+01 -3.807322e+01
      vertex   5.792678e+01 -1.246154e+01 -3.807322e+01
      vertex   5.796651e+01 -1.107692e+01 -3.812500e+01
    endloop
  endfacet
  facet normal 7.933533e-01 0.000000e+00 6.087614e-01
    outer loop
      vertex   5.792678e+01 -1.107692e+01 -3.807322e+01
      vertex   5.796651e+01 -1.107692e+01 -3.812500e+01
      vertex   5.796651e+01 -9.692308e+00 -3.812500e+01
    endloop
  endfacet
  facet normal 9.238795e-01 0.000000e+00 3.826834e-01
    outer loop
      vertex   5.796651e+01 -9.692308e+00 -3.812500e+01
      vertex   5.796651e+01 -1.107692e+01 -3.812500e+01
      vertex   5.799148e+01 -9.692308e+00 -3.818530e+01
    endloop
  endfacet
  facet normal 9.238795e-01 0.000000e+00 3.826834e-01
    outer loop
      vertex   5.796651e+01 -9.692308e+00 -3.812500e+01
      vertex   5.799148e+01 -9.692308e+00 -3.818530e+01
      vertex   5.799148e+01 -8.307692e+00 -3.818530e+01
    endloop
  endfacet
  facet normal 9.838460e-01 0.000000e+00 1.790169e-01
    outer loop
      vertex   5.799148e+01 -8.307692e+00 -3.818530e+01
      vertex   5.799148e+01 -9.692308e+00 -3.818530e+01
      vertex   5.799880e+01 -1.799880e+01 -3.822550e+01
    endloop
  endfacet
  facet normal 9.838460e-01 -0.000000e+00 1.790169e-01
    outer loop
      vertex   5.799148e+01 -8.307692e+00 -3.818530e+01
      vertex   5.799880e+01 -1.799880e+01 -3.822550e+01
      vertex   5.799148e+01 -6.923077e+00 -3.818530e+01
    endloop
  endfacet
  facet normal 9.838460e-01 -0.000000e+00 1.790169e-01
    outer loop
      vertex   5.799148e+01 -6.923077e+00 -3.818530e+01
      vertex   5.799880e+01 -1.799880e+01 -3.822550e+01
      vertex   5.799148e+01 -5.538462e+00 -3.818530e+01
    endloop
  endfacet
  facet normal 9.238795e-01 -0.000000e+00 3.826834e-01
    outer loop
      vertex   5.799148e+01 -6.923077e+00 -3.818530e+01
      vertex   5.799148e+01 -5.538462e+00 -3.818530e+01
      vertex   5.796651e+01 -6.923077e+00 -3.812500e+01
    endloop
  endfacet
  facet normal 9.238795e-01 -0.000000e+00 3.826834e-01
    outer loop
      vertex   5.796651e+01 -6.923077e+00 -3.812500e+01
      vertex   5.799148e+01 -5.538462e+00 -3.818530e+01
      vertex   5.796651e+01 -5.538462e+00 -3.812500e+01
    endloop
  endfacet
  facet normal 7.933533e-01 -0.000000e+00 6.087614e-01
    outer loop
      vertex   5.796651e+01 -6.923077e+00 -3.812500e+01
      vertex   5.796651e+01 -5.538462e+00 -3.812500e+01
      vertex   5.792678e+01 -6.923077e+00 -3.807322e+01
    endloop
  endfacet
  facet normal 7.933533e-01 -0.000000e+00 6.087614e-01
    outer loop
      vertex   5.792678e+01 -6.923077e+00 -3.807322e+01
      vertex   5.796651e+01 -5.538462e+00 -3.812500e+01
      vertex   5.792678e+01 -5.538462e+00 -3.807322e+01
    endloop
  endfacet
  facet normal 6.087614e-01 -0.000000e+00 7.933533e-01
    outer loop
      vertex   5.792678e+01 -6.923077e+00 -3.807322e+01
      vertex   5.792678e+01 -5.538462e+00 -3.807322e+01
      vertex   5.787500e+01 -6.923077e+00 -3.803349e+01
    endloop
  endfacet
  facet normal 6.087614e-01 -0.000000e+00 7.933533e-01
    outer loop
      vertex   5.787500e+01 -6.923077e+00 -3.803349e+01
      vertex   5.792678e+01 -5.538462e+00 -3.807322e+01
      vertex   5.787500e+01 -5.538462e+00 -3.803349e+01
    endloop
  endfacet
  facet normal 3.826834e-01 -0.000000e+00 9.238795e-01
    outer loop
      vertex   5.787500e+01 -6.923077e+00 -3.803349e+01
      vertex   5.787500e+01 -5.538462e+00 -3.803349e+01
      vertex   5.781470e+01 -6.923077e+00 -3.800852e+01
    endloop
  endfacet
  facet normal 3.826834e-01 -0.000000e+00 9.238795e-01
    outer loop
      vertex   5.781470e+01 -6.923077e+00 -3.800852e+01
      vertex   5.787500e+01 -5.538462e+00 -3.803349e+01
      vertex   5.781470e+01 -5.538462e+00 -3.800852e+01
    endloop
  endfacet
  facet normal 1.305262e-01 -0.000000e+00 9.914449e-01
    outer loop
      vertex   5.781470e+01 -6.923077e+00 -3.800852e+01
      vertex   5.781470e+01 -5.538462e+00 -3.800852e+01
      vertex   5.775000e+01 -1.775000e+01 -3.800000e+01
    endloop
  endfacet
  facet normal 1.305262e-01 0.000000e+00 9.914449e-01
    outer loop
      vertex   5.775000e+01 -1.775000e+01 -3.800000e+01
      vertex   5.781470e+01 -5.538462e+00 -3.800852e+01
      vertex   5.781470e+01 -4.153846e+00 -3.800852e+01
    endloop
  endfacet
  facet normal 1.305262e-01 1.340191e-15 9.914449e-01
    outer loop
      vertex   5.775000e+01 -1.775000e+01 -3.800000e+01
      vertex   5.781470e+01 -4.153846e+00 -3.800852e+01
      vertex   5.781470e+01 -2.769231e+00 -3.800852e+01
    endloop
  endfacet
  facet normal 3.826834e-01 3.927631e-15 9.238795e-01
    outer loop
      vertex   5.781470e+01 -2.769231e+00 -3.800852e+01
      vertex   5.781470e+01 -4.153846e+00 -3.800852e+01
      vertex   5.787500e+01 -2.769231e+00 -3.803349e+01
    endloop
  endfacet
  facet normal 3.826834e-01 0.000000e+00 9.238795e-01
    outer loop
      vertex   5.781470e+01 -2.769231e+00 -3.800852e+01
      vertex   5.787500e+01 -2.769231e+00 -3.803349e+01
      vertex   5.787500e+01 -1.384615e+00 -3.803349e+01
    endloop
  endfacet
  facet normal 6.087614e-01 0.000000e+00 7.933533e-01
    outer loop
      vertex   5.787500e+01 -1.384615e+00 -3.803349e+01
      vertex   5.787500e+01 -2.769231e+00 -3.803349e+01
      vertex   5.792678e+01 -1.384615e+00 -3.807322e+01
    endloop
  endfacet
  facet normal 6.087614e-01 0.000000e+00 7.933533e-01
    outer loop
      vertex   5.787500e+01 -1.384615e+00 -3.803349e+01
      vertex   5.792678e+01 -1.384615e+00 -3.807322e+01
      vertex   5.792678e+01 -2.886580e-14 -3.807322e+01
    endloop
  endfacet
  facet normal 7.933533e-01 0.000000e+00 6.087614e-01
    outer loop
      vertex   5.792678e+01 -2.886580e-14 -3.807322e+01
      vertex   5.792678e+01 -1.384615e+00 -3.807322e+01
      vertex   5.796651e+01 -2.886580e-14 -3.812500e+01
    endloop
  endfacet
  facet normal 7.933533e-01 0.000000e+00 6.087614e-01
    outer loop
      vertex   5.792678e+01 -2.886580e-14 -3.807322e+01
      vertex   5.796651e+01 -2.886580e-14 -3.812500e+01
      vertex   5.796651e+01 1.384615e+00 -3.812500e+01
    endloop
  endfacet
  facet normal 9.238795e-01 0.000000e+00 3.826834e-01
    outer loop
      vertex   5.796651e+01 1.384615e+00 -3.812500e+01
      vertex   5.796651e+01 -2.886580e-14 -3.812500e+01
      vertex   5.799148e+01 1.384615e+00 -3.818530e+01
    endloop
  endfacet
  facet normal 9.238795e-01 0.000000e+00 3.826834e-01
    outer loop
      vertex   5.796651e+01 1.384615e+00 -3.812500e+01
      vertex   5.799148e+01 1.384615e+00 -3.818530e+01
      vertex   5.799148e+01 2.769231e+00 -3.818530e+01
    endloop
  endfacet
  facet normal 9.914449e-01 0.000000e+00 1.305262e-01
    outer loop
      vertex   5.799148e+01 2.769231e+00 -3.818530e+01
      vertex   5.799148e+01 1.384615e+00 -3.818530e+01
      vertex   5.800000e+01 1.800000e+01 -3.825000e+01
    endloop
  endfacet
  facet normal 9.914449e-01 -0.000000e+00 1.305262e-01
    outer loop
      vertex   5.799148e+01 2.769231e+00 -3.818530e+01
      vertex   5.800000e+01 1.800000e+01 -3.825000e+01
      vertex   5.799148e+01 4.153846e+00 -3.818530e+01
    endloop
  endfacet
  facet normal 9.914449e-01 -0.000000e+00 1.305262e-01
    outer loop
      vertex   5.799148e+01 4.153846e+00 -3.818530e+01
      vertex   5.800000e+01 1.800000e+01 -3.825000e+01
      vertex   5.799148e+01 5.538462e+00 -3.818530e+01
    endloop
  endfacet
  facet normal 9.238795e-01 -0.000000e+00 3.826834e-01
    outer loop
      vertex   5.799148e+01 4.153846e+00 -3.818530e+01
      vertex   5.799148e+01 5.538462e+00 -3.818530e+01
      vertex   5.796651e+01 4.153846e+00 -3.812500e+01
    endloop
  endfacet
  facet normal 9.238795e-01 -0.000000e+00 3.826834e-01
    outer loop
      vertex   5.796651e+01 4.153846e+00 -3.812500e+01
      vertex   5.799148e+01 5.538462e+00 -3.818530e+01
      vertex   5.796651e+01 5.538462e+00 -3.812500e+01
    endloop
  endfacet
  facet normal 7.933533e-01 -0.000000e+00 6.087614e-01
    outer loop
      vertex   5.796651e+01 4.153846e+00 -3.812500e+01
      vertex   5.796651e+01 5.538462e+00 -3.812500e+01
      vertex   5.792678e+01 4.153846e+00 -3.807322e+01
    endloop
  endfacet
  facet normal 7.933533e-01 -0.000000e+00 6.087614e-01
    outer loop
      vertex   5.792678e+01 4.153846e+00 -3.807322e+01
      vertex   5.796651e+01 5.538462e+00 -3.812500e+01
      vertex   5.792678e+01 5.538462e+00 -3.807322e+01
    endloop
  endfacet
  facet normal 6.087614e-01 -0.000000e+00 7.933533e-01
    outer loop
      vertex   5.792678e+01 4.153846e+00 -3.807322e+01
      vertex   5.792678e+01 5.538462e+00 -3.807322e+01
      vertex   5.787500e+01 4.153846e+00 -3.803349e+01
    endloop
  endfacet
  facet normal 6.087614e-01 -0.000000e+00 7.933533e-01
    outer loop
      vertex   5.787500e+01 4.153846e+00 -3.803349e+01
      vertex   5.792678e+01 5.538462e+00 -3.807322e+01
      vertex   5.787500e+01 5.538462e+00 -3.803349e+01
    endloop
  endfacet
  facet normal 3.826834e-01 -0.000000e+00 9.238795e-01
    outer loop
      vertex   5.787500e+01 4.153846e+00 -3.803349e+01
      vertex   5.787500e+01 5.538462e+00 -3.803349e+01
      vertex   5.781470e+01 4.153846e+00 -3.800852e+01
    endloop
  endfacet
  facet normal 3.826834e-01 -0.000000e+00 9.238795e-01
    outer loop
      vertex   5.781470e+01 4.153846e+00 -3.800852e+01
      vertex   5.787500e+01 5.538462e+00 -3.803349e+01
      vertex   5.781470e+01 5.538462e+00 -3.800852e+01
    endloop
  endfacet
  facet normal 1.305262e-01 -0.000000e+00 9.914449e-01
    outer loop
      vertex   5.781470e+01 4.153846e+00 -3.800852e+01
      vertex   5.781470e+01 5.538462e+00 -3.800852e+01
      vertex   5.775000e+01 -1.775000e+01 -3.800000e+01
    endloop
  endfacet
  facet normal 2.894673e-01 -8.923735e-04 9.571875e-01
    outer loop
      vertex   5.779877e+01 -1.779877e+01 -3.800480e+01
      vertex   5.784567e+01 -1.784567e+01 -3.801903e+01
      vertex   5.781470e+01 -1.661538e+01 -3.800852e+01
    endloop
  endfacet
  facet normal 3.826829e-01 1.738442e-03 9.238781e-01
    outer loop
      vertex   5.781470e+01 -1.661538e+01 -3.800852e+01
      vertex   5.784567e+01 -1.784567e+01 -3.801903e+01
      vertex   5.787500e+01 -1.661538e+01 -3.803349e+01
    endloop
  endfacet
  facet normal 3.826834e-01 0.000000e+00 9.238795e-01
    outer loop
      vertex   5.781470e+01 -1.661538e+01 -3.800852e+01
      vertex   5.787500e+01 -1.661538e+01 -3.803349e+01
      vertex   5.787500e+01 -1.523077e+01 -3.803349e+01
    endloop
  endfacet
  facet normal 6.087614e-01 0.000000e+00 7.933533e-01
    outer loop
      vertex   5.787500e+01 -1.523077e+01 -3.803349e+01
      vertex   5.787500e+01 -1.661538e+01 -3.803349e+01
      vertex   5.792678e+01 -1.523077e+01 -3.807322e+01
    endloop
  endfacet
  facet normal 6.087614e-01 3.124312e-15 7.933533e-01
    outer loop
      vertex   5.787500e+01 -1.523077e+01 -3.803349e+01
      vertex   5.792678e+01 -1.523077e+01 -3.807322e+01
      vertex   5.792678e+01 -1.384615e+01 -3.807322e+01
    endloop
  endfacet
  facet normal 7.933533e-01 4.071249e-15 6.087614e-01
    outer loop
      vertex   5.792678e+01 -1.384615e+01 -3.807322e+01
      vertex   5.792678e+01 -1.523077e+01 -3.807322e+01
      vertex   5.796651e+01 -1.384615e+01 -3.812500e+01
    endloop
  endfacet
  facet normal 7.933533e-01 0.000000e+00 6.087614e-01
    outer loop
      vertex   5.792678e+01 -1.384615e+01 -3.807322e+01
      vertex   5.796651e+01 -1.384615e+01 -3.812500e+01
      vertex   5.796651e+01 -1.246154e+01 -3.812500e+01
    endloop
  endfacet
  facet normal 9.238795e-01 0.000000e+00 3.826834e-01
    outer loop
      vertex   5.796651e+01 -1.246154e+01 -3.812500e+01
      vertex   5.796651e+01 -1.384615e+01 -3.812500e+01
      vertex   5.799148e+01 -1.246154e+01 -3.818530e+01
    endloop
  endfacet
  facet normal 9.238795e-01 0.000000e+00 3.826834e-01
    outer loop
      vertex   5.796651e+01 -1.246154e+01 -3.812500e+01
      vertex   5.799148e+01 -1.246154e+01 -3.818530e+01
      vertex   5.799148e+01 -1.107692e+01 -3.818530e+01
    endloop
  endfacet
  facet normal 9.838460e-01 0.000000e+00 1.790169e-01
    outer loop
      vertex   5.799148e+01 -1.107692e+01 -3.818530e+01
      vertex   5.799148e+01 -1.246154e+01 -3.818530e+01
      vertex   5.799880e+01 -1.799880e+01 -3.822550e+01
    endloop
  endfacet
  facet normal 9.838460e-01 -0.000000e+00 1.790169e-01
    outer loop
      vertex   5.799148e+01 -1.107692e+01 -3.818530e+01
      vertex   5.799880e+01 -1.799880e+01 -3.822550e+01
      vertex   5.799148e+01 -9.692308e+00 -3.818530e+01
    endloop
  endfacet
  facet normal 4.707355e-01 -8.497777e-04 8.822740e-01
    outer loop
      vertex   5.784567e+01 -1.784567e+01 -3.801903e+01
      vertex   5.788889e+01 -1.788889e+01 -3.804213e+01
      vertex   5.787500e+01 -1.661538e+01 -3.803349e+01
    endloop
  endfacet
  facet normal 6.087609e-01 1.259132e-03 7.933527e-01
    outer loop
      vertex   5.787500e+01 -1.661538e+01 -3.803349e+01
      vertex   5.788889e+01 -1.788889e+01 -3.804213e+01
      vertex   5.792678e+01 -1.661538e+01 -3.807322e+01
    endloop
  endfacet
  facet normal 6.087614e-01 0.000000e+00 7.933533e-01
    outer loop
      vertex   5.787500e+01 -1.661538e+01 -3.803349e+01
      vertex   5.792678e+01 -1.661538e+01 -3.807322e+01
      vertex   5.792678e+01 -1.523077e+01 -3.807322e+01
    endloop
  endfacet
  facet normal 7.933533e-01 0.000000e+00 6.087614e-01
    outer loop
      vertex   5.792678e+01 -1.523077e+01 -3.807322e+01
      vertex   5.792678e+01 -1.661538e+01 -3.807322e+01
      vertex   5.796651e+01 -1.523077e+01 -3.812500e+01
    endloop
  endfacet
  facet normal 7.933533e-01 4.069765e-15 6.087614e-01
    outer loop
      vertex   5.792678e+01 -1.523077e+01 -3.807322e+01
      vertex   5.796651e+01 -1.523077e+01 -3.812500e+01
      vertex   5.796651e+01 -1.384615e+01 -3.812500e+01
    endloop
  endfacet
  facet normal 9.238795e-01 4.741070e-15 3.826834e-01
    outer loop
      vertex   5.796651e+01 -1.384615e+01 -3.812500e+01
      vertex   5.796651e+01 -1.523077e+01 -3.812500e+01
      vertex   5.799148e+01 -1.384615e+01 -3.818530e+01
    endloop
  endfacet
  facet normal 9.238795e-01 0.000000e+00 3.826834e-01
    outer loop
      vertex   5.796651e+01 -1.384615e+01 -3.812500e+01
      vertex   5.799148e+01 -1.384615e+01 -3.818530e+01
      vertex   5.799148e+01 -1.246154e+01 -3.818530e+01
    endloop
  endfacet
  facet normal 9.838460e-01 0.000000e+00 1.790169e-01
    outer loop
      vertex   5.799148e+01 -1.246154e+01 -3.818530e+01
      vertex   5.799148e+01 -1.384615e+01 -3.818530e+01
      vertex   5.799880e+01 -1.799880e+01 -3.822550e+01
    endloop
  endfacet
  facet normal 6.343933e-01 0.000000e+00 7.730105e-01
    outer loop
      vertex   5.788889e+01 -1.788889e+01 -3.804213e+01
      vertex   5.792678e+01 -1.792678e+01 -3.807322e+01
      vertex   5.792678e+01 -1.661538e+01 -3.807322e+01
    endloop
  endfacet
  facet normal 7.730105e-01 0.000000e+00 6.343933e-01
    outer loop
      vertex   5.792678e+01 -1.661538e+01 -3.807322e+01
      vertex   5.792678e+01 -1.792678e+01 -3.807322e+01
      vertex   5.795787e+01 -1.795787e+01 -3.811111e+01
    endloop
  endfacet
  facet normal 7.933528e-01 1.194439e-03 6.087610e-01
    outer loop
      vertex   5.792678e+01 -1.661538e+01 -3.807322e+01
      vertex   5.795787e+01 -1.795787e+01 -3.811111e+01
      vertex   5.796651e+01 -1.661538e+01 -3.812500e+01
    endloop
  endfacet
  facet normal 8.817448e-01 -7.924620e-04 4.717260e-01
    outer loop
      vertex   5.796651e+01 -1.661538e+01 -3.812500e+01
      vertex   5.795787e+01 -1.795787e+01 -3.811111e+01
      vertex   5.798097e+01 -1.798097e+01 -3.815433e+01
    endloop
  endfacet
  facet normal 9.238784e-01 1.566202e-03 3.826830e-01
    outer loop
      vertex   5.796651e+01 -1.661538e+01 -3.812500e+01
      vertex   5.798097e+01 -1.798097e+01 -3.815433e+01
      vertex   5.799148e+01 -1.661538e+01 -3.818530e+01
    endloop
  endfacet
  facet normal 9.568745e-01 -7.781150e-04 2.905007e-01
    outer loop
      vertex   5.799148e+01 -1.661538e+01 -3.818530e+01
      vertex   5.798097e+01 -1.798097e+01 -3.815433e+01
      vertex   5.799520e+01 -1.799520e+01 -3.820123e+01
    endloop
  endfacet
  facet normal 9.891969e-01 9.705967e-04 1.465895e-01
    outer loop
      vertex   5.799148e+01 -1.661538e+01 -3.818530e+01
      vertex   5.799520e+01 -1.799520e+01 -3.820123e+01
      vertex   5.799880e+01 -1.799880e+01 -3.822550e+01
    endloop
  endfacet
  facet normal 9.987955e-01 7.885410e-16 4.906767e-02
    outer loop
      vertex   5.800000e+01 -1.800000e+01 -3.825000e+01
      vertex   5.800000e+01 1.800000e+01 -3.825000e+01
      vertex   5.799880e+01 -1.799880e+01 -3.822550e+01
    endloop
  endfacet
  facet normal 9.882408e-01 7.103512e-05 1.529055e-01
    outer loop
      vertex   5.799880e+01 -1.799880e+01 -3.822550e+01
      vertex   5.800000e+01 1.800000e+01 -3.825000e+01
      vertex   5.799148e+01 -2.769231e+00 -3.818530e+01
    endloop
  endfacet
  facet normal 9.838460e-01 5.048650e-15 1.790169e-01
    outer loop
      vertex   5.799880e+01 -1.799880e+01 -3.822550e+01
      vertex   5.799148e+01 -2.769231e+00 -3.818530e+01
      vertex   5.799148e+01 -4.153846e+00 -3.818530e+01
    endloop
  endfacet
  facet normal 9.238795e-01 4.741070e-15 3.826834e-01
    outer loop
      vertex   5.799148e+01 -4.153846e+00 -3.818530e+01
      vertex   5.799148e+01 -2.769231e+00 -3.818530e+01
      vertex   5.796651e+01 -4.153846e+00 -3.812500e+01
    endloop
  endfacet
  facet normal 9.238795e-01 0.000000e+00 3.826834e-01
    outer loop
      vertex   5.799148e+01 -4.153846e+00 -3.818530e+01
      vertex   5.796651e+01 -4.153846e+00 -3.812500e+01
      vertex   5.796651e+01 -5.538462e+00 -3.812500e+01
    endloop
  endfacet
  facet normal 7.933533e-01 -0.000000e+00 6.087614e-01
    outer loop
      vertex   5.796651e+01 -5.538462e+00 -3.812500e+01
      vertex   5.796651e+01 -4.153846e+00 -3.812500e+01
      vertex   5.792678e+01 -5.538462e+00 -3.807322e+01
    endloop
  endfacet
  facet normal 3.826834e-01 1.963816e-15 9.238795e-01
    outer loop
      vertex   5.787500e+01 -1.384615e+01 -3.803349e+01
      vertex   5.781470e+01 -1.523077e+01 -3.800852e+01
      vertex   5.787500e+01 -1.523077e+01 -3.803349e+01
    endloop
  endfacet
  facet normal 3.826834e-01 0.000000e+00 9.238795e-01
    outer loop
      vertex   5.787500e+01 -1.523077e+01 -3.803349e+01
      vertex   5.781470e+01 -1.523077e+01 -3.800852e+01
      vertex   5.781470e+01 -1.661538e+01 -3.800852e+01
    endloop
  endfacet
  facet normal 1.305262e-01 -0.000000e+00 9.914449e-01
    outer loop
      vertex   5.781470e+01 -1.384615e+01 -3.800852e+01
      vertex   5.781470e+01 -1.246154e+01 -3.800852e+01
      vertex   5.775000e+01 -1.775000e+01 -3.800000e+01
    endloop
  endfacet
  facet normal 1.305262e-01 0.000000e+00 9.914449e-01
    outer loop
      vertex   5.775000e+01 -1.775000e+01 -3.800000e+01
      vertex   5.781470e+01 -1.246154e+01 -3.800852e+01
      vertex   5.781470e+01 -1.107692e+01 -3.800852e+01
    endloop
  endfacet
  facet normal 1.305262e-01 0.000000e+00 9.914449e-01
    outer loop
      vertex   5.775000e+01 -1.775000e+01 -3.800000e+01
      vertex   5.781470e+01 -1.107692e+01 -3.800852e+01
      vertex   5.781470e+01 -9.692308e+00 -3.800852e+01
    endloop
  endfacet
  facet normal 3.826834e-01 0.000000e+00 9.238795e-01
    outer loop
      vertex   5.781470e+01 -9.692308e+00 -3.800852e+01
      vertex   5.781470e+01 -1.107692e+01 -3.800852e+01
      vertex   5.787500e+01 -9.692308e+00 -3.803349e+01
    endloop
  endfacet
  facet normal 3.826834e-01 0.000000e+00 9.238795e-01
    outer loop
      vertex   5.781470e+01 -9.692308e+00 -3.800852e+01
      vertex   5.787500e+01 -9.692308e+00 -3.803349e+01
      vertex   5.787500e+01 -8.307692e+00 -3.803349e+01
    endloop
  endfacet
  facet normal 6.087614e-01 0.000000e+00 7.933533e-01
    outer loop
      vertex   5.787500e+01 -8.307692e+00 -3.803349e+01
      vertex   5.787500e+01 -9.692308e+00 -3.803349e+01
      vertex   5.792678e+01 -8.307692e+00 -3.807322e+01
    endloop
  endfacet
  facet normal 6.087614e-01 0.000000e+00 7.933533e-01
    outer loop
      vertex   5.787500e+01 -8.307692e+00 -3.803349e+01
      vertex   5.792678e+01 -8.307692e+00 -3.807322e+01
      vertex   5.792678e+01 -6.923077e+00 -3.807322e+01
    endloop
  endfacet
  facet normal 7.933533e-01 0.000000e+00 6.087614e-01
    outer loop
      vertex   5.792678e+01 -6.923077e+00 -3.807322e+01
      vertex   5.792678e+01 -8.307692e+00 -3.807322e+01
      vertex   5.796651e+01 -6.923077e+00 -3.812500e+01
    endloop
  endfacet
  facet normal 3.826834e-01 -0.000000e+00 9.238795e-01
    outer loop
      vertex   5.781470e+01 -1.384615e+01 -3.800852e+01
      vertex   5.787500e+01 -1.246154e+01 -3.803349e+01
      vertex   5.781470e+01 -1.246154e+01 -3.800852e+01
    endloop
  endfacet
  facet normal 3.826834e-01 0.000000e+00 9.238795e-01
    outer loop
      vertex   5.781470e+01 -1.246154e+01 -3.800852e+01
      vertex   5.787500e+01 -1.246154e+01 -3.803349e+01
      vertex   5.787500e+01 -1.107692e+01 -3.803349e+01
    endloop
  endfacet
  facet normal 3.826834e-01 -0.000000e+00 9.238795e-01
    outer loop
      vertex   5.781470e+01 -1.246154e+01 -3.800852e+01
      vertex   5.787500e+01 -1.107692e+01 -3.803349e+01
      vertex   5.781470e+01 -1.107692e+01 -3.800852e+01
    endloop
  endfacet
  facet normal 3.826834e-01 0.000000e+00 9.238795e-01
    outer loop
      vertex   5.781470e+01 -1.107692e+01 -3.800852e+01
      vertex   5.787500e+01 -1.107692e+01 -3.803349e+01
      vertex   5.787500e+01 -9.692308e+00 -3.803349e+01
    endloop
  endfacet
  facet normal 1.305262e-01 0.000000e+00 9.914449e-01
    outer loop
      vertex   5.781470e+01 -6.923077e+00 -3.800852e+01
      vertex   5.775000e+01 -1.775000e+01 -3.800000e+01
      vertex   5.781470e+01 -8.307692e+00 -3.800852e+01
    endloop
  endfacet
  facet normal 1.305262e-01 0.000000e+00 9.914449e-01
    outer loop
      vertex   5.781470e+01 -8.307692e+00 -3.800852e+01
      vertex   5.775000e+01 -1.775000e+01 -3.800000e+01
      vertex   5.781470e+01 -9.692308e+00 -3.800852e+01
    endloop
  endfacet
  facet normal 3.826834e-01 0.000000e+00 9.238795e-01
    outer loop
      vertex   5.781470e+01 -8.307692e+00 -3.800852e+01
      vertex   5.781470e+01 -9.692308e+00 -3.800852e+01
      vertex   5.787500e+01 -8.307692e+00 -3.803349e+01
    endloop
  endfacet
  facet normal 3.826834e-01 0.000000e+00 9.238795e-01
    outer loop
      vertex   5.787500e+01 -6.923077e+00 -3.803349e+01
      vertex   5.781470e+01 -6.923077e+00 -3.800852e+01
      vertex   5.781470e+01 -8.307692e+00 -3.800852e+01
    endloop
  endfacet
  facet normal 3.826834e-01 0.000000e+00 9.238795e-01
    outer loop
      vertex   5.787500e+01 -6.923077e+00 -3.803349e+01
      vertex   5.781470e+01 -8.307692e+00 -3.800852e+01
      vertex   5.787500e+01 -8.307692e+00 -3.803349e+01
    endloop
  endfacet
  facet normal 3.826834e-01 0.000000e+00 9.238795e-01
    outer loop
      vertex   5.781470e+01 -4.153846e+00 -3.800852e+01
      vertex   5.781470e+01 -5.538462e+00 -3.800852e+01
      vertex   5.787500e+01 -4.153846e+00 -3.803349e+01
    endloop
  endfacet
  facet normal 3.826834e-01 0.000000e+00 9.238795e-01
    outer loop
      vertex   5.787500e+01 -4.153846e+00 -3.803349e+01
      vertex   5.781470e+01 -5.538462e+00 -3.800852e+01
      vertex   5.787500e+01 -5.538462e+00 -3.803349e+01
    endloop
  endfacet
  facet normal 6.087614e-01 0.000000e+00 7.933533e-01
    outer loop
      vertex   5.787500e+01 -4.153846e+00 -3.803349e+01
      vertex   5.787500e+01 -5.538462e+00 -3.803349e+01
      vertex   5.792678e+01 -4.153846e+00 -3.807322e+01
    endloop
  endfacet
  facet normal 6.087614e-01 0.000000e+00 7.933533e-01
    outer loop
      vertex   5.792678e+01 -4.153846e+00 -3.807322e+01
      vertex   5.787500e+01 -5.538462e+00 -3.803349e+01
      vertex   5.792678e+01 -5.538462e+00 -3.807322e+01
    endloop
  endfacet
  facet normal 7.933533e-01 0.000000e+00 6.087614e-01
    outer loop
      vertex   5.792678e+01 -4.153846e+00 -3.807322e+01
      vertex   5.792678e+01 -5.538462e+00 -3.807322e+01
      vertex   5.796651e+01 -4.153846e+00 -3.812500e+01
    endloop
  endfacet
  facet normal 1.305262e-01 -0.000000e+00 9.914449e-01
    outer loop
      vertex   5.781470e+01 -2.769231e+00 -3.800852e+01
      vertex   5.781470e+01 -1.384615e+00 -3.800852e+01
      vertex   5.775000e+01 -1.775000e+01 -3.800000e+01
    endloop
  endfacet
  facet normal 1.305262e-01 0.000000e+00 9.914449e-01
    outer loop
      vertex   5.775000e+01 -1.775000e+01 -3.800000e+01
      vertex   5.781470e+01 -1.384615e+00 -3.800852e+01
      vertex   5.781470e+01 -2.886580e-14 -3.800852e+01
    endloop
  endfacet
  facet normal 1.305262e-01 0.000000e+00 9.914449e-01
    outer loop
      vertex   5.775000e+01 -1.775000e+01 -3.800000e+01
      vertex   5.781470e+01 -2.886580e-14 -3.800852e+01
      vertex   5.781470e+01 1.384615e+00 -3.800852e+01
    endloop
  endfacet
  facet normal 3.826834e-01 0.000000e+00 9.238795e-01
    outer loop
      vertex   5.781470e+01 1.384615e+00 -3.800852e+01
      vertex   5.781470e+01 -2.886580e-14 -3.800852e+01
      vertex   5.787500e+01 1.384615e+00 -3.803349e+01
    endloop
  endfacet
  facet normal 3.826834e-01 0.000000e+00 9.238795e-01
    outer loop
      vertex   5.781470e+01 1.384615e+00 -3.800852e+01
      vertex   5.787500e+01 1.384615e+00 -3.803349e+01
      vertex   5.787500e+01 2.769231e+00 -3.803349e+01
    endloop
  endfacet
  facet normal 6.087614e-01 0.000000e+00 7.933533e-01
    outer loop
      vertex   5.787500e+01 2.769231e+00 -3.803349e+01
      vertex   5.787500e+01 1.384615e+00 -3.803349e+01
      vertex   5.792678e+01 2.769231e+00 -3.807322e+01
    endloop
  endfacet
  facet normal 6.087614e-01 0.000000e+00 7.933533e-01
    outer loop
      vertex   5.787500e+01 2.769231e+00 -3.803349e+01
      vertex   5.792678e+01 2.769231e+00 -3.807322e+01
      vertex   5.792678e+01 4.153846e+00 -3.807322e+01
    endloop
  endfacet
  facet normal 7.933533e-01 0.000000e+00 6.087614e-01
    outer loop
      vertex   5.792678e+01 4.153846e+00 -3.807322e+01
      vertex   5.792678e+01 2.769231e+00 -3.807322e+01
      vertex   5.796651e+01 4.153846e+00 -3.812500e+01
    endloop
  endfacet
  facet normal 3.826834e-01 -0.000000e+00 9.238795e-01
    outer loop
      vertex   5.781470e+01 -2.769231e+00 -3.800852e+01
      vertex   5.787500e+01 -1.384615e+00 -3.803349e+01
      vertex   5.781470e+01 -1.384615e+00 -3.800852e+01
    endloop
  endfacet
  facet normal 3.826834e-01 0.000000e+00 9.238795e-01
    outer loop
      vertex   5.781470e+01 -1.384615e+00 -3.800852e+01
      vertex   5.787500e+01 -1.384615e+00 -3.803349e+01
      vertex   5.787500e+01 -2.886580e-14 -3.803349e+01
    endloop
  endfacet
  facet normal 3.826834e-01 -0.000000e+00 9.238795e-01
    outer loop
      vertex   5.781470e+01 -1.384615e+00 -3.800852e+01
      vertex   5.787500e+01 -2.886580e-14 -3.803349e+01
      vertex   5.781470e+01 -2.886580e-14 -3.800852e+01
    endloop
  endfacet
  facet normal 3.826834e-01 0.000000e+00 9.238795e-01
    outer loop
      vertex   5.781470e+01 -2.886580e-14 -3.800852e+01
      vertex   5.787500e+01 -2.886580e-14 -3.803349e+01
      vertex   5.787500e+01 1.384615e+00 -3.803349e+01
    endloop
  endfacet
  facet normal 1.305262e-01 0.000000e+00 9.914449e-01
    outer loop
      vertex   5.781470e+01 4.153846e+00 -3.800852e+01
      vertex   5.775000e+01 -1.775000e+01 -3.800000e+01
      vertex   5.781470e+01 2.769231e+00 -3.800852e+01
    endloop
  endfacet
  facet normal 1.305262e-01 0.000000e+00 9.914449e-01
    outer loop
      vertex   5.781470e+01 2.769231e+00 -3.800852e+01
      vertex   5.775000e+01 -1.775000e+01 -3.800000e+01
      vertex   5.781470e+01 1.384615e+00 -3.800852e+01
    endloop
  endfacet
  facet normal 3.826834e-01 0.000000e+00 9.238795e-01
    outer loop
      vertex   5.781470e+01 2.769231e+00 -3.800852e+01
      vertex   5.781470e+01 1.384615e+00 -3.800852e+01
      vertex   5.787500e+01 2.769231e+00 -3.803349e+01
    endloop
  endfacet
  facet normal 3.826834e-01 0.000000e+00 9.238795e-01
    outer loop
      vertex   5.787500e+01 4.153846e+00 -3.803349e+01
      vertex   5.781470e+01 4.153846e+00 -3.800852e+01
      vertex   5.781470e+01 2.769231e+00 -3.800852e+01
    endloop
  endfacet
  facet normal 3.826834e-01 0.000000e+00 9.238795e-01
    outer loop
      vertex   5.787500e+01 4.153846e+00 -3.803349e+01
      vertex   5.781470e+01 2.769231e+00 -3.800852e+01
      vertex   5.787500e+01 2.769231e+00 -3.803349e+01
    endloop
  endfacet
  facet normal 3.826834e-01 0.000000e+00 9.238795e-01
    outer loop
      vertex   5.787500e+01 6.923077e+00 -3.803349e+01
      vertex   5.781470e+01 5.538462e+00 -3.800852e+01
      vertex   5.787500e+01 5.538462e+00 -3.803349e+01
    endloop
  endfacet
  facet normal 2.270763e-01 -0.000000e+00 9.738770e-01
    outer loop
      vertex   5.781470e+01 6.923077e+00 -3.800852e+01
      vertex   5.781470e+01 8.307692e+00 -3.800852e+01
      vertex   5.779877e+01 1.779877e+01 -3.800480e+01
    endloop
  endfacet
  facet normal 2.270763e-01 1.165192e-15 9.738770e-01
    outer loop
      vertex   5.779877e+01 1.779877e+01 -3.800480e+01
      vertex   5.781470e+01 8.307692e+00 -3.800852e+01
      vertex   5.781470e+01 9.692308e+00 -3.800852e+01
    endloop
  endfacet
  facet normal 2.270763e-01 0.000000e+00 9.738770e-01
    outer loop
      vertex   5.779877e+01 1.779877e+01 -3.800480e+01
      vertex   5.781470e+01 9.692308e+00 -3.800852e+01
      vertex   5.781470e+01 1.107692e+01 -3.800852e+01
    endloop
  endfacet
  facet normal 3.826834e-01 0.000000e+00 9.238795e-01
    outer loop
      vertex   5.781470e+01 1.107692e+01 -3.800852e+01
      vertex   5.781470e+01 9.692308e+00 -3.800852e+01
      vertex   5.787500e+01 1.107692e+01 -3.803349e+01
    endloop
  endfacet
  facet normal 3.826834e-01 0.000000e+00 9.238795e-01
    outer loop
      vertex   5.781470e+01 1.107692e+01 -3.800852e+01
      vertex   5.787500e+01 1.107692e+01 -3.803349e+01
      vertex   5.787500e+01 1.246154e+01 -3.803349e+01
    endloop
  endfacet
  facet normal 6.087614e-01 0.000000e+00 7.933533e-01
    outer loop
      vertex   5.787500e+01 1.246154e+01 -3.803349e+01
      vertex   5.787500e+01 1.107692e+01 -3.803349e+01
      vertex   5.792678e+01 1.246154e+01 -3.807322e+01
    endloop
  endfacet
  facet normal 6.087614e-01 0.000000e+00 7.933533e-01
    outer loop
      vertex   5.787500e+01 1.246154e+01 -3.803349e+01
      vertex   5.792678e+01 1.246154e+01 -3.807322e+01
      vertex   5.792678e+01 1.384615e+01 -3.807322e+01
    endloop
  endfacet
  facet normal 7.933533e-01 0.000000e+00 6.087614e-01
    outer loop
      vertex   5.792678e+01 1.384615e+01 -3.807322e+01
      vertex   5.792678e+01 1.246154e+01 -3.807322e+01
      vertex   5.796651e+01 1.384615e+01 -3.812500e+01
    endloop
  endfacet
  facet normal 3.826834e-01 -0.000000e+00 9.238795e-01
    outer loop
      vertex   5.781470e+01 6.923077e+00 -3.800852e+01
      vertex   5.787500e+01 8.307692e+00 -3.803349e+01
      vertex   5.781470e+01 8.307692e+00 -3.800852e+01
    endloop
  endfacet
  facet normal 3.826834e-01 1.962894e-15 9.238795e-01
    outer loop
      vertex   5.781470e+01 8.307692e+00 -3.800852e+01
      vertex   5.787500e+01 8.307692e+00 -3.803349e+01
      vertex   5.787500e+01 9.692308e+00 -3.803349e+01
    endloop
  endfacet
  facet normal 3.826834e-01 1.963816e-15 9.238795e-01
    outer loop
      vertex   5.781470e+01 8.307692e+00 -3.800852e+01
      vertex   5.787500e+01 9.692308e+00 -3.803349e+01
      vertex   5.781470e+01 9.692308e+00 -3.800852e+01
    endloop
  endfacet
  facet normal 3.826834e-01 0.000000e+00 9.238795e-01
    outer loop
      vertex   5.781470e+01 9.692308e+00 -3.800852e+01
      vertex   5.787500e+01 9.692308e+00 -3.803349e+01
      vertex   5.787500e+01 1.107692e+01 -3.803349e+01
    endloop
  endfacet
  facet normal 2.270763e-01 0.000000e+00 9.738770e-01
    outer loop
      vertex   5.781470e+01 1.384615e+01 -3.800852e+01
      vertex   5.779877e+01 1.779877e+01 -3.800480e+01
      vertex   5.781470e+01 1.246154e+01 -3.800852e+01
    endloop
  endfacet
  facet normal 2.270763e-01 0.000000e+00 9.738770e-01
    outer loop
      vertex   5.781470e+01 1.246154e+01 -3.800852e+01
      vertex   5.779877e+01 1.779877e+01 -3.800480e+01
      vertex   5.781470e+01 1.107692e+01 -3.800852e+01
    endloop
  endfacet
  facet normal 3.826834e-01 0.000000e+00 9.238795e-01
    outer loop
      vertex   5.781470e+01 1.246154e+01 -3.800852e+01
      vertex   5.781470e+01 1.107692e+01 -3.800852e+01
      vertex   5.787500e+01 1.246154e+01 -3.803349e+01
    endloop
  endfacet
  facet normal 3.826834e-01 0.000000e+00 9.238795e-01
    outer loop
      vertex   5.787500e+01 1.384615e+01 -3.803349e+01
      vertex   5.781470e+01 1.384615e+01 -3.800852e+01
      vertex   5.781470e+01 1.246154e+01 -3.800852e+01
    endloop
  endfacet
  facet normal 3.826834e-01 0.000000e+00 9.238795e-01
    outer loop
      vertex   5.787500e+01 1.384615e+01 -3.803349e+01
      vertex   5.781470e+01 1.246154e+01 -3.800852e+01
      vertex   5.787500e+01 1.246154e+01 -3.803349e+01
    endloop
  endfacet
  facet normal 3.826834e-01 0.000000e+00 9.238795e-01
    outer loop
      vertex   5.787500e+01 1.661538e+01 -3.803349e+01
      vertex   5.781470e+01 1.661538e+01 -3.800852e+01
      vertex   5.781470e+01 1.523077e+01 -3.800852e+01
    endloop
  endfacet
  facet normal 3.826834e-01 0.000000e+00 9.238795e-01
    outer loop
      vertex   5.787500e+01 1.661538e+01 -3.803349e+01
      vertex   5.781470e+01 1.523077e+01 -3.800852e+01
      vertex   5.787500e+01 1.523077e+01 -3.803349e+01
    endloop
  endfacet
  facet normal 6.087614e-01 0.000000e+00 7.933533e-01
    outer loop
      vertex   5.792678e+01 -1.246154e+01 -3.807322e+01
      vertex   5.787500e+01 -1.384615e+01 -3.803349e+01
      vertex   5.792678e+01 -1.384615e+01 -3.807322e+01
    endloop
  endfacet
  facet normal 6.087614e-01 3.124312e-15 7.933533e-01
    outer loop
      vertex   5.792678e+01 -1.384615e+01 -3.807322e+01
      vertex   5.787500e+01 -1.384615e+01 -3.803349e+01
      vertex   5.787500e+01 -1.523077e+01 -3.803349e+01
    endloop
  endfacet
  facet normal 6.087614e-01 -0.000000e+00 7.933533e-01
    outer loop
      vertex   5.787500e+01 -1.246154e+01 -3.803349e+01
      vertex   5.792678e+01 -1.107692e+01 -3.807322e+01
      vertex   5.787500e+01 -1.107692e+01 -3.803349e+01
    endloop
  endfacet
  facet normal 6.087614e-01 0.000000e+00 7.933533e-01
    outer loop
      vertex   5.787500e+01 -1.107692e+01 -3.803349e+01
      vertex   5.792678e+01 -1.107692e+01 -3.807322e+01
      vertex   5.792678e+01 -9.692308e+00 -3.807322e+01
    endloop
  endfacet
  facet normal 6.087614e-01 -0.000000e+00 7.933533e-01
    outer loop
      vertex   5.787500e+01 -1.107692e+01 -3.803349e+01
      vertex   5.792678e+01 -9.692308e+00 -3.807322e+01
      vertex   5.787500e+01 -9.692308e+00 -3.803349e+01
    endloop
  endfacet
  facet normal 6.087614e-01 0.000000e+00 7.933533e-01
    outer loop
      vertex   5.787500e+01 -9.692308e+00 -3.803349e+01
      vertex   5.792678e+01 -9.692308e+00 -3.807322e+01
      vertex   5.792678e+01 -8.307692e+00 -3.807322e+01
    endloop
  endfacet
  facet normal 6.087614e-01 0.000000e+00 7.933533e-01
    outer loop
      vertex   5.792678e+01 -6.923077e+00 -3.807322e+01
      vertex   5.787500e+01 -6.923077e+00 -3.803349e+01
      vertex   5.787500e+01 -8.307692e+00 -3.803349e+01
    endloop
  endfacet
  facet normal 3.826834e-01 3.928187e-15 9.238795e-01
    outer loop
      vertex   5.781470e+01 -4.153846e+00 -3.800852e+01
      vertex   5.787500e+01 -4.153846e+00 -3.803349e+01
      vertex   5.787500e+01 -2.769231e+00 -3.803349e+01
    endloop
  endfacet
  facet normal 6.087614e-01 6.247959e-15 7.933533e-01
    outer loop
      vertex   5.787500e+01 -2.769231e+00 -3.803349e+01
      vertex   5.787500e+01 -4.153846e+00 -3.803349e+01
      vertex   5.792678e+01 -2.769231e+00 -3.807322e+01
    endloop
  endfacet
  facet normal 6.087614e-01 0.000000e+00 7.933533e-01
    outer loop
      vertex   5.787500e+01 -2.769231e+00 -3.803349e+01
      vertex   5.792678e+01 -2.769231e+00 -3.807322e+01
      vertex   5.792678e+01 -1.384615e+00 -3.807322e+01
    endloop
  endfacet
  facet normal 7.933533e-01 0.000000e+00 6.087614e-01
    outer loop
      vertex   5.792678e+01 -1.384615e+00 -3.807322e+01
      vertex   5.792678e+01 -2.769231e+00 -3.807322e+01
      vertex   5.796651e+01 -1.384615e+00 -3.812500e+01
    endloop
  endfacet
  facet normal 7.933533e-01 0.000000e+00 6.087614e-01
    outer loop
      vertex   5.792678e+01 -1.384615e+00 -3.807322e+01
      vertex   5.796651e+01 -1.384615e+00 -3.812500e+01
      vertex   5.796651e+01 -2.886580e-14 -3.812500e+01
    endloop
  endfacet
  facet normal 9.238795e-01 0.000000e+00 3.826834e-01
    outer loop
      vertex   5.796651e+01 -2.886580e-14 -3.812500e+01
      vertex   5.796651e+01 -1.384615e+00 -3.812500e+01
      vertex   5.799148e+01 -2.886580e-14 -3.818530e+01
    endloop
  endfacet
  facet normal 9.238795e-01 0.000000e+00 3.826834e-01
    outer loop
      vertex   5.796651e+01 -2.886580e-14 -3.812500e+01
      vertex   5.799148e+01 -2.886580e-14 -3.818530e+01
      vertex   5.799148e+01 1.384615e+00 -3.818530e+01
    endloop
  endfacet
  facet normal 9.914449e-01 0.000000e+00 1.305262e-01
    outer loop
      vertex   5.799148e+01 1.384615e+00 -3.818530e+01
      vertex   5.799148e+01 -2.886580e-14 -3.818530e+01
      vertex   5.800000e+01 1.800000e+01 -3.825000e+01
    endloop
  endfacet
  facet normal 6.087614e-01 3.123980e-15 7.933533e-01
    outer loop
      vertex   5.792678e+01 -2.769231e+00 -3.807322e+01
      vertex   5.787500e+01 -4.153846e+00 -3.803349e+01
      vertex   5.792678e+01 -4.153846e+00 -3.807322e+01
    endloop
  endfacet
  facet normal 6.087614e-01 -0.000000e+00 7.933533e-01
    outer loop
      vertex   5.787500e+01 -1.384615e+00 -3.803349e+01
      vertex   5.792678e+01 -2.886580e-14 -3.807322e+01
      vertex   5.787500e+01 -2.886580e-14 -3.803349e+01
    endloop
  endfacet
  facet normal 6.087614e-01 0.000000e+00 7.933533e-01
    outer loop
      vertex   5.787500e+01 -2.886580e-14 -3.803349e+01
      vertex   5.792678e+01 -2.886580e-14 -3.807322e+01
      vertex   5.792678e+01 1.384615e+00 -3.807322e+01
    endloop
  endfacet
  facet normal 6.087614e-01 -0.000000e+00 7.933533e-01
    outer loop
      vertex   5.787500e+01 -2.886580e-14 -3.803349e+01
      vertex   5.792678e+01 1.384615e+00 -3.807322e+01
      vertex   5.787500e+01 1.384615e+00 -3.803349e+01
    endloop
  endfacet
  facet normal 6.087614e-01 0.000000e+00 7.933533e-01
    outer loop
      vertex   5.787500e+01 1.384615e+00 -3.803349e+01
      vertex   5.792678e+01 1.384615e+00 -3.807322e+01
      vertex   5.792678e+01 2.769231e+00 -3.807322e+01
    endloop
  endfacet
  facet normal 6.087614e-01 0.000000e+00 7.933533e-01
    outer loop
      vertex   5.792678e+01 4.153846e+00 -3.807322e+01
      vertex   5.787500e+01 4.153846e+00 -3.803349e+01
      vertex   5.787500e+01 2.769231e+00 -3.803349e+01
    endloop
  endfacet
  facet normal 6.087614e-01 0.000000e+00 7.933533e-01
    outer loop
      vertex   5.787500e+01 6.923077e+00 -3.803349e+01
      vertex   5.787500e+01 5.538462e+00 -3.803349e+01
      vertex   5.792678e+01 6.923077e+00 -3.807322e+01
    endloop
  endfacet
  facet normal 6.087614e-01 0.000000e+00 7.933533e-01
    outer loop
      vertex   5.792678e+01 6.923077e+00 -3.807322e+01
      vertex   5.787500e+01 5.538462e+00 -3.803349e+01
      vertex   5.792678e+01 5.538462e+00 -3.807322e+01
    endloop
  endfacet
  facet normal 7.933533e-01 0.000000e+00 6.087614e-01
    outer loop
      vertex   5.792678e+01 6.923077e+00 -3.807322e+01
      vertex   5.792678e+01 5.538462e+00 -3.807322e+01
      vertex   5.796651e+01 6.923077e+00 -3.812500e+01
    endloop
  endfacet
  facet normal 7.933533e-01 0.000000e+00 6.087614e-01
    outer loop
      vertex   5.796651e+01 6.923077e+00 -3.812500e+01
      vertex   5.792678e+01 5.538462e+00 -3.807322e+01
      vertex   5.796651e+01 5.538462e+00 -3.812500e+01
    endloop
  endfacet
  facet normal 9.238795e-01 0.000000e+00 3.826834e-01
    outer loop
      vertex   5.796651e+01 6.923077e+00 -3.812500e+01
      vertex   5.796651e+01 5.538462e+00 -3.812500e+01
      vertex   5.799148e+01 6.923077e+00 -3.818530e+01
    endloop
  endfacet
  facet normal 9.238795e-01 0.000000e+00 3.826834e-01
    outer loop
      vertex   5.799148e+01 6.923077e+00 -3.818530e+01
      vertex   5.796651e+01 5.538462e+00 -3.812500e+01
      vertex   5.799148e+01 5.538462e+00 -3.818530e+01
    endloop
  endfacet
  facet normal 9.914449e-01 0.000000e+00 1.305262e-01
    outer loop
      vertex   5.799148e+01 6.923077e+00 -3.818530e+01
      vertex   5.799148e+01 5.538462e+00 -3.818530e+01
      vertex   5.800000e+01 1.800000e+01 -3.825000e+01
    endloop
  endfacet
  facet normal 6.087614e-01 3.123980e-15 7.933533e-01
    outer loop
      vertex   5.787500e+01 8.307692e+00 -3.803349e+01
      vertex   5.792678e+01 9.692308e+00 -3.807322e+01
      vertex   5.787500e+01 9.692308e+00 -3.803349e+01
    endloop
  endfacet
  facet normal 6.087614e-01 0.000000e+00 7.933533e-01
    outer loop
      vertex   5.787500e+01 9.692308e+00 -3.803349e+01
      vertex   5.792678e+01 9.692308e+00 -3.807322e+01
      vertex   5.792678e+01 1.107692e+01 -3.807322e+01
    endloop
  endfacet
  facet normal 6.087614e-01 -0.000000e+00 7.933533e-01
    outer loop
      vertex   5.787500e+01 9.692308e+00 -3.803349e+01
      vertex   5.792678e+01 1.107692e+01 -3.807322e+01
      vertex   5.787500e+01 1.107692e+01 -3.803349e+01
    endloop
  endfacet
  facet normal 6.087614e-01 0.000000e+00 7.933533e-01
    outer loop
      vertex   5.787500e+01 1.107692e+01 -3.803349e+01
      vertex   5.792678e+01 1.107692e+01 -3.807322e+01
      vertex   5.792678e+01 1.246154e+01 -3.807322e+01
    endloop
  endfacet
  facet normal 6.087614e-01 0.000000e+00 7.933533e-01
    outer loop
      vertex   5.792678e+01 1.384615e+01 -3.807322e+01
      vertex   5.787500e+01 1.384615e+01 -3.803349e+01
      vertex   5.787500e+01 1.246154e+01 -3.803349e+01
    endloop
  endfacet
  facet normal 6.087614e-01 0.000000e+00 7.933533e-01
    outer loop
      vertex   5.792678e+01 1.661538e+01 -3.807322e+01
      vertex   5.787500e+01 1.661538e+01 -3.803349e+01
      vertex   5.787500e+01 1.523077e+01 -3.803349e+01
    endloop
  endfacet
  facet normal 6.087614e-01 0.000000e+00 7.933533e-01
    outer loop
      vertex   5.792678e+01 1.661538e+01 -3.807322e+01
      vertex   5.787500e+01 1.523077e+01 -3.803349e+01
      vertex   5.792678e+01 1.523077e+01 -3.807322e+01
    endloop
  endfacet
  facet normal 7.933533e-01 0.000000e+00 6.087614e-01
    outer loop
      vertex   5.796651e+01 -1.107692e+01 -3.812500e+01
      vertex   5.792678e+01 -1.246154e+01 -3.807322e+01
      vertex   5.796651e+01 -1.246154e+01 -3.812500e+01
    endloop
  endfacet
  facet normal 7.933533e-01 0.000000e+00 6.087614e-01
    outer loop
      vertex   5.796651e+01 -1.246154e+01 -3.812500e+01
      vertex   5.792678e+01 -1.246154e+01 -3.807322e+01
      vertex   5.792678e+01 -1.384615e+01 -3.807322e+01
    endloop
  endfacet
  facet normal 7.933533e-01 -0.000000e+00 6.087614e-01
    outer loop
      vertex   5.792678e+01 -1.107692e+01 -3.807322e+01
      vertex   5.796651e+01 -9.692308e+00 -3.812500e+01
      vertex   5.792678e+01 -9.692308e+00 -3.807322e+01
    endloop
  endfacet
  facet normal 7.933533e-01 0.000000e+00 6.087614e-01
    outer loop
      vertex   5.792678e+01 -9.692308e+00 -3.807322e+01
      vertex   5.796651e+01 -9.692308e+00 -3.812500e+01
      vertex   5.796651e+01 -8.307692e+00 -3.812500e+01
    endloop
  endfacet
  facet normal 7.933533e-01 -0.000000e+00 6.087614e-01
    outer loop
      vertex   5.792678e+01 -9.692308e+00 -3.807322e+01
      vertex   5.796651e+01 -8.307692e+00 -3.812500e+01
      vertex   5.792678e+01 -8.307692e+00 -3.807322e+01
    endloop
  endfacet
  facet normal 7.933533e-01 0.000000e+00 6.087614e-01
    outer loop
      vertex   5.792678e+01 -8.307692e+00 -3.807322e+01
      vertex   5.796651e+01 -8.307692e+00 -3.812500e+01
      vertex   5.796651e+01 -6.923077e+00 -3.812500e+01
    endloop
  endfacet
  facet normal 7.933533e-01 4.071249e-15 6.087614e-01
    outer loop
      vertex   5.792678e+01 -2.769231e+00 -3.807322e+01
      vertex   5.792678e+01 -4.153846e+00 -3.807322e+01
      vertex   5.796651e+01 -2.769231e+00 -3.812500e+01
    endloop
  endfacet
  facet normal 7.933533e-01 8.142499e-15 6.087614e-01
    outer loop
      vertex   5.796651e+01 -2.769231e+00 -3.812500e+01
      vertex   5.792678e+01 -4.153846e+00 -3.807322e+01
      vertex   5.796651e+01 -4.153846e+00 -3.812500e+01
    endloop
  endfacet
  facet normal 9.238795e-01 9.482141e-15 3.826834e-01
    outer loop
      vertex   5.796651e+01 -2.769231e+00 -3.812500e+01
      vertex   5.796651e+01 -4.153846e+00 -3.812500e+01
      vertex   5.799148e+01 -2.769231e+00 -3.818530e+01
    endloop
  endfacet
  facet normal 7.933533e-01 -0.000000e+00 6.087614e-01
    outer loop
      vertex   5.792678e+01 -2.886580e-14 -3.807322e+01
      vertex   5.796651e+01 1.384615e+00 -3.812500e+01
      vertex   5.792678e+01 1.384615e+00 -3.807322e+01
    endloop
  endfacet
  facet normal 7.933533e-01 0.000000e+00 6.087614e-01
    outer loop
      vertex   5.792678e+01 1.384615e+00 -3.807322e+01
      vertex   5.796651e+01 1.384615e+00 -3.812500e+01
      vertex   5.796651e+01 2.769231e+00 -3.812500e+01
    endloop
  endfacet
  facet normal 7.933533e-01 -0.000000e+00 6.087614e-01
    outer loop
      vertex   5.792678e+01 1.384615e+00 -3.807322e+01
      vertex   5.796651e+01 2.769231e+00 -3.812500e+01
      vertex   5.792678e+01 2.769231e+00 -3.807322e+01
    endloop
  endfacet
  facet normal 7.933533e-01 0.000000e+00 6.087614e-01
    outer loop
      vertex   5.792678e+01 2.769231e+00 -3.807322e+01
      vertex   5.796651e+01 2.769231e+00 -3.812500e+01
      vertex   5.796651e+01 4.153846e+00 -3.812500e+01
    endloop
  endfacet
  facet normal 6.087614e-01 0.000000e+00 7.933533e-01
    outer loop
      vertex   5.787500e+01 6.923077e+00 -3.803349e+01
      vertex   5.792678e+01 6.923077e+00 -3.807322e+01
      vertex   5.792678e+01 8.307692e+00 -3.807322e+01
    endloop
  endfacet
  facet normal 7.933533e-01 0.000000e+00 6.087614e-01
    outer loop
      vertex   5.792678e+01 8.307692e+00 -3.807322e+01
      vertex   5.792678e+01 6.923077e+00 -3.807322e+01
      vertex   5.796651e+01 8.307692e+00 -3.812500e+01
    endloop
  endfacet
  facet normal 7.933533e-01 4.069765e-15 6.087614e-01
    outer loop
      vertex   5.792678e+01 8.307692e+00 -3.807322e+01
      vertex   5.796651e+01 8.307692e+00 -3.812500e+01
      vertex   5.796651e+01 9.692308e+00 -3.812500e+01
    endloop
  endfacet
  facet normal 9.238795e-01 4.741070e-15 3.826834e-01
    outer loop
      vertex   5.796651e+01 9.692308e+00 -3.812500e+01
      vertex   5.796651e+01 8.307692e+00 -3.812500e+01
      vertex   5.799148e+01 9.692308e+00 -3.818530e+01
    endloop
  endfacet
  facet normal 9.238795e-01 0.000000e+00 3.826834e-01
    outer loop
      vertex   5.796651e+01 9.692308e+00 -3.812500e+01
      vertex   5.799148e+01 9.692308e+00 -3.818530e+01
      vertex   5.799148e+01 1.107692e+01 -3.818530e+01
    endloop
  endfacet
  facet normal 9.914449e-01 0.000000e+00 1.305262e-01
    outer loop
      vertex   5.799148e+01 1.107692e+01 -3.818530e+01
      vertex   5.799148e+01 9.692308e+00 -3.818530e+01
      vertex   5.800000e+01 1.800000e+01 -3.825000e+01
    endloop
  endfacet
  facet normal 7.933533e-01 0.000000e+00 6.087614e-01
    outer loop
      vertex   5.796651e+01 8.307692e+00 -3.812500e+01
      vertex   5.792678e+01 6.923077e+00 -3.807322e+01
      vertex   5.796651e+01 6.923077e+00 -3.812500e+01
    endloop
  endfacet
  facet normal 7.933533e-01 -0.000000e+00 6.087614e-01
    outer loop
      vertex   5.792678e+01 9.692308e+00 -3.807322e+01
      vertex   5.796651e+01 1.107692e+01 -3.812500e+01
      vertex   5.792678e+01 1.107692e+01 -3.807322e+01
    endloop
  endfacet
  facet normal 7.933533e-01 0.000000e+00 6.087614e-01
    outer loop
      vertex   5.792678e+01 1.107692e+01 -3.807322e+01
      vertex   5.796651e+01 1.107692e+01 -3.812500e+01
      vertex   5.796651e+01 1.246154e+01 -3.812500e+01
    endloop
  endfacet
  facet normal 7.933533e-01 -0.000000e+00 6.087614e-01
    outer loop
      vertex   5.792678e+01 1.107692e+01 -3.807322e+01
      vertex   5.796651e+01 1.246154e+01 -3.812500e+01
      vertex   5.792678e+01 1.246154e+01 -3.807322e+01
    endloop
  endfacet
  facet normal 7.933533e-01 0.000000e+00 6.087614e-01
    outer loop
      vertex   5.792678e+01 1.246154e+01 -3.807322e+01
      vertex   5.796651e+01 1.246154e+01 -3.812500e+01
      vertex   5.796651e+01 1.384615e+01 -3.812500e+01
    endloop
  endfacet
  facet normal 7.933533e-01 0.000000e+00 6.087614e-01
    outer loop
      vertex   5.796651e+01 1.661538e+01 -3.812500e+01
      vertex   5.792678e+01 1.661538e+01 -3.807322e+01
      vertex   5.792678e+01 1.523077e+01 -3.807322e+01
    endloop
  endfacet
  facet normal 7.933533e-01 0.000000e+00 6.087614e-01
    outer loop
      vertex   5.796651e+01 1.661538e+01 -3.812500e+01
      vertex   5.792678e+01 1.523077e+01 -3.807322e+01
      vertex   5.796651e+01 1.523077e+01 -3.812500e+01
    endloop
  endfacet
  facet normal 7.933533e-01 0.000000e+00 6.087614e-01
    outer loop
      vertex   5.792678e+01 -1.661538e+01 -3.807322e+01
      vertex   5.796651e+01 -1.661538e+01 -3.812500e+01
      vertex   5.796651e+01 -1.523077e+01 -3.812500e+01
    endloop
  endfacet
  facet normal 9.238795e-01 0.000000e+00 3.826834e-01
    outer loop
      vertex   5.796651e+01 -1.523077e+01 -3.812500e+01
      vertex   5.796651e+01 -1.661538e+01 -3.812500e+01
      vertex   5.799148e+01 -1.523077e+01 -3.818530e+01
    endloop
  endfacet
  facet normal 9.238795e-01 4.741660e-15 3.826834e-01
    outer loop
      vertex   5.796651e+01 -1.523077e+01 -3.812500e+01
      vertex   5.799148e+01 -1.523077e+01 -3.818530e+01
      vertex   5.799148e+01 -1.384615e+01 -3.818530e+01
    endloop
  endfacet
  facet normal 9.838460e-01 5.048800e-15 1.790169e-01
    outer loop
      vertex   5.799148e+01 -1.384615e+01 -3.818530e+01
      vertex   5.799148e+01 -1.523077e+01 -3.818530e+01
      vertex   5.799880e+01 -1.799880e+01 -3.822550e+01
    endloop
  endfacet
  facet normal 9.238795e-01 0.000000e+00 3.826834e-01
    outer loop
      vertex   5.799148e+01 -9.692308e+00 -3.818530e+01
      vertex   5.796651e+01 -1.107692e+01 -3.812500e+01
      vertex   5.799148e+01 -1.107692e+01 -3.818530e+01
    endloop
  endfacet
  facet normal 9.238795e-01 0.000000e+00 3.826834e-01
    outer loop
      vertex   5.799148e+01 -1.107692e+01 -3.818530e+01
      vertex   5.796651e+01 -1.107692e+01 -3.812500e+01
      vertex   5.796651e+01 -1.246154e+01 -3.812500e+01
    endloop
  endfacet
  facet normal 9.238795e-01 0.000000e+00 3.826834e-01
    outer loop
      vertex   5.799148e+01 -6.923077e+00 -3.818530e+01
      vertex   5.796651e+01 -6.923077e+00 -3.812500e+01
      vertex   5.796651e+01 -8.307692e+00 -3.812500e+01
    endloop
  endfacet
  facet normal 9.238795e-01 0.000000e+00 3.826834e-01
    outer loop
      vertex   5.799148e+01 -6.923077e+00 -3.818530e+01
      vertex   5.796651e+01 -8.307692e+00 -3.812500e+01
      vertex   5.799148e+01 -8.307692e+00 -3.818530e+01
    endloop
  endfacet
  facet normal 9.238795e-01 0.000000e+00 3.826834e-01
    outer loop
      vertex   5.799148e+01 -8.307692e+00 -3.818530e+01
      vertex   5.796651e+01 -8.307692e+00 -3.812500e+01
      vertex   5.796651e+01 -9.692308e+00 -3.812500e+01
    endloop
  endfacet
  facet normal 9.238795e-01 0.000000e+00 3.826834e-01
    outer loop
      vertex   5.799148e+01 -4.153846e+00 -3.818530e+01
      vertex   5.796651e+01 -5.538462e+00 -3.812500e+01
      vertex   5.799148e+01 -5.538462e+00 -3.818530e+01
    endloop
  endfacet
  facet normal 7.933533e-01 0.000000e+00 6.087614e-01
    outer loop
      vertex   5.792678e+01 -2.769231e+00 -3.807322e+01
      vertex   5.796651e+01 -2.769231e+00 -3.812500e+01
      vertex   5.796651e+01 -1.384615e+00 -3.812500e+01
    endloop
  endfacet
  facet normal 9.238795e-01 0.000000e+00 3.826834e-01
    outer loop
      vertex   5.796651e+01 -1.384615e+00 -3.812500e+01
      vertex   5.796651e+01 -2.769231e+00 -3.812500e+01
      vertex   5.799148e+01 -1.384615e+00 -3.818530e+01
    endloop
  endfacet
  facet normal 9.238795e-01 0.000000e+00 3.826834e-01
    outer loop
      vertex   5.796651e+01 -1.384615e+00 -3.812500e+01
      vertex   5.799148e+01 -1.384615e+00 -3.818530e+01
      vertex   5.799148e+01 -2.886580e-14 -3.818530e+01
    endloop
  endfacet
  facet normal 9.914449e-01 0.000000e+00 1.305262e-01
    outer loop
      vertex   5.799148e+01 -2.886580e-14 -3.818530e+01
      vertex   5.799148e+01 -1.384615e+00 -3.818530e+01
      vertex   5.800000e+01 1.800000e+01 -3.825000e+01
    endloop
  endfacet
  facet normal 9.238795e-01 0.000000e+00 3.826834e-01
    outer loop
      vertex   5.799148e+01 -1.384615e+00 -3.818530e+01
      vertex   5.796651e+01 -2.769231e+00 -3.812500e+01
      vertex   5.799148e+01 -2.769231e+00 -3.818530e+01
    endloop
  endfacet
  facet normal 9.238795e-01 0.000000e+00 3.826834e-01
    outer loop
      vertex   5.799148e+01 4.153846e+00 -3.818530e+01
      vertex   5.796651e+01 4.153846e+00 -3.812500e+01
      vertex   5.796651e+01 2.769231e+00 -3.812500e+01
    endloop
  endfacet
  facet normal 9.238795e-01 0.000000e+00 3.826834e-01
    outer loop
      vertex   5.799148e+01 4.153846e+00 -3.818530e+01
      vertex   5.796651e+01 2.769231e+00 -3.812500e+01
      vertex   5.799148e+01 2.769231e+00 -3.818530e+01
    endloop
  endfacet
  facet normal 9.238795e-01 0.000000e+00 3.826834e-01
    outer loop
      vertex   5.799148e+01 2.769231e+00 -3.818530e+01
      vertex   5.796651e+01 2.769231e+00 -3.812500e+01
      vertex   5.796651e+01 1.384615e+00 -3.812500e+01
    endloop
  endfacet
  facet normal 9.238795e-01 0.000000e+00 3.826834e-01
    outer loop
      vertex   5.796651e+01 8.307692e+00 -3.812500e+01
      vertex   5.796651e+01 6.923077e+00 -3.812500e+01
      vertex   5.799148e+01 8.307692e+00 -3.818530e+01
    endloop
  endfacet
  facet normal 9.238795e-01 0.000000e+00 3.826834e-01
    outer loop
      vertex   5.799148e+01 8.307692e+00 -3.818530e+01
      vertex   5.796651e+01 6.923077e+00 -3.812500e+01
      vertex   5.799148e+01 6.923077e+00 -3.818530e+01
    endloop
  endfacet
  facet normal 9.914449e-01 0.000000e+00 1.305262e-01
    outer loop
      vertex   5.799148e+01 8.307692e+00 -3.818530e+01
      vertex   5.799148e+01 6.923077e+00 -3.818530e+01
      vertex   5.800000e+01 1.800000e+01 -3.825000e+01
    endloop
  endfacet
  facet normal 9.238795e-01 0.000000e+00 3.826834e-01
    outer loop
      vertex   5.799148e+01 1.384615e+01 -3.818530e+01
      vertex   5.796651e+01 1.384615e+01 -3.812500e+01
      vertex   5.796651e+01 1.246154e+01 -3.812500e+01
    endloop
  endfacet
  facet normal 9.238795e-01 0.000000e+00 3.826834e-01
    outer loop
      vertex   5.799148e+01 1.384615e+01 -3.818530e+01
      vertex   5.796651e+01 1.246154e+01 -3.812500e+01
      vertex   5.799148e+01 1.246154e+01 -3.818530e+01
    endloop
  endfacet
  facet normal 9.238795e-01 0.000000e+00 3.826834e-01
    outer loop
      vertex   5.799148e+01 1.246154e+01 -3.818530e+01
      vertex   5.796651e+01 1.246154e+01 -3.812500e+01
      vertex   5.796651e+01 1.107692e+01 -3.812500e+01
    endloop
  endfacet
  facet normal 9.238795e-01 0.000000e+00 3.826834e-01
    outer loop
      vertex   5.799148e+01 1.661538e+01 -3.818530e+01
      vertex   5.796651e+01 1.661538e+01 -3.812500e+01
      vertex   5.796651e+01 1.523077e+01 -3.812500e+01
    endloop
  endfacet
  facet normal 9.238795e-01 0.000000e+00 3.826834e-01
    outer loop
      vertex   5.799148e+01 1.661538e+01 -3.818530e+01
      vertex   5.796651e+01 1.523077e+01 -3.812500e+01
      vertex   5.799148e+01 1.523077e+01 -3.818530e+01
    endloop
  endfacet
  facet normal 9.838460e-01 0.000000e+00 1.790169e-01
    outer loop
      vertex   5.799880e+01 -1.799880e+01 -3.822550e+01
      vertex   5.799148e+01 -1.523077e+01 -3.818530e+01
      vertex   5.799148e+01 -1.661538e+01 -3.818530e+01
    endloop
  endfacet
  facet normal 9.238795e-01 -0.000000e+00 3.826834e-01
    outer loop
      vertex   5.799148e+01 -1.661538e+01 -3.818530e+01
      vertex   5.799148e+01 -1.523077e+01 -3.818530e+01
      vertex   5.796651e+01 -1.661538e+01 -3.812500e+01
    endloop
  endfacet
  facet normal 9.838460e-01 0.000000e+00 1.790169e-01
    outer loop
      vertex   5.799880e+01 -1.799880e+01 -3.822550e+01
      vertex   5.799148e+01 -4.153846e+00 -3.818530e+01
      vertex   5.799148e+01 -5.538462e+00 -3.818530e+01
    endloop
  endfacet
  facet normal 9.914449e-01 0.000000e+00 1.305262e-01
    outer loop
      vertex   5.800000e+01 1.800000e+01 -3.825000e+01
      vertex   5.799148e+01 -1.384615e+00 -3.818530e+01
      vertex   5.799148e+01 -2.769231e+00 -3.818530e+01
    endloop
  endfacet
  facet normal 9.914449e-01 1.017561e-14 1.305262e-01
    outer loop
      vertex   5.800000e+01 1.800000e+01 -3.825000e+01
      vertex   5.799148e+01 9.692308e+00 -3.818530e+01
      vertex   5.799148e+01 8.307692e+00 -3.818530e+01
    endloop
  endfacet
  facet normal 9.238795e-01 9.482141e-15 3.826834e-01
    outer loop
      vertex   5.799148e+01 8.307692e+00 -3.818530e+01
      vertex   5.799148e+01 9.692308e+00 -3.818530e+01
      vertex   5.796651e+01 8.307692e+00 -3.812500e+01
    endloop
  endfacet
  facet normal 0.000000e+00 9.987955e-01 4.906767e-02
    outer loop
      vertex   5.800000e+01 1.800000e+01 -3.825000e+01
      vertex   -5.500000e+01 1.800000e+01 -3.825000e+01
      vertex   5.799880e+01 1.799880e+01 -3.822550e+01
    endloop
  endfacet
  facet normal -2.240173e-05 9.884020e-01 1.518602e-01
    outer loop
      vertex   5.799880e+01 1.799880e+01 -3.822550e+01
      vertex   -5.500000e+01 1.800000e+01 -3.825000e+01
      vertex   7.777778e+00 1.799148e+01 -3.818530e+01
    endloop
  endfacet
  facet normal 0.000000e+00 9.838460e-01 1.790169e-01
    outer loop
      vertex   5.799880e+01 1.799880e+01 -3.822550e+01
      vertex   7.777778e+00 1.799148e+01 -3.818530e+01
      vertex   9.172840e+00 1.799148e+01 -3.818530e+01
    endloop
  endfacet
  facet normal 0.000000e+00 9.238795e-01 3.826834e-01
    outer loop
      vertex   9.172840e+00 1.799148e+01 -3.818530e+01
      vertex   7.777778e+00 1.799148e+01 -3.818530e+01
      vertex   9.172840e+00 1.796651e+01 -3.812500e+01
    endloop
  endfacet
  facet normal 0.000000e+00 9.238795e-01 3.826834e-01
    outer loop
      vertex   9.172840e+00 1.799148e+01 -3.818530e+01
      vertex   9.172840e+00 1.796651e+01 -3.812500e+01
      vertex   1.056790e+01 1.796651e+01 -3.812500e+01
    endloop
  endfacet
  facet normal 0.000000e+00 7.933533e-01 6.087614e-01
    outer loop
      vertex   1.056790e+01 1.796651e+01 -3.812500e+01
      vertex   9.172840e+00 1.796651e+01 -3.812500e+01
      vertex   1.056790e+01 1.792678e+01 -3.807322e+01
    endloop
  endfacet
  facet normal 0.000000e+00 7.933533e-01 6.087614e-01
    outer loop
      vertex   1.056790e+01 1.796651e+01 -3.812500e+01
      vertex   1.056790e+01 1.792678e+01 -3.807322e+01
      vertex   1.196296e+01 1.792678e+01 -3.807322e+01
    endloop
  endfacet
  facet normal 0.000000e+00 6.087614e-01 7.933533e-01
    outer loop
      vertex   1.196296e+01 1.792678e+01 -3.807322e+01
      vertex   1.056790e+01 1.792678e+01 -3.807322e+01
      vertex   1.196296e+01 1.787500e+01 -3.803349e+01
    endloop
  endfacet
  facet normal 0.000000e+00 6.087614e-01 7.933533e-01
    outer loop
      vertex   1.196296e+01 1.792678e+01 -3.807322e+01
      vertex   1.196296e+01 1.787500e+01 -3.803349e+01
      vertex   1.335802e+01 1.787500e+01 -3.803349e+01
    endloop
  endfacet
  facet normal 0.000000e+00 3.826834e-01 9.238795e-01
    outer loop
      vertex   1.335802e+01 1.787500e+01 -3.803349e+01
      vertex   1.196296e+01 1.787500e+01 -3.803349e+01
      vertex   1.335802e+01 1.781470e+01 -3.800852e+01
    endloop
  endfacet
  facet normal 0.000000e+00 3.826834e-01 9.238795e-01
    outer loop
      vertex   1.335802e+01 1.787500e+01 -3.803349e+01
      vertex   1.335802e+01 1.781470e+01 -3.800852e+01
      vertex   1.475309e+01 1.781470e+01 -3.800852e+01
    endloop
  endfacet
  facet normal 0.000000e+00 1.305262e-01 9.914449e-01
    outer loop
      vertex   1.475309e+01 1.781470e+01 -3.800852e+01
      vertex   1.335802e+01 1.781470e+01 -3.800852e+01
      vertex   5.775000e+01 1.775000e+01 -3.800000e+01
    endloop
  endfacet
  facet normal -0.000000e+00 1.305262e-01 9.914449e-01
    outer loop
      vertex   1.475309e+01 1.781470e+01 -3.800852e+01
      vertex   5.775000e+01 1.775000e+01 -3.800000e+01
      vertex   1.614815e+01 1.781470e+01 -3.800852e+01
    endloop
  endfacet
  facet normal -0.000000e+00 1.305262e-01 9.914449e-01
    outer loop
      vertex   1.614815e+01 1.781470e+01 -3.800852e+01
      vertex   5.775000e+01 1.775000e+01 -3.800000e+01
      vertex   1.754321e+01 1.781470e+01 -3.800852e+01
    endloop
  endfacet
  facet normal -0.000000e+00 3.826834e-01 9.238795e-01
    outer loop
      vertex   1.614815e+01 1.781470e+01 -3.800852e+01
      vertex   1.754321e+01 1.781470e+01 -3.800852e+01
      vertex   1.614815e+01 1.787500e+01 -3.803349e+01
    endloop
  endfacet
  facet normal -0.000000e+00 3.826834e-01 9.238795e-01
    outer loop
      vertex   1.614815e+01 1.787500e+01 -3.803349e+01
      vertex   1.754321e+01 1.781470e+01 -3.800852e+01
      vertex   1.754321e+01 1.787500e+01 -3.803349e+01
    endloop
  endfacet
  facet normal -0.000000e+00 6.087614e-01 7.933533e-01
    outer loop
      vertex   1.614815e+01 1.787500e+01 -3.803349e+01
      vertex   1.754321e+01 1.787500e+01 -3.803349e+01
      vertex   1.614815e+01 1.792678e+01 -3.807322e+01
    endloop
  endfacet
  facet normal -0.000000e+00 6.087614e-01 7.933533e-01
    outer loop
      vertex   1.614815e+01 1.792678e+01 -3.807322e+01
      vertex   1.754321e+01 1.787500e+01 -3.803349e+01
      vertex   1.754321e+01 1.792678e+01 -3.807322e+01
    endloop
  endfacet
  facet normal -0.000000e+00 7.933533e-01 6.087614e-01
    outer loop
      vertex   1.614815e+01 1.792678e+01 -3.807322e+01
      vertex   1.754321e+01 1.792678e+01 -3.807322e+01
      vertex   1.614815e+01 1.796651e+01 -3.812500e+01
    endloop
  endfacet
  facet normal -0.000000e+00 7.933533e-01 6.087614e-01
    outer loop
      vertex   1.614815e+01 1.796651e+01 -3.812500e+01
      vertex   1.754321e+01 1.792678e+01 -3.807322e+01
      vertex   1.754321e+01 1.796651e+01 -3.812500e+01
    endloop
  endfacet
  facet normal -0.000000e+00 9.238795e-01 3.826834e-01
    outer loop
      vertex   1.614815e+01 1.796651e+01 -3.812500e+01
      vertex   1.754321e+01 1.796651e+01 -3.812500e+01
      vertex   1.614815e+01 1.799148e+01 -3.818530e+01
    endloop
  endfacet
  facet normal -0.000000e+00 9.238795e-01 3.826834e-01
    outer loop
      vertex   1.614815e+01 1.799148e+01 -3.818530e+01
      vertex   1.754321e+01 1.796651e+01 -3.812500e+01
      vertex   1.754321e+01 1.799148e+01 -3.818530e+01
    endloop
  endfacet
  facet normal -0.000000e+00 9.838460e-01 1.790169e-01
    outer loop
      vertex   1.614815e+01 1.799148e+01 -3.818530e+01
      vertex   1.754321e+01 1.799148e+01 -3.818530e+01
      vertex   5.799880e+01 1.799880e+01 -3.822550e+01
    endloop
  endfacet
  facet normal 0.000000e+00 9.838460e-01 1.790169e-01
    outer loop
      vertex   5.799880e+01 1.799880e+01 -3.822550e+01
      vertex   1.754321e+01 1.799148e+01 -3.818530e+01
      vertex   1.893827e+01 1.799148e+01 -3.818530e+01
    endloop
  endfacet
  facet normal 0.000000e+00 9.838460e-01 1.790169e-01
    outer loop
      vertex   5.799880e+01 1.799880e+01 -3.822550e+01
      vertex   1.893827e+01 1.799148e+01 -3.818530e+01
      vertex   2.033333e+01 1.799148e+01 -3.818530e+01
    endloop
  endfacet
  facet normal 0.000000e+00 9.238795e-01 3.826834e-01
    outer loop
      vertex   2.033333e+01 1.799148e+01 -3.818530e+01
      vertex   1.893827e+01 1.799148e+01 -3.818530e+01
      vertex   2.033333e+01 1.796651e+01 -3.812500e+01
    endloop
  endfacet
  facet normal 0.000000e+00 9.238795e-01 3.826834e-01
    outer loop
      vertex   2.033333e+01 1.799148e+01 -3.818530e+01
      vertex   2.033333e+01 1.796651e+01 -3.812500e+01
      vertex   2.172840e+01 1.796651e+01 -3.812500e+01
    endloop
  endfacet
  facet normal 0.000000e+00 7.933533e-01 6.087614e-01
    outer loop
      vertex   2.172840e+01 1.796651e+01 -3.812500e+01
      vertex   2.033333e+01 1.796651e+01 -3.812500e+01
      vertex   2.172840e+01 1.792678e+01 -3.807322e+01
    endloop
  endfacet
  facet normal 0.000000e+00 7.933533e-01 6.087614e-01
    outer loop
      vertex   2.172840e+01 1.796651e+01 -3.812500e+01
      vertex   2.172840e+01 1.792678e+01 -3.807322e+01
      vertex   2.312346e+01 1.792678e+01 -3.807322e+01
    endloop
  endfacet
  facet normal 0.000000e+00 6.087614e-01 7.933533e-01
    outer loop
      vertex   2.312346e+01 1.792678e+01 -3.807322e+01
      vertex   2.172840e+01 1.792678e+01 -3.807322e+01
      vertex   2.312346e+01 1.787500e+01 -3.803349e+01
    endloop
  endfacet
  facet normal 0.000000e+00 6.087614e-01 7.933533e-01
    outer loop
      vertex   2.312346e+01 1.792678e+01 -3.807322e+01
      vertex   2.312346e+01 1.787500e+01 -3.803349e+01
      vertex   2.451852e+01 1.787500e+01 -3.803349e+01
    endloop
  endfacet
  facet normal 0.000000e+00 3.826834e-01 9.238795e-01
    outer loop
      vertex   2.451852e+01 1.787500e+01 -3.803349e+01
      vertex   2.312346e+01 1.787500e+01 -3.803349e+01
      vertex   2.451852e+01 1.781470e+01 -3.800852e+01
    endloop
  endfacet
  facet normal 0.000000e+00 3.826834e-01 9.238795e-01
    outer loop
      vertex   2.451852e+01 1.787500e+01 -3.803349e+01
      vertex   2.451852e+01 1.781470e+01 -3.800852e+01
      vertex   2.591358e+01 1.781470e+01 -3.800852e+01
    endloop
  endfacet
  facet normal 0.000000e+00 1.305262e-01 9.914449e-01
    outer loop
      vertex   2.591358e+01 1.781470e+01 -3.800852e+01
      vertex   2.451852e+01 1.781470e+01 -3.800852e+01
      vertex   5.775000e+01 1.775000e+01 -3.800000e+01
    endloop
  endfacet
  facet normal -0.000000e+00 1.305262e-01 9.914449e-01
    outer loop
      vertex   2.591358e+01 1.781470e+01 -3.800852e+01
      vertex   5.775000e+01 1.775000e+01 -3.800000e+01
      vertex   2.730864e+01 1.781470e+01 -3.800852e+01
    endloop
  endfacet
  facet normal -0.000000e+00 1.305262e-01 9.914449e-01
    outer loop
      vertex   2.730864e+01 1.781470e+01 -3.800852e+01
      vertex   5.775000e+01 1.775000e+01 -3.800000e+01
      vertex   2.870370e+01 1.781470e+01 -3.800852e+01
    endloop
  endfacet
  facet normal -0.000000e+00 3.826834e-01 9.238795e-01
    outer loop
      vertex   2.730864e+01 1.781470e+01 -3.800852e+01
      vertex   2.870370e+01 1.781470e+01 -3.800852e+01
      vertex   2.730864e+01 1.787500e+01 -3.803349e+01
    endloop
  endfacet
  facet normal -0.000000e+00 3.826834e-01 9.238795e-01
    outer loop
      vertex   2.730864e+01 1.787500e+01 -3.803349e+01
      vertex   2.870370e+01 1.781470e+01 -3.800852e+01
      vertex   2.870370e+01 1.787500e+01 -3.803349e+01
    endloop
  endfacet
  facet normal -0.000000e+00 6.087614e-01 7.933533e-01
    outer loop
      vertex   2.730864e+01 1.787500e+01 -3.803349e+01
      vertex   2.870370e+01 1.787500e+01 -3.803349e+01
      vertex   2.730864e+01 1.792678e+01 -3.807322e+01
    endloop
  endfacet
  facet normal -0.000000e+00 6.087614e-01 7.933533e-01
    outer loop
      vertex   2.730864e+01 1.792678e+01 -3.807322e+01
      vertex   2.870370e+01 1.787500e+01 -3.803349e+01
      vertex   2.870370e+01 1.792678e+01 -3.807322e+01
    endloop
  endfacet
  facet normal -0.000000e+00 7.933533e-01 6.087614e-01
    outer loop
      vertex   2.730864e+01 1.792678e+01 -3.807322e+01
      vertex   2.870370e+01 1.792678e+01 -3.807322e+01
      vertex   2.730864e+01 1.796651e+01 -3.812500e+01
    endloop
  endfacet
  facet normal -0.000000e+00 7.933533e-01 6.087614e-01
    outer loop
      vertex   2.730864e+01 1.796651e+01 -3.812500e+01
      vertex   2.870370e+01 1.792678e+01 -3.807322e+01
      vertex   2.870370e+01 1.796651e+01 -3.812500e+01
    endloop
  endfacet
  facet normal -0.000000e+00 9.238795e-01 3.826834e-01
    outer loop
      vertex   2.730864e+01 1.796651e+01 -3.812500e+01
      vertex   2.870370e+01 1.796651e+01 -3.812500e+01
      vertex   2.730864e+01 1.799148e+01 -3.818530e+01
    endloop
  endfacet
  facet normal -0.000000e+00 9.238795e-01 3.826834e-01
    outer loop
      vertex   2.730864e+01 1.799148e+01 -3.818530e+01
      vertex   2.870370e+01 1.796651e+01 -3.812500e+01
      vertex   2.870370e+01 1.799148e+01 -3.818530e+01
    endloop
  endfacet
  facet normal -0.000000e+00 9.838460e-01 1.790169e-01
    outer loop
      vertex   2.730864e+01 1.799148e+01 -3.818530e+01
      vertex   2.870370e+01 1.799148e+01 -3.818530e+01
      vertex   5.799880e+01 1.799880e+01 -3.822550e+01
    endloop
  endfacet
  facet normal 0.000000e+00 9.838460e-01 1.790169e-01
    outer loop
      vertex   5.799880e+01 1.799880e+01 -3.822550e+01
      vertex   2.870370e+01 1.799148e+01 -3.818530e+01
      vertex   3.009877e+01 1.799148e+01 -3.818530e+01
    endloop
  endfacet
  facet normal 0.000000e+00 9.838460e-01 1.790169e-01
    outer loop
      vertex   5.799880e+01 1.799880e+01 -3.822550e+01
      vertex   3.009877e+01 1.799148e+01 -3.818530e+01
      vertex   3.149383e+01 1.799148e+01 -3.818530e+01
    endloop
  endfacet
  facet normal 0.000000e+00 9.238795e-01 3.826834e-01
    outer loop
      vertex   3.149383e+01 1.799148e+01 -3.818530e+01
      vertex   3.009877e+01 1.799148e+01 -3.818530e+01
      vertex   3.149383e+01 1.796651e+01 -3.812500e+01
    endloop
  endfacet
  facet normal 0.000000e+00 9.238795e-01 3.826834e-01
    outer loop
      vertex   3.149383e+01 1.799148e+01 -3.818530e+01
      vertex   3.149383e+01 1.796651e+01 -3.812500e+01
      vertex   3.288889e+01 1.796651e+01 -3.812500e+01
    endloop
  endfacet
  facet normal 0.000000e+00 7.933533e-01 6.087614e-01
    outer loop
      vertex   3.288889e+01 1.796651e+01 -3.812500e+01
      vertex   3.149383e+01 1.796651e+01 -3.812500e+01
      vertex   3.288889e+01 1.792678e+01 -3.807322e+01
    endloop
  endfacet
  facet normal 0.000000e+00 7.933533e-01 6.087614e-01
    outer loop
      vertex   3.288889e+01 1.796651e+01 -3.812500e+01
      vertex   3.288889e+01 1.792678e+01 -3.807322e+01
      vertex   3.428395e+01 1.792678e+01 -3.807322e+01
    endloop
  endfacet
  facet normal 0.000000e+00 6.087614e-01 7.933533e-01
    outer loop
      vertex   3.428395e+01 1.792678e+01 -3.807322e+01
      vertex   3.288889e+01 1.792678e+01 -3.807322e+01
      vertex   3.428395e+01 1.787500e+01 -3.803349e+01
    endloop
  endfacet
  facet normal 0.000000e+00 6.087614e-01 7.933533e-01
    outer loop
      vertex   3.428395e+01 1.792678e+01 -3.807322e+01
      vertex   3.428395e+01 1.787500e+01 -3.803349e+01
      vertex   3.567901e+01 1.787500e+01 -3.803349e+01
    endloop
  endfacet
  facet normal 0.000000e+00 3.826834e-01 9.238795e-01
    outer loop
      vertex   3.567901e+01 1.787500e+01 -3.803349e+01
      vertex   3.428395e+01 1.787500e+01 -3.803349e+01
      vertex   3.567901e+01 1.781470e+01 -3.800852e+01
    endloop
  endfacet
  facet normal 0.000000e+00 3.826834e-01 9.238795e-01
    outer loop
      vertex   3.567901e+01 1.787500e+01 -3.803349e+01
      vertex   3.567901e+01 1.781470e+01 -3.800852e+01
      vertex   3.707407e+01 1.781470e+01 -3.800852e+01
    endloop
  endfacet
  facet normal 0.000000e+00 1.305262e-01 9.914449e-01
    outer loop
      vertex   3.707407e+01 1.781470e+01 -3.800852e+01
      vertex   3.567901e+01 1.781470e+01 -3.800852e+01
      vertex   5.775000e+01 1.775000e+01 -3.800000e+01
    endloop
  endfacet
  facet normal -0.000000e+00 1.305262e-01 9.914449e-01
    outer loop
      vertex   3.707407e+01 1.781470e+01 -3.800852e+01
      vertex   5.775000e+01 1.775000e+01 -3.800000e+01
      vertex   3.846914e+01 1.781470e+01 -3.800852e+01
    endloop
  endfacet
  facet normal -0.000000e+00 1.305262e-01 9.914449e-01
    outer loop
      vertex   3.846914e+01 1.781470e+01 -3.800852e+01
      vertex   5.775000e+01 1.775000e+01 -3.800000e+01
      vertex   3.986420e+01 1.781470e+01 -3.800852e+01
    endloop
  endfacet
  facet normal -0.000000e+00 3.826834e-01 9.238795e-01
    outer loop
      vertex   3.846914e+01 1.781470e+01 -3.800852e+01
      vertex   3.986420e+01 1.781470e+01 -3.800852e+01
      vertex   3.846914e+01 1.787500e+01 -3.803349e+01
    endloop
  endfacet
  facet normal -0.000000e+00 3.826834e-01 9.238795e-01
    outer loop
      vertex   3.846914e+01 1.787500e+01 -3.803349e+01
      vertex   3.986420e+01 1.781470e+01 -3.800852e+01
      vertex   3.986420e+01 1.787500e+01 -3.803349e+01
    endloop
  endfacet
  facet normal -0.000000e+00 6.087614e-01 7.933533e-01
    outer loop
      vertex   3.846914e+01 1.787500e+01 -3.803349e+01
      vertex   3.986420e+01 1.787500e+01 -3.803349e+01
      vertex   3.846914e+01 1.792678e+01 -3.807322e+01
    endloop
  endfacet
  facet normal -0.000000e+00 6.087614e-01 7.933533e-01
    outer loop
      vertex   3.846914e+01 1.792678e+01 -3.807322e+01
      vertex   3.986420e+01 1.787500e+01 -3.803349e+01
      vertex   3.986420e+01 1.792678e+01 -3.807322e+01
    endloop
  endfacet
  facet normal -0.000000e+00 7.933533e-01 6.087614e-01
    outer loop
      vertex   3.846914e+01 1.792678e+01 -3.807322e+01
      vertex   3.986420e+01 1.792678e+01 -3.807322e+01
      vertex   3.846914e+01 1.796651e+01 -3.812500e+01
    endloop
  endfacet
  facet normal -0.000000e+00 7.933533e-01 6.087614e-01
    outer loop
      vertex   3.846914e+01 1.796651e+01 -3.812500e+01
      vertex   3.986420e+01 1.792678e+01 -3.807322e+01
      vertex   3.986420e+01 1.796651e+01 -3.812500e+01
    endloop
  endfacet
  facet normal -0.000000e+00 9.238795e-01 3.826834e-01
    outer loop
      vertex   3.846914e+01 1.796651e+01 -3.812500e+01
      vertex   3.986420e+01 1.796651e+01 -3.812500e+01
      vertex   3.846914e+01 1.799148e+01 -3.818530e+01
    endloop
  endfacet
  facet normal -0.000000e+00 9.238795e-01 3.826834e-01
    outer loop
      vertex   3.846914e+01 1.799148e+01 -3.818530e+01
      vertex   3.986420e+01 1.796651e+01 -3.812500e+01
      vertex   3.986420e+01 1.799148e+01 -3.818530e+01
    endloop
  endfacet
  facet normal -0.000000e+00 9.838460e-01 1.790169e-01
    outer loop
      vertex   3.846914e+01 1.799148e+01 -3.818530e+01
      vertex   3.986420e+01 1.799148e+01 -3.818530e+01
      vertex   5.799880e+01 1.799880e+01 -3.822550e+01
    endloop
  endfacet
  facet normal 0.000000e+00 9.838460e-01 1.790169e-01
    outer loop
      vertex   5.799880e+01 1.799880e+01 -3.822550e+01
      vertex   3.986420e+01 1.799148e+01 -3.818530e+01
      vertex   4.125926e+01 1.799148e+01 -3.818530e+01
    endloop
  endfacet
  facet normal 0.000000e+00 9.838460e-01 1.790169e-01
    outer loop
      vertex   5.799880e+01 1.799880e+01 -3.822550e+01
      vertex   4.125926e+01 1.799148e+01 -3.818530e+01
      vertex   4.265432e+01 1.799148e+01 -3.818530e+01
    endloop
  endfacet
  facet normal 0.000000e+00 9.238795e-01 3.826834e-01
    outer loop
      vertex   4.265432e+01 1.799148e+01 -3.818530e+01
      vertex   4.125926e+01 1.799148e+01 -3.818530e+01
      vertex   4.265432e+01 1.796651e+01 -3.812500e+01
    endloop
  endfacet
  facet normal 0.000000e+00 9.238795e-01 3.826834e-01
    outer loop
      vertex   4.265432e+01 1.799148e+01 -3.818530e+01
      vertex   4.265432e+01 1.796651e+01 -3.812500e+01
      vertex   4.404938e+01 1.796651e+01 -3.812500e+01
    endloop
  endfacet
  facet normal 0.000000e+00 7.933533e-01 6.087614e-01
    outer loop
      vertex   4.404938e+01 1.796651e+01 -3.812500e+01
      vertex   4.265432e+01 1.796651e+01 -3.812500e+01
      vertex   4.404938e+01 1.792678e+01 -3.807322e+01
    endloop
  endfacet
  facet normal 0.000000e+00 7.933533e-01 6.087614e-01
    outer loop
      vertex   4.404938e+01 1.796651e+01 -3.812500e+01
      vertex   4.404938e+01 1.792678e+01 -3.807322e+01
      vertex   4.544444e+01 1.792678e+01 -3.807322e+01
    endloop
  endfacet
  facet normal 0.000000e+00 6.087614e-01 7.933533e-01
    outer loop
      vertex   4.544444e+01 1.792678e+01 -3.807322e+01
      vertex   4.404938e+01 1.792678e+01 -3.807322e+01
      vertex   4.544444e+01 1.787500e+01 -3.803349e+01
    endloop
  endfacet
  facet normal 0.000000e+00 6.087614e-01 7.933533e-01
    outer loop
      vertex   4.544444e+01 1.792678e+01 -3.807322e+01
      vertex   4.544444e+01 1.787500e+01 -3.803349e+01
      vertex   4.683951e+01 1.787500e+01 -3.803349e+01
    endloop
  endfacet
  facet normal 0.000000e+00 3.826834e-01 9.238795e-01
    outer loop
      vertex   4.683951e+01 1.787500e+01 -3.803349e+01
      vertex   4.544444e+01 1.787500e+01 -3.803349e+01
      vertex   4.683951e+01 1.781470e+01 -3.800852e+01
    endloop
  endfacet
  facet normal 0.000000e+00 3.826834e-01 9.238795e-01
    outer loop
      vertex   4.683951e+01 1.787500e+01 -3.803349e+01
      vertex   4.683951e+01 1.781470e+01 -3.800852e+01
      vertex   4.823457e+01 1.781470e+01 -3.800852e+01
    endloop
  endfacet
  facet normal 0.000000e+00 1.305262e-01 9.914449e-01
    outer loop
      vertex   4.823457e+01 1.781470e+01 -3.800852e+01
      vertex   4.683951e+01 1.781470e+01 -3.800852e+01
      vertex   5.775000e+01 1.775000e+01 -3.800000e+01
    endloop
  endfacet
  facet normal -0.000000e+00 1.305262e-01 9.914449e-01
    outer loop
      vertex   4.823457e+01 1.781470e+01 -3.800852e+01
      vertex   5.775000e+01 1.775000e+01 -3.800000e+01
      vertex   4.962963e+01 1.781470e+01 -3.800852e+01
    endloop
  endfacet
  facet normal -0.000000e+00 1.305262e-01 9.914449e-01
    outer loop
      vertex   4.962963e+01 1.781470e+01 -3.800852e+01
      vertex   5.775000e+01 1.775000e+01 -3.800000e+01
      vertex   5.102469e+01 1.781470e+01 -3.800852e+01
    endloop
  endfacet
  facet normal -0.000000e+00 3.826834e-01 9.238795e-01
    outer loop
      vertex   4.962963e+01 1.781470e+01 -3.800852e+01
      vertex   5.102469e+01 1.781470e+01 -3.800852e+01
      vertex   4.962963e+01 1.787500e+01 -3.803349e+01
    endloop
  endfacet
  facet normal -0.000000e+00 3.826834e-01 9.238795e-01
    outer loop
      vertex   4.962963e+01 1.787500e+01 -3.803349e+01
      vertex   5.102469e+01 1.781470e+01 -3.800852e+01
      vertex   5.102469e+01 1.787500e+01 -3.803349e+01
    endloop
  endfacet
  facet normal -0.000000e+00 6.087614e-01 7.933533e-01
    outer loop
      vertex   4.962963e+01 1.787500e+01 -3.803349e+01
      vertex   5.102469e+01 1.787500e+01 -3.803349e+01
      vertex   4.962963e+01 1.792678e+01 -3.807322e+01
    endloop
  endfacet
  facet normal -0.000000e+00 6.087614e-01 7.933533e-01
    outer loop
      vertex   4.962963e+01 1.792678e+01 -3.807322e+01
      vertex   5.102469e+01 1.787500e+01 -3.803349e+01
      vertex   5.102469e+01 1.792678e+01 -3.807322e+01
    endloop
  endfacet
  facet normal -0.000000e+00 7.933533e-01 6.087614e-01
    outer loop
      vertex   4.962963e+01 1.792678e+01 -3.807322e+01
      vertex   5.102469e+01 1.792678e+01 -3.807322e+01
      vertex   4.962963e+01 1.796651e+01 -3.812500e+01
    endloop
  endfacet
  facet normal -0.000000e+00 7.933533e-01 6.087614e-01
    outer loop
      vertex   4.962963e+01 1.796651e+01 -3.812500e+01
      vertex   5.102469e+01 1.792678e+01 -3.807322e+01
      vertex   5.102469e+01 1.796651e+01 -3.812500e+01
    endloop
  endfacet
  facet normal -0.000000e+00 9.238795e-01 3.826834e-01
    outer loop
      vertex   4.962963e+01 1.796651e+01 -3.812500e+01
      vertex   5.102469e+01 1.796651e+01 -3.812500e+01
      vertex   4.962963e+01 1.799148e+01 -3.818530e+01
    endloop
  endfacet
  facet normal -0.000000e+00 9.238795e-01 3.826834e-01
    outer loop
      vertex   4.962963e+01 1.799148e+01 -3.818530e+01
      vertex   5.102469e+01 1.796651e+01 -3.812500e+01
      vertex   5.102469e+01 1.799148e+01 -3.818530e+01
    endloop
  endfacet
  facet normal -0.000000e+00 9.838460e-01 1.790169e-01
    outer loop
      vertex   4.962963e+01 1.799148e+01 -3.818530e+01
      vertex   5.102469e+01 1.799148e+01 -3.818530e+01
      vertex   5.799880e+01 1.799880e+01 -3.822550e+01
    endloop
  endfacet
  facet normal 0.000000e+00 9.838460e-01 1.790169e-01
    outer loop
      vertex   5.799880e+01 1.799880e+01 -3.822550e+01
      vertex   5.102469e+01 1.799148e+01 -3.818530e+01
      vertex   5.241975e+01 1.799148e+01 -3.818530e+01
    endloop
  endfacet
  facet normal 0.000000e+00 9.838460e-01 1.790169e-01
    outer loop
      vertex   5.799880e+01 1.799880e+01 -3.822550e+01
      vertex   5.241975e+01 1.799148e+01 -3.818530e+01
      vertex   5.381481e+01 1.799148e+01 -3.818530e+01
    endloop
  endfacet
  facet normal 0.000000e+00 9.238795e-01 3.826834e-01
    outer loop
      vertex   5.381481e+01 1.799148e+01 -3.818530e+01
      vertex   5.241975e+01 1.799148e+01 -3.818530e+01
      vertex   5.381481e+01 1.796651e+01 -3.812500e+01
    endloop
  endfacet
  facet normal 0.000000e+00 9.238795e-01 3.826834e-01
    outer loop
      vertex   5.381481e+01 1.799148e+01 -3.818530e+01
      vertex   5.381481e+01 1.796651e+01 -3.812500e+01
      vertex   5.520988e+01 1.796651e+01 -3.812500e+01
    endloop
  endfacet
  facet normal 0.000000e+00 7.933533e-01 6.087614e-01
    outer loop
      vertex   5.520988e+01 1.796651e+01 -3.812500e+01
      vertex   5.381481e+01 1.796651e+01 -3.812500e+01
      vertex   5.520988e+01 1.792678e+01 -3.807322e+01
    endloop
  endfacet
  facet normal 0.000000e+00 7.933533e-01 6.087614e-01
    outer loop
      vertex   5.520988e+01 1.796651e+01 -3.812500e+01
      vertex   5.520988e+01 1.792678e+01 -3.807322e+01
      vertex   5.660494e+01 1.792678e+01 -3.807322e+01
    endloop
  endfacet
  facet normal 0.000000e+00 6.087614e-01 7.933533e-01
    outer loop
      vertex   5.660494e+01 1.792678e+01 -3.807322e+01
      vertex   5.520988e+01 1.792678e+01 -3.807322e+01
      vertex   5.660494e+01 1.787500e+01 -3.803349e+01
    endloop
  endfacet
  facet normal -1.248887e-03 6.087610e-01 7.933527e-01
    outer loop
      vertex   5.660494e+01 1.792678e+01 -3.807322e+01
      vertex   5.660494e+01 1.787500e+01 -3.803349e+01
      vertex   5.788889e+01 1.788889e+01 -3.804213e+01
    endloop
  endfacet
  facet normal 8.427855e-04 4.707409e-01 8.822711e-01
    outer loop
      vertex   5.788889e+01 1.788889e+01 -3.804213e+01
      vertex   5.660494e+01 1.787500e+01 -3.803349e+01
      vertex   5.784567e+01 1.784567e+01 -3.801903e+01
    endloop
  endfacet
  facet normal -1.723805e-03 3.826829e-01 9.238782e-01
    outer loop
      vertex   5.784567e+01 1.784567e+01 -3.801903e+01
      vertex   5.660494e+01 1.787500e+01 -3.803349e+01
      vertex   5.660494e+01 1.781470e+01 -3.800852e+01
    endloop
  endfacet
  facet normal 8.846659e-04 2.894743e-01 9.571854e-01
    outer loop
      vertex   5.784567e+01 1.784567e+01 -3.801903e+01
      vertex   5.660494e+01 1.781470e+01 -3.800852e+01
      vertex   5.779877e+01 1.779877e+01 -3.800480e+01
    endloop
  endfacet
  facet normal -1.764781e-03 9.976466e-02 9.950095e-01
    outer loop
      vertex   5.779877e+01 1.779877e+01 -3.800480e+01
      vertex   5.660494e+01 1.781470e+01 -3.800852e+01
      vertex   5.775000e+01 1.775000e+01 -3.800000e+01
    endloop
  endfacet
  facet normal 0.000000e+00 1.305262e-01 9.914449e-01
    outer loop
      vertex   5.775000e+01 1.775000e+01 -3.800000e+01
      vertex   5.660494e+01 1.781470e+01 -3.800852e+01
      vertex   5.520988e+01 1.781470e+01 -3.800852e+01
    endloop
  endfacet
  facet normal 0.000000e+00 1.305262e-01 9.914449e-01
    outer loop
      vertex   5.775000e+01 1.775000e+01 -3.800000e+01
      vertex   5.520988e+01 1.781470e+01 -3.800852e+01
      vertex   5.381481e+01 1.781470e+01 -3.800852e+01
    endloop
  endfacet
  facet normal -0.000000e+00 3.826834e-01 9.238795e-01
    outer loop
      vertex   5.381481e+01 1.781470e+01 -3.800852e+01
      vertex   5.520988e+01 1.781470e+01 -3.800852e+01
      vertex   5.381481e+01 1.787500e+01 -3.803349e+01
    endloop
  endfacet
  facet normal 0.000000e+00 3.826834e-01 9.238795e-01
    outer loop
      vertex   5.381481e+01 1.781470e+01 -3.800852e+01
      vertex   5.381481e+01 1.787500e+01 -3.803349e+01
      vertex   5.241975e+01 1.787500e+01 -3.803349e+01
    endloop
  endfacet
  facet normal -0.000000e+00 6.087614e-01 7.933533e-01
    outer loop
      vertex   5.241975e+01 1.787500e+01 -3.803349e+01
      vertex   5.381481e+01 1.787500e+01 -3.803349e+01
      vertex   5.241975e+01 1.792678e+01 -3.807322e+01
    endloop
  endfacet
  facet normal 0.000000e+00 6.087614e-01 7.933533e-01
    outer loop
      vertex   5.241975e+01 1.787500e+01 -3.803349e+01
      vertex   5.241975e+01 1.792678e+01 -3.807322e+01
      vertex   5.102469e+01 1.792678e+01 -3.807322e+01
    endloop
  endfacet
  facet normal -0.000000e+00 7.933533e-01 6.087614e-01
    outer loop
      vertex   5.102469e+01 1.792678e+01 -3.807322e+01
      vertex   5.241975e+01 1.792678e+01 -3.807322e+01
      vertex   5.102469e+01 1.796651e+01 -3.812500e+01
    endloop
  endfacet
  facet normal -0.000000e+00 9.914449e-01 1.305262e-01
    outer loop
      vertex   -5.500000e+01 1.799148e+01 -3.818530e+01
      vertex   -5.360494e+01 1.799148e+01 -3.818530e+01
      vertex   -5.500000e+01 1.800000e+01 -3.825000e+01
    endloop
  endfacet
  facet normal 0.000000e+00 9.914449e-01 1.305262e-01
    outer loop
      vertex   -5.500000e+01 1.800000e+01 -3.825000e+01
      vertex   -5.360494e+01 1.799148e+01 -3.818530e+01
      vertex   -5.220988e+01 1.799148e+01 -3.818530e+01
    endloop
  endfacet
  facet normal 0.000000e+00 9.914449e-01 1.305262e-01
    outer loop
      vertex   -5.500000e+01 1.800000e+01 -3.825000e+01
      vertex   -5.220988e+01 1.799148e+01 -3.818530e+01
      vertex   -5.081481e+01 1.799148e+01 -3.818530e+01
    endloop
  endfacet
  facet normal 0.000000e+00 9.238795e-01 3.826834e-01
    outer loop
      vertex   -5.081481e+01 1.799148e+01 -3.818530e+01
      vertex   -5.220988e+01 1.799148e+01 -3.818530e+01
      vertex   -5.081481e+01 1.796651e+01 -3.812500e+01
    endloop
  endfacet
  facet normal 0.000000e+00 9.238795e-01 3.826834e-01
    outer loop
      vertex   -5.081481e+01 1.799148e+01 -3.818530e+01
      vertex   -5.081481e+01 1.796651e+01 -3.812500e+01
      vertex   -4.941975e+01 1.796651e+01 -3.812500e+01
    endloop
  endfacet
  facet normal 0.000000e+00 7.933533e-01 6.087614e-01
    outer loop
      vertex   -4.941975e+01 1.796651e+01 -3.812500e+01
      vertex   -5.081481e+01 1.796651e+01 -3.812500e+01
      vertex   -4.941975e+01 1.792678e+01 -3.807322e+01
    endloop
  endfacet
  facet normal 0.000000e+00 7.933533e-01 6.087614e-01
    outer loop
      vertex   -4.941975e+01 1.796651e+01 -3.812500e+01
      vertex   -4.941975e+01 1.792678e+01 -3.807322e+01
      vertex   -4.802469e+01 1.792678e+01 -3.807322e+01
    endloop
  endfacet
  facet normal 0.000000e+00 6.087614e-01 7.933533e-01
    outer loop
      vertex   -4.802469e+01 1.792678e+01 -3.807322e+01
      vertex   -4.941975e+01 1.792678e+01 -3.807322e+01
      vertex   -4.802469e+01 1.787500e+01 -3.803349e+01
    endloop
  endfacet
  facet normal 0.000000e+00 6.087614e-01 7.933533e-01
    outer loop
      vertex   -4.802469e+01 1.792678e+01 -3.807322e+01
      vertex   -4.802469e+01 1.787500e+01 -3.803349e+01
      vertex   -4.662963e+01 1.787500e+01 -3.803349e+01
    endloop
  endfacet
  facet normal 0.000000e+00 3.826834e-01 9.238795e-01
    outer loop
      vertex   -4.662963e+01 1.787500e+01 -3.803349e+01
      vertex   -4.802469e+01 1.787500e+01 -3.803349e+01
      vertex   -4.662963e+01 1.781470e+01 -3.800852e+01
    endloop
  endfacet
  facet normal 0.000000e+00 3.826834e-01 9.238795e-01
    outer loop
      vertex   -4.662963e+01 1.787500e+01 -3.803349e+01
      vertex   -4.662963e+01 1.781470e+01 -3.800852e+01
      vertex   -4.523457e+01 1.781470e+01 -3.800852e+01
    endloop
  endfacet
  facet normal 0.000000e+00 1.305262e-01 9.914449e-01
    outer loop
      vertex   -4.523457e+01 1.781470e+01 -3.800852e+01
      vertex   -4.662963e+01 1.781470e+01 -3.800852e+01
      vertex   -5.500000e+01 1.775000e+01 -3.800000e+01
    endloop
  endfacet
  facet normal -0.000000e+00 1.305262e-01 9.914449e-01
    outer loop
      vertex   -4.523457e+01 1.781470e+01 -3.800852e+01
      vertex   -5.500000e+01 1.775000e+01 -3.800000e+01
      vertex   -4.383951e+01 1.781470e+01 -3.800852e+01
    endloop
  endfacet
  facet normal -0.000000e+00 1.305262e-01 9.914449e-01
    outer loop
      vertex   -4.383951e+01 1.781470e+01 -3.800852e+01
      vertex   -5.500000e+01 1.775000e+01 -3.800000e+01
      vertex   -4.244444e+01 1.781470e+01 -3.800852e+01
    endloop
  endfacet
  facet normal -0.000000e+00 3.826834e-01 9.238795e-01
    outer loop
      vertex   -4.383951e+01 1.781470e+01 -3.800852e+01
      vertex   -4.244444e+01 1.781470e+01 -3.800852e+01
      vertex   -4.383951e+01 1.787500e+01 -3.803349e+01
    endloop
  endfacet
  facet normal -0.000000e+00 3.826834e-01 9.238795e-01
    outer loop
      vertex   -4.383951e+01 1.787500e+01 -3.803349e+01
      vertex   -4.244444e+01 1.781470e+01 -3.800852e+01
      vertex   -4.244444e+01 1.787500e+01 -3.803349e+01
    endloop
  endfacet
  facet normal -0.000000e+00 6.087614e-01 7.933533e-01
    outer loop
      vertex   -4.383951e+01 1.787500e+01 -3.803349e+01
      vertex   -4.244444e+01 1.787500e+01 -3.803349e+01
      vertex   -4.383951e+01 1.792678e+01 -3.807322e+01
    endloop
  endfacet
  facet normal -0.000000e+00 6.087614e-01 7.933533e-01
    outer loop
      vertex   -4.383951e+01 1.792678e+01 -3.807322e+01
      vertex   -4.244444e+01 1.787500e+01 -3.803349e+01
      vertex   -4.244444e+01 1.792678e+01 -3.807322e+01
    endloop
  endfacet
  facet normal -0.000000e+00 7.933533e-01 6.087614e-01
    outer loop
      vertex   -4.383951e+01 1.792678e+01 -3.807322e+01
      vertex   -4.244444e+01 1.792678e+01 -3.807322e+01
      vertex   -4.383951e+01 1.796651e+01 -3.812500e+01
    endloop
  endfacet
  facet normal -0.000000e+00 7.933533e-01 6.087614e-01
    outer loop
      vertex   -4.383951e+01 1.796651e+01 -3.812500e+01
      vertex   -4.244444e+01 1.792678e+01 -3.807322e+01
      vertex   -4.244444e+01 1.796651e+01 -3.812500e+01
    endloop
  endfacet
  facet normal -0.000000e+00 9.238795e-01 3.826834e-01
    outer loop
      vertex   -4.383951e+01 1.796651e+01 -3.812500e+01
      vertex   -4.244444e+01 1.796651e+01 -3.812500e+01
      vertex   -4.383951e+01 1.799148e+01 -3.818530e+01
    endloop
  endfacet
  facet normal -0.000000e+00 9.238795e-01 3.826834e-01
    outer loop
      vertex   -4.383951e+01 1.799148e+01 -3.818530e+01
      vertex   -4.244444e+01 1.796651e+01 -3.812500e+01
      vertex   -4.244444e+01 1.799148e+01 -3.818530e+01
    endloop
  endfacet
  facet normal -0.000000e+00 9.914449e-01 1.305262e-01
    outer loop
      vertex   -4.383951e+01 1.799148e+01 -3.818530e+01
      vertex   -4.244444e+01 1.799148e+01 -3.818530e+01
      vertex   -5.500000e+01 1.800000e+01 -3.825000e+01
    endloop
  endfacet
  facet normal 0.000000e+00 9.914449e-01 1.305262e-01
    outer loop
      vertex   -5.500000e+01 1.800000e+01 -3.825000e+01
      vertex   -4.244444e+01 1.799148e+01 -3.818530e+01
      vertex   -4.104938e+01 1.799148e+01 -3.818530e+01
    endloop
  endfacet
  facet normal 0.000000e+00 9.914449e-01 1.305262e-01
    outer loop
      vertex   -5.500000e+01 1.800000e+01 -3.825000e+01
      vertex   -4.104938e+01 1.799148e+01 -3.818530e+01
      vertex   -3.965432e+01 1.799148e+01 -3.818530e+01
    endloop
  endfacet
  facet normal 0.000000e+00 9.238795e-01 3.826834e-01
    outer loop
      vertex   -3.965432e+01 1.799148e+01 -3.818530e+01
      vertex   -4.104938e+01 1.799148e+01 -3.818530e+01
      vertex   -3.965432e+01 1.796651e+01 -3.812500e+01
    endloop
  endfacet
  facet normal 0.000000e+00 9.238795e-01 3.826834e-01
    outer loop
      vertex   -3.965432e+01 1.799148e+01 -3.818530e+01
      vertex   -3.965432e+01 1.796651e+01 -3.812500e+01
      vertex   -3.825926e+01 1.796651e+01 -3.812500e+01
    endloop
  endfacet
  facet normal 0.000000e+00 7.933533e-01 6.087614e-01
    outer loop
      vertex   -3.825926e+01 1.796651e+01 -3.812500e+01
      vertex   -3.965432e+01 1.796651e+01 -3.812500e+01
      vertex   -3.825926e+01 1.792678e+01 -3.807322e+01
    endloop
  endfacet
  facet normal 0.000000e+00 7.933533e-01 6.087614e-01
    outer loop
      vertex   -3.825926e+01 1.796651e+01 -3.812500e+01
      vertex   -3.825926e+01 1.792678e+01 -3.807322e+01
      vertex   -3.686420e+01 1.792678e+01 -3.807322e+01
    endloop
  endfacet
  facet normal 0.000000e+00 6.087614e-01 7.933533e-01
    outer loop
      vertex   -3.686420e+01 1.792678e+01 -3.807322e+01
      vertex   -3.825926e+01 1.792678e+01 -3.807322e+01
      vertex   -3.686420e+01 1.787500e+01 -3.803349e+01
    endloop
  endfacet
  facet normal 0.000000e+00 6.087614e-01 7.933533e-01
    outer loop
      vertex   -3.686420e+01 1.792678e+01 -3.807322e+01
      vertex   -3.686420e+01 1.787500e+01 -3.803349e+01
      vertex   -3.546914e+01 1.787500e+01 -3.803349e+01
    endloop
  endfacet
  facet normal 0.000000e+00 3.826834e-01 9.238795e-01
    outer loop
      vertex   -3.546914e+01 1.787500e+01 -3.803349e+01
      vertex   -3.686420e+01 1.787500e+01 -3.803349e+01
      vertex   -3.546914e+01 1.781470e+01 -3.800852e+01
    endloop
  endfacet
  facet normal 0.000000e+00 3.826834e-01 9.238795e-01
    outer loop
      vertex   -3.546914e+01 1.787500e+01 -3.803349e+01
      vertex   -3.546914e+01 1.781470e+01 -3.800852e+01
      vertex   -3.407407e+01 1.781470e+01 -3.800852e+01
    endloop
  endfacet
  facet normal 0.000000e+00 1.305262e-01 9.914449e-01
    outer loop
      vertex   -3.407407e+01 1.781470e+01 -3.800852e+01
      vertex   -3.546914e+01 1.781470e+01 -3.800852e+01
      vertex   -5.500000e+01 1.775000e+01 -3.800000e+01
    endloop
  endfacet
  facet normal -0.000000e+00 1.305262e-01 9.914449e-01
    outer loop
      vertex   -3.407407e+01 1.781470e+01 -3.800852e+01
      vertex   -5.500000e+01 1.775000e+01 -3.800000e+01
      vertex   -3.267901e+01 1.781470e+01 -3.800852e+01
    endloop
  endfacet
  facet normal -0.000000e+00 1.305262e-01 9.914449e-01
    outer loop
      vertex   -3.267901e+01 1.781470e+01 -3.800852e+01
      vertex   -5.500000e+01 1.775000e+01 -3.800000e+01
      vertex   -3.128395e+01 1.781470e+01 -3.800852e+01
    endloop
  endfacet
  facet normal -0.000000e+00 3.826834e-01 9.238795e-01
    outer loop
      vertex   -3.267901e+01 1.781470e+01 -3.800852e+01
      vertex   -3.128395e+01 1.781470e+01 -3.800852e+01
      vertex   -3.267901e+01 1.787500e+01 -3.803349e+01
    endloop
  endfacet
  facet normal -0.000000e+00 3.826834e-01 9.238795e-01
    outer loop
      vertex   -3.267901e+01 1.787500e+01 -3.803349e+01
      vertex   -3.128395e+01 1.781470e+01 -3.800852e+01
      vertex   -3.128395e+01 1.787500e+01 -3.803349e+01
    endloop
  endfacet
  facet normal -0.000000e+00 6.087614e-01 7.933533e-01
    outer loop
      vertex   -3.267901e+01 1.787500e+01 -3.803349e+01
      vertex   -3.128395e+01 1.787500e+01 -3.803349e+01
      vertex   -3.267901e+01 1.792678e+01 -3.807322e+01
    endloop
  endfacet
  facet normal -0.000000e+00 6.087614e-01 7.933533e-01
    outer loop
      vertex   -3.267901e+01 1.792678e+01 -3.807322e+01
      vertex   -3.128395e+01 1.787500e+01 -3.803349e+01
      vertex   -3.128395e+01 1.792678e+01 -3.807322e+01
    endloop
  endfacet
  facet normal -0.000000e+00 7.933533e-01 6.087614e-01
    outer loop
      vertex   -3.267901e+01 1.792678e+01 -3.807322e+01
      vertex   -3.128395e+01 1.792678e+01 -3.807322e+01
      vertex   -3.267901e+01 1.796651e+01 -3.812500e+01
    endloop
  endfacet
  facet normal -0.000000e+00 7.933533e-01 6.087614e-01
    outer loop
      vertex   -3.267901e+01 1.796651e+01 -3.812500e+01
      vertex   -3.128395e+01 1.792678e+01 -3.807322e+01
      vertex   -3.128395e+01 1.796651e+01 -3.812500e+01
    endloop
  endfacet
  facet normal -0.000000e+00 9.238795e-01 3.826834e-01
    outer loop
      vertex   -3.267901e+01 1.796651e+01 -3.812500e+01
      vertex   -3.128395e+01 1.796651e+01 -3.812500e+01
      vertex   -3.267901e+01 1.799148e+01 -3.818530e+01
    endloop
  endfacet
  facet normal -0.000000e+00 9.238795e-01 3.826834e-01
    outer loop
      vertex   -3.267901e+01 1.799148e+01 -3.818530e+01
      vertex   -3.128395e+01 1.796651e+01 -3.812500e+01
      vertex   -3.128395e+01 1.799148e+01 -3.818530e+01
    endloop
  endfacet
  facet normal -0.000000e+00 9.914449e-01 1.305262e-01
    outer loop
      vertex   -3.267901e+01 1.799148e+01 -3.818530e+01
      vertex   -3.128395e+01 1.799148e+01 -3.818530e+01
      vertex   -5.500000e+01 1.800000e+01 -3.825000e+01
    endloop
  endfacet
  facet normal 0.000000e+00 9.914449e-01 1.305262e-01
    outer loop
      vertex   -5.500000e+01 1.800000e+01 -3.825000e+01
      vertex   -3.128395e+01 1.799148e+01 -3.818530e+01
      vertex   -2.988889e+01 1.799148e+01 -3.818530e+01
    endloop
  endfacet
  facet normal 0.000000e+00 9.914449e-01 1.305262e-01
    outer loop
      vertex   -5.500000e+01 1.800000e+01 -3.825000e+01
      vertex   -2.988889e+01 1.799148e+01 -3.818530e+01
      vertex   -2.849383e+01 1.799148e+01 -3.818530e+01
    endloop
  endfacet
  facet normal 0.000000e+00 9.238795e-01 3.826834e-01
    outer loop
      vertex   -2.849383e+01 1.799148e+01 -3.818530e+01
      vertex   -2.988889e+01 1.799148e+01 -3.818530e+01
      vertex   -2.849383e+01 1.796651e+01 -3.812500e+01
    endloop
  endfacet
  facet normal -2.353077e-15 9.238795e-01 3.826834e-01
    outer loop
      vertex   -2.849383e+01 1.799148e+01 -3.818530e+01
      vertex   -2.849383e+01 1.796651e+01 -3.812500e+01
      vertex   -2.709877e+01 1.796651e+01 -3.812500e+01
    endloop
  endfacet
  facet normal -2.020382e-15 7.933533e-01 6.087614e-01
    outer loop
      vertex   -2.709877e+01 1.796651e+01 -3.812500e+01
      vertex   -2.849383e+01 1.796651e+01 -3.812500e+01
      vertex   -2.709877e+01 1.792678e+01 -3.807322e+01
    endloop
  endfacet
  facet normal 0.000000e+00 7.933533e-01 6.087614e-01
    outer loop
      vertex   -2.709877e+01 1.796651e+01 -3.812500e+01
      vertex   -2.709877e+01 1.792678e+01 -3.807322e+01
      vertex   -2.570370e+01 1.792678e+01 -3.807322e+01
    endloop
  endfacet
  facet normal 0.000000e+00 6.087614e-01 7.933533e-01
    outer loop
      vertex   -2.570370e+01 1.792678e+01 -3.807322e+01
      vertex   -2.709877e+01 1.792678e+01 -3.807322e+01
      vertex   -2.570370e+01 1.787500e+01 -3.803349e+01
    endloop
  endfacet
  facet normal 0.000000e+00 6.087614e-01 7.933533e-01
    outer loop
      vertex   -2.570370e+01 1.792678e+01 -3.807322e+01
      vertex   -2.570370e+01 1.787500e+01 -3.803349e+01
      vertex   -2.430864e+01 1.787500e+01 -3.803349e+01
    endloop
  endfacet
  facet normal 0.000000e+00 3.826834e-01 9.238795e-01
    outer loop
      vertex   -2.430864e+01 1.787500e+01 -3.803349e+01
      vertex   -2.570370e+01 1.787500e+01 -3.803349e+01
      vertex   -2.430864e+01 1.781470e+01 -3.800852e+01
    endloop
  endfacet
  facet normal 0.000000e+00 3.826834e-01 9.238795e-01
    outer loop
      vertex   -2.430864e+01 1.787500e+01 -3.803349e+01
      vertex   -2.430864e+01 1.781470e+01 -3.800852e+01
      vertex   -2.291358e+01 1.781470e+01 -3.800852e+01
    endloop
  endfacet
  facet normal 0.000000e+00 1.305262e-01 9.914449e-01
    outer loop
      vertex   -2.291358e+01 1.781470e+01 -3.800852e+01
      vertex   -2.430864e+01 1.781470e+01 -3.800852e+01
      vertex   -5.500000e+01 1.775000e+01 -3.800000e+01
    endloop
  endfacet
  facet normal -0.000000e+00 1.305262e-01 9.914449e-01
    outer loop
      vertex   -2.291358e+01 1.781470e+01 -3.800852e+01
      vertex   -5.500000e+01 1.775000e+01 -3.800000e+01
      vertex   -2.151852e+01 1.781470e+01 -3.800852e+01
    endloop
  endfacet
  facet normal -0.000000e+00 1.305262e-01 9.914449e-01
    outer loop
      vertex   -2.151852e+01 1.781470e+01 -3.800852e+01
      vertex   -5.500000e+01 1.775000e+01 -3.800000e+01
      vertex   -2.012346e+01 1.781470e+01 -3.800852e+01
    endloop
  endfacet
  facet normal -0.000000e+00 3.826834e-01 9.238795e-01
    outer loop
      vertex   -2.151852e+01 1.781470e+01 -3.800852e+01
      vertex   -2.012346e+01 1.781470e+01 -3.800852e+01
      vertex   -2.151852e+01 1.787500e+01 -3.803349e+01
    endloop
  endfacet
  facet normal -0.000000e+00 3.826834e-01 9.238795e-01
    outer loop
      vertex   -2.151852e+01 1.787500e+01 -3.803349e+01
      vertex   -2.012346e+01 1.781470e+01 -3.800852e+01
      vertex   -2.012346e+01 1.787500e+01 -3.803349e+01
    endloop
  endfacet
  facet normal -0.000000e+00 6.087614e-01 7.933533e-01
    outer loop
      vertex   -2.151852e+01 1.787500e+01 -3.803349e+01
      vertex   -2.012346e+01 1.787500e+01 -3.803349e+01
      vertex   -2.151852e+01 1.792678e+01 -3.807322e+01
    endloop
  endfacet
  facet normal -0.000000e+00 6.087614e-01 7.933533e-01
    outer loop
      vertex   -2.151852e+01 1.792678e+01 -3.807322e+01
      vertex   -2.012346e+01 1.787500e+01 -3.803349e+01
      vertex   -2.012346e+01 1.792678e+01 -3.807322e+01
    endloop
  endfacet
  facet normal -0.000000e+00 7.933533e-01 6.087614e-01
    outer loop
      vertex   -2.151852e+01 1.792678e+01 -3.807322e+01
      vertex   -2.012346e+01 1.792678e+01 -3.807322e+01
      vertex   -2.151852e+01 1.796651e+01 -3.812500e+01
    endloop
  endfacet
  facet normal -0.000000e+00 7.933533e-01 6.087614e-01
    outer loop
      vertex   -2.151852e+01 1.796651e+01 -3.812500e+01
      vertex   -2.012346e+01 1.792678e+01 -3.807322e+01
      vertex   -2.012346e+01 1.796651e+01 -3.812500e+01
    endloop
  endfacet
  facet normal -0.000000e+00 9.238795e-01 3.826834e-01
    outer loop
      vertex   -2.151852e+01 1.796651e+01 -3.812500e+01
      vertex   -2.012346e+01 1.796651e+01 -3.812500e+01
      vertex   -2.151852e+01 1.799148e+01 -3.818530e+01
    endloop
  endfacet
  facet normal -0.000000e+00 9.238795e-01 3.826834e-01
    outer loop
      vertex   -2.151852e+01 1.799148e+01 -3.818530e+01
      vertex   -2.012346e+01 1.796651e+01 -3.812500e+01
      vertex   -2.012346e+01 1.799148e+01 -3.818530e+01
    endloop
  endfacet
  facet normal -0.000000e+00 9.914449e-01 1.305262e-01
    outer loop
      vertex   -2.151852e+01 1.799148e+01 -3.818530e+01
      vertex   -2.012346e+01 1.799148e+01 -3.818530e+01
      vertex   -5.500000e+01 1.800000e+01 -3.825000e+01
    endloop
  endfacet
  facet normal 0.000000e+00 9.914449e-01 1.305262e-01
    outer loop
      vertex   -5.500000e+01 1.800000e+01 -3.825000e+01
      vertex   -2.012346e+01 1.799148e+01 -3.818530e+01
      vertex   -1.872840e+01 1.799148e+01 -3.818530e+01
    endloop
  endfacet
  facet normal 0.000000e+00 9.914449e-01 1.305262e-01
    outer loop
      vertex   -5.500000e+01 1.800000e+01 -3.825000e+01
      vertex   -1.872840e+01 1.799148e+01 -3.818530e+01
      vertex   -1.733333e+01 1.799148e+01 -3.818530e+01
    endloop
  endfacet
  facet normal 0.000000e+00 9.238795e-01 3.826834e-01
    outer loop
      vertex   -1.733333e+01 1.799148e+01 -3.818530e+01
      vertex   -1.872840e+01 1.799148e+01 -3.818530e+01
      vertex   -1.733333e+01 1.796651e+01 -3.812500e+01
    endloop
  endfacet
  facet normal 0.000000e+00 9.238795e-01 3.826834e-01
    outer loop
      vertex   -1.733333e+01 1.799148e+01 -3.818530e+01
      vertex   -1.733333e+01 1.796651e+01 -3.812500e+01
      vertex   -1.593827e+01 1.796651e+01 -3.812500e+01
    endloop
  endfacet
  facet normal 0.000000e+00 7.933533e-01 6.087614e-01
    outer loop
      vertex   -1.593827e+01 1.796651e+01 -3.812500e+01
      vertex   -1.733333e+01 1.796651e+01 -3.812500e+01
      vertex   -1.593827e+01 1.792678e+01 -3.807322e+01
    endloop
  endfacet
  facet normal 0.000000e+00 7.933533e-01 6.087614e-01
    outer loop
      vertex   -1.593827e+01 1.796651e+01 -3.812500e+01
      vertex   -1.593827e+01 1.792678e+01 -3.807322e+01
      vertex   -1.454321e+01 1.792678e+01 -3.807322e+01
    endloop
  endfacet
  facet normal 0.000000e+00 6.087614e-01 7.933533e-01
    outer loop
      vertex   -1.454321e+01 1.792678e+01 -3.807322e+01
      vertex   -1.593827e+01 1.792678e+01 -3.807322e+01
      vertex   -1.454321e+01 1.787500e+01 -3.803349e+01
    endloop
  endfacet
  facet normal 0.000000e+00 6.087614e-01 7.933533e-01
    outer loop
      vertex   -1.454321e+01 1.792678e+01 -3.807322e+01
      vertex   -1.454321e+01 1.787500e+01 -3.803349e+01
      vertex   -1.314815e+01 1.787500e+01 -3.803349e+01
    endloop
  endfacet
  facet normal 0.000000e+00 3.826834e-01 9.238795e-01
    outer loop
      vertex   -1.314815e+01 1.787500e+01 -3.803349e+01
      vertex   -1.454321e+01 1.787500e+01 -3.803349e+01
      vertex   -1.314815e+01 1.781470e+01 -3.800852e+01
    endloop
  endfacet
  facet normal 0.000000e+00 3.826834e-01 9.238795e-01
    outer loop
      vertex   -1.314815e+01 1.787500e+01 -3.803349e+01
      vertex   -1.314815e+01 1.781470e+01 -3.800852e+01
      vertex   -1.175309e+01 1.781470e+01 -3.800852e+01
    endloop
  endfacet
  facet normal 0.000000e+00 1.305262e-01 9.914449e-01
    outer loop
      vertex   -1.175309e+01 1.781470e+01 -3.800852e+01
      vertex   -1.314815e+01 1.781470e+01 -3.800852e+01
      vertex   -5.500000e+01 1.775000e+01 -3.800000e+01
    endloop
  endfacet
  facet normal -0.000000e+00 1.305262e-01 9.914449e-01
    outer loop
      vertex   -1.175309e+01 1.781470e+01 -3.800852e+01
      vertex   -5.500000e+01 1.775000e+01 -3.800000e+01
      vertex   -1.035802e+01 1.781470e+01 -3.800852e+01
    endloop
  endfacet
  facet normal -0.000000e+00 1.305262e-01 9.914449e-01
    outer loop
      vertex   -1.035802e+01 1.781470e+01 -3.800852e+01
      vertex   -5.500000e+01 1.775000e+01 -3.800000e+01
      vertex   -8.962963e+00 1.781470e+01 -3.800852e+01
    endloop
  endfacet
  facet normal -0.000000e+00 3.826834e-01 9.238795e-01
    outer loop
      vertex   -1.035802e+01 1.781470e+01 -3.800852e+01
      vertex   -8.962963e+00 1.781470e+01 -3.800852e+01
      vertex   -1.035802e+01 1.787500e+01 -3.803349e+01
    endloop
  endfacet
  facet normal -0.000000e+00 3.826834e-01 9.238795e-01
    outer loop
      vertex   -1.035802e+01 1.787500e+01 -3.803349e+01
      vertex   -8.962963e+00 1.781470e+01 -3.800852e+01
      vertex   -8.962963e+00 1.787500e+01 -3.803349e+01
    endloop
  endfacet
  facet normal -0.000000e+00 6.087614e-01 7.933533e-01
    outer loop
      vertex   -1.035802e+01 1.787500e+01 -3.803349e+01
      vertex   -8.962963e+00 1.787500e+01 -3.803349e+01
      vertex   -1.035802e+01 1.792678e+01 -3.807322e+01
    endloop
  endfacet
  facet normal -0.000000e+00 6.087614e-01 7.933533e-01
    outer loop
      vertex   -1.035802e+01 1.792678e+01 -3.807322e+01
      vertex   -8.962963e+00 1.787500e+01 -3.803349e+01
      vertex   -8.962963e+00 1.792678e+01 -3.807322e+01
    endloop
  endfacet
  facet normal -0.000000e+00 7.933533e-01 6.087614e-01
    outer loop
      vertex   -1.035802e+01 1.792678e+01 -3.807322e+01
      vertex   -8.962963e+00 1.792678e+01 -3.807322e+01
      vertex   -1.035802e+01 1.796651e+01 -3.812500e+01
    endloop
  endfacet
  facet normal -0.000000e+00 7.933533e-01 6.087614e-01
    outer loop
      vertex   -1.035802e+01 1.796651e+01 -3.812500e+01
      vertex   -8.962963e+00 1.792678e+01 -3.807322e+01
      vertex   -8.962963e+00 1.796651e+01 -3.812500e+01
    endloop
  endfacet
  facet normal -0.000000e+00 9.238795e-01 3.826834e-01
    outer loop
      vertex   -1.035802e+01 1.796651e+01 -3.812500e+01
      vertex   -8.962963e+00 1.796651e+01 -3.812500e+01
      vertex   -1.035802e+01 1.799148e+01 -3.818530e+01
    endloop
  endfacet
  facet normal -0.000000e+00 9.238795e-01 3.826834e-01
    outer loop
      vertex   -1.035802e+01 1.799148e+01 -3.818530e+01
      vertex   -8.962963e+00 1.796651e+01 -3.812500e+01
      vertex   -8.962963e+00 1.799148e+01 -3.818530e+01
    endloop
  endfacet
  facet normal -0.000000e+00 9.914449e-01 1.305262e-01
    outer loop
      vertex   -1.035802e+01 1.799148e+01 -3.818530e+01
      vertex   -8.962963e+00 1.799148e+01 -3.818530e+01
      vertex   -5.500000e+01 1.800000e+01 -3.825000e+01
    endloop
  endfacet
  facet normal 0.000000e+00 9.914449e-01 1.305262e-01
    outer loop
      vertex   -5.500000e+01 1.800000e+01 -3.825000e+01
      vertex   -8.962963e+00 1.799148e+01 -3.818530e+01
      vertex   -7.567901e+00 1.799148e+01 -3.818530e+01
    endloop
  endfacet
  facet normal 0.000000e+00 9.914449e-01 1.305262e-01
    outer loop
      vertex   -5.500000e+01 1.800000e+01 -3.825000e+01
      vertex   -7.567901e+00 1.799148e+01 -3.818530e+01
      vertex   -6.172840e+00 1.799148e+01 -3.818530e+01
    endloop
  endfacet
  facet normal 0.000000e+00 9.238795e-01 3.826834e-01
    outer loop
      vertex   -6.172840e+00 1.799148e+01 -3.818530e+01
      vertex   -7.567901e+00 1.799148e+01 -3.818530e+01
      vertex   -6.172840e+00 1.796651e+01 -3.812500e+01
    endloop
  endfacet
  facet normal 0.000000e+00 9.238795e-01 3.826834e-01
    outer loop
      vertex   -6.172840e+00 1.799148e+01 -3.818530e+01
      vertex   -6.172840e+00 1.796651e+01 -3.812500e+01
      vertex   -4.777778e+00 1.796651e+01 -3.812500e+01
    endloop
  endfacet
  facet normal 0.000000e+00 7.933533e-01 6.087614e-01
    outer loop
      vertex   -4.777778e+00 1.796651e+01 -3.812500e+01
      vertex   -6.172840e+00 1.796651e+01 -3.812500e+01
      vertex   -4.777778e+00 1.792678e+01 -3.807322e+01
    endloop
  endfacet
  facet normal 0.000000e+00 7.933533e-01 6.087614e-01
    outer loop
      vertex   -4.777778e+00 1.796651e+01 -3.812500e+01
      vertex   -4.777778e+00 1.792678e+01 -3.807322e+01
      vertex   -3.382716e+00 1.792678e+01 -3.807322e+01
    endloop
  endfacet
  facet normal 0.000000e+00 6.087614e-01 7.933533e-01
    outer loop
      vertex   -3.382716e+00 1.792678e+01 -3.807322e+01
      vertex   -4.777778e+00 1.792678e+01 -3.807322e+01
      vertex   -3.382716e+00 1.787500e+01 -3.803349e+01
    endloop
  endfacet
  facet normal 0.000000e+00 6.087614e-01 7.933533e-01
    outer loop
      vertex   -3.382716e+00 1.792678e+01 -3.807322e+01
      vertex   -3.382716e+00 1.787500e+01 -3.803349e+01
      vertex   -1.987654e+00 1.787500e+01 -3.803349e+01
    endloop
  endfacet
  facet normal 0.000000e+00 3.826834e-01 9.238795e-01
    outer loop
      vertex   -1.987654e+00 1.787500e+01 -3.803349e+01
      vertex   -3.382716e+00 1.787500e+01 -3.803349e+01
      vertex   -1.987654e+00 1.781470e+01 -3.800852e+01
    endloop
  endfacet
  facet normal 0.000000e+00 3.826834e-01 9.238795e-01
    outer loop
      vertex   -1.987654e+00 1.787500e+01 -3.803349e+01
      vertex   -1.987654e+00 1.781470e+01 -3.800852e+01
      vertex   -5.925926e-01 1.781470e+01 -3.800852e+01
    endloop
  endfacet
  facet normal 0.000000e+00 1.305262e-01 9.914449e-01
    outer loop
      vertex   -5.925926e-01 1.781470e+01 -3.800852e+01
      vertex   -1.987654e+00 1.781470e+01 -3.800852e+01
      vertex   -5.500000e+01 1.775000e+01 -3.800000e+01
    endloop
  endfacet
  facet normal -0.000000e+00 1.305262e-01 9.914449e-01
    outer loop
      vertex   -5.925926e-01 1.781470e+01 -3.800852e+01
      vertex   -5.500000e+01 1.775000e+01 -3.800000e+01
      vertex   8.024691e-01 1.781470e+01 -3.800852e+01
    endloop
  endfacet
  facet normal -4.110837e-18 1.305262e-01 9.914449e-01
    outer loop
      vertex   8.024691e-01 1.781470e+01 -3.800852e+01
      vertex   -5.500000e+01 1.775000e+01 -3.800000e+01
      vertex   5.775000e+01 1.775000e+01 -3.800000e+01
    endloop
  endfacet
  facet normal -0.000000e+00 1.305262e-01 9.914449e-01
    outer loop
      vertex   8.024691e-01 1.781470e+01 -3.800852e+01
      vertex   5.775000e+01 1.775000e+01 -3.800000e+01
      vertex   2.197531e+00 1.781470e+01 -3.800852e+01
    endloop
  endfacet
  facet normal -0.000000e+00 1.305262e-01 9.914449e-01
    outer loop
      vertex   2.197531e+00 1.781470e+01 -3.800852e+01
      vertex   5.775000e+01 1.775000e+01 -3.800000e+01
      vertex   3.592593e+00 1.781470e+01 -3.800852e+01
    endloop
  endfacet
  facet normal -0.000000e+00 3.826834e-01 9.238795e-01
    outer loop
      vertex   2.197531e+00 1.781470e+01 -3.800852e+01
      vertex   3.592593e+00 1.781470e+01 -3.800852e+01
      vertex   2.197531e+00 1.787500e+01 -3.803349e+01
    endloop
  endfacet
  facet normal -0.000000e+00 3.826834e-01 9.238795e-01
    outer loop
      vertex   2.197531e+00 1.787500e+01 -3.803349e+01
      vertex   3.592593e+00 1.781470e+01 -3.800852e+01
      vertex   3.592593e+00 1.787500e+01 -3.803349e+01
    endloop
  endfacet
  facet normal -0.000000e+00 6.087614e-01 7.933533e-01
    outer loop
      vertex   2.197531e+00 1.787500e+01 -3.803349e+01
      vertex   3.592593e+00 1.787500e+01 -3.803349e+01
      vertex   2.197531e+00 1.792678e+01 -3.807322e+01
    endloop
  endfacet
  facet normal -0.000000e+00 6.087614e-01 7.933533e-01
    outer loop
      vertex   2.197531e+00 1.792678e+01 -3.807322e+01
      vertex   3.592593e+00 1.787500e+01 -3.803349e+01
      vertex   3.592593e+00 1.792678e+01 -3.807322e+01
    endloop
  endfacet
  facet normal -0.000000e+00 7.933533e-01 6.087614e-01
    outer loop
      vertex   2.197531e+00 1.792678e+01 -3.807322e+01
      vertex   3.592593e+00 1.792678e+01 -3.807322e+01
      vertex   2.197531e+00 1.796651e+01 -3.812500e+01
    endloop
  endfacet
  facet normal -0.000000e+00 7.933533e-01 6.087614e-01
    outer loop
      vertex   2.197531e+00 1.796651e+01 -3.812500e+01
      vertex   3.592593e+00 1.792678e+01 -3.807322e+01
      vertex   3.592593e+00 1.796651e+01 -3.812500e+01
    endloop
  endfacet
  facet normal -0.000000e+00 9.238795e-01 3.826834e-01
    outer loop
      vertex   2.197531e+00 1.796651e+01 -3.812500e+01
      vertex   3.592593e+00 1.796651e+01 -3.812500e+01
      vertex   2.197531e+00 1.799148e+01 -3.818530e+01
    endloop
  endfacet
  facet normal -0.000000e+00 9.238795e-01 3.826834e-01
    outer loop
      vertex   2.197531e+00 1.799148e+01 -3.818530e+01
      vertex   3.592593e+00 1.796651e+01 -3.812500e+01
      vertex   3.592593e+00 1.799148e+01 -3.818530e+01
    endloop
  endfacet
  facet normal -0.000000e+00 9.914449e-01 1.305262e-01
    outer loop
      vertex   2.197531e+00 1.799148e+01 -3.818530e+01
      vertex   3.592593e+00 1.799148e+01 -3.818530e+01
      vertex   -5.500000e+01 1.800000e+01 -3.825000e+01
    endloop
  endfacet
  facet normal 0.000000e+00 9.914449e-01 1.305262e-01
    outer loop
      vertex   -5.500000e+01 1.800000e+01 -3.825000e+01
      vertex   3.592593e+00 1.799148e+01 -3.818530e+01
      vertex   4.987654e+00 1.799148e+01 -3.818530e+01
    endloop
  endfacet
  facet normal 0.000000e+00 9.914449e-01 1.305262e-01
    outer loop
      vertex   -5.500000e+01 1.800000e+01 -3.825000e+01
      vertex   4.987654e+00 1.799148e+01 -3.818530e+01
      vertex   6.382716e+00 1.799148e+01 -3.818530e+01
    endloop
  endfacet
  facet normal 0.000000e+00 9.238795e-01 3.826834e-01
    outer loop
      vertex   6.382716e+00 1.799148e+01 -3.818530e+01
      vertex   4.987654e+00 1.799148e+01 -3.818530e+01
      vertex   6.382716e+00 1.796651e+01 -3.812500e+01
    endloop
  endfacet
  facet normal 0.000000e+00 9.238795e-01 3.826834e-01
    outer loop
      vertex   6.382716e+00 1.799148e+01 -3.818530e+01
      vertex   6.382716e+00 1.796651e+01 -3.812500e+01
      vertex   7.777778e+00 1.796651e+01 -3.812500e+01
    endloop
  endfacet
  facet normal 0.000000e+00 7.933533e-01 6.087614e-01
    outer loop
      vertex   7.777778e+00 1.796651e+01 -3.812500e+01
      vertex   6.382716e+00 1.796651e+01 -3.812500e+01
      vertex   7.777778e+00 1.792678e+01 -3.807322e+01
    endloop
  endfacet
  facet normal 0.000000e+00 7.933533e-01 6.087614e-01
    outer loop
      vertex   7.777778e+00 1.796651e+01 -3.812500e+01
      vertex   7.777778e+00 1.792678e+01 -3.807322e+01
      vertex   9.172840e+00 1.792678e+01 -3.807322e+01
    endloop
  endfacet
  facet normal 0.000000e+00 6.087614e-01 7.933533e-01
    outer loop
      vertex   9.172840e+00 1.792678e+01 -3.807322e+01
      vertex   7.777778e+00 1.792678e+01 -3.807322e+01
      vertex   9.172840e+00 1.787500e+01 -3.803349e+01
    endloop
  endfacet
  facet normal 0.000000e+00 6.087614e-01 7.933533e-01
    outer loop
      vertex   9.172840e+00 1.792678e+01 -3.807322e+01
      vertex   9.172840e+00 1.787500e+01 -3.803349e+01
      vertex   1.056790e+01 1.787500e+01 -3.803349e+01
    endloop
  endfacet
  facet normal 0.000000e+00 3.826834e-01 9.238795e-01
    outer loop
      vertex   1.056790e+01 1.787500e+01 -3.803349e+01
      vertex   9.172840e+00 1.787500e+01 -3.803349e+01
      vertex   1.056790e+01 1.781470e+01 -3.800852e+01
    endloop
  endfacet
  facet normal 0.000000e+00 3.826834e-01 9.238795e-01
    outer loop
      vertex   1.056790e+01 1.787500e+01 -3.803349e+01
      vertex   1.056790e+01 1.781470e+01 -3.800852e+01
      vertex   1.196296e+01 1.781470e+01 -3.800852e+01
    endloop
  endfacet
  facet normal 0.000000e+00 1.305262e-01 9.914449e-01
    outer loop
      vertex   1.196296e+01 1.781470e+01 -3.800852e+01
      vertex   1.056790e+01 1.781470e+01 -3.800852e+01
      vertex   5.775000e+01 1.775000e+01 -3.800000e+01
    endloop
  endfacet
  facet normal -0.000000e+00 1.305262e-01 9.914449e-01
    outer loop
      vertex   1.196296e+01 1.781470e+01 -3.800852e+01
      vertex   5.775000e+01 1.775000e+01 -3.800000e+01
      vertex   1.335802e+01 1.781470e+01 -3.800852e+01
    endloop
  endfacet
  facet normal 0.000000e+00 9.238795e-01 3.826834e-01
    outer loop
      vertex   -5.360494e+01 1.799148e+01 -3.818530e+01
      vertex   -5.500000e+01 1.799148e+01 -3.818530e+01
      vertex   -5.360494e+01 1.796651e+01 -3.812500e+01
    endloop
  endfacet
  facet normal 2.352784e-15 9.238795e-01 3.826834e-01
    outer loop
      vertex   -5.360494e+01 1.796651e+01 -3.812500e+01
      vertex   -5.500000e+01 1.799148e+01 -3.818530e+01
      vertex   -5.500000e+01 1.796651e+01 -3.812500e+01
    endloop
  endfacet
  facet normal 2.020382e-15 7.933533e-01 6.087614e-01
    outer loop
      vertex   -5.360494e+01 1.796651e+01 -3.812500e+01
      vertex   -5.500000e+01 1.796651e+01 -3.812500e+01
      vertex   -5.360494e+01 1.792678e+01 -3.807322e+01
    endloop
  endfacet
  facet normal 0.000000e+00 7.933533e-01 6.087614e-01
    outer loop
      vertex   -5.360494e+01 1.792678e+01 -3.807322e+01
      vertex   -5.500000e+01 1.796651e+01 -3.812500e+01
      vertex   -5.500000e+01 1.792678e+01 -3.807322e+01
    endloop
  endfacet
  facet normal 0.000000e+00 6.087614e-01 7.933533e-01
    outer loop
      vertex   -5.360494e+01 1.792678e+01 -3.807322e+01
      vertex   -5.500000e+01 1.792678e+01 -3.807322e+01
      vertex   -5.360494e+01 1.787500e+01 -3.803349e+01
    endloop
  endfacet
  facet normal 5.591057e-15 6.087614e-01 7.933533e-01
    outer loop
      vertex   -5.360494e+01 1.787500e+01 -3.803349e+01
      vertex   -5.500000e+01 1.792678e+01 -3.807322e+01
      vertex   -5.500000e+01 1.787500e+01 -3.803349e+01
    endloop
  endfacet
  facet normal 5.680124e-15 3.826834e-01 9.238795e-01
    outer loop
      vertex   -5.360494e+01 1.787500e+01 -3.803349e+01
      vertex   -5.500000e+01 1.787500e+01 -3.803349e+01
      vertex   -5.360494e+01 1.781470e+01 -3.800852e+01
    endloop
  endfacet
  facet normal 9.745552e-16 3.826834e-01 9.238795e-01
    outer loop
      vertex   -5.360494e+01 1.781470e+01 -3.800852e+01
      vertex   -5.500000e+01 1.787500e+01 -3.803349e+01
      vertex   -5.500000e+01 1.781470e+01 -3.800852e+01
    endloop
  endfacet
  facet normal 3.324026e-16 1.305262e-01 9.914449e-01
    outer loop
      vertex   -5.360494e+01 1.781470e+01 -3.800852e+01
      vertex   -5.500000e+01 1.781470e+01 -3.800852e+01
      vertex   -5.500000e+01 1.775000e+01 -3.800000e+01
    endloop
  endfacet
  facet normal 0.000000e+00 6.343933e-01 7.730105e-01
    outer loop
      vertex   5.788889e+01 1.788889e+01 -3.804213e+01
      vertex   5.792678e+01 1.792678e+01 -3.807322e+01
      vertex   5.660494e+01 1.792678e+01 -3.807322e+01
    endloop
  endfacet
  facet normal -0.000000e+00 7.730105e-01 6.343933e-01
    outer loop
      vertex   5.660494e+01 1.792678e+01 -3.807322e+01
      vertex   5.792678e+01 1.792678e+01 -3.807322e+01
      vertex   5.795787e+01 1.795787e+01 -3.811111e+01
    endloop
  endfacet
  facet normal -1.185217e-03 7.933528e-01 6.087610e-01
    outer loop
      vertex   5.660494e+01 1.792678e+01 -3.807322e+01
      vertex   5.795787e+01 1.795787e+01 -3.811111e+01
      vertex   5.660494e+01 1.796651e+01 -3.812500e+01
    endloop
  endfacet
  facet normal 7.863777e-04 8.817462e-01 4.717235e-01
    outer loop
      vertex   5.660494e+01 1.796651e+01 -3.812500e+01
      vertex   5.795787e+01 1.795787e+01 -3.811111e+01
      vertex   5.798097e+01 1.798097e+01 -3.815433e+01
    endloop
  endfacet
  facet normal -1.554312e-03 9.238784e-01 3.826830e-01
    outer loop
      vertex   5.660494e+01 1.796651e+01 -3.812500e+01
      vertex   5.798097e+01 1.798097e+01 -3.815433e+01
      vertex   5.660494e+01 1.799148e+01 -3.818530e+01
    endloop
  endfacet
  facet normal 7.722483e-04 9.568750e-01 2.904991e-01
    outer loop
      vertex   5.660494e+01 1.799148e+01 -3.818530e+01
      vertex   5.798097e+01 1.798097e+01 -3.815433e+01
      vertex   5.799520e+01 1.799520e+01 -3.820123e+01
    endloop
  endfacet
  facet normal -9.632911e-04 9.891968e-01 1.465906e-01
    outer loop
      vertex   5.660494e+01 1.799148e+01 -3.818530e+01
      vertex   5.799520e+01 1.799520e+01 -3.820123e+01
      vertex   5.799880e+01 1.799880e+01 -3.822550e+01
    endloop
  endfacet
  facet normal 0.000000e+00 9.238795e-01 3.826834e-01
    outer loop
      vertex   -5.220988e+01 1.799148e+01 -3.818530e+01
      vertex   -5.360494e+01 1.799148e+01 -3.818530e+01
      vertex   -5.220988e+01 1.796651e+01 -3.812500e+01
    endloop
  endfacet
  facet normal 0.000000e+00 9.238795e-01 3.826834e-01
    outer loop
      vertex   -5.220988e+01 1.796651e+01 -3.812500e+01
      vertex   -5.360494e+01 1.799148e+01 -3.818530e+01
      vertex   -5.360494e+01 1.796651e+01 -3.812500e+01
    endloop
  endfacet
  facet normal 0.000000e+00 7.933533e-01 6.087614e-01
    outer loop
      vertex   -5.220988e+01 1.796651e+01 -3.812500e+01
      vertex   -5.360494e+01 1.796651e+01 -3.812500e+01
      vertex   -5.220988e+01 1.792678e+01 -3.807322e+01
    endloop
  endfacet
  facet normal 0.000000e+00 7.933533e-01 6.087614e-01
    outer loop
      vertex   -5.220988e+01 1.792678e+01 -3.807322e+01
      vertex   -5.360494e+01 1.796651e+01 -3.812500e+01
      vertex   -5.360494e+01 1.792678e+01 -3.807322e+01
    endloop
  endfacet
  facet normal 0.000000e+00 6.087614e-01 7.933533e-01
    outer loop
      vertex   -5.220988e+01 1.792678e+01 -3.807322e+01
      vertex   -5.360494e+01 1.792678e+01 -3.807322e+01
      vertex   -5.220988e+01 1.787500e+01 -3.803349e+01
    endloop
  endfacet
  facet normal 0.000000e+00 6.087614e-01 7.933533e-01
    outer loop
      vertex   -5.220988e+01 1.787500e+01 -3.803349e+01
      vertex   -5.360494e+01 1.792678e+01 -3.807322e+01
      vertex   -5.360494e+01 1.787500e+01 -3.803349e+01
    endloop
  endfacet
  facet normal 0.000000e+00 3.826834e-01 9.238795e-01
    outer loop
      vertex   -5.220988e+01 1.787500e+01 -3.803349e+01
      vertex   -5.360494e+01 1.787500e+01 -3.803349e+01
      vertex   -5.220988e+01 1.781470e+01 -3.800852e+01
    endloop
  endfacet
  facet normal 0.000000e+00 3.826834e-01 9.238795e-01
    outer loop
      vertex   -5.220988e+01 1.781470e+01 -3.800852e+01
      vertex   -5.360494e+01 1.787500e+01 -3.803349e+01
      vertex   -5.360494e+01 1.781470e+01 -3.800852e+01
    endloop
  endfacet
  facet normal 0.000000e+00 1.305262e-01 9.914449e-01
    outer loop
      vertex   -5.220988e+01 1.781470e+01 -3.800852e+01
      vertex   -5.360494e+01 1.781470e+01 -3.800852e+01
      vertex   -5.500000e+01 1.775000e+01 -3.800000e+01
    endloop
  endfacet
  facet normal -0.000000e+00 9.914449e-01 1.305262e-01
    outer loop
      vertex   -5.081481e+01 1.799148e+01 -3.818530e+01
      vertex   -4.941975e+01 1.799148e+01 -3.818530e+01
      vertex   -5.500000e+01 1.800000e+01 -3.825000e+01
    endloop
  endfacet
  facet normal 0.000000e+00 9.914449e-01 1.305262e-01
    outer loop
      vertex   -5.500000e+01 1.800000e+01 -3.825000e+01
      vertex   -4.941975e+01 1.799148e+01 -3.818530e+01
      vertex   -4.802469e+01 1.799148e+01 -3.818530e+01
    endloop
  endfacet
  facet normal 0.000000e+00 9.914449e-01 1.305262e-01
    outer loop
      vertex   -5.500000e+01 1.800000e+01 -3.825000e+01
      vertex   -4.802469e+01 1.799148e+01 -3.818530e+01
      vertex   -4.662963e+01 1.799148e+01 -3.818530e+01
    endloop
  endfacet
  facet normal 0.000000e+00 9.238795e-01 3.826834e-01
    outer loop
      vertex   -4.662963e+01 1.799148e+01 -3.818530e+01
      vertex   -4.802469e+01 1.799148e+01 -3.818530e+01
      vertex   -4.662963e+01 1.796651e+01 -3.812500e+01
    endloop
  endfacet
  facet normal 0.000000e+00 9.238795e-01 3.826834e-01
    outer loop
      vertex   -4.662963e+01 1.799148e+01 -3.818530e+01
      vertex   -4.662963e+01 1.796651e+01 -3.812500e+01
      vertex   -4.523457e+01 1.796651e+01 -3.812500e+01
    endloop
  endfacet
  facet normal 0.000000e+00 7.933533e-01 6.087614e-01
    outer loop
      vertex   -4.523457e+01 1.796651e+01 -3.812500e+01
      vertex   -4.662963e+01 1.796651e+01 -3.812500e+01
      vertex   -4.523457e+01 1.792678e+01 -3.807322e+01
    endloop
  endfacet
  facet normal 0.000000e+00 7.933533e-01 6.087614e-01
    outer loop
      vertex   -4.523457e+01 1.796651e+01 -3.812500e+01
      vertex   -4.523457e+01 1.792678e+01 -3.807322e+01
      vertex   -4.383951e+01 1.792678e+01 -3.807322e+01
    endloop
  endfacet
  facet normal 0.000000e+00 6.087614e-01 7.933533e-01
    outer loop
      vertex   -4.383951e+01 1.792678e+01 -3.807322e+01
      vertex   -4.523457e+01 1.792678e+01 -3.807322e+01
      vertex   -4.383951e+01 1.787500e+01 -3.803349e+01
    endloop
  endfacet
  facet normal -0.000000e+00 9.238795e-01 3.826834e-01
    outer loop
      vertex   -5.081481e+01 1.799148e+01 -3.818530e+01
      vertex   -4.941975e+01 1.796651e+01 -3.812500e+01
      vertex   -4.941975e+01 1.799148e+01 -3.818530e+01
    endloop
  endfacet
  facet normal 0.000000e+00 9.238795e-01 3.826834e-01
    outer loop
      vertex   -4.941975e+01 1.799148e+01 -3.818530e+01
      vertex   -4.941975e+01 1.796651e+01 -3.812500e+01
      vertex   -4.802469e+01 1.796651e+01 -3.812500e+01
    endloop
  endfacet
  facet normal -0.000000e+00 9.238795e-01 3.826834e-01
    outer loop
      vertex   -4.941975e+01 1.799148e+01 -3.818530e+01
      vertex   -4.802469e+01 1.796651e+01 -3.812500e+01
      vertex   -4.802469e+01 1.799148e+01 -3.818530e+01
    endloop
  endfacet
  facet normal 0.000000e+00 9.238795e-01 3.826834e-01
    outer loop
      vertex   -4.802469e+01 1.799148e+01 -3.818530e+01
      vertex   -4.802469e+01 1.796651e+01 -3.812500e+01
      vertex   -4.662963e+01 1.796651e+01 -3.812500e+01
    endloop
  endfacet
  facet normal 0.000000e+00 9.914449e-01 1.305262e-01
    outer loop
      vertex   -4.383951e+01 1.799148e+01 -3.818530e+01
      vertex   -5.500000e+01 1.800000e+01 -3.825000e+01
      vertex   -4.523457e+01 1.799148e+01 -3.818530e+01
    endloop
  endfacet
  facet normal 0.000000e+00 9.914449e-01 1.305262e-01
    outer loop
      vertex   -4.523457e+01 1.799148e+01 -3.818530e+01
      vertex   -5.500000e+01 1.800000e+01 -3.825000e+01
      vertex   -4.662963e+01 1.799148e+01 -3.818530e+01
    endloop
  endfacet
  facet normal 0.000000e+00 9.238795e-01 3.826834e-01
    outer loop
      vertex   -4.523457e+01 1.799148e+01 -3.818530e+01
      vertex   -4.662963e+01 1.799148e+01 -3.818530e+01
      vertex   -4.523457e+01 1.796651e+01 -3.812500e+01
    endloop
  endfacet
  facet normal 0.000000e+00 9.238795e-01 3.826834e-01
    outer loop
      vertex   -4.383951e+01 1.796651e+01 -3.812500e+01
      vertex   -4.383951e+01 1.799148e+01 -3.818530e+01
      vertex   -4.523457e+01 1.799148e+01 -3.818530e+01
    endloop
  endfacet
  facet normal 0.000000e+00 9.238795e-01 3.826834e-01
    outer loop
      vertex   -4.383951e+01 1.796651e+01 -3.812500e+01
      vertex   -4.523457e+01 1.799148e+01 -3.818530e+01
      vertex   -4.523457e+01 1.796651e+01 -3.812500e+01
    endloop
  endfacet
  facet normal 0.000000e+00 9.238795e-01 3.826834e-01
    outer loop
      vertex   -4.104938e+01 1.799148e+01 -3.818530e+01
      vertex   -4.244444e+01 1.799148e+01 -3.818530e+01
      vertex   -4.104938e+01 1.796651e+01 -3.812500e+01
    endloop
  endfacet
  facet normal 0.000000e+00 9.238795e-01 3.826834e-01
    outer loop
      vertex   -4.104938e+01 1.796651e+01 -3.812500e+01
      vertex   -4.244444e+01 1.799148e+01 -3.818530e+01
      vertex   -4.244444e+01 1.796651e+01 -3.812500e+01
    endloop
  endfacet
  facet normal 0.000000e+00 7.933533e-01 6.087614e-01
    outer loop
      vertex   -4.104938e+01 1.796651e+01 -3.812500e+01
      vertex   -4.244444e+01 1.796651e+01 -3.812500e+01
      vertex   -4.104938e+01 1.792678e+01 -3.807322e+01
    endloop
  endfacet
  facet normal 0.000000e+00 7.933533e-01 6.087614e-01
    outer loop
      vertex   -4.104938e+01 1.792678e+01 -3.807322e+01
      vertex   -4.244444e+01 1.796651e+01 -3.812500e+01
      vertex   -4.244444e+01 1.792678e+01 -3.807322e+01
    endloop
  endfacet
  facet normal 0.000000e+00 6.087614e-01 7.933533e-01
    outer loop
      vertex   -4.104938e+01 1.792678e+01 -3.807322e+01
      vertex   -4.244444e+01 1.792678e+01 -3.807322e+01
      vertex   -4.104938e+01 1.787500e+01 -3.803349e+01
    endloop
  endfacet
  facet normal 0.000000e+00 6.087614e-01 7.933533e-01
    outer loop
      vertex   -4.104938e+01 1.787500e+01 -3.803349e+01
      vertex   -4.244444e+01 1.792678e+01 -3.807322e+01
      vertex   -4.244444e+01 1.787500e+01 -3.803349e+01
    endloop
  endfacet
  facet normal 0.000000e+00 3.826834e-01 9.238795e-01
    outer loop
      vertex   -4.104938e+01 1.787500e+01 -3.803349e+01
      vertex   -4.244444e+01 1.787500e+01 -3.803349e+01
      vertex   -4.104938e+01 1.781470e+01 -3.800852e+01
    endloop
  endfacet
  facet normal 0.000000e+00 3.826834e-01 9.238795e-01
    outer loop
      vertex   -4.104938e+01 1.781470e+01 -3.800852e+01
      vertex   -4.244444e+01 1.787500e+01 -3.803349e+01
      vertex   -4.244444e+01 1.781470e+01 -3.800852e+01
    endloop
  endfacet
  facet normal 0.000000e+00 1.305262e-01 9.914449e-01
    outer loop
      vertex   -4.104938e+01 1.781470e+01 -3.800852e+01
      vertex   -4.244444e+01 1.781470e+01 -3.800852e+01
      vertex   -5.500000e+01 1.775000e+01 -3.800000e+01
    endloop
  endfacet
  facet normal -0.000000e+00 9.914449e-01 1.305262e-01
    outer loop
      vertex   -3.965432e+01 1.799148e+01 -3.818530e+01
      vertex   -3.825926e+01 1.799148e+01 -3.818530e+01
      vertex   -5.500000e+01 1.800000e+01 -3.825000e+01
    endloop
  endfacet
  facet normal 0.000000e+00 9.914449e-01 1.305262e-01
    outer loop
      vertex   -5.500000e+01 1.800000e+01 -3.825000e+01
      vertex   -3.825926e+01 1.799148e+01 -3.818530e+01
      vertex   -3.686420e+01 1.799148e+01 -3.818530e+01
    endloop
  endfacet
  facet normal 0.000000e+00 9.914449e-01 1.305262e-01
    outer loop
      vertex   -5.500000e+01 1.800000e+01 -3.825000e+01
      vertex   -3.686420e+01 1.799148e+01 -3.818530e+01
      vertex   -3.546914e+01 1.799148e+01 -3.818530e+01
    endloop
  endfacet
  facet normal 0.000000e+00 9.238795e-01 3.826834e-01
    outer loop
      vertex   -3.546914e+01 1.799148e+01 -3.818530e+01
      vertex   -3.686420e+01 1.799148e+01 -3.818530e+01
      vertex   -3.546914e+01 1.796651e+01 -3.812500e+01
    endloop
  endfacet
  facet normal 0.000000e+00 9.238795e-01 3.826834e-01
    outer loop
      vertex   -3.546914e+01 1.799148e+01 -3.818530e+01
      vertex   -3.546914e+01 1.796651e+01 -3.812500e+01
      vertex   -3.407407e+01 1.796651e+01 -3.812500e+01
    endloop
  endfacet
  facet normal 0.000000e+00 7.933533e-01 6.087614e-01
    outer loop
      vertex   -3.407407e+01 1.796651e+01 -3.812500e+01
      vertex   -3.546914e+01 1.796651e+01 -3.812500e+01
      vertex   -3.407407e+01 1.792678e+01 -3.807322e+01
    endloop
  endfacet
  facet normal 0.000000e+00 7.933533e-01 6.087614e-01
    outer loop
      vertex   -3.407407e+01 1.796651e+01 -3.812500e+01
      vertex   -3.407407e+01 1.792678e+01 -3.807322e+01
      vertex   -3.267901e+01 1.792678e+01 -3.807322e+01
    endloop
  endfacet
  facet normal 0.000000e+00 6.087614e-01 7.933533e-01
    outer loop
      vertex   -3.267901e+01 1.792678e+01 -3.807322e+01
      vertex   -3.407407e+01 1.792678e+01 -3.807322e+01
      vertex   -3.267901e+01 1.787500e+01 -3.803349e+01
    endloop
  endfacet
  facet normal -0.000000e+00 9.238795e-01 3.826834e-01
    outer loop
      vertex   -3.965432e+01 1.799148e+01 -3.818530e+01
      vertex   -3.825926e+01 1.796651e+01 -3.812500e+01
      vertex   -3.825926e+01 1.799148e+01 -3.818530e+01
    endloop
  endfacet
  facet normal 0.000000e+00 9.238795e-01 3.826834e-01
    outer loop
      vertex   -3.825926e+01 1.799148e+01 -3.818530e+01
      vertex   -3.825926e+01 1.796651e+01 -3.812500e+01
      vertex   -3.686420e+01 1.796651e+01 -3.812500e+01
    endloop
  endfacet
  facet normal -0.000000e+00 9.238795e-01 3.826834e-01
    outer loop
      vertex   -3.825926e+01 1.799148e+01 -3.818530e+01
      vertex   -3.686420e+01 1.796651e+01 -3.812500e+01
      vertex   -3.686420e+01 1.799148e+01 -3.818530e+01
    endloop
  endfacet
  facet normal 0.000000e+00 9.238795e-01 3.826834e-01
    outer loop
      vertex   -3.686420e+01 1.799148e+01 -3.818530e+01
      vertex   -3.686420e+01 1.796651e+01 -3.812500e+01
      vertex   -3.546914e+01 1.796651e+01 -3.812500e+01
    endloop
  endfacet
  facet normal 0.000000e+00 9.914449e-01 1.305262e-01
    outer loop
      vertex   -3.267901e+01 1.799148e+01 -3.818530e+01
      vertex   -5.500000e+01 1.800000e+01 -3.825000e+01
      vertex   -3.407407e+01 1.799148e+01 -3.818530e+01
    endloop
  endfacet
  facet normal 0.000000e+00 9.914449e-01 1.305262e-01
    outer loop
      vertex   -3.407407e+01 1.799148e+01 -3.818530e+01
      vertex   -5.500000e+01 1.800000e+01 -3.825000e+01
      vertex   -3.546914e+01 1.799148e+01 -3.818530e+01
    endloop
  endfacet
  facet normal 0.000000e+00 9.238795e-01 3.826834e-01
    outer loop
      vertex   -3.407407e+01 1.799148e+01 -3.818530e+01
      vertex   -3.546914e+01 1.799148e+01 -3.818530e+01
      vertex   -3.407407e+01 1.796651e+01 -3.812500e+01
    endloop
  endfacet
  facet normal 0.000000e+00 9.238795e-01 3.826834e-01
    outer loop
      vertex   -3.267901e+01 1.796651e+01 -3.812500e+01
      vertex   -3.267901e+01 1.799148e+01 -3.818530e+01
      vertex   -3.407407e+01 1.799148e+01 -3.818530e+01
    endloop
  endfacet
  facet normal 0.000000e+00 9.238795e-01 3.826834e-01
    outer loop
      vertex   -3.267901e+01 1.796651e+01 -3.812500e+01
      vertex   -3.407407e+01 1.799148e+01 -3.818530e+01
      vertex   -3.407407e+01 1.796651e+01 -3.812500e+01
    endloop
  endfacet
  facet normal 0.000000e+00 9.238795e-01 3.826834e-01
    outer loop
      vertex   -2.988889e+01 1.799148e+01 -3.818530e+01
      vertex   -3.128395e+01 1.799148e+01 -3.818530e+01
      vertex   -2.988889e+01 1.796651e+01 -3.812500e+01
    endloop
  endfacet
  facet normal 0.000000e+00 9.238795e-01 3.826834e-01
    outer loop
      vertex   -2.988889e+01 1.796651e+01 -3.812500e+01
      vertex   -3.128395e+01 1.799148e+01 -3.818530e+01
      vertex   -3.128395e+01 1.796651e+01 -3.812500e+01
    endloop
  endfacet
  facet normal 0.000000e+00 7.933533e-01 6.087614e-01
    outer loop
      vertex   -2.988889e+01 1.796651e+01 -3.812500e+01
      vertex   -3.128395e+01 1.796651e+01 -3.812500e+01
      vertex   -2.988889e+01 1.792678e+01 -3.807322e+01
    endloop
  endfacet
  facet normal 0.000000e+00 7.933533e-01 6.087614e-01
    outer loop
      vertex   -2.988889e+01 1.792678e+01 -3.807322e+01
      vertex   -3.128395e+01 1.796651e+01 -3.812500e+01
      vertex   -3.128395e+01 1.792678e+01 -3.807322e+01
    endloop
  endfacet
  facet normal 0.000000e+00 6.087614e-01 7.933533e-01
    outer loop
      vertex   -2.988889e+01 1.792678e+01 -3.807322e+01
      vertex   -3.128395e+01 1.792678e+01 -3.807322e+01
      vertex   -2.988889e+01 1.787500e+01 -3.803349e+01
    endloop
  endfacet
  facet normal 0.000000e+00 6.087614e-01 7.933533e-01
    outer loop
      vertex   -2.988889e+01 1.787500e+01 -3.803349e+01
      vertex   -3.128395e+01 1.792678e+01 -3.807322e+01
      vertex   -3.128395e+01 1.787500e+01 -3.803349e+01
    endloop
  endfacet
  facet normal 0.000000e+00 3.826834e-01 9.238795e-01
    outer loop
      vertex   -2.988889e+01 1.787500e+01 -3.803349e+01
      vertex   -3.128395e+01 1.787500e+01 -3.803349e+01
      vertex   -2.988889e+01 1.781470e+01 -3.800852e+01
    endloop
  endfacet
  facet normal 0.000000e+00 3.826834e-01 9.238795e-01
    outer loop
      vertex   -2.988889e+01 1.781470e+01 -3.800852e+01
      vertex   -3.128395e+01 1.787500e+01 -3.803349e+01
      vertex   -3.128395e+01 1.781470e+01 -3.800852e+01
    endloop
  endfacet
  facet normal 0.000000e+00 1.305262e-01 9.914449e-01
    outer loop
      vertex   -2.988889e+01 1.781470e+01 -3.800852e+01
      vertex   -3.128395e+01 1.781470e+01 -3.800852e+01
      vertex   -5.500000e+01 1.775000e+01 -3.800000e+01
    endloop
  endfacet
  facet normal -0.000000e+00 9.914449e-01 1.305262e-01
    outer loop
      vertex   -2.849383e+01 1.799148e+01 -3.818530e+01
      vertex   -2.709877e+01 1.799148e+01 -3.818530e+01
      vertex   -5.500000e+01 1.800000e+01 -3.825000e+01
    endloop
  endfacet
  facet normal 0.000000e+00 9.914449e-01 1.305262e-01
    outer loop
      vertex   -5.500000e+01 1.800000e+01 -3.825000e+01
      vertex   -2.709877e+01 1.799148e+01 -3.818530e+01
      vertex   -2.570370e+01 1.799148e+01 -3.818530e+01
    endloop
  endfacet
  facet normal 0.000000e+00 9.914449e-01 1.305262e-01
    outer loop
      vertex   -5.500000e+01 1.800000e+01 -3.825000e+01
      vertex   -2.570370e+01 1.799148e+01 -3.818530e+01
      vertex   -2.430864e+01 1.799148e+01 -3.818530e+01
    endloop
  endfacet
  facet normal 0.000000e+00 9.238795e-01 3.826834e-01
    outer loop
      vertex   -2.430864e+01 1.799148e+01 -3.818530e+01
      vertex   -2.570370e+01 1.799148e+01 -3.818530e+01
      vertex   -2.430864e+01 1.796651e+01 -3.812500e+01
    endloop
  endfacet
  facet normal 0.000000e+00 9.238795e-01 3.826834e-01
    outer loop
      vertex   -2.430864e+01 1.799148e+01 -3.818530e+01
      vertex   -2.430864e+01 1.796651e+01 -3.812500e+01
      vertex   -2.291358e+01 1.796651e+01 -3.812500e+01
    endloop
  endfacet
  facet normal 0.000000e+00 7.933533e-01 6.087614e-01
    outer loop
      vertex   -2.291358e+01 1.796651e+01 -3.812500e+01
      vertex   -2.430864e+01 1.796651e+01 -3.812500e+01
      vertex   -2.291358e+01 1.792678e+01 -3.807322e+01
    endloop
  endfacet
  facet normal 0.000000e+00 7.933533e-01 6.087614e-01
    outer loop
      vertex   -2.291358e+01 1.796651e+01 -3.812500e+01
      vertex   -2.291358e+01 1.792678e+01 -3.807322e+01
      vertex   -2.151852e+01 1.792678e+01 -3.807322e+01
    endloop
  endfacet
  facet normal 0.000000e+00 6.087614e-01 7.933533e-01
    outer loop
      vertex   -2.151852e+01 1.792678e+01 -3.807322e+01
      vertex   -2.291358e+01 1.792678e+01 -3.807322e+01
      vertex   -2.151852e+01 1.787500e+01 -3.803349e+01
    endloop
  endfacet
  facet normal -0.000000e+00 9.238795e-01 3.826834e-01
    outer loop
      vertex   -2.849383e+01 1.799148e+01 -3.818530e+01
      vertex   -2.709877e+01 1.796651e+01 -3.812500e+01
      vertex   -2.709877e+01 1.799148e+01 -3.818530e+01
    endloop
  endfacet
  facet normal 0.000000e+00 9.238795e-01 3.826834e-01
    outer loop
      vertex   -2.709877e+01 1.799148e+01 -3.818530e+01
      vertex   -2.709877e+01 1.796651e+01 -3.812500e+01
      vertex   -2.570370e+01 1.796651e+01 -3.812500e+01
    endloop
  endfacet
  facet normal -0.000000e+00 9.238795e-01 3.826834e-01
    outer loop
      vertex   -2.709877e+01 1.799148e+01 -3.818530e+01
      vertex   -2.570370e+01 1.796651e+01 -3.812500e+01
      vertex   -2.570370e+01 1.799148e+01 -3.818530e+01
    endloop
  endfacet
  facet normal 0.000000e+00 9.238795e-01 3.826834e-01
    outer loop
      vertex   -2.570370e+01 1.799148e+01 -3.818530e+01
      vertex   -2.570370e+01 1.796651e+01 -3.812500e+01
      vertex   -2.430864e+01 1.796651e+01 -3.812500e+01
    endloop
  endfacet
  facet normal 0.000000e+00 9.914449e-01 1.305262e-01
    outer loop
      vertex   -2.151852e+01 1.799148e+01 -3.818530e+01
      vertex   -5.500000e+01 1.800000e+01 -3.825000e+01
      vertex   -2.291358e+01 1.799148e+01 -3.818530e+01
    endloop
  endfacet
  facet normal 0.000000e+00 9.914449e-01 1.305262e-01
    outer loop
      vertex   -2.291358e+01 1.799148e+01 -3.818530e+01
      vertex   -5.500000e+01 1.800000e+01 -3.825000e+01
      vertex   -2.430864e+01 1.799148e+01 -3.818530e+01
    endloop
  endfacet
  facet normal 0.000000e+00 9.238795e-01 3.826834e-01
    outer loop
      vertex   -2.291358e+01 1.799148e+01 -3.818530e+01
      vertex   -2.430864e+01 1.799148e+01 -3.818530e+01
      vertex   -2.291358e+01 1.796651e+01 -3.812500e+01
    endloop
  endfacet
  facet normal 0.000000e+00 9.238795e-01 3.826834e-01
    outer loop
      vertex   -2.151852e+01 1.796651e+01 -3.812500e+01
      vertex   -2.151852e+01 1.799148e+01 -3.818530e+01
      vertex   -2.291358e+01 1.799148e+01 -3.818530e+01
    endloop
  endfacet
  facet normal 0.000000e+00 9.238795e-01 3.826834e-01
    outer loop
      vertex   -2.151852e+01 1.796651e+01 -3.812500e+01
      vertex   -2.291358e+01 1.799148e+01 -3.818530e+01
      vertex   -2.291358e+01 1.796651e+01 -3.812500e+01
    endloop
  endfacet
  facet normal 0.000000e+00 9.238795e-01 3.826834e-01
    outer loop
      vertex   -1.872840e+01 1.799148e+01 -3.818530e+01
      vertex   -2.012346e+01 1.799148e+01 -3.818530e+01
      vertex   -1.872840e+01 1.796651e+01 -3.812500e+01
    endloop
  endfacet
  facet normal 0.000000e+00 9.238795e-01 3.826834e-01
    outer loop
      vertex   -1.872840e+01 1.796651e+01 -3.812500e+01
      vertex   -2.012346e+01 1.799148e+01 -3.818530e+01
      vertex   -2.012346e+01 1.796651e+01 -3.812500e+01
    endloop
  endfacet
  facet normal 0.000000e+00 7.933533e-01 6.087614e-01
    outer loop
      vertex   -1.872840e+01 1.796651e+01 -3.812500e+01
      vertex   -2.012346e+01 1.796651e+01 -3.812500e+01
      vertex   -1.872840e+01 1.792678e+01 -3.807322e+01
    endloop
  endfacet
  facet normal 0.000000e+00 7.933533e-01 6.087614e-01
    outer loop
      vertex   -1.872840e+01 1.792678e+01 -3.807322e+01
      vertex   -2.012346e+01 1.796651e+01 -3.812500e+01
      vertex   -2.012346e+01 1.792678e+01 -3.807322e+01
    endloop
  endfacet
  facet normal 0.000000e+00 6.087614e-01 7.933533e-01
    outer loop
      vertex   -1.872840e+01 1.792678e+01 -3.807322e+01
      vertex   -2.012346e+01 1.792678e+01 -3.807322e+01
      vertex   -1.872840e+01 1.787500e+01 -3.803349e+01
    endloop
  endfacet
  facet normal 0.000000e+00 6.087614e-01 7.933533e-01
    outer loop
      vertex   -1.872840e+01 1.787500e+01 -3.803349e+01
      vertex   -2.012346e+01 1.792678e+01 -3.807322e+01
      vertex   -2.012346e+01 1.787500e+01 -3.803349e+01
    endloop
  endfacet
  facet normal 0.000000e+00 3.826834e-01 9.238795e-01
    outer loop
      vertex   -1.872840e+01 1.787500e+01 -3.803349e+01
      vertex   -2.012346e+01 1.787500e+01 -3.803349e+01
      vertex   -1.872840e+01 1.781470e+01 -3.800852e+01
    endloop
  endfacet
  facet normal 0.000000e+00 3.826834e-01 9.238795e-01
    outer loop
      vertex   -1.872840e+01 1.781470e+01 -3.800852e+01
      vertex   -2.012346e+01 1.787500e+01 -3.803349e+01
      vertex   -2.012346e+01 1.781470e+01 -3.800852e+01
    endloop
  endfacet
  facet normal 0.000000e+00 1.305262e-01 9.914449e-01
    outer loop
      vertex   -1.872840e+01 1.781470e+01 -3.800852e+01
      vertex   -2.012346e+01 1.781470e+01 -3.800852e+01
      vertex   -5.500000e+01 1.775000e+01 -3.800000e+01
    endloop
  endfacet
  facet normal -0.000000e+00 9.914449e-01 1.305262e-01
    outer loop
      vertex   -1.733333e+01 1.799148e+01 -3.818530e+01
      vertex   -1.593827e+01 1.799148e+01 -3.818530e+01
      vertex   -5.500000e+01 1.800000e+01 -3.825000e+01
    endloop
  endfacet
  facet normal 0.000000e+00 9.914449e-01 1.305262e-01
    outer loop
      vertex   -5.500000e+01 1.800000e+01 -3.825000e+01
      vertex   -1.593827e+01 1.799148e+01 -3.818530e+01
      vertex   -1.454321e+01 1.799148e+01 -3.818530e+01
    endloop
  endfacet
  facet normal 0.000000e+00 9.914449e-01 1.305262e-01
    outer loop
      vertex   -5.500000e+01 1.800000e+01 -3.825000e+01
      vertex   -1.454321e+01 1.799148e+01 -3.818530e+01
      vertex   -1.314815e+01 1.799148e+01 -3.818530e+01
    endloop
  endfacet
  facet normal 0.000000e+00 9.238795e-01 3.826834e-01
    outer loop
      vertex   -1.314815e+01 1.799148e+01 -3.818530e+01
      vertex   -1.454321e+01 1.799148e+01 -3.818530e+01
      vertex   -1.314815e+01 1.796651e+01 -3.812500e+01
    endloop
  endfacet
  facet normal 0.000000e+00 9.238795e-01 3.826834e-01
    outer loop
      vertex   -1.314815e+01 1.799148e+01 -3.818530e+01
      vertex   -1.314815e+01 1.796651e+01 -3.812500e+01
      vertex   -1.175309e+01 1.796651e+01 -3.812500e+01
    endloop
  endfacet
  facet normal 0.000000e+00 7.933533e-01 6.087614e-01
    outer loop
      vertex   -1.175309e+01 1.796651e+01 -3.812500e+01
      vertex   -1.314815e+01 1.796651e+01 -3.812500e+01
      vertex   -1.175309e+01 1.792678e+01 -3.807322e+01
    endloop
  endfacet
  facet normal 0.000000e+00 7.933533e-01 6.087614e-01
    outer loop
      vertex   -1.175309e+01 1.796651e+01 -3.812500e+01
      vertex   -1.175309e+01 1.792678e+01 -3.807322e+01
      vertex   -1.035802e+01 1.792678e+01 -3.807322e+01
    endloop
  endfacet
  facet normal 0.000000e+00 6.087614e-01 7.933533e-01
    outer loop
      vertex   -1.035802e+01 1.792678e+01 -3.807322e+01
      vertex   -1.175309e+01 1.792678e+01 -3.807322e+01
      vertex   -1.035802e+01 1.787500e+01 -3.803349e+01
    endloop
  endfacet
  facet normal -0.000000e+00 9.238795e-01 3.826834e-01
    outer loop
      vertex   -1.733333e+01 1.799148e+01 -3.818530e+01
      vertex   -1.593827e+01 1.796651e+01 -3.812500e+01
      vertex   -1.593827e+01 1.799148e+01 -3.818530e+01
    endloop
  endfacet
  facet normal 0.000000e+00 9.238795e-01 3.826834e-01
    outer loop
      vertex   -1.593827e+01 1.799148e+01 -3.818530e+01
      vertex   -1.593827e+01 1.796651e+01 -3.812500e+01
      vertex   -1.454321e+01 1.796651e+01 -3.812500e+01
    endloop
  endfacet
  facet normal -0.000000e+00 9.238795e-01 3.826834e-01
    outer loop
      vertex   -1.593827e+01 1.799148e+01 -3.818530e+01
      vertex   -1.454321e+01 1.796651e+01 -3.812500e+01
      vertex   -1.454321e+01 1.799148e+01 -3.818530e+01
    endloop
  endfacet
  facet normal 0.000000e+00 9.238795e-01 3.826834e-01
    outer loop
      vertex   -1.454321e+01 1.799148e+01 -3.818530e+01
      vertex   -1.454321e+01 1.796651e+01 -3.812500e+01
      vertex   -1.314815e+01 1.796651e+01 -3.812500e+01
    endloop
  endfacet
  facet normal 0.000000e+00 9.914449e-01 1.305262e-01
    outer loop
      vertex   -1.035802e+01 1.799148e+01 -3.818530e+01
      vertex   -5.500000e+01 1.800000e+01 -3.825000e+01
      vertex   -1.175309e+01 1.799148e+01 -3.818530e+01
    endloop
  endfacet
  facet normal 0.000000e+00 9.914449e-01 1.305262e-01
    outer loop
      vertex   -1.175309e+01 1.799148e+01 -3.818530e+01
      vertex   -5.500000e+01 1.800000e+01 -3.825000e+01
      vertex   -1.314815e+01 1.799148e+01 -3.818530e+01
    endloop
  endfacet
  facet normal 0.000000e+00 9.238795e-01 3.826834e-01
    outer loop
      vertex   -1.175309e+01 1.799148e+01 -3.818530e+01
      vertex   -1.314815e+01 1.799148e+01 -3.818530e+01
      vertex   -1.175309e+01 1.796651e+01 -3.812500e+01
    endloop
  endfacet
  facet normal 0.000000e+00 9.238795e-01 3.826834e-01
    outer loop
      vertex   -1.035802e+01 1.796651e+01 -3.812500e+01
      vertex   -1.035802e+01 1.799148e+01 -3.818530e+01
      vertex   -1.175309e+01 1.799148e+01 -3.818530e+01
    endloop
  endfacet
  facet normal 0.000000e+00 9.238795e-01 3.826834e-01
    outer loop
      vertex   -1.035802e+01 1.796651e+01 -3.812500e+01
      vertex   -1.175309e+01 1.799148e+01 -3.818530e+01
      vertex   -1.175309e+01 1.796651e+01 -3.812500e+01
    endloop
  endfacet
  facet normal 0.000000e+00 9.238795e-01 3.826834e-01
    outer loop
      vertex   -7.567901e+00 1.799148e+01 -3.818530e+01
      vertex   -8.962963e+00 1.799148e+01 -3.818530e+01
      vertex   -7.567901e+00 1.796651e+01 -3.812500e+01
    endloop
  endfacet
  facet normal 0.000000e+00 9.238795e-01 3.826834e-01
    outer loop
      vertex   -7.567901e+00 1.796651e+01 -3.812500e+01
      vertex   -8.962963e+00 1.799148e+01 -3.818530e+01
      vertex   -8.962963e+00 1.796651e+01 -3.812500e+01
    endloop
  endfacet
  facet normal 0.000000e+00 7.933533e-01 6.087614e-01
    outer loop
      vertex   -7.567901e+00 1.796651e+01 -3.812500e+01
      vertex   -8.962963e+00 1.796651e+01 -3.812500e+01
      vertex   -7.567901e+00 1.792678e+01 -3.807322e+01
    endloop
  endfacet
  facet normal 0.000000e+00 7.933533e-01 6.087614e-01
    outer loop
      vertex   -7.567901e+00 1.792678e+01 -3.807322e+01
      vertex   -8.962963e+00 1.796651e+01 -3.812500e+01
      vertex   -8.962963e+00 1.792678e+01 -3.807322e+01
    endloop
  endfacet
  facet normal 0.000000e+00 6.087614e-01 7.933533e-01
    outer loop
      vertex   -7.567901e+00 1.792678e+01 -3.807322e+01
      vertex   -8.962963e+00 1.792678e+01 -3.807322e+01
      vertex   -7.567901e+00 1.787500e+01 -3.803349e+01
    endloop
  endfacet
  facet normal 0.000000e+00 6.087614e-01 7.933533e-01
    outer loop
      vertex   -7.567901e+00 1.787500e+01 -3.803349e+01
      vertex   -8.962963e+00 1.792678e+01 -3.807322e+01
      vertex   -8.962963e+00 1.787500e+01 -3.803349e+01
    endloop
  endfacet
  facet normal 0.000000e+00 3.826834e-01 9.238795e-01
    outer loop
      vertex   -7.567901e+00 1.787500e+01 -3.803349e+01
      vertex   -8.962963e+00 1.787500e+01 -3.803349e+01
      vertex   -7.567901e+00 1.781470e+01 -3.800852e+01
    endloop
  endfacet
  facet normal 0.000000e+00 3.826834e-01 9.238795e-01
    outer loop
      vertex   -7.567901e+00 1.781470e+01 -3.800852e+01
      vertex   -8.962963e+00 1.787500e+01 -3.803349e+01
      vertex   -8.962963e+00 1.781470e+01 -3.800852e+01
    endloop
  endfacet
  facet normal 0.000000e+00 1.305262e-01 9.914449e-01
    outer loop
      vertex   -7.567901e+00 1.781470e+01 -3.800852e+01
      vertex   -8.962963e+00 1.781470e+01 -3.800852e+01
      vertex   -5.500000e+01 1.775000e+01 -3.800000e+01
    endloop
  endfacet
  facet normal -0.000000e+00 9.914449e-01 1.305262e-01
    outer loop
      vertex   -6.172840e+00 1.799148e+01 -3.818530e+01
      vertex   -4.777778e+00 1.799148e+01 -3.818530e+01
      vertex   -5.500000e+01 1.800000e+01 -3.825000e+01
    endloop
  endfacet
  facet normal 0.000000e+00 9.914449e-01 1.305262e-01
    outer loop
      vertex   -5.500000e+01 1.800000e+01 -3.825000e+01
      vertex   -4.777778e+00 1.799148e+01 -3.818530e+01
      vertex   -3.382716e+00 1.799148e+01 -3.818530e+01
    endloop
  endfacet
  facet normal 0.000000e+00 9.914449e-01 1.305262e-01
    outer loop
      vertex   -5.500000e+01 1.800000e+01 -3.825000e+01
      vertex   -3.382716e+00 1.799148e+01 -3.818530e+01
      vertex   -1.987654e+00 1.799148e+01 -3.818530e+01
    endloop
  endfacet
  facet normal 0.000000e+00 9.238795e-01 3.826834e-01
    outer loop
      vertex   -1.987654e+00 1.799148e+01 -3.818530e+01
      vertex   -3.382716e+00 1.799148e+01 -3.818530e+01
      vertex   -1.987654e+00 1.796651e+01 -3.812500e+01
    endloop
  endfacet
  facet normal 0.000000e+00 9.238795e-01 3.826834e-01
    outer loop
      vertex   -1.987654e+00 1.799148e+01 -3.818530e+01
      vertex   -1.987654e+00 1.796651e+01 -3.812500e+01
      vertex   -5.925926e-01 1.796651e+01 -3.812500e+01
    endloop
  endfacet
  facet normal 0.000000e+00 7.933533e-01 6.087614e-01
    outer loop
      vertex   -5.925926e-01 1.796651e+01 -3.812500e+01
      vertex   -1.987654e+00 1.796651e+01 -3.812500e+01
      vertex   -5.925926e-01 1.792678e+01 -3.807322e+01
    endloop
  endfacet
  facet normal 0.000000e+00 7.933533e-01 6.087614e-01
    outer loop
      vertex   -5.925926e-01 1.796651e+01 -3.812500e+01
      vertex   -5.925926e-01 1.792678e+01 -3.807322e+01
      vertex   8.024691e-01 1.792678e+01 -3.807322e+01
    endloop
  endfacet
  facet normal 0.000000e+00 6.087614e-01 7.933533e-01
    outer loop
      vertex   8.024691e-01 1.792678e+01 -3.807322e+01
      vertex   -5.925926e-01 1.792678e+01 -3.807322e+01
      vertex   8.024691e-01 1.787500e+01 -3.803349e+01
    endloop
  endfacet
  facet normal 0.000000e+00 6.087614e-01 7.933533e-01
    outer loop
      vertex   8.024691e-01 1.792678e+01 -3.807322e+01
      vertex   8.024691e-01 1.787500e+01 -3.803349e+01
      vertex   2.197531e+00 1.787500e+01 -3.803349e+01
    endloop
  endfacet
  facet normal 0.000000e+00 3.826834e-01 9.238795e-01
    outer loop
      vertex   2.197531e+00 1.787500e+01 -3.803349e+01
      vertex   8.024691e-01 1.787500e+01 -3.803349e+01
      vertex   2.197531e+00 1.781470e+01 -3.800852e+01
    endloop
  endfacet
  facet normal -0.000000e+00 9.238795e-01 3.826834e-01
    outer loop
      vertex   -6.172840e+00 1.799148e+01 -3.818530e+01
      vertex   -4.777778e+00 1.796651e+01 -3.812500e+01
      vertex   -4.777778e+00 1.799148e+01 -3.818530e+01
    endloop
  endfacet
  facet normal 0.000000e+00 9.238795e-01 3.826834e-01
    outer loop
      vertex   -4.777778e+00 1.799148e+01 -3.818530e+01
      vertex   -4.777778e+00 1.796651e+01 -3.812500e+01
      vertex   -3.382716e+00 1.796651e+01 -3.812500e+01
    endloop
  endfacet
  facet normal -0.000000e+00 9.238795e-01 3.826834e-01
    outer loop
      vertex   -4.777778e+00 1.799148e+01 -3.818530e+01
      vertex   -3.382716e+00 1.796651e+01 -3.812500e+01
      vertex   -3.382716e+00 1.799148e+01 -3.818530e+01
    endloop
  endfacet
  facet normal 0.000000e+00 9.238795e-01 3.826834e-01
    outer loop
      vertex   -3.382716e+00 1.799148e+01 -3.818530e+01
      vertex   -3.382716e+00 1.796651e+01 -3.812500e+01
      vertex   -1.987654e+00 1.796651e+01 -3.812500e+01
    endloop
  endfacet
  facet normal -0.000000e+00 9.914449e-01 1.305262e-01
    outer loop
      vertex   -1.987654e+00 1.799148e+01 -3.818530e+01
      vertex   -5.925926e-01 1.799148e+01 -3.818530e+01
      vertex   -5.500000e+01 1.800000e+01 -3.825000e+01
    endloop
  endfacet
  facet normal 0.000000e+00 9.914449e-01 1.305262e-01
    outer loop
      vertex   -5.500000e+01 1.800000e+01 -3.825000e+01
      vertex   -5.925926e-01 1.799148e+01 -3.818530e+01
      vertex   8.024691e-01 1.799148e+01 -3.818530e+01
    endloop
  endfacet
  facet normal 0.000000e+00 9.914449e-01 1.305262e-01
    outer loop
      vertex   -5.500000e+01 1.800000e+01 -3.825000e+01
      vertex   8.024691e-01 1.799148e+01 -3.818530e+01
      vertex   2.197531e+00 1.799148e+01 -3.818530e+01
    endloop
  endfacet
  facet normal 0.000000e+00 9.238795e-01 3.826834e-01
    outer loop
      vertex   2.197531e+00 1.799148e+01 -3.818530e+01
      vertex   8.024691e-01 1.799148e+01 -3.818530e+01
      vertex   2.197531e+00 1.796651e+01 -3.812500e+01
    endloop
  endfacet
  facet normal -0.000000e+00 9.238795e-01 3.826834e-01
    outer loop
      vertex   -1.987654e+00 1.799148e+01 -3.818530e+01
      vertex   -5.925926e-01 1.796651e+01 -3.812500e+01
      vertex   -5.925926e-01 1.799148e+01 -3.818530e+01
    endloop
  endfacet
  facet normal 0.000000e+00 9.238795e-01 3.826834e-01
    outer loop
      vertex   -5.925926e-01 1.799148e+01 -3.818530e+01
      vertex   -5.925926e-01 1.796651e+01 -3.812500e+01
      vertex   8.024691e-01 1.796651e+01 -3.812500e+01
    endloop
  endfacet
  facet normal -0.000000e+00 9.238795e-01 3.826834e-01
    outer loop
      vertex   -5.925926e-01 1.799148e+01 -3.818530e+01
      vertex   8.024691e-01 1.796651e+01 -3.812500e+01
      vertex   8.024691e-01 1.799148e+01 -3.818530e+01
    endloop
  endfacet
  facet normal 0.000000e+00 9.238795e-01 3.826834e-01
    outer loop
      vertex   8.024691e-01 1.799148e+01 -3.818530e+01
      vertex   8.024691e-01 1.796651e+01 -3.812500e+01
      vertex   2.197531e+00 1.796651e+01 -3.812500e+01
    endloop
  endfacet
  facet normal 0.000000e+00 9.914449e-01 1.305262e-01
    outer loop
      vertex   7.777778e+00 1.799148e+01 -3.818530e+01
      vertex   -5.500000e+01 1.800000e+01 -3.825000e+01
      vertex   6.382716e+00 1.799148e+01 -3.818530e+01
    endloop
  endfacet
  facet normal 0.000000e+00 9.238795e-01 3.826834e-01
    outer loop
      vertex   4.987654e+00 1.799148e+01 -3.818530e+01
      vertex   3.592593e+00 1.799148e+01 -3.818530e+01
      vertex   4.987654e+00 1.796651e+01 -3.812500e+01
    endloop
  endfacet
  facet normal 0.000000e+00 9.238795e-01 3.826834e-01
    outer loop
      vertex   4.987654e+00 1.796651e+01 -3.812500e+01
      vertex   3.592593e+00 1.799148e+01 -3.818530e+01
      vertex   3.592593e+00 1.796651e+01 -3.812500e+01
    endloop
  endfacet
  facet normal 0.000000e+00 7.933533e-01 6.087614e-01
    outer loop
      vertex   4.987654e+00 1.796651e+01 -3.812500e+01
      vertex   3.592593e+00 1.796651e+01 -3.812500e+01
      vertex   4.987654e+00 1.792678e+01 -3.807322e+01
    endloop
  endfacet
  facet normal 0.000000e+00 7.933533e-01 6.087614e-01
    outer loop
      vertex   4.987654e+00 1.792678e+01 -3.807322e+01
      vertex   3.592593e+00 1.796651e+01 -3.812500e+01
      vertex   3.592593e+00 1.792678e+01 -3.807322e+01
    endloop
  endfacet
  facet normal 0.000000e+00 6.087614e-01 7.933533e-01
    outer loop
      vertex   4.987654e+00 1.792678e+01 -3.807322e+01
      vertex   3.592593e+00 1.792678e+01 -3.807322e+01
      vertex   4.987654e+00 1.787500e+01 -3.803349e+01
    endloop
  endfacet
  facet normal 0.000000e+00 6.087614e-01 7.933533e-01
    outer loop
      vertex   4.987654e+00 1.787500e+01 -3.803349e+01
      vertex   3.592593e+00 1.792678e+01 -3.807322e+01
      vertex   3.592593e+00 1.787500e+01 -3.803349e+01
    endloop
  endfacet
  facet normal 0.000000e+00 3.826834e-01 9.238795e-01
    outer loop
      vertex   4.987654e+00 1.787500e+01 -3.803349e+01
      vertex   3.592593e+00 1.787500e+01 -3.803349e+01
      vertex   4.987654e+00 1.781470e+01 -3.800852e+01
    endloop
  endfacet
  facet normal 0.000000e+00 3.826834e-01 9.238795e-01
    outer loop
      vertex   4.987654e+00 1.781470e+01 -3.800852e+01
      vertex   3.592593e+00 1.787500e+01 -3.803349e+01
      vertex   3.592593e+00 1.781470e+01 -3.800852e+01
    endloop
  endfacet
  facet normal 0.000000e+00 1.305262e-01 9.914449e-01
    outer loop
      vertex   4.987654e+00 1.781470e+01 -3.800852e+01
      vertex   3.592593e+00 1.781470e+01 -3.800852e+01
      vertex   5.775000e+01 1.775000e+01 -3.800000e+01
    endloop
  endfacet
  facet normal 0.000000e+00 9.238795e-01 3.826834e-01
    outer loop
      vertex   9.172840e+00 1.796651e+01 -3.812500e+01
      vertex   7.777778e+00 1.799148e+01 -3.818530e+01
      vertex   7.777778e+00 1.796651e+01 -3.812500e+01
    endloop
  endfacet
  facet normal 0.000000e+00 9.238795e-01 3.826834e-01
    outer loop
      vertex   7.777778e+00 1.796651e+01 -3.812500e+01
      vertex   7.777778e+00 1.799148e+01 -3.818530e+01
      vertex   6.382716e+00 1.799148e+01 -3.818530e+01
    endloop
  endfacet
  facet normal -0.000000e+00 9.838460e-01 1.790169e-01
    outer loop
      vertex   9.172840e+00 1.799148e+01 -3.818530e+01
      vertex   1.056790e+01 1.799148e+01 -3.818530e+01
      vertex   5.799880e+01 1.799880e+01 -3.822550e+01
    endloop
  endfacet
  facet normal 0.000000e+00 9.838460e-01 1.790169e-01
    outer loop
      vertex   5.799880e+01 1.799880e+01 -3.822550e+01
      vertex   1.056790e+01 1.799148e+01 -3.818530e+01
      vertex   1.196296e+01 1.799148e+01 -3.818530e+01
    endloop
  endfacet
  facet normal 0.000000e+00 9.838460e-01 1.790169e-01
    outer loop
      vertex   5.799880e+01 1.799880e+01 -3.822550e+01
      vertex   1.196296e+01 1.799148e+01 -3.818530e+01
      vertex   1.335802e+01 1.799148e+01 -3.818530e+01
    endloop
  endfacet
  facet normal 0.000000e+00 9.238795e-01 3.826834e-01
    outer loop
      vertex   1.335802e+01 1.799148e+01 -3.818530e+01
      vertex   1.196296e+01 1.799148e+01 -3.818530e+01
      vertex   1.335802e+01 1.796651e+01 -3.812500e+01
    endloop
  endfacet
  facet normal 0.000000e+00 9.238795e-01 3.826834e-01
    outer loop
      vertex   1.335802e+01 1.799148e+01 -3.818530e+01
      vertex   1.335802e+01 1.796651e+01 -3.812500e+01
      vertex   1.475309e+01 1.796651e+01 -3.812500e+01
    endloop
  endfacet
  facet normal 0.000000e+00 7.933533e-01 6.087614e-01
    outer loop
      vertex   1.475309e+01 1.796651e+01 -3.812500e+01
      vertex   1.335802e+01 1.796651e+01 -3.812500e+01
      vertex   1.475309e+01 1.792678e+01 -3.807322e+01
    endloop
  endfacet
  facet normal 0.000000e+00 7.933533e-01 6.087614e-01
    outer loop
      vertex   1.475309e+01 1.796651e+01 -3.812500e+01
      vertex   1.475309e+01 1.792678e+01 -3.807322e+01
      vertex   1.614815e+01 1.792678e+01 -3.807322e+01
    endloop
  endfacet
  facet normal 0.000000e+00 6.087614e-01 7.933533e-01
    outer loop
      vertex   1.614815e+01 1.792678e+01 -3.807322e+01
      vertex   1.475309e+01 1.792678e+01 -3.807322e+01
      vertex   1.614815e+01 1.787500e+01 -3.803349e+01
    endloop
  endfacet
  facet normal -0.000000e+00 9.238795e-01 3.826834e-01
    outer loop
      vertex   9.172840e+00 1.799148e+01 -3.818530e+01
      vertex   1.056790e+01 1.796651e+01 -3.812500e+01
      vertex   1.056790e+01 1.799148e+01 -3.818530e+01
    endloop
  endfacet
  facet normal 0.000000e+00 9.238795e-01 3.826834e-01
    outer loop
      vertex   1.056790e+01 1.799148e+01 -3.818530e+01
      vertex   1.056790e+01 1.796651e+01 -3.812500e+01
      vertex   1.196296e+01 1.796651e+01 -3.812500e+01
    endloop
  endfacet
  facet normal -0.000000e+00 9.238795e-01 3.826834e-01
    outer loop
      vertex   1.056790e+01 1.799148e+01 -3.818530e+01
      vertex   1.196296e+01 1.796651e+01 -3.812500e+01
      vertex   1.196296e+01 1.799148e+01 -3.818530e+01
    endloop
  endfacet
  facet normal 0.000000e+00 9.238795e-01 3.826834e-01
    outer loop
      vertex   1.196296e+01 1.799148e+01 -3.818530e+01
      vertex   1.196296e+01 1.796651e+01 -3.812500e+01
      vertex   1.335802e+01 1.796651e+01 -3.812500e+01
    endloop
  endfacet
  facet normal 0.000000e+00 9.838460e-01 1.790169e-01
    outer loop
      vertex   1.614815e+01 1.799148e+01 -3.818530e+01
      vertex   5.799880e+01 1.799880e+01 -3.822550e+01
      vertex   1.475309e+01 1.799148e+01 -3.818530e+01
    endloop
  endfacet
  facet normal 0.000000e+00 9.838460e-01 1.790169e-01
    outer loop
      vertex   1.475309e+01 1.799148e+01 -3.818530e+01
      vertex   5.799880e+01 1.799880e+01 -3.822550e+01
      vertex   1.335802e+01 1.799148e+01 -3.818530e+01
    endloop
  endfacet
  facet normal 0.000000e+00 9.238795e-01 3.826834e-01
    outer loop
      vertex   1.475309e+01 1.799148e+01 -3.818530e+01
      vertex   1.335802e+01 1.799148e+01 -3.818530e+01
      vertex   1.475309e+01 1.796651e+01 -3.812500e+01
    endloop
  endfacet
  facet normal 0.000000e+00 9.238795e-01 3.826834e-01
    outer loop
      vertex   1.614815e+01 1.796651e+01 -3.812500e+01
      vertex   1.614815e+01 1.799148e+01 -3.818530e+01
      vertex   1.475309e+01 1.799148e+01 -3.818530e+01
    endloop
  endfacet
  facet normal 0.000000e+00 9.238795e-01 3.826834e-01
    outer loop
      vertex   1.614815e+01 1.796651e+01 -3.812500e+01
      vertex   1.475309e+01 1.799148e+01 -3.818530e+01
      vertex   1.475309e+01 1.796651e+01 -3.812500e+01
    endloop
  endfacet
  facet normal 0.000000e+00 9.238795e-01 3.826834e-01
    outer loop
      vertex   1.893827e+01 1.799148e+01 -3.818530e+01
      vertex   1.754321e+01 1.799148e+01 -3.818530e+01
      vertex   1.893827e+01 1.796651e+01 -3.812500e+01
    endloop
  endfacet
  facet normal 0.000000e+00 9.238795e-01 3.826834e-01
    outer loop
      vertex   1.893827e+01 1.796651e+01 -3.812500e+01
      vertex   1.754321e+01 1.799148e+01 -3.818530e+01
      vertex   1.754321e+01 1.796651e+01 -3.812500e+01
    endloop
  endfacet
  facet normal 0.000000e+00 7.933533e-01 6.087614e-01
    outer loop
      vertex   1.893827e+01 1.796651e+01 -3.812500e+01
      vertex   1.754321e+01 1.796651e+01 -3.812500e+01
      vertex   1.893827e+01 1.792678e+01 -3.807322e+01
    endloop
  endfacet
  facet normal 0.000000e+00 7.933533e-01 6.087614e-01
    outer loop
      vertex   1.893827e+01 1.792678e+01 -3.807322e+01
      vertex   1.754321e+01 1.796651e+01 -3.812500e+01
      vertex   1.754321e+01 1.792678e+01 -3.807322e+01
    endloop
  endfacet
  facet normal 0.000000e+00 6.087614e-01 7.933533e-01
    outer loop
      vertex   1.893827e+01 1.792678e+01 -3.807322e+01
      vertex   1.754321e+01 1.792678e+01 -3.807322e+01
      vertex   1.893827e+01 1.787500e+01 -3.803349e+01
    endloop
  endfacet
  facet normal 0.000000e+00 6.087614e-01 7.933533e-01
    outer loop
      vertex   1.893827e+01 1.787500e+01 -3.803349e+01
      vertex   1.754321e+01 1.792678e+01 -3.807322e+01
      vertex   1.754321e+01 1.787500e+01 -3.803349e+01
    endloop
  endfacet
  facet normal 0.000000e+00 3.826834e-01 9.238795e-01
    outer loop
      vertex   1.893827e+01 1.787500e+01 -3.803349e+01
      vertex   1.754321e+01 1.787500e+01 -3.803349e+01
      vertex   1.893827e+01 1.781470e+01 -3.800852e+01
    endloop
  endfacet
  facet normal 0.000000e+00 3.826834e-01 9.238795e-01
    outer loop
      vertex   1.893827e+01 1.781470e+01 -3.800852e+01
      vertex   1.754321e+01 1.787500e+01 -3.803349e+01
      vertex   1.754321e+01 1.781470e+01 -3.800852e+01
    endloop
  endfacet
  facet normal 0.000000e+00 1.305262e-01 9.914449e-01
    outer loop
      vertex   1.893827e+01 1.781470e+01 -3.800852e+01
      vertex   1.754321e+01 1.781470e+01 -3.800852e+01
      vertex   5.775000e+01 1.775000e+01 -3.800000e+01
    endloop
  endfacet
  facet normal -0.000000e+00 9.838460e-01 1.790169e-01
    outer loop
      vertex   2.033333e+01 1.799148e+01 -3.818530e+01
      vertex   2.172840e+01 1.799148e+01 -3.818530e+01
      vertex   5.799880e+01 1.799880e+01 -3.822550e+01
    endloop
  endfacet
  facet normal 0.000000e+00 9.838460e-01 1.790169e-01
    outer loop
      vertex   5.799880e+01 1.799880e+01 -3.822550e+01
      vertex   2.172840e+01 1.799148e+01 -3.818530e+01
      vertex   2.312346e+01 1.799148e+01 -3.818530e+01
    endloop
  endfacet
  facet normal 0.000000e+00 9.838460e-01 1.790169e-01
    outer loop
      vertex   5.799880e+01 1.799880e+01 -3.822550e+01
      vertex   2.312346e+01 1.799148e+01 -3.818530e+01
      vertex   2.451852e+01 1.799148e+01 -3.818530e+01
    endloop
  endfacet
  facet normal 0.000000e+00 9.238795e-01 3.826834e-01
    outer loop
      vertex   2.451852e+01 1.799148e+01 -3.818530e+01
      vertex   2.312346e+01 1.799148e+01 -3.818530e+01
      vertex   2.451852e+01 1.796651e+01 -3.812500e+01
    endloop
  endfacet
  facet normal 0.000000e+00 9.238795e-01 3.826834e-01
    outer loop
      vertex   2.451852e+01 1.799148e+01 -3.818530e+01
      vertex   2.451852e+01 1.796651e+01 -3.812500e+01
      vertex   2.591358e+01 1.796651e+01 -3.812500e+01
    endloop
  endfacet
  facet normal 0.000000e+00 7.933533e-01 6.087614e-01
    outer loop
      vertex   2.591358e+01 1.796651e+01 -3.812500e+01
      vertex   2.451852e+01 1.796651e+01 -3.812500e+01
      vertex   2.591358e+01 1.792678e+01 -3.807322e+01
    endloop
  endfacet
  facet normal 0.000000e+00 7.933533e-01 6.087614e-01
    outer loop
      vertex   2.591358e+01 1.796651e+01 -3.812500e+01
      vertex   2.591358e+01 1.792678e+01 -3.807322e+01
      vertex   2.730864e+01 1.792678e+01 -3.807322e+01
    endloop
  endfacet
  facet normal 0.000000e+00 6.087614e-01 7.933533e-01
    outer loop
      vertex   2.730864e+01 1.792678e+01 -3.807322e+01
      vertex   2.591358e+01 1.792678e+01 -3.807322e+01
      vertex   2.730864e+01 1.787500e+01 -3.803349e+01
    endloop
  endfacet
  facet normal -0.000000e+00 9.238795e-01 3.826834e-01
    outer loop
      vertex   2.033333e+01 1.799148e+01 -3.818530e+01
      vertex   2.172840e+01 1.796651e+01 -3.812500e+01
      vertex   2.172840e+01 1.799148e+01 -3.818530e+01
    endloop
  endfacet
  facet normal 0.000000e+00 9.238795e-01 3.826834e-01
    outer loop
      vertex   2.172840e+01 1.799148e+01 -3.818530e+01
      vertex   2.172840e+01 1.796651e+01 -3.812500e+01
      vertex   2.312346e+01 1.796651e+01 -3.812500e+01
    endloop
  endfacet
  facet normal -0.000000e+00 9.238795e-01 3.826834e-01
    outer loop
      vertex   2.172840e+01 1.799148e+01 -3.818530e+01
      vertex   2.312346e+01 1.796651e+01 -3.812500e+01
      vertex   2.312346e+01 1.799148e+01 -3.818530e+01
    endloop
  endfacet
  facet normal 0.000000e+00 9.238795e-01 3.826834e-01
    outer loop
      vertex   2.312346e+01 1.799148e+01 -3.818530e+01
      vertex   2.312346e+01 1.796651e+01 -3.812500e+01
      vertex   2.451852e+01 1.796651e+01 -3.812500e+01
    endloop
  endfacet
  facet normal 0.000000e+00 9.838460e-01 1.790169e-01
    outer loop
      vertex   2.730864e+01 1.799148e+01 -3.818530e+01
      vertex   5.799880e+01 1.799880e+01 -3.822550e+01
      vertex   2.591358e+01 1.799148e+01 -3.818530e+01
    endloop
  endfacet
  facet normal 0.000000e+00 9.838460e-01 1.790169e-01
    outer loop
      vertex   2.591358e+01 1.799148e+01 -3.818530e+01
      vertex   5.799880e+01 1.799880e+01 -3.822550e+01
      vertex   2.451852e+01 1.799148e+01 -3.818530e+01
    endloop
  endfacet
  facet normal 0.000000e+00 9.238795e-01 3.826834e-01
    outer loop
      vertex   2.591358e+01 1.799148e+01 -3.818530e+01
      vertex   2.451852e+01 1.799148e+01 -3.818530e+01
      vertex   2.591358e+01 1.796651e+01 -3.812500e+01
    endloop
  endfacet
  facet normal 0.000000e+00 9.238795e-01 3.826834e-01
    outer loop
      vertex   2.730864e+01 1.796651e+01 -3.812500e+01
      vertex   2.730864e+01 1.799148e+01 -3.818530e+01
      vertex   2.591358e+01 1.799148e+01 -3.818530e+01
    endloop
  endfacet
  facet normal 0.000000e+00 9.238795e-01 3.826834e-01
    outer loop
      vertex   2.730864e+01 1.796651e+01 -3.812500e+01
      vertex   2.591358e+01 1.799148e+01 -3.818530e+01
      vertex   2.591358e+01 1.796651e+01 -3.812500e+01
    endloop
  endfacet
  facet normal 0.000000e+00 9.238795e-01 3.826834e-01
    outer loop
      vertex   3.009877e+01 1.799148e+01 -3.818530e+01
      vertex   2.870370e+01 1.799148e+01 -3.818530e+01
      vertex   3.009877e+01 1.796651e+01 -3.812500e+01
    endloop
  endfacet
  facet normal 0.000000e+00 9.238795e-01 3.826834e-01
    outer loop
      vertex   3.009877e+01 1.796651e+01 -3.812500e+01
      vertex   2.870370e+01 1.799148e+01 -3.818530e+01
      vertex   2.870370e+01 1.796651e+01 -3.812500e+01
    endloop
  endfacet
  facet normal 0.000000e+00 7.933533e-01 6.087614e-01
    outer loop
      vertex   3.009877e+01 1.796651e+01 -3.812500e+01
      vertex   2.870370e+01 1.796651e+01 -3.812500e+01
      vertex   3.009877e+01 1.792678e+01 -3.807322e+01
    endloop
  endfacet
  facet normal 0.000000e+00 7.933533e-01 6.087614e-01
    outer loop
      vertex   3.009877e+01 1.792678e+01 -3.807322e+01
      vertex   2.870370e+01 1.796651e+01 -3.812500e+01
      vertex   2.870370e+01 1.792678e+01 -3.807322e+01
    endloop
  endfacet
  facet normal 0.000000e+00 6.087614e-01 7.933533e-01
    outer loop
      vertex   3.009877e+01 1.792678e+01 -3.807322e+01
      vertex   2.870370e+01 1.792678e+01 -3.807322e+01
      vertex   3.009877e+01 1.787500e+01 -3.803349e+01
    endloop
  endfacet
  facet normal 0.000000e+00 6.087614e-01 7.933533e-01
    outer loop
      vertex   3.009877e+01 1.787500e+01 -3.803349e+01
      vertex   2.870370e+01 1.792678e+01 -3.807322e+01
      vertex   2.870370e+01 1.787500e+01 -3.803349e+01
    endloop
  endfacet
  facet normal 0.000000e+00 3.826834e-01 9.238795e-01
    outer loop
      vertex   3.009877e+01 1.787500e+01 -3.803349e+01
      vertex   2.870370e+01 1.787500e+01 -3.803349e+01
      vertex   3.009877e+01 1.781470e+01 -3.800852e+01
    endloop
  endfacet
  facet normal 0.000000e+00 3.826834e-01 9.238795e-01
    outer loop
      vertex   3.009877e+01 1.781470e+01 -3.800852e+01
      vertex   2.870370e+01 1.787500e+01 -3.803349e+01
      vertex   2.870370e+01 1.781470e+01 -3.800852e+01
    endloop
  endfacet
  facet normal 0.000000e+00 1.305262e-01 9.914449e-01
    outer loop
      vertex   3.009877e+01 1.781470e+01 -3.800852e+01
      vertex   2.870370e+01 1.781470e+01 -3.800852e+01
      vertex   5.775000e+01 1.775000e+01 -3.800000e+01
    endloop
  endfacet
  facet normal -0.000000e+00 9.838460e-01 1.790169e-01
    outer loop
      vertex   3.149383e+01 1.799148e+01 -3.818530e+01
      vertex   3.288889e+01 1.799148e+01 -3.818530e+01
      vertex   5.799880e+01 1.799880e+01 -3.822550e+01
    endloop
  endfacet
  facet normal 0.000000e+00 9.838460e-01 1.790169e-01
    outer loop
      vertex   5.799880e+01 1.799880e+01 -3.822550e+01
      vertex   3.288889e+01 1.799148e+01 -3.818530e+01
      vertex   3.428395e+01 1.799148e+01 -3.818530e+01
    endloop
  endfacet
  facet normal 0.000000e+00 9.838460e-01 1.790169e-01
    outer loop
      vertex   5.799880e+01 1.799880e+01 -3.822550e+01
      vertex   3.428395e+01 1.799148e+01 -3.818530e+01
      vertex   3.567901e+01 1.799148e+01 -3.818530e+01
    endloop
  endfacet
  facet normal 0.000000e+00 9.238795e-01 3.826834e-01
    outer loop
      vertex   3.567901e+01 1.799148e+01 -3.818530e+01
      vertex   3.428395e+01 1.799148e+01 -3.818530e+01
      vertex   3.567901e+01 1.796651e+01 -3.812500e+01
    endloop
  endfacet
  facet normal 0.000000e+00 9.238795e-01 3.826834e-01
    outer loop
      vertex   3.567901e+01 1.799148e+01 -3.818530e+01
      vertex   3.567901e+01 1.796651e+01 -3.812500e+01
      vertex   3.707407e+01 1.796651e+01 -3.812500e+01
    endloop
  endfacet
  facet normal 0.000000e+00 7.933533e-01 6.087614e-01
    outer loop
      vertex   3.707407e+01 1.796651e+01 -3.812500e+01
      vertex   3.567901e+01 1.796651e+01 -3.812500e+01
      vertex   3.707407e+01 1.792678e+01 -3.807322e+01
    endloop
  endfacet
  facet normal 0.000000e+00 7.933533e-01 6.087614e-01
    outer loop
      vertex   3.707407e+01 1.796651e+01 -3.812500e+01
      vertex   3.707407e+01 1.792678e+01 -3.807322e+01
      vertex   3.846914e+01 1.792678e+01 -3.807322e+01
    endloop
  endfacet
  facet normal 0.000000e+00 6.087614e-01 7.933533e-01
    outer loop
      vertex   3.846914e+01 1.792678e+01 -3.807322e+01
      vertex   3.707407e+01 1.792678e+01 -3.807322e+01
      vertex   3.846914e+01 1.787500e+01 -3.803349e+01
    endloop
  endfacet
  facet normal -0.000000e+00 9.238795e-01 3.826834e-01
    outer loop
      vertex   3.149383e+01 1.799148e+01 -3.818530e+01
      vertex   3.288889e+01 1.796651e+01 -3.812500e+01
      vertex   3.288889e+01 1.799148e+01 -3.818530e+01
    endloop
  endfacet
  facet normal 0.000000e+00 9.238795e-01 3.826834e-01
    outer loop
      vertex   3.288889e+01 1.799148e+01 -3.818530e+01
      vertex   3.288889e+01 1.796651e+01 -3.812500e+01
      vertex   3.428395e+01 1.796651e+01 -3.812500e+01
    endloop
  endfacet
  facet normal -0.000000e+00 9.238795e-01 3.826834e-01
    outer loop
      vertex   3.288889e+01 1.799148e+01 -3.818530e+01
      vertex   3.428395e+01 1.796651e+01 -3.812500e+01
      vertex   3.428395e+01 1.799148e+01 -3.818530e+01
    endloop
  endfacet
  facet normal 0.000000e+00 9.238795e-01 3.826834e-01
    outer loop
      vertex   3.428395e+01 1.799148e+01 -3.818530e+01
      vertex   3.428395e+01 1.796651e+01 -3.812500e+01
      vertex   3.567901e+01 1.796651e+01 -3.812500e+01
    endloop
  endfacet
  facet normal 0.000000e+00 9.838460e-01 1.790169e-01
    outer loop
      vertex   3.846914e+01 1.799148e+01 -3.818530e+01
      vertex   5.799880e+01 1.799880e+01 -3.822550e+01
      vertex   3.707407e+01 1.799148e+01 -3.818530e+01
    endloop
  endfacet
  facet normal 0.000000e+00 9.838460e-01 1.790169e-01
    outer loop
      vertex   3.707407e+01 1.799148e+01 -3.818530e+01
      vertex   5.799880e+01 1.799880e+01 -3.822550e+01
      vertex   3.567901e+01 1.799148e+01 -3.818530e+01
    endloop
  endfacet
  facet normal 0.000000e+00 9.238795e-01 3.826834e-01
    outer loop
      vertex   3.707407e+01 1.799148e+01 -3.818530e+01
      vertex   3.567901e+01 1.799148e+01 -3.818530e+01
      vertex   3.707407e+01 1.796651e+01 -3.812500e+01
    endloop
  endfacet
  facet normal 0.000000e+00 9.238795e-01 3.826834e-01
    outer loop
      vertex   3.846914e+01 1.796651e+01 -3.812500e+01
      vertex   3.846914e+01 1.799148e+01 -3.818530e+01
      vertex   3.707407e+01 1.799148e+01 -3.818530e+01
    endloop
  endfacet
  facet normal 0.000000e+00 9.238795e-01 3.826834e-01
    outer loop
      vertex   3.846914e+01 1.796651e+01 -3.812500e+01
      vertex   3.707407e+01 1.799148e+01 -3.818530e+01
      vertex   3.707407e+01 1.796651e+01 -3.812500e+01
    endloop
  endfacet
  facet normal 0.000000e+00 9.238795e-01 3.826834e-01
    outer loop
      vertex   4.125926e+01 1.799148e+01 -3.818530e+01
      vertex   3.986420e+01 1.799148e+01 -3.818530e+01
      vertex   4.125926e+01 1.796651e+01 -3.812500e+01
    endloop
  endfacet
  facet normal 0.000000e+00 9.238795e-01 3.826834e-01
    outer loop
      vertex   4.125926e+01 1.796651e+01 -3.812500e+01
      vertex   3.986420e+01 1.799148e+01 -3.818530e+01
      vertex   3.986420e+01 1.796651e+01 -3.812500e+01
    endloop
  endfacet
  facet normal 0.000000e+00 7.933533e-01 6.087614e-01
    outer loop
      vertex   4.125926e+01 1.796651e+01 -3.812500e+01
      vertex   3.986420e+01 1.796651e+01 -3.812500e+01
      vertex   4.125926e+01 1.792678e+01 -3.807322e+01
    endloop
  endfacet
  facet normal 0.000000e+00 7.933533e-01 6.087614e-01
    outer loop
      vertex   4.125926e+01 1.792678e+01 -3.807322e+01
      vertex   3.986420e+01 1.796651e+01 -3.812500e+01
      vertex   3.986420e+01 1.792678e+01 -3.807322e+01
    endloop
  endfacet
  facet normal 0.000000e+00 6.087614e-01 7.933533e-01
    outer loop
      vertex   4.125926e+01 1.792678e+01 -3.807322e+01
      vertex   3.986420e+01 1.792678e+01 -3.807322e+01
      vertex   4.125926e+01 1.787500e+01 -3.803349e+01
    endloop
  endfacet
  facet normal 0.000000e+00 6.087614e-01 7.933533e-01
    outer loop
      vertex   4.125926e+01 1.787500e+01 -3.803349e+01
      vertex   3.986420e+01 1.792678e+01 -3.807322e+01
      vertex   3.986420e+01 1.787500e+01 -3.803349e+01
    endloop
  endfacet
  facet normal 0.000000e+00 3.826834e-01 9.238795e-01
    outer loop
      vertex   4.125926e+01 1.787500e+01 -3.803349e+01
      vertex   3.986420e+01 1.787500e+01 -3.803349e+01
      vertex   4.125926e+01 1.781470e+01 -3.800852e+01
    endloop
  endfacet
  facet normal 0.000000e+00 3.826834e-01 9.238795e-01
    outer loop
      vertex   4.125926e+01 1.781470e+01 -3.800852e+01
      vertex   3.986420e+01 1.787500e+01 -3.803349e+01
      vertex   3.986420e+01 1.781470e+01 -3.800852e+01
    endloop
  endfacet
  facet normal 0.000000e+00 1.305262e-01 9.914449e-01
    outer loop
      vertex   4.125926e+01 1.781470e+01 -3.800852e+01
      vertex   3.986420e+01 1.781470e+01 -3.800852e+01
      vertex   5.775000e+01 1.775000e+01 -3.800000e+01
    endloop
  endfacet
  facet normal -0.000000e+00 9.838460e-01 1.790169e-01
    outer loop
      vertex   4.265432e+01 1.799148e+01 -3.818530e+01
      vertex   4.404938e+01 1.799148e+01 -3.818530e+01
      vertex   5.799880e+01 1.799880e+01 -3.822550e+01
    endloop
  endfacet
  facet normal 0.000000e+00 9.838460e-01 1.790169e-01
    outer loop
      vertex   5.799880e+01 1.799880e+01 -3.822550e+01
      vertex   4.404938e+01 1.799148e+01 -3.818530e+01
      vertex   4.544444e+01 1.799148e+01 -3.818530e+01
    endloop
  endfacet
  facet normal 0.000000e+00 9.838460e-01 1.790169e-01
    outer loop
      vertex   5.799880e+01 1.799880e+01 -3.822550e+01
      vertex   4.544444e+01 1.799148e+01 -3.818530e+01
      vertex   4.683951e+01 1.799148e+01 -3.818530e+01
    endloop
  endfacet
  facet normal 0.000000e+00 9.238795e-01 3.826834e-01
    outer loop
      vertex   4.683951e+01 1.799148e+01 -3.818530e+01
      vertex   4.544444e+01 1.799148e+01 -3.818530e+01
      vertex   4.683951e+01 1.796651e+01 -3.812500e+01
    endloop
  endfacet
  facet normal 0.000000e+00 9.238795e-01 3.826834e-01
    outer loop
      vertex   4.683951e+01 1.799148e+01 -3.818530e+01
      vertex   4.683951e+01 1.796651e+01 -3.812500e+01
      vertex   4.823457e+01 1.796651e+01 -3.812500e+01
    endloop
  endfacet
  facet normal 0.000000e+00 7.933533e-01 6.087614e-01
    outer loop
      vertex   4.823457e+01 1.796651e+01 -3.812500e+01
      vertex   4.683951e+01 1.796651e+01 -3.812500e+01
      vertex   4.823457e+01 1.792678e+01 -3.807322e+01
    endloop
  endfacet
  facet normal 0.000000e+00 7.933533e-01 6.087614e-01
    outer loop
      vertex   4.823457e+01 1.796651e+01 -3.812500e+01
      vertex   4.823457e+01 1.792678e+01 -3.807322e+01
      vertex   4.962963e+01 1.792678e+01 -3.807322e+01
    endloop
  endfacet
  facet normal 0.000000e+00 6.087614e-01 7.933533e-01
    outer loop
      vertex   4.962963e+01 1.792678e+01 -3.807322e+01
      vertex   4.823457e+01 1.792678e+01 -3.807322e+01
      vertex   4.962963e+01 1.787500e+01 -3.803349e+01
    endloop
  endfacet
  facet normal -0.000000e+00 9.238795e-01 3.826834e-01
    outer loop
      vertex   4.265432e+01 1.799148e+01 -3.818530e+01
      vertex   4.404938e+01 1.796651e+01 -3.812500e+01
      vertex   4.404938e+01 1.799148e+01 -3.818530e+01
    endloop
  endfacet
  facet normal 0.000000e+00 9.238795e-01 3.826834e-01
    outer loop
      vertex   4.404938e+01 1.799148e+01 -3.818530e+01
      vertex   4.404938e+01 1.796651e+01 -3.812500e+01
      vertex   4.544444e+01 1.796651e+01 -3.812500e+01
    endloop
  endfacet
  facet normal -0.000000e+00 9.238795e-01 3.826834e-01
    outer loop
      vertex   4.404938e+01 1.799148e+01 -3.818530e+01
      vertex   4.544444e+01 1.796651e+01 -3.812500e+01
      vertex   4.544444e+01 1.799148e+01 -3.818530e+01
    endloop
  endfacet
  facet normal 0.000000e+00 9.238795e-01 3.826834e-01
    outer loop
      vertex   4.544444e+01 1.799148e+01 -3.818530e+01
      vertex   4.544444e+01 1.796651e+01 -3.812500e+01
      vertex   4.683951e+01 1.796651e+01 -3.812500e+01
    endloop
  endfacet
  facet normal 0.000000e+00 9.838460e-01 1.790169e-01
    outer loop
      vertex   4.962963e+01 1.799148e+01 -3.818530e+01
      vertex   5.799880e+01 1.799880e+01 -3.822550e+01
      vertex   4.823457e+01 1.799148e+01 -3.818530e+01
    endloop
  endfacet
  facet normal 0.000000e+00 9.838460e-01 1.790169e-01
    outer loop
      vertex   4.823457e+01 1.799148e+01 -3.818530e+01
      vertex   5.799880e+01 1.799880e+01 -3.822550e+01
      vertex   4.683951e+01 1.799148e+01 -3.818530e+01
    endloop
  endfacet
  facet normal 0.000000e+00 9.238795e-01 3.826834e-01
    outer loop
      vertex   4.823457e+01 1.799148e+01 -3.818530e+01
      vertex   4.683951e+01 1.799148e+01 -3.818530e+01
      vertex   4.823457e+01 1.796651e+01 -3.812500e+01
    endloop
  endfacet
  facet normal 0.000000e+00 9.238795e-01 3.826834e-01
    outer loop
      vertex   4.962963e+01 1.796651e+01 -3.812500e+01
      vertex   4.962963e+01 1.799148e+01 -3.818530e+01
      vertex   4.823457e+01 1.799148e+01 -3.818530e+01
    endloop
  endfacet
  facet normal 0.000000e+00 9.238795e-01 3.826834e-01
    outer loop
      vertex   4.962963e+01 1.796651e+01 -3.812500e+01
      vertex   4.823457e+01 1.799148e+01 -3.818530e+01
      vertex   4.823457e+01 1.796651e+01 -3.812500e+01
    endloop
  endfacet
  facet normal 0.000000e+00 9.238795e-01 3.826834e-01
    outer loop
      vertex   5.241975e+01 1.799148e+01 -3.818530e+01
      vertex   5.102469e+01 1.799148e+01 -3.818530e+01
      vertex   5.241975e+01 1.796651e+01 -3.812500e+01
    endloop
  endfacet
  facet normal 0.000000e+00 9.238795e-01 3.826834e-01
    outer loop
      vertex   5.241975e+01 1.796651e+01 -3.812500e+01
      vertex   5.102469e+01 1.799148e+01 -3.818530e+01
      vertex   5.102469e+01 1.796651e+01 -3.812500e+01
    endloop
  endfacet
  facet normal 0.000000e+00 7.933533e-01 6.087614e-01
    outer loop
      vertex   5.241975e+01 1.796651e+01 -3.812500e+01
      vertex   5.102469e+01 1.796651e+01 -3.812500e+01
      vertex   5.241975e+01 1.792678e+01 -3.807322e+01
    endloop
  endfacet
  facet normal 0.000000e+00 9.838460e-01 1.790169e-01
    outer loop
      vertex   5.660494e+01 1.799148e+01 -3.818530e+01
      vertex   5.799880e+01 1.799880e+01 -3.822550e+01
      vertex   5.520988e+01 1.799148e+01 -3.818530e+01
    endloop
  endfacet
  facet normal 0.000000e+00 9.838460e-01 1.790169e-01
    outer loop
      vertex   5.520988e+01 1.799148e+01 -3.818530e+01
      vertex   5.799880e+01 1.799880e+01 -3.822550e+01
      vertex   5.381481e+01 1.799148e+01 -3.818530e+01
    endloop
  endfacet
  facet normal 0.000000e+00 9.238795e-01 3.826834e-01
    outer loop
      vertex   5.520988e+01 1.799148e+01 -3.818530e+01
      vertex   5.381481e+01 1.799148e+01 -3.818530e+01
      vertex   5.520988e+01 1.796651e+01 -3.812500e+01
    endloop
  endfacet
  facet normal 0.000000e+00 9.238795e-01 3.826834e-01
    outer loop
      vertex   5.660494e+01 1.796651e+01 -3.812500e+01
      vertex   5.660494e+01 1.799148e+01 -3.818530e+01
      vertex   5.520988e+01 1.799148e+01 -3.818530e+01
    endloop
  endfacet
  facet normal 0.000000e+00 9.238795e-01 3.826834e-01
    outer loop
      vertex   5.660494e+01 1.796651e+01 -3.812500e+01
      vertex   5.520988e+01 1.799148e+01 -3.818530e+01
      vertex   5.520988e+01 1.796651e+01 -3.812500e+01
    endloop
  endfacet
  facet normal 0.000000e+00 9.238795e-01 3.826834e-01
    outer loop
      vertex   -5.220988e+01 1.799148e+01 -3.818530e+01
      vertex   -5.220988e+01 1.796651e+01 -3.812500e+01
      vertex   -5.081481e+01 1.796651e+01 -3.812500e+01
    endloop
  endfacet
  facet normal 0.000000e+00 7.933533e-01 6.087614e-01
    outer loop
      vertex   -5.081481e+01 1.796651e+01 -3.812500e+01
      vertex   -5.220988e+01 1.796651e+01 -3.812500e+01
      vertex   -5.081481e+01 1.792678e+01 -3.807322e+01
    endloop
  endfacet
  facet normal 0.000000e+00 7.933533e-01 6.087614e-01
    outer loop
      vertex   -5.081481e+01 1.796651e+01 -3.812500e+01
      vertex   -5.081481e+01 1.792678e+01 -3.807322e+01
      vertex   -4.941975e+01 1.792678e+01 -3.807322e+01
    endloop
  endfacet
  facet normal 0.000000e+00 6.087614e-01 7.933533e-01
    outer loop
      vertex   -4.941975e+01 1.792678e+01 -3.807322e+01
      vertex   -5.081481e+01 1.792678e+01 -3.807322e+01
      vertex   -4.941975e+01 1.787500e+01 -3.803349e+01
    endloop
  endfacet
  facet normal 0.000000e+00 6.087614e-01 7.933533e-01
    outer loop
      vertex   -4.941975e+01 1.792678e+01 -3.807322e+01
      vertex   -4.941975e+01 1.787500e+01 -3.803349e+01
      vertex   -4.802469e+01 1.787500e+01 -3.803349e+01
    endloop
  endfacet
  facet normal 0.000000e+00 3.826834e-01 9.238795e-01
    outer loop
      vertex   -4.802469e+01 1.787500e+01 -3.803349e+01
      vertex   -4.941975e+01 1.787500e+01 -3.803349e+01
      vertex   -4.802469e+01 1.781470e+01 -3.800852e+01
    endloop
  endfacet
  facet normal 0.000000e+00 3.826834e-01 9.238795e-01
    outer loop
      vertex   -4.802469e+01 1.787500e+01 -3.803349e+01
      vertex   -4.802469e+01 1.781470e+01 -3.800852e+01
      vertex   -4.662963e+01 1.781470e+01 -3.800852e+01
    endloop
  endfacet
  facet normal 0.000000e+00 1.305262e-01 9.914449e-01
    outer loop
      vertex   -4.662963e+01 1.781470e+01 -3.800852e+01
      vertex   -4.802469e+01 1.781470e+01 -3.800852e+01
      vertex   -5.500000e+01 1.775000e+01 -3.800000e+01
    endloop
  endfacet
  facet normal 0.000000e+00 7.933533e-01 6.087614e-01
    outer loop
      vertex   -5.081481e+01 1.792678e+01 -3.807322e+01
      vertex   -5.220988e+01 1.796651e+01 -3.812500e+01
      vertex   -5.220988e+01 1.792678e+01 -3.807322e+01
    endloop
  endfacet
  facet normal -0.000000e+00 7.933533e-01 6.087614e-01
    outer loop
      vertex   -4.941975e+01 1.796651e+01 -3.812500e+01
      vertex   -4.802469e+01 1.792678e+01 -3.807322e+01
      vertex   -4.802469e+01 1.796651e+01 -3.812500e+01
    endloop
  endfacet
  facet normal 0.000000e+00 7.933533e-01 6.087614e-01
    outer loop
      vertex   -4.802469e+01 1.796651e+01 -3.812500e+01
      vertex   -4.802469e+01 1.792678e+01 -3.807322e+01
      vertex   -4.662963e+01 1.792678e+01 -3.807322e+01
    endloop
  endfacet
  facet normal -0.000000e+00 7.933533e-01 6.087614e-01
    outer loop
      vertex   -4.802469e+01 1.796651e+01 -3.812500e+01
      vertex   -4.662963e+01 1.792678e+01 -3.807322e+01
      vertex   -4.662963e+01 1.796651e+01 -3.812500e+01
    endloop
  endfacet
  facet normal 0.000000e+00 7.933533e-01 6.087614e-01
    outer loop
      vertex   -4.662963e+01 1.796651e+01 -3.812500e+01
      vertex   -4.662963e+01 1.792678e+01 -3.807322e+01
      vertex   -4.523457e+01 1.792678e+01 -3.807322e+01
    endloop
  endfacet
  facet normal 0.000000e+00 7.933533e-01 6.087614e-01
    outer loop
      vertex   -4.383951e+01 1.792678e+01 -3.807322e+01
      vertex   -4.383951e+01 1.796651e+01 -3.812500e+01
      vertex   -4.523457e+01 1.796651e+01 -3.812500e+01
    endloop
  endfacet
  facet normal 0.000000e+00 9.238795e-01 3.826834e-01
    outer loop
      vertex   -4.104938e+01 1.799148e+01 -3.818530e+01
      vertex   -4.104938e+01 1.796651e+01 -3.812500e+01
      vertex   -3.965432e+01 1.796651e+01 -3.812500e+01
    endloop
  endfacet
  facet normal 0.000000e+00 7.933533e-01 6.087614e-01
    outer loop
      vertex   -3.965432e+01 1.796651e+01 -3.812500e+01
      vertex   -4.104938e+01 1.796651e+01 -3.812500e+01
      vertex   -3.965432e+01 1.792678e+01 -3.807322e+01
    endloop
  endfacet
  facet normal 0.000000e+00 7.933533e-01 6.087614e-01
    outer loop
      vertex   -3.965432e+01 1.796651e+01 -3.812500e+01
      vertex   -3.965432e+01 1.792678e+01 -3.807322e+01
      vertex   -3.825926e+01 1.792678e+01 -3.807322e+01
    endloop
  endfacet
  facet normal 0.000000e+00 6.087614e-01 7.933533e-01
    outer loop
      vertex   -3.825926e+01 1.792678e+01 -3.807322e+01
      vertex   -3.965432e+01 1.792678e+01 -3.807322e+01
      vertex   -3.825926e+01 1.787500e+01 -3.803349e+01
    endloop
  endfacet
  facet normal 0.000000e+00 6.087614e-01 7.933533e-01
    outer loop
      vertex   -3.825926e+01 1.792678e+01 -3.807322e+01
      vertex   -3.825926e+01 1.787500e+01 -3.803349e+01
      vertex   -3.686420e+01 1.787500e+01 -3.803349e+01
    endloop
  endfacet
  facet normal 0.000000e+00 3.826834e-01 9.238795e-01
    outer loop
      vertex   -3.686420e+01 1.787500e+01 -3.803349e+01
      vertex   -3.825926e+01 1.787500e+01 -3.803349e+01
      vertex   -3.686420e+01 1.781470e+01 -3.800852e+01
    endloop
  endfacet
  facet normal 0.000000e+00 3.826834e-01 9.238795e-01
    outer loop
      vertex   -3.686420e+01 1.787500e+01 -3.803349e+01
      vertex   -3.686420e+01 1.781470e+01 -3.800852e+01
      vertex   -3.546914e+01 1.781470e+01 -3.800852e+01
    endloop
  endfacet
  facet normal 0.000000e+00 1.305262e-01 9.914449e-01
    outer loop
      vertex   -3.546914e+01 1.781470e+01 -3.800852e+01
      vertex   -3.686420e+01 1.781470e+01 -3.800852e+01
      vertex   -5.500000e+01 1.775000e+01 -3.800000e+01
    endloop
  endfacet
  facet normal 0.000000e+00 7.933533e-01 6.087614e-01
    outer loop
      vertex   -3.965432e+01 1.792678e+01 -3.807322e+01
      vertex   -4.104938e+01 1.796651e+01 -3.812500e+01
      vertex   -4.104938e+01 1.792678e+01 -3.807322e+01
    endloop
  endfacet
  facet normal -0.000000e+00 7.933533e-01 6.087614e-01
    outer loop
      vertex   -3.825926e+01 1.796651e+01 -3.812500e+01
      vertex   -3.686420e+01 1.792678e+01 -3.807322e+01
      vertex   -3.686420e+01 1.796651e+01 -3.812500e+01
    endloop
  endfacet
  facet normal 0.000000e+00 7.933533e-01 6.087614e-01
    outer loop
      vertex   -3.686420e+01 1.796651e+01 -3.812500e+01
      vertex   -3.686420e+01 1.792678e+01 -3.807322e+01
      vertex   -3.546914e+01 1.792678e+01 -3.807322e+01
    endloop
  endfacet
  facet normal -0.000000e+00 7.933533e-01 6.087614e-01
    outer loop
      vertex   -3.686420e+01 1.796651e+01 -3.812500e+01
      vertex   -3.546914e+01 1.792678e+01 -3.807322e+01
      vertex   -3.546914e+01 1.796651e+01 -3.812500e+01
    endloop
  endfacet
  facet normal 0.000000e+00 7.933533e-01 6.087614e-01
    outer loop
      vertex   -3.546914e+01 1.796651e+01 -3.812500e+01
      vertex   -3.546914e+01 1.792678e+01 -3.807322e+01
      vertex   -3.407407e+01 1.792678e+01 -3.807322e+01
    endloop
  endfacet
  facet normal 0.000000e+00 7.933533e-01 6.087614e-01
    outer loop
      vertex   -3.267901e+01 1.792678e+01 -3.807322e+01
      vertex   -3.267901e+01 1.796651e+01 -3.812500e+01
      vertex   -3.407407e+01 1.796651e+01 -3.812500e+01
    endloop
  endfacet
  facet normal 0.000000e+00 9.238795e-01 3.826834e-01
    outer loop
      vertex   -2.988889e+01 1.799148e+01 -3.818530e+01
      vertex   -2.988889e+01 1.796651e+01 -3.812500e+01
      vertex   -2.849383e+01 1.796651e+01 -3.812500e+01
    endloop
  endfacet
  facet normal 0.000000e+00 7.933533e-01 6.087614e-01
    outer loop
      vertex   -2.849383e+01 1.796651e+01 -3.812500e+01
      vertex   -2.988889e+01 1.796651e+01 -3.812500e+01
      vertex   -2.849383e+01 1.792678e+01 -3.807322e+01
    endloop
  endfacet
  facet normal 0.000000e+00 7.933533e-01 6.087614e-01
    outer loop
      vertex   -2.849383e+01 1.796651e+01 -3.812500e+01
      vertex   -2.849383e+01 1.792678e+01 -3.807322e+01
      vertex   -2.709877e+01 1.792678e+01 -3.807322e+01
    endloop
  endfacet
  facet normal 0.000000e+00 6.087614e-01 7.933533e-01
    outer loop
      vertex   -2.709877e+01 1.792678e+01 -3.807322e+01
      vertex   -2.849383e+01 1.792678e+01 -3.807322e+01
      vertex   -2.709877e+01 1.787500e+01 -3.803349e+01
    endloop
  endfacet
  facet normal 0.000000e+00 6.087614e-01 7.933533e-01
    outer loop
      vertex   -2.709877e+01 1.792678e+01 -3.807322e+01
      vertex   -2.709877e+01 1.787500e+01 -3.803349e+01
      vertex   -2.570370e+01 1.787500e+01 -3.803349e+01
    endloop
  endfacet
  facet normal 0.000000e+00 3.826834e-01 9.238795e-01
    outer loop
      vertex   -2.570370e+01 1.787500e+01 -3.803349e+01
      vertex   -2.709877e+01 1.787500e+01 -3.803349e+01
      vertex   -2.570370e+01 1.781470e+01 -3.800852e+01
    endloop
  endfacet
  facet normal 0.000000e+00 3.826834e-01 9.238795e-01
    outer loop
      vertex   -2.570370e+01 1.787500e+01 -3.803349e+01
      vertex   -2.570370e+01 1.781470e+01 -3.800852e+01
      vertex   -2.430864e+01 1.781470e+01 -3.800852e+01
    endloop
  endfacet
  facet normal 0.000000e+00 1.305262e-01 9.914449e-01
    outer loop
      vertex   -2.430864e+01 1.781470e+01 -3.800852e+01
      vertex   -2.570370e+01 1.781470e+01 -3.800852e+01
      vertex   -5.500000e+01 1.775000e+01 -3.800000e+01
    endloop
  endfacet
  facet normal 0.000000e+00 7.933533e-01 6.087614e-01
    outer loop
      vertex   -2.849383e+01 1.792678e+01 -3.807322e+01
      vertex   -2.988889e+01 1.796651e+01 -3.812500e+01
      vertex   -2.988889e+01 1.792678e+01 -3.807322e+01
    endloop
  endfacet
  facet normal -0.000000e+00 7.933533e-01 6.087614e-01
    outer loop
      vertex   -2.709877e+01 1.796651e+01 -3.812500e+01
      vertex   -2.570370e+01 1.792678e+01 -3.807322e+01
      vertex   -2.570370e+01 1.796651e+01 -3.812500e+01
    endloop
  endfacet
  facet normal 0.000000e+00 7.933533e-01 6.087614e-01
    outer loop
      vertex   -2.570370e+01 1.796651e+01 -3.812500e+01
      vertex   -2.570370e+01 1.792678e+01 -3.807322e+01
      vertex   -2.430864e+01 1.792678e+01 -3.807322e+01
    endloop
  endfacet
  facet normal -0.000000e+00 7.933533e-01 6.087614e-01
    outer loop
      vertex   -2.570370e+01 1.796651e+01 -3.812500e+01
      vertex   -2.430864e+01 1.792678e+01 -3.807322e+01
      vertex   -2.430864e+01 1.796651e+01 -3.812500e+01
    endloop
  endfacet
  facet normal 0.000000e+00 7.933533e-01 6.087614e-01
    outer loop
      vertex   -2.430864e+01 1.796651e+01 -3.812500e+01
      vertex   -2.430864e+01 1.792678e+01 -3.807322e+01
      vertex   -2.291358e+01 1.792678e+01 -3.807322e+01
    endloop
  endfacet
  facet normal 0.000000e+00 7.933533e-01 6.087614e-01
    outer loop
      vertex   -2.151852e+01 1.792678e+01 -3.807322e+01
      vertex   -2.151852e+01 1.796651e+01 -3.812500e+01
      vertex   -2.291358e+01 1.796651e+01 -3.812500e+01
    endloop
  endfacet
  facet normal 0.000000e+00 9.238795e-01 3.826834e-01
    outer loop
      vertex   -1.872840e+01 1.799148e+01 -3.818530e+01
      vertex   -1.872840e+01 1.796651e+01 -3.812500e+01
      vertex   -1.733333e+01 1.796651e+01 -3.812500e+01
    endloop
  endfacet
  facet normal 0.000000e+00 7.933533e-01 6.087614e-01
    outer loop
      vertex   -1.733333e+01 1.796651e+01 -3.812500e+01
      vertex   -1.872840e+01 1.796651e+01 -3.812500e+01
      vertex   -1.733333e+01 1.792678e+01 -3.807322e+01
    endloop
  endfacet
  facet normal 0.000000e+00 7.933533e-01 6.087614e-01
    outer loop
      vertex   -1.733333e+01 1.796651e+01 -3.812500e+01
      vertex   -1.733333e+01 1.792678e+01 -3.807322e+01
      vertex   -1.593827e+01 1.792678e+01 -3.807322e+01
    endloop
  endfacet
  facet normal 0.000000e+00 6.087614e-01 7.933533e-01
    outer loop
      vertex   -1.593827e+01 1.792678e+01 -3.807322e+01
      vertex   -1.733333e+01 1.792678e+01 -3.807322e+01
      vertex   -1.593827e+01 1.787500e+01 -3.803349e+01
    endloop
  endfacet
  facet normal 0.000000e+00 6.087614e-01 7.933533e-01
    outer loop
      vertex   -1.593827e+01 1.792678e+01 -3.807322e+01
      vertex   -1.593827e+01 1.787500e+01 -3.803349e+01
      vertex   -1.454321e+01 1.787500e+01 -3.803349e+01
    endloop
  endfacet
  facet normal 0.000000e+00 3.826834e-01 9.238795e-01
    outer loop
      vertex   -1.454321e+01 1.787500e+01 -3.803349e+01
      vertex   -1.593827e+01 1.787500e+01 -3.803349e+01
      vertex   -1.454321e+01 1.781470e+01 -3.800852e+01
    endloop
  endfacet
  facet normal 0.000000e+00 3.826834e-01 9.238795e-01
    outer loop
      vertex   -1.454321e+01 1.787500e+01 -3.803349e+01
      vertex   -1.454321e+01 1.781470e+01 -3.800852e+01
      vertex   -1.314815e+01 1.781470e+01 -3.800852e+01
    endloop
  endfacet
  facet normal 0.000000e+00 1.305262e-01 9.914449e-01
    outer loop
      vertex   -1.314815e+01 1.781470e+01 -3.800852e+01
      vertex   -1.454321e+01 1.781470e+01 -3.800852e+01
      vertex   -5.500000e+01 1.775000e+01 -3.800000e+01
    endloop
  endfacet
  facet normal 0.000000e+00 7.933533e-01 6.087614e-01
    outer loop
      vertex   -1.733333e+01 1.792678e+01 -3.807322e+01
      vertex   -1.872840e+01 1.796651e+01 -3.812500e+01
      vertex   -1.872840e+01 1.792678e+01 -3.807322e+01
    endloop
  endfacet
  facet normal -0.000000e+00 7.933533e-01 6.087614e-01
    outer loop
      vertex   -1.593827e+01 1.796651e+01 -3.812500e+01
      vertex   -1.454321e+01 1.792678e+01 -3.807322e+01
      vertex   -1.454321e+01 1.796651e+01 -3.812500e+01
    endloop
  endfacet
  facet normal 0.000000e+00 7.933533e-01 6.087614e-01
    outer loop
      vertex   -1.454321e+01 1.796651e+01 -3.812500e+01
      vertex   -1.454321e+01 1.792678e+01 -3.807322e+01
      vertex   -1.314815e+01 1.792678e+01 -3.807322e+01
    endloop
  endfacet
  facet normal -0.000000e+00 7.933533e-01 6.087614e-01
    outer loop
      vertex   -1.454321e+01 1.796651e+01 -3.812500e+01
      vertex   -1.314815e+01 1.792678e+01 -3.807322e+01
      vertex   -1.314815e+01 1.796651e+01 -3.812500e+01
    endloop
  endfacet
  facet normal 0.000000e+00 7.933533e-01 6.087614e-01
    outer loop
      vertex   -1.314815e+01 1.796651e+01 -3.812500e+01
      vertex   -1.314815e+01 1.792678e+01 -3.807322e+01
      vertex   -1.175309e+01 1.792678e+01 -3.807322e+01
    endloop
  endfacet
  facet normal 0.000000e+00 7.933533e-01 6.087614e-01
    outer loop
      vertex   -1.035802e+01 1.792678e+01 -3.807322e+01
      vertex   -1.035802e+01 1.796651e+01 -3.812500e+01
      vertex   -1.175309e+01 1.796651e+01 -3.812500e+01
    endloop
  endfacet
  facet normal 0.000000e+00 9.238795e-01 3.826834e-01
    outer loop
      vertex   -7.567901e+00 1.799148e+01 -3.818530e+01
      vertex   -7.567901e+00 1.796651e+01 -3.812500e+01
      vertex   -6.172840e+00 1.796651e+01 -3.812500e+01
    endloop
  endfacet
  facet normal 0.000000e+00 7.933533e-01 6.087614e-01
    outer loop
      vertex   -6.172840e+00 1.796651e+01 -3.812500e+01
      vertex   -7.567901e+00 1.796651e+01 -3.812500e+01
      vertex   -6.172840e+00 1.792678e+01 -3.807322e+01
    endloop
  endfacet
  facet normal 0.000000e+00 7.933533e-01 6.087614e-01
    outer loop
      vertex   -6.172840e+00 1.796651e+01 -3.812500e+01
      vertex   -6.172840e+00 1.792678e+01 -3.807322e+01
      vertex   -4.777778e+00 1.792678e+01 -3.807322e+01
    endloop
  endfacet
  facet normal 0.000000e+00 6.087614e-01 7.933533e-01
    outer loop
      vertex   -4.777778e+00 1.792678e+01 -3.807322e+01
      vertex   -6.172840e+00 1.792678e+01 -3.807322e+01
      vertex   -4.777778e+00 1.787500e+01 -3.803349e+01
    endloop
  endfacet
  facet normal 0.000000e+00 6.087614e-01 7.933533e-01
    outer loop
      vertex   -4.777778e+00 1.792678e+01 -3.807322e+01
      vertex   -4.777778e+00 1.787500e+01 -3.803349e+01
      vertex   -3.382716e+00 1.787500e+01 -3.803349e+01
    endloop
  endfacet
  facet normal 0.000000e+00 3.826834e-01 9.238795e-01
    outer loop
      vertex   -3.382716e+00 1.787500e+01 -3.803349e+01
      vertex   -4.777778e+00 1.787500e+01 -3.803349e+01
      vertex   -3.382716e+00 1.781470e+01 -3.800852e+01
    endloop
  endfacet
  facet normal 0.000000e+00 3.826834e-01 9.238795e-01
    outer loop
      vertex   -3.382716e+00 1.787500e+01 -3.803349e+01
      vertex   -3.382716e+00 1.781470e+01 -3.800852e+01
      vertex   -1.987654e+00 1.781470e+01 -3.800852e+01
    endloop
  endfacet
  facet normal 0.000000e+00 1.305262e-01 9.914449e-01
    outer loop
      vertex   -1.987654e+00 1.781470e+01 -3.800852e+01
      vertex   -3.382716e+00 1.781470e+01 -3.800852e+01
      vertex   -5.500000e+01 1.775000e+01 -3.800000e+01
    endloop
  endfacet
  facet normal 0.000000e+00 7.933533e-01 6.087614e-01
    outer loop
      vertex   -6.172840e+00 1.792678e+01 -3.807322e+01
      vertex   -7.567901e+00 1.796651e+01 -3.812500e+01
      vertex   -7.567901e+00 1.792678e+01 -3.807322e+01
    endloop
  endfacet
  facet normal -0.000000e+00 7.933533e-01 6.087614e-01
    outer loop
      vertex   -4.777778e+00 1.796651e+01 -3.812500e+01
      vertex   -3.382716e+00 1.792678e+01 -3.807322e+01
      vertex   -3.382716e+00 1.796651e+01 -3.812500e+01
    endloop
  endfacet
  facet normal 0.000000e+00 7.933533e-01 6.087614e-01
    outer loop
      vertex   -3.382716e+00 1.796651e+01 -3.812500e+01
      vertex   -3.382716e+00 1.792678e+01 -3.807322e+01
      vertex   -1.987654e+00 1.792678e+01 -3.807322e+01
    endloop
  endfacet
  facet normal -0.000000e+00 7.933533e-01 6.087614e-01
    outer loop
      vertex   -3.382716e+00 1.796651e+01 -3.812500e+01
      vertex   -1.987654e+00 1.792678e+01 -3.807322e+01
      vertex   -1.987654e+00 1.796651e+01 -3.812500e+01
    endloop
  endfacet
  facet normal 0.000000e+00 7.933533e-01 6.087614e-01
    outer loop
      vertex   -1.987654e+00 1.796651e+01 -3.812500e+01
      vertex   -1.987654e+00 1.792678e+01 -3.807322e+01
      vertex   -5.925926e-01 1.792678e+01 -3.807322e+01
    endloop
  endfacet
  facet normal 0.000000e+00 7.933533e-01 6.087614e-01
    outer loop
      vertex   2.197531e+00 1.792678e+01 -3.807322e+01
      vertex   2.197531e+00 1.796651e+01 -3.812500e+01
      vertex   8.024691e-01 1.796651e+01 -3.812500e+01
    endloop
  endfacet
  facet normal 0.000000e+00 7.933533e-01 6.087614e-01
    outer loop
      vertex   2.197531e+00 1.792678e+01 -3.807322e+01
      vertex   8.024691e-01 1.796651e+01 -3.812500e+01
      vertex   8.024691e-01 1.792678e+01 -3.807322e+01
    endloop
  endfacet
  facet normal 0.000000e+00 7.933533e-01 6.087614e-01
    outer loop
      vertex   8.024691e-01 1.792678e+01 -3.807322e+01
      vertex   8.024691e-01 1.796651e+01 -3.812500e+01
      vertex   -5.925926e-01 1.796651e+01 -3.812500e+01
    endloop
  endfacet
  facet normal 0.000000e+00 9.238795e-01 3.826834e-01
    outer loop
      vertex   4.987654e+00 1.799148e+01 -3.818530e+01
      vertex   4.987654e+00 1.796651e+01 -3.812500e+01
      vertex   6.382716e+00 1.796651e+01 -3.812500e+01
    endloop
  endfacet
  facet normal 0.000000e+00 7.933533e-01 6.087614e-01
    outer loop
      vertex   6.382716e+00 1.796651e+01 -3.812500e+01
      vertex   4.987654e+00 1.796651e+01 -3.812500e+01
      vertex   6.382716e+00 1.792678e+01 -3.807322e+01
    endloop
  endfacet
  facet normal 0.000000e+00 7.933533e-01 6.087614e-01
    outer loop
      vertex   6.382716e+00 1.796651e+01 -3.812500e+01
      vertex   6.382716e+00 1.792678e+01 -3.807322e+01
      vertex   7.777778e+00 1.792678e+01 -3.807322e+01
    endloop
  endfacet
  facet normal 0.000000e+00 6.087614e-01 7.933533e-01
    outer loop
      vertex   7.777778e+00 1.792678e+01 -3.807322e+01
      vertex   6.382716e+00 1.792678e+01 -3.807322e+01
      vertex   7.777778e+00 1.787500e+01 -3.803349e+01
    endloop
  endfacet
  facet normal 0.000000e+00 6.087614e-01 7.933533e-01
    outer loop
      vertex   7.777778e+00 1.792678e+01 -3.807322e+01
      vertex   7.777778e+00 1.787500e+01 -3.803349e+01
      vertex   9.172840e+00 1.787500e+01 -3.803349e+01
    endloop
  endfacet
  facet normal 0.000000e+00 3.826834e-01 9.238795e-01
    outer loop
      vertex   9.172840e+00 1.787500e+01 -3.803349e+01
      vertex   7.777778e+00 1.787500e+01 -3.803349e+01
      vertex   9.172840e+00 1.781470e+01 -3.800852e+01
    endloop
  endfacet
  facet normal 0.000000e+00 3.826834e-01 9.238795e-01
    outer loop
      vertex   9.172840e+00 1.787500e+01 -3.803349e+01
      vertex   9.172840e+00 1.781470e+01 -3.800852e+01
      vertex   1.056790e+01 1.781470e+01 -3.800852e+01
    endloop
  endfacet
  facet normal 0.000000e+00 1.305262e-01 9.914449e-01
    outer loop
      vertex   1.056790e+01 1.781470e+01 -3.800852e+01
      vertex   9.172840e+00 1.781470e+01 -3.800852e+01
      vertex   5.775000e+01 1.775000e+01 -3.800000e+01
    endloop
  endfacet
  facet normal 0.000000e+00 7.933533e-01 6.087614e-01
    outer loop
      vertex   6.382716e+00 1.792678e+01 -3.807322e+01
      vertex   4.987654e+00 1.796651e+01 -3.812500e+01
      vertex   4.987654e+00 1.792678e+01 -3.807322e+01
    endloop
  endfacet
  facet normal 0.000000e+00 7.933533e-01 6.087614e-01
    outer loop
      vertex   1.056790e+01 1.792678e+01 -3.807322e+01
      vertex   9.172840e+00 1.796651e+01 -3.812500e+01
      vertex   9.172840e+00 1.792678e+01 -3.807322e+01
    endloop
  endfacet
  facet normal 0.000000e+00 7.933533e-01 6.087614e-01
    outer loop
      vertex   9.172840e+00 1.792678e+01 -3.807322e+01
      vertex   9.172840e+00 1.796651e+01 -3.812500e+01
      vertex   7.777778e+00 1.796651e+01 -3.812500e+01
    endloop
  endfacet
  facet normal -0.000000e+00 7.933533e-01 6.087614e-01
    outer loop
      vertex   1.056790e+01 1.796651e+01 -3.812500e+01
      vertex   1.196296e+01 1.792678e+01 -3.807322e+01
      vertex   1.196296e+01 1.796651e+01 -3.812500e+01
    endloop
  endfacet
  facet normal 0.000000e+00 7.933533e-01 6.087614e-01
    outer loop
      vertex   1.196296e+01 1.796651e+01 -3.812500e+01
      vertex   1.196296e+01 1.792678e+01 -3.807322e+01
      vertex   1.335802e+01 1.792678e+01 -3.807322e+01
    endloop
  endfacet
  facet normal -0.000000e+00 7.933533e-01 6.087614e-01
    outer loop
      vertex   1.196296e+01 1.796651e+01 -3.812500e+01
      vertex   1.335802e+01 1.792678e+01 -3.807322e+01
      vertex   1.335802e+01 1.796651e+01 -3.812500e+01
    endloop
  endfacet
  facet normal 0.000000e+00 7.933533e-01 6.087614e-01
    outer loop
      vertex   1.335802e+01 1.796651e+01 -3.812500e+01
      vertex   1.335802e+01 1.792678e+01 -3.807322e+01
      vertex   1.475309e+01 1.792678e+01 -3.807322e+01
    endloop
  endfacet
  facet normal 0.000000e+00 7.933533e-01 6.087614e-01
    outer loop
      vertex   1.614815e+01 1.792678e+01 -3.807322e+01
      vertex   1.614815e+01 1.796651e+01 -3.812500e+01
      vertex   1.475309e+01 1.796651e+01 -3.812500e+01
    endloop
  endfacet
  facet normal 0.000000e+00 9.238795e-01 3.826834e-01
    outer loop
      vertex   1.893827e+01 1.799148e+01 -3.818530e+01
      vertex   1.893827e+01 1.796651e+01 -3.812500e+01
      vertex   2.033333e+01 1.796651e+01 -3.812500e+01
    endloop
  endfacet
  facet normal 0.000000e+00 7.933533e-01 6.087614e-01
    outer loop
      vertex   2.033333e+01 1.796651e+01 -3.812500e+01
      vertex   1.893827e+01 1.796651e+01 -3.812500e+01
      vertex   2.033333e+01 1.792678e+01 -3.807322e+01
    endloop
  endfacet
  facet normal 0.000000e+00 7.933533e-01 6.087614e-01
    outer loop
      vertex   2.033333e+01 1.796651e+01 -3.812500e+01
      vertex   2.033333e+01 1.792678e+01 -3.807322e+01
      vertex   2.172840e+01 1.792678e+01 -3.807322e+01
    endloop
  endfacet
  facet normal 0.000000e+00 6.087614e-01 7.933533e-01
    outer loop
      vertex   2.172840e+01 1.792678e+01 -3.807322e+01
      vertex   2.033333e+01 1.792678e+01 -3.807322e+01
      vertex   2.172840e+01 1.787500e+01 -3.803349e+01
    endloop
  endfacet
  facet normal 0.000000e+00 6.087614e-01 7.933533e-01
    outer loop
      vertex   2.172840e+01 1.792678e+01 -3.807322e+01
      vertex   2.172840e+01 1.787500e+01 -3.803349e+01
      vertex   2.312346e+01 1.787500e+01 -3.803349e+01
    endloop
  endfacet
  facet normal 0.000000e+00 3.826834e-01 9.238795e-01
    outer loop
      vertex   2.312346e+01 1.787500e+01 -3.803349e+01
      vertex   2.172840e+01 1.787500e+01 -3.803349e+01
      vertex   2.312346e+01 1.781470e+01 -3.800852e+01
    endloop
  endfacet
  facet normal 0.000000e+00 3.826834e-01 9.238795e-01
    outer loop
      vertex   2.312346e+01 1.787500e+01 -3.803349e+01
      vertex   2.312346e+01 1.781470e+01 -3.800852e+01
      vertex   2.451852e+01 1.781470e+01 -3.800852e+01
    endloop
  endfacet
  facet normal 0.000000e+00 1.305262e-01 9.914449e-01
    outer loop
      vertex   2.451852e+01 1.781470e+01 -3.800852e+01
      vertex   2.312346e+01 1.781470e+01 -3.800852e+01
      vertex   5.775000e+01 1.775000e+01 -3.800000e+01
    endloop
  endfacet
  facet normal 0.000000e+00 7.933533e-01 6.087614e-01
    outer loop
      vertex   2.033333e+01 1.792678e+01 -3.807322e+01
      vertex   1.893827e+01 1.796651e+01 -3.812500e+01
      vertex   1.893827e+01 1.792678e+01 -3.807322e+01
    endloop
  endfacet
  facet normal -0.000000e+00 7.933533e-01 6.087614e-01
    outer loop
      vertex   2.172840e+01 1.796651e+01 -3.812500e+01
      vertex   2.312346e+01 1.792678e+01 -3.807322e+01
      vertex   2.312346e+01 1.796651e+01 -3.812500e+01
    endloop
  endfacet
  facet normal 0.000000e+00 7.933533e-01 6.087614e-01
    outer loop
      vertex   2.312346e+01 1.796651e+01 -3.812500e+01
      vertex   2.312346e+01 1.792678e+01 -3.807322e+01
      vertex   2.451852e+01 1.792678e+01 -3.807322e+01
    endloop
  endfacet
  facet normal -0.000000e+00 7.933533e-01 6.087614e-01
    outer loop
      vertex   2.312346e+01 1.796651e+01 -3.812500e+01
      vertex   2.451852e+01 1.792678e+01 -3.807322e+01
      vertex   2.451852e+01 1.796651e+01 -3.812500e+01
    endloop
  endfacet
  facet normal 0.000000e+00 7.933533e-01 6.087614e-01
    outer loop
      vertex   2.451852e+01 1.796651e+01 -3.812500e+01
      vertex   2.451852e+01 1.792678e+01 -3.807322e+01
      vertex   2.591358e+01 1.792678e+01 -3.807322e+01
    endloop
  endfacet
  facet normal 0.000000e+00 7.933533e-01 6.087614e-01
    outer loop
      vertex   2.730864e+01 1.792678e+01 -3.807322e+01
      vertex   2.730864e+01 1.796651e+01 -3.812500e+01
      vertex   2.591358e+01 1.796651e+01 -3.812500e+01
    endloop
  endfacet
  facet normal 0.000000e+00 9.238795e-01 3.826834e-01
    outer loop
      vertex   3.009877e+01 1.799148e+01 -3.818530e+01
      vertex   3.009877e+01 1.796651e+01 -3.812500e+01
      vertex   3.149383e+01 1.796651e+01 -3.812500e+01
    endloop
  endfacet
  facet normal 0.000000e+00 7.933533e-01 6.087614e-01
    outer loop
      vertex   3.149383e+01 1.796651e+01 -3.812500e+01
      vertex   3.009877e+01 1.796651e+01 -3.812500e+01
      vertex   3.149383e+01 1.792678e+01 -3.807322e+01
    endloop
  endfacet
  facet normal 0.000000e+00 7.933533e-01 6.087614e-01
    outer loop
      vertex   3.149383e+01 1.796651e+01 -3.812500e+01
      vertex   3.149383e+01 1.792678e+01 -3.807322e+01
      vertex   3.288889e+01 1.792678e+01 -3.807322e+01
    endloop
  endfacet
  facet normal 0.000000e+00 6.087614e-01 7.933533e-01
    outer loop
      vertex   3.288889e+01 1.792678e+01 -3.807322e+01
      vertex   3.149383e+01 1.792678e+01 -3.807322e+01
      vertex   3.288889e+01 1.787500e+01 -3.803349e+01
    endloop
  endfacet
  facet normal 0.000000e+00 6.087614e-01 7.933533e-01
    outer loop
      vertex   3.288889e+01 1.792678e+01 -3.807322e+01
      vertex   3.288889e+01 1.787500e+01 -3.803349e+01
      vertex   3.428395e+01 1.787500e+01 -3.803349e+01
    endloop
  endfacet
  facet normal 0.000000e+00 3.826834e-01 9.238795e-01
    outer loop
      vertex   3.428395e+01 1.787500e+01 -3.803349e+01
      vertex   3.288889e+01 1.787500e+01 -3.803349e+01
      vertex   3.428395e+01 1.781470e+01 -3.800852e+01
    endloop
  endfacet
  facet normal 0.000000e+00 3.826834e-01 9.238795e-01
    outer loop
      vertex   3.428395e+01 1.787500e+01 -3.803349e+01
      vertex   3.428395e+01 1.781470e+01 -3.800852e+01
      vertex   3.567901e+01 1.781470e+01 -3.800852e+01
    endloop
  endfacet
  facet normal 0.000000e+00 1.305262e-01 9.914449e-01
    outer loop
      vertex   3.567901e+01 1.781470e+01 -3.800852e+01
      vertex   3.428395e+01 1.781470e+01 -3.800852e+01
      vertex   5.775000e+01 1.775000e+01 -3.800000e+01
    endloop
  endfacet
  facet normal 0.000000e+00 7.933533e-01 6.087614e-01
    outer loop
      vertex   3.149383e+01 1.792678e+01 -3.807322e+01
      vertex   3.009877e+01 1.796651e+01 -3.812500e+01
      vertex   3.009877e+01 1.792678e+01 -3.807322e+01
    endloop
  endfacet
  facet normal -0.000000e+00 7.933533e-01 6.087614e-01
    outer loop
      vertex   3.288889e+01 1.796651e+01 -3.812500e+01
      vertex   3.428395e+01 1.792678e+01 -3.807322e+01
      vertex   3.428395e+01 1.796651e+01 -3.812500e+01
    endloop
  endfacet
  facet normal 0.000000e+00 7.933533e-01 6.087614e-01
    outer loop
      vertex   3.428395e+01 1.796651e+01 -3.812500e+01
      vertex   3.428395e+01 1.792678e+01 -3.807322e+01
      vertex   3.567901e+01 1.792678e+01 -3.807322e+01
    endloop
  endfacet
  facet normal -0.000000e+00 7.933533e-01 6.087614e-01
    outer loop
      vertex   3.428395e+01 1.796651e+01 -3.812500e+01
      vertex   3.567901e+01 1.792678e+01 -3.807322e+01
      vertex   3.567901e+01 1.796651e+01 -3.812500e+01
    endloop
  endfacet
  facet normal 0.000000e+00 7.933533e-01 6.087614e-01
    outer loop
      vertex   3.567901e+01 1.796651e+01 -3.812500e+01
      vertex   3.567901e+01 1.792678e+01 -3.807322e+01
      vertex   3.707407e+01 1.792678e+01 -3.807322e+01
    endloop
  endfacet
  facet normal 0.000000e+00 7.933533e-01 6.087614e-01
    outer loop
      vertex   3.846914e+01 1.792678e+01 -3.807322e+01
      vertex   3.846914e+01 1.796651e+01 -3.812500e+01
      vertex   3.707407e+01 1.796651e+01 -3.812500e+01
    endloop
  endfacet
  facet normal 0.000000e+00 9.238795e-01 3.826834e-01
    outer loop
      vertex   4.125926e+01 1.799148e+01 -3.818530e+01
      vertex   4.125926e+01 1.796651e+01 -3.812500e+01
      vertex   4.265432e+01 1.796651e+01 -3.812500e+01
    endloop
  endfacet
  facet normal 0.000000e+00 7.933533e-01 6.087614e-01
    outer loop
      vertex   4.265432e+01 1.796651e+01 -3.812500e+01
      vertex   4.125926e+01 1.796651e+01 -3.812500e+01
      vertex   4.265432e+01 1.792678e+01 -3.807322e+01
    endloop
  endfacet
  facet normal 0.000000e+00 7.933533e-01 6.087614e-01
    outer loop
      vertex   4.265432e+01 1.796651e+01 -3.812500e+01
      vertex   4.265432e+01 1.792678e+01 -3.807322e+01
      vertex   4.404938e+01 1.792678e+01 -3.807322e+01
    endloop
  endfacet
  facet normal 0.000000e+00 6.087614e-01 7.933533e-01
    outer loop
      vertex   4.404938e+01 1.792678e+01 -3.807322e+01
      vertex   4.265432e+01 1.792678e+01 -3.807322e+01
      vertex   4.404938e+01 1.787500e+01 -3.803349e+01
    endloop
  endfacet
  facet normal 0.000000e+00 6.087614e-01 7.933533e-01
    outer loop
      vertex   4.404938e+01 1.792678e+01 -3.807322e+01
      vertex   4.404938e+01 1.787500e+01 -3.803349e+01
      vertex   4.544444e+01 1.787500e+01 -3.803349e+01
    endloop
  endfacet
  facet normal 0.000000e+00 3.826834e-01 9.238795e-01
    outer loop
      vertex   4.544444e+01 1.787500e+01 -3.803349e+01
      vertex   4.404938e+01 1.787500e+01 -3.803349e+01
      vertex   4.544444e+01 1.781470e+01 -3.800852e+01
    endloop
  endfacet
  facet normal 0.000000e+00 3.826834e-01 9.238795e-01
    outer loop
      vertex   4.544444e+01 1.787500e+01 -3.803349e+01
      vertex   4.544444e+01 1.781470e+01 -3.800852e+01
      vertex   4.683951e+01 1.781470e+01 -3.800852e+01
    endloop
  endfacet
  facet normal 0.000000e+00 1.305262e-01 9.914449e-01
    outer loop
      vertex   4.683951e+01 1.781470e+01 -3.800852e+01
      vertex   4.544444e+01 1.781470e+01 -3.800852e+01
      vertex   5.775000e+01 1.775000e+01 -3.800000e+01
    endloop
  endfacet
  facet normal 0.000000e+00 7.933533e-01 6.087614e-01
    outer loop
      vertex   4.265432e+01 1.792678e+01 -3.807322e+01
      vertex   4.125926e+01 1.796651e+01 -3.812500e+01
      vertex   4.125926e+01 1.792678e+01 -3.807322e+01
    endloop
  endfacet
  facet normal -0.000000e+00 7.933533e-01 6.087614e-01
    outer loop
      vertex   4.404938e+01 1.796651e+01 -3.812500e+01
      vertex   4.544444e+01 1.792678e+01 -3.807322e+01
      vertex   4.544444e+01 1.796651e+01 -3.812500e+01
    endloop
  endfacet
  facet normal 0.000000e+00 7.933533e-01 6.087614e-01
    outer loop
      vertex   4.544444e+01 1.796651e+01 -3.812500e+01
      vertex   4.544444e+01 1.792678e+01 -3.807322e+01
      vertex   4.683951e+01 1.792678e+01 -3.807322e+01
    endloop
  endfacet
  facet normal -0.000000e+00 7.933533e-01 6.087614e-01
    outer loop
      vertex   4.544444e+01 1.796651e+01 -3.812500e+01
      vertex   4.683951e+01 1.792678e+01 -3.807322e+01
      vertex   4.683951e+01 1.796651e+01 -3.812500e+01
    endloop
  endfacet
  facet normal 0.000000e+00 7.933533e-01 6.087614e-01
    outer loop
      vertex   4.683951e+01 1.796651e+01 -3.812500e+01
      vertex   4.683951e+01 1.792678e+01 -3.807322e+01
      vertex   4.823457e+01 1.792678e+01 -3.807322e+01
    endloop
  endfacet
  facet normal 0.000000e+00 7.933533e-01 6.087614e-01
    outer loop
      vertex   4.962963e+01 1.792678e+01 -3.807322e+01
      vertex   4.962963e+01 1.796651e+01 -3.812500e+01
      vertex   4.823457e+01 1.796651e+01 -3.812500e+01
    endloop
  endfacet
  facet normal 0.000000e+00 9.238795e-01 3.826834e-01
    outer loop
      vertex   5.241975e+01 1.799148e+01 -3.818530e+01
      vertex   5.241975e+01 1.796651e+01 -3.812500e+01
      vertex   5.381481e+01 1.796651e+01 -3.812500e+01
    endloop
  endfacet
  facet normal 0.000000e+00 7.933533e-01 6.087614e-01
    outer loop
      vertex   5.381481e+01 1.796651e+01 -3.812500e+01
      vertex   5.241975e+01 1.796651e+01 -3.812500e+01
      vertex   5.381481e+01 1.792678e+01 -3.807322e+01
    endloop
  endfacet
  facet normal 0.000000e+00 7.933533e-01 6.087614e-01
    outer loop
      vertex   5.381481e+01 1.796651e+01 -3.812500e+01
      vertex   5.381481e+01 1.792678e+01 -3.807322e+01
      vertex   5.520988e+01 1.792678e+01 -3.807322e+01
    endloop
  endfacet
  facet normal 0.000000e+00 6.087614e-01 7.933533e-01
    outer loop
      vertex   5.520988e+01 1.792678e+01 -3.807322e+01
      vertex   5.381481e+01 1.792678e+01 -3.807322e+01
      vertex   5.520988e+01 1.787500e+01 -3.803349e+01
    endloop
  endfacet
  facet normal 0.000000e+00 6.087614e-01 7.933533e-01
    outer loop
      vertex   5.520988e+01 1.792678e+01 -3.807322e+01
      vertex   5.520988e+01 1.787500e+01 -3.803349e+01
      vertex   5.660494e+01 1.787500e+01 -3.803349e+01
    endloop
  endfacet
  facet normal 0.000000e+00 3.826834e-01 9.238795e-01
    outer loop
      vertex   5.660494e+01 1.787500e+01 -3.803349e+01
      vertex   5.520988e+01 1.787500e+01 -3.803349e+01
      vertex   5.660494e+01 1.781470e+01 -3.800852e+01
    endloop
  endfacet
  facet normal 0.000000e+00 7.933533e-01 6.087614e-01
    outer loop
      vertex   5.381481e+01 1.792678e+01 -3.807322e+01
      vertex   5.241975e+01 1.796651e+01 -3.812500e+01
      vertex   5.241975e+01 1.792678e+01 -3.807322e+01
    endloop
  endfacet
  facet normal 0.000000e+00 7.933533e-01 6.087614e-01
    outer loop
      vertex   5.660494e+01 1.792678e+01 -3.807322e+01
      vertex   5.660494e+01 1.796651e+01 -3.812500e+01
      vertex   5.520988e+01 1.796651e+01 -3.812500e+01
    endloop
  endfacet
  facet normal 0.000000e+00 6.087614e-01 7.933533e-01
    outer loop
      vertex   -5.081481e+01 1.792678e+01 -3.807322e+01
      vertex   -5.220988e+01 1.792678e+01 -3.807322e+01
      vertex   -5.081481e+01 1.787500e+01 -3.803349e+01
    endloop
  endfacet
  facet normal 0.000000e+00 6.087614e-01 7.933533e-01
    outer loop
      vertex   -5.081481e+01 1.787500e+01 -3.803349e+01
      vertex   -5.220988e+01 1.792678e+01 -3.807322e+01
      vertex   -5.220988e+01 1.787500e+01 -3.803349e+01
    endloop
  endfacet
  facet normal 0.000000e+00 3.826834e-01 9.238795e-01
    outer loop
      vertex   -5.081481e+01 1.787500e+01 -3.803349e+01
      vertex   -5.220988e+01 1.787500e+01 -3.803349e+01
      vertex   -5.081481e+01 1.781470e+01 -3.800852e+01
    endloop
  endfacet
  facet normal 0.000000e+00 3.826834e-01 9.238795e-01
    outer loop
      vertex   -5.081481e+01 1.781470e+01 -3.800852e+01
      vertex   -5.220988e+01 1.787500e+01 -3.803349e+01
      vertex   -5.220988e+01 1.781470e+01 -3.800852e+01
    endloop
  endfacet
  facet normal 0.000000e+00 1.305262e-01 9.914449e-01
    outer loop
      vertex   -5.081481e+01 1.781470e+01 -3.800852e+01
      vertex   -5.220988e+01 1.781470e+01 -3.800852e+01
      vertex   -5.500000e+01 1.775000e+01 -3.800000e+01
    endloop
  endfacet
  facet normal -0.000000e+00 6.087614e-01 7.933533e-01
    outer loop
      vertex   -4.802469e+01 1.792678e+01 -3.807322e+01
      vertex   -4.662963e+01 1.787500e+01 -3.803349e+01
      vertex   -4.662963e+01 1.792678e+01 -3.807322e+01
    endloop
  endfacet
  facet normal 0.000000e+00 6.087614e-01 7.933533e-01
    outer loop
      vertex   -4.662963e+01 1.792678e+01 -3.807322e+01
      vertex   -4.662963e+01 1.787500e+01 -3.803349e+01
      vertex   -4.523457e+01 1.787500e+01 -3.803349e+01
    endloop
  endfacet
  facet normal -0.000000e+00 6.087614e-01 7.933533e-01
    outer loop
      vertex   -4.662963e+01 1.792678e+01 -3.807322e+01
      vertex   -4.523457e+01 1.787500e+01 -3.803349e+01
      vertex   -4.523457e+01 1.792678e+01 -3.807322e+01
    endloop
  endfacet
  facet normal 0.000000e+00 6.087614e-01 7.933533e-01
    outer loop
      vertex   -4.523457e+01 1.792678e+01 -3.807322e+01
      vertex   -4.523457e+01 1.787500e+01 -3.803349e+01
      vertex   -4.383951e+01 1.787500e+01 -3.803349e+01
    endloop
  endfacet
  facet normal 0.000000e+00 6.087614e-01 7.933533e-01
    outer loop
      vertex   -3.965432e+01 1.792678e+01 -3.807322e+01
      vertex   -4.104938e+01 1.792678e+01 -3.807322e+01
      vertex   -3.965432e+01 1.787500e+01 -3.803349e+01
    endloop
  endfacet
  facet normal 0.000000e+00 6.087614e-01 7.933533e-01
    outer loop
      vertex   -3.965432e+01 1.787500e+01 -3.803349e+01
      vertex   -4.104938e+01 1.792678e+01 -3.807322e+01
      vertex   -4.104938e+01 1.787500e+01 -3.803349e+01
    endloop
  endfacet
  facet normal 0.000000e+00 3.826834e-01 9.238795e-01
    outer loop
      vertex   -3.965432e+01 1.787500e+01 -3.803349e+01
      vertex   -4.104938e+01 1.787500e+01 -3.803349e+01
      vertex   -3.965432e+01 1.781470e+01 -3.800852e+01
    endloop
  endfacet
  facet normal 0.000000e+00 3.826834e-01 9.238795e-01
    outer loop
      vertex   -3.965432e+01 1.781470e+01 -3.800852e+01
      vertex   -4.104938e+01 1.787500e+01 -3.803349e+01
      vertex   -4.104938e+01 1.781470e+01 -3.800852e+01
    endloop
  endfacet
  facet normal 0.000000e+00 1.305262e-01 9.914449e-01
    outer loop
      vertex   -3.965432e+01 1.781470e+01 -3.800852e+01
      vertex   -4.104938e+01 1.781470e+01 -3.800852e+01
      vertex   -5.500000e+01 1.775000e+01 -3.800000e+01
    endloop
  endfacet
  facet normal -0.000000e+00 6.087614e-01 7.933533e-01
    outer loop
      vertex   -3.686420e+01 1.792678e+01 -3.807322e+01
      vertex   -3.546914e+01 1.787500e+01 -3.803349e+01
      vertex   -3.546914e+01 1.792678e+01 -3.807322e+01
    endloop
  endfacet
  facet normal 0.000000e+00 6.087614e-01 7.933533e-01
    outer loop
      vertex   -3.546914e+01 1.792678e+01 -3.807322e+01
      vertex   -3.546914e+01 1.787500e+01 -3.803349e+01
      vertex   -3.407407e+01 1.787500e+01 -3.803349e+01
    endloop
  endfacet
  facet normal -0.000000e+00 6.087614e-01 7.933533e-01
    outer loop
      vertex   -3.546914e+01 1.792678e+01 -3.807322e+01
      vertex   -3.407407e+01 1.787500e+01 -3.803349e+01
      vertex   -3.407407e+01 1.792678e+01 -3.807322e+01
    endloop
  endfacet
  facet normal 0.000000e+00 6.087614e-01 7.933533e-01
    outer loop
      vertex   -3.407407e+01 1.792678e+01 -3.807322e+01
      vertex   -3.407407e+01 1.787500e+01 -3.803349e+01
      vertex   -3.267901e+01 1.787500e+01 -3.803349e+01
    endloop
  endfacet
  facet normal 0.000000e+00 6.087614e-01 7.933533e-01
    outer loop
      vertex   -2.849383e+01 1.792678e+01 -3.807322e+01
      vertex   -2.988889e+01 1.792678e+01 -3.807322e+01
      vertex   -2.849383e+01 1.787500e+01 -3.803349e+01
    endloop
  endfacet
  facet normal 0.000000e+00 6.087614e-01 7.933533e-01
    outer loop
      vertex   -2.849383e+01 1.787500e+01 -3.803349e+01
      vertex   -2.988889e+01 1.792678e+01 -3.807322e+01
      vertex   -2.988889e+01 1.787500e+01 -3.803349e+01
    endloop
  endfacet
  facet normal 0.000000e+00 3.826834e-01 9.238795e-01
    outer loop
      vertex   -2.849383e+01 1.787500e+01 -3.803349e+01
      vertex   -2.988889e+01 1.787500e+01 -3.803349e+01
      vertex   -2.849383e+01 1.781470e+01 -3.800852e+01
    endloop
  endfacet
  facet normal 0.000000e+00 3.826834e-01 9.238795e-01
    outer loop
      vertex   -2.849383e+01 1.781470e+01 -3.800852e+01
      vertex   -2.988889e+01 1.787500e+01 -3.803349e+01
      vertex   -2.988889e+01 1.781470e+01 -3.800852e+01
    endloop
  endfacet
  facet normal 0.000000e+00 1.305262e-01 9.914449e-01
    outer loop
      vertex   -2.849383e+01 1.781470e+01 -3.800852e+01
      vertex   -2.988889e+01 1.781470e+01 -3.800852e+01
      vertex   -5.500000e+01 1.775000e+01 -3.800000e+01
    endloop
  endfacet
  facet normal -0.000000e+00 6.087614e-01 7.933533e-01
    outer loop
      vertex   -2.570370e+01 1.792678e+01 -3.807322e+01
      vertex   -2.430864e+01 1.787500e+01 -3.803349e+01
      vertex   -2.430864e+01 1.792678e+01 -3.807322e+01
    endloop
  endfacet
  facet normal 0.000000e+00 6.087614e-01 7.933533e-01
    outer loop
      vertex   -2.430864e+01 1.792678e+01 -3.807322e+01
      vertex   -2.430864e+01 1.787500e+01 -3.803349e+01
      vertex   -2.291358e+01 1.787500e+01 -3.803349e+01
    endloop
  endfacet
  facet normal -0.000000e+00 6.087614e-01 7.933533e-01
    outer loop
      vertex   -2.430864e+01 1.792678e+01 -3.807322e+01
      vertex   -2.291358e+01 1.787500e+01 -3.803349e+01
      vertex   -2.291358e+01 1.792678e+01 -3.807322e+01
    endloop
  endfacet
  facet normal 0.000000e+00 6.087614e-01 7.933533e-01
    outer loop
      vertex   -2.291358e+01 1.792678e+01 -3.807322e+01
      vertex   -2.291358e+01 1.787500e+01 -3.803349e+01
      vertex   -2.151852e+01 1.787500e+01 -3.803349e+01
    endloop
  endfacet
  facet normal 0.000000e+00 6.087614e-01 7.933533e-01
    outer loop
      vertex   -1.733333e+01 1.792678e+01 -3.807322e+01
      vertex   -1.872840e+01 1.792678e+01 -3.807322e+01
      vertex   -1.733333e+01 1.787500e+01 -3.803349e+01
    endloop
  endfacet
  facet normal 0.000000e+00 6.087614e-01 7.933533e-01
    outer loop
      vertex   -1.733333e+01 1.787500e+01 -3.803349e+01
      vertex   -1.872840e+01 1.792678e+01 -3.807322e+01
      vertex   -1.872840e+01 1.787500e+01 -3.803349e+01
    endloop
  endfacet
  facet normal 0.000000e+00 3.826834e-01 9.238795e-01
    outer loop
      vertex   -1.733333e+01 1.787500e+01 -3.803349e+01
      vertex   -1.872840e+01 1.787500e+01 -3.803349e+01
      vertex   -1.733333e+01 1.781470e+01 -3.800852e+01
    endloop
  endfacet
  facet normal 0.000000e+00 3.826834e-01 9.238795e-01
    outer loop
      vertex   -1.733333e+01 1.781470e+01 -3.800852e+01
      vertex   -1.872840e+01 1.787500e+01 -3.803349e+01
      vertex   -1.872840e+01 1.781470e+01 -3.800852e+01
    endloop
  endfacet
  facet normal 0.000000e+00 1.305262e-01 9.914449e-01
    outer loop
      vertex   -1.733333e+01 1.781470e+01 -3.800852e+01
      vertex   -1.872840e+01 1.781470e+01 -3.800852e+01
      vertex   -5.500000e+01 1.775000e+01 -3.800000e+01
    endloop
  endfacet
  facet normal -0.000000e+00 6.087614e-01 7.933533e-01
    outer loop
      vertex   -1.454321e+01 1.792678e+01 -3.807322e+01
      vertex   -1.314815e+01 1.787500e+01 -3.803349e+01
      vertex   -1.314815e+01 1.792678e+01 -3.807322e+01
    endloop
  endfacet
  facet normal 0.000000e+00 6.087614e-01 7.933533e-01
    outer loop
      vertex   -1.314815e+01 1.792678e+01 -3.807322e+01
      vertex   -1.314815e+01 1.787500e+01 -3.803349e+01
      vertex   -1.175309e+01 1.787500e+01 -3.803349e+01
    endloop
  endfacet
  facet normal -0.000000e+00 6.087614e-01 7.933533e-01
    outer loop
      vertex   -1.314815e+01 1.792678e+01 -3.807322e+01
      vertex   -1.175309e+01 1.787500e+01 -3.803349e+01
      vertex   -1.175309e+01 1.792678e+01 -3.807322e+01
    endloop
  endfacet
  facet normal 0.000000e+00 6.087614e-01 7.933533e-01
    outer loop
      vertex   -1.175309e+01 1.792678e+01 -3.807322e+01
      vertex   -1.175309e+01 1.787500e+01 -3.803349e+01
      vertex   -1.035802e+01 1.787500e+01 -3.803349e+01
    endloop
  endfacet
  facet normal 0.000000e+00 6.087614e-01 7.933533e-01
    outer loop
      vertex   -6.172840e+00 1.792678e+01 -3.807322e+01
      vertex   -7.567901e+00 1.792678e+01 -3.807322e+01
      vertex   -6.172840e+00 1.787500e+01 -3.803349e+01
    endloop
  endfacet
  facet normal 0.000000e+00 6.087614e-01 7.933533e-01
    outer loop
      vertex   -6.172840e+00 1.787500e+01 -3.803349e+01
      vertex   -7.567901e+00 1.792678e+01 -3.807322e+01
      vertex   -7.567901e+00 1.787500e+01 -3.803349e+01
    endloop
  endfacet
  facet normal 0.000000e+00 3.826834e-01 9.238795e-01
    outer loop
      vertex   -6.172840e+00 1.787500e+01 -3.803349e+01
      vertex   -7.567901e+00 1.787500e+01 -3.803349e+01
      vertex   -6.172840e+00 1.781470e+01 -3.800852e+01
    endloop
  endfacet
  facet normal 0.000000e+00 3.826834e-01 9.238795e-01
    outer loop
      vertex   -6.172840e+00 1.781470e+01 -3.800852e+01
      vertex   -7.567901e+00 1.787500e+01 -3.803349e+01
      vertex   -7.567901e+00 1.781470e+01 -3.800852e+01
    endloop
  endfacet
  facet normal 0.000000e+00 1.305262e-01 9.914449e-01
    outer loop
      vertex   -6.172840e+00 1.781470e+01 -3.800852e+01
      vertex   -7.567901e+00 1.781470e+01 -3.800852e+01
      vertex   -5.500000e+01 1.775000e+01 -3.800000e+01
    endloop
  endfacet
  facet normal -0.000000e+00 6.087614e-01 7.933533e-01
    outer loop
      vertex   -3.382716e+00 1.792678e+01 -3.807322e+01
      vertex   -1.987654e+00 1.787500e+01 -3.803349e+01
      vertex   -1.987654e+00 1.792678e+01 -3.807322e+01
    endloop
  endfacet
  facet normal 0.000000e+00 6.087614e-01 7.933533e-01
    outer loop
      vertex   -1.987654e+00 1.792678e+01 -3.807322e+01
      vertex   -1.987654e+00 1.787500e+01 -3.803349e+01
      vertex   -5.925926e-01 1.787500e+01 -3.803349e+01
    endloop
  endfacet
  facet normal -0.000000e+00 6.087614e-01 7.933533e-01
    outer loop
      vertex   -1.987654e+00 1.792678e+01 -3.807322e+01
      vertex   -5.925926e-01 1.787500e+01 -3.803349e+01
      vertex   -5.925926e-01 1.792678e+01 -3.807322e+01
    endloop
  endfacet
  facet normal 0.000000e+00 6.087614e-01 7.933533e-01
    outer loop
      vertex   -5.925926e-01 1.792678e+01 -3.807322e+01
      vertex   -5.925926e-01 1.787500e+01 -3.803349e+01
      vertex   8.024691e-01 1.787500e+01 -3.803349e+01
    endloop
  endfacet
  facet normal 0.000000e+00 6.087614e-01 7.933533e-01
    outer loop
      vertex   2.197531e+00 1.787500e+01 -3.803349e+01
      vertex   2.197531e+00 1.792678e+01 -3.807322e+01
      vertex   8.024691e-01 1.792678e+01 -3.807322e+01
    endloop
  endfacet
  facet normal 0.000000e+00 6.087614e-01 7.933533e-01
    outer loop
      vertex   6.382716e+00 1.792678e+01 -3.807322e+01
      vertex   4.987654e+00 1.792678e+01 -3.807322e+01
      vertex   6.382716e+00 1.787500e+01 -3.803349e+01
    endloop
  endfacet
  facet normal 0.000000e+00 6.087614e-01 7.933533e-01
    outer loop
      vertex   6.382716e+00 1.787500e+01 -3.803349e+01
      vertex   4.987654e+00 1.792678e+01 -3.807322e+01
      vertex   4.987654e+00 1.787500e+01 -3.803349e+01
    endloop
  endfacet
  facet normal 0.000000e+00 3.826834e-01 9.238795e-01
    outer loop
      vertex   6.382716e+00 1.787500e+01 -3.803349e+01
      vertex   4.987654e+00 1.787500e+01 -3.803349e+01
      vertex   6.382716e+00 1.781470e+01 -3.800852e+01
    endloop
  endfacet
  facet normal 0.000000e+00 3.826834e-01 9.238795e-01
    outer loop
      vertex   6.382716e+00 1.781470e+01 -3.800852e+01
      vertex   4.987654e+00 1.787500e+01 -3.803349e+01
      vertex   4.987654e+00 1.781470e+01 -3.800852e+01
    endloop
  endfacet
  facet normal 0.000000e+00 1.305262e-01 9.914449e-01
    outer loop
      vertex   6.382716e+00 1.781470e+01 -3.800852e+01
      vertex   4.987654e+00 1.781470e+01 -3.800852e+01
      vertex   5.775000e+01 1.775000e+01 -3.800000e+01
    endloop
  endfacet
  facet normal 0.000000e+00 6.087614e-01 7.933533e-01
    outer loop
      vertex   1.196296e+01 1.787500e+01 -3.803349e+01
      vertex   1.056790e+01 1.792678e+01 -3.807322e+01
      vertex   1.056790e+01 1.787500e+01 -3.803349e+01
    endloop
  endfacet
  facet normal 0.000000e+00 6.087614e-01 7.933533e-01
    outer loop
      vertex   1.056790e+01 1.787500e+01 -3.803349e+01
      vertex   1.056790e+01 1.792678e+01 -3.807322e+01
      vertex   9.172840e+00 1.792678e+01 -3.807322e+01
    endloop
  endfacet
  facet normal -0.000000e+00 6.087614e-01 7.933533e-01
    outer loop
      vertex   1.196296e+01 1.792678e+01 -3.807322e+01
      vertex   1.335802e+01 1.787500e+01 -3.803349e+01
      vertex   1.335802e+01 1.792678e+01 -3.807322e+01
    endloop
  endfacet
  facet normal 0.000000e+00 6.087614e-01 7.933533e-01
    outer loop
      vertex   1.335802e+01 1.792678e+01 -3.807322e+01
      vertex   1.335802e+01 1.787500e+01 -3.803349e+01
      vertex   1.475309e+01 1.787500e+01 -3.803349e+01
    endloop
  endfacet
  facet normal -0.000000e+00 6.087614e-01 7.933533e-01
    outer loop
      vertex   1.335802e+01 1.792678e+01 -3.807322e+01
      vertex   1.475309e+01 1.787500e+01 -3.803349e+01
      vertex   1.475309e+01 1.792678e+01 -3.807322e+01
    endloop
  endfacet
  facet normal 0.000000e+00 6.087614e-01 7.933533e-01
    outer loop
      vertex   1.475309e+01 1.792678e+01 -3.807322e+01
      vertex   1.475309e+01 1.787500e+01 -3.803349e+01
      vertex   1.614815e+01 1.787500e+01 -3.803349e+01
    endloop
  endfacet
  facet normal 0.000000e+00 6.087614e-01 7.933533e-01
    outer loop
      vertex   2.033333e+01 1.792678e+01 -3.807322e+01
      vertex   1.893827e+01 1.792678e+01 -3.807322e+01
      vertex   2.033333e+01 1.787500e+01 -3.803349e+01
    endloop
  endfacet
  facet normal 0.000000e+00 6.087614e-01 7.933533e-01
    outer loop
      vertex   2.033333e+01 1.787500e+01 -3.803349e+01
      vertex   1.893827e+01 1.792678e+01 -3.807322e+01
      vertex   1.893827e+01 1.787500e+01 -3.803349e+01
    endloop
  endfacet
  facet normal 0.000000e+00 3.826834e-01 9.238795e-01
    outer loop
      vertex   2.033333e+01 1.787500e+01 -3.803349e+01
      vertex   1.893827e+01 1.787500e+01 -3.803349e+01
      vertex   2.033333e+01 1.781470e+01 -3.800852e+01
    endloop
  endfacet
  facet normal 0.000000e+00 3.826834e-01 9.238795e-01
    outer loop
      vertex   2.033333e+01 1.781470e+01 -3.800852e+01
      vertex   1.893827e+01 1.787500e+01 -3.803349e+01
      vertex   1.893827e+01 1.781470e+01 -3.800852e+01
    endloop
  endfacet
  facet normal 0.000000e+00 1.305262e-01 9.914449e-01
    outer loop
      vertex   2.033333e+01 1.781470e+01 -3.800852e+01
      vertex   1.893827e+01 1.781470e+01 -3.800852e+01
      vertex   5.775000e+01 1.775000e+01 -3.800000e+01
    endloop
  endfacet
  facet normal -0.000000e+00 6.087614e-01 7.933533e-01
    outer loop
      vertex   2.312346e+01 1.792678e+01 -3.807322e+01
      vertex   2.451852e+01 1.787500e+01 -3.803349e+01
      vertex   2.451852e+01 1.792678e+01 -3.807322e+01
    endloop
  endfacet
  facet normal 0.000000e+00 6.087614e-01 7.933533e-01
    outer loop
      vertex   2.451852e+01 1.792678e+01 -3.807322e+01
      vertex   2.451852e+01 1.787500e+01 -3.803349e+01
      vertex   2.591358e+01 1.787500e+01 -3.803349e+01
    endloop
  endfacet
  facet normal -0.000000e+00 6.087614e-01 7.933533e-01
    outer loop
      vertex   2.451852e+01 1.792678e+01 -3.807322e+01
      vertex   2.591358e+01 1.787500e+01 -3.803349e+01
      vertex   2.591358e+01 1.792678e+01 -3.807322e+01
    endloop
  endfacet
  facet normal 0.000000e+00 6.087614e-01 7.933533e-01
    outer loop
      vertex   2.591358e+01 1.792678e+01 -3.807322e+01
      vertex   2.591358e+01 1.787500e+01 -3.803349e+01
      vertex   2.730864e+01 1.787500e+01 -3.803349e+01
    endloop
  endfacet
  facet normal 0.000000e+00 6.087614e-01 7.933533e-01
    outer loop
      vertex   3.149383e+01 1.792678e+01 -3.807322e+01
      vertex   3.009877e+01 1.792678e+01 -3.807322e+01
      vertex   3.149383e+01 1.787500e+01 -3.803349e+01
    endloop
  endfacet
  facet normal 0.000000e+00 6.087614e-01 7.933533e-01
    outer loop
      vertex   3.149383e+01 1.787500e+01 -3.803349e+01
      vertex   3.009877e+01 1.792678e+01 -3.807322e+01
      vertex   3.009877e+01 1.787500e+01 -3.803349e+01
    endloop
  endfacet
  facet normal 0.000000e+00 3.826834e-01 9.238795e-01
    outer loop
      vertex   3.149383e+01 1.787500e+01 -3.803349e+01
      vertex   3.009877e+01 1.787500e+01 -3.803349e+01
      vertex   3.149383e+01 1.781470e+01 -3.800852e+01
    endloop
  endfacet
  facet normal 0.000000e+00 3.826834e-01 9.238795e-01
    outer loop
      vertex   3.149383e+01 1.781470e+01 -3.800852e+01
      vertex   3.009877e+01 1.787500e+01 -3.803349e+01
      vertex   3.009877e+01 1.781470e+01 -3.800852e+01
    endloop
  endfacet
  facet normal 0.000000e+00 1.305262e-01 9.914449e-01
    outer loop
      vertex   3.149383e+01 1.781470e+01 -3.800852e+01
      vertex   3.009877e+01 1.781470e+01 -3.800852e+01
      vertex   5.775000e+01 1.775000e+01 -3.800000e+01
    endloop
  endfacet
  facet normal -0.000000e+00 6.087614e-01 7.933533e-01
    outer loop
      vertex   3.428395e+01 1.792678e+01 -3.807322e+01
      vertex   3.567901e+01 1.787500e+01 -3.803349e+01
      vertex   3.567901e+01 1.792678e+01 -3.807322e+01
    endloop
  endfacet
  facet normal 0.000000e+00 6.087614e-01 7.933533e-01
    outer loop
      vertex   3.567901e+01 1.792678e+01 -3.807322e+01
      vertex   3.567901e+01 1.787500e+01 -3.803349e+01
      vertex   3.707407e+01 1.787500e+01 -3.803349e+01
    endloop
  endfacet
  facet normal -0.000000e+00 6.087614e-01 7.933533e-01
    outer loop
      vertex   3.567901e+01 1.792678e+01 -3.807322e+01
      vertex   3.707407e+01 1.787500e+01 -3.803349e+01
      vertex   3.707407e+01 1.792678e+01 -3.807322e+01
    endloop
  endfacet
  facet normal 0.000000e+00 6.087614e-01 7.933533e-01
    outer loop
      vertex   3.707407e+01 1.792678e+01 -3.807322e+01
      vertex   3.707407e+01 1.787500e+01 -3.803349e+01
      vertex   3.846914e+01 1.787500e+01 -3.803349e+01
    endloop
  endfacet
  facet normal 0.000000e+00 6.087614e-01 7.933533e-01
    outer loop
      vertex   4.265432e+01 1.792678e+01 -3.807322e+01
      vertex   4.125926e+01 1.792678e+01 -3.807322e+01
      vertex   4.265432e+01 1.787500e+01 -3.803349e+01
    endloop
  endfacet
  facet normal 0.000000e+00 6.087614e-01 7.933533e-01
    outer loop
      vertex   4.265432e+01 1.787500e+01 -3.803349e+01
      vertex   4.125926e+01 1.792678e+01 -3.807322e+01
      vertex   4.125926e+01 1.787500e+01 -3.803349e+01
    endloop
  endfacet
  facet normal 0.000000e+00 3.826834e-01 9.238795e-01
    outer loop
      vertex   4.265432e+01 1.787500e+01 -3.803349e+01
      vertex   4.125926e+01 1.787500e+01 -3.803349e+01
      vertex   4.265432e+01 1.781470e+01 -3.800852e+01
    endloop
  endfacet
  facet normal 0.000000e+00 3.826834e-01 9.238795e-01
    outer loop
      vertex   4.265432e+01 1.781470e+01 -3.800852e+01
      vertex   4.125926e+01 1.787500e+01 -3.803349e+01
      vertex   4.125926e+01 1.781470e+01 -3.800852e+01
    endloop
  endfacet
  facet normal 0.000000e+00 1.305262e-01 9.914449e-01
    outer loop
      vertex   4.265432e+01 1.781470e+01 -3.800852e+01
      vertex   4.125926e+01 1.781470e+01 -3.800852e+01
      vertex   5.775000e+01 1.775000e+01 -3.800000e+01
    endloop
  endfacet
  facet normal -0.000000e+00 6.087614e-01 7.933533e-01
    outer loop
      vertex   4.544444e+01 1.792678e+01 -3.807322e+01
      vertex   4.683951e+01 1.787500e+01 -3.803349e+01
      vertex   4.683951e+01 1.792678e+01 -3.807322e+01
    endloop
  endfacet
  facet normal 0.000000e+00 6.087614e-01 7.933533e-01
    outer loop
      vertex   4.683951e+01 1.792678e+01 -3.807322e+01
      vertex   4.683951e+01 1.787500e+01 -3.803349e+01
      vertex   4.823457e+01 1.787500e+01 -3.803349e+01
    endloop
  endfacet
  facet normal -0.000000e+00 6.087614e-01 7.933533e-01
    outer loop
      vertex   4.683951e+01 1.792678e+01 -3.807322e+01
      vertex   4.823457e+01 1.787500e+01 -3.803349e+01
      vertex   4.823457e+01 1.792678e+01 -3.807322e+01
    endloop
  endfacet
  facet normal 0.000000e+00 6.087614e-01 7.933533e-01
    outer loop
      vertex   4.823457e+01 1.792678e+01 -3.807322e+01
      vertex   4.823457e+01 1.787500e+01 -3.803349e+01
      vertex   4.962963e+01 1.787500e+01 -3.803349e+01
    endloop
  endfacet
  facet normal 0.000000e+00 6.087614e-01 7.933533e-01
    outer loop
      vertex   5.241975e+01 1.787500e+01 -3.803349e+01
      vertex   5.102469e+01 1.792678e+01 -3.807322e+01
      vertex   5.102469e+01 1.787500e+01 -3.803349e+01
    endloop
  endfacet
  facet normal 0.000000e+00 6.087614e-01 7.933533e-01
    outer loop
      vertex   5.520988e+01 1.787500e+01 -3.803349e+01
      vertex   5.381481e+01 1.792678e+01 -3.807322e+01
      vertex   5.381481e+01 1.787500e+01 -3.803349e+01
    endloop
  endfacet
  facet normal 0.000000e+00 6.087614e-01 7.933533e-01
    outer loop
      vertex   5.381481e+01 1.787500e+01 -3.803349e+01
      vertex   5.381481e+01 1.792678e+01 -3.807322e+01
      vertex   5.241975e+01 1.792678e+01 -3.807322e+01
    endloop
  endfacet
  facet normal 0.000000e+00 6.087614e-01 7.933533e-01
    outer loop
      vertex   -5.081481e+01 1.792678e+01 -3.807322e+01
      vertex   -5.081481e+01 1.787500e+01 -3.803349e+01
      vertex   -4.941975e+01 1.787500e+01 -3.803349e+01
    endloop
  endfacet
  facet normal 0.000000e+00 3.826834e-01 9.238795e-01
    outer loop
      vertex   -4.941975e+01 1.787500e+01 -3.803349e+01
      vertex   -5.081481e+01 1.787500e+01 -3.803349e+01
      vertex   -4.941975e+01 1.781470e+01 -3.800852e+01
    endloop
  endfacet
  facet normal 0.000000e+00 3.826834e-01 9.238795e-01
    outer loop
      vertex   -4.941975e+01 1.787500e+01 -3.803349e+01
      vertex   -4.941975e+01 1.781470e+01 -3.800852e+01
      vertex   -4.802469e+01 1.781470e+01 -3.800852e+01
    endloop
  endfacet
  facet normal 0.000000e+00 1.305262e-01 9.914449e-01
    outer loop
      vertex   -4.802469e+01 1.781470e+01 -3.800852e+01
      vertex   -4.941975e+01 1.781470e+01 -3.800852e+01
      vertex   -5.500000e+01 1.775000e+01 -3.800000e+01
    endloop
  endfacet
  facet normal 0.000000e+00 3.826834e-01 9.238795e-01
    outer loop
      vertex   -4.941975e+01 1.781470e+01 -3.800852e+01
      vertex   -5.081481e+01 1.787500e+01 -3.803349e+01
      vertex   -5.081481e+01 1.781470e+01 -3.800852e+01
    endloop
  endfacet
  facet normal 0.000000e+00 3.826834e-01 9.238795e-01
    outer loop
      vertex   -4.383951e+01 1.781470e+01 -3.800852e+01
      vertex   -4.383951e+01 1.787500e+01 -3.803349e+01
      vertex   -4.523457e+01 1.787500e+01 -3.803349e+01
    endloop
  endfacet
  facet normal 0.000000e+00 3.826834e-01 9.238795e-01
    outer loop
      vertex   -4.383951e+01 1.781470e+01 -3.800852e+01
      vertex   -4.523457e+01 1.787500e+01 -3.803349e+01
      vertex   -4.523457e+01 1.781470e+01 -3.800852e+01
    endloop
  endfacet
  facet normal 0.000000e+00 3.826834e-01 9.238795e-01
    outer loop
      vertex   -4.523457e+01 1.781470e+01 -3.800852e+01
      vertex   -4.523457e+01 1.787500e+01 -3.803349e+01
      vertex   -4.662963e+01 1.787500e+01 -3.803349e+01
    endloop
  endfacet
  facet normal 0.000000e+00 6.087614e-01 7.933533e-01
    outer loop
      vertex   -3.965432e+01 1.792678e+01 -3.807322e+01
      vertex   -3.965432e+01 1.787500e+01 -3.803349e+01
      vertex   -3.825926e+01 1.787500e+01 -3.803349e+01
    endloop
  endfacet
  facet normal 0.000000e+00 3.826834e-01 9.238795e-01
    outer loop
      vertex   -3.825926e+01 1.787500e+01 -3.803349e+01
      vertex   -3.965432e+01 1.787500e+01 -3.803349e+01
      vertex   -3.825926e+01 1.781470e+01 -3.800852e+01
    endloop
  endfacet
  facet normal 0.000000e+00 3.826834e-01 9.238795e-01
    outer loop
      vertex   -3.825926e+01 1.787500e+01 -3.803349e+01
      vertex   -3.825926e+01 1.781470e+01 -3.800852e+01
      vertex   -3.686420e+01 1.781470e+01 -3.800852e+01
    endloop
  endfacet
  facet normal 0.000000e+00 1.305262e-01 9.914449e-01
    outer loop
      vertex   -3.686420e+01 1.781470e+01 -3.800852e+01
      vertex   -3.825926e+01 1.781470e+01 -3.800852e+01
      vertex   -5.500000e+01 1.775000e+01 -3.800000e+01
    endloop
  endfacet
  facet normal 0.000000e+00 3.826834e-01 9.238795e-01
    outer loop
      vertex   -3.825926e+01 1.781470e+01 -3.800852e+01
      vertex   -3.965432e+01 1.787500e+01 -3.803349e+01
      vertex   -3.965432e+01 1.781470e+01 -3.800852e+01
    endloop
  endfacet
  facet normal 0.000000e+00 3.826834e-01 9.238795e-01
    outer loop
      vertex   -3.267901e+01 1.781470e+01 -3.800852e+01
      vertex   -3.267901e+01 1.787500e+01 -3.803349e+01
      vertex   -3.407407e+01 1.787500e+01 -3.803349e+01
    endloop
  endfacet
  facet normal 0.000000e+00 3.826834e-01 9.238795e-01
    outer loop
      vertex   -3.267901e+01 1.781470e+01 -3.800852e+01
      vertex   -3.407407e+01 1.787500e+01 -3.803349e+01
      vertex   -3.407407e+01 1.781470e+01 -3.800852e+01
    endloop
  endfacet
  facet normal 0.000000e+00 3.826834e-01 9.238795e-01
    outer loop
      vertex   -3.407407e+01 1.781470e+01 -3.800852e+01
      vertex   -3.407407e+01 1.787500e+01 -3.803349e+01
      vertex   -3.546914e+01 1.787500e+01 -3.803349e+01
    endloop
  endfacet
  facet normal -1.548077e-15 6.087614e-01 7.933533e-01
    outer loop
      vertex   -2.849383e+01 1.792678e+01 -3.807322e+01
      vertex   -2.849383e+01 1.787500e+01 -3.803349e+01
      vertex   -2.709877e+01 1.787500e+01 -3.803349e+01
    endloop
  endfacet
  facet normal -9.745552e-16 3.826834e-01 9.238795e-01
    outer loop
      vertex   -2.709877e+01 1.787500e+01 -3.803349e+01
      vertex   -2.849383e+01 1.787500e+01 -3.803349e+01
      vertex   -2.709877e+01 1.781470e+01 -3.800852e+01
    endloop
  endfacet
  facet normal 0.000000e+00 3.826834e-01 9.238795e-01
    outer loop
      vertex   -2.709877e+01 1.787500e+01 -3.803349e+01
      vertex   -2.709877e+01 1.781470e+01 -3.800852e+01
      vertex   -2.570370e+01 1.781470e+01 -3.800852e+01
    endloop
  endfacet
  facet normal 0.000000e+00 1.305262e-01 9.914449e-01
    outer loop
      vertex   -2.570370e+01 1.781470e+01 -3.800852e+01
      vertex   -2.709877e+01 1.781470e+01 -3.800852e+01
      vertex   -5.500000e+01 1.775000e+01 -3.800000e+01
    endloop
  endfacet
  facet normal -9.745552e-16 3.826834e-01 9.238795e-01
    outer loop
      vertex   -2.709877e+01 1.781470e+01 -3.800852e+01
      vertex   -2.849383e+01 1.787500e+01 -3.803349e+01
      vertex   -2.849383e+01 1.781470e+01 -3.800852e+01
    endloop
  endfacet
  facet normal 0.000000e+00 3.826834e-01 9.238795e-01
    outer loop
      vertex   -2.151852e+01 1.781470e+01 -3.800852e+01
      vertex   -2.151852e+01 1.787500e+01 -3.803349e+01
      vertex   -2.291358e+01 1.787500e+01 -3.803349e+01
    endloop
  endfacet
  facet normal 0.000000e+00 3.826834e-01 9.238795e-01
    outer loop
      vertex   -2.151852e+01 1.781470e+01 -3.800852e+01
      vertex   -2.291358e+01 1.787500e+01 -3.803349e+01
      vertex   -2.291358e+01 1.781470e+01 -3.800852e+01
    endloop
  endfacet
  facet normal 0.000000e+00 3.826834e-01 9.238795e-01
    outer loop
      vertex   -2.291358e+01 1.781470e+01 -3.800852e+01
      vertex   -2.291358e+01 1.787500e+01 -3.803349e+01
      vertex   -2.430864e+01 1.787500e+01 -3.803349e+01
    endloop
  endfacet
  facet normal 0.000000e+00 6.087614e-01 7.933533e-01
    outer loop
      vertex   -1.733333e+01 1.792678e+01 -3.807322e+01
      vertex   -1.733333e+01 1.787500e+01 -3.803349e+01
      vertex   -1.593827e+01 1.787500e+01 -3.803349e+01
    endloop
  endfacet
  facet normal 0.000000e+00 3.826834e-01 9.238795e-01
    outer loop
      vertex   -1.593827e+01 1.787500e+01 -3.803349e+01
      vertex   -1.733333e+01 1.787500e+01 -3.803349e+01
      vertex   -1.593827e+01 1.781470e+01 -3.800852e+01
    endloop
  endfacet
  facet normal 0.000000e+00 3.826834e-01 9.238795e-01
    outer loop
      vertex   -1.593827e+01 1.787500e+01 -3.803349e+01
      vertex   -1.593827e+01 1.781470e+01 -3.800852e+01
      vertex   -1.454321e+01 1.781470e+01 -3.800852e+01
    endloop
  endfacet
  facet normal 0.000000e+00 1.305262e-01 9.914449e-01
    outer loop
      vertex   -1.454321e+01 1.781470e+01 -3.800852e+01
      vertex   -1.593827e+01 1.781470e+01 -3.800852e+01
      vertex   -5.500000e+01 1.775000e+01 -3.800000e+01
    endloop
  endfacet
  facet normal 0.000000e+00 3.826834e-01 9.238795e-01
    outer loop
      vertex   -1.593827e+01 1.781470e+01 -3.800852e+01
      vertex   -1.733333e+01 1.787500e+01 -3.803349e+01
      vertex   -1.733333e+01 1.781470e+01 -3.800852e+01
    endloop
  endfacet
  facet normal 0.000000e+00 3.826834e-01 9.238795e-01
    outer loop
      vertex   -1.035802e+01 1.781470e+01 -3.800852e+01
      vertex   -1.035802e+01 1.787500e+01 -3.803349e+01
      vertex   -1.175309e+01 1.787500e+01 -3.803349e+01
    endloop
  endfacet
  facet normal 0.000000e+00 3.826834e-01 9.238795e-01
    outer loop
      vertex   -1.035802e+01 1.781470e+01 -3.800852e+01
      vertex   -1.175309e+01 1.787500e+01 -3.803349e+01
      vertex   -1.175309e+01 1.781470e+01 -3.800852e+01
    endloop
  endfacet
  facet normal 0.000000e+00 3.826834e-01 9.238795e-01
    outer loop
      vertex   -1.175309e+01 1.781470e+01 -3.800852e+01
      vertex   -1.175309e+01 1.787500e+01 -3.803349e+01
      vertex   -1.314815e+01 1.787500e+01 -3.803349e+01
    endloop
  endfacet
  facet normal 0.000000e+00 6.087614e-01 7.933533e-01
    outer loop
      vertex   -6.172840e+00 1.792678e+01 -3.807322e+01
      vertex   -6.172840e+00 1.787500e+01 -3.803349e+01
      vertex   -4.777778e+00 1.787500e+01 -3.803349e+01
    endloop
  endfacet
  facet normal 0.000000e+00 3.826834e-01 9.238795e-01
    outer loop
      vertex   -4.777778e+00 1.787500e+01 -3.803349e+01
      vertex   -6.172840e+00 1.787500e+01 -3.803349e+01
      vertex   -4.777778e+00 1.781470e+01 -3.800852e+01
    endloop
  endfacet
  facet normal 0.000000e+00 3.826834e-01 9.238795e-01
    outer loop
      vertex   -4.777778e+00 1.787500e+01 -3.803349e+01
      vertex   -4.777778e+00 1.781470e+01 -3.800852e+01
      vertex   -3.382716e+00 1.781470e+01 -3.800852e+01
    endloop
  endfacet
  facet normal 0.000000e+00 1.305262e-01 9.914449e-01
    outer loop
      vertex   -3.382716e+00 1.781470e+01 -3.800852e+01
      vertex   -4.777778e+00 1.781470e+01 -3.800852e+01
      vertex   -5.500000e+01 1.775000e+01 -3.800000e+01
    endloop
  endfacet
  facet normal 0.000000e+00 3.826834e-01 9.238795e-01
    outer loop
      vertex   -4.777778e+00 1.781470e+01 -3.800852e+01
      vertex   -6.172840e+00 1.787500e+01 -3.803349e+01
      vertex   -6.172840e+00 1.781470e+01 -3.800852e+01
    endloop
  endfacet
  facet normal -0.000000e+00 3.826834e-01 9.238795e-01
    outer loop
      vertex   -1.987654e+00 1.787500e+01 -3.803349e+01
      vertex   -5.925926e-01 1.781470e+01 -3.800852e+01
      vertex   -5.925926e-01 1.787500e+01 -3.803349e+01
    endloop
  endfacet
  facet normal 0.000000e+00 3.826834e-01 9.238795e-01
    outer loop
      vertex   -5.925926e-01 1.787500e+01 -3.803349e+01
      vertex   -5.925926e-01 1.781470e+01 -3.800852e+01
      vertex   8.024691e-01 1.781470e+01 -3.800852e+01
    endloop
  endfacet
  facet normal -0.000000e+00 3.826834e-01 9.238795e-01
    outer loop
      vertex   -5.925926e-01 1.787500e+01 -3.803349e+01
      vertex   8.024691e-01 1.781470e+01 -3.800852e+01
      vertex   8.024691e-01 1.787500e+01 -3.803349e+01
    endloop
  endfacet
  facet normal 0.000000e+00 3.826834e-01 9.238795e-01
    outer loop
      vertex   8.024691e-01 1.787500e+01 -3.803349e+01
      vertex   8.024691e-01 1.781470e+01 -3.800852e+01
      vertex   2.197531e+00 1.781470e+01 -3.800852e+01
    endloop
  endfacet
  facet normal 0.000000e+00 6.087614e-01 7.933533e-01
    outer loop
      vertex   6.382716e+00 1.792678e+01 -3.807322e+01
      vertex   6.382716e+00 1.787500e+01 -3.803349e+01
      vertex   7.777778e+00 1.787500e+01 -3.803349e+01
    endloop
  endfacet
  facet normal 0.000000e+00 3.826834e-01 9.238795e-01
    outer loop
      vertex   7.777778e+00 1.787500e+01 -3.803349e+01
      vertex   6.382716e+00 1.787500e+01 -3.803349e+01
      vertex   7.777778e+00 1.781470e+01 -3.800852e+01
    endloop
  endfacet
  facet normal 0.000000e+00 3.826834e-01 9.238795e-01
    outer loop
      vertex   7.777778e+00 1.787500e+01 -3.803349e+01
      vertex   7.777778e+00 1.781470e+01 -3.800852e+01
      vertex   9.172840e+00 1.781470e+01 -3.800852e+01
    endloop
  endfacet
  facet normal 0.000000e+00 1.305262e-01 9.914449e-01
    outer loop
      vertex   9.172840e+00 1.781470e+01 -3.800852e+01
      vertex   7.777778e+00 1.781470e+01 -3.800852e+01
      vertex   5.775000e+01 1.775000e+01 -3.800000e+01
    endloop
  endfacet
  facet normal 0.000000e+00 3.826834e-01 9.238795e-01
    outer loop
      vertex   7.777778e+00 1.781470e+01 -3.800852e+01
      vertex   6.382716e+00 1.787500e+01 -3.803349e+01
      vertex   6.382716e+00 1.781470e+01 -3.800852e+01
    endloop
  endfacet
  facet normal 0.000000e+00 3.826834e-01 9.238795e-01
    outer loop
      vertex   1.335802e+01 1.781470e+01 -3.800852e+01
      vertex   1.196296e+01 1.787500e+01 -3.803349e+01
      vertex   1.196296e+01 1.781470e+01 -3.800852e+01
    endloop
  endfacet
  facet normal 0.000000e+00 3.826834e-01 9.238795e-01
    outer loop
      vertex   1.196296e+01 1.781470e+01 -3.800852e+01
      vertex   1.196296e+01 1.787500e+01 -3.803349e+01
      vertex   1.056790e+01 1.787500e+01 -3.803349e+01
    endloop
  endfacet
  facet normal 0.000000e+00 3.826834e-01 9.238795e-01
    outer loop
      vertex   1.614815e+01 1.781470e+01 -3.800852e+01
      vertex   1.614815e+01 1.787500e+01 -3.803349e+01
      vertex   1.475309e+01 1.787500e+01 -3.803349e+01
    endloop
  endfacet
  facet normal 0.000000e+00 3.826834e-01 9.238795e-01
    outer loop
      vertex   1.614815e+01 1.781470e+01 -3.800852e+01
      vertex   1.475309e+01 1.787500e+01 -3.803349e+01
      vertex   1.475309e+01 1.781470e+01 -3.800852e+01
    endloop
  endfacet
  facet normal 0.000000e+00 3.826834e-01 9.238795e-01
    outer loop
      vertex   1.475309e+01 1.781470e+01 -3.800852e+01
      vertex   1.475309e+01 1.787500e+01 -3.803349e+01
      vertex   1.335802e+01 1.787500e+01 -3.803349e+01
    endloop
  endfacet
  facet normal 0.000000e+00 6.087614e-01 7.933533e-01
    outer loop
      vertex   2.033333e+01 1.792678e+01 -3.807322e+01
      vertex   2.033333e+01 1.787500e+01 -3.803349e+01
      vertex   2.172840e+01 1.787500e+01 -3.803349e+01
    endloop
  endfacet
  facet normal 0.000000e+00 3.826834e-01 9.238795e-01
    outer loop
      vertex   2.172840e+01 1.787500e+01 -3.803349e+01
      vertex   2.033333e+01 1.787500e+01 -3.803349e+01
      vertex   2.172840e+01 1.781470e+01 -3.800852e+01
    endloop
  endfacet
  facet normal 0.000000e+00 3.826834e-01 9.238795e-01
    outer loop
      vertex   2.172840e+01 1.787500e+01 -3.803349e+01
      vertex   2.172840e+01 1.781470e+01 -3.800852e+01
      vertex   2.312346e+01 1.781470e+01 -3.800852e+01
    endloop
  endfacet
  facet normal 0.000000e+00 1.305262e-01 9.914449e-01
    outer loop
      vertex   2.312346e+01 1.781470e+01 -3.800852e+01
      vertex   2.172840e+01 1.781470e+01 -3.800852e+01
      vertex   5.775000e+01 1.775000e+01 -3.800000e+01
    endloop
  endfacet
  facet normal 0.000000e+00 3.826834e-01 9.238795e-01
    outer loop
      vertex   2.172840e+01 1.781470e+01 -3.800852e+01
      vertex   2.033333e+01 1.787500e+01 -3.803349e+01
      vertex   2.033333e+01 1.781470e+01 -3.800852e+01
    endloop
  endfacet
  facet normal 0.000000e+00 3.826834e-01 9.238795e-01
    outer loop
      vertex   2.730864e+01 1.781470e+01 -3.800852e+01
      vertex   2.730864e+01 1.787500e+01 -3.803349e+01
      vertex   2.591358e+01 1.787500e+01 -3.803349e+01
    endloop
  endfacet
  facet normal 0.000000e+00 3.826834e-01 9.238795e-01
    outer loop
      vertex   2.730864e+01 1.781470e+01 -3.800852e+01
      vertex   2.591358e+01 1.787500e+01 -3.803349e+01
      vertex   2.591358e+01 1.781470e+01 -3.800852e+01
    endloop
  endfacet
  facet normal 0.000000e+00 3.826834e-01 9.238795e-01
    outer loop
      vertex   2.591358e+01 1.781470e+01 -3.800852e+01
      vertex   2.591358e+01 1.787500e+01 -3.803349e+01
      vertex   2.451852e+01 1.787500e+01 -3.803349e+01
    endloop
  endfacet
  facet normal 0.000000e+00 6.087614e-01 7.933533e-01
    outer loop
      vertex   3.149383e+01 1.792678e+01 -3.807322e+01
      vertex   3.149383e+01 1.787500e+01 -3.803349e+01
      vertex   3.288889e+01 1.787500e+01 -3.803349e+01
    endloop
  endfacet
  facet normal 0.000000e+00 3.826834e-01 9.238795e-01
    outer loop
      vertex   3.288889e+01 1.787500e+01 -3.803349e+01
      vertex   3.149383e+01 1.787500e+01 -3.803349e+01
      vertex   3.288889e+01 1.781470e+01 -3.800852e+01
    endloop
  endfacet
  facet normal 0.000000e+00 3.826834e-01 9.238795e-01
    outer loop
      vertex   3.288889e+01 1.787500e+01 -3.803349e+01
      vertex   3.288889e+01 1.781470e+01 -3.800852e+01
      vertex   3.428395e+01 1.781470e+01 -3.800852e+01
    endloop
  endfacet
  facet normal 0.000000e+00 1.305262e-01 9.914449e-01
    outer loop
      vertex   3.428395e+01 1.781470e+01 -3.800852e+01
      vertex   3.288889e+01 1.781470e+01 -3.800852e+01
      vertex   5.775000e+01 1.775000e+01 -3.800000e+01
    endloop
  endfacet
  facet normal 0.000000e+00 3.826834e-01 9.238795e-01
    outer loop
      vertex   3.288889e+01 1.781470e+01 -3.800852e+01
      vertex   3.149383e+01 1.787500e+01 -3.803349e+01
      vertex   3.149383e+01 1.781470e+01 -3.800852e+01
    endloop
  endfacet
  facet normal 0.000000e+00 3.826834e-01 9.238795e-01
    outer loop
      vertex   3.846914e+01 1.781470e+01 -3.800852e+01
      vertex   3.846914e+01 1.787500e+01 -3.803349e+01
      vertex   3.707407e+01 1.787500e+01 -3.803349e+01
    endloop
  endfacet
  facet normal 0.000000e+00 3.826834e-01 9.238795e-01
    outer loop
      vertex   3.846914e+01 1.781470e+01 -3.800852e+01
      vertex   3.707407e+01 1.787500e+01 -3.803349e+01
      vertex   3.707407e+01 1.781470e+01 -3.800852e+01
    endloop
  endfacet
  facet normal 0.000000e+00 3.826834e-01 9.238795e-01
    outer loop
      vertex   3.707407e+01 1.781470e+01 -3.800852e+01
      vertex   3.707407e+01 1.787500e+01 -3.803349e+01
      vertex   3.567901e+01 1.787500e+01 -3.803349e+01
    endloop
  endfacet
  facet normal 0.000000e+00 6.087614e-01 7.933533e-01
    outer loop
      vertex   4.265432e+01 1.792678e+01 -3.807322e+01
      vertex   4.265432e+01 1.787500e+01 -3.803349e+01
      vertex   4.404938e+01 1.787500e+01 -3.803349e+01
    endloop
  endfacet
  facet normal 0.000000e+00 3.826834e-01 9.238795e-01
    outer loop
      vertex   4.404938e+01 1.787500e+01 -3.803349e+01
      vertex   4.265432e+01 1.787500e+01 -3.803349e+01
      vertex   4.404938e+01 1.781470e+01 -3.800852e+01
    endloop
  endfacet
  facet normal 0.000000e+00 3.826834e-01 9.238795e-01
    outer loop
      vertex   4.404938e+01 1.787500e+01 -3.803349e+01
      vertex   4.404938e+01 1.781470e+01 -3.800852e+01
      vertex   4.544444e+01 1.781470e+01 -3.800852e+01
    endloop
  endfacet
  facet normal 0.000000e+00 1.305262e-01 9.914449e-01
    outer loop
      vertex   4.544444e+01 1.781470e+01 -3.800852e+01
      vertex   4.404938e+01 1.781470e+01 -3.800852e+01
      vertex   5.775000e+01 1.775000e+01 -3.800000e+01
    endloop
  endfacet
  facet normal 0.000000e+00 3.826834e-01 9.238795e-01
    outer loop
      vertex   4.404938e+01 1.781470e+01 -3.800852e+01
      vertex   4.265432e+01 1.787500e+01 -3.803349e+01
      vertex   4.265432e+01 1.781470e+01 -3.800852e+01
    endloop
  endfacet
  facet normal 0.000000e+00 3.826834e-01 9.238795e-01
    outer loop
      vertex   4.962963e+01 1.781470e+01 -3.800852e+01
      vertex   4.962963e+01 1.787500e+01 -3.803349e+01
      vertex   4.823457e+01 1.787500e+01 -3.803349e+01
    endloop
  endfacet
  facet normal 0.000000e+00 3.826834e-01 9.238795e-01
    outer loop
      vertex   4.962963e+01 1.781470e+01 -3.800852e+01
      vertex   4.823457e+01 1.787500e+01 -3.803349e+01
      vertex   4.823457e+01 1.781470e+01 -3.800852e+01
    endloop
  endfacet
  facet normal 0.000000e+00 3.826834e-01 9.238795e-01
    outer loop
      vertex   4.823457e+01 1.781470e+01 -3.800852e+01
      vertex   4.823457e+01 1.787500e+01 -3.803349e+01
      vertex   4.683951e+01 1.787500e+01 -3.803349e+01
    endloop
  endfacet
  facet normal 0.000000e+00 3.826834e-01 9.238795e-01
    outer loop
      vertex   5.241975e+01 1.787500e+01 -3.803349e+01
      vertex   5.102469e+01 1.787500e+01 -3.803349e+01
      vertex   5.241975e+01 1.781470e+01 -3.800852e+01
    endloop
  endfacet
  facet normal 0.000000e+00 3.826834e-01 9.238795e-01
    outer loop
      vertex   5.241975e+01 1.781470e+01 -3.800852e+01
      vertex   5.102469e+01 1.787500e+01 -3.803349e+01
      vertex   5.102469e+01 1.781470e+01 -3.800852e+01
    endloop
  endfacet
  facet normal 0.000000e+00 1.305262e-01 9.914449e-01
    outer loop
      vertex   5.241975e+01 1.781470e+01 -3.800852e+01
      vertex   5.102469e+01 1.781470e+01 -3.800852e+01
      vertex   5.775000e+01 1.775000e+01 -3.800000e+01
    endloop
  endfacet
  facet normal 0.000000e+00 3.826834e-01 9.238795e-01
    outer loop
      vertex   5.660494e+01 1.781470e+01 -3.800852e+01
      vertex   5.520988e+01 1.787500e+01 -3.803349e+01
      vertex   5.520988e+01 1.781470e+01 -3.800852e+01
    endloop
  endfacet
  facet normal 0.000000e+00 3.826834e-01 9.238795e-01
    outer loop
      vertex   5.520988e+01 1.781470e+01 -3.800852e+01
      vertex   5.520988e+01 1.787500e+01 -3.803349e+01
      vertex   5.381481e+01 1.787500e+01 -3.803349e+01
    endloop
  endfacet
  facet normal 0.000000e+00 1.305262e-01 9.914449e-01
    outer loop
      vertex   -5.500000e+01 1.775000e+01 -3.800000e+01
      vertex   -4.941975e+01 1.781470e+01 -3.800852e+01
      vertex   -5.081481e+01 1.781470e+01 -3.800852e+01
    endloop
  endfacet
  facet normal 0.000000e+00 1.305262e-01 9.914449e-01
    outer loop
      vertex   -5.500000e+01 1.775000e+01 -3.800000e+01
      vertex   -3.825926e+01 1.781470e+01 -3.800852e+01
      vertex   -3.965432e+01 1.781470e+01 -3.800852e+01
    endloop
  endfacet
  facet normal -3.322411e-16 1.305262e-01 9.914449e-01
    outer loop
      vertex   -5.500000e+01 1.775000e+01 -3.800000e+01
      vertex   -2.709877e+01 1.781470e+01 -3.800852e+01
      vertex   -2.849383e+01 1.781470e+01 -3.800852e+01
    endloop
  endfacet
  facet normal 0.000000e+00 1.305262e-01 9.914449e-01
    outer loop
      vertex   -5.500000e+01 1.775000e+01 -3.800000e+01
      vertex   -1.593827e+01 1.781470e+01 -3.800852e+01
      vertex   -1.733333e+01 1.781470e+01 -3.800852e+01
    endloop
  endfacet
  facet normal 0.000000e+00 1.305262e-01 9.914449e-01
    outer loop
      vertex   -5.500000e+01 1.775000e+01 -3.800000e+01
      vertex   -4.777778e+00 1.781470e+01 -3.800852e+01
      vertex   -6.172840e+00 1.781470e+01 -3.800852e+01
    endloop
  endfacet
  facet normal 0.000000e+00 1.305262e-01 9.914449e-01
    outer loop
      vertex   5.775000e+01 1.775000e+01 -3.800000e+01
      vertex   7.777778e+00 1.781470e+01 -3.800852e+01
      vertex   6.382716e+00 1.781470e+01 -3.800852e+01
    endloop
  endfacet
  facet normal 0.000000e+00 1.305262e-01 9.914449e-01
    outer loop
      vertex   5.775000e+01 1.775000e+01 -3.800000e+01
      vertex   2.172840e+01 1.781470e+01 -3.800852e+01
      vertex   2.033333e+01 1.781470e+01 -3.800852e+01
    endloop
  endfacet
  facet normal 0.000000e+00 1.305262e-01 9.914449e-01
    outer loop
      vertex   5.775000e+01 1.775000e+01 -3.800000e+01
      vertex   3.288889e+01 1.781470e+01 -3.800852e+01
      vertex   3.149383e+01 1.781470e+01 -3.800852e+01
    endloop
  endfacet
  facet normal 0.000000e+00 1.305262e-01 9.914449e-01
    outer loop
      vertex   5.775000e+01 1.775000e+01 -3.800000e+01
      vertex   4.404938e+01 1.781470e+01 -3.800852e+01
      vertex   4.265432e+01 1.781470e+01 -3.800852e+01
    endloop
  endfacet
  facet normal 0.000000e+00 1.305262e-01 9.914449e-01
    outer loop
      vertex   5.775000e+01 1.775000e+01 -3.800000e+01
      vertex   5.381481e+01 1.781470e+01 -3.800852e+01
      vertex   5.241975e+01 1.781470e+01 -3.800852e+01
    endloop
  endfacet
  facet normal -0.000000e+00 3.826834e-01 9.238795e-01
    outer loop
      vertex   5.241975e+01 1.781470e+01 -3.800852e+01
      vertex   5.381481e+01 1.781470e+01 -3.800852e+01
      vertex   5.241975e+01 1.787500e+01 -3.803349e+01
    endloop
  endfacet
  facet normal -9.853161e-01 1.110185e-01 1.297193e-01
    outer loop
      vertex   -5.800000e+01 1.500000e+01 -3.825000e+01
      vertex   -5.799148e+01 1.500000e+01 -3.818530e+01
      vertex   -5.792478e+01 1.566756e+01 -3.825000e+01
    endloop
  endfacet
  facet normal -9.853161e-01 1.110185e-01 1.297193e-01
    outer loop
      vertex   -5.792478e+01 1.566756e+01 -3.825000e+01
      vertex   -5.799148e+01 1.500000e+01 -3.818530e+01
      vertex   -5.791648e+01 1.566567e+01 -3.818530e+01
    endloop
  endfacet
  facet normal -9.359082e-01 3.274885e-01 1.297193e-01
    outer loop
      vertex   -5.792478e+01 1.566756e+01 -3.825000e+01
      vertex   -5.791648e+01 1.566567e+01 -3.818530e+01
      vertex   -5.770291e+01 1.630165e+01 -3.825000e+01
    endloop
  endfacet
  facet normal -9.359082e-01 3.274885e-01 1.297193e-01
    outer loop
      vertex   -5.770291e+01 1.630165e+01 -3.825000e+01
      vertex   -5.791648e+01 1.566567e+01 -3.818530e+01
      vertex   -5.769523e+01 1.629796e+01 -3.818530e+01
    endloop
  endfacet
  facet normal -8.395700e-01 5.275368e-01 1.297193e-01
    outer loop
      vertex   -5.770291e+01 1.630165e+01 -3.825000e+01
      vertex   -5.769523e+01 1.629796e+01 -3.818530e+01
      vertex   -5.734549e+01 1.687047e+01 -3.825000e+01
    endloop
  endfacet
  facet normal -8.395700e-01 5.275368e-01 1.297193e-01
    outer loop
      vertex   -5.734549e+01 1.687047e+01 -3.825000e+01
      vertex   -5.769523e+01 1.629796e+01 -3.818530e+01
      vertex   -5.733883e+01 1.686516e+01 -3.818530e+01
    endloop
  endfacet
  facet normal -7.011323e-01 7.011323e-01 1.297193e-01
    outer loop
      vertex   -5.734549e+01 1.687047e+01 -3.825000e+01
      vertex   -5.733883e+01 1.686516e+01 -3.818530e+01
      vertex   -5.687047e+01 1.734549e+01 -3.825000e+01
    endloop
  endfacet
  facet normal -7.011323e-01 7.011323e-01 1.297193e-01
    outer loop
      vertex   -5.687047e+01 1.734549e+01 -3.825000e+01
      vertex   -5.733883e+01 1.686516e+01 -3.818530e+01
      vertex   -5.686516e+01 1.733883e+01 -3.818530e+01
    endloop
  endfacet
  facet normal -5.275368e-01 8.395700e-01 1.297193e-01
    outer loop
      vertex   -5.687047e+01 1.734549e+01 -3.825000e+01
      vertex   -5.686516e+01 1.733883e+01 -3.818530e+01
      vertex   -5.630165e+01 1.770291e+01 -3.825000e+01
    endloop
  endfacet
  facet normal -5.275368e-01 8.395700e-01 1.297193e-01
    outer loop
      vertex   -5.630165e+01 1.770291e+01 -3.825000e+01
      vertex   -5.686516e+01 1.733883e+01 -3.818530e+01
      vertex   -5.629796e+01 1.769523e+01 -3.818530e+01
    endloop
  endfacet
  facet normal -3.274885e-01 9.359082e-01 1.297193e-01
    outer loop
      vertex   -5.630165e+01 1.770291e+01 -3.825000e+01
      vertex   -5.629796e+01 1.769523e+01 -3.818530e+01
      vertex   -5.566756e+01 1.792478e+01 -3.825000e+01
    endloop
  endfacet
  facet normal -3.274885e-01 9.359082e-01 1.297193e-01
    outer loop
      vertex   -5.566756e+01 1.792478e+01 -3.825000e+01
      vertex   -5.629796e+01 1.769523e+01 -3.818530e+01
      vertex   -5.566567e+01 1.791648e+01 -3.818530e+01
    endloop
  endfacet
  facet normal -1.110185e-01 9.853161e-01 1.297193e-01
    outer loop
      vertex   -5.566756e+01 1.792478e+01 -3.825000e+01
      vertex   -5.566567e+01 1.791648e+01 -3.818530e+01
      vertex   -5.500000e+01 1.800000e+01 -3.825000e+01
    endloop
  endfacet
  facet normal -1.110185e-01 9.853161e-01 1.297193e-01
    outer loop
      vertex   -5.500000e+01 1.800000e+01 -3.825000e+01
      vertex   -5.566567e+01 1.791648e+01 -3.818530e+01
      vertex   -5.500000e+01 1.799148e+01 -3.818530e+01
    endloop
  endfacet
  facet normal -1.035368e-01 9.189143e-01 3.806267e-01
    outer loop
      vertex   -5.500000e+01 1.799148e+01 -3.818530e+01
      vertex   -5.566567e+01 1.791648e+01 -3.818530e+01
      vertex   -5.566011e+01 1.789213e+01 -3.812500e+01
    endloop
  endfacet
  facet normal -1.035368e-01 9.189143e-01 3.806267e-01
    outer loop
      vertex   -5.500000e+01 1.799148e+01 -3.818530e+01
      vertex   -5.566011e+01 1.789213e+01 -3.812500e+01
      vertex   -5.500000e+01 1.796651e+01 -3.812500e+01
    endloop
  endfacet
  facet normal -8.903445e-02 7.902026e-01 6.063438e-01
    outer loop
      vertex   -5.500000e+01 1.796651e+01 -3.812500e+01
      vertex   -5.566011e+01 1.789213e+01 -3.812500e+01
      vertex   -5.565127e+01 1.785340e+01 -3.807322e+01
    endloop
  endfacet
  facet normal -8.903445e-02 7.902026e-01 6.063438e-01
    outer loop
      vertex   -5.500000e+01 1.796651e+01 -3.812500e+01
      vertex   -5.565127e+01 1.785340e+01 -3.807322e+01
      vertex   -5.500000e+01 1.792678e+01 -3.807322e+01
    endloop
  endfacet
  facet normal -6.843016e-02 6.073344e-01 7.914936e-01
    outer loop
      vertex   -5.500000e+01 1.792678e+01 -3.807322e+01
      vertex   -5.565127e+01 1.785340e+01 -3.807322e+01
      vertex   -5.563975e+01 1.780292e+01 -3.803349e+01
    endloop
  endfacet
  facet normal -6.843016e-02 6.073344e-01 7.914936e-01
    outer loop
      vertex   -5.500000e+01 1.792678e+01 -3.807322e+01
      vertex   -5.563975e+01 1.780292e+01 -3.803349e+01
      vertex   -5.500000e+01 1.787500e+01 -3.803349e+01
    endloop
  endfacet
  facet normal -4.307804e-02 3.823282e-01 9.230219e-01
    outer loop
      vertex   -5.500000e+01 1.787500e+01 -3.803349e+01
      vertex   -5.563975e+01 1.780292e+01 -3.803349e+01
      vertex   -5.562633e+01 1.774413e+01 -3.800852e+01
    endloop
  endfacet
  facet normal -4.307804e-02 3.823282e-01 9.230219e-01
    outer loop
      vertex   -5.500000e+01 1.787500e+01 -3.803349e+01
      vertex   -5.562633e+01 1.774413e+01 -3.800852e+01
      vertex   -5.500000e+01 1.781470e+01 -3.800852e+01
    endloop
  endfacet
  facet normal -1.470518e-02 1.305121e-01 9.913377e-01
    outer loop
      vertex   -5.500000e+01 1.781470e+01 -3.800852e+01
      vertex   -5.562633e+01 1.774413e+01 -3.800852e+01
      vertex   -5.561193e+01 1.768105e+01 -3.800000e+01
    endloop
  endfacet
  facet normal -1.470518e-02 1.305121e-01 9.913377e-01
    outer loop
      vertex   -5.500000e+01 1.781470e+01 -3.800852e+01
      vertex   -5.561193e+01 1.768105e+01 -3.800000e+01
      vertex   -5.500000e+01 1.775000e+01 -3.800000e+01
    endloop
  endfacet
  facet normal -9.189143e-01 1.035368e-01 3.806267e-01
    outer loop
      vertex   -5.799148e+01 1.500000e+01 -3.818530e+01
      vertex   -5.796651e+01 1.500000e+01 -3.812500e+01
      vertex   -5.791648e+01 1.566567e+01 -3.818530e+01
    endloop
  endfacet
  facet normal -9.189143e-01 1.035368e-01 3.806267e-01
    outer loop
      vertex   -5.791648e+01 1.566567e+01 -3.818530e+01
      vertex   -5.796651e+01 1.500000e+01 -3.812500e+01
      vertex   -5.789213e+01 1.566011e+01 -3.812500e+01
    endloop
  endfacet
  facet normal -8.728361e-01 3.054185e-01 3.806267e-01
    outer loop
      vertex   -5.791648e+01 1.566567e+01 -3.818530e+01
      vertex   -5.789213e+01 1.566011e+01 -3.812500e+01
      vertex   -5.769523e+01 1.629796e+01 -3.818530e+01
    endloop
  endfacet
  facet normal -8.728361e-01 3.054185e-01 3.806267e-01
    outer loop
      vertex   -5.769523e+01 1.629796e+01 -3.818530e+01
      vertex   -5.789213e+01 1.566011e+01 -3.812500e+01
      vertex   -5.767273e+01 1.628712e+01 -3.812500e+01
    endloop
  endfacet
  facet normal -7.829902e-01 4.919854e-01 3.806267e-01
    outer loop
      vertex   -5.769523e+01 1.629796e+01 -3.818530e+01
      vertex   -5.767273e+01 1.628712e+01 -3.812500e+01
      vertex   -5.733883e+01 1.686516e+01 -3.818530e+01
    endloop
  endfacet
  facet normal -7.829902e-01 4.919854e-01 3.806267e-01
    outer loop
      vertex   -5.733883e+01 1.686516e+01 -3.818530e+01
      vertex   -5.767273e+01 1.628712e+01 -3.812500e+01
      vertex   -5.731931e+01 1.684959e+01 -3.812500e+01
    endloop
  endfacet
  facet normal -6.538820e-01 6.538820e-01 3.806267e-01
    outer loop
      vertex   -5.733883e+01 1.686516e+01 -3.818530e+01
      vertex   -5.731931e+01 1.684959e+01 -3.812500e+01
      vertex   -5.686516e+01 1.733883e+01 -3.818530e+01
    endloop
  endfacet
  facet normal -6.538820e-01 6.538820e-01 3.806267e-01
    outer loop
      vertex   -5.686516e+01 1.733883e+01 -3.818530e+01
      vertex   -5.731931e+01 1.684959e+01 -3.812500e+01
      vertex   -5.684959e+01 1.731931e+01 -3.812500e+01
    endloop
  endfacet
  facet normal -4.919854e-01 7.829902e-01 3.806267e-01
    outer loop
      vertex   -5.686516e+01 1.733883e+01 -3.818530e+01
      vertex   -5.684959e+01 1.731931e+01 -3.812500e+01
      vertex   -5.629796e+01 1.769523e+01 -3.818530e+01
    endloop
  endfacet
  facet normal -4.919854e-01 7.829902e-01 3.806267e-01
    outer loop
      vertex   -5.629796e+01 1.769523e+01 -3.818530e+01
      vertex   -5.684959e+01 1.731931e+01 -3.812500e+01
      vertex   -5.628712e+01 1.767273e+01 -3.812500e+01
    endloop
  endfacet
  facet normal -3.054185e-01 8.728361e-01 3.806267e-01
    outer loop
      vertex   -5.629796e+01 1.769523e+01 -3.818530e+01
      vertex   -5.628712e+01 1.767273e+01 -3.812500e+01
      vertex   -5.566567e+01 1.791648e+01 -3.818530e+01
    endloop
  endfacet
  facet normal -3.054185e-01 8.728361e-01 3.806267e-01
    outer loop
      vertex   -5.566567e+01 1.791648e+01 -3.818530e+01
      vertex   -5.628712e+01 1.767273e+01 -3.812500e+01
      vertex   -5.566011e+01 1.789213e+01 -3.812500e+01
    endloop
  endfacet
  facet normal -7.902026e-01 8.903445e-02 6.063438e-01
    outer loop
      vertex   -5.796651e+01 1.500000e+01 -3.812500e+01
      vertex   -5.792678e+01 1.500000e+01 -3.807322e+01
      vertex   -5.789213e+01 1.566011e+01 -3.812500e+01
    endloop
  endfacet
  facet normal -7.902026e-01 8.903445e-02 6.063438e-01
    outer loop
      vertex   -5.789213e+01 1.566011e+01 -3.812500e+01
      vertex   -5.792678e+01 1.500000e+01 -3.807322e+01
      vertex   -5.785340e+01 1.565127e+01 -3.807322e+01
    endloop
  endfacet
  facet normal -7.505785e-01 2.626388e-01 6.063438e-01
    outer loop
      vertex   -5.789213e+01 1.566011e+01 -3.812500e+01
      vertex   -5.785340e+01 1.565127e+01 -3.807322e+01
      vertex   -5.767273e+01 1.628712e+01 -3.812500e+01
    endloop
  endfacet
  facet normal -7.505785e-01 2.626388e-01 6.063438e-01
    outer loop
      vertex   -5.767273e+01 1.628712e+01 -3.812500e+01
      vertex   -5.785340e+01 1.565127e+01 -3.807322e+01
      vertex   -5.763693e+01 1.626988e+01 -3.807322e+01
    endloop
  endfacet
  facet normal -6.733173e-01 4.230733e-01 6.063438e-01
    outer loop
      vertex   -5.767273e+01 1.628712e+01 -3.812500e+01
      vertex   -5.763693e+01 1.626988e+01 -3.807322e+01
      vertex   -5.731931e+01 1.684959e+01 -3.812500e+01
    endloop
  endfacet
  facet normal -6.733173e-01 4.230733e-01 6.063438e-01
    outer loop
      vertex   -5.731931e+01 1.684959e+01 -3.812500e+01
      vertex   -5.763693e+01 1.626988e+01 -3.807322e+01
      vertex   -5.728825e+01 1.682482e+01 -3.807322e+01
    endloop
  endfacet
  facet normal -5.622932e-01 5.622932e-01 6.063438e-01
    outer loop
      vertex   -5.731931e+01 1.684959e+01 -3.812500e+01
      vertex   -5.728825e+01 1.682482e+01 -3.807322e+01
      vertex   -5.684959e+01 1.731931e+01 -3.812500e+01
    endloop
  endfacet
  facet normal -5.622932e-01 5.622932e-01 6.063438e-01
    outer loop
      vertex   -5.684959e+01 1.731931e+01 -3.812500e+01
      vertex   -5.728825e+01 1.682482e+01 -3.807322e+01
      vertex   -5.682482e+01 1.728825e+01 -3.807322e+01
    endloop
  endfacet
  facet normal -4.230733e-01 6.733173e-01 6.063438e-01
    outer loop
      vertex   -5.684959e+01 1.731931e+01 -3.812500e+01
      vertex   -5.682482e+01 1.728825e+01 -3.807322e+01
      vertex   -5.628712e+01 1.767273e+01 -3.812500e+01
    endloop
  endfacet
  facet normal -4.230733e-01 6.733173e-01 6.063438e-01
    outer loop
      vertex   -5.628712e+01 1.767273e+01 -3.812500e+01
      vertex   -5.682482e+01 1.728825e+01 -3.807322e+01
      vertex   -5.626988e+01 1.763693e+01 -3.807322e+01
    endloop
  endfacet
  facet normal -2.626388e-01 7.505785e-01 6.063438e-01
    outer loop
      vertex   -5.628712e+01 1.767273e+01 -3.812500e+01
      vertex   -5.626988e+01 1.763693e+01 -3.807322e+01
      vertex   -5.566011e+01 1.789213e+01 -3.812500e+01
    endloop
  endfacet
  facet normal -2.626388e-01 7.505785e-01 6.063438e-01
    outer loop
      vertex   -5.566011e+01 1.789213e+01 -3.812500e+01
      vertex   -5.626988e+01 1.763693e+01 -3.807322e+01
      vertex   -5.565127e+01 1.785340e+01 -3.807322e+01
    endloop
  endfacet
  facet normal -6.073344e-01 6.843016e-02 7.914936e-01
    outer loop
      vertex   -5.792678e+01 1.500000e+01 -3.807322e+01
      vertex   -5.787500e+01 1.500000e+01 -3.803349e+01
      vertex   -5.785340e+01 1.565127e+01 -3.807322e+01
    endloop
  endfacet
  facet normal -6.073344e-01 6.843016e-02 7.914936e-01
    outer loop
      vertex   -5.785340e+01 1.565127e+01 -3.807322e+01
      vertex   -5.787500e+01 1.500000e+01 -3.803349e+01
      vertex   -5.780292e+01 1.563975e+01 -3.803349e+01
    endloop
  endfacet
  facet normal -5.768802e-01 2.018591e-01 7.914936e-01
    outer loop
      vertex   -5.785340e+01 1.565127e+01 -3.807322e+01
      vertex   -5.780292e+01 1.563975e+01 -3.803349e+01
      vertex   -5.763693e+01 1.626988e+01 -3.807322e+01
    endloop
  endfacet
  facet normal -5.768802e-01 2.018591e-01 7.914936e-01
    outer loop
      vertex   -5.763693e+01 1.626988e+01 -3.807322e+01
      vertex   -5.780292e+01 1.563975e+01 -3.803349e+01
      vertex   -5.759029e+01 1.624742e+01 -3.803349e+01
    endloop
  endfacet
  facet normal -5.174987e-01 3.251660e-01 7.914936e-01
    outer loop
      vertex   -5.763693e+01 1.626988e+01 -3.807322e+01
      vertex   -5.759029e+01 1.624742e+01 -3.803349e+01
      vertex   -5.728825e+01 1.682482e+01 -3.807322e+01
    endloop
  endfacet
  facet normal -5.174987e-01 3.251660e-01 7.914936e-01
    outer loop
      vertex   -5.728825e+01 1.682482e+01 -3.807322e+01
      vertex   -5.759029e+01 1.624742e+01 -3.803349e+01
      vertex   -5.724777e+01 1.679253e+01 -3.803349e+01
    endloop
  endfacet
  facet normal -4.321677e-01 4.321677e-01 7.914936e-01
    outer loop
      vertex   -5.728825e+01 1.682482e+01 -3.807322e+01
      vertex   -5.724777e+01 1.679253e+01 -3.803349e+01
      vertex   -5.682482e+01 1.728825e+01 -3.807322e+01
    endloop
  endfacet
  facet normal -4.321677e-01 4.321677e-01 7.914936e-01
    outer loop
      vertex   -5.682482e+01 1.728825e+01 -3.807322e+01
      vertex   -5.724777e+01 1.679253e+01 -3.803349e+01
      vertex   -5.679253e+01 1.724777e+01 -3.803349e+01
    endloop
  endfacet
  facet normal -3.251660e-01 5.174987e-01 7.914936e-01
    outer loop
      vertex   -5.682482e+01 1.728825e+01 -3.807322e+01
      vertex   -5.679253e+01 1.724777e+01 -3.803349e+01
      vertex   -5.626988e+01 1.763693e+01 -3.807322e+01
    endloop
  endfacet
  facet normal -3.251660e-01 5.174987e-01 7.914936e-01
    outer loop
      vertex   -5.626988e+01 1.763693e+01 -3.807322e+01
      vertex   -5.679253e+01 1.724777e+01 -3.803349e+01
      vertex   -5.624742e+01 1.759029e+01 -3.803349e+01
    endloop
  endfacet
  facet normal -2.018591e-01 5.768802e-01 7.914936e-01
    outer loop
      vertex   -5.626988e+01 1.763693e+01 -3.807322e+01
      vertex   -5.624742e+01 1.759029e+01 -3.803349e+01
      vertex   -5.565127e+01 1.785340e+01 -3.807322e+01
    endloop
  endfacet
  facet normal -2.018591e-01 5.768802e-01 7.914936e-01
    outer loop
      vertex   -5.565127e+01 1.785340e+01 -3.807322e+01
      vertex   -5.624742e+01 1.759029e+01 -3.803349e+01
      vertex   -5.563975e+01 1.780292e+01 -3.803349e+01
    endloop
  endfacet
  facet normal -3.823282e-01 4.307804e-02 9.230219e-01
    outer loop
      vertex   -5.787500e+01 1.500000e+01 -3.803349e+01
      vertex   -5.781470e+01 1.500000e+01 -3.800852e+01
      vertex   -5.780292e+01 1.563975e+01 -3.803349e+01
    endloop
  endfacet
  facet normal -3.823282e-01 4.307804e-02 9.230219e-01
    outer loop
      vertex   -5.780292e+01 1.563975e+01 -3.803349e+01
      vertex   -5.781470e+01 1.500000e+01 -3.800852e+01
      vertex   -5.774413e+01 1.562633e+01 -3.800852e+01
    endloop
  endfacet
  facet normal -3.631567e-01 1.270740e-01 9.230219e-01
    outer loop
      vertex   -5.780292e+01 1.563975e+01 -3.803349e+01
      vertex   -5.774413e+01 1.562633e+01 -3.800852e+01
      vertex   -5.759029e+01 1.624742e+01 -3.803349e+01
    endloop
  endfacet
  facet normal -3.631567e-01 1.270740e-01 9.230219e-01
    outer loop
      vertex   -5.759029e+01 1.624742e+01 -3.803349e+01
      vertex   -5.774413e+01 1.562633e+01 -3.800852e+01
      vertex   -5.753596e+01 1.622125e+01 -3.800852e+01
    endloop
  endfacet
  facet normal -3.257749e-01 2.046980e-01 9.230219e-01
    outer loop
      vertex   -5.759029e+01 1.624742e+01 -3.803349e+01
      vertex   -5.753596e+01 1.622125e+01 -3.800852e+01
      vertex   -5.724777e+01 1.679253e+01 -3.803349e+01
    endloop
  endfacet
  facet normal -3.257749e-01 2.046980e-01 9.230219e-01
    outer loop
      vertex   -5.724777e+01 1.679253e+01 -3.803349e+01
      vertex   -5.753596e+01 1.622125e+01 -3.800852e+01
      vertex   -5.720062e+01 1.675494e+01 -3.800852e+01
    endloop
  endfacet
  facet normal -2.720575e-01 2.720575e-01 9.230219e-01
    outer loop
      vertex   -5.724777e+01 1.679253e+01 -3.803349e+01
      vertex   -5.720062e+01 1.675494e+01 -3.800852e+01
      vertex   -5.679253e+01 1.724777e+01 -3.803349e+01
    endloop
  endfacet
  facet normal -2.720575e-01 2.720575e-01 9.230219e-01
    outer loop
      vertex   -5.679253e+01 1.724777e+01 -3.803349e+01
      vertex   -5.720062e+01 1.675494e+01 -3.800852e+01
      vertex   -5.675494e+01 1.720062e+01 -3.800852e+01
    endloop
  endfacet
  facet normal -2.046980e-01 3.257749e-01 9.230219e-01
    outer loop
      vertex   -5.679253e+01 1.724777e+01 -3.803349e+01
      vertex   -5.675494e+01 1.720062e+01 -3.800852e+01
      vertex   -5.624742e+01 1.759029e+01 -3.803349e+01
    endloop
  endfacet
  facet normal -2.046980e-01 3.257749e-01 9.230219e-01
    outer loop
      vertex   -5.624742e+01 1.759029e+01 -3.803349e+01
      vertex   -5.675494e+01 1.720062e+01 -3.800852e+01
      vertex   -5.622125e+01 1.753596e+01 -3.800852e+01
    endloop
  endfacet
  facet normal -1.270740e-01 3.631567e-01 9.230219e-01
    outer loop
      vertex   -5.624742e+01 1.759029e+01 -3.803349e+01
      vertex   -5.622125e+01 1.753596e+01 -3.800852e+01
      vertex   -5.563975e+01 1.780292e+01 -3.803349e+01
    endloop
  endfacet
  facet normal -1.270740e-01 3.631567e-01 9.230219e-01
    outer loop
      vertex   -5.563975e+01 1.780292e+01 -3.803349e+01
      vertex   -5.622125e+01 1.753596e+01 -3.800852e+01
      vertex   -5.562633e+01 1.774413e+01 -3.800852e+01
    endloop
  endfacet
  facet normal -1.305121e-01 1.470518e-02 9.913377e-01
    outer loop
      vertex   -5.781470e+01 1.500000e+01 -3.800852e+01
      vertex   -5.775000e+01 1.500000e+01 -3.800000e+01
      vertex   -5.774413e+01 1.562633e+01 -3.800852e+01
    endloop
  endfacet
  facet normal -1.305121e-01 1.470518e-02 9.913377e-01
    outer loop
      vertex   -5.774413e+01 1.562633e+01 -3.800852e+01
      vertex   -5.775000e+01 1.500000e+01 -3.800000e+01
      vertex   -5.768105e+01 1.561193e+01 -3.800000e+01
    endloop
  endfacet
  facet normal -1.239677e-01 4.337816e-02 9.913377e-01
    outer loop
      vertex   -5.774413e+01 1.562633e+01 -3.800852e+01
      vertex   -5.768105e+01 1.561193e+01 -3.800000e+01
      vertex   -5.753596e+01 1.622125e+01 -3.800852e+01
    endloop
  endfacet
  facet normal -1.239677e-01 4.337816e-02 9.913377e-01
    outer loop
      vertex   -5.753596e+01 1.622125e+01 -3.800852e+01
      vertex   -5.768105e+01 1.561193e+01 -3.800000e+01
      vertex   -5.747766e+01 1.619318e+01 -3.800000e+01
    endloop
  endfacet
  facet normal -1.112070e-01 6.987598e-02 9.913377e-01
    outer loop
      vertex   -5.753596e+01 1.622125e+01 -3.800852e+01
      vertex   -5.747766e+01 1.619318e+01 -3.800000e+01
      vertex   -5.720062e+01 1.675494e+01 -3.800852e+01
    endloop
  endfacet
  facet normal -1.112070e-01 6.987598e-02 9.913377e-01
    outer loop
      vertex   -5.720062e+01 1.675494e+01 -3.800852e+01
      vertex   -5.747766e+01 1.619318e+01 -3.800000e+01
      vertex   -5.715004e+01 1.671460e+01 -3.800000e+01
    endloop
  endfacet
  facet normal -9.286992e-02 9.286992e-02 9.913377e-01
    outer loop
      vertex   -5.720062e+01 1.675494e+01 -3.800852e+01
      vertex   -5.715004e+01 1.671460e+01 -3.800000e+01
      vertex   -5.675494e+01 1.720062e+01 -3.800852e+01
    endloop
  endfacet
  facet normal -9.286992e-02 9.286992e-02 9.913377e-01
    outer loop
      vertex   -5.675494e+01 1.720062e+01 -3.800852e+01
      vertex   -5.715004e+01 1.671460e+01 -3.800000e+01
      vertex   -5.671460e+01 1.715004e+01 -3.800000e+01
    endloop
  endfacet
  facet normal -6.987598e-02 1.112070e-01 9.913377e-01
    outer loop
      vertex   -5.675494e+01 1.720062e+01 -3.800852e+01
      vertex   -5.671460e+01 1.715004e+01 -3.800000e+01
      vertex   -5.622125e+01 1.753596e+01 -3.800852e+01
    endloop
  endfacet
  facet normal -6.987598e-02 1.112070e-01 9.913377e-01
    outer loop
      vertex   -5.622125e+01 1.753596e+01 -3.800852e+01
      vertex   -5.671460e+01 1.715004e+01 -3.800000e+01
      vertex   -5.619318e+01 1.747766e+01 -3.800000e+01
    endloop
  endfacet
  facet normal -4.337816e-02 1.239677e-01 9.913377e-01
    outer loop
      vertex   -5.622125e+01 1.753596e+01 -3.800852e+01
      vertex   -5.619318e+01 1.747766e+01 -3.800000e+01
      vertex   -5.562633e+01 1.774413e+01 -3.800852e+01
    endloop
  endfacet
  facet normal -4.337816e-02 1.239677e-01 9.913377e-01
    outer loop
      vertex   -5.562633e+01 1.774413e+01 -3.800852e+01
      vertex   -5.619318e+01 1.747766e+01 -3.800000e+01
      vertex   -5.561193e+01 1.768105e+01 -3.800000e+01
    endloop
  endfacet
  facet normal -9.914449e-01 0.000000e+00 1.305262e-01
    outer loop
      vertex   -5.799148e+01 -1.500000e+01 -3.818530e+01
      vertex   -5.799148e+01 -1.363636e+01 -3.818530e+01
      vertex   -5.800000e+01 -1.500000e+01 -3.825000e+01
    endloop
  endfacet
  facet normal -9.914449e-01 0.000000e+00 1.305262e-01
    outer loop
      vertex   -5.800000e+01 -1.500000e+01 -3.825000e+01
      vertex   -5.799148e+01 -1.363636e+01 -3.818530e+01
      vertex   -5.799148e+01 -1.227273e+01 -3.818530e+01
    endloop
  endfacet
  facet normal -9.914449e-01 0.000000e+00 1.305262e-01
    outer loop
      vertex   -5.800000e+01 -1.500000e+01 -3.825000e+01
      vertex   -5.799148e+01 -1.227273e+01 -3.818530e+01
      vertex   -5.799148e+01 -1.090909e+01 -3.818530e+01
    endloop
  endfacet
  facet normal -9.238795e-01 0.000000e+00 3.826834e-01
    outer loop
      vertex   -5.799148e+01 -1.090909e+01 -3.818530e+01
      vertex   -5.799148e+01 -1.227273e+01 -3.818530e+01
      vertex   -5.796651e+01 -1.090909e+01 -3.812500e+01
    endloop
  endfacet
  facet normal -9.238795e-01 0.000000e+00 3.826834e-01
    outer loop
      vertex   -5.799148e+01 -1.090909e+01 -3.818530e+01
      vertex   -5.796651e+01 -1.090909e+01 -3.812500e+01
      vertex   -5.796651e+01 -9.545455e+00 -3.812500e+01
    endloop
  endfacet
  facet normal -7.933533e-01 0.000000e+00 6.087614e-01
    outer loop
      vertex   -5.796651e+01 -9.545455e+00 -3.812500e+01
      vertex   -5.796651e+01 -1.090909e+01 -3.812500e+01
      vertex   -5.792678e+01 -9.545455e+00 -3.807322e+01
    endloop
  endfacet
  facet normal -7.933533e-01 0.000000e+00 6.087614e-01
    outer loop
      vertex   -5.796651e+01 -9.545455e+00 -3.812500e+01
      vertex   -5.792678e+01 -9.545455e+00 -3.807322e+01
      vertex   -5.792678e+01 -8.181818e+00 -3.807322e+01
    endloop
  endfacet
  facet normal -6.087614e-01 0.000000e+00 7.933533e-01
    outer loop
      vertex   -5.792678e+01 -8.181818e+00 -3.807322e+01
      vertex   -5.792678e+01 -9.545455e+00 -3.807322e+01
      vertex   -5.787500e+01 -8.181818e+00 -3.803349e+01
    endloop
  endfacet
  facet normal -6.087614e-01 0.000000e+00 7.933533e-01
    outer loop
      vertex   -5.792678e+01 -8.181818e+00 -3.807322e+01
      vertex   -5.787500e+01 -8.181818e+00 -3.803349e+01
      vertex   -5.787500e+01 -6.818182e+00 -3.803349e+01
    endloop
  endfacet
  facet normal -3.826834e-01 0.000000e+00 9.238795e-01
    outer loop
      vertex   -5.787500e+01 -6.818182e+00 -3.803349e+01
      vertex   -5.787500e+01 -8.181818e+00 -3.803349e+01
      vertex   -5.781470e+01 -6.818182e+00 -3.800852e+01
    endloop
  endfacet
  facet normal -3.826834e-01 0.000000e+00 9.238795e-01
    outer loop
      vertex   -5.787500e+01 -6.818182e+00 -3.803349e+01
      vertex   -5.781470e+01 -6.818182e+00 -3.800852e+01
      vertex   -5.781470e+01 -5.454545e+00 -3.800852e+01
    endloop
  endfacet
  facet normal -1.305262e-01 0.000000e+00 9.914449e-01
    outer loop
      vertex   -5.781470e+01 -5.454545e+00 -3.800852e+01
      vertex   -5.781470e+01 -6.818182e+00 -3.800852e+01
      vertex   -5.775000e+01 -1.500000e+01 -3.800000e+01
    endloop
  endfacet
  facet normal -1.305262e-01 0.000000e+00 9.914449e-01
    outer loop
      vertex   -5.781470e+01 -5.454545e+00 -3.800852e+01
      vertex   -5.775000e+01 -1.500000e+01 -3.800000e+01
      vertex   -5.781470e+01 -4.090909e+00 -3.800852e+01
    endloop
  endfacet
  facet normal -1.305262e-01 0.000000e+00 9.914449e-01
    outer loop
      vertex   -5.781470e+01 -4.090909e+00 -3.800852e+01
      vertex   -5.775000e+01 -1.500000e+01 -3.800000e+01
      vertex   -5.781470e+01 -2.727273e+00 -3.800852e+01
    endloop
  endfacet
  facet normal -3.826834e-01 0.000000e+00 9.238795e-01
    outer loop
      vertex   -5.781470e+01 -4.090909e+00 -3.800852e+01
      vertex   -5.781470e+01 -2.727273e+00 -3.800852e+01
      vertex   -5.787500e+01 -4.090909e+00 -3.803349e+01
    endloop
  endfacet
  facet normal -3.826834e-01 0.000000e+00 9.238795e-01
    outer loop
      vertex   -5.787500e+01 -4.090909e+00 -3.803349e+01
      vertex   -5.781470e+01 -2.727273e+00 -3.800852e+01
      vertex   -5.787500e+01 -2.727273e+00 -3.803349e+01
    endloop
  endfacet
  facet normal -6.087614e-01 0.000000e+00 7.933533e-01
    outer loop
      vertex   -5.787500e+01 -4.090909e+00 -3.803349e+01
      vertex   -5.787500e+01 -2.727273e+00 -3.803349e+01
      vertex   -5.792678e+01 -4.090909e+00 -3.807322e+01
    endloop
  endfacet
  facet normal -6.087614e-01 0.000000e+00 7.933533e-01
    outer loop
      vertex   -5.792678e+01 -4.090909e+00 -3.807322e+01
      vertex   -5.787500e+01 -2.727273e+00 -3.803349e+01
      vertex   -5.792678e+01 -2.727273e+00 -3.807322e+01
    endloop
  endfacet
  facet normal -7.933533e-01 0.000000e+00 6.087614e-01
    outer loop
      vertex   -5.792678e+01 -4.090909e+00 -3.807322e+01
      vertex   -5.792678e+01 -2.727273e+00 -3.807322e+01
      vertex   -5.796651e+01 -4.090909e+00 -3.812500e+01
    endloop
  endfacet
  facet normal -7.933533e-01 0.000000e+00 6.087614e-01
    outer loop
      vertex   -5.796651e+01 -4.090909e+00 -3.812500e+01
      vertex   -5.792678e+01 -2.727273e+00 -3.807322e+01
      vertex   -5.796651e+01 -2.727273e+00 -3.812500e+01
    endloop
  endfacet
  facet normal -9.238795e-01 0.000000e+00 3.826834e-01
    outer loop
      vertex   -5.796651e+01 -4.090909e+00 -3.812500e+01
      vertex   -5.796651e+01 -2.727273e+00 -3.812500e+01
      vertex   -5.799148e+01 -4.090909e+00 -3.818530e+01
    endloop
  endfacet
  facet normal -9.238795e-01 0.000000e+00 3.826834e-01
    outer loop
      vertex   -5.799148e+01 -4.090909e+00 -3.818530e+01
      vertex   -5.796651e+01 -2.727273e+00 -3.812500e+01
      vertex   -5.799148e+01 -2.727273e+00 -3.818530e+01
    endloop
  endfacet
  facet normal -9.914449e-01 0.000000e+00 1.305262e-01
    outer loop
      vertex   -5.799148e+01 -4.090909e+00 -3.818530e+01
      vertex   -5.799148e+01 -2.727273e+00 -3.818530e+01
      vertex   -5.800000e+01 -1.500000e+01 -3.825000e+01
    endloop
  endfacet
  facet normal -9.914449e-01 0.000000e+00 1.305262e-01
    outer loop
      vertex   -5.800000e+01 -1.500000e+01 -3.825000e+01
      vertex   -5.799148e+01 -2.727273e+00 -3.818530e+01
      vertex   -5.799148e+01 -1.363636e+00 -3.818530e+01
    endloop
  endfacet
  facet normal -9.914449e-01 0.000000e+00 1.305262e-01
    outer loop
      vertex   -5.800000e+01 -1.500000e+01 -3.825000e+01
      vertex   -5.799148e+01 -1.363636e+00 -3.818530e+01
      vertex   -5.799148e+01 -2.220446e-15 -3.818530e+01
    endloop
  endfacet
  facet normal -9.238795e-01 0.000000e+00 3.826834e-01
    outer loop
      vertex   -5.799148e+01 -2.220446e-15 -3.818530e+01
      vertex   -5.799148e+01 -1.363636e+00 -3.818530e+01
      vertex   -5.796651e+01 -2.220446e-15 -3.812500e+01
    endloop
  endfacet
  facet normal -9.238795e-01 0.000000e+00 3.826834e-01
    outer loop
      vertex   -5.799148e+01 -2.220446e-15 -3.818530e+01
      vertex   -5.796651e+01 -2.220446e-15 -3.812500e+01
      vertex   -5.796651e+01 1.363636e+00 -3.812500e+01
    endloop
  endfacet
  facet normal -7.933533e-01 0.000000e+00 6.087614e-01
    outer loop
      vertex   -5.796651e+01 1.363636e+00 -3.812500e+01
      vertex   -5.796651e+01 -2.220446e-15 -3.812500e+01
      vertex   -5.792678e+01 1.363636e+00 -3.807322e+01
    endloop
  endfacet
  facet normal -7.933533e-01 0.000000e+00 6.087614e-01
    outer loop
      vertex   -5.796651e+01 1.363636e+00 -3.812500e+01
      vertex   -5.792678e+01 1.363636e+00 -3.807322e+01
      vertex   -5.792678e+01 2.727273e+00 -3.807322e+01
    endloop
  endfacet
  facet normal -6.087614e-01 0.000000e+00 7.933533e-01
    outer loop
      vertex   -5.792678e+01 2.727273e+00 -3.807322e+01
      vertex   -5.792678e+01 1.363636e+00 -3.807322e+01
      vertex   -5.787500e+01 2.727273e+00 -3.803349e+01
    endloop
  endfacet
  facet normal -6.087614e-01 -3.172379e-15 7.933533e-01
    outer loop
      vertex   -5.792678e+01 2.727273e+00 -3.807322e+01
      vertex   -5.787500e+01 2.727273e+00 -3.803349e+01
      vertex   -5.787500e+01 4.090909e+00 -3.803349e+01
    endloop
  endfacet
  facet normal -3.826834e-01 -1.994028e-15 9.238795e-01
    outer loop
      vertex   -5.787500e+01 4.090909e+00 -3.803349e+01
      vertex   -5.787500e+01 2.727273e+00 -3.803349e+01
      vertex   -5.781470e+01 4.090909e+00 -3.800852e+01
    endloop
  endfacet
  facet normal -3.826834e-01 0.000000e+00 9.238795e-01
    outer loop
      vertex   -5.787500e+01 4.090909e+00 -3.803349e+01
      vertex   -5.781470e+01 4.090909e+00 -3.800852e+01
      vertex   -5.781470e+01 5.454545e+00 -3.800852e+01
    endloop
  endfacet
  facet normal -1.305262e-01 0.000000e+00 9.914449e-01
    outer loop
      vertex   -5.781470e+01 5.454545e+00 -3.800852e+01
      vertex   -5.781470e+01 4.090909e+00 -3.800852e+01
      vertex   -5.775000e+01 1.500000e+01 -3.800000e+01
    endloop
  endfacet
  facet normal -1.305262e-01 0.000000e+00 9.914449e-01
    outer loop
      vertex   -5.781470e+01 5.454545e+00 -3.800852e+01
      vertex   -5.775000e+01 1.500000e+01 -3.800000e+01
      vertex   -5.781470e+01 6.818182e+00 -3.800852e+01
    endloop
  endfacet
  facet normal -1.305262e-01 0.000000e+00 9.914449e-01
    outer loop
      vertex   -5.781470e+01 6.818182e+00 -3.800852e+01
      vertex   -5.775000e+01 1.500000e+01 -3.800000e+01
      vertex   -5.781470e+01 8.181818e+00 -3.800852e+01
    endloop
  endfacet
  facet normal -3.826834e-01 0.000000e+00 9.238795e-01
    outer loop
      vertex   -5.781470e+01 6.818182e+00 -3.800852e+01
      vertex   -5.781470e+01 8.181818e+00 -3.800852e+01
      vertex   -5.787500e+01 6.818182e+00 -3.803349e+01
    endloop
  endfacet
  facet normal -3.826834e-01 0.000000e+00 9.238795e-01
    outer loop
      vertex   -5.787500e+01 6.818182e+00 -3.803349e+01
      vertex   -5.781470e+01 8.181818e+00 -3.800852e+01
      vertex   -5.787500e+01 8.181818e+00 -3.803349e+01
    endloop
  endfacet
  facet normal -6.087614e-01 0.000000e+00 7.933533e-01
    outer loop
      vertex   -5.787500e+01 6.818182e+00 -3.803349e+01
      vertex   -5.787500e+01 8.181818e+00 -3.803349e+01
      vertex   -5.792678e+01 6.818182e+00 -3.807322e+01
    endloop
  endfacet
  facet normal -6.087614e-01 0.000000e+00 7.933533e-01
    outer loop
      vertex   -5.792678e+01 6.818182e+00 -3.807322e+01
      vertex   -5.787500e+01 8.181818e+00 -3.803349e+01
      vertex   -5.792678e+01 8.181818e+00 -3.807322e+01
    endloop
  endfacet
  facet normal -7.933533e-01 0.000000e+00 6.087614e-01
    outer loop
      vertex   -5.792678e+01 6.818182e+00 -3.807322e+01
      vertex   -5.792678e+01 8.181818e+00 -3.807322e+01
      vertex   -5.796651e+01 6.818182e+00 -3.812500e+01
    endloop
  endfacet
  facet normal -7.933533e-01 0.000000e+00 6.087614e-01
    outer loop
      vertex   -5.796651e+01 6.818182e+00 -3.812500e+01
      vertex   -5.792678e+01 8.181818e+00 -3.807322e+01
      vertex   -5.796651e+01 8.181818e+00 -3.812500e+01
    endloop
  endfacet
  facet normal -9.238795e-01 0.000000e+00 3.826834e-01
    outer loop
      vertex   -5.796651e+01 6.818182e+00 -3.812500e+01
      vertex   -5.796651e+01 8.181818e+00 -3.812500e+01
      vertex   -5.799148e+01 6.818182e+00 -3.818530e+01
    endloop
  endfacet
  facet normal -9.238795e-01 0.000000e+00 3.826834e-01
    outer loop
      vertex   -5.799148e+01 6.818182e+00 -3.818530e+01
      vertex   -5.796651e+01 8.181818e+00 -3.812500e+01
      vertex   -5.799148e+01 8.181818e+00 -3.818530e+01
    endloop
  endfacet
  facet normal -9.914449e-01 0.000000e+00 1.305262e-01
    outer loop
      vertex   -5.799148e+01 6.818182e+00 -3.818530e+01
      vertex   -5.799148e+01 8.181818e+00 -3.818530e+01
      vertex   -5.800000e+01 1.500000e+01 -3.825000e+01
    endloop
  endfacet
  facet normal -9.914449e-01 0.000000e+00 1.305262e-01
    outer loop
      vertex   -5.800000e+01 1.500000e+01 -3.825000e+01
      vertex   -5.799148e+01 8.181818e+00 -3.818530e+01
      vertex   -5.799148e+01 9.545455e+00 -3.818530e+01
    endloop
  endfacet
  facet normal -9.914449e-01 0.000000e+00 1.305262e-01
    outer loop
      vertex   -5.800000e+01 1.500000e+01 -3.825000e+01
      vertex   -5.799148e+01 9.545455e+00 -3.818530e+01
      vertex   -5.799148e+01 1.090909e+01 -3.818530e+01
    endloop
  endfacet
  facet normal -9.238795e-01 0.000000e+00 3.826834e-01
    outer loop
      vertex   -5.799148e+01 1.090909e+01 -3.818530e+01
      vertex   -5.799148e+01 9.545455e+00 -3.818530e+01
      vertex   -5.796651e+01 1.090909e+01 -3.812500e+01
    endloop
  endfacet
  facet normal -9.238795e-01 0.000000e+00 3.826834e-01
    outer loop
      vertex   -5.799148e+01 1.090909e+01 -3.818530e+01
      vertex   -5.796651e+01 1.090909e+01 -3.812500e+01
      vertex   -5.796651e+01 1.227273e+01 -3.812500e+01
    endloop
  endfacet
  facet normal -7.933533e-01 0.000000e+00 6.087614e-01
    outer loop
      vertex   -5.796651e+01 1.227273e+01 -3.812500e+01
      vertex   -5.796651e+01 1.090909e+01 -3.812500e+01
      vertex   -5.792678e+01 1.227273e+01 -3.807322e+01
    endloop
  endfacet
  facet normal -7.933533e-01 0.000000e+00 6.087614e-01
    outer loop
      vertex   -5.796651e+01 1.227273e+01 -3.812500e+01
      vertex   -5.792678e+01 1.227273e+01 -3.807322e+01
      vertex   -5.792678e+01 1.363636e+01 -3.807322e+01
    endloop
  endfacet
  facet normal -6.087614e-01 0.000000e+00 7.933533e-01
    outer loop
      vertex   -5.792678e+01 1.363636e+01 -3.807322e+01
      vertex   -5.792678e+01 1.227273e+01 -3.807322e+01
      vertex   -5.787500e+01 1.363636e+01 -3.803349e+01
    endloop
  endfacet
  facet normal -6.087614e-01 0.000000e+00 7.933533e-01
    outer loop
      vertex   -5.792678e+01 1.363636e+01 -3.807322e+01
      vertex   -5.787500e+01 1.363636e+01 -3.803349e+01
      vertex   -5.787500e+01 1.500000e+01 -3.803349e+01
    endloop
  endfacet
  facet normal -3.826834e-01 0.000000e+00 9.238795e-01
    outer loop
      vertex   -5.787500e+01 1.500000e+01 -3.803349e+01
      vertex   -5.787500e+01 1.363636e+01 -3.803349e+01
      vertex   -5.781470e+01 1.500000e+01 -3.800852e+01
    endloop
  endfacet
  facet normal -3.826834e-01 4.814010e-15 9.238795e-01
    outer loop
      vertex   -5.781470e+01 1.500000e+01 -3.800852e+01
      vertex   -5.787500e+01 1.363636e+01 -3.803349e+01
      vertex   -5.781470e+01 1.363636e+01 -3.800852e+01
    endloop
  endfacet
  facet normal -1.305262e-01 5.166069e-15 9.914449e-01
    outer loop
      vertex   -5.781470e+01 1.500000e+01 -3.800852e+01
      vertex   -5.781470e+01 1.363636e+01 -3.800852e+01
      vertex   -5.775000e+01 1.500000e+01 -3.800000e+01
    endloop
  endfacet
  facet normal -1.305262e-01 0.000000e+00 9.914449e-01
    outer loop
      vertex   -5.775000e+01 1.500000e+01 -3.800000e+01
      vertex   -5.781470e+01 1.363636e+01 -3.800852e+01
      vertex   -5.781470e+01 1.227273e+01 -3.800852e+01
    endloop
  endfacet
  facet normal -1.305262e-01 0.000000e+00 9.914449e-01
    outer loop
      vertex   -5.775000e+01 1.500000e+01 -3.800000e+01
      vertex   -5.781470e+01 1.227273e+01 -3.800852e+01
      vertex   -5.781470e+01 1.090909e+01 -3.800852e+01
    endloop
  endfacet
  facet normal -3.826834e-01 0.000000e+00 9.238795e-01
    outer loop
      vertex   -5.781470e+01 1.090909e+01 -3.800852e+01
      vertex   -5.781470e+01 1.227273e+01 -3.800852e+01
      vertex   -5.787500e+01 1.090909e+01 -3.803349e+01
    endloop
  endfacet
  facet normal -3.826834e-01 0.000000e+00 9.238795e-01
    outer loop
      vertex   -5.781470e+01 1.090909e+01 -3.800852e+01
      vertex   -5.787500e+01 1.090909e+01 -3.803349e+01
      vertex   -5.787500e+01 9.545455e+00 -3.803349e+01
    endloop
  endfacet
  facet normal -6.087614e-01 0.000000e+00 7.933533e-01
    outer loop
      vertex   -5.787500e+01 9.545455e+00 -3.803349e+01
      vertex   -5.787500e+01 1.090909e+01 -3.803349e+01
      vertex   -5.792678e+01 9.545455e+00 -3.807322e+01
    endloop
  endfacet
  facet normal -6.087614e-01 0.000000e+00 7.933533e-01
    outer loop
      vertex   -5.787500e+01 9.545455e+00 -3.803349e+01
      vertex   -5.792678e+01 9.545455e+00 -3.807322e+01
      vertex   -5.792678e+01 8.181818e+00 -3.807322e+01
    endloop
  endfacet
  facet normal -7.933533e-01 0.000000e+00 6.087614e-01
    outer loop
      vertex   -5.792678e+01 8.181818e+00 -3.807322e+01
      vertex   -5.792678e+01 9.545455e+00 -3.807322e+01
      vertex   -5.796651e+01 8.181818e+00 -3.812500e+01
    endloop
  endfacet
  facet normal -9.238795e-01 0.000000e+00 3.826834e-01
    outer loop
      vertex   -5.799148e+01 -1.363636e+01 -3.818530e+01
      vertex   -5.799148e+01 -1.500000e+01 -3.818530e+01
      vertex   -5.796651e+01 -1.363636e+01 -3.812500e+01
    endloop
  endfacet
  facet normal -9.238795e-01 0.000000e+00 3.826834e-01
    outer loop
      vertex   -5.796651e+01 -1.363636e+01 -3.812500e+01
      vertex   -5.799148e+01 -1.500000e+01 -3.818530e+01
      vertex   -5.796651e+01 -1.500000e+01 -3.812500e+01
    endloop
  endfacet
  facet normal -7.933533e-01 0.000000e+00 6.087614e-01
    outer loop
      vertex   -5.796651e+01 -1.363636e+01 -3.812500e+01
      vertex   -5.796651e+01 -1.500000e+01 -3.812500e+01
      vertex   -5.792678e+01 -1.363636e+01 -3.807322e+01
    endloop
  endfacet
  facet normal -7.933533e-01 0.000000e+00 6.087614e-01
    outer loop
      vertex   -5.792678e+01 -1.363636e+01 -3.807322e+01
      vertex   -5.796651e+01 -1.500000e+01 -3.812500e+01
      vertex   -5.792678e+01 -1.500000e+01 -3.807322e+01
    endloop
  endfacet
  facet normal -6.087614e-01 0.000000e+00 7.933533e-01
    outer loop
      vertex   -5.792678e+01 -1.363636e+01 -3.807322e+01
      vertex   -5.792678e+01 -1.500000e+01 -3.807322e+01
      vertex   -5.787500e+01 -1.363636e+01 -3.803349e+01
    endloop
  endfacet
  facet normal -6.087614e-01 4.133884e-15 7.933533e-01
    outer loop
      vertex   -5.787500e+01 -1.363636e+01 -3.803349e+01
      vertex   -5.792678e+01 -1.500000e+01 -3.807322e+01
      vertex   -5.787500e+01 -1.500000e+01 -3.803349e+01
    endloop
  endfacet
  facet normal -3.826834e-01 4.814010e-15 9.238795e-01
    outer loop
      vertex   -5.787500e+01 -1.363636e+01 -3.803349e+01
      vertex   -5.787500e+01 -1.500000e+01 -3.803349e+01
      vertex   -5.781470e+01 -1.363636e+01 -3.800852e+01
    endloop
  endfacet
  facet normal -3.826834e-01 0.000000e+00 9.238795e-01
    outer loop
      vertex   -5.781470e+01 -1.363636e+01 -3.800852e+01
      vertex   -5.787500e+01 -1.500000e+01 -3.803349e+01
      vertex   -5.781470e+01 -1.500000e+01 -3.800852e+01
    endloop
  endfacet
  facet normal -1.305262e-01 0.000000e+00 9.914449e-01
    outer loop
      vertex   -5.781470e+01 -1.363636e+01 -3.800852e+01
      vertex   -5.781470e+01 -1.500000e+01 -3.800852e+01
      vertex   -5.775000e+01 -1.500000e+01 -3.800000e+01
    endloop
  endfacet
  facet normal -1.305262e-01 -3.091481e-17 9.914449e-01
    outer loop
      vertex   -5.775000e+01 1.500000e+01 -3.800000e+01
      vertex   -5.781470e+01 -2.220446e-15 -3.800852e+01
      vertex   -5.775000e+01 -1.500000e+01 -3.800000e+01
    endloop
  endfacet
  facet normal -1.305262e-01 0.000000e+00 9.914449e-01
    outer loop
      vertex   -5.775000e+01 -1.500000e+01 -3.800000e+01
      vertex   -5.781470e+01 -2.220446e-15 -3.800852e+01
      vertex   -5.781470e+01 -1.363636e+00 -3.800852e+01
    endloop
  endfacet
  facet normal -1.305262e-01 0.000000e+00 9.914449e-01
    outer loop
      vertex   -5.775000e+01 -1.500000e+01 -3.800000e+01
      vertex   -5.781470e+01 -1.363636e+00 -3.800852e+01
      vertex   -5.781470e+01 -2.727273e+00 -3.800852e+01
    endloop
  endfacet
  facet normal -3.826834e-01 0.000000e+00 9.238795e-01
    outer loop
      vertex   -5.781470e+01 -2.727273e+00 -3.800852e+01
      vertex   -5.781470e+01 -1.363636e+00 -3.800852e+01
      vertex   -5.787500e+01 -2.727273e+00 -3.803349e+01
    endloop
  endfacet
  facet normal -6.087614e-01 0.000000e+00 7.933533e-01
    outer loop
      vertex   -5.787500e+01 1.500000e+01 -3.803349e+01
      vertex   -5.792678e+01 1.500000e+01 -3.807322e+01
      vertex   -5.792678e+01 1.363636e+01 -3.807322e+01
    endloop
  endfacet
  facet normal -7.933533e-01 0.000000e+00 6.087614e-01
    outer loop
      vertex   -5.792678e+01 1.363636e+01 -3.807322e+01
      vertex   -5.792678e+01 1.500000e+01 -3.807322e+01
      vertex   -5.796651e+01 1.363636e+01 -3.812500e+01
    endloop
  endfacet
  facet normal -7.933533e-01 0.000000e+00 6.087614e-01
    outer loop
      vertex   -5.792678e+01 1.363636e+01 -3.807322e+01
      vertex   -5.796651e+01 1.363636e+01 -3.812500e+01
      vertex   -5.796651e+01 1.227273e+01 -3.812500e+01
    endloop
  endfacet
  facet normal -9.238795e-01 0.000000e+00 3.826834e-01
    outer loop
      vertex   -5.796651e+01 1.227273e+01 -3.812500e+01
      vertex   -5.796651e+01 1.363636e+01 -3.812500e+01
      vertex   -5.799148e+01 1.227273e+01 -3.818530e+01
    endloop
  endfacet
  facet normal -9.238795e-01 0.000000e+00 3.826834e-01
    outer loop
      vertex   -5.796651e+01 1.227273e+01 -3.812500e+01
      vertex   -5.799148e+01 1.227273e+01 -3.818530e+01
      vertex   -5.799148e+01 1.090909e+01 -3.818530e+01
    endloop
  endfacet
  facet normal -9.914449e-01 0.000000e+00 1.305262e-01
    outer loop
      vertex   -5.799148e+01 1.090909e+01 -3.818530e+01
      vertex   -5.799148e+01 1.227273e+01 -3.818530e+01
      vertex   -5.800000e+01 1.500000e+01 -3.825000e+01
    endloop
  endfacet
  facet normal -7.933533e-01 -4.137249e-15 6.087614e-01
    outer loop
      vertex   -5.792678e+01 1.500000e+01 -3.807322e+01
      vertex   -5.796651e+01 1.500000e+01 -3.812500e+01
      vertex   -5.796651e+01 1.363636e+01 -3.812500e+01
    endloop
  endfacet
  facet normal -9.238795e-01 -4.814010e-15 3.826834e-01
    outer loop
      vertex   -5.796651e+01 1.363636e+01 -3.812500e+01
      vertex   -5.796651e+01 1.500000e+01 -3.812500e+01
      vertex   -5.799148e+01 1.363636e+01 -3.818530e+01
    endloop
  endfacet
  facet normal -9.238795e-01 0.000000e+00 3.826834e-01
    outer loop
      vertex   -5.796651e+01 1.363636e+01 -3.812500e+01
      vertex   -5.799148e+01 1.363636e+01 -3.818530e+01
      vertex   -5.799148e+01 1.227273e+01 -3.818530e+01
    endloop
  endfacet
  facet normal -9.914449e-01 0.000000e+00 1.305262e-01
    outer loop
      vertex   -5.799148e+01 1.227273e+01 -3.818530e+01
      vertex   -5.799148e+01 1.363636e+01 -3.818530e+01
      vertex   -5.800000e+01 1.500000e+01 -3.825000e+01
    endloop
  endfacet
  facet normal -9.238795e-01 0.000000e+00 3.826834e-01
    outer loop
      vertex   -5.796651e+01 1.500000e+01 -3.812500e+01
      vertex   -5.799148e+01 1.500000e+01 -3.818530e+01
      vertex   -5.799148e+01 1.363636e+01 -3.818530e+01
    endloop
  endfacet
  facet normal -9.914449e-01 0.000000e+00 1.305262e-01
    outer loop
      vertex   -5.799148e+01 1.363636e+01 -3.818530e+01
      vertex   -5.799148e+01 1.500000e+01 -3.818530e+01
      vertex   -5.800000e+01 1.500000e+01 -3.825000e+01
    endloop
  endfacet
  facet normal -9.914449e-01 0.000000e+00 1.305262e-01
    outer loop
      vertex   -5.800000e+01 -1.500000e+01 -3.825000e+01
      vertex   -5.799148e+01 -2.220446e-15 -3.818530e+01
      vertex   -5.800000e+01 1.500000e+01 -3.825000e+01
    endloop
  endfacet
  facet normal -9.914449e-01 0.000000e+00 1.305262e-01
    outer loop
      vertex   -5.800000e+01 1.500000e+01 -3.825000e+01
      vertex   -5.799148e+01 -2.220446e-15 -3.818530e+01
      vertex   -5.799148e+01 1.363636e+00 -3.818530e+01
    endloop
  endfacet
  facet normal -9.914449e-01 0.000000e+00 1.305262e-01
    outer loop
      vertex   -5.800000e+01 1.500000e+01 -3.825000e+01
      vertex   -5.799148e+01 1.363636e+00 -3.818530e+01
      vertex   -5.799148e+01 2.727273e+00 -3.818530e+01
    endloop
  endfacet
  facet normal -9.238795e-01 0.000000e+00 3.826834e-01
    outer loop
      vertex   -5.799148e+01 2.727273e+00 -3.818530e+01
      vertex   -5.799148e+01 1.363636e+00 -3.818530e+01
      vertex   -5.796651e+01 2.727273e+00 -3.812500e+01
    endloop
  endfacet
  facet normal -9.238795e-01 0.000000e+00 3.826834e-01
    outer loop
      vertex   -5.799148e+01 2.727273e+00 -3.818530e+01
      vertex   -5.796651e+01 2.727273e+00 -3.812500e+01
      vertex   -5.796651e+01 4.090909e+00 -3.812500e+01
    endloop
  endfacet
  facet normal -7.933533e-01 0.000000e+00 6.087614e-01
    outer loop
      vertex   -5.796651e+01 4.090909e+00 -3.812500e+01
      vertex   -5.796651e+01 2.727273e+00 -3.812500e+01
      vertex   -5.792678e+01 4.090909e+00 -3.807322e+01
    endloop
  endfacet
  facet normal -7.933533e-01 0.000000e+00 6.087614e-01
    outer loop
      vertex   -5.796651e+01 4.090909e+00 -3.812500e+01
      vertex   -5.792678e+01 4.090909e+00 -3.807322e+01
      vertex   -5.792678e+01 5.454545e+00 -3.807322e+01
    endloop
  endfacet
  facet normal -6.087614e-01 0.000000e+00 7.933533e-01
    outer loop
      vertex   -5.792678e+01 5.454545e+00 -3.807322e+01
      vertex   -5.792678e+01 4.090909e+00 -3.807322e+01
      vertex   -5.787500e+01 5.454545e+00 -3.803349e+01
    endloop
  endfacet
  facet normal -6.087614e-01 0.000000e+00 7.933533e-01
    outer loop
      vertex   -5.792678e+01 5.454545e+00 -3.807322e+01
      vertex   -5.787500e+01 5.454545e+00 -3.803349e+01
      vertex   -5.787500e+01 6.818182e+00 -3.803349e+01
    endloop
  endfacet
  facet normal -3.826834e-01 0.000000e+00 9.238795e-01
    outer loop
      vertex   -5.787500e+01 6.818182e+00 -3.803349e+01
      vertex   -5.787500e+01 5.454545e+00 -3.803349e+01
      vertex   -5.781470e+01 6.818182e+00 -3.800852e+01
    endloop
  endfacet
  facet normal -9.238795e-01 0.000000e+00 3.826834e-01
    outer loop
      vertex   -5.799148e+01 -1.227273e+01 -3.818530e+01
      vertex   -5.799148e+01 -1.363636e+01 -3.818530e+01
      vertex   -5.796651e+01 -1.227273e+01 -3.812500e+01
    endloop
  endfacet
  facet normal -9.238795e-01 0.000000e+00 3.826834e-01
    outer loop
      vertex   -5.796651e+01 -1.227273e+01 -3.812500e+01
      vertex   -5.799148e+01 -1.363636e+01 -3.818530e+01
      vertex   -5.796651e+01 -1.363636e+01 -3.812500e+01
    endloop
  endfacet
  facet normal -7.933533e-01 0.000000e+00 6.087614e-01
    outer loop
      vertex   -5.796651e+01 -1.227273e+01 -3.812500e+01
      vertex   -5.796651e+01 -1.363636e+01 -3.812500e+01
      vertex   -5.792678e+01 -1.227273e+01 -3.807322e+01
    endloop
  endfacet
  facet normal -7.933533e-01 0.000000e+00 6.087614e-01
    outer loop
      vertex   -5.792678e+01 -1.227273e+01 -3.807322e+01
      vertex   -5.796651e+01 -1.363636e+01 -3.812500e+01
      vertex   -5.792678e+01 -1.363636e+01 -3.807322e+01
    endloop
  endfacet
  facet normal -6.087614e-01 0.000000e+00 7.933533e-01
    outer loop
      vertex   -5.792678e+01 -1.227273e+01 -3.807322e+01
      vertex   -5.792678e+01 -1.363636e+01 -3.807322e+01
      vertex   -5.787500e+01 -1.227273e+01 -3.803349e+01
    endloop
  endfacet
  facet normal -6.087614e-01 0.000000e+00 7.933533e-01
    outer loop
      vertex   -5.787500e+01 -1.227273e+01 -3.803349e+01
      vertex   -5.792678e+01 -1.363636e+01 -3.807322e+01
      vertex   -5.787500e+01 -1.363636e+01 -3.803349e+01
    endloop
  endfacet
  facet normal -3.826834e-01 0.000000e+00 9.238795e-01
    outer loop
      vertex   -5.787500e+01 -1.227273e+01 -3.803349e+01
      vertex   -5.787500e+01 -1.363636e+01 -3.803349e+01
      vertex   -5.781470e+01 -1.227273e+01 -3.800852e+01
    endloop
  endfacet
  facet normal -3.826834e-01 0.000000e+00 9.238795e-01
    outer loop
      vertex   -5.781470e+01 -1.227273e+01 -3.800852e+01
      vertex   -5.787500e+01 -1.363636e+01 -3.803349e+01
      vertex   -5.781470e+01 -1.363636e+01 -3.800852e+01
    endloop
  endfacet
  facet normal -1.305262e-01 0.000000e+00 9.914449e-01
    outer loop
      vertex   -5.781470e+01 -1.227273e+01 -3.800852e+01
      vertex   -5.781470e+01 -1.363636e+01 -3.800852e+01
      vertex   -5.775000e+01 -1.500000e+01 -3.800000e+01
    endloop
  endfacet
  facet normal -9.914449e-01 0.000000e+00 1.305262e-01
    outer loop
      vertex   -5.799148e+01 -1.090909e+01 -3.818530e+01
      vertex   -5.799148e+01 -9.545455e+00 -3.818530e+01
      vertex   -5.800000e+01 -1.500000e+01 -3.825000e+01
    endloop
  endfacet
  facet normal -9.914449e-01 0.000000e+00 1.305262e-01
    outer loop
      vertex   -5.800000e+01 -1.500000e+01 -3.825000e+01
      vertex   -5.799148e+01 -9.545455e+00 -3.818530e+01
      vertex   -5.799148e+01 -8.181818e+00 -3.818530e+01
    endloop
  endfacet
  facet normal -9.914449e-01 0.000000e+00 1.305262e-01
    outer loop
      vertex   -5.800000e+01 -1.500000e+01 -3.825000e+01
      vertex   -5.799148e+01 -8.181818e+00 -3.818530e+01
      vertex   -5.799148e+01 -6.818182e+00 -3.818530e+01
    endloop
  endfacet
  facet normal -9.238795e-01 0.000000e+00 3.826834e-01
    outer loop
      vertex   -5.799148e+01 -6.818182e+00 -3.818530e+01
      vertex   -5.799148e+01 -8.181818e+00 -3.818530e+01
      vertex   -5.796651e+01 -6.818182e+00 -3.812500e+01
    endloop
  endfacet
  facet normal -9.238795e-01 0.000000e+00 3.826834e-01
    outer loop
      vertex   -5.799148e+01 -6.818182e+00 -3.818530e+01
      vertex   -5.796651e+01 -6.818182e+00 -3.812500e+01
      vertex   -5.796651e+01 -5.454545e+00 -3.812500e+01
    endloop
  endfacet
  facet normal -7.933533e-01 0.000000e+00 6.087614e-01
    outer loop
      vertex   -5.796651e+01 -5.454545e+00 -3.812500e+01
      vertex   -5.796651e+01 -6.818182e+00 -3.812500e+01
      vertex   -5.792678e+01 -5.454545e+00 -3.807322e+01
    endloop
  endfacet
  facet normal -7.933533e-01 0.000000e+00 6.087614e-01
    outer loop
      vertex   -5.796651e+01 -5.454545e+00 -3.812500e+01
      vertex   -5.792678e+01 -5.454545e+00 -3.807322e+01
      vertex   -5.792678e+01 -4.090909e+00 -3.807322e+01
    endloop
  endfacet
  facet normal -6.087614e-01 0.000000e+00 7.933533e-01
    outer loop
      vertex   -5.792678e+01 -4.090909e+00 -3.807322e+01
      vertex   -5.792678e+01 -5.454545e+00 -3.807322e+01
      vertex   -5.787500e+01 -4.090909e+00 -3.803349e+01
    endloop
  endfacet
  facet normal -9.238795e-01 0.000000e+00 3.826834e-01
    outer loop
      vertex   -5.799148e+01 -1.090909e+01 -3.818530e+01
      vertex   -5.796651e+01 -9.545455e+00 -3.812500e+01
      vertex   -5.799148e+01 -9.545455e+00 -3.818530e+01
    endloop
  endfacet
  facet normal -9.238795e-01 0.000000e+00 3.826834e-01
    outer loop
      vertex   -5.799148e+01 -9.545455e+00 -3.818530e+01
      vertex   -5.796651e+01 -9.545455e+00 -3.812500e+01
      vertex   -5.796651e+01 -8.181818e+00 -3.812500e+01
    endloop
  endfacet
  facet normal -9.238795e-01 0.000000e+00 3.826834e-01
    outer loop
      vertex   -5.799148e+01 -9.545455e+00 -3.818530e+01
      vertex   -5.796651e+01 -8.181818e+00 -3.812500e+01
      vertex   -5.799148e+01 -8.181818e+00 -3.818530e+01
    endloop
  endfacet
  facet normal -9.238795e-01 0.000000e+00 3.826834e-01
    outer loop
      vertex   -5.799148e+01 -8.181818e+00 -3.818530e+01
      vertex   -5.796651e+01 -8.181818e+00 -3.812500e+01
      vertex   -5.796651e+01 -6.818182e+00 -3.812500e+01
    endloop
  endfacet
  facet normal -9.914449e-01 0.000000e+00 1.305262e-01
    outer loop
      vertex   -5.799148e+01 -4.090909e+00 -3.818530e+01
      vertex   -5.800000e+01 -1.500000e+01 -3.825000e+01
      vertex   -5.799148e+01 -5.454545e+00 -3.818530e+01
    endloop
  endfacet
  facet normal -9.914449e-01 0.000000e+00 1.305262e-01
    outer loop
      vertex   -5.799148e+01 -5.454545e+00 -3.818530e+01
      vertex   -5.800000e+01 -1.500000e+01 -3.825000e+01
      vertex   -5.799148e+01 -6.818182e+00 -3.818530e+01
    endloop
  endfacet
  facet normal -9.238795e-01 0.000000e+00 3.826834e-01
    outer loop
      vertex   -5.799148e+01 -5.454545e+00 -3.818530e+01
      vertex   -5.799148e+01 -6.818182e+00 -3.818530e+01
      vertex   -5.796651e+01 -5.454545e+00 -3.812500e+01
    endloop
  endfacet
  facet normal -9.238795e-01 0.000000e+00 3.826834e-01
    outer loop
      vertex   -5.796651e+01 -4.090909e+00 -3.812500e+01
      vertex   -5.799148e+01 -4.090909e+00 -3.818530e+01
      vertex   -5.799148e+01 -5.454545e+00 -3.818530e+01
    endloop
  endfacet
  facet normal -9.238795e-01 1.994028e-15 3.826834e-01
    outer loop
      vertex   -5.796651e+01 -4.090909e+00 -3.812500e+01
      vertex   -5.799148e+01 -5.454545e+00 -3.818530e+01
      vertex   -5.796651e+01 -5.454545e+00 -3.812500e+01
    endloop
  endfacet
  facet normal -9.238795e-01 0.000000e+00 3.826834e-01
    outer loop
      vertex   -5.799148e+01 -1.363636e+00 -3.818530e+01
      vertex   -5.799148e+01 -2.727273e+00 -3.818530e+01
      vertex   -5.796651e+01 -1.363636e+00 -3.812500e+01
    endloop
  endfacet
  facet normal -9.238795e-01 0.000000e+00 3.826834e-01
    outer loop
      vertex   -5.796651e+01 -1.363636e+00 -3.812500e+01
      vertex   -5.799148e+01 -2.727273e+00 -3.818530e+01
      vertex   -5.796651e+01 -2.727273e+00 -3.812500e+01
    endloop
  endfacet
  facet normal -7.933533e-01 0.000000e+00 6.087614e-01
    outer loop
      vertex   -5.796651e+01 -1.363636e+00 -3.812500e+01
      vertex   -5.796651e+01 -2.727273e+00 -3.812500e+01
      vertex   -5.792678e+01 -1.363636e+00 -3.807322e+01
    endloop
  endfacet
  facet normal -7.933533e-01 0.000000e+00 6.087614e-01
    outer loop
      vertex   -5.792678e+01 -1.363636e+00 -3.807322e+01
      vertex   -5.796651e+01 -2.727273e+00 -3.812500e+01
      vertex   -5.792678e+01 -2.727273e+00 -3.807322e+01
    endloop
  endfacet
  facet normal -6.087614e-01 0.000000e+00 7.933533e-01
    outer loop
      vertex   -5.792678e+01 -1.363636e+00 -3.807322e+01
      vertex   -5.792678e+01 -2.727273e+00 -3.807322e+01
      vertex   -5.787500e+01 -1.363636e+00 -3.803349e+01
    endloop
  endfacet
  facet normal -6.087614e-01 0.000000e+00 7.933533e-01
    outer loop
      vertex   -5.787500e+01 -1.363636e+00 -3.803349e+01
      vertex   -5.792678e+01 -2.727273e+00 -3.807322e+01
      vertex   -5.787500e+01 -2.727273e+00 -3.803349e+01
    endloop
  endfacet
  facet normal -3.826834e-01 0.000000e+00 9.238795e-01
    outer loop
      vertex   -5.787500e+01 -1.363636e+00 -3.803349e+01
      vertex   -5.787500e+01 -2.727273e+00 -3.803349e+01
      vertex   -5.781470e+01 -1.363636e+00 -3.800852e+01
    endloop
  endfacet
  facet normal -9.238795e-01 0.000000e+00 3.826834e-01
    outer loop
      vertex   -5.796651e+01 2.727273e+00 -3.812500e+01
      vertex   -5.799148e+01 1.363636e+00 -3.818530e+01
      vertex   -5.796651e+01 1.363636e+00 -3.812500e+01
    endloop
  endfacet
  facet normal -9.238795e-01 0.000000e+00 3.826834e-01
    outer loop
      vertex   -5.796651e+01 1.363636e+00 -3.812500e+01
      vertex   -5.799148e+01 1.363636e+00 -3.818530e+01
      vertex   -5.799148e+01 -2.220446e-15 -3.818530e+01
    endloop
  endfacet
  facet normal -9.914449e-01 0.000000e+00 1.305262e-01
    outer loop
      vertex   -5.799148e+01 2.727273e+00 -3.818530e+01
      vertex   -5.799148e+01 4.090909e+00 -3.818530e+01
      vertex   -5.800000e+01 1.500000e+01 -3.825000e+01
    endloop
  endfacet
  facet normal -9.914449e-01 0.000000e+00 1.305262e-01
    outer loop
      vertex   -5.800000e+01 1.500000e+01 -3.825000e+01
      vertex   -5.799148e+01 4.090909e+00 -3.818530e+01
      vertex   -5.799148e+01 5.454545e+00 -3.818530e+01
    endloop
  endfacet
  facet normal -9.914449e-01 0.000000e+00 1.305262e-01
    outer loop
      vertex   -5.800000e+01 1.500000e+01 -3.825000e+01
      vertex   -5.799148e+01 5.454545e+00 -3.818530e+01
      vertex   -5.799148e+01 6.818182e+00 -3.818530e+01
    endloop
  endfacet
  facet normal -9.238795e-01 0.000000e+00 3.826834e-01
    outer loop
      vertex   -5.799148e+01 6.818182e+00 -3.818530e+01
      vertex   -5.799148e+01 5.454545e+00 -3.818530e+01
      vertex   -5.796651e+01 6.818182e+00 -3.812500e+01
    endloop
  endfacet
  facet normal -9.238795e-01 0.000000e+00 3.826834e-01
    outer loop
      vertex   -5.799148e+01 2.727273e+00 -3.818530e+01
      vertex   -5.796651e+01 4.090909e+00 -3.812500e+01
      vertex   -5.799148e+01 4.090909e+00 -3.818530e+01
    endloop
  endfacet
  facet normal -9.238795e-01 0.000000e+00 3.826834e-01
    outer loop
      vertex   -5.799148e+01 4.090909e+00 -3.818530e+01
      vertex   -5.796651e+01 4.090909e+00 -3.812500e+01
      vertex   -5.796651e+01 5.454545e+00 -3.812500e+01
    endloop
  endfacet
  facet normal -9.238795e-01 0.000000e+00 3.826834e-01
    outer loop
      vertex   -5.799148e+01 4.090909e+00 -3.818530e+01
      vertex   -5.796651e+01 5.454545e+00 -3.812500e+01
      vertex   -5.799148e+01 5.454545e+00 -3.818530e+01
    endloop
  endfacet
  facet normal -9.238795e-01 0.000000e+00 3.826834e-01
    outer loop
      vertex   -5.799148e+01 5.454545e+00 -3.818530e+01
      vertex   -5.796651e+01 5.454545e+00 -3.812500e+01
      vertex   -5.796651e+01 6.818182e+00 -3.812500e+01
    endloop
  endfacet
  facet normal -9.238795e-01 0.000000e+00 3.826834e-01
    outer loop
      vertex   -5.799148e+01 9.545455e+00 -3.818530e+01
      vertex   -5.799148e+01 8.181818e+00 -3.818530e+01
      vertex   -5.796651e+01 9.545455e+00 -3.812500e+01
    endloop
  endfacet
  facet normal -9.238795e-01 0.000000e+00 3.826834e-01
    outer loop
      vertex   -5.796651e+01 9.545455e+00 -3.812500e+01
      vertex   -5.799148e+01 8.181818e+00 -3.818530e+01
      vertex   -5.796651e+01 8.181818e+00 -3.812500e+01
    endloop
  endfacet
  facet normal -7.933533e-01 0.000000e+00 6.087614e-01
    outer loop
      vertex   -5.796651e+01 9.545455e+00 -3.812500e+01
      vertex   -5.796651e+01 8.181818e+00 -3.812500e+01
      vertex   -5.792678e+01 9.545455e+00 -3.807322e+01
    endloop
  endfacet
  facet normal -9.238795e-01 0.000000e+00 3.826834e-01
    outer loop
      vertex   -5.799148e+01 -1.227273e+01 -3.818530e+01
      vertex   -5.796651e+01 -1.227273e+01 -3.812500e+01
      vertex   -5.796651e+01 -1.090909e+01 -3.812500e+01
    endloop
  endfacet
  facet normal -7.933533e-01 0.000000e+00 6.087614e-01
    outer loop
      vertex   -5.796651e+01 -1.090909e+01 -3.812500e+01
      vertex   -5.796651e+01 -1.227273e+01 -3.812500e+01
      vertex   -5.792678e+01 -1.090909e+01 -3.807322e+01
    endloop
  endfacet
  facet normal -7.933533e-01 0.000000e+00 6.087614e-01
    outer loop
      vertex   -5.796651e+01 -1.090909e+01 -3.812500e+01
      vertex   -5.792678e+01 -1.090909e+01 -3.807322e+01
      vertex   -5.792678e+01 -9.545455e+00 -3.807322e+01
    endloop
  endfacet
  facet normal -6.087614e-01 0.000000e+00 7.933533e-01
    outer loop
      vertex   -5.792678e+01 -9.545455e+00 -3.807322e+01
      vertex   -5.792678e+01 -1.090909e+01 -3.807322e+01
      vertex   -5.787500e+01 -9.545455e+00 -3.803349e+01
    endloop
  endfacet
  facet normal -6.087614e-01 0.000000e+00 7.933533e-01
    outer loop
      vertex   -5.792678e+01 -9.545455e+00 -3.807322e+01
      vertex   -5.787500e+01 -9.545455e+00 -3.803349e+01
      vertex   -5.787500e+01 -8.181818e+00 -3.803349e+01
    endloop
  endfacet
  facet normal -3.826834e-01 0.000000e+00 9.238795e-01
    outer loop
      vertex   -5.787500e+01 -8.181818e+00 -3.803349e+01
      vertex   -5.787500e+01 -9.545455e+00 -3.803349e+01
      vertex   -5.781470e+01 -8.181818e+00 -3.800852e+01
    endloop
  endfacet
  facet normal -3.826834e-01 0.000000e+00 9.238795e-01
    outer loop
      vertex   -5.787500e+01 -8.181818e+00 -3.803349e+01
      vertex   -5.781470e+01 -8.181818e+00 -3.800852e+01
      vertex   -5.781470e+01 -6.818182e+00 -3.800852e+01
    endloop
  endfacet
  facet normal -1.305262e-01 0.000000e+00 9.914449e-01
    outer loop
      vertex   -5.781470e+01 -6.818182e+00 -3.800852e+01
      vertex   -5.781470e+01 -8.181818e+00 -3.800852e+01
      vertex   -5.775000e+01 -1.500000e+01 -3.800000e+01
    endloop
  endfacet
  facet normal -7.933533e-01 0.000000e+00 6.087614e-01
    outer loop
      vertex   -5.792678e+01 -1.090909e+01 -3.807322e+01
      vertex   -5.796651e+01 -1.227273e+01 -3.812500e+01
      vertex   -5.792678e+01 -1.227273e+01 -3.807322e+01
    endloop
  endfacet
  facet normal -7.933533e-01 0.000000e+00 6.087614e-01
    outer loop
      vertex   -5.796651e+01 -9.545455e+00 -3.812500e+01
      vertex   -5.792678e+01 -8.181818e+00 -3.807322e+01
      vertex   -5.796651e+01 -8.181818e+00 -3.812500e+01
    endloop
  endfacet
  facet normal -7.933533e-01 0.000000e+00 6.087614e-01
    outer loop
      vertex   -5.796651e+01 -8.181818e+00 -3.812500e+01
      vertex   -5.792678e+01 -8.181818e+00 -3.807322e+01
      vertex   -5.792678e+01 -6.818182e+00 -3.807322e+01
    endloop
  endfacet
  facet normal -7.933533e-01 0.000000e+00 6.087614e-01
    outer loop
      vertex   -5.796651e+01 -8.181818e+00 -3.812500e+01
      vertex   -5.792678e+01 -6.818182e+00 -3.807322e+01
      vertex   -5.796651e+01 -6.818182e+00 -3.812500e+01
    endloop
  endfacet
  facet normal -7.933533e-01 0.000000e+00 6.087614e-01
    outer loop
      vertex   -5.796651e+01 -6.818182e+00 -3.812500e+01
      vertex   -5.792678e+01 -6.818182e+00 -3.807322e+01
      vertex   -5.792678e+01 -5.454545e+00 -3.807322e+01
    endloop
  endfacet
  facet normal -7.933533e-01 3.167505e-15 6.087614e-01
    outer loop
      vertex   -5.792678e+01 -4.090909e+00 -3.807322e+01
      vertex   -5.796651e+01 -4.090909e+00 -3.812500e+01
      vertex   -5.796651e+01 -5.454545e+00 -3.812500e+01
    endloop
  endfacet
  facet normal -9.238795e-01 0.000000e+00 3.826834e-01
    outer loop
      vertex   -5.799148e+01 -1.363636e+00 -3.818530e+01
      vertex   -5.796651e+01 -1.363636e+00 -3.812500e+01
      vertex   -5.796651e+01 -2.220446e-15 -3.812500e+01
    endloop
  endfacet
  facet normal -7.933533e-01 0.000000e+00 6.087614e-01
    outer loop
      vertex   -5.796651e+01 -2.220446e-15 -3.812500e+01
      vertex   -5.796651e+01 -1.363636e+00 -3.812500e+01
      vertex   -5.792678e+01 -2.220446e-15 -3.807322e+01
    endloop
  endfacet
  facet normal -7.933533e-01 3.167505e-15 6.087614e-01
    outer loop
      vertex   -5.796651e+01 -2.220446e-15 -3.812500e+01
      vertex   -5.792678e+01 -2.220446e-15 -3.807322e+01
      vertex   -5.792678e+01 1.363636e+00 -3.807322e+01
    endloop
  endfacet
  facet normal -6.087614e-01 4.133884e-15 7.933533e-01
    outer loop
      vertex   -5.792678e+01 1.363636e+00 -3.807322e+01
      vertex   -5.792678e+01 -2.220446e-15 -3.807322e+01
      vertex   -5.787500e+01 1.363636e+00 -3.803349e+01
    endloop
  endfacet
  facet normal -6.087614e-01 0.000000e+00 7.933533e-01
    outer loop
      vertex   -5.792678e+01 1.363636e+00 -3.807322e+01
      vertex   -5.787500e+01 1.363636e+00 -3.803349e+01
      vertex   -5.787500e+01 2.727273e+00 -3.803349e+01
    endloop
  endfacet
  facet normal -3.826834e-01 0.000000e+00 9.238795e-01
    outer loop
      vertex   -5.787500e+01 2.727273e+00 -3.803349e+01
      vertex   -5.787500e+01 1.363636e+00 -3.803349e+01
      vertex   -5.781470e+01 2.727273e+00 -3.800852e+01
    endloop
  endfacet
  facet normal -3.826834e-01 0.000000e+00 9.238795e-01
    outer loop
      vertex   -5.787500e+01 2.727273e+00 -3.803349e+01
      vertex   -5.781470e+01 2.727273e+00 -3.800852e+01
      vertex   -5.781470e+01 4.090909e+00 -3.800852e+01
    endloop
  endfacet
  facet normal -1.305262e-01 0.000000e+00 9.914449e-01
    outer loop
      vertex   -5.781470e+01 4.090909e+00 -3.800852e+01
      vertex   -5.781470e+01 2.727273e+00 -3.800852e+01
      vertex   -5.775000e+01 1.500000e+01 -3.800000e+01
    endloop
  endfacet
  facet normal -7.933533e-01 0.000000e+00 6.087614e-01
    outer loop
      vertex   -5.792678e+01 -2.220446e-15 -3.807322e+01
      vertex   -5.796651e+01 -1.363636e+00 -3.812500e+01
      vertex   -5.792678e+01 -1.363636e+00 -3.807322e+01
    endloop
  endfacet
  facet normal -7.933533e-01 0.000000e+00 6.087614e-01
    outer loop
      vertex   -5.792678e+01 4.090909e+00 -3.807322e+01
      vertex   -5.796651e+01 2.727273e+00 -3.812500e+01
      vertex   -5.792678e+01 2.727273e+00 -3.807322e+01
    endloop
  endfacet
  facet normal -7.933533e-01 0.000000e+00 6.087614e-01
    outer loop
      vertex   -5.792678e+01 2.727273e+00 -3.807322e+01
      vertex   -5.796651e+01 2.727273e+00 -3.812500e+01
      vertex   -5.796651e+01 1.363636e+00 -3.812500e+01
    endloop
  endfacet
  facet normal -7.933533e-01 0.000000e+00 6.087614e-01
    outer loop
      vertex   -5.792678e+01 6.818182e+00 -3.807322e+01
      vertex   -5.796651e+01 6.818182e+00 -3.812500e+01
      vertex   -5.796651e+01 5.454545e+00 -3.812500e+01
    endloop
  endfacet
  facet normal -7.933533e-01 -4.133884e-15 6.087614e-01
    outer loop
      vertex   -5.792678e+01 6.818182e+00 -3.807322e+01
      vertex   -5.796651e+01 5.454545e+00 -3.812500e+01
      vertex   -5.792678e+01 5.454545e+00 -3.807322e+01
    endloop
  endfacet
  facet normal -7.933533e-01 0.000000e+00 6.087614e-01
    outer loop
      vertex   -5.792678e+01 5.454545e+00 -3.807322e+01
      vertex   -5.796651e+01 5.454545e+00 -3.812500e+01
      vertex   -5.796651e+01 4.090909e+00 -3.812500e+01
    endloop
  endfacet
  facet normal -9.238795e-01 0.000000e+00 3.826834e-01
    outer loop
      vertex   -5.799148e+01 9.545455e+00 -3.818530e+01
      vertex   -5.796651e+01 9.545455e+00 -3.812500e+01
      vertex   -5.796651e+01 1.090909e+01 -3.812500e+01
    endloop
  endfacet
  facet normal -7.933533e-01 0.000000e+00 6.087614e-01
    outer loop
      vertex   -5.796651e+01 1.090909e+01 -3.812500e+01
      vertex   -5.796651e+01 9.545455e+00 -3.812500e+01
      vertex   -5.792678e+01 1.090909e+01 -3.807322e+01
    endloop
  endfacet
  facet normal -7.933533e-01 0.000000e+00 6.087614e-01
    outer loop
      vertex   -5.796651e+01 1.090909e+01 -3.812500e+01
      vertex   -5.792678e+01 1.090909e+01 -3.807322e+01
      vertex   -5.792678e+01 1.227273e+01 -3.807322e+01
    endloop
  endfacet
  facet normal -6.087614e-01 0.000000e+00 7.933533e-01
    outer loop
      vertex   -5.792678e+01 1.227273e+01 -3.807322e+01
      vertex   -5.792678e+01 1.090909e+01 -3.807322e+01
      vertex   -5.787500e+01 1.227273e+01 -3.803349e+01
    endloop
  endfacet
  facet normal -6.087614e-01 0.000000e+00 7.933533e-01
    outer loop
      vertex   -5.792678e+01 1.227273e+01 -3.807322e+01
      vertex   -5.787500e+01 1.227273e+01 -3.803349e+01
      vertex   -5.787500e+01 1.363636e+01 -3.803349e+01
    endloop
  endfacet
  facet normal -3.826834e-01 0.000000e+00 9.238795e-01
    outer loop
      vertex   -5.787500e+01 1.363636e+01 -3.803349e+01
      vertex   -5.787500e+01 1.227273e+01 -3.803349e+01
      vertex   -5.781470e+01 1.363636e+01 -3.800852e+01
    endloop
  endfacet
  facet normal -7.933533e-01 0.000000e+00 6.087614e-01
    outer loop
      vertex   -5.792678e+01 1.090909e+01 -3.807322e+01
      vertex   -5.796651e+01 9.545455e+00 -3.812500e+01
      vertex   -5.792678e+01 9.545455e+00 -3.807322e+01
    endloop
  endfacet
  facet normal -6.087614e-01 0.000000e+00 7.933533e-01
    outer loop
      vertex   -5.792678e+01 -1.090909e+01 -3.807322e+01
      vertex   -5.792678e+01 -1.227273e+01 -3.807322e+01
      vertex   -5.787500e+01 -1.090909e+01 -3.803349e+01
    endloop
  endfacet
  facet normal -6.087614e-01 0.000000e+00 7.933533e-01
    outer loop
      vertex   -5.787500e+01 -1.090909e+01 -3.803349e+01
      vertex   -5.792678e+01 -1.227273e+01 -3.807322e+01
      vertex   -5.787500e+01 -1.227273e+01 -3.803349e+01
    endloop
  endfacet
  facet normal -3.826834e-01 0.000000e+00 9.238795e-01
    outer loop
      vertex   -5.787500e+01 -1.090909e+01 -3.803349e+01
      vertex   -5.787500e+01 -1.227273e+01 -3.803349e+01
      vertex   -5.781470e+01 -1.090909e+01 -3.800852e+01
    endloop
  endfacet
  facet normal -3.826834e-01 0.000000e+00 9.238795e-01
    outer loop
      vertex   -5.781470e+01 -1.090909e+01 -3.800852e+01
      vertex   -5.787500e+01 -1.227273e+01 -3.803349e+01
      vertex   -5.781470e+01 -1.227273e+01 -3.800852e+01
    endloop
  endfacet
  facet normal -1.305262e-01 0.000000e+00 9.914449e-01
    outer loop
      vertex   -5.781470e+01 -1.090909e+01 -3.800852e+01
      vertex   -5.781470e+01 -1.227273e+01 -3.800852e+01
      vertex   -5.775000e+01 -1.500000e+01 -3.800000e+01
    endloop
  endfacet
  facet normal -6.087614e-01 0.000000e+00 7.933533e-01
    outer loop
      vertex   -5.792678e+01 -8.181818e+00 -3.807322e+01
      vertex   -5.787500e+01 -6.818182e+00 -3.803349e+01
      vertex   -5.792678e+01 -6.818182e+00 -3.807322e+01
    endloop
  endfacet
  facet normal -6.087614e-01 0.000000e+00 7.933533e-01
    outer loop
      vertex   -5.792678e+01 -6.818182e+00 -3.807322e+01
      vertex   -5.787500e+01 -6.818182e+00 -3.803349e+01
      vertex   -5.787500e+01 -5.454545e+00 -3.803349e+01
    endloop
  endfacet
  facet normal -6.087614e-01 0.000000e+00 7.933533e-01
    outer loop
      vertex   -5.792678e+01 -6.818182e+00 -3.807322e+01
      vertex   -5.787500e+01 -5.454545e+00 -3.803349e+01
      vertex   -5.792678e+01 -5.454545e+00 -3.807322e+01
    endloop
  endfacet
  facet normal -6.087614e-01 0.000000e+00 7.933533e-01
    outer loop
      vertex   -5.792678e+01 -5.454545e+00 -3.807322e+01
      vertex   -5.787500e+01 -5.454545e+00 -3.803349e+01
      vertex   -5.787500e+01 -4.090909e+00 -3.803349e+01
    endloop
  endfacet
  facet normal -6.087614e-01 0.000000e+00 7.933533e-01
    outer loop
      vertex   -5.792678e+01 -2.220446e-15 -3.807322e+01
      vertex   -5.792678e+01 -1.363636e+00 -3.807322e+01
      vertex   -5.787500e+01 -2.220446e-15 -3.803349e+01
    endloop
  endfacet
  facet normal -6.087614e-01 0.000000e+00 7.933533e-01
    outer loop
      vertex   -5.787500e+01 -2.220446e-15 -3.803349e+01
      vertex   -5.792678e+01 -1.363636e+00 -3.807322e+01
      vertex   -5.787500e+01 -1.363636e+00 -3.803349e+01
    endloop
  endfacet
  facet normal -3.826834e-01 0.000000e+00 9.238795e-01
    outer loop
      vertex   -5.787500e+01 -2.220446e-15 -3.803349e+01
      vertex   -5.787500e+01 -1.363636e+00 -3.803349e+01
      vertex   -5.781470e+01 -2.220446e-15 -3.800852e+01
    endloop
  endfacet
  facet normal -3.826834e-01 0.000000e+00 9.238795e-01
    outer loop
      vertex   -5.781470e+01 -2.220446e-15 -3.800852e+01
      vertex   -5.787500e+01 -1.363636e+00 -3.803349e+01
      vertex   -5.781470e+01 -1.363636e+00 -3.800852e+01
    endloop
  endfacet
  facet normal -6.087614e-01 0.000000e+00 7.933533e-01
    outer loop
      vertex   -5.787500e+01 5.454545e+00 -3.803349e+01
      vertex   -5.792678e+01 4.090909e+00 -3.807322e+01
      vertex   -5.787500e+01 4.090909e+00 -3.803349e+01
    endloop
  endfacet
  facet normal -6.087614e-01 0.000000e+00 7.933533e-01
    outer loop
      vertex   -5.787500e+01 4.090909e+00 -3.803349e+01
      vertex   -5.792678e+01 4.090909e+00 -3.807322e+01
      vertex   -5.792678e+01 2.727273e+00 -3.807322e+01
    endloop
  endfacet
  facet normal -6.087614e-01 -3.172379e-15 7.933533e-01
    outer loop
      vertex   -5.787500e+01 6.818182e+00 -3.803349e+01
      vertex   -5.792678e+01 6.818182e+00 -3.807322e+01
      vertex   -5.792678e+01 5.454545e+00 -3.807322e+01
    endloop
  endfacet
  facet normal -6.087614e-01 0.000000e+00 7.933533e-01
    outer loop
      vertex   -5.787500e+01 9.545455e+00 -3.803349e+01
      vertex   -5.792678e+01 8.181818e+00 -3.807322e+01
      vertex   -5.787500e+01 8.181818e+00 -3.803349e+01
    endloop
  endfacet
  facet normal -6.087614e-01 0.000000e+00 7.933533e-01
    outer loop
      vertex   -5.787500e+01 1.227273e+01 -3.803349e+01
      vertex   -5.792678e+01 1.090909e+01 -3.807322e+01
      vertex   -5.787500e+01 1.090909e+01 -3.803349e+01
    endloop
  endfacet
  facet normal -6.087614e-01 0.000000e+00 7.933533e-01
    outer loop
      vertex   -5.787500e+01 1.090909e+01 -3.803349e+01
      vertex   -5.792678e+01 1.090909e+01 -3.807322e+01
      vertex   -5.792678e+01 9.545455e+00 -3.807322e+01
    endloop
  endfacet
  facet normal -6.087614e-01 0.000000e+00 7.933533e-01
    outer loop
      vertex   -5.792678e+01 -1.090909e+01 -3.807322e+01
      vertex   -5.787500e+01 -1.090909e+01 -3.803349e+01
      vertex   -5.787500e+01 -9.545455e+00 -3.803349e+01
    endloop
  endfacet
  facet normal -3.826834e-01 0.000000e+00 9.238795e-01
    outer loop
      vertex   -5.787500e+01 -9.545455e+00 -3.803349e+01
      vertex   -5.787500e+01 -1.090909e+01 -3.803349e+01
      vertex   -5.781470e+01 -9.545455e+00 -3.800852e+01
    endloop
  endfacet
  facet normal -3.826834e-01 0.000000e+00 9.238795e-01
    outer loop
      vertex   -5.787500e+01 -9.545455e+00 -3.803349e+01
      vertex   -5.781470e+01 -9.545455e+00 -3.800852e+01
      vertex   -5.781470e+01 -8.181818e+00 -3.800852e+01
    endloop
  endfacet
  facet normal -1.305262e-01 0.000000e+00 9.914449e-01
    outer loop
      vertex   -5.781470e+01 -8.181818e+00 -3.800852e+01
      vertex   -5.781470e+01 -9.545455e+00 -3.800852e+01
      vertex   -5.775000e+01 -1.500000e+01 -3.800000e+01
    endloop
  endfacet
  facet normal -3.826834e-01 0.000000e+00 9.238795e-01
    outer loop
      vertex   -5.781470e+01 -9.545455e+00 -3.800852e+01
      vertex   -5.787500e+01 -1.090909e+01 -3.803349e+01
      vertex   -5.781470e+01 -1.090909e+01 -3.800852e+01
    endloop
  endfacet
  facet normal -3.826834e-01 0.000000e+00 9.238795e-01
    outer loop
      vertex   -5.781470e+01 -4.090909e+00 -3.800852e+01
      vertex   -5.787500e+01 -4.090909e+00 -3.803349e+01
      vertex   -5.787500e+01 -5.454545e+00 -3.803349e+01
    endloop
  endfacet
  facet normal -3.826834e-01 0.000000e+00 9.238795e-01
    outer loop
      vertex   -5.781470e+01 -4.090909e+00 -3.800852e+01
      vertex   -5.787500e+01 -5.454545e+00 -3.803349e+01
      vertex   -5.781470e+01 -5.454545e+00 -3.800852e+01
    endloop
  endfacet
  facet normal -3.826834e-01 0.000000e+00 9.238795e-01
    outer loop
      vertex   -5.781470e+01 -5.454545e+00 -3.800852e+01
      vertex   -5.787500e+01 -5.454545e+00 -3.803349e+01
      vertex   -5.787500e+01 -6.818182e+00 -3.803349e+01
    endloop
  endfacet
  facet normal -6.087614e-01 0.000000e+00 7.933533e-01
    outer loop
      vertex   -5.792678e+01 -2.220446e-15 -3.807322e+01
      vertex   -5.787500e+01 -2.220446e-15 -3.803349e+01
      vertex   -5.787500e+01 1.363636e+00 -3.803349e+01
    endloop
  endfacet
  facet normal -3.826834e-01 0.000000e+00 9.238795e-01
    outer loop
      vertex   -5.787500e+01 1.363636e+00 -3.803349e+01
      vertex   -5.787500e+01 -2.220446e-15 -3.803349e+01
      vertex   -5.781470e+01 1.363636e+00 -3.800852e+01
    endloop
  endfacet
  facet normal -3.826834e-01 0.000000e+00 9.238795e-01
    outer loop
      vertex   -5.787500e+01 1.363636e+00 -3.803349e+01
      vertex   -5.781470e+01 1.363636e+00 -3.800852e+01
      vertex   -5.781470e+01 2.727273e+00 -3.800852e+01
    endloop
  endfacet
  facet normal -1.305262e-01 0.000000e+00 9.914449e-01
    outer loop
      vertex   -5.781470e+01 2.727273e+00 -3.800852e+01
      vertex   -5.781470e+01 1.363636e+00 -3.800852e+01
      vertex   -5.775000e+01 1.500000e+01 -3.800000e+01
    endloop
  endfacet
  facet normal -3.826834e-01 0.000000e+00 9.238795e-01
    outer loop
      vertex   -5.781470e+01 1.363636e+00 -3.800852e+01
      vertex   -5.787500e+01 -2.220446e-15 -3.803349e+01
      vertex   -5.781470e+01 -2.220446e-15 -3.800852e+01
    endloop
  endfacet
  facet normal -3.826834e-01 0.000000e+00 9.238795e-01
    outer loop
      vertex   -5.781470e+01 6.818182e+00 -3.800852e+01
      vertex   -5.787500e+01 5.454545e+00 -3.803349e+01
      vertex   -5.781470e+01 5.454545e+00 -3.800852e+01
    endloop
  endfacet
  facet normal -3.826834e-01 0.000000e+00 9.238795e-01
    outer loop
      vertex   -5.781470e+01 5.454545e+00 -3.800852e+01
      vertex   -5.787500e+01 5.454545e+00 -3.803349e+01
      vertex   -5.787500e+01 4.090909e+00 -3.803349e+01
    endloop
  endfacet
  facet normal -3.826834e-01 0.000000e+00 9.238795e-01
    outer loop
      vertex   -5.787500e+01 9.545455e+00 -3.803349e+01
      vertex   -5.787500e+01 8.181818e+00 -3.803349e+01
      vertex   -5.781470e+01 9.545455e+00 -3.800852e+01
    endloop
  endfacet
  facet normal -3.826834e-01 0.000000e+00 9.238795e-01
    outer loop
      vertex   -5.781470e+01 9.545455e+00 -3.800852e+01
      vertex   -5.787500e+01 8.181818e+00 -3.803349e+01
      vertex   -5.781470e+01 8.181818e+00 -3.800852e+01
    endloop
  endfacet
  facet normal -1.305262e-01 0.000000e+00 9.914449e-01
    outer loop
      vertex   -5.781470e+01 9.545455e+00 -3.800852e+01
      vertex   -5.781470e+01 8.181818e+00 -3.800852e+01
      vertex   -5.775000e+01 1.500000e+01 -3.800000e+01
    endloop
  endfacet
  facet normal -3.826834e-01 0.000000e+00 9.238795e-01
    outer loop
      vertex   -5.781470e+01 1.363636e+01 -3.800852e+01
      vertex   -5.787500e+01 1.227273e+01 -3.803349e+01
      vertex   -5.781470e+01 1.227273e+01 -3.800852e+01
    endloop
  endfacet
  facet normal -3.826834e-01 0.000000e+00 9.238795e-01
    outer loop
      vertex   -5.781470e+01 1.227273e+01 -3.800852e+01
      vertex   -5.787500e+01 1.227273e+01 -3.803349e+01
      vertex   -5.787500e+01 1.090909e+01 -3.803349e+01
    endloop
  endfacet
  facet normal -1.305262e-01 0.000000e+00 9.914449e-01
    outer loop
      vertex   -5.775000e+01 -1.500000e+01 -3.800000e+01
      vertex   -5.781470e+01 -9.545455e+00 -3.800852e+01
      vertex   -5.781470e+01 -1.090909e+01 -3.800852e+01
    endloop
  endfacet
  facet normal -1.305262e-01 0.000000e+00 9.914449e-01
    outer loop
      vertex   -5.775000e+01 1.500000e+01 -3.800000e+01
      vertex   -5.781470e+01 1.363636e+00 -3.800852e+01
      vertex   -5.781470e+01 -2.220446e-15 -3.800852e+01
    endloop
  endfacet
  facet normal -1.305262e-01 0.000000e+00 9.914449e-01
    outer loop
      vertex   -5.775000e+01 1.500000e+01 -3.800000e+01
      vertex   -5.781470e+01 1.090909e+01 -3.800852e+01
      vertex   -5.781470e+01 9.545455e+00 -3.800852e+01
    endloop
  endfacet
  facet normal -3.826834e-01 0.000000e+00 9.238795e-01
    outer loop
      vertex   -5.781470e+01 9.545455e+00 -3.800852e+01
      vertex   -5.781470e+01 1.090909e+01 -3.800852e+01
      vertex   -5.787500e+01 9.545455e+00 -3.803349e+01
    endloop
  endfacet
  facet normal -1.110185e-01 -9.853161e-01 1.297193e-01
    outer loop
      vertex   -5.500000e+01 -1.800000e+01 -3.825000e+01
      vertex   -5.500000e+01 -1.799148e+01 -3.818530e+01
      vertex   -5.566756e+01 -1.792478e+01 -3.825000e+01
    endloop
  endfacet
  facet normal -1.110185e-01 -9.853161e-01 1.297193e-01
    outer loop
      vertex   -5.566756e+01 -1.792478e+01 -3.825000e+01
      vertex   -5.500000e+01 -1.799148e+01 -3.818530e+01
      vertex   -5.566567e+01 -1.791648e+01 -3.818530e+01
    endloop
  endfacet
  facet normal -3.274885e-01 -9.359082e-01 1.297193e-01
    outer loop
      vertex   -5.566756e+01 -1.792478e+01 -3.825000e+01
      vertex   -5.566567e+01 -1.791648e+01 -3.818530e+01
      vertex   -5.630165e+01 -1.770291e+01 -3.825000e+01
    endloop
  endfacet
  facet normal -3.274885e-01 -9.359082e-01 1.297193e-01
    outer loop
      vertex   -5.630165e+01 -1.770291e+01 -3.825000e+01
      vertex   -5.566567e+01 -1.791648e+01 -3.818530e+01
      vertex   -5.629796e+01 -1.769523e+01 -3.818530e+01
    endloop
  endfacet
  facet normal -5.275368e-01 -8.395700e-01 1.297193e-01
    outer loop
      vertex   -5.630165e+01 -1.770291e+01 -3.825000e+01
      vertex   -5.629796e+01 -1.769523e+01 -3.818530e+01
      vertex   -5.687047e+01 -1.734549e+01 -3.825000e+01
    endloop
  endfacet
  facet normal -5.275368e-01 -8.395700e-01 1.297193e-01
    outer loop
      vertex   -5.687047e+01 -1.734549e+01 -3.825000e+01
      vertex   -5.629796e+01 -1.769523e+01 -3.818530e+01
      vertex   -5.686516e+01 -1.733883e+01 -3.818530e+01
    endloop
  endfacet
  facet normal -7.011323e-01 -7.011323e-01 1.297193e-01
    outer loop
      vertex   -5.687047e+01 -1.734549e+01 -3.825000e+01
      vertex   -5.686516e+01 -1.733883e+01 -3.818530e+01
      vertex   -5.734549e+01 -1.687047e+01 -3.825000e+01
    endloop
  endfacet
  facet normal -7.011323e-01 -7.011323e-01 1.297193e-01
    outer loop
      vertex   -5.734549e+01 -1.687047e+01 -3.825000e+01
      vertex   -5.686516e+01 -1.733883e+01 -3.818530e+01
      vertex   -5.733883e+01 -1.686516e+01 -3.818530e+01
    endloop
  endfacet
  facet normal -8.395700e-01 -5.275368e-01 1.297193e-01
    outer loop
      vertex   -5.734549e+01 -1.687047e+01 -3.825000e+01
      vertex   -5.733883e+01 -1.686516e+01 -3.818530e+01
      vertex   -5.770291e+01 -1.630165e+01 -3.825000e+01
    endloop
  endfacet
  facet normal -8.395700e-01 -5.275368e-01 1.297193e-01
    outer loop
      vertex   -5.770291e+01 -1.630165e+01 -3.825000e+01
      vertex   -5.733883e+01 -1.686516e+01 -3.818530e+01
      vertex   -5.769523e+01 -1.629796e+01 -3.818530e+01
    endloop
  endfacet
  facet normal -9.359082e-01 -3.274885e-01 1.297193e-01
    outer loop
      vertex   -5.770291e+01 -1.630165e+01 -3.825000e+01
      vertex   -5.769523e+01 -1.629796e+01 -3.818530e+01
      vertex   -5.792478e+01 -1.566756e+01 -3.825000e+01
    endloop
  endfacet
  facet normal -9.359082e-01 -3.274885e-01 1.297193e-01
    outer loop
      vertex   -5.792478e+01 -1.566756e+01 -3.825000e+01
      vertex   -5.769523e+01 -1.629796e+01 -3.818530e+01
      vertex   -5.791648e+01 -1.566567e+01 -3.818530e+01
    endloop
  endfacet
  facet normal -9.853161e-01 -1.110185e-01 1.297193e-01
    outer loop
      vertex   -5.792478e+01 -1.566756e+01 -3.825000e+01
      vertex   -5.791648e+01 -1.566567e+01 -3.818530e+01
      vertex   -5.800000e+01 -1.500000e+01 -3.825000e+01
    endloop
  endfacet
  facet normal -9.853161e-01 -1.110185e-01 1.297193e-01
    outer loop
      vertex   -5.800000e+01 -1.500000e+01 -3.825000e+01
      vertex   -5.791648e+01 -1.566567e+01 -3.818530e+01
      vertex   -5.799148e+01 -1.500000e+01 -3.818530e+01
    endloop
  endfacet
  facet normal -9.189143e-01 -1.035368e-01 3.806267e-01
    outer loop
      vertex   -5.799148e+01 -1.500000e+01 -3.818530e+01
      vertex   -5.791648e+01 -1.566567e+01 -3.818530e+01
      vertex   -5.789213e+01 -1.566011e+01 -3.812500e+01
    endloop
  endfacet
  facet normal -9.189143e-01 -1.035368e-01 3.806267e-01
    outer loop
      vertex   -5.799148e+01 -1.500000e+01 -3.818530e+01
      vertex   -5.789213e+01 -1.566011e+01 -3.812500e+01
      vertex   -5.796651e+01 -1.500000e+01 -3.812500e+01
    endloop
  endfacet
  facet normal -7.902026e-01 -8.903445e-02 6.063438e-01
    outer loop
      vertex   -5.796651e+01 -1.500000e+01 -3.812500e+01
      vertex   -5.789213e+01 -1.566011e+01 -3.812500e+01
      vertex   -5.785340e+01 -1.565127e+01 -3.807322e+01
    endloop
  endfacet
  facet normal -7.902026e-01 -8.903445e-02 6.063438e-01
    outer loop
      vertex   -5.796651e+01 -1.500000e+01 -3.812500e+01
      vertex   -5.785340e+01 -1.565127e+01 -3.807322e+01
      vertex   -5.792678e+01 -1.500000e+01 -3.807322e+01
    endloop
  endfacet
  facet normal -6.073344e-01 -6.843016e-02 7.914936e-01
    outer loop
      vertex   -5.792678e+01 -1.500000e+01 -3.807322e+01
      vertex   -5.785340e+01 -1.565127e+01 -3.807322e+01
      vertex   -5.780292e+01 -1.563975e+01 -3.803349e+01
    endloop
  endfacet
  facet normal -6.073344e-01 -6.843016e-02 7.914936e-01
    outer loop
      vertex   -5.792678e+01 -1.500000e+01 -3.807322e+01
      vertex   -5.780292e+01 -1.563975e+01 -3.803349e+01
      vertex   -5.787500e+01 -1.500000e+01 -3.803349e+01
    endloop
  endfacet
  facet normal -3.823282e-01 -4.307804e-02 9.230219e-01
    outer loop
      vertex   -5.787500e+01 -1.500000e+01 -3.803349e+01
      vertex   -5.780292e+01 -1.563975e+01 -3.803349e+01
      vertex   -5.774413e+01 -1.562633e+01 -3.800852e+01
    endloop
  endfacet
  facet normal -3.823282e-01 -4.307804e-02 9.230219e-01
    outer loop
      vertex   -5.787500e+01 -1.500000e+01 -3.803349e+01
      vertex   -5.774413e+01 -1.562633e+01 -3.800852e+01
      vertex   -5.781470e+01 -1.500000e+01 -3.800852e+01
    endloop
  endfacet
  facet normal -1.305121e-01 -1.470518e-02 9.913377e-01
    outer loop
      vertex   -5.781470e+01 -1.500000e+01 -3.800852e+01
      vertex   -5.774413e+01 -1.562633e+01 -3.800852e+01
      vertex   -5.768105e+01 -1.561193e+01 -3.800000e+01
    endloop
  endfacet
  facet normal -1.305121e-01 -1.470518e-02 9.913377e-01
    outer loop
      vertex   -5.781470e+01 -1.500000e+01 -3.800852e+01
      vertex   -5.768105e+01 -1.561193e+01 -3.800000e+01
      vertex   -5.775000e+01 -1.500000e+01 -3.800000e+01
    endloop
  endfacet
  facet normal -1.035368e-01 -9.189143e-01 3.806267e-01
    outer loop
      vertex   -5.500000e+01 -1.799148e+01 -3.818530e+01
      vertex   -5.500000e+01 -1.796651e+01 -3.812500e+01
      vertex   -5.566567e+01 -1.791648e+01 -3.818530e+01
    endloop
  endfacet
  facet normal -1.035368e-01 -9.189143e-01 3.806267e-01
    outer loop
      vertex   -5.566567e+01 -1.791648e+01 -3.818530e+01
      vertex   -5.500000e+01 -1.796651e+01 -3.812500e+01
      vertex   -5.566011e+01 -1.789213e+01 -3.812500e+01
    endloop
  endfacet
  facet normal -3.054185e-01 -8.728361e-01 3.806267e-01
    outer loop
      vertex   -5.566567e+01 -1.791648e+01 -3.818530e+01
      vertex   -5.566011e+01 -1.789213e+01 -3.812500e+01
      vertex   -5.629796e+01 -1.769523e+01 -3.818530e+01
    endloop
  endfacet
  facet normal -3.054185e-01 -8.728361e-01 3.806267e-01
    outer loop
      vertex   -5.629796e+01 -1.769523e+01 -3.818530e+01
      vertex   -5.566011e+01 -1.789213e+01 -3.812500e+01
      vertex   -5.628712e+01 -1.767273e+01 -3.812500e+01
    endloop
  endfacet
  facet normal -4.919854e-01 -7.829902e-01 3.806267e-01
    outer loop
      vertex   -5.629796e+01 -1.769523e+01 -3.818530e+01
      vertex   -5.628712e+01 -1.767273e+01 -3.812500e+01
      vertex   -5.686516e+01 -1.733883e+01 -3.818530e+01
    endloop
  endfacet
  facet normal -4.919854e-01 -7.829902e-01 3.806267e-01
    outer loop
      vertex   -5.686516e+01 -1.733883e+01 -3.818530e+01
      vertex   -5.628712e+01 -1.767273e+01 -3.812500e+01
      vertex   -5.684959e+01 -1.731931e+01 -3.812500e+01
    endloop
  endfacet
  facet normal -6.538820e-01 -6.538820e-01 3.806267e-01
    outer loop
      vertex   -5.686516e+01 -1.733883e+01 -3.818530e+01
      vertex   -5.684959e+01 -1.731931e+01 -3.812500e+01
      vertex   -5.733883e+01 -1.686516e+01 -3.818530e+01
    endloop
  endfacet
  facet normal -6.538820e-01 -6.538820e-01 3.806267e-01
    outer loop
      vertex   -5.733883e+01 -1.686516e+01 -3.818530e+01
      vertex   -5.684959e+01 -1.731931e+01 -3.812500e+01
      vertex   -5.731931e+01 -1.684959e+01 -3.812500e+01
    endloop
  endfacet
  facet normal -7.829902e-01 -4.919854e-01 3.806267e-01
    outer loop
      vertex   -5.733883e+01 -1.686516e+01 -3.818530e+01
      vertex   -5.731931e+01 -1.684959e+01 -3.812500e+01
      vertex   -5.769523e+01 -1.629796e+01 -3.818530e+01
    endloop
  endfacet
  facet normal -7.829902e-01 -4.919854e-01 3.806267e-01
    outer loop
      vertex   -5.769523e+01 -1.629796e+01 -3.818530e+01
      vertex   -5.731931e+01 -1.684959e+01 -3.812500e+01
      vertex   -5.767273e+01 -1.628712e+01 -3.812500e+01
    endloop
  endfacet
  facet normal -8.728361e-01 -3.054185e-01 3.806267e-01
    outer loop
      vertex   -5.769523e+01 -1.629796e+01 -3.818530e+01
      vertex   -5.767273e+01 -1.628712e+01 -3.812500e+01
      vertex   -5.791648e+01 -1.566567e+01 -3.818530e+01
    endloop
  endfacet
  facet normal -8.728361e-01 -3.054185e-01 3.806267e-01
    outer loop
      vertex   -5.791648e+01 -1.566567e+01 -3.818530e+01
      vertex   -5.767273e+01 -1.628712e+01 -3.812500e+01
      vertex   -5.789213e+01 -1.566011e+01 -3.812500e+01
    endloop
  endfacet
  facet normal -8.903445e-02 -7.902026e-01 6.063438e-01
    outer loop
      vertex   -5.500000e+01 -1.796651e+01 -3.812500e+01
      vertex   -5.500000e+01 -1.792678e+01 -3.807322e+01
      vertex   -5.566011e+01 -1.789213e+01 -3.812500e+01
    endloop
  endfacet
  facet normal -8.903445e-02 -7.902026e-01 6.063438e-01
    outer loop
      vertex   -5.566011e+01 -1.789213e+01 -3.812500e+01
      vertex   -5.500000e+01 -1.792678e+01 -3.807322e+01
      vertex   -5.565127e+01 -1.785340e+01 -3.807322e+01
    endloop
  endfacet
  facet normal -2.626388e-01 -7.505785e-01 6.063438e-01
    outer loop
      vertex   -5.566011e+01 -1.789213e+01 -3.812500e+01
      vertex   -5.565127e+01 -1.785340e+01 -3.807322e+01
      vertex   -5.628712e+01 -1.767273e+01 -3.812500e+01
    endloop
  endfacet
  facet normal -2.626388e-01 -7.505785e-01 6.063438e-01
    outer loop
      vertex   -5.628712e+01 -1.767273e+01 -3.812500e+01
      vertex   -5.565127e+01 -1.785340e+01 -3.807322e+01
      vertex   -5.626988e+01 -1.763693e+01 -3.807322e+01
    endloop
  endfacet
  facet normal -4.230733e-01 -6.733173e-01 6.063438e-01
    outer loop
      vertex   -5.628712e+01 -1.767273e+01 -3.812500e+01
      vertex   -5.626988e+01 -1.763693e+01 -3.807322e+01
      vertex   -5.684959e+01 -1.731931e+01 -3.812500e+01
    endloop
  endfacet
  facet normal -4.230733e-01 -6.733173e-01 6.063438e-01
    outer loop
      vertex   -5.684959e+01 -1.731931e+01 -3.812500e+01
      vertex   -5.626988e+01 -1.763693e+01 -3.807322e+01
      vertex   -5.682482e+01 -1.728825e+01 -3.807322e+01
    endloop
  endfacet
  facet normal -5.622932e-01 -5.622932e-01 6.063438e-01
    outer loop
      vertex   -5.684959e+01 -1.731931e+01 -3.812500e+01
      vertex   -5.682482e+01 -1.728825e+01 -3.807322e+01
      vertex   -5.731931e+01 -1.684959e+01 -3.812500e+01
    endloop
  endfacet
  facet normal -5.622932e-01 -5.622932e-01 6.063438e-01
    outer loop
      vertex   -5.731931e+01 -1.684959e+01 -3.812500e+01
      vertex   -5.682482e+01 -1.728825e+01 -3.807322e+01
      vertex   -5.728825e+01 -1.682482e+01 -3.807322e+01
    endloop
  endfacet
  facet normal -6.733173e-01 -4.230733e-01 6.063438e-01
    outer loop
      vertex   -5.731931e+01 -1.684959e+01 -3.812500e+01
      vertex   -5.728825e+01 -1.682482e+01 -3.807322e+01
      vertex   -5.767273e+01 -1.628712e+01 -3.812500e+01
    endloop
  endfacet
  facet normal -6.733173e-01 -4.230733e-01 6.063438e-01
    outer loop
      vertex   -5.767273e+01 -1.628712e+01 -3.812500e+01
      vertex   -5.728825e+01 -1.682482e+01 -3.807322e+01
      vertex   -5.763693e+01 -1.626988e+01 -3.807322e+01
    endloop
  endfacet
  facet normal -7.505785e-01 -2.626388e-01 6.063438e-01
    outer loop
      vertex   -5.767273e+01 -1.628712e+01 -3.812500e+01
      vertex   -5.763693e+01 -1.626988e+01 -3.807322e+01
      vertex   -5.789213e+01 -1.566011e+01 -3.812500e+01
    endloop
  endfacet
  facet normal -7.505785e-01 -2.626388e-01 6.063438e-01
    outer loop
      vertex   -5.789213e+01 -1.566011e+01 -3.812500e+01
      vertex   -5.763693e+01 -1.626988e+01 -3.807322e+01
      vertex   -5.785340e+01 -1.565127e+01 -3.807322e+01
    endloop
  endfacet
  facet normal -6.843016e-02 -6.073344e-01 7.914936e-01
    outer loop
      vertex   -5.500000e+01 -1.792678e+01 -3.807322e+01
      vertex   -5.500000e+01 -1.787500e+01 -3.803349e+01
      vertex   -5.565127e+01 -1.785340e+01 -3.807322e+01
    endloop
  endfacet
  facet normal -6.843016e-02 -6.073344e-01 7.914936e-01
    outer loop
      vertex   -5.565127e+01 -1.785340e+01 -3.807322e+01
      vertex   -5.500000e+01 -1.787500e+01 -3.803349e+01
      vertex   -5.563975e+01 -1.780292e+01 -3.803349e+01
    endloop
  endfacet
  facet normal -2.018591e-01 -5.768802e-01 7.914936e-01
    outer loop
      vertex   -5.565127e+01 -1.785340e+01 -3.807322e+01
      vertex   -5.563975e+01 -1.780292e+01 -3.803349e+01
      vertex   -5.626988e+01 -1.763693e+01 -3.807322e+01
    endloop
  endfacet
  facet normal -2.018591e-01 -5.768802e-01 7.914936e-01
    outer loop
      vertex   -5.626988e+01 -1.763693e+01 -3.807322e+01
      vertex   -5.563975e+01 -1.780292e+01 -3.803349e+01
      vertex   -5.624742e+01 -1.759029e+01 -3.803349e+01
    endloop
  endfacet
  facet normal -3.251660e-01 -5.174987e-01 7.914936e-01
    outer loop
      vertex   -5.626988e+01 -1.763693e+01 -3.807322e+01
      vertex   -5.624742e+01 -1.759029e+01 -3.803349e+01
      vertex   -5.682482e+01 -1.728825e+01 -3.807322e+01
    endloop
  endfacet
  facet normal -3.251660e-01 -5.174987e-01 7.914936e-01
    outer loop
      vertex   -5.682482e+01 -1.728825e+01 -3.807322e+01
      vertex   -5.624742e+01 -1.759029e+01 -3.803349e+01
      vertex   -5.679253e+01 -1.724777e+01 -3.803349e+01
    endloop
  endfacet
  facet normal -4.321677e-01 -4.321677e-01 7.914936e-01
    outer loop
      vertex   -5.682482e+01 -1.728825e+01 -3.807322e+01
      vertex   -5.679253e+01 -1.724777e+01 -3.803349e+01
      vertex   -5.728825e+01 -1.682482e+01 -3.807322e+01
    endloop
  endfacet
  facet normal -4.321677e-01 -4.321677e-01 7.914936e-01
    outer loop
      vertex   -5.728825e+01 -1.682482e+01 -3.807322e+01
      vertex   -5.679253e+01 -1.724777e+01 -3.803349e+01
      vertex   -5.724777e+01 -1.679253e+01 -3.803349e+01
    endloop
  endfacet
  facet normal -5.174987e-01 -3.251660e-01 7.914936e-01
    outer loop
      vertex   -5.728825e+01 -1.682482e+01 -3.807322e+01
      vertex   -5.724777e+01 -1.679253e+01 -3.803349e+01
      vertex   -5.763693e+01 -1.626988e+01 -3.807322e+01
    endloop
  endfacet
  facet normal -5.174987e-01 -3.251660e-01 7.914936e-01
    outer loop
      vertex   -5.763693e+01 -1.626988e+01 -3.807322e+01
      vertex   -5.724777e+01 -1.679253e+01 -3.803349e+01
      vertex   -5.759029e+01 -1.624742e+01 -3.803349e+01
    endloop
  endfacet
  facet normal -5.768802e-01 -2.018591e-01 7.914936e-01
    outer loop
      vertex   -5.763693e+01 -1.626988e+01 -3.807322e+01
      vertex   -5.759029e+01 -1.624742e+01 -3.803349e+01
      vertex   -5.785340e+01 -1.565127e+01 -3.807322e+01
    endloop
  endfacet
  facet normal -5.768802e-01 -2.018591e-01 7.914936e-01
    outer loop
      vertex   -5.785340e+01 -1.565127e+01 -3.807322e+01
      vertex   -5.759029e+01 -1.624742e+01 -3.803349e+01
      vertex   -5.780292e+01 -1.563975e+01 -3.803349e+01
    endloop
  endfacet
  facet normal -4.307804e-02 -3.823282e-01 9.230219e-01
    outer loop
      vertex   -5.500000e+01 -1.787500e+01 -3.803349e+01
      vertex   -5.500000e+01 -1.781470e+01 -3.800852e+01
      vertex   -5.563975e+01 -1.780292e+01 -3.803349e+01
    endloop
  endfacet
  facet normal -4.307804e-02 -3.823282e-01 9.230219e-01
    outer loop
      vertex   -5.563975e+01 -1.780292e+01 -3.803349e+01
      vertex   -5.500000e+01 -1.781470e+01 -3.800852e+01
      vertex   -5.562633e+01 -1.774413e+01 -3.800852e+01
    endloop
  endfacet
  facet normal -1.270740e-01 -3.631567e-01 9.230219e-01
    outer loop
      vertex   -5.563975e+01 -1.780292e+01 -3.803349e+01
      vertex   -5.562633e+01 -1.774413e+01 -3.800852e+01
      vertex   -5.624742e+01 -1.759029e+01 -3.803349e+01
    endloop
  endfacet
  facet normal -1.270740e-01 -3.631567e-01 9.230219e-01
    outer loop
      vertex   -5.624742e+01 -1.759029e+01 -3.803349e+01
      vertex   -5.562633e+01 -1.774413e+01 -3.800852e+01
      vertex   -5.622125e+01 -1.753596e+01 -3.800852e+01
    endloop
  endfacet
  facet normal -2.046980e-01 -3.257749e-01 9.230219e-01
    outer loop
      vertex   -5.624742e+01 -1.759029e+01 -3.803349e+01
      vertex   -5.622125e+01 -1.753596e+01 -3.800852e+01
      vertex   -5.679253e+01 -1.724777e+01 -3.803349e+01
    endloop
  endfacet
  facet normal -2.046980e-01 -3.257749e-01 9.230219e-01
    outer loop
      vertex   -5.679253e+01 -1.724777e+01 -3.803349e+01
      vertex   -5.622125e+01 -1.753596e+01 -3.800852e+01
      vertex   -5.675494e+01 -1.720062e+01 -3.800852e+01
    endloop
  endfacet
  facet normal -2.720575e-01 -2.720575e-01 9.230219e-01
    outer loop
      vertex   -5.679253e+01 -1.724777e+01 -3.803349e+01
      vertex   -5.675494e+01 -1.720062e+01 -3.800852e+01
      vertex   -5.724777e+01 -1.679253e+01 -3.803349e+01
    endloop
  endfacet
  facet normal -2.720575e-01 -2.720575e-01 9.230219e-01
    outer loop
      vertex   -5.724777e+01 -1.679253e+01 -3.803349e+01
      vertex   -5.675494e+01 -1.720062e+01 -3.800852e+01
      vertex   -5.720062e+01 -1.675494e+01 -3.800852e+01
    endloop
  endfacet
  facet normal -3.257749e-01 -2.046980e-01 9.230219e-01
    outer loop
      vertex   -5.724777e+01 -1.679253e+01 -3.803349e+01
      vertex   -5.720062e+01 -1.675494e+01 -3.800852e+01
      vertex   -5.759029e+01 -1.624742e+01 -3.803349e+01
    endloop
  endfacet
  facet normal -3.257749e-01 -2.046980e-01 9.230219e-01
    outer loop
      vertex   -5.759029e+01 -1.624742e+01 -3.803349e+01
      vertex   -5.720062e+01 -1.675494e+01 -3.800852e+01
      vertex   -5.753596e+01 -1.622125e+01 -3.800852e+01
    endloop
  endfacet
  facet normal -3.631567e-01 -1.270740e-01 9.230219e-01
    outer loop
      vertex   -5.759029e+01 -1.624742e+01 -3.803349e+01
      vertex   -5.753596e+01 -1.622125e+01 -3.800852e+01
      vertex   -5.780292e+01 -1.563975e+01 -3.803349e+01
    endloop
  endfacet
  facet normal -3.631567e-01 -1.270740e-01 9.230219e-01
    outer loop
      vertex   -5.780292e+01 -1.563975e+01 -3.803349e+01
      vertex   -5.753596e+01 -1.622125e+01 -3.800852e+01
      vertex   -5.774413e+01 -1.562633e+01 -3.800852e+01
    endloop
  endfacet
  facet normal -1.470518e-02 -1.305121e-01 9.913377e-01
    outer loop
      vertex   -5.500000e+01 -1.781470e+01 -3.800852e+01
      vertex   -5.500000e+01 -1.775000e+01 -3.800000e+01
      vertex   -5.562633e+01 -1.774413e+01 -3.800852e+01
    endloop
  endfacet
  facet normal -1.470518e-02 -1.305121e-01 9.913377e-01
    outer loop
      vertex   -5.562633e+01 -1.774413e+01 -3.800852e+01
      vertex   -5.500000e+01 -1.775000e+01 -3.800000e+01
      vertex   -5.561193e+01 -1.768105e+01 -3.800000e+01
    endloop
  endfacet
  facet normal -4.337816e-02 -1.239677e-01 9.913377e-01
    outer loop
      vertex   -5.562633e+01 -1.774413e+01 -3.800852e+01
      vertex   -5.561193e+01 -1.768105e+01 -3.800000e+01
      vertex   -5.622125e+01 -1.753596e+01 -3.800852e+01
    endloop
  endfacet
  facet normal -4.337816e-02 -1.239677e-01 9.913377e-01
    outer loop
      vertex   -5.622125e+01 -1.753596e+01 -3.800852e+01
      vertex   -5.561193e+01 -1.768105e+01 -3.800000e+01
      vertex   -5.619318e+01 -1.747766e+01 -3.800000e+01
    endloop
  endfacet
  facet normal -6.987598e-02 -1.112070e-01 9.913377e-01
    outer loop
      vertex   -5.622125e+01 -1.753596e+01 -3.800852e+01
      vertex   -5.619318e+01 -1.747766e+01 -3.800000e+01
      vertex   -5.675494e+01 -1.720062e+01 -3.800852e+01
    endloop
  endfacet
  facet normal -6.987598e-02 -1.112070e-01 9.913377e-01
    outer loop
      vertex   -5.675494e+01 -1.720062e+01 -3.800852e+01
      vertex   -5.619318e+01 -1.747766e+01 -3.800000e+01
      vertex   -5.671460e+01 -1.715004e+01 -3.800000e+01
    endloop
  endfacet
  facet normal -9.286992e-02 -9.286992e-02 9.913377e-01
    outer loop
      vertex   -5.675494e+01 -1.720062e+01 -3.800852e+01
      vertex   -5.671460e+01 -1.715004e+01 -3.800000e+01
      vertex   -5.720062e+01 -1.675494e+01 -3.800852e+01
    endloop
  endfacet
  facet normal -9.286992e-02 -9.286992e-02 9.913377e-01
    outer loop
      vertex   -5.720062e+01 -1.675494e+01 -3.800852e+01
      vertex   -5.671460e+01 -1.715004e+01 -3.800000e+01
      vertex   -5.715004e+01 -1.671460e+01 -3.800000e+01
    endloop
  endfacet
  facet normal -1.112070e-01 -6.987598e-02 9.913377e-01
    outer loop
      vertex   -5.720062e+01 -1.675494e+01 -3.800852e+01
      vertex   -5.715004e+01 -1.671460e+01 -3.800000e+01
      vertex   -5.753596e+01 -1.622125e+01 -3.800852e+01
    endloop
  endfacet
  facet normal -1.112070e-01 -6.987598e-02 9.913377e-01
    outer loop
      vertex   -5.753596e+01 -1.622125e+01 -3.800852e+01
      vertex   -5.715004e+01 -1.671460e+01 -3.800000e+01
      vertex   -5.747766e+01 -1.619318e+01 -3.800000e+01
    endloop
  endfacet
  facet normal -1.239677e-01 -4.337816e-02 9.913377e-01
    outer loop
      vertex   -5.753596e+01 -1.622125e+01 -3.800852e+01
      vertex   -5.747766e+01 -1.619318e+01 -3.800000e+01
      vertex   -5.774413e+01 -1.562633e+01 -3.800852e+01
    endloop
  endfacet
  facet normal -1.239677e-01 -4.337816e-02 9.913377e-01
    outer loop
      vertex   -5.774413e+01 -1.562633e+01 -3.800852e+01
      vertex   -5.747766e+01 -1.619318e+01 -3.800000e+01
      vertex   -5.768105e+01 -1.561193e+01 -3.800000e+01
    endloop
  endfacet
  facet normal -5.250427e-17 -9.801714e-02 9.951847e-01
    outer loop
      vertex   5.775000e+01 -1.775000e+01 -3.800000e+01
      vertex   -5.500000e+01 -1.775000e+01 -3.800000e+01
      vertex   5.779877e+01 -1.779877e+01 -3.800480e+01
    endloop
  endfacet
  facet normal -2.848729e-05 -1.630572e-01 9.866166e-01
    outer loop
      vertex   5.779877e+01 -1.779877e+01 -3.800480e+01
      vertex   -5.500000e+01 -1.775000e+01 -3.800000e+01
      vertex   2.033333e+01 -1.781470e+01 -3.800852e+01
    endloop
  endfacet
  facet normal 0.000000e+00 -2.270763e-01 9.738770e-01
    outer loop
      vertex   5.779877e+01 -1.779877e+01 -3.800480e+01
      vertex   2.033333e+01 -1.781470e+01 -3.800852e+01
      vertex   2.172840e+01 -1.781470e+01 -3.800852e+01
    endloop
  endfacet
  facet normal 0.000000e+00 -3.826834e-01 9.238795e-01
    outer loop
      vertex   2.172840e+01 -1.781470e+01 -3.800852e+01
      vertex   2.033333e+01 -1.781470e+01 -3.800852e+01
      vertex   2.172840e+01 -1.787500e+01 -3.803349e+01
    endloop
  endfacet
  facet normal -9.740976e-16 -3.826834e-01 9.238795e-01
    outer loop
      vertex   2.172840e+01 -1.781470e+01 -3.800852e+01
      vertex   2.172840e+01 -1.787500e+01 -3.803349e+01
      vertex   2.312346e+01 -1.787500e+01 -3.803349e+01
    endloop
  endfacet
  facet normal -1.550293e-15 -6.087614e-01 7.933533e-01
    outer loop
      vertex   2.312346e+01 -1.787500e+01 -3.803349e+01
      vertex   2.172840e+01 -1.787500e+01 -3.803349e+01
      vertex   2.312346e+01 -1.792678e+01 -3.807322e+01
    endloop
  endfacet
  facet normal 0.000000e+00 -6.087614e-01 7.933533e-01
    outer loop
      vertex   2.312346e+01 -1.787500e+01 -3.803349e+01
      vertex   2.312346e+01 -1.792678e+01 -3.807322e+01
      vertex   2.451852e+01 -1.792678e+01 -3.807322e+01
    endloop
  endfacet
  facet normal 0.000000e+00 -7.933533e-01 6.087614e-01
    outer loop
      vertex   2.451852e+01 -1.792678e+01 -3.807322e+01
      vertex   2.312346e+01 -1.792678e+01 -3.807322e+01
      vertex   2.451852e+01 -1.796651e+01 -3.812500e+01
    endloop
  endfacet
  facet normal 0.000000e+00 -7.933533e-01 6.087614e-01
    outer loop
      vertex   2.451852e+01 -1.792678e+01 -3.807322e+01
      vertex   2.451852e+01 -1.796651e+01 -3.812500e+01
      vertex   2.591358e+01 -1.796651e+01 -3.812500e+01
    endloop
  endfacet
  facet normal 0.000000e+00 -9.238795e-01 3.826834e-01
    outer loop
      vertex   2.591358e+01 -1.796651e+01 -3.812500e+01
      vertex   2.451852e+01 -1.796651e+01 -3.812500e+01
      vertex   2.591358e+01 -1.799148e+01 -3.818530e+01
    endloop
  endfacet
  facet normal 0.000000e+00 -9.238795e-01 3.826834e-01
    outer loop
      vertex   2.591358e+01 -1.796651e+01 -3.812500e+01
      vertex   2.591358e+01 -1.799148e+01 -3.818530e+01
      vertex   2.730864e+01 -1.799148e+01 -3.818530e+01
    endloop
  endfacet
  facet normal 0.000000e+00 -9.914449e-01 1.305262e-01
    outer loop
      vertex   2.730864e+01 -1.799148e+01 -3.818530e+01
      vertex   2.591358e+01 -1.799148e+01 -3.818530e+01
      vertex   5.800000e+01 -1.800000e+01 -3.825000e+01
    endloop
  endfacet
  facet normal 0.000000e+00 -9.914449e-01 1.305262e-01
    outer loop
      vertex   2.730864e+01 -1.799148e+01 -3.818530e+01
      vertex   5.800000e+01 -1.800000e+01 -3.825000e+01
      vertex   2.870370e+01 -1.799148e+01 -3.818530e+01
    endloop
  endfacet
  facet normal 0.000000e+00 -9.914449e-01 1.305262e-01
    outer loop
      vertex   2.870370e+01 -1.799148e+01 -3.818530e+01
      vertex   5.800000e+01 -1.800000e+01 -3.825000e+01
      vertex   3.009877e+01 -1.799148e+01 -3.818530e+01
    endloop
  endfacet
  facet normal 0.000000e+00 -9.238795e-01 3.826834e-01
    outer loop
      vertex   2.870370e+01 -1.799148e+01 -3.818530e+01
      vertex   3.009877e+01 -1.799148e+01 -3.818530e+01
      vertex   2.870370e+01 -1.796651e+01 -3.812500e+01
    endloop
  endfacet
  facet normal 0.000000e+00 -9.238795e-01 3.826834e-01
    outer loop
      vertex   2.870370e+01 -1.796651e+01 -3.812500e+01
      vertex   3.009877e+01 -1.799148e+01 -3.818530e+01
      vertex   3.009877e+01 -1.796651e+01 -3.812500e+01
    endloop
  endfacet
  facet normal 0.000000e+00 -7.933533e-01 6.087614e-01
    outer loop
      vertex   2.870370e+01 -1.796651e+01 -3.812500e+01
      vertex   3.009877e+01 -1.796651e+01 -3.812500e+01
      vertex   2.870370e+01 -1.792678e+01 -3.807322e+01
    endloop
  endfacet
  facet normal 0.000000e+00 -7.933533e-01 6.087614e-01
    outer loop
      vertex   2.870370e+01 -1.792678e+01 -3.807322e+01
      vertex   3.009877e+01 -1.796651e+01 -3.812500e+01
      vertex   3.009877e+01 -1.792678e+01 -3.807322e+01
    endloop
  endfacet
  facet normal 0.000000e+00 -6.087614e-01 7.933533e-01
    outer loop
      vertex   2.870370e+01 -1.792678e+01 -3.807322e+01
      vertex   3.009877e+01 -1.792678e+01 -3.807322e+01
      vertex   2.870370e+01 -1.787500e+01 -3.803349e+01
    endloop
  endfacet
  facet normal 0.000000e+00 -6.087614e-01 7.933533e-01
    outer loop
      vertex   2.870370e+01 -1.787500e+01 -3.803349e+01
      vertex   3.009877e+01 -1.792678e+01 -3.807322e+01
      vertex   3.009877e+01 -1.787500e+01 -3.803349e+01
    endloop
  endfacet
  facet normal 0.000000e+00 -3.826834e-01 9.238795e-01
    outer loop
      vertex   2.870370e+01 -1.787500e+01 -3.803349e+01
      vertex   3.009877e+01 -1.787500e+01 -3.803349e+01
      vertex   2.870370e+01 -1.781470e+01 -3.800852e+01
    endloop
  endfacet
  facet normal 0.000000e+00 -3.826834e-01 9.238795e-01
    outer loop
      vertex   2.870370e+01 -1.781470e+01 -3.800852e+01
      vertex   3.009877e+01 -1.787500e+01 -3.803349e+01
      vertex   3.009877e+01 -1.781470e+01 -3.800852e+01
    endloop
  endfacet
  facet normal 0.000000e+00 -2.270763e-01 9.738770e-01
    outer loop
      vertex   2.870370e+01 -1.781470e+01 -3.800852e+01
      vertex   3.009877e+01 -1.781470e+01 -3.800852e+01
      vertex   5.779877e+01 -1.779877e+01 -3.800480e+01
    endloop
  endfacet
  facet normal -5.783819e-16 -2.270763e-01 9.738770e-01
    outer loop
      vertex   5.779877e+01 -1.779877e+01 -3.800480e+01
      vertex   3.009877e+01 -1.781470e+01 -3.800852e+01
      vertex   3.149383e+01 -1.781470e+01 -3.800852e+01
    endloop
  endfacet
  facet normal 0.000000e+00 -2.270763e-01 9.738770e-01
    outer loop
      vertex   5.779877e+01 -1.779877e+01 -3.800480e+01
      vertex   3.149383e+01 -1.781470e+01 -3.800852e+01
      vertex   3.288889e+01 -1.781470e+01 -3.800852e+01
    endloop
  endfacet
  facet normal 0.000000e+00 -3.826834e-01 9.238795e-01
    outer loop
      vertex   3.288889e+01 -1.781470e+01 -3.800852e+01
      vertex   3.149383e+01 -1.781470e+01 -3.800852e+01
      vertex   3.288889e+01 -1.787500e+01 -3.803349e+01
    endloop
  endfacet
  facet normal 0.000000e+00 -3.826834e-01 9.238795e-01
    outer loop
      vertex   3.288889e+01 -1.781470e+01 -3.800852e+01
      vertex   3.288889e+01 -1.787500e+01 -3.803349e+01
      vertex   3.428395e+01 -1.787500e+01 -3.803349e+01
    endloop
  endfacet
  facet normal 0.000000e+00 -6.087614e-01 7.933533e-01
    outer loop
      vertex   3.428395e+01 -1.787500e+01 -3.803349e+01
      vertex   3.288889e+01 -1.787500e+01 -3.803349e+01
      vertex   3.428395e+01 -1.792678e+01 -3.807322e+01
    endloop
  endfacet
  facet normal -1.548077e-15 -6.087614e-01 7.933533e-01
    outer loop
      vertex   3.428395e+01 -1.787500e+01 -3.803349e+01
      vertex   3.428395e+01 -1.792678e+01 -3.807322e+01
      vertex   3.567901e+01 -1.792678e+01 -3.807322e+01
    endloop
  endfacet
  facet normal -2.020382e-15 -7.933533e-01 6.087614e-01
    outer loop
      vertex   3.567901e+01 -1.792678e+01 -3.807322e+01
      vertex   3.428395e+01 -1.792678e+01 -3.807322e+01
      vertex   3.567901e+01 -1.796651e+01 -3.812500e+01
    endloop
  endfacet
  facet normal 0.000000e+00 -7.933533e-01 6.087614e-01
    outer loop
      vertex   3.567901e+01 -1.792678e+01 -3.807322e+01
      vertex   3.567901e+01 -1.796651e+01 -3.812500e+01
      vertex   3.707407e+01 -1.796651e+01 -3.812500e+01
    endloop
  endfacet
  facet normal 0.000000e+00 -9.238795e-01 3.826834e-01
    outer loop
      vertex   3.707407e+01 -1.796651e+01 -3.812500e+01
      vertex   3.567901e+01 -1.796651e+01 -3.812500e+01
      vertex   3.707407e+01 -1.799148e+01 -3.818530e+01
    endloop
  endfacet
  facet normal 0.000000e+00 -9.238795e-01 3.826834e-01
    outer loop
      vertex   3.707407e+01 -1.796651e+01 -3.812500e+01
      vertex   3.707407e+01 -1.799148e+01 -3.818530e+01
      vertex   3.846914e+01 -1.799148e+01 -3.818530e+01
    endloop
  endfacet
  facet normal 0.000000e+00 -9.914449e-01 1.305262e-01
    outer loop
      vertex   3.846914e+01 -1.799148e+01 -3.818530e+01
      vertex   3.707407e+01 -1.799148e+01 -3.818530e+01
      vertex   5.800000e+01 -1.800000e+01 -3.825000e+01
    endloop
  endfacet
  facet normal 0.000000e+00 -9.914449e-01 1.305262e-01
    outer loop
      vertex   3.846914e+01 -1.799148e+01 -3.818530e+01
      vertex   5.800000e+01 -1.800000e+01 -3.825000e+01
      vertex   3.986420e+01 -1.799148e+01 -3.818530e+01
    endloop
  endfacet
  facet normal -2.524849e-15 -9.914449e-01 1.305262e-01
    outer loop
      vertex   3.986420e+01 -1.799148e+01 -3.818530e+01
      vertex   5.800000e+01 -1.800000e+01 -3.825000e+01
      vertex   4.125926e+01 -1.799148e+01 -3.818530e+01
    endloop
  endfacet
  facet normal -2.352784e-15 -9.238795e-01 3.826834e-01
    outer loop
      vertex   3.986420e+01 -1.799148e+01 -3.818530e+01
      vertex   4.125926e+01 -1.799148e+01 -3.818530e+01
      vertex   3.986420e+01 -1.796651e+01 -3.812500e+01
    endloop
  endfacet
  facet normal 0.000000e+00 -9.238795e-01 3.826834e-01
    outer loop
      vertex   3.986420e+01 -1.796651e+01 -3.812500e+01
      vertex   4.125926e+01 -1.799148e+01 -3.818530e+01
      vertex   4.125926e+01 -1.796651e+01 -3.812500e+01
    endloop
  endfacet
  facet normal 0.000000e+00 -7.933533e-01 6.087614e-01
    outer loop
      vertex   3.986420e+01 -1.796651e+01 -3.812500e+01
      vertex   4.125926e+01 -1.796651e+01 -3.812500e+01
      vertex   3.986420e+01 -1.792678e+01 -3.807322e+01
    endloop
  endfacet
  facet normal -2.020382e-15 -7.933533e-01 6.087614e-01
    outer loop
      vertex   3.986420e+01 -1.792678e+01 -3.807322e+01
      vertex   4.125926e+01 -1.796651e+01 -3.812500e+01
      vertex   4.125926e+01 -1.792678e+01 -3.807322e+01
    endloop
  endfacet
  facet normal -1.550293e-15 -6.087614e-01 7.933533e-01
    outer loop
      vertex   3.986420e+01 -1.792678e+01 -3.807322e+01
      vertex   4.125926e+01 -1.792678e+01 -3.807322e+01
      vertex   3.986420e+01 -1.787500e+01 -3.803349e+01
    endloop
  endfacet
  facet normal 0.000000e+00 -6.087614e-01 7.933533e-01
    outer loop
      vertex   3.986420e+01 -1.787500e+01 -3.803349e+01
      vertex   4.125926e+01 -1.792678e+01 -3.807322e+01
      vertex   4.125926e+01 -1.787500e+01 -3.803349e+01
    endloop
  endfacet
  facet normal 0.000000e+00 -3.826834e-01 9.238795e-01
    outer loop
      vertex   3.986420e+01 -1.787500e+01 -3.803349e+01
      vertex   4.125926e+01 -1.787500e+01 -3.803349e+01
      vertex   3.986420e+01 -1.781470e+01 -3.800852e+01
    endloop
  endfacet
  facet normal -9.745552e-16 -3.826834e-01 9.238795e-01
    outer loop
      vertex   3.986420e+01 -1.781470e+01 -3.800852e+01
      vertex   4.125926e+01 -1.787500e+01 -3.803349e+01
      vertex   4.125926e+01 -1.781470e+01 -3.800852e+01
    endloop
  endfacet
  facet normal -5.782805e-16 -2.270763e-01 9.738770e-01
    outer loop
      vertex   3.986420e+01 -1.781470e+01 -3.800852e+01
      vertex   4.125926e+01 -1.781470e+01 -3.800852e+01
      vertex   5.779877e+01 -1.779877e+01 -3.800480e+01
    endloop
  endfacet
  facet normal 0.000000e+00 -2.270763e-01 9.738770e-01
    outer loop
      vertex   5.779877e+01 -1.779877e+01 -3.800480e+01
      vertex   4.125926e+01 -1.781470e+01 -3.800852e+01
      vertex   4.265432e+01 -1.781470e+01 -3.800852e+01
    endloop
  endfacet
  facet normal 0.000000e+00 -2.270763e-01 9.738770e-01
    outer loop
      vertex   5.779877e+01 -1.779877e+01 -3.800480e+01
      vertex   4.265432e+01 -1.781470e+01 -3.800852e+01
      vertex   4.404938e+01 -1.781470e+01 -3.800852e+01
    endloop
  endfacet
  facet normal 0.000000e+00 -3.826834e-01 9.238795e-01
    outer loop
      vertex   4.404938e+01 -1.781470e+01 -3.800852e+01
      vertex   4.265432e+01 -1.781470e+01 -3.800852e+01
      vertex   4.404938e+01 -1.787500e+01 -3.803349e+01
    endloop
  endfacet
  facet normal -9.740976e-16 -3.826834e-01 9.238795e-01
    outer loop
      vertex   4.404938e+01 -1.781470e+01 -3.800852e+01
      vertex   4.404938e+01 -1.787500e+01 -3.803349e+01
      vertex   4.544444e+01 -1.787500e+01 -3.803349e+01
    endloop
  endfacet
  facet normal -1.550293e-15 -6.087614e-01 7.933533e-01
    outer loop
      vertex   4.544444e+01 -1.787500e+01 -3.803349e+01
      vertex   4.404938e+01 -1.787500e+01 -3.803349e+01
      vertex   4.544444e+01 -1.792678e+01 -3.807322e+01
    endloop
  endfacet
  facet normal 0.000000e+00 -6.087614e-01 7.933533e-01
    outer loop
      vertex   4.544444e+01 -1.787500e+01 -3.803349e+01
      vertex   4.544444e+01 -1.792678e+01 -3.807322e+01
      vertex   4.683951e+01 -1.792678e+01 -3.807322e+01
    endloop
  endfacet
  facet normal 0.000000e+00 -7.933533e-01 6.087614e-01
    outer loop
      vertex   4.683951e+01 -1.792678e+01 -3.807322e+01
      vertex   4.544444e+01 -1.792678e+01 -3.807322e+01
      vertex   4.683951e+01 -1.796651e+01 -3.812500e+01
    endloop
  endfacet
  facet normal 0.000000e+00 -7.933533e-01 6.087614e-01
    outer loop
      vertex   4.683951e+01 -1.792678e+01 -3.807322e+01
      vertex   4.683951e+01 -1.796651e+01 -3.812500e+01
      vertex   4.823457e+01 -1.796651e+01 -3.812500e+01
    endloop
  endfacet
  facet normal 0.000000e+00 -9.238795e-01 3.826834e-01
    outer loop
      vertex   4.823457e+01 -1.796651e+01 -3.812500e+01
      vertex   4.683951e+01 -1.796651e+01 -3.812500e+01
      vertex   4.823457e+01 -1.799148e+01 -3.818530e+01
    endloop
  endfacet
  facet normal 0.000000e+00 -9.238795e-01 3.826834e-01
    outer loop
      vertex   4.823457e+01 -1.796651e+01 -3.812500e+01
      vertex   4.823457e+01 -1.799148e+01 -3.818530e+01
      vertex   4.962963e+01 -1.799148e+01 -3.818530e+01
    endloop
  endfacet
  facet normal 0.000000e+00 -9.914449e-01 1.305262e-01
    outer loop
      vertex   4.962963e+01 -1.799148e+01 -3.818530e+01
      vertex   4.823457e+01 -1.799148e+01 -3.818530e+01
      vertex   5.800000e+01 -1.800000e+01 -3.825000e+01
    endloop
  endfacet
  facet normal 0.000000e+00 -9.914449e-01 1.305262e-01
    outer loop
      vertex   4.962963e+01 -1.799148e+01 -3.818530e+01
      vertex   5.800000e+01 -1.800000e+01 -3.825000e+01
      vertex   5.102469e+01 -1.799148e+01 -3.818530e+01
    endloop
  endfacet
  facet normal 0.000000e+00 -9.914449e-01 1.305262e-01
    outer loop
      vertex   5.102469e+01 -1.799148e+01 -3.818530e+01
      vertex   5.800000e+01 -1.800000e+01 -3.825000e+01
      vertex   5.241975e+01 -1.799148e+01 -3.818530e+01
    endloop
  endfacet
  facet normal 0.000000e+00 -9.238795e-01 3.826834e-01
    outer loop
      vertex   5.102469e+01 -1.799148e+01 -3.818530e+01
      vertex   5.241975e+01 -1.799148e+01 -3.818530e+01
      vertex   5.102469e+01 -1.796651e+01 -3.812500e+01
    endloop
  endfacet
  facet normal 0.000000e+00 -9.238795e-01 3.826834e-01
    outer loop
      vertex   5.102469e+01 -1.796651e+01 -3.812500e+01
      vertex   5.241975e+01 -1.799148e+01 -3.818530e+01
      vertex   5.241975e+01 -1.796651e+01 -3.812500e+01
    endloop
  endfacet
  facet normal 0.000000e+00 -7.933533e-01 6.087614e-01
    outer loop
      vertex   5.102469e+01 -1.796651e+01 -3.812500e+01
      vertex   5.241975e+01 -1.796651e+01 -3.812500e+01
      vertex   5.102469e+01 -1.792678e+01 -3.807322e+01
    endloop
  endfacet
  facet normal 0.000000e+00 -7.933533e-01 6.087614e-01
    outer loop
      vertex   5.102469e+01 -1.792678e+01 -3.807322e+01
      vertex   5.241975e+01 -1.796651e+01 -3.812500e+01
      vertex   5.241975e+01 -1.792678e+01 -3.807322e+01
    endloop
  endfacet
  facet normal 0.000000e+00 -6.087614e-01 7.933533e-01
    outer loop
      vertex   5.102469e+01 -1.792678e+01 -3.807322e+01
      vertex   5.241975e+01 -1.792678e+01 -3.807322e+01
      vertex   5.102469e+01 -1.787500e+01 -3.803349e+01
    endloop
  endfacet
  facet normal 0.000000e+00 -6.087614e-01 7.933533e-01
    outer loop
      vertex   5.102469e+01 -1.787500e+01 -3.803349e+01
      vertex   5.241975e+01 -1.792678e+01 -3.807322e+01
      vertex   5.241975e+01 -1.787500e+01 -3.803349e+01
    endloop
  endfacet
  facet normal 0.000000e+00 -3.826834e-01 9.238795e-01
    outer loop
      vertex   5.102469e+01 -1.787500e+01 -3.803349e+01
      vertex   5.241975e+01 -1.787500e+01 -3.803349e+01
      vertex   5.102469e+01 -1.781470e+01 -3.800852e+01
    endloop
  endfacet
  facet normal 0.000000e+00 -3.826834e-01 9.238795e-01
    outer loop
      vertex   5.102469e+01 -1.781470e+01 -3.800852e+01
      vertex   5.241975e+01 -1.787500e+01 -3.803349e+01
      vertex   5.241975e+01 -1.781470e+01 -3.800852e+01
    endloop
  endfacet
  facet normal 0.000000e+00 -2.270763e-01 9.738770e-01
    outer loop
      vertex   5.102469e+01 -1.781470e+01 -3.800852e+01
      vertex   5.241975e+01 -1.781470e+01 -3.800852e+01
      vertex   5.779877e+01 -1.779877e+01 -3.800480e+01
    endloop
  endfacet
  facet normal -5.783819e-16 -2.270763e-01 9.738770e-01
    outer loop
      vertex   5.779877e+01 -1.779877e+01 -3.800480e+01
      vertex   5.241975e+01 -1.781470e+01 -3.800852e+01
      vertex   5.381481e+01 -1.781470e+01 -3.800852e+01
    endloop
  endfacet
  facet normal 0.000000e+00 -2.270763e-01 9.738770e-01
    outer loop
      vertex   5.779877e+01 -1.779877e+01 -3.800480e+01
      vertex   5.381481e+01 -1.781470e+01 -3.800852e+01
      vertex   5.520988e+01 -1.781470e+01 -3.800852e+01
    endloop
  endfacet
  facet normal 0.000000e+00 -3.826834e-01 9.238795e-01
    outer loop
      vertex   5.520988e+01 -1.781470e+01 -3.800852e+01
      vertex   5.381481e+01 -1.781470e+01 -3.800852e+01
      vertex   5.520988e+01 -1.787500e+01 -3.803349e+01
    endloop
  endfacet
  facet normal 0.000000e+00 -3.826834e-01 9.238795e-01
    outer loop
      vertex   5.520988e+01 -1.781470e+01 -3.800852e+01
      vertex   5.520988e+01 -1.787500e+01 -3.803349e+01
      vertex   5.660494e+01 -1.787500e+01 -3.803349e+01
    endloop
  endfacet
  facet normal 0.000000e+00 -6.087614e-01 7.933533e-01
    outer loop
      vertex   5.660494e+01 -1.787500e+01 -3.803349e+01
      vertex   5.520988e+01 -1.787500e+01 -3.803349e+01
      vertex   5.660494e+01 -1.792678e+01 -3.807322e+01
    endloop
  endfacet
  facet normal -1.248887e-03 -6.087610e-01 7.933527e-01
    outer loop
      vertex   5.660494e+01 -1.787500e+01 -3.803349e+01
      vertex   5.660494e+01 -1.792678e+01 -3.807322e+01
      vertex   5.788889e+01 -1.788889e+01 -3.804213e+01
    endloop
  endfacet
  facet normal 0.000000e+00 -6.343933e-01 7.730105e-01
    outer loop
      vertex   5.788889e+01 -1.788889e+01 -3.804213e+01
      vertex   5.660494e+01 -1.792678e+01 -3.807322e+01
      vertex   5.792678e+01 -1.792678e+01 -3.807322e+01
    endloop
  endfacet
  facet normal 0.000000e+00 -7.730105e-01 6.343933e-01
    outer loop
      vertex   5.792678e+01 -1.792678e+01 -3.807322e+01
      vertex   5.660494e+01 -1.792678e+01 -3.807322e+01
      vertex   5.795787e+01 -1.795787e+01 -3.811111e+01
    endloop
  endfacet
  facet normal -1.185217e-03 -7.933528e-01 6.087610e-01
    outer loop
      vertex   5.795787e+01 -1.795787e+01 -3.811111e+01
      vertex   5.660494e+01 -1.792678e+01 -3.807322e+01
      vertex   5.660494e+01 -1.796651e+01 -3.812500e+01
    endloop
  endfacet
  facet normal 7.863777e-04 -8.817462e-01 4.717235e-01
    outer loop
      vertex   5.795787e+01 -1.795787e+01 -3.811111e+01
      vertex   5.660494e+01 -1.796651e+01 -3.812500e+01
      vertex   5.798097e+01 -1.798097e+01 -3.815433e+01
    endloop
  endfacet
  facet normal -1.554312e-03 -9.238784e-01 3.826830e-01
    outer loop
      vertex   5.798097e+01 -1.798097e+01 -3.815433e+01
      vertex   5.660494e+01 -1.796651e+01 -3.812500e+01
      vertex   5.660494e+01 -1.799148e+01 -3.818530e+01
    endloop
  endfacet
  facet normal 7.722483e-04 -9.568750e-01 2.904991e-01
    outer loop
      vertex   5.798097e+01 -1.798097e+01 -3.815433e+01
      vertex   5.660494e+01 -1.799148e+01 -3.818530e+01
      vertex   5.799520e+01 -1.799520e+01 -3.820123e+01
    endloop
  endfacet
  facet normal -9.632911e-04 -9.891968e-01 1.465906e-01
    outer loop
      vertex   5.799520e+01 -1.799520e+01 -3.820123e+01
      vertex   5.660494e+01 -1.799148e+01 -3.818530e+01
      vertex   5.799880e+01 -1.799880e+01 -3.822550e+01
    endloop
  endfacet
  facet normal -3.831773e-03 -9.987973e-01 4.887952e-02
    outer loop
      vertex   5.799880e+01 -1.799880e+01 -3.822550e+01
      vertex   5.660494e+01 -1.799148e+01 -3.818530e+01
      vertex   5.800000e+01 -1.800000e+01 -3.825000e+01
    endloop
  endfacet
  facet normal 0.000000e+00 -9.914449e-01 1.305262e-01
    outer loop
      vertex   5.800000e+01 -1.800000e+01 -3.825000e+01
      vertex   5.660494e+01 -1.799148e+01 -3.818530e+01
      vertex   5.520988e+01 -1.799148e+01 -3.818530e+01
    endloop
  endfacet
  facet normal 0.000000e+00 -9.914449e-01 1.305262e-01
    outer loop
      vertex   5.800000e+01 -1.800000e+01 -3.825000e+01
      vertex   5.520988e+01 -1.799148e+01 -3.818530e+01
      vertex   5.381481e+01 -1.799148e+01 -3.818530e+01
    endloop
  endfacet
  facet normal 0.000000e+00 -9.238795e-01 3.826834e-01
    outer loop
      vertex   5.381481e+01 -1.799148e+01 -3.818530e+01
      vertex   5.520988e+01 -1.799148e+01 -3.818530e+01
      vertex   5.381481e+01 -1.796651e+01 -3.812500e+01
    endloop
  endfacet
  facet normal 0.000000e+00 -9.238795e-01 3.826834e-01
    outer loop
      vertex   5.381481e+01 -1.799148e+01 -3.818530e+01
      vertex   5.381481e+01 -1.796651e+01 -3.812500e+01
      vertex   5.241975e+01 -1.796651e+01 -3.812500e+01
    endloop
  endfacet
  facet normal 0.000000e+00 -7.933533e-01 6.087614e-01
    outer loop
      vertex   5.241975e+01 -1.796651e+01 -3.812500e+01
      vertex   5.381481e+01 -1.796651e+01 -3.812500e+01
      vertex   5.241975e+01 -1.792678e+01 -3.807322e+01
    endloop
  endfacet
  facet normal 6.648053e-16 -1.305262e-01 9.914449e-01
    outer loop
      vertex   -5.500000e+01 -1.781470e+01 -3.800852e+01
      vertex   -5.360494e+01 -1.781470e+01 -3.800852e+01
      vertex   -5.500000e+01 -1.775000e+01 -3.800000e+01
    endloop
  endfacet
  facet normal 0.000000e+00 -1.305262e-01 9.914449e-01
    outer loop
      vertex   -5.500000e+01 -1.775000e+01 -3.800000e+01
      vertex   -5.360494e+01 -1.781470e+01 -3.800852e+01
      vertex   -5.220988e+01 -1.781470e+01 -3.800852e+01
    endloop
  endfacet
  facet normal -3.322411e-16 -1.305262e-01 9.914449e-01
    outer loop
      vertex   -5.500000e+01 -1.775000e+01 -3.800000e+01
      vertex   -5.220988e+01 -1.781470e+01 -3.800852e+01
      vertex   -5.081481e+01 -1.781470e+01 -3.800852e+01
    endloop
  endfacet
  facet normal -9.745552e-16 -3.826834e-01 9.238795e-01
    outer loop
      vertex   -5.081481e+01 -1.781470e+01 -3.800852e+01
      vertex   -5.220988e+01 -1.781470e+01 -3.800852e+01
      vertex   -5.081481e+01 -1.787500e+01 -3.803349e+01
    endloop
  endfacet
  facet normal 0.000000e+00 -3.826834e-01 9.238795e-01
    outer loop
      vertex   -5.081481e+01 -1.781470e+01 -3.800852e+01
      vertex   -5.081481e+01 -1.787500e+01 -3.803349e+01
      vertex   -4.941975e+01 -1.787500e+01 -3.803349e+01
    endloop
  endfacet
  facet normal 0.000000e+00 -6.087614e-01 7.933533e-01
    outer loop
      vertex   -4.941975e+01 -1.787500e+01 -3.803349e+01
      vertex   -5.081481e+01 -1.787500e+01 -3.803349e+01
      vertex   -4.941975e+01 -1.792678e+01 -3.807322e+01
    endloop
  endfacet
  facet normal 0.000000e+00 -6.087614e-01 7.933533e-01
    outer loop
      vertex   -4.941975e+01 -1.787500e+01 -3.803349e+01
      vertex   -4.941975e+01 -1.792678e+01 -3.807322e+01
      vertex   -4.802469e+01 -1.792678e+01 -3.807322e+01
    endloop
  endfacet
  facet normal 0.000000e+00 -7.933533e-01 6.087614e-01
    outer loop
      vertex   -4.802469e+01 -1.792678e+01 -3.807322e+01
      vertex   -4.941975e+01 -1.792678e+01 -3.807322e+01
      vertex   -4.802469e+01 -1.796651e+01 -3.812500e+01
    endloop
  endfacet
  facet normal 0.000000e+00 -7.933533e-01 6.087614e-01
    outer loop
      vertex   -4.802469e+01 -1.792678e+01 -3.807322e+01
      vertex   -4.802469e+01 -1.796651e+01 -3.812500e+01
      vertex   -4.662963e+01 -1.796651e+01 -3.812500e+01
    endloop
  endfacet
  facet normal 0.000000e+00 -9.238795e-01 3.826834e-01
    outer loop
      vertex   -4.662963e+01 -1.796651e+01 -3.812500e+01
      vertex   -4.802469e+01 -1.796651e+01 -3.812500e+01
      vertex   -4.662963e+01 -1.799148e+01 -3.818530e+01
    endloop
  endfacet
  facet normal 0.000000e+00 -9.238795e-01 3.826834e-01
    outer loop
      vertex   -4.662963e+01 -1.796651e+01 -3.812500e+01
      vertex   -4.662963e+01 -1.799148e+01 -3.818530e+01
      vertex   -4.523457e+01 -1.799148e+01 -3.818530e+01
    endloop
  endfacet
  facet normal 0.000000e+00 -9.914449e-01 1.305262e-01
    outer loop
      vertex   -4.523457e+01 -1.799148e+01 -3.818530e+01
      vertex   -4.662963e+01 -1.799148e+01 -3.818530e+01
      vertex   -5.500000e+01 -1.800000e+01 -3.825000e+01
    endloop
  endfacet
  facet normal 0.000000e+00 -9.914449e-01 1.305262e-01
    outer loop
      vertex   -4.523457e+01 -1.799148e+01 -3.818530e+01
      vertex   -5.500000e+01 -1.800000e+01 -3.825000e+01
      vertex   -4.383951e+01 -1.799148e+01 -3.818530e+01
    endloop
  endfacet
  facet normal 0.000000e+00 -9.914449e-01 1.305262e-01
    outer loop
      vertex   -4.383951e+01 -1.799148e+01 -3.818530e+01
      vertex   -5.500000e+01 -1.800000e+01 -3.825000e+01
      vertex   -4.244444e+01 -1.799148e+01 -3.818530e+01
    endloop
  endfacet
  facet normal 0.000000e+00 -9.238795e-01 3.826834e-01
    outer loop
      vertex   -4.383951e+01 -1.799148e+01 -3.818530e+01
      vertex   -4.244444e+01 -1.799148e+01 -3.818530e+01
      vertex   -4.383951e+01 -1.796651e+01 -3.812500e+01
    endloop
  endfacet
  facet normal -2.352784e-15 -9.238795e-01 3.826834e-01
    outer loop
      vertex   -4.383951e+01 -1.796651e+01 -3.812500e+01
      vertex   -4.244444e+01 -1.799148e+01 -3.818530e+01
      vertex   -4.244444e+01 -1.796651e+01 -3.812500e+01
    endloop
  endfacet
  facet normal -2.020382e-15 -7.933533e-01 6.087614e-01
    outer loop
      vertex   -4.383951e+01 -1.796651e+01 -3.812500e+01
      vertex   -4.244444e+01 -1.796651e+01 -3.812500e+01
      vertex   -4.383951e+01 -1.792678e+01 -3.807322e+01
    endloop
  endfacet
  facet normal 0.000000e+00 -7.933533e-01 6.087614e-01
    outer loop
      vertex   -4.383951e+01 -1.792678e+01 -3.807322e+01
      vertex   -4.244444e+01 -1.796651e+01 -3.812500e+01
      vertex   -4.244444e+01 -1.792678e+01 -3.807322e+01
    endloop
  endfacet
  facet normal 0.000000e+00 -6.087614e-01 7.933533e-01
    outer loop
      vertex   -4.383951e+01 -1.792678e+01 -3.807322e+01
      vertex   -4.244444e+01 -1.792678e+01 -3.807322e+01
      vertex   -4.383951e+01 -1.787500e+01 -3.803349e+01
    endloop
  endfacet
  facet normal -1.550293e-15 -6.087614e-01 7.933533e-01
    outer loop
      vertex   -4.383951e+01 -1.787500e+01 -3.803349e+01
      vertex   -4.244444e+01 -1.792678e+01 -3.807322e+01
      vertex   -4.244444e+01 -1.787500e+01 -3.803349e+01
    endloop
  endfacet
  facet normal -9.745552e-16 -3.826834e-01 9.238795e-01
    outer loop
      vertex   -4.383951e+01 -1.787500e+01 -3.803349e+01
      vertex   -4.244444e+01 -1.787500e+01 -3.803349e+01
      vertex   -4.383951e+01 -1.781470e+01 -3.800852e+01
    endloop
  endfacet
  facet normal 0.000000e+00 -3.826834e-01 9.238795e-01
    outer loop
      vertex   -4.383951e+01 -1.781470e+01 -3.800852e+01
      vertex   -4.244444e+01 -1.787500e+01 -3.803349e+01
      vertex   -4.244444e+01 -1.781470e+01 -3.800852e+01
    endloop
  endfacet
  facet normal 0.000000e+00 -1.305262e-01 9.914449e-01
    outer loop
      vertex   -4.383951e+01 -1.781470e+01 -3.800852e+01
      vertex   -4.244444e+01 -1.781470e+01 -3.800852e+01
      vertex   -5.500000e+01 -1.775000e+01 -3.800000e+01
    endloop
  endfacet
  facet normal 0.000000e+00 -1.305262e-01 9.914449e-01
    outer loop
      vertex   -5.500000e+01 -1.775000e+01 -3.800000e+01
      vertex   -4.244444e+01 -1.781470e+01 -3.800852e+01
      vertex   -4.104938e+01 -1.781470e+01 -3.800852e+01
    endloop
  endfacet
  facet normal 0.000000e+00 -1.305262e-01 9.914449e-01
    outer loop
      vertex   -5.500000e+01 -1.775000e+01 -3.800000e+01
      vertex   -4.104938e+01 -1.781470e+01 -3.800852e+01
      vertex   -3.965432e+01 -1.781470e+01 -3.800852e+01
    endloop
  endfacet
  facet normal 0.000000e+00 -3.826834e-01 9.238795e-01
    outer loop
      vertex   -3.965432e+01 -1.781470e+01 -3.800852e+01
      vertex   -4.104938e+01 -1.781470e+01 -3.800852e+01
      vertex   -3.965432e+01 -1.787500e+01 -3.803349e+01
    endloop
  endfacet
  facet normal 0.000000e+00 -3.826834e-01 9.238795e-01
    outer loop
      vertex   -3.965432e+01 -1.781470e+01 -3.800852e+01
      vertex   -3.965432e+01 -1.787500e+01 -3.803349e+01
      vertex   -3.825926e+01 -1.787500e+01 -3.803349e+01
    endloop
  endfacet
  facet normal 0.000000e+00 -6.087614e-01 7.933533e-01
    outer loop
      vertex   -3.825926e+01 -1.787500e+01 -3.803349e+01
      vertex   -3.965432e+01 -1.787500e+01 -3.803349e+01
      vertex   -3.825926e+01 -1.792678e+01 -3.807322e+01
    endloop
  endfacet
  facet normal 0.000000e+00 -6.087614e-01 7.933533e-01
    outer loop
      vertex   -3.825926e+01 -1.787500e+01 -3.803349e+01
      vertex   -3.825926e+01 -1.792678e+01 -3.807322e+01
      vertex   -3.686420e+01 -1.792678e+01 -3.807322e+01
    endloop
  endfacet
  facet normal 0.000000e+00 -7.933533e-01 6.087614e-01
    outer loop
      vertex   -3.686420e+01 -1.792678e+01 -3.807322e+01
      vertex   -3.825926e+01 -1.792678e+01 -3.807322e+01
      vertex   -3.686420e+01 -1.796651e+01 -3.812500e+01
    endloop
  endfacet
  facet normal 0.000000e+00 -7.933533e-01 6.087614e-01
    outer loop
      vertex   -3.686420e+01 -1.792678e+01 -3.807322e+01
      vertex   -3.686420e+01 -1.796651e+01 -3.812500e+01
      vertex   -3.546914e+01 -1.796651e+01 -3.812500e+01
    endloop
  endfacet
  facet normal 0.000000e+00 -9.238795e-01 3.826834e-01
    outer loop
      vertex   -3.546914e+01 -1.796651e+01 -3.812500e+01
      vertex   -3.686420e+01 -1.796651e+01 -3.812500e+01
      vertex   -3.546914e+01 -1.799148e+01 -3.818530e+01
    endloop
  endfacet
  facet normal 0.000000e+00 -9.238795e-01 3.826834e-01
    outer loop
      vertex   -3.546914e+01 -1.796651e+01 -3.812500e+01
      vertex   -3.546914e+01 -1.799148e+01 -3.818530e+01
      vertex   -3.407407e+01 -1.799148e+01 -3.818530e+01
    endloop
  endfacet
  facet normal 0.000000e+00 -9.914449e-01 1.305262e-01
    outer loop
      vertex   -3.407407e+01 -1.799148e+01 -3.818530e+01
      vertex   -3.546914e+01 -1.799148e+01 -3.818530e+01
      vertex   -5.500000e+01 -1.800000e+01 -3.825000e+01
    endloop
  endfacet
  facet normal 0.000000e+00 -9.914449e-01 1.305262e-01
    outer loop
      vertex   -3.407407e+01 -1.799148e+01 -3.818530e+01
      vertex   -5.500000e+01 -1.800000e+01 -3.825000e+01
      vertex   -3.267901e+01 -1.799148e+01 -3.818530e+01
    endloop
  endfacet
  facet normal 0.000000e+00 -9.914449e-01 1.305262e-01
    outer loop
      vertex   -3.267901e+01 -1.799148e+01 -3.818530e+01
      vertex   -5.500000e+01 -1.800000e+01 -3.825000e+01
      vertex   -3.128395e+01 -1.799148e+01 -3.818530e+01
    endloop
  endfacet
  facet normal 0.000000e+00 -9.238795e-01 3.826834e-01
    outer loop
      vertex   -3.267901e+01 -1.799148e+01 -3.818530e+01
      vertex   -3.128395e+01 -1.799148e+01 -3.818530e+01
      vertex   -3.267901e+01 -1.796651e+01 -3.812500e+01
    endloop
  endfacet
  facet normal -2.352784e-15 -9.238795e-01 3.826834e-01
    outer loop
      vertex   -3.267901e+01 -1.796651e+01 -3.812500e+01
      vertex   -3.128395e+01 -1.799148e+01 -3.818530e+01
      vertex   -3.128395e+01 -1.796651e+01 -3.812500e+01
    endloop
  endfacet
  facet normal -2.020382e-15 -7.933533e-01 6.087614e-01
    outer loop
      vertex   -3.267901e+01 -1.796651e+01 -3.812500e+01
      vertex   -3.128395e+01 -1.796651e+01 -3.812500e+01
      vertex   -3.267901e+01 -1.792678e+01 -3.807322e+01
    endloop
  endfacet
  facet normal 0.000000e+00 -7.933533e-01 6.087614e-01
    outer loop
      vertex   -3.267901e+01 -1.792678e+01 -3.807322e+01
      vertex   -3.128395e+01 -1.796651e+01 -3.812500e+01
      vertex   -3.128395e+01 -1.792678e+01 -3.807322e+01
    endloop
  endfacet
  facet normal 0.000000e+00 -6.087614e-01 7.933533e-01
    outer loop
      vertex   -3.267901e+01 -1.792678e+01 -3.807322e+01
      vertex   -3.128395e+01 -1.792678e+01 -3.807322e+01
      vertex   -3.267901e+01 -1.787500e+01 -3.803349e+01
    endloop
  endfacet
  facet normal 0.000000e+00 -6.087614e-01 7.933533e-01
    outer loop
      vertex   -3.267901e+01 -1.787500e+01 -3.803349e+01
      vertex   -3.128395e+01 -1.792678e+01 -3.807322e+01
      vertex   -3.128395e+01 -1.787500e+01 -3.803349e+01
    endloop
  endfacet
  facet normal 0.000000e+00 -3.826834e-01 9.238795e-01
    outer loop
      vertex   -3.267901e+01 -1.787500e+01 -3.803349e+01
      vertex   -3.128395e+01 -1.787500e+01 -3.803349e+01
      vertex   -3.267901e+01 -1.781470e+01 -3.800852e+01
    endloop
  endfacet
  facet normal 0.000000e+00 -3.826834e-01 9.238795e-01
    outer loop
      vertex   -3.267901e+01 -1.781470e+01 -3.800852e+01
      vertex   -3.128395e+01 -1.787500e+01 -3.803349e+01
      vertex   -3.128395e+01 -1.781470e+01 -3.800852e+01
    endloop
  endfacet
  facet normal 0.000000e+00 -1.305262e-01 9.914449e-01
    outer loop
      vertex   -3.267901e+01 -1.781470e+01 -3.800852e+01
      vertex   -3.128395e+01 -1.781470e+01 -3.800852e+01
      vertex   -5.500000e+01 -1.775000e+01 -3.800000e+01
    endloop
  endfacet
  facet normal 0.000000e+00 -1.305262e-01 9.914449e-01
    outer loop
      vertex   -5.500000e+01 -1.775000e+01 -3.800000e+01
      vertex   -3.128395e+01 -1.781470e+01 -3.800852e+01
      vertex   -2.988889e+01 -1.781470e+01 -3.800852e+01
    endloop
  endfacet
  facet normal -3.322411e-16 -1.305262e-01 9.914449e-01
    outer loop
      vertex   -5.500000e+01 -1.775000e+01 -3.800000e+01
      vertex   -2.988889e+01 -1.781470e+01 -3.800852e+01
      vertex   -2.849383e+01 -1.781470e+01 -3.800852e+01
    endloop
  endfacet
  facet normal -9.745552e-16 -3.826834e-01 9.238795e-01
    outer loop
      vertex   -2.849383e+01 -1.781470e+01 -3.800852e+01
      vertex   -2.988889e+01 -1.781470e+01 -3.800852e+01
      vertex   -2.849383e+01 -1.787500e+01 -3.803349e+01
    endloop
  endfacet
  facet normal 0.000000e+00 -3.826834e-01 9.238795e-01
    outer loop
      vertex   -2.849383e+01 -1.781470e+01 -3.800852e+01
      vertex   -2.849383e+01 -1.787500e+01 -3.803349e+01
      vertex   -2.709877e+01 -1.787500e+01 -3.803349e+01
    endloop
  endfacet
  facet normal 0.000000e+00 -6.087614e-01 7.933533e-01
    outer loop
      vertex   -2.709877e+01 -1.787500e+01 -3.803349e+01
      vertex   -2.849383e+01 -1.787500e+01 -3.803349e+01
      vertex   -2.709877e+01 -1.792678e+01 -3.807322e+01
    endloop
  endfacet
  facet normal 0.000000e+00 -6.087614e-01 7.933533e-01
    outer loop
      vertex   -2.709877e+01 -1.787500e+01 -3.803349e+01
      vertex   -2.709877e+01 -1.792678e+01 -3.807322e+01
      vertex   -2.570370e+01 -1.792678e+01 -3.807322e+01
    endloop
  endfacet
  facet normal 0.000000e+00 -7.933533e-01 6.087614e-01
    outer loop
      vertex   -2.570370e+01 -1.792678e+01 -3.807322e+01
      vertex   -2.709877e+01 -1.792678e+01 -3.807322e+01
      vertex   -2.570370e+01 -1.796651e+01 -3.812500e+01
    endloop
  endfacet
  facet normal -2.019645e-15 -7.933533e-01 6.087614e-01
    outer loop
      vertex   -2.570370e+01 -1.792678e+01 -3.807322e+01
      vertex   -2.570370e+01 -1.796651e+01 -3.812500e+01
      vertex   -2.430864e+01 -1.796651e+01 -3.812500e+01
    endloop
  endfacet
  facet normal -2.352784e-15 -9.238795e-01 3.826834e-01
    outer loop
      vertex   -2.430864e+01 -1.796651e+01 -3.812500e+01
      vertex   -2.570370e+01 -1.796651e+01 -3.812500e+01
      vertex   -2.430864e+01 -1.799148e+01 -3.818530e+01
    endloop
  endfacet
  facet normal 0.000000e+00 -9.238795e-01 3.826834e-01
    outer loop
      vertex   -2.430864e+01 -1.796651e+01 -3.812500e+01
      vertex   -2.430864e+01 -1.799148e+01 -3.818530e+01
      vertex   -2.291358e+01 -1.799148e+01 -3.818530e+01
    endloop
  endfacet
  facet normal 0.000000e+00 -9.914449e-01 1.305262e-01
    outer loop
      vertex   -2.291358e+01 -1.799148e+01 -3.818530e+01
      vertex   -2.430864e+01 -1.799148e+01 -3.818530e+01
      vertex   -5.500000e+01 -1.800000e+01 -3.825000e+01
    endloop
  endfacet
  facet normal 0.000000e+00 -9.914449e-01 1.305262e-01
    outer loop
      vertex   -2.291358e+01 -1.799148e+01 -3.818530e+01
      vertex   -5.500000e+01 -1.800000e+01 -3.825000e+01
      vertex   -2.151852e+01 -1.799148e+01 -3.818530e+01
    endloop
  endfacet
  facet normal 0.000000e+00 -9.914449e-01 1.305262e-01
    outer loop
      vertex   -2.151852e+01 -1.799148e+01 -3.818530e+01
      vertex   -5.500000e+01 -1.800000e+01 -3.825000e+01
      vertex   -2.012346e+01 -1.799148e+01 -3.818530e+01
    endloop
  endfacet
  facet normal 0.000000e+00 -9.238795e-01 3.826834e-01
    outer loop
      vertex   -2.151852e+01 -1.799148e+01 -3.818530e+01
      vertex   -2.012346e+01 -1.799148e+01 -3.818530e+01
      vertex   -2.151852e+01 -1.796651e+01 -3.812500e+01
    endloop
  endfacet
  facet normal -2.352784e-15 -9.238795e-01 3.826834e-01
    outer loop
      vertex   -2.151852e+01 -1.796651e+01 -3.812500e+01
      vertex   -2.012346e+01 -1.799148e+01 -3.818530e+01
      vertex   -2.012346e+01 -1.796651e+01 -3.812500e+01
    endloop
  endfacet
  facet normal -2.020382e-15 -7.933533e-01 6.087614e-01
    outer loop
      vertex   -2.151852e+01 -1.796651e+01 -3.812500e+01
      vertex   -2.012346e+01 -1.796651e+01 -3.812500e+01
      vertex   -2.151852e+01 -1.792678e+01 -3.807322e+01
    endloop
  endfacet
  facet normal -2.020382e-15 -7.933533e-01 6.087614e-01
    outer loop
      vertex   -2.151852e+01 -1.792678e+01 -3.807322e+01
      vertex   -2.012346e+01 -1.796651e+01 -3.812500e+01
      vertex   -2.012346e+01 -1.792678e+01 -3.807322e+01
    endloop
  endfacet
  facet normal -1.550293e-15 -6.087614e-01 7.933533e-01
    outer loop
      vertex   -2.151852e+01 -1.792678e+01 -3.807322e+01
      vertex   -2.012346e+01 -1.792678e+01 -3.807322e+01
      vertex   -2.151852e+01 -1.787500e+01 -3.803349e+01
    endloop
  endfacet
  facet normal -1.550293e-15 -6.087614e-01 7.933533e-01
    outer loop
      vertex   -2.151852e+01 -1.787500e+01 -3.803349e+01
      vertex   -2.012346e+01 -1.792678e+01 -3.807322e+01
      vertex   -2.012346e+01 -1.787500e+01 -3.803349e+01
    endloop
  endfacet
  facet normal -9.745552e-16 -3.826834e-01 9.238795e-01
    outer loop
      vertex   -2.151852e+01 -1.787500e+01 -3.803349e+01
      vertex   -2.012346e+01 -1.787500e+01 -3.803349e+01
      vertex   -2.151852e+01 -1.781470e+01 -3.800852e+01
    endloop
  endfacet
  facet normal 0.000000e+00 -3.826834e-01 9.238795e-01
    outer loop
      vertex   -2.151852e+01 -1.781470e+01 -3.800852e+01
      vertex   -2.012346e+01 -1.787500e+01 -3.803349e+01
      vertex   -2.012346e+01 -1.781470e+01 -3.800852e+01
    endloop
  endfacet
  facet normal 0.000000e+00 -1.305262e-01 9.914449e-01
    outer loop
      vertex   -2.151852e+01 -1.781470e+01 -3.800852e+01
      vertex   -2.012346e+01 -1.781470e+01 -3.800852e+01
      vertex   -5.500000e+01 -1.775000e+01 -3.800000e+01
    endloop
  endfacet
  facet normal 0.000000e+00 -1.305262e-01 9.914449e-01
    outer loop
      vertex   -5.500000e+01 -1.775000e+01 -3.800000e+01
      vertex   -2.012346e+01 -1.781470e+01 -3.800852e+01
      vertex   -1.872840e+01 -1.781470e+01 -3.800852e+01
    endloop
  endfacet
  facet normal 0.000000e+00 -1.305262e-01 9.914449e-01
    outer loop
      vertex   -5.500000e+01 -1.775000e+01 -3.800000e+01
      vertex   -1.872840e+01 -1.781470e+01 -3.800852e+01
      vertex   -1.733333e+01 -1.781470e+01 -3.800852e+01
    endloop
  endfacet
  facet normal 0.000000e+00 -3.826834e-01 9.238795e-01
    outer loop
      vertex   -1.733333e+01 -1.781470e+01 -3.800852e+01
      vertex   -1.872840e+01 -1.781470e+01 -3.800852e+01
      vertex   -1.733333e+01 -1.787500e+01 -3.803349e+01
    endloop
  endfacet
  facet normal 0.000000e+00 -3.826834e-01 9.238795e-01
    outer loop
      vertex   -1.733333e+01 -1.781470e+01 -3.800852e+01
      vertex   -1.733333e+01 -1.787500e+01 -3.803349e+01
      vertex   -1.593827e+01 -1.787500e+01 -3.803349e+01
    endloop
  endfacet
  facet normal 0.000000e+00 -6.087614e-01 7.933533e-01
    outer loop
      vertex   -1.593827e+01 -1.787500e+01 -3.803349e+01
      vertex   -1.733333e+01 -1.787500e+01 -3.803349e+01
      vertex   -1.593827e+01 -1.792678e+01 -3.807322e+01
    endloop
  endfacet
  facet normal 0.000000e+00 -6.087614e-01 7.933533e-01
    outer loop
      vertex   -1.593827e+01 -1.787500e+01 -3.803349e+01
      vertex   -1.593827e+01 -1.792678e+01 -3.807322e+01
      vertex   -1.454321e+01 -1.792678e+01 -3.807322e+01
    endloop
  endfacet
  facet normal 0.000000e+00 -7.933533e-01 6.087614e-01
    outer loop
      vertex   -1.454321e+01 -1.792678e+01 -3.807322e+01
      vertex   -1.593827e+01 -1.792678e+01 -3.807322e+01
      vertex   -1.454321e+01 -1.796651e+01 -3.812500e+01
    endloop
  endfacet
  facet normal 0.000000e+00 -7.933533e-01 6.087614e-01
    outer loop
      vertex   -1.454321e+01 -1.792678e+01 -3.807322e+01
      vertex   -1.454321e+01 -1.796651e+01 -3.812500e+01
      vertex   -1.314815e+01 -1.796651e+01 -3.812500e+01
    endloop
  endfacet
  facet normal 0.000000e+00 -9.238795e-01 3.826834e-01
    outer loop
      vertex   -1.314815e+01 -1.796651e+01 -3.812500e+01
      vertex   -1.454321e+01 -1.796651e+01 -3.812500e+01
      vertex   -1.314815e+01 -1.799148e+01 -3.818530e+01
    endloop
  endfacet
  facet normal -2.353077e-15 -9.238795e-01 3.826834e-01
    outer loop
      vertex   -1.314815e+01 -1.796651e+01 -3.812500e+01
      vertex   -1.314815e+01 -1.799148e+01 -3.818530e+01
      vertex   -1.175309e+01 -1.799148e+01 -3.818530e+01
    endloop
  endfacet
  facet normal -2.524849e-15 -9.914449e-01 1.305262e-01
    outer loop
      vertex   -1.175309e+01 -1.799148e+01 -3.818530e+01
      vertex   -1.314815e+01 -1.799148e+01 -3.818530e+01
      vertex   -5.500000e+01 -1.800000e+01 -3.825000e+01
    endloop
  endfacet
  facet normal 0.000000e+00 -9.914449e-01 1.305262e-01
    outer loop
      vertex   -1.175309e+01 -1.799148e+01 -3.818530e+01
      vertex   -5.500000e+01 -1.800000e+01 -3.825000e+01
      vertex   -1.035802e+01 -1.799148e+01 -3.818530e+01
    endloop
  endfacet
  facet normal 0.000000e+00 -9.914449e-01 1.305262e-01
    outer loop
      vertex   -1.035802e+01 -1.799148e+01 -3.818530e+01
      vertex   -5.500000e+01 -1.800000e+01 -3.825000e+01
      vertex   -8.962963e+00 -1.799148e+01 -3.818530e+01
    endloop
  endfacet
  facet normal 0.000000e+00 -9.238795e-01 3.826834e-01
    outer loop
      vertex   -1.035802e+01 -1.799148e+01 -3.818530e+01
      vertex   -8.962963e+00 -1.799148e+01 -3.818530e+01
      vertex   -1.035802e+01 -1.796651e+01 -3.812500e+01
    endloop
  endfacet
  facet normal 0.000000e+00 -9.238795e-01 3.826834e-01
    outer loop
      vertex   -1.035802e+01 -1.796651e+01 -3.812500e+01
      vertex   -8.962963e+00 -1.799148e+01 -3.818530e+01
      vertex   -8.962963e+00 -1.796651e+01 -3.812500e+01
    endloop
  endfacet
  facet normal 0.000000e+00 -7.933533e-01 6.087614e-01
    outer loop
      vertex   -1.035802e+01 -1.796651e+01 -3.812500e+01
      vertex   -8.962963e+00 -1.796651e+01 -3.812500e+01
      vertex   -1.035802e+01 -1.792678e+01 -3.807322e+01
    endloop
  endfacet
  facet normal 0.000000e+00 -7.933533e-01 6.087614e-01
    outer loop
      vertex   -1.035802e+01 -1.792678e+01 -3.807322e+01
      vertex   -8.962963e+00 -1.796651e+01 -3.812500e+01
      vertex   -8.962963e+00 -1.792678e+01 -3.807322e+01
    endloop
  endfacet
  facet normal 0.000000e+00 -6.087614e-01 7.933533e-01
    outer loop
      vertex   -1.035802e+01 -1.792678e+01 -3.807322e+01
      vertex   -8.962963e+00 -1.792678e+01 -3.807322e+01
      vertex   -1.035802e+01 -1.787500e+01 -3.803349e+01
    endloop
  endfacet
  facet normal 0.000000e+00 -6.087614e-01 7.933533e-01
    outer loop
      vertex   -1.035802e+01 -1.787500e+01 -3.803349e+01
      vertex   -8.962963e+00 -1.792678e+01 -3.807322e+01
      vertex   -8.962963e+00 -1.787500e+01 -3.803349e+01
    endloop
  endfacet
  facet normal 0.000000e+00 -3.826834e-01 9.238795e-01
    outer loop
      vertex   -1.035802e+01 -1.787500e+01 -3.803349e+01
      vertex   -8.962963e+00 -1.787500e+01 -3.803349e+01
      vertex   -1.035802e+01 -1.781470e+01 -3.800852e+01
    endloop
  endfacet
  facet normal 0.000000e+00 -3.826834e-01 9.238795e-01
    outer loop
      vertex   -1.035802e+01 -1.781470e+01 -3.800852e+01
      vertex   -8.962963e+00 -1.787500e+01 -3.803349e+01
      vertex   -8.962963e+00 -1.781470e+01 -3.800852e+01
    endloop
  endfacet
  facet normal 0.000000e+00 -1.305262e-01 9.914449e-01
    outer loop
      vertex   -1.035802e+01 -1.781470e+01 -3.800852e+01
      vertex   -8.962963e+00 -1.781470e+01 -3.800852e+01
      vertex   -5.500000e+01 -1.775000e+01 -3.800000e+01
    endloop
  endfacet
  facet normal 0.000000e+00 -1.305262e-01 9.914449e-01
    outer loop
      vertex   -5.500000e+01 -1.775000e+01 -3.800000e+01
      vertex   -8.962963e+00 -1.781470e+01 -3.800852e+01
      vertex   -7.567901e+00 -1.781470e+01 -3.800852e+01
    endloop
  endfacet
  facet normal 0.000000e+00 -1.305262e-01 9.914449e-01
    outer loop
      vertex   -5.500000e+01 -1.775000e+01 -3.800000e+01
      vertex   -7.567901e+00 -1.781470e+01 -3.800852e+01
      vertex   -6.172840e+00 -1.781470e+01 -3.800852e+01
    endloop
  endfacet
  facet normal 0.000000e+00 -3.826834e-01 9.238795e-01
    outer loop
      vertex   -6.172840e+00 -1.781470e+01 -3.800852e+01
      vertex   -7.567901e+00 -1.781470e+01 -3.800852e+01
      vertex   -6.172840e+00 -1.787500e+01 -3.803349e+01
    endloop
  endfacet
  facet normal 0.000000e+00 -3.826834e-01 9.238795e-01
    outer loop
      vertex   -6.172840e+00 -1.781470e+01 -3.800852e+01
      vertex   -6.172840e+00 -1.787500e+01 -3.803349e+01
      vertex   -4.777778e+00 -1.787500e+01 -3.803349e+01
    endloop
  endfacet
  facet normal 0.000000e+00 -6.087614e-01 7.933533e-01
    outer loop
      vertex   -4.777778e+00 -1.787500e+01 -3.803349e+01
      vertex   -6.172840e+00 -1.787500e+01 -3.803349e+01
      vertex   -4.777778e+00 -1.792678e+01 -3.807322e+01
    endloop
  endfacet
  facet normal -1.548077e-15 -6.087614e-01 7.933533e-01
    outer loop
      vertex   -4.777778e+00 -1.787500e+01 -3.803349e+01
      vertex   -4.777778e+00 -1.792678e+01 -3.807322e+01
      vertex   -3.382716e+00 -1.792678e+01 -3.807322e+01
    endloop
  endfacet
  facet normal -2.020382e-15 -7.933533e-01 6.087614e-01
    outer loop
      vertex   -3.382716e+00 -1.792678e+01 -3.807322e+01
      vertex   -4.777778e+00 -1.792678e+01 -3.807322e+01
      vertex   -3.382716e+00 -1.796651e+01 -3.812500e+01
    endloop
  endfacet
  facet normal 0.000000e+00 -7.933533e-01 6.087614e-01
    outer loop
      vertex   -3.382716e+00 -1.792678e+01 -3.807322e+01
      vertex   -3.382716e+00 -1.796651e+01 -3.812500e+01
      vertex   -1.987654e+00 -1.796651e+01 -3.812500e+01
    endloop
  endfacet
  facet normal 0.000000e+00 -9.238795e-01 3.826834e-01
    outer loop
      vertex   -1.987654e+00 -1.796651e+01 -3.812500e+01
      vertex   -3.382716e+00 -1.796651e+01 -3.812500e+01
      vertex   -1.987654e+00 -1.799148e+01 -3.818530e+01
    endloop
  endfacet
  facet normal 0.000000e+00 -9.238795e-01 3.826834e-01
    outer loop
      vertex   -1.987654e+00 -1.796651e+01 -3.812500e+01
      vertex   -1.987654e+00 -1.799148e+01 -3.818530e+01
      vertex   -5.925926e-01 -1.799148e+01 -3.818530e+01
    endloop
  endfacet
  facet normal 0.000000e+00 -9.914449e-01 1.305262e-01
    outer loop
      vertex   -5.925926e-01 -1.799148e+01 -3.818530e+01
      vertex   -1.987654e+00 -1.799148e+01 -3.818530e+01
      vertex   -5.500000e+01 -1.800000e+01 -3.825000e+01
    endloop
  endfacet
  facet normal -2.524849e-15 -9.914449e-01 1.305262e-01
    outer loop
      vertex   -5.925926e-01 -1.799148e+01 -3.818530e+01
      vertex   -5.500000e+01 -1.800000e+01 -3.825000e+01
      vertex   8.024691e-01 -1.799148e+01 -3.818530e+01
    endloop
  endfacet
  facet normal -4.987366e-16 -9.914449e-01 1.305262e-01
    outer loop
      vertex   8.024691e-01 -1.799148e+01 -3.818530e+01
      vertex   -5.500000e+01 -1.800000e+01 -3.825000e+01
      vertex   5.800000e+01 -1.800000e+01 -3.825000e+01
    endloop
  endfacet
  facet normal 0.000000e+00 -9.914449e-01 1.305262e-01
    outer loop
      vertex   8.024691e-01 -1.799148e+01 -3.818530e+01
      vertex   5.800000e+01 -1.800000e+01 -3.825000e+01
      vertex   2.197531e+00 -1.799148e+01 -3.818530e+01
    endloop
  endfacet
  facet normal 0.000000e+00 -9.914449e-01 1.305262e-01
    outer loop
      vertex   2.197531e+00 -1.799148e+01 -3.818530e+01
      vertex   5.800000e+01 -1.800000e+01 -3.825000e+01
      vertex   3.592593e+00 -1.799148e+01 -3.818530e+01
    endloop
  endfacet
  facet normal 0.000000e+00 -9.238795e-01 3.826834e-01
    outer loop
      vertex   2.197531e+00 -1.799148e+01 -3.818530e+01
      vertex   3.592593e+00 -1.799148e+01 -3.818530e+01
      vertex   2.197531e+00 -1.796651e+01 -3.812500e+01
    endloop
  endfacet
  facet normal 0.000000e+00 -9.238795e-01 3.826834e-01
    outer loop
      vertex   2.197531e+00 -1.796651e+01 -3.812500e+01
      vertex   3.592593e+00 -1.799148e+01 -3.818530e+01
      vertex   3.592593e+00 -1.796651e+01 -3.812500e+01
    endloop
  endfacet
  facet normal 0.000000e+00 -7.933533e-01 6.087614e-01
    outer loop
      vertex   2.197531e+00 -1.796651e+01 -3.812500e+01
      vertex   3.592593e+00 -1.796651e+01 -3.812500e+01
      vertex   2.197531e+00 -1.792678e+01 -3.807322e+01
    endloop
  endfacet
  facet normal 0.000000e+00 -7.933533e-01 6.087614e-01
    outer loop
      vertex   2.197531e+00 -1.792678e+01 -3.807322e+01
      vertex   3.592593e+00 -1.796651e+01 -3.812500e+01
      vertex   3.592593e+00 -1.792678e+01 -3.807322e+01
    endloop
  endfacet
  facet normal 0.000000e+00 -6.087614e-01 7.933533e-01
    outer loop
      vertex   2.197531e+00 -1.792678e+01 -3.807322e+01
      vertex   3.592593e+00 -1.792678e+01 -3.807322e+01
      vertex   2.197531e+00 -1.787500e+01 -3.803349e+01
    endloop
  endfacet
  facet normal 0.000000e+00 -6.087614e-01 7.933533e-01
    outer loop
      vertex   2.197531e+00 -1.787500e+01 -3.803349e+01
      vertex   3.592593e+00 -1.792678e+01 -3.807322e+01
      vertex   3.592593e+00 -1.787500e+01 -3.803349e+01
    endloop
  endfacet
  facet normal 0.000000e+00 -3.826834e-01 9.238795e-01
    outer loop
      vertex   2.197531e+00 -1.787500e+01 -3.803349e+01
      vertex   3.592593e+00 -1.787500e+01 -3.803349e+01
      vertex   2.197531e+00 -1.781470e+01 -3.800852e+01
    endloop
  endfacet
  facet normal 0.000000e+00 -3.826834e-01 9.238795e-01
    outer loop
      vertex   2.197531e+00 -1.781470e+01 -3.800852e+01
      vertex   3.592593e+00 -1.787500e+01 -3.803349e+01
      vertex   3.592593e+00 -1.781470e+01 -3.800852e+01
    endloop
  endfacet
  facet normal 0.000000e+00 -1.305262e-01 9.914449e-01
    outer loop
      vertex   2.197531e+00 -1.781470e+01 -3.800852e+01
      vertex   3.592593e+00 -1.781470e+01 -3.800852e+01
      vertex   -5.500000e+01 -1.775000e+01 -3.800000e+01
    endloop
  endfacet
  facet normal 0.000000e+00 -1.305262e-01 9.914449e-01
    outer loop
      vertex   -5.500000e+01 -1.775000e+01 -3.800000e+01
      vertex   3.592593e+00 -1.781470e+01 -3.800852e+01
      vertex   4.987654e+00 -1.781470e+01 -3.800852e+01
    endloop
  endfacet
  facet normal 0.000000e+00 -1.305262e-01 9.914449e-01
    outer loop
      vertex   -5.500000e+01 -1.775000e+01 -3.800000e+01
      vertex   4.987654e+00 -1.781470e+01 -3.800852e+01
      vertex   6.382716e+00 -1.781470e+01 -3.800852e+01
    endloop
  endfacet
  facet normal 0.000000e+00 -3.826834e-01 9.238795e-01
    outer loop
      vertex   6.382716e+00 -1.781470e+01 -3.800852e+01
      vertex   4.987654e+00 -1.781470e+01 -3.800852e+01
      vertex   6.382716e+00 -1.787500e+01 -3.803349e+01
    endloop
  endfacet
  facet normal 0.000000e+00 -3.826834e-01 9.238795e-01
    outer loop
      vertex   6.382716e+00 -1.781470e+01 -3.800852e+01
      vertex   6.382716e+00 -1.787500e+01 -3.803349e+01
      vertex   7.777778e+00 -1.787500e+01 -3.803349e+01
    endloop
  endfacet
  facet normal 0.000000e+00 -6.087614e-01 7.933533e-01
    outer loop
      vertex   7.777778e+00 -1.787500e+01 -3.803349e+01
      vertex   6.382716e+00 -1.787500e+01 -3.803349e+01
      vertex   7.777778e+00 -1.792678e+01 -3.807322e+01
    endloop
  endfacet
  facet normal 0.000000e+00 -6.087614e-01 7.933533e-01
    outer loop
      vertex   7.777778e+00 -1.787500e+01 -3.803349e+01
      vertex   7.777778e+00 -1.792678e+01 -3.807322e+01
      vertex   9.172840e+00 -1.792678e+01 -3.807322e+01
    endloop
  endfacet
  facet normal 0.000000e+00 -7.933533e-01 6.087614e-01
    outer loop
      vertex   9.172840e+00 -1.792678e+01 -3.807322e+01
      vertex   7.777778e+00 -1.792678e+01 -3.807322e+01
      vertex   9.172840e+00 -1.796651e+01 -3.812500e+01
    endloop
  endfacet
  facet normal -2.019645e-15 -7.933533e-01 6.087614e-01
    outer loop
      vertex   9.172840e+00 -1.792678e+01 -3.807322e+01
      vertex   9.172840e+00 -1.796651e+01 -3.812500e+01
      vertex   1.056790e+01 -1.796651e+01 -3.812500e+01
    endloop
  endfacet
  facet normal -2.352784e-15 -9.238795e-01 3.826834e-01
    outer loop
      vertex   1.056790e+01 -1.796651e+01 -3.812500e+01
      vertex   9.172840e+00 -1.796651e+01 -3.812500e+01
      vertex   1.056790e+01 -1.799148e+01 -3.818530e+01
    endloop
  endfacet
  facet normal 0.000000e+00 -9.238795e-01 3.826834e-01
    outer loop
      vertex   1.056790e+01 -1.796651e+01 -3.812500e+01
      vertex   1.056790e+01 -1.799148e+01 -3.818530e+01
      vertex   1.196296e+01 -1.799148e+01 -3.818530e+01
    endloop
  endfacet
  facet normal 0.000000e+00 -9.914449e-01 1.305262e-01
    outer loop
      vertex   1.196296e+01 -1.799148e+01 -3.818530e+01
      vertex   1.056790e+01 -1.799148e+01 -3.818530e+01
      vertex   5.800000e+01 -1.800000e+01 -3.825000e+01
    endloop
  endfacet
  facet normal 0.000000e+00 -9.914449e-01 1.305262e-01
    outer loop
      vertex   1.196296e+01 -1.799148e+01 -3.818530e+01
      vertex   5.800000e+01 -1.800000e+01 -3.825000e+01
      vertex   1.335802e+01 -1.799148e+01 -3.818530e+01
    endloop
  endfacet
  facet normal 0.000000e+00 -9.914449e-01 1.305262e-01
    outer loop
      vertex   1.335802e+01 -1.799148e+01 -3.818530e+01
      vertex   5.800000e+01 -1.800000e+01 -3.825000e+01
      vertex   1.475309e+01 -1.799148e+01 -3.818530e+01
    endloop
  endfacet
  facet normal 0.000000e+00 -9.238795e-01 3.826834e-01
    outer loop
      vertex   1.335802e+01 -1.799148e+01 -3.818530e+01
      vertex   1.475309e+01 -1.799148e+01 -3.818530e+01
      vertex   1.335802e+01 -1.796651e+01 -3.812500e+01
    endloop
  endfacet
  facet normal -2.352784e-15 -9.238795e-01 3.826834e-01
    outer loop
      vertex   1.335802e+01 -1.796651e+01 -3.812500e+01
      vertex   1.475309e+01 -1.799148e+01 -3.818530e+01
      vertex   1.475309e+01 -1.796651e+01 -3.812500e+01
    endloop
  endfacet
  facet normal -2.020382e-15 -7.933533e-01 6.087614e-01
    outer loop
      vertex   1.335802e+01 -1.796651e+01 -3.812500e+01
      vertex   1.475309e+01 -1.796651e+01 -3.812500e+01
      vertex   1.335802e+01 -1.792678e+01 -3.807322e+01
    endloop
  endfacet
  facet normal 0.000000e+00 -7.933533e-01 6.087614e-01
    outer loop
      vertex   1.335802e+01 -1.792678e+01 -3.807322e+01
      vertex   1.475309e+01 -1.796651e+01 -3.812500e+01
      vertex   1.475309e+01 -1.792678e+01 -3.807322e+01
    endloop
  endfacet
  facet normal 0.000000e+00 -6.087614e-01 7.933533e-01
    outer loop
      vertex   1.335802e+01 -1.792678e+01 -3.807322e+01
      vertex   1.475309e+01 -1.792678e+01 -3.807322e+01
      vertex   1.335802e+01 -1.787500e+01 -3.803349e+01
    endloop
  endfacet
  facet normal -1.550293e-15 -6.087614e-01 7.933533e-01
    outer loop
      vertex   1.335802e+01 -1.787500e+01 -3.803349e+01
      vertex   1.475309e+01 -1.792678e+01 -3.807322e+01
      vertex   1.475309e+01 -1.787500e+01 -3.803349e+01
    endloop
  endfacet
  facet normal -9.745552e-16 -3.826834e-01 9.238795e-01
    outer loop
      vertex   1.335802e+01 -1.787500e+01 -3.803349e+01
      vertex   1.475309e+01 -1.787500e+01 -3.803349e+01
      vertex   1.335802e+01 -1.781470e+01 -3.800852e+01
    endloop
  endfacet
  facet normal 0.000000e+00 -3.826834e-01 9.238795e-01
    outer loop
      vertex   1.335802e+01 -1.781470e+01 -3.800852e+01
      vertex   1.475309e+01 -1.787500e+01 -3.803349e+01
      vertex   1.475309e+01 -1.781470e+01 -3.800852e+01
    endloop
  endfacet
  facet normal 0.000000e+00 -1.305262e-01 9.914449e-01
    outer loop
      vertex   1.335802e+01 -1.781470e+01 -3.800852e+01
      vertex   1.475309e+01 -1.781470e+01 -3.800852e+01
      vertex   -5.500000e+01 -1.775000e+01 -3.800000e+01
    endloop
  endfacet
  facet normal 0.000000e+00 -1.305262e-01 9.914449e-01
    outer loop
      vertex   -5.500000e+01 -1.775000e+01 -3.800000e+01
      vertex   1.475309e+01 -1.781470e+01 -3.800852e+01
      vertex   1.614815e+01 -1.781470e+01 -3.800852e+01
    endloop
  endfacet
  facet normal 0.000000e+00 -1.305262e-01 9.914449e-01
    outer loop
      vertex   -5.500000e+01 -1.775000e+01 -3.800000e+01
      vertex   1.614815e+01 -1.781470e+01 -3.800852e+01
      vertex   1.754321e+01 -1.781470e+01 -3.800852e+01
    endloop
  endfacet
  facet normal 0.000000e+00 -3.826834e-01 9.238795e-01
    outer loop
      vertex   1.754321e+01 -1.781470e+01 -3.800852e+01
      vertex   1.614815e+01 -1.781470e+01 -3.800852e+01
      vertex   1.754321e+01 -1.787500e+01 -3.803349e+01
    endloop
  endfacet
  facet normal 0.000000e+00 -3.826834e-01 9.238795e-01
    outer loop
      vertex   1.754321e+01 -1.781470e+01 -3.800852e+01
      vertex   1.754321e+01 -1.787500e+01 -3.803349e+01
      vertex   1.893827e+01 -1.787500e+01 -3.803349e+01
    endloop
  endfacet
  facet normal 0.000000e+00 -6.087614e-01 7.933533e-01
    outer loop
      vertex   1.893827e+01 -1.787500e+01 -3.803349e+01
      vertex   1.754321e+01 -1.787500e+01 -3.803349e+01
      vertex   1.893827e+01 -1.792678e+01 -3.807322e+01
    endloop
  endfacet
  facet normal 0.000000e+00 -6.087614e-01 7.933533e-01
    outer loop
      vertex   1.893827e+01 -1.787500e+01 -3.803349e+01
      vertex   1.893827e+01 -1.792678e+01 -3.807322e+01
      vertex   2.033333e+01 -1.792678e+01 -3.807322e+01
    endloop
  endfacet
  facet normal 0.000000e+00 -7.933533e-01 6.087614e-01
    outer loop
      vertex   2.033333e+01 -1.792678e+01 -3.807322e+01
      vertex   1.893827e+01 -1.792678e+01 -3.807322e+01
      vertex   2.033333e+01 -1.796651e+01 -3.812500e+01
    endloop
  endfacet
  facet normal 0.000000e+00 -7.933533e-01 6.087614e-01
    outer loop
      vertex   2.033333e+01 -1.792678e+01 -3.807322e+01
      vertex   2.033333e+01 -1.796651e+01 -3.812500e+01
      vertex   2.172840e+01 -1.796651e+01 -3.812500e+01
    endloop
  endfacet
  facet normal 0.000000e+00 -9.238795e-01 3.826834e-01
    outer loop
      vertex   2.172840e+01 -1.796651e+01 -3.812500e+01
      vertex   2.033333e+01 -1.796651e+01 -3.812500e+01
      vertex   2.172840e+01 -1.799148e+01 -3.818530e+01
    endloop
  endfacet
  facet normal -2.353077e-15 -9.238795e-01 3.826834e-01
    outer loop
      vertex   2.172840e+01 -1.796651e+01 -3.812500e+01
      vertex   2.172840e+01 -1.799148e+01 -3.818530e+01
      vertex   2.312346e+01 -1.799148e+01 -3.818530e+01
    endloop
  endfacet
  facet normal -2.524849e-15 -9.914449e-01 1.305262e-01
    outer loop
      vertex   2.312346e+01 -1.799148e+01 -3.818530e+01
      vertex   2.172840e+01 -1.799148e+01 -3.818530e+01
      vertex   5.800000e+01 -1.800000e+01 -3.825000e+01
    endloop
  endfacet
  facet normal 0.000000e+00 -9.914449e-01 1.305262e-01
    outer loop
      vertex   2.312346e+01 -1.799148e+01 -3.818530e+01
      vertex   5.800000e+01 -1.800000e+01 -3.825000e+01
      vertex   2.451852e+01 -1.799148e+01 -3.818530e+01
    endloop
  endfacet
  facet normal 0.000000e+00 -9.914449e-01 1.305262e-01
    outer loop
      vertex   2.451852e+01 -1.799148e+01 -3.818530e+01
      vertex   5.800000e+01 -1.800000e+01 -3.825000e+01
      vertex   2.591358e+01 -1.799148e+01 -3.818530e+01
    endloop
  endfacet
  facet normal 0.000000e+00 -9.238795e-01 3.826834e-01
    outer loop
      vertex   2.451852e+01 -1.799148e+01 -3.818530e+01
      vertex   2.591358e+01 -1.799148e+01 -3.818530e+01
      vertex   2.451852e+01 -1.796651e+01 -3.812500e+01
    endloop
  endfacet
  facet normal 1.949110e-15 -3.826834e-01 9.238795e-01
    outer loop
      vertex   -5.360494e+01 -1.781470e+01 -3.800852e+01
      vertex   -5.500000e+01 -1.781470e+01 -3.800852e+01
      vertex   -5.360494e+01 -1.787500e+01 -3.803349e+01
    endloop
  endfacet
  facet normal 0.000000e+00 -3.826834e-01 9.238795e-01
    outer loop
      vertex   -5.360494e+01 -1.787500e+01 -3.803349e+01
      vertex   -5.500000e+01 -1.781470e+01 -3.800852e+01
      vertex   -5.500000e+01 -1.787500e+01 -3.803349e+01
    endloop
  endfacet
  facet normal 0.000000e+00 -6.087614e-01 7.933533e-01
    outer loop
      vertex   -5.360494e+01 -1.787500e+01 -3.803349e+01
      vertex   -5.500000e+01 -1.787500e+01 -3.803349e+01
      vertex   -5.360494e+01 -1.792678e+01 -3.807322e+01
    endloop
  endfacet
  facet normal 0.000000e+00 -6.087614e-01 7.933533e-01
    outer loop
      vertex   -5.360494e+01 -1.792678e+01 -3.807322e+01
      vertex   -5.500000e+01 -1.787500e+01 -3.803349e+01
      vertex   -5.500000e+01 -1.792678e+01 -3.807322e+01
    endloop
  endfacet
  facet normal 0.000000e+00 -7.933533e-01 6.087614e-01
    outer loop
      vertex   -5.360494e+01 -1.792678e+01 -3.807322e+01
      vertex   -5.500000e+01 -1.792678e+01 -3.807322e+01
      vertex   -5.360494e+01 -1.796651e+01 -3.812500e+01
    endloop
  endfacet
  facet normal -2.020382e-15 -7.933533e-01 6.087614e-01
    outer loop
      vertex   -5.360494e+01 -1.796651e+01 -3.812500e+01
      vertex   -5.500000e+01 -1.792678e+01 -3.807322e+01
      vertex   -5.500000e+01 -1.796651e+01 -3.812500e+01
    endloop
  endfacet
  facet normal -2.352784e-15 -9.238795e-01 3.826834e-01
    outer loop
      vertex   -5.360494e+01 -1.796651e+01 -3.812500e+01
      vertex   -5.500000e+01 -1.796651e+01 -3.812500e+01
      vertex   -5.360494e+01 -1.799148e+01 -3.818530e+01
    endloop
  endfacet
  facet normal -4.036740e-16 -9.238795e-01 3.826834e-01
    outer loop
      vertex   -5.360494e+01 -1.799148e+01 -3.818530e+01
      vertex   -5.500000e+01 -1.796651e+01 -3.812500e+01
      vertex   -5.500000e+01 -1.799148e+01 -3.818530e+01
    endloop
  endfacet
  facet normal -1.860043e-15 -9.914449e-01 1.305262e-01
    outer loop
      vertex   -5.360494e+01 -1.799148e+01 -3.818530e+01
      vertex   -5.500000e+01 -1.799148e+01 -3.818530e+01
      vertex   -5.500000e+01 -1.800000e+01 -3.825000e+01
    endloop
  endfacet
  facet normal 8.427855e-04 -4.707409e-01 8.822711e-01
    outer loop
      vertex   5.788889e+01 -1.788889e+01 -3.804213e+01
      vertex   5.784567e+01 -1.784567e+01 -3.801903e+01
      vertex   5.660494e+01 -1.787500e+01 -3.803349e+01
    endloop
  endfacet
  facet normal -1.723805e-03 -3.826829e-01 9.238782e-01
    outer loop
      vertex   5.660494e+01 -1.787500e+01 -3.803349e+01
      vertex   5.784567e+01 -1.784567e+01 -3.801903e+01
      vertex   5.660494e+01 -1.781470e+01 -3.800852e+01
    endloop
  endfacet
  facet normal 0.000000e+00 -3.826834e-01 9.238795e-01
    outer loop
      vertex   5.660494e+01 -1.787500e+01 -3.803349e+01
      vertex   5.660494e+01 -1.781470e+01 -3.800852e+01
      vertex   5.520988e+01 -1.781470e+01 -3.800852e+01
    endloop
  endfacet
  facet normal 0.000000e+00 -2.270763e-01 9.738770e-01
    outer loop
      vertex   5.520988e+01 -1.781470e+01 -3.800852e+01
      vertex   5.660494e+01 -1.781470e+01 -3.800852e+01
      vertex   5.779877e+01 -1.779877e+01 -3.800480e+01
    endloop
  endfacet
  facet normal 8.846659e-04 -2.894743e-01 9.571854e-01
    outer loop
      vertex   5.784567e+01 -1.784567e+01 -3.801903e+01
      vertex   5.779877e+01 -1.779877e+01 -3.800480e+01
      vertex   5.660494e+01 -1.781470e+01 -3.800852e+01
    endloop
  endfacet
  facet normal 0.000000e+00 -3.826834e-01 9.238795e-01
    outer loop
      vertex   -5.220988e+01 -1.781470e+01 -3.800852e+01
      vertex   -5.360494e+01 -1.781470e+01 -3.800852e+01
      vertex   -5.220988e+01 -1.787500e+01 -3.803349e+01
    endloop
  endfacet
  facet normal 0.000000e+00 -3.826834e-01 9.238795e-01
    outer loop
      vertex   -5.220988e+01 -1.787500e+01 -3.803349e+01
      vertex   -5.360494e+01 -1.781470e+01 -3.800852e+01
      vertex   -5.360494e+01 -1.787500e+01 -3.803349e+01
    endloop
  endfacet
  facet normal 0.000000e+00 -6.087614e-01 7.933533e-01
    outer loop
      vertex   -5.220988e+01 -1.787500e+01 -3.803349e+01
      vertex   -5.360494e+01 -1.787500e+01 -3.803349e+01
      vertex   -5.220988e+01 -1.792678e+01 -3.807322e+01
    endloop
  endfacet
  facet normal 0.000000e+00 -6.087614e-01 7.933533e-01
    outer loop
      vertex   -5.220988e+01 -1.792678e+01 -3.807322e+01
      vertex   -5.360494e+01 -1.787500e+01 -3.803349e+01
      vertex   -5.360494e+01 -1.792678e+01 -3.807322e+01
    endloop
  endfacet
  facet normal 0.000000e+00 -7.933533e-01 6.087614e-01
    outer loop
      vertex   -5.220988e+01 -1.792678e+01 -3.807322e+01
      vertex   -5.360494e+01 -1.792678e+01 -3.807322e+01
      vertex   -5.220988e+01 -1.796651e+01 -3.812500e+01
    endloop
  endfacet
  facet normal 0.000000e+00 -7.933533e-01 6.087614e-01
    outer loop
      vertex   -5.220988e+01 -1.796651e+01 -3.812500e+01
      vertex   -5.360494e+01 -1.792678e+01 -3.807322e+01
      vertex   -5.360494e+01 -1.796651e+01 -3.812500e+01
    endloop
  endfacet
  facet normal 0.000000e+00 -9.238795e-01 3.826834e-01
    outer loop
      vertex   -5.220988e+01 -1.796651e+01 -3.812500e+01
      vertex   -5.360494e+01 -1.796651e+01 -3.812500e+01
      vertex   -5.220988e+01 -1.799148e+01 -3.818530e+01
    endloop
  endfacet
  facet normal 0.000000e+00 -9.238795e-01 3.826834e-01
    outer loop
      vertex   -5.220988e+01 -1.799148e+01 -3.818530e+01
      vertex   -5.360494e+01 -1.796651e+01 -3.812500e+01
      vertex   -5.360494e+01 -1.799148e+01 -3.818530e+01
    endloop
  endfacet
  facet normal 0.000000e+00 -9.914449e-01 1.305262e-01
    outer loop
      vertex   -5.220988e+01 -1.799148e+01 -3.818530e+01
      vertex   -5.360494e+01 -1.799148e+01 -3.818530e+01
      vertex   -5.500000e+01 -1.800000e+01 -3.825000e+01
    endloop
  endfacet
  facet normal 0.000000e+00 -1.305262e-01 9.914449e-01
    outer loop
      vertex   -5.081481e+01 -1.781470e+01 -3.800852e+01
      vertex   -4.941975e+01 -1.781470e+01 -3.800852e+01
      vertex   -5.500000e+01 -1.775000e+01 -3.800000e+01
    endloop
  endfacet
  facet normal 0.000000e+00 -1.305262e-01 9.914449e-01
    outer loop
      vertex   -5.500000e+01 -1.775000e+01 -3.800000e+01
      vertex   -4.941975e+01 -1.781470e+01 -3.800852e+01
      vertex   -4.802469e+01 -1.781470e+01 -3.800852e+01
    endloop
  endfacet
  facet normal -3.322411e-16 -1.305262e-01 9.914449e-01
    outer loop
      vertex   -5.500000e+01 -1.775000e+01 -3.800000e+01
      vertex   -4.802469e+01 -1.781470e+01 -3.800852e+01
      vertex   -4.662963e+01 -1.781470e+01 -3.800852e+01
    endloop
  endfacet
  facet normal -9.745552e-16 -3.826834e-01 9.238795e-01
    outer loop
      vertex   -4.662963e+01 -1.781470e+01 -3.800852e+01
      vertex   -4.802469e+01 -1.781470e+01 -3.800852e+01
      vertex   -4.662963e+01 -1.787500e+01 -3.803349e+01
    endloop
  endfacet
  facet normal 0.000000e+00 -3.826834e-01 9.238795e-01
    outer loop
      vertex   -4.662963e+01 -1.781470e+01 -3.800852e+01
      vertex   -4.662963e+01 -1.787500e+01 -3.803349e+01
      vertex   -4.523457e+01 -1.787500e+01 -3.803349e+01
    endloop
  endfacet
  facet normal 0.000000e+00 -6.087614e-01 7.933533e-01
    outer loop
      vertex   -4.523457e+01 -1.787500e+01 -3.803349e+01
      vertex   -4.662963e+01 -1.787500e+01 -3.803349e+01
      vertex   -4.523457e+01 -1.792678e+01 -3.807322e+01
    endloop
  endfacet
  facet normal 0.000000e+00 -6.087614e-01 7.933533e-01
    outer loop
      vertex   -4.523457e+01 -1.787500e+01 -3.803349e+01
      vertex   -4.523457e+01 -1.792678e+01 -3.807322e+01
      vertex   -4.383951e+01 -1.792678e+01 -3.807322e+01
    endloop
  endfacet
  facet normal 0.000000e+00 -7.933533e-01 6.087614e-01
    outer loop
      vertex   -4.383951e+01 -1.792678e+01 -3.807322e+01
      vertex   -4.523457e+01 -1.792678e+01 -3.807322e+01
      vertex   -4.383951e+01 -1.796651e+01 -3.812500e+01
    endloop
  endfacet
  facet normal 0.000000e+00 -3.826834e-01 9.238795e-01
    outer loop
      vertex   -5.081481e+01 -1.781470e+01 -3.800852e+01
      vertex   -4.941975e+01 -1.787500e+01 -3.803349e+01
      vertex   -4.941975e+01 -1.781470e+01 -3.800852e+01
    endloop
  endfacet
  facet normal 0.000000e+00 -3.826834e-01 9.238795e-01
    outer loop
      vertex   -4.941975e+01 -1.781470e+01 -3.800852e+01
      vertex   -4.941975e+01 -1.787500e+01 -3.803349e+01
      vertex   -4.802469e+01 -1.787500e+01 -3.803349e+01
    endloop
  endfacet
  facet normal 0.000000e+00 -3.826834e-01 9.238795e-01
    outer loop
      vertex   -4.941975e+01 -1.781470e+01 -3.800852e+01
      vertex   -4.802469e+01 -1.787500e+01 -3.803349e+01
      vertex   -4.802469e+01 -1.781470e+01 -3.800852e+01
    endloop
  endfacet
  facet normal -9.740976e-16 -3.826834e-01 9.238795e-01
    outer loop
      vertex   -4.802469e+01 -1.781470e+01 -3.800852e+01
      vertex   -4.802469e+01 -1.787500e+01 -3.803349e+01
      vertex   -4.662963e+01 -1.787500e+01 -3.803349e+01
    endloop
  endfacet
  facet normal 0.000000e+00 -1.305262e-01 9.914449e-01
    outer loop
      vertex   -4.383951e+01 -1.781470e+01 -3.800852e+01
      vertex   -5.500000e+01 -1.775000e+01 -3.800000e+01
      vertex   -4.523457e+01 -1.781470e+01 -3.800852e+01
    endloop
  endfacet
  facet normal 0.000000e+00 -1.305262e-01 9.914449e-01
    outer loop
      vertex   -4.523457e+01 -1.781470e+01 -3.800852e+01
      vertex   -5.500000e+01 -1.775000e+01 -3.800000e+01
      vertex   -4.662963e+01 -1.781470e+01 -3.800852e+01
    endloop
  endfacet
  facet normal 0.000000e+00 -3.826834e-01 9.238795e-01
    outer loop
      vertex   -4.523457e+01 -1.781470e+01 -3.800852e+01
      vertex   -4.662963e+01 -1.781470e+01 -3.800852e+01
      vertex   -4.523457e+01 -1.787500e+01 -3.803349e+01
    endloop
  endfacet
  facet normal 0.000000e+00 -3.826834e-01 9.238795e-01
    outer loop
      vertex   -4.383951e+01 -1.787500e+01 -3.803349e+01
      vertex   -4.383951e+01 -1.781470e+01 -3.800852e+01
      vertex   -4.523457e+01 -1.781470e+01 -3.800852e+01
    endloop
  endfacet
  facet normal 0.000000e+00 -3.826834e-01 9.238795e-01
    outer loop
      vertex   -4.383951e+01 -1.787500e+01 -3.803349e+01
      vertex   -4.523457e+01 -1.781470e+01 -3.800852e+01
      vertex   -4.523457e+01 -1.787500e+01 -3.803349e+01
    endloop
  endfacet
  facet normal 0.000000e+00 -3.826834e-01 9.238795e-01
    outer loop
      vertex   -4.104938e+01 -1.781470e+01 -3.800852e+01
      vertex   -4.244444e+01 -1.781470e+01 -3.800852e+01
      vertex   -4.104938e+01 -1.787500e+01 -3.803349e+01
    endloop
  endfacet
  facet normal 0.000000e+00 -3.826834e-01 9.238795e-01
    outer loop
      vertex   -4.104938e+01 -1.787500e+01 -3.803349e+01
      vertex   -4.244444e+01 -1.781470e+01 -3.800852e+01
      vertex   -4.244444e+01 -1.787500e+01 -3.803349e+01
    endloop
  endfacet
  facet normal 0.000000e+00 -6.087614e-01 7.933533e-01
    outer loop
      vertex   -4.104938e+01 -1.787500e+01 -3.803349e+01
      vertex   -4.244444e+01 -1.787500e+01 -3.803349e+01
      vertex   -4.104938e+01 -1.792678e+01 -3.807322e+01
    endloop
  endfacet
  facet normal 0.000000e+00 -6.087614e-01 7.933533e-01
    outer loop
      vertex   -4.104938e+01 -1.792678e+01 -3.807322e+01
      vertex   -4.244444e+01 -1.787500e+01 -3.803349e+01
      vertex   -4.244444e+01 -1.792678e+01 -3.807322e+01
    endloop
  endfacet
  facet normal 0.000000e+00 -7.933533e-01 6.087614e-01
    outer loop
      vertex   -4.104938e+01 -1.792678e+01 -3.807322e+01
      vertex   -4.244444e+01 -1.792678e+01 -3.807322e+01
      vertex   -4.104938e+01 -1.796651e+01 -3.812500e+01
    endloop
  endfacet
  facet normal 0.000000e+00 -7.933533e-01 6.087614e-01
    outer loop
      vertex   -4.104938e+01 -1.796651e+01 -3.812500e+01
      vertex   -4.244444e+01 -1.792678e+01 -3.807322e+01
      vertex   -4.244444e+01 -1.796651e+01 -3.812500e+01
    endloop
  endfacet
  facet normal 0.000000e+00 -9.238795e-01 3.826834e-01
    outer loop
      vertex   -4.104938e+01 -1.796651e+01 -3.812500e+01
      vertex   -4.244444e+01 -1.796651e+01 -3.812500e+01
      vertex   -4.104938e+01 -1.799148e+01 -3.818530e+01
    endloop
  endfacet
  facet normal 0.000000e+00 -9.238795e-01 3.826834e-01
    outer loop
      vertex   -4.104938e+01 -1.799148e+01 -3.818530e+01
      vertex   -4.244444e+01 -1.796651e+01 -3.812500e+01
      vertex   -4.244444e+01 -1.799148e+01 -3.818530e+01
    endloop
  endfacet
  facet normal 0.000000e+00 -9.914449e-01 1.305262e-01
    outer loop
      vertex   -4.104938e+01 -1.799148e+01 -3.818530e+01
      vertex   -4.244444e+01 -1.799148e+01 -3.818530e+01
      vertex   -5.500000e+01 -1.800000e+01 -3.825000e+01
    endloop
  endfacet
  facet normal -3.324026e-16 -1.305262e-01 9.914449e-01
    outer loop
      vertex   -3.965432e+01 -1.781470e+01 -3.800852e+01
      vertex   -3.825926e+01 -1.781470e+01 -3.800852e+01
      vertex   -5.500000e+01 -1.775000e+01 -3.800000e+01
    endloop
  endfacet
  facet normal 0.000000e+00 -1.305262e-01 9.914449e-01
    outer loop
      vertex   -5.500000e+01 -1.775000e+01 -3.800000e+01
      vertex   -3.825926e+01 -1.781470e+01 -3.800852e+01
      vertex   -3.686420e+01 -1.781470e+01 -3.800852e+01
    endloop
  endfacet
  facet normal 0.000000e+00 -1.305262e-01 9.914449e-01
    outer loop
      vertex   -5.500000e+01 -1.775000e+01 -3.800000e+01
      vertex   -3.686420e+01 -1.781470e+01 -3.800852e+01
      vertex   -3.546914e+01 -1.781470e+01 -3.800852e+01
    endloop
  endfacet
  facet normal 0.000000e+00 -3.826834e-01 9.238795e-01
    outer loop
      vertex   -3.546914e+01 -1.781470e+01 -3.800852e+01
      vertex   -3.686420e+01 -1.781470e+01 -3.800852e+01
      vertex   -3.546914e+01 -1.787500e+01 -3.803349e+01
    endloop
  endfacet
  facet normal 0.000000e+00 -3.826834e-01 9.238795e-01
    outer loop
      vertex   -3.546914e+01 -1.781470e+01 -3.800852e+01
      vertex   -3.546914e+01 -1.787500e+01 -3.803349e+01
      vertex   -3.407407e+01 -1.787500e+01 -3.803349e+01
    endloop
  endfacet
  facet normal 0.000000e+00 -6.087614e-01 7.933533e-01
    outer loop
      vertex   -3.407407e+01 -1.787500e+01 -3.803349e+01
      vertex   -3.546914e+01 -1.787500e+01 -3.803349e+01
      vertex   -3.407407e+01 -1.792678e+01 -3.807322e+01
    endloop
  endfacet
  facet normal -1.548077e-15 -6.087614e-01 7.933533e-01
    outer loop
      vertex   -3.407407e+01 -1.787500e+01 -3.803349e+01
      vertex   -3.407407e+01 -1.792678e+01 -3.807322e+01
      vertex   -3.267901e+01 -1.792678e+01 -3.807322e+01
    endloop
  endfacet
  facet normal -2.020382e-15 -7.933533e-01 6.087614e-01
    outer loop
      vertex   -3.267901e+01 -1.792678e+01 -3.807322e+01
      vertex   -3.407407e+01 -1.792678e+01 -3.807322e+01
      vertex   -3.267901e+01 -1.796651e+01 -3.812500e+01
    endloop
  endfacet
  facet normal -9.745552e-16 -3.826834e-01 9.238795e-01
    outer loop
      vertex   -3.965432e+01 -1.781470e+01 -3.800852e+01
      vertex   -3.825926e+01 -1.787500e+01 -3.803349e+01
      vertex   -3.825926e+01 -1.781470e+01 -3.800852e+01
    endloop
  endfacet
  facet normal 0.000000e+00 -3.826834e-01 9.238795e-01
    outer loop
      vertex   -3.825926e+01 -1.781470e+01 -3.800852e+01
      vertex   -3.825926e+01 -1.787500e+01 -3.803349e+01
      vertex   -3.686420e+01 -1.787500e+01 -3.803349e+01
    endloop
  endfacet
  facet normal 0.000000e+00 -3.826834e-01 9.238795e-01
    outer loop
      vertex   -3.825926e+01 -1.781470e+01 -3.800852e+01
      vertex   -3.686420e+01 -1.787500e+01 -3.803349e+01
      vertex   -3.686420e+01 -1.781470e+01 -3.800852e+01
    endloop
  endfacet
  facet normal 0.000000e+00 -3.826834e-01 9.238795e-01
    outer loop
      vertex   -3.686420e+01 -1.781470e+01 -3.800852e+01
      vertex   -3.686420e+01 -1.787500e+01 -3.803349e+01
      vertex   -3.546914e+01 -1.787500e+01 -3.803349e+01
    endloop
  endfacet
  facet normal 0.000000e+00 -1.305262e-01 9.914449e-01
    outer loop
      vertex   -3.267901e+01 -1.781470e+01 -3.800852e+01
      vertex   -5.500000e+01 -1.775000e+01 -3.800000e+01
      vertex   -3.407407e+01 -1.781470e+01 -3.800852e+01
    endloop
  endfacet
  facet normal 0.000000e+00 -1.305262e-01 9.914449e-01
    outer loop
      vertex   -3.407407e+01 -1.781470e+01 -3.800852e+01
      vertex   -5.500000e+01 -1.775000e+01 -3.800000e+01
      vertex   -3.546914e+01 -1.781470e+01 -3.800852e+01
    endloop
  endfacet
  facet normal 0.000000e+00 -3.826834e-01 9.238795e-01
    outer loop
      vertex   -3.407407e+01 -1.781470e+01 -3.800852e+01
      vertex   -3.546914e+01 -1.781470e+01 -3.800852e+01
      vertex   -3.407407e+01 -1.787500e+01 -3.803349e+01
    endloop
  endfacet
  facet normal 0.000000e+00 -3.826834e-01 9.238795e-01
    outer loop
      vertex   -3.267901e+01 -1.787500e+01 -3.803349e+01
      vertex   -3.267901e+01 -1.781470e+01 -3.800852e+01
      vertex   -3.407407e+01 -1.781470e+01 -3.800852e+01
    endloop
  endfacet
  facet normal -9.745552e-16 -3.826834e-01 9.238795e-01
    outer loop
      vertex   -3.267901e+01 -1.787500e+01 -3.803349e+01
      vertex   -3.407407e+01 -1.781470e+01 -3.800852e+01
      vertex   -3.407407e+01 -1.787500e+01 -3.803349e+01
    endloop
  endfacet
  facet normal 0.000000e+00 -3.826834e-01 9.238795e-01
    outer loop
      vertex   -2.988889e+01 -1.781470e+01 -3.800852e+01
      vertex   -3.128395e+01 -1.781470e+01 -3.800852e+01
      vertex   -2.988889e+01 -1.787500e+01 -3.803349e+01
    endloop
  endfacet
  facet normal 0.000000e+00 -3.826834e-01 9.238795e-01
    outer loop
      vertex   -2.988889e+01 -1.787500e+01 -3.803349e+01
      vertex   -3.128395e+01 -1.781470e+01 -3.800852e+01
      vertex   -3.128395e+01 -1.787500e+01 -3.803349e+01
    endloop
  endfacet
  facet normal 0.000000e+00 -6.087614e-01 7.933533e-01
    outer loop
      vertex   -2.988889e+01 -1.787500e+01 -3.803349e+01
      vertex   -3.128395e+01 -1.787500e+01 -3.803349e+01
      vertex   -2.988889e+01 -1.792678e+01 -3.807322e+01
    endloop
  endfacet
  facet normal 0.000000e+00 -6.087614e-01 7.933533e-01
    outer loop
      vertex   -2.988889e+01 -1.792678e+01 -3.807322e+01
      vertex   -3.128395e+01 -1.787500e+01 -3.803349e+01
      vertex   -3.128395e+01 -1.792678e+01 -3.807322e+01
    endloop
  endfacet
  facet normal 0.000000e+00 -7.933533e-01 6.087614e-01
    outer loop
      vertex   -2.988889e+01 -1.792678e+01 -3.807322e+01
      vertex   -3.128395e+01 -1.792678e+01 -3.807322e+01
      vertex   -2.988889e+01 -1.796651e+01 -3.812500e+01
    endloop
  endfacet
  facet normal 0.000000e+00 -7.933533e-01 6.087614e-01
    outer loop
      vertex   -2.988889e+01 -1.796651e+01 -3.812500e+01
      vertex   -3.128395e+01 -1.792678e+01 -3.807322e+01
      vertex   -3.128395e+01 -1.796651e+01 -3.812500e+01
    endloop
  endfacet
  facet normal 0.000000e+00 -9.238795e-01 3.826834e-01
    outer loop
      vertex   -2.988889e+01 -1.796651e+01 -3.812500e+01
      vertex   -3.128395e+01 -1.796651e+01 -3.812500e+01
      vertex   -2.988889e+01 -1.799148e+01 -3.818530e+01
    endloop
  endfacet
  facet normal 0.000000e+00 -9.238795e-01 3.826834e-01
    outer loop
      vertex   -2.988889e+01 -1.799148e+01 -3.818530e+01
      vertex   -3.128395e+01 -1.796651e+01 -3.812500e+01
      vertex   -3.128395e+01 -1.799148e+01 -3.818530e+01
    endloop
  endfacet
  facet normal 0.000000e+00 -9.914449e-01 1.305262e-01
    outer loop
      vertex   -2.988889e+01 -1.799148e+01 -3.818530e+01
      vertex   -3.128395e+01 -1.799148e+01 -3.818530e+01
      vertex   -5.500000e+01 -1.800000e+01 -3.825000e+01
    endloop
  endfacet
  facet normal 0.000000e+00 -1.305262e-01 9.914449e-01
    outer loop
      vertex   -2.849383e+01 -1.781470e+01 -3.800852e+01
      vertex   -2.709877e+01 -1.781470e+01 -3.800852e+01
      vertex   -5.500000e+01 -1.775000e+01 -3.800000e+01
    endloop
  endfacet
  facet normal 0.000000e+00 -1.305262e-01 9.914449e-01
    outer loop
      vertex   -5.500000e+01 -1.775000e+01 -3.800000e+01
      vertex   -2.709877e+01 -1.781470e+01 -3.800852e+01
      vertex   -2.570370e+01 -1.781470e+01 -3.800852e+01
    endloop
  endfacet
  facet normal -3.322411e-16 -1.305262e-01 9.914449e-01
    outer loop
      vertex   -5.500000e+01 -1.775000e+01 -3.800000e+01
      vertex   -2.570370e+01 -1.781470e+01 -3.800852e+01
      vertex   -2.430864e+01 -1.781470e+01 -3.800852e+01
    endloop
  endfacet
  facet normal -9.745552e-16 -3.826834e-01 9.238795e-01
    outer loop
      vertex   -2.430864e+01 -1.781470e+01 -3.800852e+01
      vertex   -2.570370e+01 -1.781470e+01 -3.800852e+01
      vertex   -2.430864e+01 -1.787500e+01 -3.803349e+01
    endloop
  endfacet
  facet normal 0.000000e+00 -3.826834e-01 9.238795e-01
    outer loop
      vertex   -2.430864e+01 -1.781470e+01 -3.800852e+01
      vertex   -2.430864e+01 -1.787500e+01 -3.803349e+01
      vertex   -2.291358e+01 -1.787500e+01 -3.803349e+01
    endloop
  endfacet
  facet normal 0.000000e+00 -6.087614e-01 7.933533e-01
    outer loop
      vertex   -2.291358e+01 -1.787500e+01 -3.803349e+01
      vertex   -2.430864e+01 -1.787500e+01 -3.803349e+01
      vertex   -2.291358e+01 -1.792678e+01 -3.807322e+01
    endloop
  endfacet
  facet normal 0.000000e+00 -6.087614e-01 7.933533e-01
    outer loop
      vertex   -2.291358e+01 -1.787500e+01 -3.803349e+01
      vertex   -2.291358e+01 -1.792678e+01 -3.807322e+01
      vertex   -2.151852e+01 -1.792678e+01 -3.807322e+01
    endloop
  endfacet
  facet normal 0.000000e+00 -7.933533e-01 6.087614e-01
    outer loop
      vertex   -2.151852e+01 -1.792678e+01 -3.807322e+01
      vertex   -2.291358e+01 -1.792678e+01 -3.807322e+01
      vertex   -2.151852e+01 -1.796651e+01 -3.812500e+01
    endloop
  endfacet
  facet normal 0.000000e+00 -3.826834e-01 9.238795e-01
    outer loop
      vertex   -2.849383e+01 -1.781470e+01 -3.800852e+01
      vertex   -2.709877e+01 -1.787500e+01 -3.803349e+01
      vertex   -2.709877e+01 -1.781470e+01 -3.800852e+01
    endloop
  endfacet
  facet normal 0.000000e+00 -3.826834e-01 9.238795e-01
    outer loop
      vertex   -2.709877e+01 -1.781470e+01 -3.800852e+01
      vertex   -2.709877e+01 -1.787500e+01 -3.803349e+01
      vertex   -2.570370e+01 -1.787500e+01 -3.803349e+01
    endloop
  endfacet
  facet normal 0.000000e+00 -3.826834e-01 9.238795e-01
    outer loop
      vertex   -2.709877e+01 -1.781470e+01 -3.800852e+01
      vertex   -2.570370e+01 -1.787500e+01 -3.803349e+01
      vertex   -2.570370e+01 -1.781470e+01 -3.800852e+01
    endloop
  endfacet
  facet normal -9.740976e-16 -3.826834e-01 9.238795e-01
    outer loop
      vertex   -2.570370e+01 -1.781470e+01 -3.800852e+01
      vertex   -2.570370e+01 -1.787500e+01 -3.803349e+01
      vertex   -2.430864e+01 -1.787500e+01 -3.803349e+01
    endloop
  endfacet
  facet normal 0.000000e+00 -1.305262e-01 9.914449e-01
    outer loop
      vertex   -2.151852e+01 -1.781470e+01 -3.800852e+01
      vertex   -5.500000e+01 -1.775000e+01 -3.800000e+01
      vertex   -2.291358e+01 -1.781470e+01 -3.800852e+01
    endloop
  endfacet
  facet normal 0.000000e+00 -1.305262e-01 9.914449e-01
    outer loop
      vertex   -2.291358e+01 -1.781470e+01 -3.800852e+01
      vertex   -5.500000e+01 -1.775000e+01 -3.800000e+01
      vertex   -2.430864e+01 -1.781470e+01 -3.800852e+01
    endloop
  endfacet
  facet normal 0.000000e+00 -3.826834e-01 9.238795e-01
    outer loop
      vertex   -2.291358e+01 -1.781470e+01 -3.800852e+01
      vertex   -2.430864e+01 -1.781470e+01 -3.800852e+01
      vertex   -2.291358e+01 -1.787500e+01 -3.803349e+01
    endloop
  endfacet
  facet normal 0.000000e+00 -3.826834e-01 9.238795e-01
    outer loop
      vertex   -2.151852e+01 -1.787500e+01 -3.803349e+01
      vertex   -2.151852e+01 -1.781470e+01 -3.800852e+01
      vertex   -2.291358e+01 -1.781470e+01 -3.800852e+01
    endloop
  endfacet
  facet normal 0.000000e+00 -3.826834e-01 9.238795e-01
    outer loop
      vertex   -2.151852e+01 -1.787500e+01 -3.803349e+01
      vertex   -2.291358e+01 -1.781470e+01 -3.800852e+01
      vertex   -2.291358e+01 -1.787500e+01 -3.803349e+01
    endloop
  endfacet
  facet normal 0.000000e+00 -3.826834e-01 9.238795e-01
    outer loop
      vertex   -1.872840e+01 -1.781470e+01 -3.800852e+01
      vertex   -2.012346e+01 -1.781470e+01 -3.800852e+01
      vertex   -1.872840e+01 -1.787500e+01 -3.803349e+01
    endloop
  endfacet
  facet normal 0.000000e+00 -3.826834e-01 9.238795e-01
    outer loop
      vertex   -1.872840e+01 -1.787500e+01 -3.803349e+01
      vertex   -2.012346e+01 -1.781470e+01 -3.800852e+01
      vertex   -2.012346e+01 -1.787500e+01 -3.803349e+01
    endloop
  endfacet
  facet normal 0.000000e+00 -6.087614e-01 7.933533e-01
    outer loop
      vertex   -1.872840e+01 -1.787500e+01 -3.803349e+01
      vertex   -2.012346e+01 -1.787500e+01 -3.803349e+01
      vertex   -1.872840e+01 -1.792678e+01 -3.807322e+01
    endloop
  endfacet
  facet normal 0.000000e+00 -6.087614e-01 7.933533e-01
    outer loop
      vertex   -1.872840e+01 -1.792678e+01 -3.807322e+01
      vertex   -2.012346e+01 -1.787500e+01 -3.803349e+01
      vertex   -2.012346e+01 -1.792678e+01 -3.807322e+01
    endloop
  endfacet
  facet normal 0.000000e+00 -7.933533e-01 6.087614e-01
    outer loop
      vertex   -1.872840e+01 -1.792678e+01 -3.807322e+01
      vertex   -2.012346e+01 -1.792678e+01 -3.807322e+01
      vertex   -1.872840e+01 -1.796651e+01 -3.812500e+01
    endloop
  endfacet
  facet normal 0.000000e+00 -7.933533e-01 6.087614e-01
    outer loop
      vertex   -1.872840e+01 -1.796651e+01 -3.812500e+01
      vertex   -2.012346e+01 -1.792678e+01 -3.807322e+01
      vertex   -2.012346e+01 -1.796651e+01 -3.812500e+01
    endloop
  endfacet
  facet normal 0.000000e+00 -9.238795e-01 3.826834e-01
    outer loop
      vertex   -1.872840e+01 -1.796651e+01 -3.812500e+01
      vertex   -2.012346e+01 -1.796651e+01 -3.812500e+01
      vertex   -1.872840e+01 -1.799148e+01 -3.818530e+01
    endloop
  endfacet
  facet normal 0.000000e+00 -9.238795e-01 3.826834e-01
    outer loop
      vertex   -1.872840e+01 -1.799148e+01 -3.818530e+01
      vertex   -2.012346e+01 -1.796651e+01 -3.812500e+01
      vertex   -2.012346e+01 -1.799148e+01 -3.818530e+01
    endloop
  endfacet
  facet normal 0.000000e+00 -9.914449e-01 1.305262e-01
    outer loop
      vertex   -1.872840e+01 -1.799148e+01 -3.818530e+01
      vertex   -2.012346e+01 -1.799148e+01 -3.818530e+01
      vertex   -5.500000e+01 -1.800000e+01 -3.825000e+01
    endloop
  endfacet
  facet normal -3.324026e-16 -1.305262e-01 9.914449e-01
    outer loop
      vertex   -1.733333e+01 -1.781470e+01 -3.800852e+01
      vertex   -1.593827e+01 -1.781470e+01 -3.800852e+01
      vertex   -5.500000e+01 -1.775000e+01 -3.800000e+01
    endloop
  endfacet
  facet normal 0.000000e+00 -1.305262e-01 9.914449e-01
    outer loop
      vertex   -5.500000e+01 -1.775000e+01 -3.800000e+01
      vertex   -1.593827e+01 -1.781470e+01 -3.800852e+01
      vertex   -1.454321e+01 -1.781470e+01 -3.800852e+01
    endloop
  endfacet
  facet normal 0.000000e+00 -1.305262e-01 9.914449e-01
    outer loop
      vertex   -5.500000e+01 -1.775000e+01 -3.800000e+01
      vertex   -1.454321e+01 -1.781470e+01 -3.800852e+01
      vertex   -1.314815e+01 -1.781470e+01 -3.800852e+01
    endloop
  endfacet
  facet normal 0.000000e+00 -3.826834e-01 9.238795e-01
    outer loop
      vertex   -1.314815e+01 -1.781470e+01 -3.800852e+01
      vertex   -1.454321e+01 -1.781470e+01 -3.800852e+01
      vertex   -1.314815e+01 -1.787500e+01 -3.803349e+01
    endloop
  endfacet
  facet normal -9.740976e-16 -3.826834e-01 9.238795e-01
    outer loop
      vertex   -1.314815e+01 -1.781470e+01 -3.800852e+01
      vertex   -1.314815e+01 -1.787500e+01 -3.803349e+01
      vertex   -1.175309e+01 -1.787500e+01 -3.803349e+01
    endloop
  endfacet
  facet normal -1.550293e-15 -6.087614e-01 7.933533e-01
    outer loop
      vertex   -1.175309e+01 -1.787500e+01 -3.803349e+01
      vertex   -1.314815e+01 -1.787500e+01 -3.803349e+01
      vertex   -1.175309e+01 -1.792678e+01 -3.807322e+01
    endloop
  endfacet
  facet normal 0.000000e+00 -6.087614e-01 7.933533e-01
    outer loop
      vertex   -1.175309e+01 -1.787500e+01 -3.803349e+01
      vertex   -1.175309e+01 -1.792678e+01 -3.807322e+01
      vertex   -1.035802e+01 -1.792678e+01 -3.807322e+01
    endloop
  endfacet
  facet normal 0.000000e+00 -7.933533e-01 6.087614e-01
    outer loop
      vertex   -1.035802e+01 -1.792678e+01 -3.807322e+01
      vertex   -1.175309e+01 -1.792678e+01 -3.807322e+01
      vertex   -1.035802e+01 -1.796651e+01 -3.812500e+01
    endloop
  endfacet
  facet normal -9.745552e-16 -3.826834e-01 9.238795e-01
    outer loop
      vertex   -1.733333e+01 -1.781470e+01 -3.800852e+01
      vertex   -1.593827e+01 -1.787500e+01 -3.803349e+01
      vertex   -1.593827e+01 -1.781470e+01 -3.800852e+01
    endloop
  endfacet
  facet normal 0.000000e+00 -3.826834e-01 9.238795e-01
    outer loop
      vertex   -1.593827e+01 -1.781470e+01 -3.800852e+01
      vertex   -1.593827e+01 -1.787500e+01 -3.803349e+01
      vertex   -1.454321e+01 -1.787500e+01 -3.803349e+01
    endloop
  endfacet
  facet normal 0.000000e+00 -3.826834e-01 9.238795e-01
    outer loop
      vertex   -1.593827e+01 -1.781470e+01 -3.800852e+01
      vertex   -1.454321e+01 -1.787500e+01 -3.803349e+01
      vertex   -1.454321e+01 -1.781470e+01 -3.800852e+01
    endloop
  endfacet
  facet normal 0.000000e+00 -3.826834e-01 9.238795e-01
    outer loop
      vertex   -1.454321e+01 -1.781470e+01 -3.800852e+01
      vertex   -1.454321e+01 -1.787500e+01 -3.803349e+01
      vertex   -1.314815e+01 -1.787500e+01 -3.803349e+01
    endloop
  endfacet
  facet normal 0.000000e+00 -1.305262e-01 9.914449e-01
    outer loop
      vertex   -1.035802e+01 -1.781470e+01 -3.800852e+01
      vertex   -5.500000e+01 -1.775000e+01 -3.800000e+01
      vertex   -1.175309e+01 -1.781470e+01 -3.800852e+01
    endloop
  endfacet
  facet normal -3.324026e-16 -1.305262e-01 9.914449e-01
    outer loop
      vertex   -1.175309e+01 -1.781470e+01 -3.800852e+01
      vertex   -5.500000e+01 -1.775000e+01 -3.800000e+01
      vertex   -1.314815e+01 -1.781470e+01 -3.800852e+01
    endloop
  endfacet
  facet normal -9.745552e-16 -3.826834e-01 9.238795e-01
    outer loop
      vertex   -1.175309e+01 -1.781470e+01 -3.800852e+01
      vertex   -1.314815e+01 -1.781470e+01 -3.800852e+01
      vertex   -1.175309e+01 -1.787500e+01 -3.803349e+01
    endloop
  endfacet
  facet normal 0.000000e+00 -3.826834e-01 9.238795e-01
    outer loop
      vertex   -1.035802e+01 -1.787500e+01 -3.803349e+01
      vertex   -1.035802e+01 -1.781470e+01 -3.800852e+01
      vertex   -1.175309e+01 -1.781470e+01 -3.800852e+01
    endloop
  endfacet
  facet normal 0.000000e+00 -3.826834e-01 9.238795e-01
    outer loop
      vertex   -1.035802e+01 -1.787500e+01 -3.803349e+01
      vertex   -1.175309e+01 -1.781470e+01 -3.800852e+01
      vertex   -1.175309e+01 -1.787500e+01 -3.803349e+01
    endloop
  endfacet
  facet normal 0.000000e+00 -3.826834e-01 9.238795e-01
    outer loop
      vertex   -7.567901e+00 -1.781470e+01 -3.800852e+01
      vertex   -8.962963e+00 -1.781470e+01 -3.800852e+01
      vertex   -7.567901e+00 -1.787500e+01 -3.803349e+01
    endloop
  endfacet
  facet normal 0.000000e+00 -3.826834e-01 9.238795e-01
    outer loop
      vertex   -7.567901e+00 -1.787500e+01 -3.803349e+01
      vertex   -8.962963e+00 -1.781470e+01 -3.800852e+01
      vertex   -8.962963e+00 -1.787500e+01 -3.803349e+01
    endloop
  endfacet
  facet normal 0.000000e+00 -6.087614e-01 7.933533e-01
    outer loop
      vertex   -7.567901e+00 -1.787500e+01 -3.803349e+01
      vertex   -8.962963e+00 -1.787500e+01 -3.803349e+01
      vertex   -7.567901e+00 -1.792678e+01 -3.807322e+01
    endloop
  endfacet
  facet normal 0.000000e+00 -6.087614e-01 7.933533e-01
    outer loop
      vertex   -7.567901e+00 -1.792678e+01 -3.807322e+01
      vertex   -8.962963e+00 -1.787500e+01 -3.803349e+01
      vertex   -8.962963e+00 -1.792678e+01 -3.807322e+01
    endloop
  endfacet
  facet normal 0.000000e+00 -7.933533e-01 6.087614e-01
    outer loop
      vertex   -7.567901e+00 -1.792678e+01 -3.807322e+01
      vertex   -8.962963e+00 -1.792678e+01 -3.807322e+01
      vertex   -7.567901e+00 -1.796651e+01 -3.812500e+01
    endloop
  endfacet
  facet normal -2.020382e-15 -7.933533e-01 6.087614e-01
    outer loop
      vertex   -7.567901e+00 -1.796651e+01 -3.812500e+01
      vertex   -8.962963e+00 -1.792678e+01 -3.807322e+01
      vertex   -8.962963e+00 -1.796651e+01 -3.812500e+01
    endloop
  endfacet
  facet normal -2.352784e-15 -9.238795e-01 3.826834e-01
    outer loop
      vertex   -7.567901e+00 -1.796651e+01 -3.812500e+01
      vertex   -8.962963e+00 -1.796651e+01 -3.812500e+01
      vertex   -7.567901e+00 -1.799148e+01 -3.818530e+01
    endloop
  endfacet
  facet normal 0.000000e+00 -9.238795e-01 3.826834e-01
    outer loop
      vertex   -7.567901e+00 -1.799148e+01 -3.818530e+01
      vertex   -8.962963e+00 -1.796651e+01 -3.812500e+01
      vertex   -8.962963e+00 -1.799148e+01 -3.818530e+01
    endloop
  endfacet
  facet normal 0.000000e+00 -9.914449e-01 1.305262e-01
    outer loop
      vertex   -7.567901e+00 -1.799148e+01 -3.818530e+01
      vertex   -8.962963e+00 -1.799148e+01 -3.818530e+01
      vertex   -5.500000e+01 -1.800000e+01 -3.825000e+01
    endloop
  endfacet
  facet normal 0.000000e+00 -1.305262e-01 9.914449e-01
    outer loop
      vertex   -6.172840e+00 -1.781470e+01 -3.800852e+01
      vertex   -4.777778e+00 -1.781470e+01 -3.800852e+01
      vertex   -5.500000e+01 -1.775000e+01 -3.800000e+01
    endloop
  endfacet
  facet normal -3.322411e-16 -1.305262e-01 9.914449e-01
    outer loop
      vertex   -5.500000e+01 -1.775000e+01 -3.800000e+01
      vertex   -4.777778e+00 -1.781470e+01 -3.800852e+01
      vertex   -3.382716e+00 -1.781470e+01 -3.800852e+01
    endloop
  endfacet
  facet normal 0.000000e+00 -1.305262e-01 9.914449e-01
    outer loop
      vertex   -5.500000e+01 -1.775000e+01 -3.800000e+01
      vertex   -3.382716e+00 -1.781470e+01 -3.800852e+01
      vertex   -1.987654e+00 -1.781470e+01 -3.800852e+01
    endloop
  endfacet
  facet normal 0.000000e+00 -3.826834e-01 9.238795e-01
    outer loop
      vertex   -1.987654e+00 -1.781470e+01 -3.800852e+01
      vertex   -3.382716e+00 -1.781470e+01 -3.800852e+01
      vertex   -1.987654e+00 -1.787500e+01 -3.803349e+01
    endloop
  endfacet
  facet normal 0.000000e+00 -3.826834e-01 9.238795e-01
    outer loop
      vertex   -1.987654e+00 -1.781470e+01 -3.800852e+01
      vertex   -1.987654e+00 -1.787500e+01 -3.803349e+01
      vertex   -5.925926e-01 -1.787500e+01 -3.803349e+01
    endloop
  endfacet
  facet normal 0.000000e+00 -6.087614e-01 7.933533e-01
    outer loop
      vertex   -5.925926e-01 -1.787500e+01 -3.803349e+01
      vertex   -1.987654e+00 -1.787500e+01 -3.803349e+01
      vertex   -5.925926e-01 -1.792678e+01 -3.807322e+01
    endloop
  endfacet
  facet normal -1.548077e-15 -6.087614e-01 7.933533e-01
    outer loop
      vertex   -5.925926e-01 -1.787500e+01 -3.803349e+01
      vertex   -5.925926e-01 -1.792678e+01 -3.807322e+01
      vertex   8.024691e-01 -1.792678e+01 -3.807322e+01
    endloop
  endfacet
  facet normal -2.020382e-15 -7.933533e-01 6.087614e-01
    outer loop
      vertex   8.024691e-01 -1.792678e+01 -3.807322e+01
      vertex   -5.925926e-01 -1.792678e+01 -3.807322e+01
      vertex   8.024691e-01 -1.796651e+01 -3.812500e+01
    endloop
  endfacet
  facet normal 0.000000e+00 -7.933533e-01 6.087614e-01
    outer loop
      vertex   8.024691e-01 -1.792678e+01 -3.807322e+01
      vertex   8.024691e-01 -1.796651e+01 -3.812500e+01
      vertex   2.197531e+00 -1.796651e+01 -3.812500e+01
    endloop
  endfacet
  facet normal 0.000000e+00 -9.238795e-01 3.826834e-01
    outer loop
      vertex   2.197531e+00 -1.796651e+01 -3.812500e+01
      vertex   8.024691e-01 -1.796651e+01 -3.812500e+01
      vertex   2.197531e+00 -1.799148e+01 -3.818530e+01
    endloop
  endfacet
  facet normal 0.000000e+00 -3.826834e-01 9.238795e-01
    outer loop
      vertex   -6.172840e+00 -1.781470e+01 -3.800852e+01
      vertex   -4.777778e+00 -1.787500e+01 -3.803349e+01
      vertex   -4.777778e+00 -1.781470e+01 -3.800852e+01
    endloop
  endfacet
  facet normal -9.740976e-16 -3.826834e-01 9.238795e-01
    outer loop
      vertex   -4.777778e+00 -1.781470e+01 -3.800852e+01
      vertex   -4.777778e+00 -1.787500e+01 -3.803349e+01
      vertex   -3.382716e+00 -1.787500e+01 -3.803349e+01
    endloop
  endfacet
  facet normal -9.745552e-16 -3.826834e-01 9.238795e-01
    outer loop
      vertex   -4.777778e+00 -1.781470e+01 -3.800852e+01
      vertex   -3.382716e+00 -1.787500e+01 -3.803349e+01
      vertex   -3.382716e+00 -1.781470e+01 -3.800852e+01
    endloop
  endfacet
  facet normal 0.000000e+00 -3.826834e-01 9.238795e-01
    outer loop
      vertex   -3.382716e+00 -1.781470e+01 -3.800852e+01
      vertex   -3.382716e+00 -1.787500e+01 -3.803349e+01
      vertex   -1.987654e+00 -1.787500e+01 -3.803349e+01
    endloop
  endfacet
  facet normal 0.000000e+00 -1.305262e-01 9.914449e-01
    outer loop
      vertex   -1.987654e+00 -1.781470e+01 -3.800852e+01
      vertex   -5.925926e-01 -1.781470e+01 -3.800852e+01
      vertex   -5.500000e+01 -1.775000e+01 -3.800000e+01
    endloop
  endfacet
  facet normal -3.322411e-16 -1.305262e-01 9.914449e-01
    outer loop
      vertex   -5.500000e+01 -1.775000e+01 -3.800000e+01
      vertex   -5.925926e-01 -1.781470e+01 -3.800852e+01
      vertex   8.024691e-01 -1.781470e+01 -3.800852e+01
    endloop
  endfacet
  facet normal 0.000000e+00 -1.305262e-01 9.914449e-01
    outer loop
      vertex   -5.500000e+01 -1.775000e+01 -3.800000e+01
      vertex   8.024691e-01 -1.781470e+01 -3.800852e+01
      vertex   2.197531e+00 -1.781470e+01 -3.800852e+01
    endloop
  endfacet
  facet normal 0.000000e+00 -3.826834e-01 9.238795e-01
    outer loop
      vertex   2.197531e+00 -1.781470e+01 -3.800852e+01
      vertex   8.024691e-01 -1.781470e+01 -3.800852e+01
      vertex   2.197531e+00 -1.787500e+01 -3.803349e+01
    endloop
  endfacet
  facet normal 0.000000e+00 -3.826834e-01 9.238795e-01
    outer loop
      vertex   -1.987654e+00 -1.781470e+01 -3.800852e+01
      vertex   -5.925926e-01 -1.787500e+01 -3.803349e+01
      vertex   -5.925926e-01 -1.781470e+01 -3.800852e+01
    endloop
  endfacet
  facet normal -9.740976e-16 -3.826834e-01 9.238795e-01
    outer loop
      vertex   -5.925926e-01 -1.781470e+01 -3.800852e+01
      vertex   -5.925926e-01 -1.787500e+01 -3.803349e+01
      vertex   8.024691e-01 -1.787500e+01 -3.803349e+01
    endloop
  endfacet
  facet normal -9.745552e-16 -3.826834e-01 9.238795e-01
    outer loop
      vertex   -5.925926e-01 -1.781470e+01 -3.800852e+01
      vertex   8.024691e-01 -1.787500e+01 -3.803349e+01
      vertex   8.024691e-01 -1.781470e+01 -3.800852e+01
    endloop
  endfacet
  facet normal 0.000000e+00 -3.826834e-01 9.238795e-01
    outer loop
      vertex   8.024691e-01 -1.781470e+01 -3.800852e+01
      vertex   8.024691e-01 -1.787500e+01 -3.803349e+01
      vertex   2.197531e+00 -1.787500e+01 -3.803349e+01
    endloop
  endfacet
  facet normal 0.000000e+00 -3.826834e-01 9.238795e-01
    outer loop
      vertex   4.987654e+00 -1.781470e+01 -3.800852e+01
      vertex   3.592593e+00 -1.781470e+01 -3.800852e+01
      vertex   4.987654e+00 -1.787500e+01 -3.803349e+01
    endloop
  endfacet
  facet normal 0.000000e+00 -3.826834e-01 9.238795e-01
    outer loop
      vertex   4.987654e+00 -1.787500e+01 -3.803349e+01
      vertex   3.592593e+00 -1.781470e+01 -3.800852e+01
      vertex   3.592593e+00 -1.787500e+01 -3.803349e+01
    endloop
  endfacet
  facet normal 0.000000e+00 -6.087614e-01 7.933533e-01
    outer loop
      vertex   4.987654e+00 -1.787500e+01 -3.803349e+01
      vertex   3.592593e+00 -1.787500e+01 -3.803349e+01
      vertex   4.987654e+00 -1.792678e+01 -3.807322e+01
    endloop
  endfacet
  facet normal 0.000000e+00 -6.087614e-01 7.933533e-01
    outer loop
      vertex   4.987654e+00 -1.792678e+01 -3.807322e+01
      vertex   3.592593e+00 -1.787500e+01 -3.803349e+01
      vertex   3.592593e+00 -1.792678e+01 -3.807322e+01
    endloop
  endfacet
  facet normal 0.000000e+00 -7.933533e-01 6.087614e-01
    outer loop
      vertex   4.987654e+00 -1.792678e+01 -3.807322e+01
      vertex   3.592593e+00 -1.792678e+01 -3.807322e+01
      vertex   4.987654e+00 -1.796651e+01 -3.812500e+01
    endloop
  endfacet
  facet normal 0.000000e+00 -7.933533e-01 6.087614e-01
    outer loop
      vertex   4.987654e+00 -1.796651e+01 -3.812500e+01
      vertex   3.592593e+00 -1.792678e+01 -3.807322e+01
      vertex   3.592593e+00 -1.796651e+01 -3.812500e+01
    endloop
  endfacet
  facet normal 0.000000e+00 -9.238795e-01 3.826834e-01
    outer loop
      vertex   4.987654e+00 -1.796651e+01 -3.812500e+01
      vertex   3.592593e+00 -1.796651e+01 -3.812500e+01
      vertex   4.987654e+00 -1.799148e+01 -3.818530e+01
    endloop
  endfacet
  facet normal 0.000000e+00 -9.238795e-01 3.826834e-01
    outer loop
      vertex   4.987654e+00 -1.799148e+01 -3.818530e+01
      vertex   3.592593e+00 -1.796651e+01 -3.812500e+01
      vertex   3.592593e+00 -1.799148e+01 -3.818530e+01
    endloop
  endfacet
  facet normal 0.000000e+00 -9.914449e-01 1.305262e-01
    outer loop
      vertex   4.987654e+00 -1.799148e+01 -3.818530e+01
      vertex   3.592593e+00 -1.799148e+01 -3.818530e+01
      vertex   5.800000e+01 -1.800000e+01 -3.825000e+01
    endloop
  endfacet
  facet normal 0.000000e+00 -1.305262e-01 9.914449e-01
    outer loop
      vertex   6.382716e+00 -1.781470e+01 -3.800852e+01
      vertex   7.777778e+00 -1.781470e+01 -3.800852e+01
      vertex   -5.500000e+01 -1.775000e+01 -3.800000e+01
    endloop
  endfacet
  facet normal 0.000000e+00 -1.305262e-01 9.914449e-01
    outer loop
      vertex   -5.500000e+01 -1.775000e+01 -3.800000e+01
      vertex   7.777778e+00 -1.781470e+01 -3.800852e+01
      vertex   9.172840e+00 -1.781470e+01 -3.800852e+01
    endloop
  endfacet
  facet normal -3.322411e-16 -1.305262e-01 9.914449e-01
    outer loop
      vertex   -5.500000e+01 -1.775000e+01 -3.800000e+01
      vertex   9.172840e+00 -1.781470e+01 -3.800852e+01
      vertex   1.056790e+01 -1.781470e+01 -3.800852e+01
    endloop
  endfacet
  facet normal -9.745552e-16 -3.826834e-01 9.238795e-01
    outer loop
      vertex   1.056790e+01 -1.781470e+01 -3.800852e+01
      vertex   9.172840e+00 -1.781470e+01 -3.800852e+01
      vertex   1.056790e+01 -1.787500e+01 -3.803349e+01
    endloop
  endfacet
  facet normal 0.000000e+00 -3.826834e-01 9.238795e-01
    outer loop
      vertex   1.056790e+01 -1.781470e+01 -3.800852e+01
      vertex   1.056790e+01 -1.787500e+01 -3.803349e+01
      vertex   1.196296e+01 -1.787500e+01 -3.803349e+01
    endloop
  endfacet
  facet normal 0.000000e+00 -6.087614e-01 7.933533e-01
    outer loop
      vertex   1.196296e+01 -1.787500e+01 -3.803349e+01
      vertex   1.056790e+01 -1.787500e+01 -3.803349e+01
      vertex   1.196296e+01 -1.792678e+01 -3.807322e+01
    endloop
  endfacet
  facet normal 0.000000e+00 -6.087614e-01 7.933533e-01
    outer loop
      vertex   1.196296e+01 -1.787500e+01 -3.803349e+01
      vertex   1.196296e+01 -1.792678e+01 -3.807322e+01
      vertex   1.335802e+01 -1.792678e+01 -3.807322e+01
    endloop
  endfacet
  facet normal 0.000000e+00 -7.933533e-01 6.087614e-01
    outer loop
      vertex   1.335802e+01 -1.792678e+01 -3.807322e+01
      vertex   1.196296e+01 -1.792678e+01 -3.807322e+01
      vertex   1.335802e+01 -1.796651e+01 -3.812500e+01
    endloop
  endfacet
  facet normal 0.000000e+00 -3.826834e-01 9.238795e-01
    outer loop
      vertex   6.382716e+00 -1.781470e+01 -3.800852e+01
      vertex   7.777778e+00 -1.787500e+01 -3.803349e+01
      vertex   7.777778e+00 -1.781470e+01 -3.800852e+01
    endloop
  endfacet
  facet normal 0.000000e+00 -3.826834e-01 9.238795e-01
    outer loop
      vertex   7.777778e+00 -1.781470e+01 -3.800852e+01
      vertex   7.777778e+00 -1.787500e+01 -3.803349e+01
      vertex   9.172840e+00 -1.787500e+01 -3.803349e+01
    endloop
  endfacet
  facet normal 0.000000e+00 -3.826834e-01 9.238795e-01
    outer loop
      vertex   7.777778e+00 -1.781470e+01 -3.800852e+01
      vertex   9.172840e+00 -1.787500e+01 -3.803349e+01
      vertex   9.172840e+00 -1.781470e+01 -3.800852e+01
    endloop
  endfacet
  facet normal -9.740976e-16 -3.826834e-01 9.238795e-01
    outer loop
      vertex   9.172840e+00 -1.781470e+01 -3.800852e+01
      vertex   9.172840e+00 -1.787500e+01 -3.803349e+01
      vertex   1.056790e+01 -1.787500e+01 -3.803349e+01
    endloop
  endfacet
  facet normal 0.000000e+00 -1.305262e-01 9.914449e-01
    outer loop
      vertex   1.335802e+01 -1.781470e+01 -3.800852e+01
      vertex   -5.500000e+01 -1.775000e+01 -3.800000e+01
      vertex   1.196296e+01 -1.781470e+01 -3.800852e+01
    endloop
  endfacet
  facet normal 0.000000e+00 -1.305262e-01 9.914449e-01
    outer loop
      vertex   1.196296e+01 -1.781470e+01 -3.800852e+01
      vertex   -5.500000e+01 -1.775000e+01 -3.800000e+01
      vertex   1.056790e+01 -1.781470e+01 -3.800852e+01
    endloop
  endfacet
  facet normal 0.000000e+00 -3.826834e-01 9.238795e-01
    outer loop
      vertex   1.196296e+01 -1.781470e+01 -3.800852e+01
      vertex   1.056790e+01 -1.781470e+01 -3.800852e+01
      vertex   1.196296e+01 -1.787500e+01 -3.803349e+01
    endloop
  endfacet
  facet normal 0.000000e+00 -3.826834e-01 9.238795e-01
    outer loop
      vertex   1.335802e+01 -1.787500e+01 -3.803349e+01
      vertex   1.335802e+01 -1.781470e+01 -3.800852e+01
      vertex   1.196296e+01 -1.781470e+01 -3.800852e+01
    endloop
  endfacet
  facet normal 0.000000e+00 -3.826834e-01 9.238795e-01
    outer loop
      vertex   1.335802e+01 -1.787500e+01 -3.803349e+01
      vertex   1.196296e+01 -1.781470e+01 -3.800852e+01
      vertex   1.196296e+01 -1.787500e+01 -3.803349e+01
    endloop
  endfacet
  facet normal 0.000000e+00 -3.826834e-01 9.238795e-01
    outer loop
      vertex   1.614815e+01 -1.781470e+01 -3.800852e+01
      vertex   1.475309e+01 -1.781470e+01 -3.800852e+01
      vertex   1.614815e+01 -1.787500e+01 -3.803349e+01
    endloop
  endfacet
  facet normal 0.000000e+00 -3.826834e-01 9.238795e-01
    outer loop
      vertex   1.614815e+01 -1.787500e+01 -3.803349e+01
      vertex   1.475309e+01 -1.781470e+01 -3.800852e+01
      vertex   1.475309e+01 -1.787500e+01 -3.803349e+01
    endloop
  endfacet
  facet normal 0.000000e+00 -6.087614e-01 7.933533e-01
    outer loop
      vertex   1.614815e+01 -1.787500e+01 -3.803349e+01
      vertex   1.475309e+01 -1.787500e+01 -3.803349e+01
      vertex   1.614815e+01 -1.792678e+01 -3.807322e+01
    endloop
  endfacet
  facet normal 0.000000e+00 -6.087614e-01 7.933533e-01
    outer loop
      vertex   1.614815e+01 -1.792678e+01 -3.807322e+01
      vertex   1.475309e+01 -1.787500e+01 -3.803349e+01
      vertex   1.475309e+01 -1.792678e+01 -3.807322e+01
    endloop
  endfacet
  facet normal 0.000000e+00 -7.933533e-01 6.087614e-01
    outer loop
      vertex   1.614815e+01 -1.792678e+01 -3.807322e+01
      vertex   1.475309e+01 -1.792678e+01 -3.807322e+01
      vertex   1.614815e+01 -1.796651e+01 -3.812500e+01
    endloop
  endfacet
  facet normal 0.000000e+00 -7.933533e-01 6.087614e-01
    outer loop
      vertex   1.614815e+01 -1.796651e+01 -3.812500e+01
      vertex   1.475309e+01 -1.792678e+01 -3.807322e+01
      vertex   1.475309e+01 -1.796651e+01 -3.812500e+01
    endloop
  endfacet
  facet normal 0.000000e+00 -9.238795e-01 3.826834e-01
    outer loop
      vertex   1.614815e+01 -1.796651e+01 -3.812500e+01
      vertex   1.475309e+01 -1.796651e+01 -3.812500e+01
      vertex   1.614815e+01 -1.799148e+01 -3.818530e+01
    endloop
  endfacet
  facet normal 0.000000e+00 -9.238795e-01 3.826834e-01
    outer loop
      vertex   1.614815e+01 -1.799148e+01 -3.818530e+01
      vertex   1.475309e+01 -1.796651e+01 -3.812500e+01
      vertex   1.475309e+01 -1.799148e+01 -3.818530e+01
    endloop
  endfacet
  facet normal 0.000000e+00 -9.914449e-01 1.305262e-01
    outer loop
      vertex   1.614815e+01 -1.799148e+01 -3.818530e+01
      vertex   1.475309e+01 -1.799148e+01 -3.818530e+01
      vertex   5.800000e+01 -1.800000e+01 -3.825000e+01
    endloop
  endfacet
  facet normal 0.000000e+00 -1.305262e-01 9.914449e-01
    outer loop
      vertex   2.033333e+01 -1.781470e+01 -3.800852e+01
      vertex   -5.500000e+01 -1.775000e+01 -3.800000e+01
      vertex   1.893827e+01 -1.781470e+01 -3.800852e+01
    endloop
  endfacet
  facet normal -3.324026e-16 -1.305262e-01 9.914449e-01
    outer loop
      vertex   1.893827e+01 -1.781470e+01 -3.800852e+01
      vertex   -5.500000e+01 -1.775000e+01 -3.800000e+01
      vertex   1.754321e+01 -1.781470e+01 -3.800852e+01
    endloop
  endfacet
  facet normal -9.745552e-16 -3.826834e-01 9.238795e-01
    outer loop
      vertex   1.893827e+01 -1.781470e+01 -3.800852e+01
      vertex   1.754321e+01 -1.781470e+01 -3.800852e+01
      vertex   1.893827e+01 -1.787500e+01 -3.803349e+01
    endloop
  endfacet
  facet normal 0.000000e+00 -3.826834e-01 9.238795e-01
    outer loop
      vertex   2.033333e+01 -1.781470e+01 -3.800852e+01
      vertex   1.893827e+01 -1.781470e+01 -3.800852e+01
      vertex   2.033333e+01 -1.787500e+01 -3.803349e+01
    endloop
  endfacet
  facet normal 0.000000e+00 -3.826834e-01 9.238795e-01
    outer loop
      vertex   2.033333e+01 -1.787500e+01 -3.803349e+01
      vertex   1.893827e+01 -1.781470e+01 -3.800852e+01
      vertex   1.893827e+01 -1.787500e+01 -3.803349e+01
    endloop
  endfacet
  facet normal 0.000000e+00 -6.087614e-01 7.933533e-01
    outer loop
      vertex   2.033333e+01 -1.787500e+01 -3.803349e+01
      vertex   1.893827e+01 -1.787500e+01 -3.803349e+01
      vertex   2.033333e+01 -1.792678e+01 -3.807322e+01
    endloop
  endfacet
  facet normal -5.782805e-16 -2.270763e-01 9.738770e-01
    outer loop
      vertex   2.172840e+01 -1.781470e+01 -3.800852e+01
      vertex   2.312346e+01 -1.781470e+01 -3.800852e+01
      vertex   5.779877e+01 -1.779877e+01 -3.800480e+01
    endloop
  endfacet
  facet normal 0.000000e+00 -2.270763e-01 9.738770e-01
    outer loop
      vertex   5.779877e+01 -1.779877e+01 -3.800480e+01
      vertex   2.312346e+01 -1.781470e+01 -3.800852e+01
      vertex   2.451852e+01 -1.781470e+01 -3.800852e+01
    endloop
  endfacet
  facet normal 0.000000e+00 -2.270763e-01 9.738770e-01
    outer loop
      vertex   5.779877e+01 -1.779877e+01 -3.800480e+01
      vertex   2.451852e+01 -1.781470e+01 -3.800852e+01
      vertex   2.591358e+01 -1.781470e+01 -3.800852e+01
    endloop
  endfacet
  facet normal 0.000000e+00 -3.826834e-01 9.238795e-01
    outer loop
      vertex   2.591358e+01 -1.781470e+01 -3.800852e+01
      vertex   2.451852e+01 -1.781470e+01 -3.800852e+01
      vertex   2.591358e+01 -1.787500e+01 -3.803349e+01
    endloop
  endfacet
  facet normal -9.740976e-16 -3.826834e-01 9.238795e-01
    outer loop
      vertex   2.591358e+01 -1.781470e+01 -3.800852e+01
      vertex   2.591358e+01 -1.787500e+01 -3.803349e+01
      vertex   2.730864e+01 -1.787500e+01 -3.803349e+01
    endloop
  endfacet
  facet normal -1.550293e-15 -6.087614e-01 7.933533e-01
    outer loop
      vertex   2.730864e+01 -1.787500e+01 -3.803349e+01
      vertex   2.591358e+01 -1.787500e+01 -3.803349e+01
      vertex   2.730864e+01 -1.792678e+01 -3.807322e+01
    endloop
  endfacet
  facet normal 0.000000e+00 -6.087614e-01 7.933533e-01
    outer loop
      vertex   2.730864e+01 -1.787500e+01 -3.803349e+01
      vertex   2.730864e+01 -1.792678e+01 -3.807322e+01
      vertex   2.870370e+01 -1.792678e+01 -3.807322e+01
    endloop
  endfacet
  facet normal 0.000000e+00 -7.933533e-01 6.087614e-01
    outer loop
      vertex   2.870370e+01 -1.792678e+01 -3.807322e+01
      vertex   2.730864e+01 -1.792678e+01 -3.807322e+01
      vertex   2.870370e+01 -1.796651e+01 -3.812500e+01
    endloop
  endfacet
  facet normal -9.745552e-16 -3.826834e-01 9.238795e-01
    outer loop
      vertex   2.172840e+01 -1.781470e+01 -3.800852e+01
      vertex   2.312346e+01 -1.787500e+01 -3.803349e+01
      vertex   2.312346e+01 -1.781470e+01 -3.800852e+01
    endloop
  endfacet
  facet normal 0.000000e+00 -3.826834e-01 9.238795e-01
    outer loop
      vertex   2.312346e+01 -1.781470e+01 -3.800852e+01
      vertex   2.312346e+01 -1.787500e+01 -3.803349e+01
      vertex   2.451852e+01 -1.787500e+01 -3.803349e+01
    endloop
  endfacet
  facet normal 0.000000e+00 -3.826834e-01 9.238795e-01
    outer loop
      vertex   2.312346e+01 -1.781470e+01 -3.800852e+01
      vertex   2.451852e+01 -1.787500e+01 -3.803349e+01
      vertex   2.451852e+01 -1.781470e+01 -3.800852e+01
    endloop
  endfacet
  facet normal 0.000000e+00 -3.826834e-01 9.238795e-01
    outer loop
      vertex   2.451852e+01 -1.781470e+01 -3.800852e+01
      vertex   2.451852e+01 -1.787500e+01 -3.803349e+01
      vertex   2.591358e+01 -1.787500e+01 -3.803349e+01
    endloop
  endfacet
  facet normal 0.000000e+00 -2.270763e-01 9.738770e-01
    outer loop
      vertex   2.870370e+01 -1.781470e+01 -3.800852e+01
      vertex   5.779877e+01 -1.779877e+01 -3.800480e+01
      vertex   2.730864e+01 -1.781470e+01 -3.800852e+01
    endloop
  endfacet
  facet normal 0.000000e+00 -2.270763e-01 9.738770e-01
    outer loop
      vertex   2.730864e+01 -1.781470e+01 -3.800852e+01
      vertex   5.779877e+01 -1.779877e+01 -3.800480e+01
      vertex   2.591358e+01 -1.781470e+01 -3.800852e+01
    endloop
  endfacet
  facet normal 0.000000e+00 -3.826834e-01 9.238795e-01
    outer loop
      vertex   2.730864e+01 -1.781470e+01 -3.800852e+01
      vertex   2.591358e+01 -1.781470e+01 -3.800852e+01
      vertex   2.730864e+01 -1.787500e+01 -3.803349e+01
    endloop
  endfacet
  facet normal 0.000000e+00 -3.826834e-01 9.238795e-01
    outer loop
      vertex   2.870370e+01 -1.787500e+01 -3.803349e+01
      vertex   2.870370e+01 -1.781470e+01 -3.800852e+01
      vertex   2.730864e+01 -1.781470e+01 -3.800852e+01
    endloop
  endfacet
  facet normal 0.000000e+00 -3.826834e-01 9.238795e-01
    outer loop
      vertex   2.870370e+01 -1.787500e+01 -3.803349e+01
      vertex   2.730864e+01 -1.781470e+01 -3.800852e+01
      vertex   2.730864e+01 -1.787500e+01 -3.803349e+01
    endloop
  endfacet
  facet normal -9.745552e-16 -3.826834e-01 9.238795e-01
    outer loop
      vertex   3.149383e+01 -1.781470e+01 -3.800852e+01
      vertex   3.009877e+01 -1.781470e+01 -3.800852e+01
      vertex   3.149383e+01 -1.787500e+01 -3.803349e+01
    endloop
  endfacet
  facet normal 0.000000e+00 -3.826834e-01 9.238795e-01
    outer loop
      vertex   3.149383e+01 -1.787500e+01 -3.803349e+01
      vertex   3.009877e+01 -1.781470e+01 -3.800852e+01
      vertex   3.009877e+01 -1.787500e+01 -3.803349e+01
    endloop
  endfacet
  facet normal 0.000000e+00 -6.087614e-01 7.933533e-01
    outer loop
      vertex   3.149383e+01 -1.787500e+01 -3.803349e+01
      vertex   3.009877e+01 -1.787500e+01 -3.803349e+01
      vertex   3.149383e+01 -1.792678e+01 -3.807322e+01
    endloop
  endfacet
  facet normal 0.000000e+00 -6.087614e-01 7.933533e-01
    outer loop
      vertex   3.149383e+01 -1.792678e+01 -3.807322e+01
      vertex   3.009877e+01 -1.787500e+01 -3.803349e+01
      vertex   3.009877e+01 -1.792678e+01 -3.807322e+01
    endloop
  endfacet
  facet normal 0.000000e+00 -7.933533e-01 6.087614e-01
    outer loop
      vertex   3.149383e+01 -1.792678e+01 -3.807322e+01
      vertex   3.009877e+01 -1.792678e+01 -3.807322e+01
      vertex   3.149383e+01 -1.796651e+01 -3.812500e+01
    endloop
  endfacet
  facet normal -2.020382e-15 -7.933533e-01 6.087614e-01
    outer loop
      vertex   3.149383e+01 -1.796651e+01 -3.812500e+01
      vertex   3.009877e+01 -1.792678e+01 -3.807322e+01
      vertex   3.009877e+01 -1.796651e+01 -3.812500e+01
    endloop
  endfacet
  facet normal -2.352784e-15 -9.238795e-01 3.826834e-01
    outer loop
      vertex   3.149383e+01 -1.796651e+01 -3.812500e+01
      vertex   3.009877e+01 -1.796651e+01 -3.812500e+01
      vertex   3.149383e+01 -1.799148e+01 -3.818530e+01
    endloop
  endfacet
  facet normal -2.352784e-15 -9.238795e-01 3.826834e-01
    outer loop
      vertex   3.149383e+01 -1.799148e+01 -3.818530e+01
      vertex   3.009877e+01 -1.796651e+01 -3.812500e+01
      vertex   3.009877e+01 -1.799148e+01 -3.818530e+01
    endloop
  endfacet
  facet normal -2.524849e-15 -9.914449e-01 1.305262e-01
    outer loop
      vertex   3.149383e+01 -1.799148e+01 -3.818530e+01
      vertex   3.009877e+01 -1.799148e+01 -3.818530e+01
      vertex   5.800000e+01 -1.800000e+01 -3.825000e+01
    endloop
  endfacet
  facet normal 0.000000e+00 -2.270763e-01 9.738770e-01
    outer loop
      vertex   3.288889e+01 -1.781470e+01 -3.800852e+01
      vertex   3.428395e+01 -1.781470e+01 -3.800852e+01
      vertex   5.779877e+01 -1.779877e+01 -3.800480e+01
    endloop
  endfacet
  facet normal 0.000000e+00 -2.270763e-01 9.738770e-01
    outer loop
      vertex   5.779877e+01 -1.779877e+01 -3.800480e+01
      vertex   3.428395e+01 -1.781470e+01 -3.800852e+01
      vertex   3.567901e+01 -1.781470e+01 -3.800852e+01
    endloop
  endfacet
  facet normal 0.000000e+00 -2.270763e-01 9.738770e-01
    outer loop
      vertex   5.779877e+01 -1.779877e+01 -3.800480e+01
      vertex   3.567901e+01 -1.781470e+01 -3.800852e+01
      vertex   3.707407e+01 -1.781470e+01 -3.800852e+01
    endloop
  endfacet
  facet normal 0.000000e+00 -3.826834e-01 9.238795e-01
    outer loop
      vertex   3.707407e+01 -1.781470e+01 -3.800852e+01
      vertex   3.567901e+01 -1.781470e+01 -3.800852e+01
      vertex   3.707407e+01 -1.787500e+01 -3.803349e+01
    endloop
  endfacet
  facet normal 0.000000e+00 -3.826834e-01 9.238795e-01
    outer loop
      vertex   3.707407e+01 -1.781470e+01 -3.800852e+01
      vertex   3.707407e+01 -1.787500e+01 -3.803349e+01
      vertex   3.846914e+01 -1.787500e+01 -3.803349e+01
    endloop
  endfacet
  facet normal 0.000000e+00 -6.087614e-01 7.933533e-01
    outer loop
      vertex   3.846914e+01 -1.787500e+01 -3.803349e+01
      vertex   3.707407e+01 -1.787500e+01 -3.803349e+01
      vertex   3.846914e+01 -1.792678e+01 -3.807322e+01
    endloop
  endfacet
  facet normal 0.000000e+00 -6.087614e-01 7.933533e-01
    outer loop
      vertex   3.846914e+01 -1.787500e+01 -3.803349e+01
      vertex   3.846914e+01 -1.792678e+01 -3.807322e+01
      vertex   3.986420e+01 -1.792678e+01 -3.807322e+01
    endloop
  endfacet
  facet normal 0.000000e+00 -7.933533e-01 6.087614e-01
    outer loop
      vertex   3.986420e+01 -1.792678e+01 -3.807322e+01
      vertex   3.846914e+01 -1.792678e+01 -3.807322e+01
      vertex   3.986420e+01 -1.796651e+01 -3.812500e+01
    endloop
  endfacet
  facet normal 0.000000e+00 -3.826834e-01 9.238795e-01
    outer loop
      vertex   3.288889e+01 -1.781470e+01 -3.800852e+01
      vertex   3.428395e+01 -1.787500e+01 -3.803349e+01
      vertex   3.428395e+01 -1.781470e+01 -3.800852e+01
    endloop
  endfacet
  facet normal -9.740976e-16 -3.826834e-01 9.238795e-01
    outer loop
      vertex   3.428395e+01 -1.781470e+01 -3.800852e+01
      vertex   3.428395e+01 -1.787500e+01 -3.803349e+01
      vertex   3.567901e+01 -1.787500e+01 -3.803349e+01
    endloop
  endfacet
  facet normal 0.000000e+00 -3.826834e-01 9.238795e-01
    outer loop
      vertex   3.428395e+01 -1.781470e+01 -3.800852e+01
      vertex   3.567901e+01 -1.787500e+01 -3.803349e+01
      vertex   3.567901e+01 -1.781470e+01 -3.800852e+01
    endloop
  endfacet
  facet normal 0.000000e+00 -3.826834e-01 9.238795e-01
    outer loop
      vertex   3.567901e+01 -1.781470e+01 -3.800852e+01
      vertex   3.567901e+01 -1.787500e+01 -3.803349e+01
      vertex   3.707407e+01 -1.787500e+01 -3.803349e+01
    endloop
  endfacet
  facet normal 0.000000e+00 -2.270763e-01 9.738770e-01
    outer loop
      vertex   3.986420e+01 -1.781470e+01 -3.800852e+01
      vertex   5.779877e+01 -1.779877e+01 -3.800480e+01
      vertex   3.846914e+01 -1.781470e+01 -3.800852e+01
    endloop
  endfacet
  facet normal 0.000000e+00 -2.270763e-01 9.738770e-01
    outer loop
      vertex   3.846914e+01 -1.781470e+01 -3.800852e+01
      vertex   5.779877e+01 -1.779877e+01 -3.800480e+01
      vertex   3.707407e+01 -1.781470e+01 -3.800852e+01
    endloop
  endfacet
  facet normal 0.000000e+00 -3.826834e-01 9.238795e-01
    outer loop
      vertex   3.846914e+01 -1.781470e+01 -3.800852e+01
      vertex   3.707407e+01 -1.781470e+01 -3.800852e+01
      vertex   3.846914e+01 -1.787500e+01 -3.803349e+01
    endloop
  endfacet
  facet normal 0.000000e+00 -3.826834e-01 9.238795e-01
    outer loop
      vertex   3.986420e+01 -1.787500e+01 -3.803349e+01
      vertex   3.986420e+01 -1.781470e+01 -3.800852e+01
      vertex   3.846914e+01 -1.781470e+01 -3.800852e+01
    endloop
  endfacet
  facet normal 0.000000e+00 -3.826834e-01 9.238795e-01
    outer loop
      vertex   3.986420e+01 -1.787500e+01 -3.803349e+01
      vertex   3.846914e+01 -1.781470e+01 -3.800852e+01
      vertex   3.846914e+01 -1.787500e+01 -3.803349e+01
    endloop
  endfacet
  facet normal 0.000000e+00 -3.826834e-01 9.238795e-01
    outer loop
      vertex   4.265432e+01 -1.781470e+01 -3.800852e+01
      vertex   4.125926e+01 -1.781470e+01 -3.800852e+01
      vertex   4.265432e+01 -1.787500e+01 -3.803349e+01
    endloop
  endfacet
  facet normal 0.000000e+00 -3.826834e-01 9.238795e-01
    outer loop
      vertex   4.265432e+01 -1.787500e+01 -3.803349e+01
      vertex   4.125926e+01 -1.781470e+01 -3.800852e+01
      vertex   4.125926e+01 -1.787500e+01 -3.803349e+01
    endloop
  endfacet
  facet normal 0.000000e+00 -6.087614e-01 7.933533e-01
    outer loop
      vertex   4.265432e+01 -1.787500e+01 -3.803349e+01
      vertex   4.125926e+01 -1.787500e+01 -3.803349e+01
      vertex   4.265432e+01 -1.792678e+01 -3.807322e+01
    endloop
  endfacet
  facet normal 0.000000e+00 -6.087614e-01 7.933533e-01
    outer loop
      vertex   4.265432e+01 -1.792678e+01 -3.807322e+01
      vertex   4.125926e+01 -1.787500e+01 -3.803349e+01
      vertex   4.125926e+01 -1.792678e+01 -3.807322e+01
    endloop
  endfacet
  facet normal 0.000000e+00 -7.933533e-01 6.087614e-01
    outer loop
      vertex   4.265432e+01 -1.792678e+01 -3.807322e+01
      vertex   4.125926e+01 -1.792678e+01 -3.807322e+01
      vertex   4.265432e+01 -1.796651e+01 -3.812500e+01
    endloop
  endfacet
  facet normal 0.000000e+00 -7.933533e-01 6.087614e-01
    outer loop
      vertex   4.265432e+01 -1.796651e+01 -3.812500e+01
      vertex   4.125926e+01 -1.792678e+01 -3.807322e+01
      vertex   4.125926e+01 -1.796651e+01 -3.812500e+01
    endloop
  endfacet
  facet normal 0.000000e+00 -9.238795e-01 3.826834e-01
    outer loop
      vertex   4.265432e+01 -1.796651e+01 -3.812500e+01
      vertex   4.125926e+01 -1.796651e+01 -3.812500e+01
      vertex   4.265432e+01 -1.799148e+01 -3.818530e+01
    endloop
  endfacet
  facet normal 0.000000e+00 -9.238795e-01 3.826834e-01
    outer loop
      vertex   4.265432e+01 -1.799148e+01 -3.818530e+01
      vertex   4.125926e+01 -1.796651e+01 -3.812500e+01
      vertex   4.125926e+01 -1.799148e+01 -3.818530e+01
    endloop
  endfacet
  facet normal 0.000000e+00 -9.914449e-01 1.305262e-01
    outer loop
      vertex   4.265432e+01 -1.799148e+01 -3.818530e+01
      vertex   4.125926e+01 -1.799148e+01 -3.818530e+01
      vertex   5.800000e+01 -1.800000e+01 -3.825000e+01
    endloop
  endfacet
  facet normal -5.782805e-16 -2.270763e-01 9.738770e-01
    outer loop
      vertex   4.404938e+01 -1.781470e+01 -3.800852e+01
      vertex   4.544444e+01 -1.781470e+01 -3.800852e+01
      vertex   5.779877e+01 -1.779877e+01 -3.800480e+01
    endloop
  endfacet
  facet normal 0.000000e+00 -2.270763e-01 9.738770e-01
    outer loop
      vertex   5.779877e+01 -1.779877e+01 -3.800480e+01
      vertex   4.544444e+01 -1.781470e+01 -3.800852e+01
      vertex   4.683951e+01 -1.781470e+01 -3.800852e+01
    endloop
  endfacet
  facet normal 0.000000e+00 -2.270763e-01 9.738770e-01
    outer loop
      vertex   5.779877e+01 -1.779877e+01 -3.800480e+01
      vertex   4.683951e+01 -1.781470e+01 -3.800852e+01
      vertex   4.823457e+01 -1.781470e+01 -3.800852e+01
    endloop
  endfacet
  facet normal 0.000000e+00 -3.826834e-01 9.238795e-01
    outer loop
      vertex   4.823457e+01 -1.781470e+01 -3.800852e+01
      vertex   4.683951e+01 -1.781470e+01 -3.800852e+01
      vertex   4.823457e+01 -1.787500e+01 -3.803349e+01
    endloop
  endfacet
  facet normal -9.740976e-16 -3.826834e-01 9.238795e-01
    outer loop
      vertex   4.823457e+01 -1.781470e+01 -3.800852e+01
      vertex   4.823457e+01 -1.787500e+01 -3.803349e+01
      vertex   4.962963e+01 -1.787500e+01 -3.803349e+01
    endloop
  endfacet
  facet normal -1.550293e-15 -6.087614e-01 7.933533e-01
    outer loop
      vertex   4.962963e+01 -1.787500e+01 -3.803349e+01
      vertex   4.823457e+01 -1.787500e+01 -3.803349e+01
      vertex   4.962963e+01 -1.792678e+01 -3.807322e+01
    endloop
  endfacet
  facet normal 0.000000e+00 -6.087614e-01 7.933533e-01
    outer loop
      vertex   4.962963e+01 -1.787500e+01 -3.803349e+01
      vertex   4.962963e+01 -1.792678e+01 -3.807322e+01
      vertex   5.102469e+01 -1.792678e+01 -3.807322e+01
    endloop
  endfacet
  facet normal 0.000000e+00 -7.933533e-01 6.087614e-01
    outer loop
      vertex   5.102469e+01 -1.792678e+01 -3.807322e+01
      vertex   4.962963e+01 -1.792678e+01 -3.807322e+01
      vertex   5.102469e+01 -1.796651e+01 -3.812500e+01
    endloop
  endfacet
  facet normal -9.745552e-16 -3.826834e-01 9.238795e-01
    outer loop
      vertex   4.404938e+01 -1.781470e+01 -3.800852e+01
      vertex   4.544444e+01 -1.787500e+01 -3.803349e+01
      vertex   4.544444e+01 -1.781470e+01 -3.800852e+01
    endloop
  endfacet
  facet normal 0.000000e+00 -3.826834e-01 9.238795e-01
    outer loop
      vertex   4.544444e+01 -1.781470e+01 -3.800852e+01
      vertex   4.544444e+01 -1.787500e+01 -3.803349e+01
      vertex   4.683951e+01 -1.787500e+01 -3.803349e+01
    endloop
  endfacet
  facet normal 0.000000e+00 -3.826834e-01 9.238795e-01
    outer loop
      vertex   4.544444e+01 -1.781470e+01 -3.800852e+01
      vertex   4.683951e+01 -1.787500e+01 -3.803349e+01
      vertex   4.683951e+01 -1.781470e+01 -3.800852e+01
    endloop
  endfacet
  facet normal 0.000000e+00 -3.826834e-01 9.238795e-01
    outer loop
      vertex   4.683951e+01 -1.781470e+01 -3.800852e+01
      vertex   4.683951e+01 -1.787500e+01 -3.803349e+01
      vertex   4.823457e+01 -1.787500e+01 -3.803349e+01
    endloop
  endfacet
  facet normal 0.000000e+00 -2.270763e-01 9.738770e-01
    outer loop
      vertex   5.102469e+01 -1.781470e+01 -3.800852e+01
      vertex   5.779877e+01 -1.779877e+01 -3.800480e+01
      vertex   4.962963e+01 -1.781470e+01 -3.800852e+01
    endloop
  endfacet
  facet normal 0.000000e+00 -2.270763e-01 9.738770e-01
    outer loop
      vertex   4.962963e+01 -1.781470e+01 -3.800852e+01
      vertex   5.779877e+01 -1.779877e+01 -3.800480e+01
      vertex   4.823457e+01 -1.781470e+01 -3.800852e+01
    endloop
  endfacet
  facet normal 0.000000e+00 -3.826834e-01 9.238795e-01
    outer loop
      vertex   4.962963e+01 -1.781470e+01 -3.800852e+01
      vertex   4.823457e+01 -1.781470e+01 -3.800852e+01
      vertex   4.962963e+01 -1.787500e+01 -3.803349e+01
    endloop
  endfacet
  facet normal 0.000000e+00 -3.826834e-01 9.238795e-01
    outer loop
      vertex   5.102469e+01 -1.787500e+01 -3.803349e+01
      vertex   5.102469e+01 -1.781470e+01 -3.800852e+01
      vertex   4.962963e+01 -1.781470e+01 -3.800852e+01
    endloop
  endfacet
  facet normal 0.000000e+00 -3.826834e-01 9.238795e-01
    outer loop
      vertex   5.102469e+01 -1.787500e+01 -3.803349e+01
      vertex   4.962963e+01 -1.781470e+01 -3.800852e+01
      vertex   4.962963e+01 -1.787500e+01 -3.803349e+01
    endloop
  endfacet
  facet normal -9.745552e-16 -3.826834e-01 9.238795e-01
    outer loop
      vertex   5.381481e+01 -1.781470e+01 -3.800852e+01
      vertex   5.241975e+01 -1.781470e+01 -3.800852e+01
      vertex   5.381481e+01 -1.787500e+01 -3.803349e+01
    endloop
  endfacet
  facet normal 0.000000e+00 -3.826834e-01 9.238795e-01
    outer loop
      vertex   5.381481e+01 -1.787500e+01 -3.803349e+01
      vertex   5.241975e+01 -1.781470e+01 -3.800852e+01
      vertex   5.241975e+01 -1.787500e+01 -3.803349e+01
    endloop
  endfacet
  facet normal 0.000000e+00 -6.087614e-01 7.933533e-01
    outer loop
      vertex   5.381481e+01 -1.787500e+01 -3.803349e+01
      vertex   5.241975e+01 -1.787500e+01 -3.803349e+01
      vertex   5.381481e+01 -1.792678e+01 -3.807322e+01
    endloop
  endfacet
  facet normal -1.550293e-15 -6.087614e-01 7.933533e-01
    outer loop
      vertex   5.381481e+01 -1.792678e+01 -3.807322e+01
      vertex   5.241975e+01 -1.787500e+01 -3.803349e+01
      vertex   5.241975e+01 -1.792678e+01 -3.807322e+01
    endloop
  endfacet
  facet normal -2.020382e-15 -7.933533e-01 6.087614e-01
    outer loop
      vertex   5.381481e+01 -1.792678e+01 -3.807322e+01
      vertex   5.241975e+01 -1.792678e+01 -3.807322e+01
      vertex   5.381481e+01 -1.796651e+01 -3.812500e+01
    endloop
  endfacet
  facet normal 0.000000e+00 -3.826834e-01 9.238795e-01
    outer loop
      vertex   -5.220988e+01 -1.781470e+01 -3.800852e+01
      vertex   -5.220988e+01 -1.787500e+01 -3.803349e+01
      vertex   -5.081481e+01 -1.787500e+01 -3.803349e+01
    endloop
  endfacet
  facet normal 0.000000e+00 -6.087614e-01 7.933533e-01
    outer loop
      vertex   -5.081481e+01 -1.787500e+01 -3.803349e+01
      vertex   -5.220988e+01 -1.787500e+01 -3.803349e+01
      vertex   -5.081481e+01 -1.792678e+01 -3.807322e+01
    endloop
  endfacet
  facet normal 0.000000e+00 -6.087614e-01 7.933533e-01
    outer loop
      vertex   -5.081481e+01 -1.787500e+01 -3.803349e+01
      vertex   -5.081481e+01 -1.792678e+01 -3.807322e+01
      vertex   -4.941975e+01 -1.792678e+01 -3.807322e+01
    endloop
  endfacet
  facet normal 0.000000e+00 -7.933533e-01 6.087614e-01
    outer loop
      vertex   -4.941975e+01 -1.792678e+01 -3.807322e+01
      vertex   -5.081481e+01 -1.792678e+01 -3.807322e+01
      vertex   -4.941975e+01 -1.796651e+01 -3.812500e+01
    endloop
  endfacet
  facet normal 0.000000e+00 -7.933533e-01 6.087614e-01
    outer loop
      vertex   -4.941975e+01 -1.792678e+01 -3.807322e+01
      vertex   -4.941975e+01 -1.796651e+01 -3.812500e+01
      vertex   -4.802469e+01 -1.796651e+01 -3.812500e+01
    endloop
  endfacet
  facet normal 0.000000e+00 -9.238795e-01 3.826834e-01
    outer loop
      vertex   -4.802469e+01 -1.796651e+01 -3.812500e+01
      vertex   -4.941975e+01 -1.796651e+01 -3.812500e+01
      vertex   -4.802469e+01 -1.799148e+01 -3.818530e+01
    endloop
  endfacet
  facet normal -2.353077e-15 -9.238795e-01 3.826834e-01
    outer loop
      vertex   -4.802469e+01 -1.796651e+01 -3.812500e+01
      vertex   -4.802469e+01 -1.799148e+01 -3.818530e+01
      vertex   -4.662963e+01 -1.799148e+01 -3.818530e+01
    endloop
  endfacet
  facet normal -2.524849e-15 -9.914449e-01 1.305262e-01
    outer loop
      vertex   -4.662963e+01 -1.799148e+01 -3.818530e+01
      vertex   -4.802469e+01 -1.799148e+01 -3.818530e+01
      vertex   -5.500000e+01 -1.800000e+01 -3.825000e+01
    endloop
  endfacet
  facet normal -1.550293e-15 -6.087614e-01 7.933533e-01
    outer loop
      vertex   -5.081481e+01 -1.792678e+01 -3.807322e+01
      vertex   -5.220988e+01 -1.787500e+01 -3.803349e+01
      vertex   -5.220988e+01 -1.792678e+01 -3.807322e+01
    endloop
  endfacet
  facet normal 0.000000e+00 -6.087614e-01 7.933533e-01
    outer loop
      vertex   -4.941975e+01 -1.787500e+01 -3.803349e+01
      vertex   -4.802469e+01 -1.792678e+01 -3.807322e+01
      vertex   -4.802469e+01 -1.787500e+01 -3.803349e+01
    endloop
  endfacet
  facet normal -1.548077e-15 -6.087614e-01 7.933533e-01
    outer loop
      vertex   -4.802469e+01 -1.787500e+01 -3.803349e+01
      vertex   -4.802469e+01 -1.792678e+01 -3.807322e+01
      vertex   -4.662963e+01 -1.792678e+01 -3.807322e+01
    endloop
  endfacet
  facet normal -1.550293e-15 -6.087614e-01 7.933533e-01
    outer loop
      vertex   -4.802469e+01 -1.787500e+01 -3.803349e+01
      vertex   -4.662963e+01 -1.792678e+01 -3.807322e+01
      vertex   -4.662963e+01 -1.787500e+01 -3.803349e+01
    endloop
  endfacet
  facet normal 0.000000e+00 -6.087614e-01 7.933533e-01
    outer loop
      vertex   -4.662963e+01 -1.787500e+01 -3.803349e+01
      vertex   -4.662963e+01 -1.792678e+01 -3.807322e+01
      vertex   -4.523457e+01 -1.792678e+01 -3.807322e+01
    endloop
  endfacet
  facet normal 0.000000e+00 -6.087614e-01 7.933533e-01
    outer loop
      vertex   -4.383951e+01 -1.792678e+01 -3.807322e+01
      vertex   -4.383951e+01 -1.787500e+01 -3.803349e+01
      vertex   -4.523457e+01 -1.787500e+01 -3.803349e+01
    endloop
  endfacet
  facet normal 0.000000e+00 -3.826834e-01 9.238795e-01
    outer loop
      vertex   -4.104938e+01 -1.781470e+01 -3.800852e+01
      vertex   -4.104938e+01 -1.787500e+01 -3.803349e+01
      vertex   -3.965432e+01 -1.787500e+01 -3.803349e+01
    endloop
  endfacet
  facet normal 0.000000e+00 -6.087614e-01 7.933533e-01
    outer loop
      vertex   -3.965432e+01 -1.787500e+01 -3.803349e+01
      vertex   -4.104938e+01 -1.787500e+01 -3.803349e+01
      vertex   -3.965432e+01 -1.792678e+01 -3.807322e+01
    endloop
  endfacet
  facet normal -1.548077e-15 -6.087614e-01 7.933533e-01
    outer loop
      vertex   -3.965432e+01 -1.787500e+01 -3.803349e+01
      vertex   -3.965432e+01 -1.792678e+01 -3.807322e+01
      vertex   -3.825926e+01 -1.792678e+01 -3.807322e+01
    endloop
  endfacet
  facet normal -2.020382e-15 -7.933533e-01 6.087614e-01
    outer loop
      vertex   -3.825926e+01 -1.792678e+01 -3.807322e+01
      vertex   -3.965432e+01 -1.792678e+01 -3.807322e+01
      vertex   -3.825926e+01 -1.796651e+01 -3.812500e+01
    endloop
  endfacet
  facet normal 0.000000e+00 -7.933533e-01 6.087614e-01
    outer loop
      vertex   -3.825926e+01 -1.792678e+01 -3.807322e+01
      vertex   -3.825926e+01 -1.796651e+01 -3.812500e+01
      vertex   -3.686420e+01 -1.796651e+01 -3.812500e+01
    endloop
  endfacet
  facet normal 0.000000e+00 -9.238795e-01 3.826834e-01
    outer loop
      vertex   -3.686420e+01 -1.796651e+01 -3.812500e+01
      vertex   -3.825926e+01 -1.796651e+01 -3.812500e+01
      vertex   -3.686420e+01 -1.799148e+01 -3.818530e+01
    endloop
  endfacet
  facet normal 0.000000e+00 -9.238795e-01 3.826834e-01
    outer loop
      vertex   -3.686420e+01 -1.796651e+01 -3.812500e+01
      vertex   -3.686420e+01 -1.799148e+01 -3.818530e+01
      vertex   -3.546914e+01 -1.799148e+01 -3.818530e+01
    endloop
  endfacet
  facet normal 0.000000e+00 -9.914449e-01 1.305262e-01
    outer loop
      vertex   -3.546914e+01 -1.799148e+01 -3.818530e+01
      vertex   -3.686420e+01 -1.799148e+01 -3.818530e+01
      vertex   -5.500000e+01 -1.800000e+01 -3.825000e+01
    endloop
  endfacet
  facet normal 0.000000e+00 -6.087614e-01 7.933533e-01
    outer loop
      vertex   -3.965432e+01 -1.792678e+01 -3.807322e+01
      vertex   -4.104938e+01 -1.787500e+01 -3.803349e+01
      vertex   -4.104938e+01 -1.792678e+01 -3.807322e+01
    endloop
  endfacet
  facet normal 0.000000e+00 -6.087614e-01 7.933533e-01
    outer loop
      vertex   -3.825926e+01 -1.787500e+01 -3.803349e+01
      vertex   -3.686420e+01 -1.792678e+01 -3.807322e+01
      vertex   -3.686420e+01 -1.787500e+01 -3.803349e+01
    endloop
  endfacet
  facet normal 0.000000e+00 -6.087614e-01 7.933533e-01
    outer loop
      vertex   -3.686420e+01 -1.787500e+01 -3.803349e+01
      vertex   -3.686420e+01 -1.792678e+01 -3.807322e+01
      vertex   -3.546914e+01 -1.792678e+01 -3.807322e+01
    endloop
  endfacet
  facet normal 0.000000e+00 -6.087614e-01 7.933533e-01
    outer loop
      vertex   -3.686420e+01 -1.787500e+01 -3.803349e+01
      vertex   -3.546914e+01 -1.792678e+01 -3.807322e+01
      vertex   -3.546914e+01 -1.787500e+01 -3.803349e+01
    endloop
  endfacet
  facet normal 0.000000e+00 -6.087614e-01 7.933533e-01
    outer loop
      vertex   -3.546914e+01 -1.787500e+01 -3.803349e+01
      vertex   -3.546914e+01 -1.792678e+01 -3.807322e+01
      vertex   -3.407407e+01 -1.792678e+01 -3.807322e+01
    endloop
  endfacet
  facet normal -1.548077e-15 -6.087614e-01 7.933533e-01
    outer loop
      vertex   -3.267901e+01 -1.792678e+01 -3.807322e+01
      vertex   -3.267901e+01 -1.787500e+01 -3.803349e+01
      vertex   -3.407407e+01 -1.787500e+01 -3.803349e+01
    endloop
  endfacet
  facet normal 0.000000e+00 -3.826834e-01 9.238795e-01
    outer loop
      vertex   -2.988889e+01 -1.781470e+01 -3.800852e+01
      vertex   -2.988889e+01 -1.787500e+01 -3.803349e+01
      vertex   -2.849383e+01 -1.787500e+01 -3.803349e+01
    endloop
  endfacet
  facet normal 0.000000e+00 -6.087614e-01 7.933533e-01
    outer loop
      vertex   -2.849383e+01 -1.787500e+01 -3.803349e+01
      vertex   -2.988889e+01 -1.787500e+01 -3.803349e+01
      vertex   -2.849383e+01 -1.792678e+01 -3.807322e+01
    endloop
  endfacet
  facet normal 0.000000e+00 -6.087614e-01 7.933533e-01
    outer loop
      vertex   -2.849383e+01 -1.787500e+01 -3.803349e+01
      vertex   -2.849383e+01 -1.792678e+01 -3.807322e+01
      vertex   -2.709877e+01 -1.792678e+01 -3.807322e+01
    endloop
  endfacet
  facet normal 0.000000e+00 -7.933533e-01 6.087614e-01
    outer loop
      vertex   -2.709877e+01 -1.792678e+01 -3.807322e+01
      vertex   -2.849383e+01 -1.792678e+01 -3.807322e+01
      vertex   -2.709877e+01 -1.796651e+01 -3.812500e+01
    endloop
  endfacet
  facet normal 0.000000e+00 -7.933533e-01 6.087614e-01
    outer loop
      vertex   -2.709877e+01 -1.792678e+01 -3.807322e+01
      vertex   -2.709877e+01 -1.796651e+01 -3.812500e+01
      vertex   -2.570370e+01 -1.796651e+01 -3.812500e+01
    endloop
  endfacet
  facet normal 0.000000e+00 -9.238795e-01 3.826834e-01
    outer loop
      vertex   -2.570370e+01 -1.796651e+01 -3.812500e+01
      vertex   -2.709877e+01 -1.796651e+01 -3.812500e+01
      vertex   -2.570370e+01 -1.799148e+01 -3.818530e+01
    endloop
  endfacet
  facet normal -2.353077e-15 -9.238795e-01 3.826834e-01
    outer loop
      vertex   -2.570370e+01 -1.796651e+01 -3.812500e+01
      vertex   -2.570370e+01 -1.799148e+01 -3.818530e+01
      vertex   -2.430864e+01 -1.799148e+01 -3.818530e+01
    endloop
  endfacet
  facet normal -2.524849e-15 -9.914449e-01 1.305262e-01
    outer loop
      vertex   -2.430864e+01 -1.799148e+01 -3.818530e+01
      vertex   -2.570370e+01 -1.799148e+01 -3.818530e+01
      vertex   -5.500000e+01 -1.800000e+01 -3.825000e+01
    endloop
  endfacet
  facet normal 0.000000e+00 -6.087614e-01 7.933533e-01
    outer loop
      vertex   -2.849383e+01 -1.792678e+01 -3.807322e+01
      vertex   -2.988889e+01 -1.787500e+01 -3.803349e+01
      vertex   -2.988889e+01 -1.792678e+01 -3.807322e+01
    endloop
  endfacet
  facet normal 0.000000e+00 -6.087614e-01 7.933533e-01
    outer loop
      vertex   -2.709877e+01 -1.787500e+01 -3.803349e+01
      vertex   -2.570370e+01 -1.792678e+01 -3.807322e+01
      vertex   -2.570370e+01 -1.787500e+01 -3.803349e+01
    endloop
  endfacet
  facet normal -1.548077e-15 -6.087614e-01 7.933533e-01
    outer loop
      vertex   -2.570370e+01 -1.787500e+01 -3.803349e+01
      vertex   -2.570370e+01 -1.792678e+01 -3.807322e+01
      vertex   -2.430864e+01 -1.792678e+01 -3.807322e+01
    endloop
  endfacet
  facet normal -1.550293e-15 -6.087614e-01 7.933533e-01
    outer loop
      vertex   -2.570370e+01 -1.787500e+01 -3.803349e+01
      vertex   -2.430864e+01 -1.792678e+01 -3.807322e+01
      vertex   -2.430864e+01 -1.787500e+01 -3.803349e+01
    endloop
  endfacet
  facet normal 0.000000e+00 -6.087614e-01 7.933533e-01
    outer loop
      vertex   -2.430864e+01 -1.787500e+01 -3.803349e+01
      vertex   -2.430864e+01 -1.792678e+01 -3.807322e+01
      vertex   -2.291358e+01 -1.792678e+01 -3.807322e+01
    endloop
  endfacet
  facet normal 0.000000e+00 -6.087614e-01 7.933533e-01
    outer loop
      vertex   -2.151852e+01 -1.792678e+01 -3.807322e+01
      vertex   -2.151852e+01 -1.787500e+01 -3.803349e+01
      vertex   -2.291358e+01 -1.787500e+01 -3.803349e+01
    endloop
  endfacet
  facet normal 0.000000e+00 -3.826834e-01 9.238795e-01
    outer loop
      vertex   -1.872840e+01 -1.781470e+01 -3.800852e+01
      vertex   -1.872840e+01 -1.787500e+01 -3.803349e+01
      vertex   -1.733333e+01 -1.787500e+01 -3.803349e+01
    endloop
  endfacet
  facet normal 0.000000e+00 -6.087614e-01 7.933533e-01
    outer loop
      vertex   -1.733333e+01 -1.787500e+01 -3.803349e+01
      vertex   -1.872840e+01 -1.787500e+01 -3.803349e+01
      vertex   -1.733333e+01 -1.792678e+01 -3.807322e+01
    endloop
  endfacet
  facet normal 0.000000e+00 -6.087614e-01 7.933533e-01
    outer loop
      vertex   -1.733333e+01 -1.787500e+01 -3.803349e+01
      vertex   -1.733333e+01 -1.792678e+01 -3.807322e+01
      vertex   -1.593827e+01 -1.792678e+01 -3.807322e+01
    endloop
  endfacet
  facet normal 0.000000e+00 -7.933533e-01 6.087614e-01
    outer loop
      vertex   -1.593827e+01 -1.792678e+01 -3.807322e+01
      vertex   -1.733333e+01 -1.792678e+01 -3.807322e+01
      vertex   -1.593827e+01 -1.796651e+01 -3.812500e+01
    endloop
  endfacet
  facet normal 0.000000e+00 -7.933533e-01 6.087614e-01
    outer loop
      vertex   -1.593827e+01 -1.792678e+01 -3.807322e+01
      vertex   -1.593827e+01 -1.796651e+01 -3.812500e+01
      vertex   -1.454321e+01 -1.796651e+01 -3.812500e+01
    endloop
  endfacet
  facet normal 0.000000e+00 -9.238795e-01 3.826834e-01
    outer loop
      vertex   -1.454321e+01 -1.796651e+01 -3.812500e+01
      vertex   -1.593827e+01 -1.796651e+01 -3.812500e+01
      vertex   -1.454321e+01 -1.799148e+01 -3.818530e+01
    endloop
  endfacet
  facet normal 0.000000e+00 -9.238795e-01 3.826834e-01
    outer loop
      vertex   -1.454321e+01 -1.796651e+01 -3.812500e+01
      vertex   -1.454321e+01 -1.799148e+01 -3.818530e+01
      vertex   -1.314815e+01 -1.799148e+01 -3.818530e+01
    endloop
  endfacet
  facet normal 0.000000e+00 -9.914449e-01 1.305262e-01
    outer loop
      vertex   -1.314815e+01 -1.799148e+01 -3.818530e+01
      vertex   -1.454321e+01 -1.799148e+01 -3.818530e+01
      vertex   -5.500000e+01 -1.800000e+01 -3.825000e+01
    endloop
  endfacet
  facet normal 0.000000e+00 -6.087614e-01 7.933533e-01
    outer loop
      vertex   -1.733333e+01 -1.792678e+01 -3.807322e+01
      vertex   -1.872840e+01 -1.787500e+01 -3.803349e+01
      vertex   -1.872840e+01 -1.792678e+01 -3.807322e+01
    endloop
  endfacet
  facet normal 0.000000e+00 -6.087614e-01 7.933533e-01
    outer loop
      vertex   -1.593827e+01 -1.787500e+01 -3.803349e+01
      vertex   -1.454321e+01 -1.792678e+01 -3.807322e+01
      vertex   -1.454321e+01 -1.787500e+01 -3.803349e+01
    endloop
  endfacet
  facet normal 0.000000e+00 -6.087614e-01 7.933533e-01
    outer loop
      vertex   -1.454321e+01 -1.787500e+01 -3.803349e+01
      vertex   -1.454321e+01 -1.792678e+01 -3.807322e+01
      vertex   -1.314815e+01 -1.792678e+01 -3.807322e+01
    endloop
  endfacet
  facet normal 0.000000e+00 -6.087614e-01 7.933533e-01
    outer loop
      vertex   -1.454321e+01 -1.787500e+01 -3.803349e+01
      vertex   -1.314815e+01 -1.792678e+01 -3.807322e+01
      vertex   -1.314815e+01 -1.787500e+01 -3.803349e+01
    endloop
  endfacet
  facet normal -1.548077e-15 -6.087614e-01 7.933533e-01
    outer loop
      vertex   -1.314815e+01 -1.787500e+01 -3.803349e+01
      vertex   -1.314815e+01 -1.792678e+01 -3.807322e+01
      vertex   -1.175309e+01 -1.792678e+01 -3.807322e+01
    endloop
  endfacet
  facet normal 0.000000e+00 -6.087614e-01 7.933533e-01
    outer loop
      vertex   -1.035802e+01 -1.792678e+01 -3.807322e+01
      vertex   -1.035802e+01 -1.787500e+01 -3.803349e+01
      vertex   -1.175309e+01 -1.787500e+01 -3.803349e+01
    endloop
  endfacet
  facet normal 0.000000e+00 -3.826834e-01 9.238795e-01
    outer loop
      vertex   -7.567901e+00 -1.781470e+01 -3.800852e+01
      vertex   -7.567901e+00 -1.787500e+01 -3.803349e+01
      vertex   -6.172840e+00 -1.787500e+01 -3.803349e+01
    endloop
  endfacet
  facet normal 0.000000e+00 -6.087614e-01 7.933533e-01
    outer loop
      vertex   -6.172840e+00 -1.787500e+01 -3.803349e+01
      vertex   -7.567901e+00 -1.787500e+01 -3.803349e+01
      vertex   -6.172840e+00 -1.792678e+01 -3.807322e+01
    endloop
  endfacet
  facet normal 0.000000e+00 -6.087614e-01 7.933533e-01
    outer loop
      vertex   -6.172840e+00 -1.787500e+01 -3.803349e+01
      vertex   -6.172840e+00 -1.792678e+01 -3.807322e+01
      vertex   -4.777778e+00 -1.792678e+01 -3.807322e+01
    endloop
  endfacet
  facet normal 0.000000e+00 -7.933533e-01 6.087614e-01
    outer loop
      vertex   -4.777778e+00 -1.792678e+01 -3.807322e+01
      vertex   -6.172840e+00 -1.792678e+01 -3.807322e+01
      vertex   -4.777778e+00 -1.796651e+01 -3.812500e+01
    endloop
  endfacet
  facet normal 0.000000e+00 -7.933533e-01 6.087614e-01
    outer loop
      vertex   -4.777778e+00 -1.792678e+01 -3.807322e+01
      vertex   -4.777778e+00 -1.796651e+01 -3.812500e+01
      vertex   -3.382716e+00 -1.796651e+01 -3.812500e+01
    endloop
  endfacet
  facet normal 0.000000e+00 -9.238795e-01 3.826834e-01
    outer loop
      vertex   -3.382716e+00 -1.796651e+01 -3.812500e+01
      vertex   -4.777778e+00 -1.796651e+01 -3.812500e+01
      vertex   -3.382716e+00 -1.799148e+01 -3.818530e+01
    endloop
  endfacet
  facet normal 0.000000e+00 -9.238795e-01 3.826834e-01
    outer loop
      vertex   -3.382716e+00 -1.796651e+01 -3.812500e+01
      vertex   -3.382716e+00 -1.799148e+01 -3.818530e+01
      vertex   -1.987654e+00 -1.799148e+01 -3.818530e+01
    endloop
  endfacet
  facet normal 0.000000e+00 -9.914449e-01 1.305262e-01
    outer loop
      vertex   -1.987654e+00 -1.799148e+01 -3.818530e+01
      vertex   -3.382716e+00 -1.799148e+01 -3.818530e+01
      vertex   -5.500000e+01 -1.800000e+01 -3.825000e+01
    endloop
  endfacet
  facet normal 0.000000e+00 -6.087614e-01 7.933533e-01
    outer loop
      vertex   -6.172840e+00 -1.792678e+01 -3.807322e+01
      vertex   -7.567901e+00 -1.787500e+01 -3.803349e+01
      vertex   -7.567901e+00 -1.792678e+01 -3.807322e+01
    endloop
  endfacet
  facet normal -1.550293e-15 -6.087614e-01 7.933533e-01
    outer loop
      vertex   -4.777778e+00 -1.787500e+01 -3.803349e+01
      vertex   -3.382716e+00 -1.792678e+01 -3.807322e+01
      vertex   -3.382716e+00 -1.787500e+01 -3.803349e+01
    endloop
  endfacet
  facet normal 0.000000e+00 -6.087614e-01 7.933533e-01
    outer loop
      vertex   -3.382716e+00 -1.787500e+01 -3.803349e+01
      vertex   -3.382716e+00 -1.792678e+01 -3.807322e+01
      vertex   -1.987654e+00 -1.792678e+01 -3.807322e+01
    endloop
  endfacet
  facet normal 0.000000e+00 -6.087614e-01 7.933533e-01
    outer loop
      vertex   -3.382716e+00 -1.787500e+01 -3.803349e+01
      vertex   -1.987654e+00 -1.792678e+01 -3.807322e+01
      vertex   -1.987654e+00 -1.787500e+01 -3.803349e+01
    endloop
  endfacet
  facet normal 0.000000e+00 -6.087614e-01 7.933533e-01
    outer loop
      vertex   -1.987654e+00 -1.787500e+01 -3.803349e+01
      vertex   -1.987654e+00 -1.792678e+01 -3.807322e+01
      vertex   -5.925926e-01 -1.792678e+01 -3.807322e+01
    endloop
  endfacet
  facet normal 0.000000e+00 -6.087614e-01 7.933533e-01
    outer loop
      vertex   2.197531e+00 -1.792678e+01 -3.807322e+01
      vertex   2.197531e+00 -1.787500e+01 -3.803349e+01
      vertex   8.024691e-01 -1.787500e+01 -3.803349e+01
    endloop
  endfacet
  facet normal 0.000000e+00 -6.087614e-01 7.933533e-01
    outer loop
      vertex   2.197531e+00 -1.792678e+01 -3.807322e+01
      vertex   8.024691e-01 -1.787500e+01 -3.803349e+01
      vertex   8.024691e-01 -1.792678e+01 -3.807322e+01
    endloop
  endfacet
  facet normal -1.548077e-15 -6.087614e-01 7.933533e-01
    outer loop
      vertex   8.024691e-01 -1.792678e+01 -3.807322e+01
      vertex   8.024691e-01 -1.787500e+01 -3.803349e+01
      vertex   -5.925926e-01 -1.787500e+01 -3.803349e+01
    endloop
  endfacet
  facet normal 0.000000e+00 -3.826834e-01 9.238795e-01
    outer loop
      vertex   4.987654e+00 -1.781470e+01 -3.800852e+01
      vertex   4.987654e+00 -1.787500e+01 -3.803349e+01
      vertex   6.382716e+00 -1.787500e+01 -3.803349e+01
    endloop
  endfacet
  facet normal 0.000000e+00 -6.087614e-01 7.933533e-01
    outer loop
      vertex   6.382716e+00 -1.787500e+01 -3.803349e+01
      vertex   4.987654e+00 -1.787500e+01 -3.803349e+01
      vertex   6.382716e+00 -1.792678e+01 -3.807322e+01
    endloop
  endfacet
  facet normal 0.000000e+00 -6.087614e-01 7.933533e-01
    outer loop
      vertex   6.382716e+00 -1.787500e+01 -3.803349e+01
      vertex   6.382716e+00 -1.792678e+01 -3.807322e+01
      vertex   7.777778e+00 -1.792678e+01 -3.807322e+01
    endloop
  endfacet
  facet normal 0.000000e+00 -7.933533e-01 6.087614e-01
    outer loop
      vertex   7.777778e+00 -1.792678e+01 -3.807322e+01
      vertex   6.382716e+00 -1.792678e+01 -3.807322e+01
      vertex   7.777778e+00 -1.796651e+01 -3.812500e+01
    endloop
  endfacet
  facet normal 0.000000e+00 -7.933533e-01 6.087614e-01
    outer loop
      vertex   7.777778e+00 -1.792678e+01 -3.807322e+01
      vertex   7.777778e+00 -1.796651e+01 -3.812500e+01
      vertex   9.172840e+00 -1.796651e+01 -3.812500e+01
    endloop
  endfacet
  facet normal 0.000000e+00 -9.238795e-01 3.826834e-01
    outer loop
      vertex   9.172840e+00 -1.796651e+01 -3.812500e+01
      vertex   7.777778e+00 -1.796651e+01 -3.812500e+01
      vertex   9.172840e+00 -1.799148e+01 -3.818530e+01
    endloop
  endfacet
  facet normal -2.353077e-15 -9.238795e-01 3.826834e-01
    outer loop
      vertex   9.172840e+00 -1.796651e+01 -3.812500e+01
      vertex   9.172840e+00 -1.799148e+01 -3.818530e+01
      vertex   1.056790e+01 -1.799148e+01 -3.818530e+01
    endloop
  endfacet
  facet normal -2.524849e-15 -9.914449e-01 1.305262e-01
    outer loop
      vertex   1.056790e+01 -1.799148e+01 -3.818530e+01
      vertex   9.172840e+00 -1.799148e+01 -3.818530e+01
      vertex   5.800000e+01 -1.800000e+01 -3.825000e+01
    endloop
  endfacet
  facet normal 0.000000e+00 -6.087614e-01 7.933533e-01
    outer loop
      vertex   6.382716e+00 -1.792678e+01 -3.807322e+01
      vertex   4.987654e+00 -1.787500e+01 -3.803349e+01
      vertex   4.987654e+00 -1.792678e+01 -3.807322e+01
    endloop
  endfacet
  facet normal 0.000000e+00 -6.087614e-01 7.933533e-01
    outer loop
      vertex   7.777778e+00 -1.787500e+01 -3.803349e+01
      vertex   9.172840e+00 -1.792678e+01 -3.807322e+01
      vertex   9.172840e+00 -1.787500e+01 -3.803349e+01
    endloop
  endfacet
  facet normal -1.548077e-15 -6.087614e-01 7.933533e-01
    outer loop
      vertex   9.172840e+00 -1.787500e+01 -3.803349e+01
      vertex   9.172840e+00 -1.792678e+01 -3.807322e+01
      vertex   1.056790e+01 -1.792678e+01 -3.807322e+01
    endloop
  endfacet
  facet normal -1.550293e-15 -6.087614e-01 7.933533e-01
    outer loop
      vertex   9.172840e+00 -1.787500e+01 -3.803349e+01
      vertex   1.056790e+01 -1.792678e+01 -3.807322e+01
      vertex   1.056790e+01 -1.787500e+01 -3.803349e+01
    endloop
  endfacet
  facet normal 0.000000e+00 -6.087614e-01 7.933533e-01
    outer loop
      vertex   1.056790e+01 -1.787500e+01 -3.803349e+01
      vertex   1.056790e+01 -1.792678e+01 -3.807322e+01
      vertex   1.196296e+01 -1.792678e+01 -3.807322e+01
    endloop
  endfacet
  facet normal 0.000000e+00 -6.087614e-01 7.933533e-01
    outer loop
      vertex   1.335802e+01 -1.792678e+01 -3.807322e+01
      vertex   1.335802e+01 -1.787500e+01 -3.803349e+01
      vertex   1.196296e+01 -1.787500e+01 -3.803349e+01
    endloop
  endfacet
  facet normal 0.000000e+00 -3.826834e-01 9.238795e-01
    outer loop
      vertex   1.614815e+01 -1.781470e+01 -3.800852e+01
      vertex   1.614815e+01 -1.787500e+01 -3.803349e+01
      vertex   1.754321e+01 -1.787500e+01 -3.803349e+01
    endloop
  endfacet
  facet normal 0.000000e+00 -6.087614e-01 7.933533e-01
    outer loop
      vertex   1.754321e+01 -1.787500e+01 -3.803349e+01
      vertex   1.614815e+01 -1.787500e+01 -3.803349e+01
      vertex   1.754321e+01 -1.792678e+01 -3.807322e+01
    endloop
  endfacet
  facet normal -1.548077e-15 -6.087614e-01 7.933533e-01
    outer loop
      vertex   1.754321e+01 -1.787500e+01 -3.803349e+01
      vertex   1.754321e+01 -1.792678e+01 -3.807322e+01
      vertex   1.893827e+01 -1.792678e+01 -3.807322e+01
    endloop
  endfacet
  facet normal -2.020382e-15 -7.933533e-01 6.087614e-01
    outer loop
      vertex   1.893827e+01 -1.792678e+01 -3.807322e+01
      vertex   1.754321e+01 -1.792678e+01 -3.807322e+01
      vertex   1.893827e+01 -1.796651e+01 -3.812500e+01
    endloop
  endfacet
  facet normal 0.000000e+00 -7.933533e-01 6.087614e-01
    outer loop
      vertex   1.893827e+01 -1.792678e+01 -3.807322e+01
      vertex   1.893827e+01 -1.796651e+01 -3.812500e+01
      vertex   2.033333e+01 -1.796651e+01 -3.812500e+01
    endloop
  endfacet
  facet normal 0.000000e+00 -9.238795e-01 3.826834e-01
    outer loop
      vertex   2.033333e+01 -1.796651e+01 -3.812500e+01
      vertex   1.893827e+01 -1.796651e+01 -3.812500e+01
      vertex   2.033333e+01 -1.799148e+01 -3.818530e+01
    endloop
  endfacet
  facet normal 0.000000e+00 -9.238795e-01 3.826834e-01
    outer loop
      vertex   2.033333e+01 -1.796651e+01 -3.812500e+01
      vertex   2.033333e+01 -1.799148e+01 -3.818530e+01
      vertex   2.172840e+01 -1.799148e+01 -3.818530e+01
    endloop
  endfacet
  facet normal 0.000000e+00 -9.914449e-01 1.305262e-01
    outer loop
      vertex   2.172840e+01 -1.799148e+01 -3.818530e+01
      vertex   2.033333e+01 -1.799148e+01 -3.818530e+01
      vertex   5.800000e+01 -1.800000e+01 -3.825000e+01
    endloop
  endfacet
  facet normal 0.000000e+00 -6.087614e-01 7.933533e-01
    outer loop
      vertex   1.754321e+01 -1.792678e+01 -3.807322e+01
      vertex   1.614815e+01 -1.787500e+01 -3.803349e+01
      vertex   1.614815e+01 -1.792678e+01 -3.807322e+01
    endloop
  endfacet
  facet normal 0.000000e+00 -3.826834e-01 9.238795e-01
    outer loop
      vertex   2.033333e+01 -1.781470e+01 -3.800852e+01
      vertex   2.033333e+01 -1.787500e+01 -3.803349e+01
      vertex   2.172840e+01 -1.787500e+01 -3.803349e+01
    endloop
  endfacet
  facet normal 0.000000e+00 -6.087614e-01 7.933533e-01
    outer loop
      vertex   2.172840e+01 -1.787500e+01 -3.803349e+01
      vertex   2.033333e+01 -1.787500e+01 -3.803349e+01
      vertex   2.172840e+01 -1.792678e+01 -3.807322e+01
    endloop
  endfacet
  facet normal -1.548077e-15 -6.087614e-01 7.933533e-01
    outer loop
      vertex   2.172840e+01 -1.787500e+01 -3.803349e+01
      vertex   2.172840e+01 -1.792678e+01 -3.807322e+01
      vertex   2.312346e+01 -1.792678e+01 -3.807322e+01
    endloop
  endfacet
  facet normal -2.020382e-15 -7.933533e-01 6.087614e-01
    outer loop
      vertex   2.312346e+01 -1.792678e+01 -3.807322e+01
      vertex   2.172840e+01 -1.792678e+01 -3.807322e+01
      vertex   2.312346e+01 -1.796651e+01 -3.812500e+01
    endloop
  endfacet
  facet normal 0.000000e+00 -7.933533e-01 6.087614e-01
    outer loop
      vertex   2.312346e+01 -1.792678e+01 -3.807322e+01
      vertex   2.312346e+01 -1.796651e+01 -3.812500e+01
      vertex   2.451852e+01 -1.796651e+01 -3.812500e+01
    endloop
  endfacet
  facet normal 0.000000e+00 -9.238795e-01 3.826834e-01
    outer loop
      vertex   2.451852e+01 -1.796651e+01 -3.812500e+01
      vertex   2.312346e+01 -1.796651e+01 -3.812500e+01
      vertex   2.451852e+01 -1.799148e+01 -3.818530e+01
    endloop
  endfacet
  facet normal 1.550293e-15 -6.087614e-01 7.933533e-01
    outer loop
      vertex   2.172840e+01 -1.792678e+01 -3.807322e+01
      vertex   2.033333e+01 -1.787500e+01 -3.803349e+01
      vertex   2.033333e+01 -1.792678e+01 -3.807322e+01
    endloop
  endfacet
  facet normal 0.000000e+00 -6.087614e-01 7.933533e-01
    outer loop
      vertex   2.312346e+01 -1.787500e+01 -3.803349e+01
      vertex   2.451852e+01 -1.792678e+01 -3.807322e+01
      vertex   2.451852e+01 -1.787500e+01 -3.803349e+01
    endloop
  endfacet
  facet normal 0.000000e+00 -6.087614e-01 7.933533e-01
    outer loop
      vertex   2.451852e+01 -1.787500e+01 -3.803349e+01
      vertex   2.451852e+01 -1.792678e+01 -3.807322e+01
      vertex   2.591358e+01 -1.792678e+01 -3.807322e+01
    endloop
  endfacet
  facet normal 0.000000e+00 -6.087614e-01 7.933533e-01
    outer loop
      vertex   2.451852e+01 -1.787500e+01 -3.803349e+01
      vertex   2.591358e+01 -1.792678e+01 -3.807322e+01
      vertex   2.591358e+01 -1.787500e+01 -3.803349e+01
    endloop
  endfacet
  facet normal -1.548077e-15 -6.087614e-01 7.933533e-01
    outer loop
      vertex   2.591358e+01 -1.787500e+01 -3.803349e+01
      vertex   2.591358e+01 -1.792678e+01 -3.807322e+01
      vertex   2.730864e+01 -1.792678e+01 -3.807322e+01
    endloop
  endfacet
  facet normal 0.000000e+00 -6.087614e-01 7.933533e-01
    outer loop
      vertex   2.870370e+01 -1.792678e+01 -3.807322e+01
      vertex   2.870370e+01 -1.787500e+01 -3.803349e+01
      vertex   2.730864e+01 -1.787500e+01 -3.803349e+01
    endloop
  endfacet
  facet normal 0.000000e+00 -3.826834e-01 9.238795e-01
    outer loop
      vertex   3.149383e+01 -1.781470e+01 -3.800852e+01
      vertex   3.149383e+01 -1.787500e+01 -3.803349e+01
      vertex   3.288889e+01 -1.787500e+01 -3.803349e+01
    endloop
  endfacet
  facet normal 0.000000e+00 -6.087614e-01 7.933533e-01
    outer loop
      vertex   3.288889e+01 -1.787500e+01 -3.803349e+01
      vertex   3.149383e+01 -1.787500e+01 -3.803349e+01
      vertex   3.288889e+01 -1.792678e+01 -3.807322e+01
    endloop
  endfacet
  facet normal 0.000000e+00 -6.087614e-01 7.933533e-01
    outer loop
      vertex   3.288889e+01 -1.787500e+01 -3.803349e+01
      vertex   3.288889e+01 -1.792678e+01 -3.807322e+01
      vertex   3.428395e+01 -1.792678e+01 -3.807322e+01
    endloop
  endfacet
  facet normal 0.000000e+00 -7.933533e-01 6.087614e-01
    outer loop
      vertex   3.428395e+01 -1.792678e+01 -3.807322e+01
      vertex   3.288889e+01 -1.792678e+01 -3.807322e+01
      vertex   3.428395e+01 -1.796651e+01 -3.812500e+01
    endloop
  endfacet
  facet normal -2.019645e-15 -7.933533e-01 6.087614e-01
    outer loop
      vertex   3.428395e+01 -1.792678e+01 -3.807322e+01
      vertex   3.428395e+01 -1.796651e+01 -3.812500e+01
      vertex   3.567901e+01 -1.796651e+01 -3.812500e+01
    endloop
  endfacet
  facet normal -2.352784e-15 -9.238795e-01 3.826834e-01
    outer loop
      vertex   3.567901e+01 -1.796651e+01 -3.812500e+01
      vertex   3.428395e+01 -1.796651e+01 -3.812500e+01
      vertex   3.567901e+01 -1.799148e+01 -3.818530e+01
    endloop
  endfacet
  facet normal 0.000000e+00 -9.238795e-01 3.826834e-01
    outer loop
      vertex   3.567901e+01 -1.796651e+01 -3.812500e+01
      vertex   3.567901e+01 -1.799148e+01 -3.818530e+01
      vertex   3.707407e+01 -1.799148e+01 -3.818530e+01
    endloop
  endfacet
  facet normal 0.000000e+00 -9.914449e-01 1.305262e-01
    outer loop
      vertex   3.707407e+01 -1.799148e+01 -3.818530e+01
      vertex   3.567901e+01 -1.799148e+01 -3.818530e+01
      vertex   5.800000e+01 -1.800000e+01 -3.825000e+01
    endloop
  endfacet
  facet normal 0.000000e+00 -6.087614e-01 7.933533e-01
    outer loop
      vertex   3.288889e+01 -1.792678e+01 -3.807322e+01
      vertex   3.149383e+01 -1.787500e+01 -3.803349e+01
      vertex   3.149383e+01 -1.792678e+01 -3.807322e+01
    endloop
  endfacet
  facet normal -1.550293e-15 -6.087614e-01 7.933533e-01
    outer loop
      vertex   3.428395e+01 -1.787500e+01 -3.803349e+01
      vertex   3.567901e+01 -1.792678e+01 -3.807322e+01
      vertex   3.567901e+01 -1.787500e+01 -3.803349e+01
    endloop
  endfacet
  facet normal 0.000000e+00 -6.087614e-01 7.933533e-01
    outer loop
      vertex   3.567901e+01 -1.787500e+01 -3.803349e+01
      vertex   3.567901e+01 -1.792678e+01 -3.807322e+01
      vertex   3.707407e+01 -1.792678e+01 -3.807322e+01
    endloop
  endfacet
  facet normal 0.000000e+00 -6.087614e-01 7.933533e-01
    outer loop
      vertex   3.567901e+01 -1.787500e+01 -3.803349e+01
      vertex   3.707407e+01 -1.792678e+01 -3.807322e+01
      vertex   3.707407e+01 -1.787500e+01 -3.803349e+01
    endloop
  endfacet
  facet normal 0.000000e+00 -6.087614e-01 7.933533e-01
    outer loop
      vertex   3.707407e+01 -1.787500e+01 -3.803349e+01
      vertex   3.707407e+01 -1.792678e+01 -3.807322e+01
      vertex   3.846914e+01 -1.792678e+01 -3.807322e+01
    endloop
  endfacet
  facet normal 0.000000e+00 -6.087614e-01 7.933533e-01
    outer loop
      vertex   3.986420e+01 -1.792678e+01 -3.807322e+01
      vertex   3.986420e+01 -1.787500e+01 -3.803349e+01
      vertex   3.846914e+01 -1.787500e+01 -3.803349e+01
    endloop
  endfacet
  facet normal 0.000000e+00 -3.826834e-01 9.238795e-01
    outer loop
      vertex   4.265432e+01 -1.781470e+01 -3.800852e+01
      vertex   4.265432e+01 -1.787500e+01 -3.803349e+01
      vertex   4.404938e+01 -1.787500e+01 -3.803349e+01
    endloop
  endfacet
  facet normal 0.000000e+00 -6.087614e-01 7.933533e-01
    outer loop
      vertex   4.404938e+01 -1.787500e+01 -3.803349e+01
      vertex   4.265432e+01 -1.787500e+01 -3.803349e+01
      vertex   4.404938e+01 -1.792678e+01 -3.807322e+01
    endloop
  endfacet
  facet normal 0.000000e+00 -6.087614e-01 7.933533e-01
    outer loop
      vertex   4.404938e+01 -1.787500e+01 -3.803349e+01
      vertex   4.404938e+01 -1.792678e+01 -3.807322e+01
      vertex   4.544444e+01 -1.792678e+01 -3.807322e+01
    endloop
  endfacet
  facet normal 0.000000e+00 -7.933533e-01 6.087614e-01
    outer loop
      vertex   4.544444e+01 -1.792678e+01 -3.807322e+01
      vertex   4.404938e+01 -1.792678e+01 -3.807322e+01
      vertex   4.544444e+01 -1.796651e+01 -3.812500e+01
    endloop
  endfacet
  facet normal 0.000000e+00 -7.933533e-01 6.087614e-01
    outer loop
      vertex   4.544444e+01 -1.792678e+01 -3.807322e+01
      vertex   4.544444e+01 -1.796651e+01 -3.812500e+01
      vertex   4.683951e+01 -1.796651e+01 -3.812500e+01
    endloop
  endfacet
  facet normal 0.000000e+00 -9.238795e-01 3.826834e-01
    outer loop
      vertex   4.683951e+01 -1.796651e+01 -3.812500e+01
      vertex   4.544444e+01 -1.796651e+01 -3.812500e+01
      vertex   4.683951e+01 -1.799148e+01 -3.818530e+01
    endloop
  endfacet
  facet normal 0.000000e+00 -9.238795e-01 3.826834e-01
    outer loop
      vertex   4.683951e+01 -1.796651e+01 -3.812500e+01
      vertex   4.683951e+01 -1.799148e+01 -3.818530e+01
      vertex   4.823457e+01 -1.799148e+01 -3.818530e+01
    endloop
  endfacet
  facet normal 0.000000e+00 -9.914449e-01 1.305262e-01
    outer loop
      vertex   4.823457e+01 -1.799148e+01 -3.818530e+01
      vertex   4.683951e+01 -1.799148e+01 -3.818530e+01
      vertex   5.800000e+01 -1.800000e+01 -3.825000e+01
    endloop
  endfacet
  facet normal 0.000000e+00 -6.087614e-01 7.933533e-01
    outer loop
      vertex   4.404938e+01 -1.792678e+01 -3.807322e+01
      vertex   4.265432e+01 -1.787500e+01 -3.803349e+01
      vertex   4.265432e+01 -1.792678e+01 -3.807322e+01
    endloop
  endfacet
  facet normal 0.000000e+00 -6.087614e-01 7.933533e-01
    outer loop
      vertex   4.544444e+01 -1.787500e+01 -3.803349e+01
      vertex   4.683951e+01 -1.792678e+01 -3.807322e+01
      vertex   4.683951e+01 -1.787500e+01 -3.803349e+01
    endloop
  endfacet
  facet normal 0.000000e+00 -6.087614e-01 7.933533e-01
    outer loop
      vertex   4.683951e+01 -1.787500e+01 -3.803349e+01
      vertex   4.683951e+01 -1.792678e+01 -3.807322e+01
      vertex   4.823457e+01 -1.792678e+01 -3.807322e+01
    endloop
  endfacet
  facet normal 0.000000e+00 -6.087614e-01 7.933533e-01
    outer loop
      vertex   4.683951e+01 -1.787500e+01 -3.803349e+01
      vertex   4.823457e+01 -1.792678e+01 -3.807322e+01
      vertex   4.823457e+01 -1.787500e+01 -3.803349e+01
    endloop
  endfacet
  facet normal -1.548077e-15 -6.087614e-01 7.933533e-01
    outer loop
      vertex   4.823457e+01 -1.787500e+01 -3.803349e+01
      vertex   4.823457e+01 -1.792678e+01 -3.807322e+01
      vertex   4.962963e+01 -1.792678e+01 -3.807322e+01
    endloop
  endfacet
  facet normal 0.000000e+00 -6.087614e-01 7.933533e-01
    outer loop
      vertex   5.102469e+01 -1.792678e+01 -3.807322e+01
      vertex   5.102469e+01 -1.787500e+01 -3.803349e+01
      vertex   4.962963e+01 -1.787500e+01 -3.803349e+01
    endloop
  endfacet
  facet normal 0.000000e+00 -3.826834e-01 9.238795e-01
    outer loop
      vertex   5.381481e+01 -1.781470e+01 -3.800852e+01
      vertex   5.381481e+01 -1.787500e+01 -3.803349e+01
      vertex   5.520988e+01 -1.787500e+01 -3.803349e+01
    endloop
  endfacet
  facet normal 0.000000e+00 -6.087614e-01 7.933533e-01
    outer loop
      vertex   5.520988e+01 -1.787500e+01 -3.803349e+01
      vertex   5.381481e+01 -1.787500e+01 -3.803349e+01
      vertex   5.520988e+01 -1.792678e+01 -3.807322e+01
    endloop
  endfacet
  facet normal 0.000000e+00 -6.087614e-01 7.933533e-01
    outer loop
      vertex   5.520988e+01 -1.787500e+01 -3.803349e+01
      vertex   5.520988e+01 -1.792678e+01 -3.807322e+01
      vertex   5.660494e+01 -1.792678e+01 -3.807322e+01
    endloop
  endfacet
  facet normal 0.000000e+00 -7.933533e-01 6.087614e-01
    outer loop
      vertex   5.660494e+01 -1.792678e+01 -3.807322e+01
      vertex   5.520988e+01 -1.792678e+01 -3.807322e+01
      vertex   5.660494e+01 -1.796651e+01 -3.812500e+01
    endloop
  endfacet
  facet normal 0.000000e+00 -6.087614e-01 7.933533e-01
    outer loop
      vertex   5.520988e+01 -1.792678e+01 -3.807322e+01
      vertex   5.381481e+01 -1.787500e+01 -3.803349e+01
      vertex   5.381481e+01 -1.792678e+01 -3.807322e+01
    endloop
  endfacet
  facet normal -2.020382e-15 -7.933533e-01 6.087614e-01
    outer loop
      vertex   -5.081481e+01 -1.792678e+01 -3.807322e+01
      vertex   -5.220988e+01 -1.792678e+01 -3.807322e+01
      vertex   -5.081481e+01 -1.796651e+01 -3.812500e+01
    endloop
  endfacet
  facet normal -2.020382e-15 -7.933533e-01 6.087614e-01
    outer loop
      vertex   -5.081481e+01 -1.796651e+01 -3.812500e+01
      vertex   -5.220988e+01 -1.792678e+01 -3.807322e+01
      vertex   -5.220988e+01 -1.796651e+01 -3.812500e+01
    endloop
  endfacet
  facet normal -2.352784e-15 -9.238795e-01 3.826834e-01
    outer loop
      vertex   -5.081481e+01 -1.796651e+01 -3.812500e+01
      vertex   -5.220988e+01 -1.796651e+01 -3.812500e+01
      vertex   -5.081481e+01 -1.799148e+01 -3.818530e+01
    endloop
  endfacet
  facet normal -2.352784e-15 -9.238795e-01 3.826834e-01
    outer loop
      vertex   -5.081481e+01 -1.799148e+01 -3.818530e+01
      vertex   -5.220988e+01 -1.796651e+01 -3.812500e+01
      vertex   -5.220988e+01 -1.799148e+01 -3.818530e+01
    endloop
  endfacet
  facet normal -2.524849e-15 -9.914449e-01 1.305262e-01
    outer loop
      vertex   -5.081481e+01 -1.799148e+01 -3.818530e+01
      vertex   -5.220988e+01 -1.799148e+01 -3.818530e+01
      vertex   -5.500000e+01 -1.800000e+01 -3.825000e+01
    endloop
  endfacet
  facet normal -2.020382e-15 -7.933533e-01 6.087614e-01
    outer loop
      vertex   -4.802469e+01 -1.792678e+01 -3.807322e+01
      vertex   -4.662963e+01 -1.796651e+01 -3.812500e+01
      vertex   -4.662963e+01 -1.792678e+01 -3.807322e+01
    endloop
  endfacet
  facet normal 0.000000e+00 -7.933533e-01 6.087614e-01
    outer loop
      vertex   -4.662963e+01 -1.792678e+01 -3.807322e+01
      vertex   -4.662963e+01 -1.796651e+01 -3.812500e+01
      vertex   -4.523457e+01 -1.796651e+01 -3.812500e+01
    endloop
  endfacet
  facet normal 0.000000e+00 -7.933533e-01 6.087614e-01
    outer loop
      vertex   -4.662963e+01 -1.792678e+01 -3.807322e+01
      vertex   -4.523457e+01 -1.796651e+01 -3.812500e+01
      vertex   -4.523457e+01 -1.792678e+01 -3.807322e+01
    endloop
  endfacet
  facet normal 0.000000e+00 -7.933533e-01 6.087614e-01
    outer loop
      vertex   -4.523457e+01 -1.792678e+01 -3.807322e+01
      vertex   -4.523457e+01 -1.796651e+01 -3.812500e+01
      vertex   -4.383951e+01 -1.796651e+01 -3.812500e+01
    endloop
  endfacet
  facet normal 0.000000e+00 -7.933533e-01 6.087614e-01
    outer loop
      vertex   -3.965432e+01 -1.792678e+01 -3.807322e+01
      vertex   -4.104938e+01 -1.792678e+01 -3.807322e+01
      vertex   -3.965432e+01 -1.796651e+01 -3.812500e+01
    endloop
  endfacet
  facet normal 0.000000e+00 -7.933533e-01 6.087614e-01
    outer loop
      vertex   -3.965432e+01 -1.796651e+01 -3.812500e+01
      vertex   -4.104938e+01 -1.792678e+01 -3.807322e+01
      vertex   -4.104938e+01 -1.796651e+01 -3.812500e+01
    endloop
  endfacet
  facet normal 0.000000e+00 -9.238795e-01 3.826834e-01
    outer loop
      vertex   -3.965432e+01 -1.796651e+01 -3.812500e+01
      vertex   -4.104938e+01 -1.796651e+01 -3.812500e+01
      vertex   -3.965432e+01 -1.799148e+01 -3.818530e+01
    endloop
  endfacet
  facet normal 0.000000e+00 -9.238795e-01 3.826834e-01
    outer loop
      vertex   -3.965432e+01 -1.799148e+01 -3.818530e+01
      vertex   -4.104938e+01 -1.796651e+01 -3.812500e+01
      vertex   -4.104938e+01 -1.799148e+01 -3.818530e+01
    endloop
  endfacet
  facet normal 0.000000e+00 -9.914449e-01 1.305262e-01
    outer loop
      vertex   -3.965432e+01 -1.799148e+01 -3.818530e+01
      vertex   -4.104938e+01 -1.799148e+01 -3.818530e+01
      vertex   -5.500000e+01 -1.800000e+01 -3.825000e+01
    endloop
  endfacet
  facet normal 0.000000e+00 -7.933533e-01 6.087614e-01
    outer loop
      vertex   -3.686420e+01 -1.792678e+01 -3.807322e+01
      vertex   -3.546914e+01 -1.796651e+01 -3.812500e+01
      vertex   -3.546914e+01 -1.792678e+01 -3.807322e+01
    endloop
  endfacet
  facet normal 0.000000e+00 -7.933533e-01 6.087614e-01
    outer loop
      vertex   -3.546914e+01 -1.792678e+01 -3.807322e+01
      vertex   -3.546914e+01 -1.796651e+01 -3.812500e+01
      vertex   -3.407407e+01 -1.796651e+01 -3.812500e+01
    endloop
  endfacet
  facet normal 0.000000e+00 -7.933533e-01 6.087614e-01
    outer loop
      vertex   -3.546914e+01 -1.792678e+01 -3.807322e+01
      vertex   -3.407407e+01 -1.796651e+01 -3.812500e+01
      vertex   -3.407407e+01 -1.792678e+01 -3.807322e+01
    endloop
  endfacet
  facet normal -2.024408e-15 -7.933533e-01 6.087614e-01
    outer loop
      vertex   -3.407407e+01 -1.792678e+01 -3.807322e+01
      vertex   -3.407407e+01 -1.796651e+01 -3.812500e+01
      vertex   -3.267901e+01 -1.796651e+01 -3.812500e+01
    endloop
  endfacet
  facet normal 0.000000e+00 -7.933533e-01 6.087614e-01
    outer loop
      vertex   -2.849383e+01 -1.792678e+01 -3.807322e+01
      vertex   -2.988889e+01 -1.792678e+01 -3.807322e+01
      vertex   -2.849383e+01 -1.796651e+01 -3.812500e+01
    endloop
  endfacet
  facet normal 0.000000e+00 -7.933533e-01 6.087614e-01
    outer loop
      vertex   -2.849383e+01 -1.796651e+01 -3.812500e+01
      vertex   -2.988889e+01 -1.792678e+01 -3.807322e+01
      vertex   -2.988889e+01 -1.796651e+01 -3.812500e+01
    endloop
  endfacet
  facet normal 0.000000e+00 -9.238795e-01 3.826834e-01
    outer loop
      vertex   -2.849383e+01 -1.796651e+01 -3.812500e+01
      vertex   -2.988889e+01 -1.796651e+01 -3.812500e+01
      vertex   -2.849383e+01 -1.799148e+01 -3.818530e+01
    endloop
  endfacet
  facet normal -2.352784e-15 -9.238795e-01 3.826834e-01
    outer loop
      vertex   -2.849383e+01 -1.799148e+01 -3.818530e+01
      vertex   -2.988889e+01 -1.796651e+01 -3.812500e+01
      vertex   -2.988889e+01 -1.799148e+01 -3.818530e+01
    endloop
  endfacet
  facet normal -2.524849e-15 -9.914449e-01 1.305262e-01
    outer loop
      vertex   -2.849383e+01 -1.799148e+01 -3.818530e+01
      vertex   -2.988889e+01 -1.799148e+01 -3.818530e+01
      vertex   -5.500000e+01 -1.800000e+01 -3.825000e+01
    endloop
  endfacet
  facet normal -2.020382e-15 -7.933533e-01 6.087614e-01
    outer loop
      vertex   -2.570370e+01 -1.792678e+01 -3.807322e+01
      vertex   -2.430864e+01 -1.796651e+01 -3.812500e+01
      vertex   -2.430864e+01 -1.792678e+01 -3.807322e+01
    endloop
  endfacet
  facet normal 0.000000e+00 -7.933533e-01 6.087614e-01
    outer loop
      vertex   -2.430864e+01 -1.792678e+01 -3.807322e+01
      vertex   -2.430864e+01 -1.796651e+01 -3.812500e+01
      vertex   -2.291358e+01 -1.796651e+01 -3.812500e+01
    endloop
  endfacet
  facet normal 0.000000e+00 -7.933533e-01 6.087614e-01
    outer loop
      vertex   -2.430864e+01 -1.792678e+01 -3.807322e+01
      vertex   -2.291358e+01 -1.796651e+01 -3.812500e+01
      vertex   -2.291358e+01 -1.792678e+01 -3.807322e+01
    endloop
  endfacet
  facet normal 0.000000e+00 -7.933533e-01 6.087614e-01
    outer loop
      vertex   -2.291358e+01 -1.792678e+01 -3.807322e+01
      vertex   -2.291358e+01 -1.796651e+01 -3.812500e+01
      vertex   -2.151852e+01 -1.796651e+01 -3.812500e+01
    endloop
  endfacet
  facet normal 0.000000e+00 -7.933533e-01 6.087614e-01
    outer loop
      vertex   -1.733333e+01 -1.792678e+01 -3.807322e+01
      vertex   -1.872840e+01 -1.792678e+01 -3.807322e+01
      vertex   -1.733333e+01 -1.796651e+01 -3.812500e+01
    endloop
  endfacet
  facet normal 0.000000e+00 -7.933533e-01 6.087614e-01
    outer loop
      vertex   -1.733333e+01 -1.796651e+01 -3.812500e+01
      vertex   -1.872840e+01 -1.792678e+01 -3.807322e+01
      vertex   -1.872840e+01 -1.796651e+01 -3.812500e+01
    endloop
  endfacet
  facet normal 0.000000e+00 -9.238795e-01 3.826834e-01
    outer loop
      vertex   -1.733333e+01 -1.796651e+01 -3.812500e+01
      vertex   -1.872840e+01 -1.796651e+01 -3.812500e+01
      vertex   -1.733333e+01 -1.799148e+01 -3.818530e+01
    endloop
  endfacet
  facet normal 0.000000e+00 -9.238795e-01 3.826834e-01
    outer loop
      vertex   -1.733333e+01 -1.799148e+01 -3.818530e+01
      vertex   -1.872840e+01 -1.796651e+01 -3.812500e+01
      vertex   -1.872840e+01 -1.799148e+01 -3.818530e+01
    endloop
  endfacet
  facet normal 0.000000e+00 -9.914449e-01 1.305262e-01
    outer loop
      vertex   -1.733333e+01 -1.799148e+01 -3.818530e+01
      vertex   -1.872840e+01 -1.799148e+01 -3.818530e+01
      vertex   -5.500000e+01 -1.800000e+01 -3.825000e+01
    endloop
  endfacet
  facet normal 0.000000e+00 -7.933533e-01 6.087614e-01
    outer loop
      vertex   -1.454321e+01 -1.792678e+01 -3.807322e+01
      vertex   -1.314815e+01 -1.796651e+01 -3.812500e+01
      vertex   -1.314815e+01 -1.792678e+01 -3.807322e+01
    endloop
  endfacet
  facet normal -2.019645e-15 -7.933533e-01 6.087614e-01
    outer loop
      vertex   -1.314815e+01 -1.792678e+01 -3.807322e+01
      vertex   -1.314815e+01 -1.796651e+01 -3.812500e+01
      vertex   -1.175309e+01 -1.796651e+01 -3.812500e+01
    endloop
  endfacet
  facet normal -2.020382e-15 -7.933533e-01 6.087614e-01
    outer loop
      vertex   -1.314815e+01 -1.792678e+01 -3.807322e+01
      vertex   -1.175309e+01 -1.796651e+01 -3.812500e+01
      vertex   -1.175309e+01 -1.792678e+01 -3.807322e+01
    endloop
  endfacet
  facet normal 0.000000e+00 -7.933533e-01 6.087614e-01
    outer loop
      vertex   -1.175309e+01 -1.792678e+01 -3.807322e+01
      vertex   -1.175309e+01 -1.796651e+01 -3.812500e+01
      vertex   -1.035802e+01 -1.796651e+01 -3.812500e+01
    endloop
  endfacet
  facet normal 0.000000e+00 -7.933533e-01 6.087614e-01
    outer loop
      vertex   -6.172840e+00 -1.792678e+01 -3.807322e+01
      vertex   -7.567901e+00 -1.792678e+01 -3.807322e+01
      vertex   -6.172840e+00 -1.796651e+01 -3.812500e+01
    endloop
  endfacet
  facet normal 0.000000e+00 -7.933533e-01 6.087614e-01
    outer loop
      vertex   -6.172840e+00 -1.796651e+01 -3.812500e+01
      vertex   -7.567901e+00 -1.792678e+01 -3.807322e+01
      vertex   -7.567901e+00 -1.796651e+01 -3.812500e+01
    endloop
  endfacet
  facet normal 0.000000e+00 -9.238795e-01 3.826834e-01
    outer loop
      vertex   -6.172840e+00 -1.796651e+01 -3.812500e+01
      vertex   -7.567901e+00 -1.796651e+01 -3.812500e+01
      vertex   -6.172840e+00 -1.799148e+01 -3.818530e+01
    endloop
  endfacet
  facet normal 0.000000e+00 -9.238795e-01 3.826834e-01
    outer loop
      vertex   -6.172840e+00 -1.799148e+01 -3.818530e+01
      vertex   -7.567901e+00 -1.796651e+01 -3.812500e+01
      vertex   -7.567901e+00 -1.799148e+01 -3.818530e+01
    endloop
  endfacet
  facet normal 0.000000e+00 -9.914449e-01 1.305262e-01
    outer loop
      vertex   -6.172840e+00 -1.799148e+01 -3.818530e+01
      vertex   -7.567901e+00 -1.799148e+01 -3.818530e+01
      vertex   -5.500000e+01 -1.800000e+01 -3.825000e+01
    endloop
  endfacet
  facet normal 0.000000e+00 -7.933533e-01 6.087614e-01
    outer loop
      vertex   -3.382716e+00 -1.792678e+01 -3.807322e+01
      vertex   -1.987654e+00 -1.796651e+01 -3.812500e+01
      vertex   -1.987654e+00 -1.792678e+01 -3.807322e+01
    endloop
  endfacet
  facet normal 0.000000e+00 -7.933533e-01 6.087614e-01
    outer loop
      vertex   -1.987654e+00 -1.792678e+01 -3.807322e+01
      vertex   -1.987654e+00 -1.796651e+01 -3.812500e+01
      vertex   -5.925926e-01 -1.796651e+01 -3.812500e+01
    endloop
  endfacet
  facet normal 0.000000e+00 -7.933533e-01 6.087614e-01
    outer loop
      vertex   -1.987654e+00 -1.792678e+01 -3.807322e+01
      vertex   -5.925926e-01 -1.796651e+01 -3.812500e+01
      vertex   -5.925926e-01 -1.792678e+01 -3.807322e+01
    endloop
  endfacet
  facet normal -2.019645e-15 -7.933533e-01 6.087614e-01
    outer loop
      vertex   -5.925926e-01 -1.792678e+01 -3.807322e+01
      vertex   -5.925926e-01 -1.796651e+01 -3.812500e+01
      vertex   8.024691e-01 -1.796651e+01 -3.812500e+01
    endloop
  endfacet
  facet normal 0.000000e+00 -7.933533e-01 6.087614e-01
    outer loop
      vertex   2.197531e+00 -1.796651e+01 -3.812500e+01
      vertex   2.197531e+00 -1.792678e+01 -3.807322e+01
      vertex   8.024691e-01 -1.792678e+01 -3.807322e+01
    endloop
  endfacet
  facet normal 0.000000e+00 -7.933533e-01 6.087614e-01
    outer loop
      vertex   6.382716e+00 -1.792678e+01 -3.807322e+01
      vertex   4.987654e+00 -1.792678e+01 -3.807322e+01
      vertex   6.382716e+00 -1.796651e+01 -3.812500e+01
    endloop
  endfacet
  facet normal 0.000000e+00 -7.933533e-01 6.087614e-01
    outer loop
      vertex   6.382716e+00 -1.796651e+01 -3.812500e+01
      vertex   4.987654e+00 -1.792678e+01 -3.807322e+01
      vertex   4.987654e+00 -1.796651e+01 -3.812500e+01
    endloop
  endfacet
  facet normal 0.000000e+00 -9.238795e-01 3.826834e-01
    outer loop
      vertex   6.382716e+00 -1.796651e+01 -3.812500e+01
      vertex   4.987654e+00 -1.796651e+01 -3.812500e+01
      vertex   6.382716e+00 -1.799148e+01 -3.818530e+01
    endloop
  endfacet
  facet normal 0.000000e+00 -9.238795e-01 3.826834e-01
    outer loop
      vertex   6.382716e+00 -1.799148e+01 -3.818530e+01
      vertex   4.987654e+00 -1.796651e+01 -3.812500e+01
      vertex   4.987654e+00 -1.799148e+01 -3.818530e+01
    endloop
  endfacet
  facet normal 0.000000e+00 -9.914449e-01 1.305262e-01
    outer loop
      vertex   6.382716e+00 -1.799148e+01 -3.818530e+01
      vertex   4.987654e+00 -1.799148e+01 -3.818530e+01
      vertex   5.800000e+01 -1.800000e+01 -3.825000e+01
    endloop
  endfacet
  facet normal -2.020382e-15 -7.933533e-01 6.087614e-01
    outer loop
      vertex   9.172840e+00 -1.792678e+01 -3.807322e+01
      vertex   1.056790e+01 -1.796651e+01 -3.812500e+01
      vertex   1.056790e+01 -1.792678e+01 -3.807322e+01
    endloop
  endfacet
  facet normal 0.000000e+00 -7.933533e-01 6.087614e-01
    outer loop
      vertex   1.056790e+01 -1.792678e+01 -3.807322e+01
      vertex   1.056790e+01 -1.796651e+01 -3.812500e+01
      vertex   1.196296e+01 -1.796651e+01 -3.812500e+01
    endloop
  endfacet
  facet normal 0.000000e+00 -7.933533e-01 6.087614e-01
    outer loop
      vertex   1.056790e+01 -1.792678e+01 -3.807322e+01
      vertex   1.196296e+01 -1.796651e+01 -3.812500e+01
      vertex   1.196296e+01 -1.792678e+01 -3.807322e+01
    endloop
  endfacet
  facet normal 0.000000e+00 -7.933533e-01 6.087614e-01
    outer loop
      vertex   1.196296e+01 -1.792678e+01 -3.807322e+01
      vertex   1.196296e+01 -1.796651e+01 -3.812500e+01
      vertex   1.335802e+01 -1.796651e+01 -3.812500e+01
    endloop
  endfacet
  facet normal 0.000000e+00 -7.933533e-01 6.087614e-01
    outer loop
      vertex   1.754321e+01 -1.792678e+01 -3.807322e+01
      vertex   1.614815e+01 -1.792678e+01 -3.807322e+01
      vertex   1.754321e+01 -1.796651e+01 -3.812500e+01
    endloop
  endfacet
  facet normal 0.000000e+00 -7.933533e-01 6.087614e-01
    outer loop
      vertex   1.754321e+01 -1.796651e+01 -3.812500e+01
      vertex   1.614815e+01 -1.792678e+01 -3.807322e+01
      vertex   1.614815e+01 -1.796651e+01 -3.812500e+01
    endloop
  endfacet
  facet normal 0.000000e+00 -9.238795e-01 3.826834e-01
    outer loop
      vertex   1.754321e+01 -1.796651e+01 -3.812500e+01
      vertex   1.614815e+01 -1.796651e+01 -3.812500e+01
      vertex   1.754321e+01 -1.799148e+01 -3.818530e+01
    endloop
  endfacet
  facet normal 0.000000e+00 -9.238795e-01 3.826834e-01
    outer loop
      vertex   1.754321e+01 -1.799148e+01 -3.818530e+01
      vertex   1.614815e+01 -1.796651e+01 -3.812500e+01
      vertex   1.614815e+01 -1.799148e+01 -3.818530e+01
    endloop
  endfacet
  facet normal 0.000000e+00 -9.914449e-01 1.305262e-01
    outer loop
      vertex   1.754321e+01 -1.799148e+01 -3.818530e+01
      vertex   1.614815e+01 -1.799148e+01 -3.818530e+01
      vertex   5.800000e+01 -1.800000e+01 -3.825000e+01
    endloop
  endfacet
  facet normal -2.020382e-15 -7.933533e-01 6.087614e-01
    outer loop
      vertex   2.312346e+01 -1.796651e+01 -3.812500e+01
      vertex   2.172840e+01 -1.792678e+01 -3.807322e+01
      vertex   2.172840e+01 -1.796651e+01 -3.812500e+01
    endloop
  endfacet
  facet normal 2.024408e-15 -7.933533e-01 6.087614e-01
    outer loop
      vertex   2.172840e+01 -1.796651e+01 -3.812500e+01
      vertex   2.172840e+01 -1.792678e+01 -3.807322e+01
      vertex   2.033333e+01 -1.792678e+01 -3.807322e+01
    endloop
  endfacet
  facet normal 0.000000e+00 -7.933533e-01 6.087614e-01
    outer loop
      vertex   2.451852e+01 -1.792678e+01 -3.807322e+01
      vertex   2.591358e+01 -1.796651e+01 -3.812500e+01
      vertex   2.591358e+01 -1.792678e+01 -3.807322e+01
    endloop
  endfacet
  facet normal 0.000000e+00 -7.933533e-01 6.087614e-01
    outer loop
      vertex   2.591358e+01 -1.792678e+01 -3.807322e+01
      vertex   2.591358e+01 -1.796651e+01 -3.812500e+01
      vertex   2.730864e+01 -1.796651e+01 -3.812500e+01
    endloop
  endfacet
  facet normal -2.020382e-15 -7.933533e-01 6.087614e-01
    outer loop
      vertex   2.591358e+01 -1.792678e+01 -3.807322e+01
      vertex   2.730864e+01 -1.796651e+01 -3.812500e+01
      vertex   2.730864e+01 -1.792678e+01 -3.807322e+01
    endloop
  endfacet
  facet normal 0.000000e+00 -7.933533e-01 6.087614e-01
    outer loop
      vertex   2.730864e+01 -1.792678e+01 -3.807322e+01
      vertex   2.730864e+01 -1.796651e+01 -3.812500e+01
      vertex   2.870370e+01 -1.796651e+01 -3.812500e+01
    endloop
  endfacet
  facet normal 0.000000e+00 -7.933533e-01 6.087614e-01
    outer loop
      vertex   3.288889e+01 -1.792678e+01 -3.807322e+01
      vertex   3.149383e+01 -1.792678e+01 -3.807322e+01
      vertex   3.288889e+01 -1.796651e+01 -3.812500e+01
    endloop
  endfacet
  facet normal 0.000000e+00 -7.933533e-01 6.087614e-01
    outer loop
      vertex   3.288889e+01 -1.796651e+01 -3.812500e+01
      vertex   3.149383e+01 -1.792678e+01 -3.807322e+01
      vertex   3.149383e+01 -1.796651e+01 -3.812500e+01
    endloop
  endfacet
  facet normal 0.000000e+00 -9.238795e-01 3.826834e-01
    outer loop
      vertex   3.288889e+01 -1.796651e+01 -3.812500e+01
      vertex   3.149383e+01 -1.796651e+01 -3.812500e+01
      vertex   3.288889e+01 -1.799148e+01 -3.818530e+01
    endloop
  endfacet
  facet normal 0.000000e+00 -9.238795e-01 3.826834e-01
    outer loop
      vertex   3.288889e+01 -1.799148e+01 -3.818530e+01
      vertex   3.149383e+01 -1.796651e+01 -3.812500e+01
      vertex   3.149383e+01 -1.799148e+01 -3.818530e+01
    endloop
  endfacet
  facet normal 0.000000e+00 -9.914449e-01 1.305262e-01
    outer loop
      vertex   3.288889e+01 -1.799148e+01 -3.818530e+01
      vertex   3.149383e+01 -1.799148e+01 -3.818530e+01
      vertex   5.800000e+01 -1.800000e+01 -3.825000e+01
    endloop
  endfacet
  facet normal 0.000000e+00 -7.933533e-01 6.087614e-01
    outer loop
      vertex   3.567901e+01 -1.792678e+01 -3.807322e+01
      vertex   3.707407e+01 -1.796651e+01 -3.812500e+01
      vertex   3.707407e+01 -1.792678e+01 -3.807322e+01
    endloop
  endfacet
  facet normal 0.000000e+00 -7.933533e-01 6.087614e-01
    outer loop
      vertex   3.707407e+01 -1.792678e+01 -3.807322e+01
      vertex   3.707407e+01 -1.796651e+01 -3.812500e+01
      vertex   3.846914e+01 -1.796651e+01 -3.812500e+01
    endloop
  endfacet
  facet normal 0.000000e+00 -7.933533e-01 6.087614e-01
    outer loop
      vertex   3.707407e+01 -1.792678e+01 -3.807322e+01
      vertex   3.846914e+01 -1.796651e+01 -3.812500e+01
      vertex   3.846914e+01 -1.792678e+01 -3.807322e+01
    endloop
  endfacet
  facet normal 0.000000e+00 -7.933533e-01 6.087614e-01
    outer loop
      vertex   3.846914e+01 -1.792678e+01 -3.807322e+01
      vertex   3.846914e+01 -1.796651e+01 -3.812500e+01
      vertex   3.986420e+01 -1.796651e+01 -3.812500e+01
    endloop
  endfacet
  facet normal 0.000000e+00 -7.933533e-01 6.087614e-01
    outer loop
      vertex   4.404938e+01 -1.792678e+01 -3.807322e+01
      vertex   4.265432e+01 -1.792678e+01 -3.807322e+01
      vertex   4.404938e+01 -1.796651e+01 -3.812500e+01
    endloop
  endfacet
  facet normal 0.000000e+00 -7.933533e-01 6.087614e-01
    outer loop
      vertex   4.404938e+01 -1.796651e+01 -3.812500e+01
      vertex   4.265432e+01 -1.792678e+01 -3.807322e+01
      vertex   4.265432e+01 -1.796651e+01 -3.812500e+01
    endloop
  endfacet
  facet normal 0.000000e+00 -9.238795e-01 3.826834e-01
    outer loop
      vertex   4.404938e+01 -1.796651e+01 -3.812500e+01
      vertex   4.265432e+01 -1.796651e+01 -3.812500e+01
      vertex   4.404938e+01 -1.799148e+01 -3.818530e+01
    endloop
  endfacet
  facet normal 0.000000e+00 -9.238795e-01 3.826834e-01
    outer loop
      vertex   4.404938e+01 -1.799148e+01 -3.818530e+01
      vertex   4.265432e+01 -1.796651e+01 -3.812500e+01
      vertex   4.265432e+01 -1.799148e+01 -3.818530e+01
    endloop
  endfacet
  facet normal 0.000000e+00 -9.914449e-01 1.305262e-01
    outer loop
      vertex   4.404938e+01 -1.799148e+01 -3.818530e+01
      vertex   4.265432e+01 -1.799148e+01 -3.818530e+01
      vertex   5.800000e+01 -1.800000e+01 -3.825000e+01
    endloop
  endfacet
  facet normal 0.000000e+00 -7.933533e-01 6.087614e-01
    outer loop
      vertex   4.683951e+01 -1.792678e+01 -3.807322e+01
      vertex   4.823457e+01 -1.796651e+01 -3.812500e+01
      vertex   4.823457e+01 -1.792678e+01 -3.807322e+01
    endloop
  endfacet
  facet normal -2.019645e-15 -7.933533e-01 6.087614e-01
    outer loop
      vertex   4.823457e+01 -1.792678e+01 -3.807322e+01
      vertex   4.823457e+01 -1.796651e+01 -3.812500e+01
      vertex   4.962963e+01 -1.796651e+01 -3.812500e+01
    endloop
  endfacet
  facet normal -2.020382e-15 -7.933533e-01 6.087614e-01
    outer loop
      vertex   4.823457e+01 -1.792678e+01 -3.807322e+01
      vertex   4.962963e+01 -1.796651e+01 -3.812500e+01
      vertex   4.962963e+01 -1.792678e+01 -3.807322e+01
    endloop
  endfacet
  facet normal 0.000000e+00 -7.933533e-01 6.087614e-01
    outer loop
      vertex   4.962963e+01 -1.792678e+01 -3.807322e+01
      vertex   4.962963e+01 -1.796651e+01 -3.812500e+01
      vertex   5.102469e+01 -1.796651e+01 -3.812500e+01
    endloop
  endfacet
  facet normal 0.000000e+00 -7.933533e-01 6.087614e-01
    outer loop
      vertex   5.520988e+01 -1.792678e+01 -3.807322e+01
      vertex   5.381481e+01 -1.792678e+01 -3.807322e+01
      vertex   5.520988e+01 -1.796651e+01 -3.812500e+01
    endloop
  endfacet
  facet normal 0.000000e+00 -7.933533e-01 6.087614e-01
    outer loop
      vertex   5.520988e+01 -1.796651e+01 -3.812500e+01
      vertex   5.381481e+01 -1.792678e+01 -3.807322e+01
      vertex   5.381481e+01 -1.796651e+01 -3.812500e+01
    endloop
  endfacet
  facet normal 0.000000e+00 -9.238795e-01 3.826834e-01
    outer loop
      vertex   5.520988e+01 -1.796651e+01 -3.812500e+01
      vertex   5.381481e+01 -1.796651e+01 -3.812500e+01
      vertex   5.520988e+01 -1.799148e+01 -3.818530e+01
    endloop
  endfacet
  facet normal 0.000000e+00 -7.933533e-01 6.087614e-01
    outer loop
      vertex   -5.081481e+01 -1.792678e+01 -3.807322e+01
      vertex   -5.081481e+01 -1.796651e+01 -3.812500e+01
      vertex   -4.941975e+01 -1.796651e+01 -3.812500e+01
    endloop
  endfacet
  facet normal 0.000000e+00 -9.238795e-01 3.826834e-01
    outer loop
      vertex   -4.941975e+01 -1.796651e+01 -3.812500e+01
      vertex   -5.081481e+01 -1.796651e+01 -3.812500e+01
      vertex   -4.941975e+01 -1.799148e+01 -3.818530e+01
    endloop
  endfacet
  facet normal 0.000000e+00 -9.238795e-01 3.826834e-01
    outer loop
      vertex   -4.941975e+01 -1.796651e+01 -3.812500e+01
      vertex   -4.941975e+01 -1.799148e+01 -3.818530e+01
      vertex   -4.802469e+01 -1.799148e+01 -3.818530e+01
    endloop
  endfacet
  facet normal 0.000000e+00 -9.914449e-01 1.305262e-01
    outer loop
      vertex   -4.802469e+01 -1.799148e+01 -3.818530e+01
      vertex   -4.941975e+01 -1.799148e+01 -3.818530e+01
      vertex   -5.500000e+01 -1.800000e+01 -3.825000e+01
    endloop
  endfacet
  facet normal 0.000000e+00 -9.238795e-01 3.826834e-01
    outer loop
      vertex   -4.941975e+01 -1.799148e+01 -3.818530e+01
      vertex   -5.081481e+01 -1.796651e+01 -3.812500e+01
      vertex   -5.081481e+01 -1.799148e+01 -3.818530e+01
    endloop
  endfacet
  facet normal 0.000000e+00 -9.238795e-01 3.826834e-01
    outer loop
      vertex   -4.383951e+01 -1.799148e+01 -3.818530e+01
      vertex   -4.383951e+01 -1.796651e+01 -3.812500e+01
      vertex   -4.523457e+01 -1.796651e+01 -3.812500e+01
    endloop
  endfacet
  facet normal 0.000000e+00 -9.238795e-01 3.826834e-01
    outer loop
      vertex   -4.383951e+01 -1.799148e+01 -3.818530e+01
      vertex   -4.523457e+01 -1.796651e+01 -3.812500e+01
      vertex   -4.523457e+01 -1.799148e+01 -3.818530e+01
    endloop
  endfacet
  facet normal 0.000000e+00 -9.238795e-01 3.826834e-01
    outer loop
      vertex   -4.523457e+01 -1.799148e+01 -3.818530e+01
      vertex   -4.523457e+01 -1.796651e+01 -3.812500e+01
      vertex   -4.662963e+01 -1.796651e+01 -3.812500e+01
    endloop
  endfacet
  facet normal 0.000000e+00 -7.933533e-01 6.087614e-01
    outer loop
      vertex   -3.965432e+01 -1.792678e+01 -3.807322e+01
      vertex   -3.965432e+01 -1.796651e+01 -3.812500e+01
      vertex   -3.825926e+01 -1.796651e+01 -3.812500e+01
    endloop
  endfacet
  facet normal 0.000000e+00 -9.238795e-01 3.826834e-01
    outer loop
      vertex   -3.825926e+01 -1.796651e+01 -3.812500e+01
      vertex   -3.965432e+01 -1.796651e+01 -3.812500e+01
      vertex   -3.825926e+01 -1.799148e+01 -3.818530e+01
    endloop
  endfacet
  facet normal 0.000000e+00 -9.238795e-01 3.826834e-01
    outer loop
      vertex   -3.825926e+01 -1.796651e+01 -3.812500e+01
      vertex   -3.825926e+01 -1.799148e+01 -3.818530e+01
      vertex   -3.686420e+01 -1.799148e+01 -3.818530e+01
    endloop
  endfacet
  facet normal 0.000000e+00 -9.914449e-01 1.305262e-01
    outer loop
      vertex   -3.686420e+01 -1.799148e+01 -3.818530e+01
      vertex   -3.825926e+01 -1.799148e+01 -3.818530e+01
      vertex   -5.500000e+01 -1.800000e+01 -3.825000e+01
    endloop
  endfacet
  facet normal -2.352784e-15 -9.238795e-01 3.826834e-01
    outer loop
      vertex   -3.825926e+01 -1.799148e+01 -3.818530e+01
      vertex   -3.965432e+01 -1.796651e+01 -3.812500e+01
      vertex   -3.965432e+01 -1.799148e+01 -3.818530e+01
    endloop
  endfacet
  facet normal -2.353077e-15 -9.238795e-01 3.826834e-01
    outer loop
      vertex   -3.267901e+01 -1.799148e+01 -3.818530e+01
      vertex   -3.267901e+01 -1.796651e+01 -3.812500e+01
      vertex   -3.407407e+01 -1.796651e+01 -3.812500e+01
    endloop
  endfacet
  facet normal 0.000000e+00 -9.238795e-01 3.826834e-01
    outer loop
      vertex   -3.267901e+01 -1.799148e+01 -3.818530e+01
      vertex   -3.407407e+01 -1.796651e+01 -3.812500e+01
      vertex   -3.407407e+01 -1.799148e+01 -3.818530e+01
    endloop
  endfacet
  facet normal 0.000000e+00 -9.238795e-01 3.826834e-01
    outer loop
      vertex   -3.407407e+01 -1.799148e+01 -3.818530e+01
      vertex   -3.407407e+01 -1.796651e+01 -3.812500e+01
      vertex   -3.546914e+01 -1.796651e+01 -3.812500e+01
    endloop
  endfacet
  facet normal 0.000000e+00 -7.933533e-01 6.087614e-01
    outer loop
      vertex   -2.849383e+01 -1.792678e+01 -3.807322e+01
      vertex   -2.849383e+01 -1.796651e+01 -3.812500e+01
      vertex   -2.709877e+01 -1.796651e+01 -3.812500e+01
    endloop
  endfacet
  facet normal 0.000000e+00 -9.238795e-01 3.826834e-01
    outer loop
      vertex   -2.709877e+01 -1.796651e+01 -3.812500e+01
      vertex   -2.849383e+01 -1.796651e+01 -3.812500e+01
      vertex   -2.709877e+01 -1.799148e+01 -3.818530e+01
    endloop
  endfacet
  facet normal 0.000000e+00 -9.238795e-01 3.826834e-01
    outer loop
      vertex   -2.709877e+01 -1.796651e+01 -3.812500e+01
      vertex   -2.709877e+01 -1.799148e+01 -3.818530e+01
      vertex   -2.570370e+01 -1.799148e+01 -3.818530e+01
    endloop
  endfacet
  facet normal 0.000000e+00 -9.914449e-01 1.305262e-01
    outer loop
      vertex   -2.570370e+01 -1.799148e+01 -3.818530e+01
      vertex   -2.709877e+01 -1.799148e+01 -3.818530e+01
      vertex   -5.500000e+01 -1.800000e+01 -3.825000e+01
    endloop
  endfacet
  facet normal 0.000000e+00 -9.238795e-01 3.826834e-01
    outer loop
      vertex   -2.709877e+01 -1.799148e+01 -3.818530e+01
      vertex   -2.849383e+01 -1.796651e+01 -3.812500e+01
      vertex   -2.849383e+01 -1.799148e+01 -3.818530e+01
    endloop
  endfacet
  facet normal 0.000000e+00 -9.238795e-01 3.826834e-01
    outer loop
      vertex   -2.151852e+01 -1.799148e+01 -3.818530e+01
      vertex   -2.151852e+01 -1.796651e+01 -3.812500e+01
      vertex   -2.291358e+01 -1.796651e+01 -3.812500e+01
    endloop
  endfacet
  facet normal 0.000000e+00 -9.238795e-01 3.826834e-01
    outer loop
      vertex   -2.151852e+01 -1.799148e+01 -3.818530e+01
      vertex   -2.291358e+01 -1.796651e+01 -3.812500e+01
      vertex   -2.291358e+01 -1.799148e+01 -3.818530e+01
    endloop
  endfacet
  facet normal 0.000000e+00 -9.238795e-01 3.826834e-01
    outer loop
      vertex   -2.291358e+01 -1.799148e+01 -3.818530e+01
      vertex   -2.291358e+01 -1.796651e+01 -3.812500e+01
      vertex   -2.430864e+01 -1.796651e+01 -3.812500e+01
    endloop
  endfacet
  facet normal 0.000000e+00 -7.933533e-01 6.087614e-01
    outer loop
      vertex   -1.733333e+01 -1.792678e+01 -3.807322e+01
      vertex   -1.733333e+01 -1.796651e+01 -3.812500e+01
      vertex   -1.593827e+01 -1.796651e+01 -3.812500e+01
    endloop
  endfacet
  facet normal 0.000000e+00 -9.238795e-01 3.826834e-01
    outer loop
      vertex   -1.593827e+01 -1.796651e+01 -3.812500e+01
      vertex   -1.733333e+01 -1.796651e+01 -3.812500e+01
      vertex   -1.593827e+01 -1.799148e+01 -3.818530e+01
    endloop
  endfacet
  facet normal 0.000000e+00 -9.238795e-01 3.826834e-01
    outer loop
      vertex   -1.593827e+01 -1.796651e+01 -3.812500e+01
      vertex   -1.593827e+01 -1.799148e+01 -3.818530e+01
      vertex   -1.454321e+01 -1.799148e+01 -3.818530e+01
    endloop
  endfacet
  facet normal 0.000000e+00 -9.914449e-01 1.305262e-01
    outer loop
      vertex   -1.454321e+01 -1.799148e+01 -3.818530e+01
      vertex   -1.593827e+01 -1.799148e+01 -3.818530e+01
      vertex   -5.500000e+01 -1.800000e+01 -3.825000e+01
    endloop
  endfacet
  facet normal -2.352784e-15 -9.238795e-01 3.826834e-01
    outer loop
      vertex   -1.593827e+01 -1.799148e+01 -3.818530e+01
      vertex   -1.733333e+01 -1.796651e+01 -3.812500e+01
      vertex   -1.733333e+01 -1.799148e+01 -3.818530e+01
    endloop
  endfacet
  facet normal 0.000000e+00 -9.238795e-01 3.826834e-01
    outer loop
      vertex   -1.035802e+01 -1.799148e+01 -3.818530e+01
      vertex   -1.035802e+01 -1.796651e+01 -3.812500e+01
      vertex   -1.175309e+01 -1.796651e+01 -3.812500e+01
    endloop
  endfacet
  facet normal 0.000000e+00 -9.238795e-01 3.826834e-01
    outer loop
      vertex   -1.035802e+01 -1.799148e+01 -3.818530e+01
      vertex   -1.175309e+01 -1.796651e+01 -3.812500e+01
      vertex   -1.175309e+01 -1.799148e+01 -3.818530e+01
    endloop
  endfacet
  facet normal -2.353077e-15 -9.238795e-01 3.826834e-01
    outer loop
      vertex   -1.175309e+01 -1.799148e+01 -3.818530e+01
      vertex   -1.175309e+01 -1.796651e+01 -3.812500e+01
      vertex   -1.314815e+01 -1.796651e+01 -3.812500e+01
    endloop
  endfacet
  facet normal 0.000000e+00 -7.933533e-01 6.087614e-01
    outer loop
      vertex   -6.172840e+00 -1.792678e+01 -3.807322e+01
      vertex   -6.172840e+00 -1.796651e+01 -3.812500e+01
      vertex   -4.777778e+00 -1.796651e+01 -3.812500e+01
    endloop
  endfacet
  facet normal 0.000000e+00 -9.238795e-01 3.826834e-01
    outer loop
      vertex   -4.777778e+00 -1.796651e+01 -3.812500e+01
      vertex   -6.172840e+00 -1.796651e+01 -3.812500e+01
      vertex   -4.777778e+00 -1.799148e+01 -3.818530e+01
    endloop
  endfacet
  facet normal -2.350695e-15 -9.238795e-01 3.826834e-01
    outer loop
      vertex   -4.777778e+00 -1.796651e+01 -3.812500e+01
      vertex   -4.777778e+00 -1.799148e+01 -3.818530e+01
      vertex   -3.382716e+00 -1.799148e+01 -3.818530e+01
    endloop
  endfacet
  facet normal -2.524849e-15 -9.914449e-01 1.305262e-01
    outer loop
      vertex   -3.382716e+00 -1.799148e+01 -3.818530e+01
      vertex   -4.777778e+00 -1.799148e+01 -3.818530e+01
      vertex   -5.500000e+01 -1.800000e+01 -3.825000e+01
    endloop
  endfacet
  facet normal 0.000000e+00 -9.238795e-01 3.826834e-01
    outer loop
      vertex   -4.777778e+00 -1.799148e+01 -3.818530e+01
      vertex   -6.172840e+00 -1.796651e+01 -3.812500e+01
      vertex   -6.172840e+00 -1.799148e+01 -3.818530e+01
    endloop
  endfacet
  facet normal 0.000000e+00 -9.238795e-01 3.826834e-01
    outer loop
      vertex   -1.987654e+00 -1.796651e+01 -3.812500e+01
      vertex   -5.925926e-01 -1.799148e+01 -3.818530e+01
      vertex   -5.925926e-01 -1.796651e+01 -3.812500e+01
    endloop
  endfacet
  facet normal -2.353077e-15 -9.238795e-01 3.826834e-01
    outer loop
      vertex   -5.925926e-01 -1.796651e+01 -3.812500e+01
      vertex   -5.925926e-01 -1.799148e+01 -3.818530e+01
      vertex   8.024691e-01 -1.799148e+01 -3.818530e+01
    endloop
  endfacet
  facet normal -2.352784e-15 -9.238795e-01 3.826834e-01
    outer loop
      vertex   -5.925926e-01 -1.796651e+01 -3.812500e+01
      vertex   8.024691e-01 -1.799148e+01 -3.818530e+01
      vertex   8.024691e-01 -1.796651e+01 -3.812500e+01
    endloop
  endfacet
  facet normal 0.000000e+00 -9.238795e-01 3.826834e-01
    outer loop
      vertex   8.024691e-01 -1.796651e+01 -3.812500e+01
      vertex   8.024691e-01 -1.799148e+01 -3.818530e+01
      vertex   2.197531e+00 -1.799148e+01 -3.818530e+01
    endloop
  endfacet
  facet normal 0.000000e+00 -7.933533e-01 6.087614e-01
    outer loop
      vertex   6.382716e+00 -1.792678e+01 -3.807322e+01
      vertex   6.382716e+00 -1.796651e+01 -3.812500e+01
      vertex   7.777778e+00 -1.796651e+01 -3.812500e+01
    endloop
  endfacet
  facet normal 0.000000e+00 -9.238795e-01 3.826834e-01
    outer loop
      vertex   7.777778e+00 -1.796651e+01 -3.812500e+01
      vertex   6.382716e+00 -1.796651e+01 -3.812500e+01
      vertex   7.777778e+00 -1.799148e+01 -3.818530e+01
    endloop
  endfacet
  facet normal 0.000000e+00 -9.238795e-01 3.826834e-01
    outer loop
      vertex   7.777778e+00 -1.796651e+01 -3.812500e+01
      vertex   7.777778e+00 -1.799148e+01 -3.818530e+01
      vertex   9.172840e+00 -1.799148e+01 -3.818530e+01
    endloop
  endfacet
  facet normal 0.000000e+00 -9.914449e-01 1.305262e-01
    outer loop
      vertex   9.172840e+00 -1.799148e+01 -3.818530e+01
      vertex   7.777778e+00 -1.799148e+01 -3.818530e+01
      vertex   5.800000e+01 -1.800000e+01 -3.825000e+01
    endloop
  endfacet
  facet normal 0.000000e+00 -9.238795e-01 3.826834e-01
    outer loop
      vertex   7.777778e+00 -1.799148e+01 -3.818530e+01
      vertex   6.382716e+00 -1.796651e+01 -3.812500e+01
      vertex   6.382716e+00 -1.799148e+01 -3.818530e+01
    endloop
  endfacet
  facet normal 0.000000e+00 -9.238795e-01 3.826834e-01
    outer loop
      vertex   1.335802e+01 -1.799148e+01 -3.818530e+01
      vertex   1.335802e+01 -1.796651e+01 -3.812500e+01
      vertex   1.196296e+01 -1.796651e+01 -3.812500e+01
    endloop
  endfacet
  facet normal 0.000000e+00 -9.238795e-01 3.826834e-01
    outer loop
      vertex   1.335802e+01 -1.799148e+01 -3.818530e+01
      vertex   1.196296e+01 -1.796651e+01 -3.812500e+01
      vertex   1.196296e+01 -1.799148e+01 -3.818530e+01
    endloop
  endfacet
  facet normal 0.000000e+00 -9.238795e-01 3.826834e-01
    outer loop
      vertex   1.196296e+01 -1.799148e+01 -3.818530e+01
      vertex   1.196296e+01 -1.796651e+01 -3.812500e+01
      vertex   1.056790e+01 -1.796651e+01 -3.812500e+01
    endloop
  endfacet
  facet normal 3.100917e-15 -7.933533e-01 6.087614e-01
    outer loop
      vertex   1.754321e+01 -1.792678e+01 -3.807322e+01
      vertex   1.754321e+01 -1.796651e+01 -3.812500e+01
      vertex   1.893827e+01 -1.796651e+01 -3.812500e+01
    endloop
  endfacet
  facet normal 1.949110e-15 -9.238795e-01 3.826834e-01
    outer loop
      vertex   1.893827e+01 -1.796651e+01 -3.812500e+01
      vertex   1.754321e+01 -1.796651e+01 -3.812500e+01
      vertex   1.893827e+01 -1.799148e+01 -3.818530e+01
    endloop
  endfacet
  facet normal 0.000000e+00 -9.238795e-01 3.826834e-01
    outer loop
      vertex   1.893827e+01 -1.796651e+01 -3.812500e+01
      vertex   1.893827e+01 -1.799148e+01 -3.818530e+01
      vertex   2.033333e+01 -1.799148e+01 -3.818530e+01
    endloop
  endfacet
  facet normal 0.000000e+00 -9.914449e-01 1.305262e-01
    outer loop
      vertex   2.033333e+01 -1.799148e+01 -3.818530e+01
      vertex   1.893827e+01 -1.799148e+01 -3.818530e+01
      vertex   5.800000e+01 -1.800000e+01 -3.825000e+01
    endloop
  endfacet
  facet normal -2.352784e-15 -9.238795e-01 3.826834e-01
    outer loop
      vertex   1.893827e+01 -1.799148e+01 -3.818530e+01
      vertex   1.754321e+01 -1.796651e+01 -3.812500e+01
      vertex   1.754321e+01 -1.799148e+01 -3.818530e+01
    endloop
  endfacet
  facet normal 0.000000e+00 -9.238795e-01 3.826834e-01
    outer loop
      vertex   2.451852e+01 -1.799148e+01 -3.818530e+01
      vertex   2.312346e+01 -1.796651e+01 -3.812500e+01
      vertex   2.312346e+01 -1.799148e+01 -3.818530e+01
    endloop
  endfacet
  facet normal -2.353077e-15 -9.238795e-01 3.826834e-01
    outer loop
      vertex   2.312346e+01 -1.799148e+01 -3.818530e+01
      vertex   2.312346e+01 -1.796651e+01 -3.812500e+01
      vertex   2.172840e+01 -1.796651e+01 -3.812500e+01
    endloop
  endfacet
  facet normal 0.000000e+00 -9.238795e-01 3.826834e-01
    outer loop
      vertex   2.870370e+01 -1.799148e+01 -3.818530e+01
      vertex   2.870370e+01 -1.796651e+01 -3.812500e+01
      vertex   2.730864e+01 -1.796651e+01 -3.812500e+01
    endloop
  endfacet
  facet normal 0.000000e+00 -9.238795e-01 3.826834e-01
    outer loop
      vertex   2.870370e+01 -1.799148e+01 -3.818530e+01
      vertex   2.730864e+01 -1.796651e+01 -3.812500e+01
      vertex   2.730864e+01 -1.799148e+01 -3.818530e+01
    endloop
  endfacet
  facet normal 0.000000e+00 -9.238795e-01 3.826834e-01
    outer loop
      vertex   2.730864e+01 -1.799148e+01 -3.818530e+01
      vertex   2.730864e+01 -1.796651e+01 -3.812500e+01
      vertex   2.591358e+01 -1.796651e+01 -3.812500e+01
    endloop
  endfacet
  facet normal 0.000000e+00 -7.933533e-01 6.087614e-01
    outer loop
      vertex   3.288889e+01 -1.792678e+01 -3.807322e+01
      vertex   3.288889e+01 -1.796651e+01 -3.812500e+01
      vertex   3.428395e+01 -1.796651e+01 -3.812500e+01
    endloop
  endfacet
  facet normal 0.000000e+00 -9.238795e-01 3.826834e-01
    outer loop
      vertex   3.428395e+01 -1.796651e+01 -3.812500e+01
      vertex   3.288889e+01 -1.796651e+01 -3.812500e+01
      vertex   3.428395e+01 -1.799148e+01 -3.818530e+01
    endloop
  endfacet
  facet normal 0.000000e+00 -9.238795e-01 3.826834e-01
    outer loop
      vertex   3.428395e+01 -1.796651e+01 -3.812500e+01
      vertex   3.428395e+01 -1.799148e+01 -3.818530e+01
      vertex   3.567901e+01 -1.799148e+01 -3.818530e+01
    endloop
  endfacet
  facet normal 0.000000e+00 -9.914449e-01 1.305262e-01
    outer loop
      vertex   3.567901e+01 -1.799148e+01 -3.818530e+01
      vertex   3.428395e+01 -1.799148e+01 -3.818530e+01
      vertex   5.800000e+01 -1.800000e+01 -3.825000e+01
    endloop
  endfacet
  facet normal 0.000000e+00 -9.238795e-01 3.826834e-01
    outer loop
      vertex   3.428395e+01 -1.799148e+01 -3.818530e+01
      vertex   3.288889e+01 -1.796651e+01 -3.812500e+01
      vertex   3.288889e+01 -1.799148e+01 -3.818530e+01
    endloop
  endfacet
  facet normal 0.000000e+00 -9.238795e-01 3.826834e-01
    outer loop
      vertex   3.986420e+01 -1.799148e+01 -3.818530e+01
      vertex   3.986420e+01 -1.796651e+01 -3.812500e+01
      vertex   3.846914e+01 -1.796651e+01 -3.812500e+01
    endloop
  endfacet
  facet normal 0.000000e+00 -9.238795e-01 3.826834e-01
    outer loop
      vertex   3.986420e+01 -1.799148e+01 -3.818530e+01
      vertex   3.846914e+01 -1.796651e+01 -3.812500e+01
      vertex   3.846914e+01 -1.799148e+01 -3.818530e+01
    endloop
  endfacet
  facet normal 0.000000e+00 -9.238795e-01 3.826834e-01
    outer loop
      vertex   3.846914e+01 -1.799148e+01 -3.818530e+01
      vertex   3.846914e+01 -1.796651e+01 -3.812500e+01
      vertex   3.707407e+01 -1.796651e+01 -3.812500e+01
    endloop
  endfacet
  facet normal -2.024408e-15 -7.933533e-01 6.087614e-01
    outer loop
      vertex   4.404938e+01 -1.792678e+01 -3.807322e+01
      vertex   4.404938e+01 -1.796651e+01 -3.812500e+01
      vertex   4.544444e+01 -1.796651e+01 -3.812500e+01
    endloop
  endfacet
  facet normal -2.352784e-15 -9.238795e-01 3.826834e-01
    outer loop
      vertex   4.544444e+01 -1.796651e+01 -3.812500e+01
      vertex   4.404938e+01 -1.796651e+01 -3.812500e+01
      vertex   4.544444e+01 -1.799148e+01 -3.818530e+01
    endloop
  endfacet
  facet normal 0.000000e+00 -9.238795e-01 3.826834e-01
    outer loop
      vertex   4.544444e+01 -1.796651e+01 -3.812500e+01
      vertex   4.544444e+01 -1.799148e+01 -3.818530e+01
      vertex   4.683951e+01 -1.799148e+01 -3.818530e+01
    endloop
  endfacet
  facet normal 0.000000e+00 -9.914449e-01 1.305262e-01
    outer loop
      vertex   4.683951e+01 -1.799148e+01 -3.818530e+01
      vertex   4.544444e+01 -1.799148e+01 -3.818530e+01
      vertex   5.800000e+01 -1.800000e+01 -3.825000e+01
    endloop
  endfacet
  facet normal -2.352784e-15 -9.238795e-01 3.826834e-01
    outer loop
      vertex   4.544444e+01 -1.799148e+01 -3.818530e+01
      vertex   4.404938e+01 -1.796651e+01 -3.812500e+01
      vertex   4.404938e+01 -1.799148e+01 -3.818530e+01
    endloop
  endfacet
  facet normal 0.000000e+00 -9.238795e-01 3.826834e-01
    outer loop
      vertex   5.102469e+01 -1.799148e+01 -3.818530e+01
      vertex   5.102469e+01 -1.796651e+01 -3.812500e+01
      vertex   4.962963e+01 -1.796651e+01 -3.812500e+01
    endloop
  endfacet
  facet normal 0.000000e+00 -9.238795e-01 3.826834e-01
    outer loop
      vertex   5.102469e+01 -1.799148e+01 -3.818530e+01
      vertex   4.962963e+01 -1.796651e+01 -3.812500e+01
      vertex   4.962963e+01 -1.799148e+01 -3.818530e+01
    endloop
  endfacet
  facet normal -2.353077e-15 -9.238795e-01 3.826834e-01
    outer loop
      vertex   4.962963e+01 -1.799148e+01 -3.818530e+01
      vertex   4.962963e+01 -1.796651e+01 -3.812500e+01
      vertex   4.823457e+01 -1.796651e+01 -3.812500e+01
    endloop
  endfacet
  facet normal -2.352784e-15 -9.238795e-01 3.826834e-01
    outer loop
      vertex   5.381481e+01 -1.799148e+01 -3.818530e+01
      vertex   5.241975e+01 -1.796651e+01 -3.812500e+01
      vertex   5.241975e+01 -1.799148e+01 -3.818530e+01
    endloop
  endfacet
  facet normal 0.000000e+00 -9.238795e-01 3.826834e-01
    outer loop
      vertex   5.660494e+01 -1.799148e+01 -3.818530e+01
      vertex   5.660494e+01 -1.796651e+01 -3.812500e+01
      vertex   5.520988e+01 -1.796651e+01 -3.812500e+01
    endloop
  endfacet
  facet normal 0.000000e+00 -7.933533e-01 6.087614e-01
    outer loop
      vertex   5.520988e+01 -1.796651e+01 -3.812500e+01
      vertex   5.660494e+01 -1.796651e+01 -3.812500e+01
      vertex   5.520988e+01 -1.792678e+01 -3.807322e+01
    endloop
  endfacet
  facet normal 0.000000e+00 -9.238795e-01 3.826834e-01
    outer loop
      vertex   5.660494e+01 -1.799148e+01 -3.818530e+01
      vertex   5.520988e+01 -1.796651e+01 -3.812500e+01
      vertex   5.520988e+01 -1.799148e+01 -3.818530e+01
    endloop
  endfacet
  facet normal 0.000000e+00 -9.914449e-01 1.305262e-01
    outer loop
      vertex   -5.500000e+01 -1.800000e+01 -3.825000e+01
      vertex   -4.941975e+01 -1.799148e+01 -3.818530e+01
      vertex   -5.081481e+01 -1.799148e+01 -3.818530e+01
    endloop
  endfacet
  facet normal -2.524556e-15 -9.914449e-01 1.305262e-01
    outer loop
      vertex   -5.500000e+01 -1.800000e+01 -3.825000e+01
      vertex   -3.825926e+01 -1.799148e+01 -3.818530e+01
      vertex   -3.965432e+01 -1.799148e+01 -3.818530e+01
    endloop
  endfacet
  facet normal 0.000000e+00 -9.914449e-01 1.305262e-01
    outer loop
      vertex   -5.500000e+01 -1.800000e+01 -3.825000e+01
      vertex   -2.709877e+01 -1.799148e+01 -3.818530e+01
      vertex   -2.849383e+01 -1.799148e+01 -3.818530e+01
    endloop
  endfacet
  facet normal -2.524556e-15 -9.914449e-01 1.305262e-01
    outer loop
      vertex   -5.500000e+01 -1.800000e+01 -3.825000e+01
      vertex   -1.593827e+01 -1.799148e+01 -3.818530e+01
      vertex   -1.733333e+01 -1.799148e+01 -3.818530e+01
    endloop
  endfacet
  facet normal 0.000000e+00 -9.914449e-01 1.305262e-01
    outer loop
      vertex   -5.500000e+01 -1.800000e+01 -3.825000e+01
      vertex   -4.777778e+00 -1.799148e+01 -3.818530e+01
      vertex   -6.172840e+00 -1.799148e+01 -3.818530e+01
    endloop
  endfacet
  facet normal 0.000000e+00 -9.914449e-01 1.305262e-01
    outer loop
      vertex   5.800000e+01 -1.800000e+01 -3.825000e+01
      vertex   7.777778e+00 -1.799148e+01 -3.818530e+01
      vertex   6.382716e+00 -1.799148e+01 -3.818530e+01
    endloop
  endfacet
  facet normal -2.525747e-15 -9.914449e-01 1.305262e-01
    outer loop
      vertex   5.800000e+01 -1.800000e+01 -3.825000e+01
      vertex   1.893827e+01 -1.799148e+01 -3.818530e+01
      vertex   1.754321e+01 -1.799148e+01 -3.818530e+01
    endloop
  endfacet
  facet normal 0.000000e+00 -9.914449e-01 1.305262e-01
    outer loop
      vertex   5.800000e+01 -1.800000e+01 -3.825000e+01
      vertex   3.428395e+01 -1.799148e+01 -3.818530e+01
      vertex   3.288889e+01 -1.799148e+01 -3.818530e+01
    endloop
  endfacet
  facet normal -2.524556e-15 -9.914449e-01 1.305262e-01
    outer loop
      vertex   5.800000e+01 -1.800000e+01 -3.825000e+01
      vertex   4.544444e+01 -1.799148e+01 -3.818530e+01
      vertex   4.404938e+01 -1.799148e+01 -3.818530e+01
    endloop
  endfacet
  facet normal -2.525747e-15 -9.914449e-01 1.305262e-01
    outer loop
      vertex   5.800000e+01 -1.800000e+01 -3.825000e+01
      vertex   5.381481e+01 -1.799148e+01 -3.818530e+01
      vertex   5.241975e+01 -1.799148e+01 -3.818530e+01
    endloop
  endfacet
  facet normal -9.937122e-01 1.119645e-01 0.000000e+00
    outer loop
      vertex   -5.800000e+01 1.500000e+01 -4.000000e+01
      vertex   -5.800000e+01 1.500000e+01 -3.825000e+01
      vertex   -5.792478e+01 1.566756e+01 -4.000000e+01
    endloop
  endfacet
  facet normal -9.937122e-01 1.119645e-01 7.955778e-15
    outer loop
      vertex   -5.792478e+01 1.566756e+01 -4.000000e+01
      vertex   -5.800000e+01 1.500000e+01 -3.825000e+01
      vertex   -5.792478e+01 1.566756e+01 -3.825000e+01
    endloop
  endfacet
  facet normal -9.438833e-01 3.302791e-01 7.329540e-15
    outer loop
      vertex   -5.792478e+01 1.566756e+01 -4.000000e+01
      vertex   -5.792478e+01 1.566756e+01 -3.825000e+01
      vertex   -5.770291e+01 1.630165e+01 -4.000000e+01
    endloop
  endfacet
  facet normal -9.438833e-01 3.302791e-01 -3.832397e-15
    outer loop
      vertex   -5.770291e+01 1.630165e+01 -4.000000e+01
      vertex   -5.792478e+01 1.566756e+01 -3.825000e+01
      vertex   -5.770291e+01 1.630165e+01 -3.825000e+01
    endloop
  endfacet
  facet normal -8.467242e-01 5.320321e-01 -3.437907e-15
    outer loop
      vertex   -5.770291e+01 1.630165e+01 -4.000000e+01
      vertex   -5.770291e+01 1.630165e+01 -3.825000e+01
      vertex   -5.734549e+01 1.687047e+01 -4.000000e+01
    endloop
  endfacet
  facet normal -8.467242e-01 5.320321e-01 0.000000e+00
    outer loop
      vertex   -5.734549e+01 1.687047e+01 -4.000000e+01
      vertex   -5.770291e+01 1.630165e+01 -3.825000e+01
      vertex   -5.734549e+01 1.687047e+01 -3.825000e+01
    endloop
  endfacet
  facet normal -7.071068e-01 7.071068e-01 0.000000e+00
    outer loop
      vertex   -5.734549e+01 1.687047e+01 -4.000000e+01
      vertex   -5.734549e+01 1.687047e+01 -3.825000e+01
      vertex   -5.687047e+01 1.734549e+01 -4.000000e+01
    endloop
  endfacet
  facet normal -7.071068e-01 7.071068e-01 0.000000e+00
    outer loop
      vertex   -5.687047e+01 1.734549e+01 -4.000000e+01
      vertex   -5.734549e+01 1.687047e+01 -3.825000e+01
      vertex   -5.687047e+01 1.734549e+01 -3.825000e+01
    endloop
  endfacet
  facet normal -5.320321e-01 8.467242e-01 0.000000e+00
    outer loop
      vertex   -5.687047e+01 1.734549e+01 -4.000000e+01
      vertex   -5.687047e+01 1.734549e+01 -3.825000e+01
      vertex   -5.630165e+01 1.770291e+01 -4.000000e+01
    endloop
  endfacet
  facet normal -5.320321e-01 8.467242e-01 1.718954e-15
    outer loop
      vertex   -5.630165e+01 1.770291e+01 -4.000000e+01
      vertex   -5.687047e+01 1.734549e+01 -3.825000e+01
      vertex   -5.630165e+01 1.770291e+01 -3.825000e+01
    endloop
  endfacet
  facet normal -3.302791e-01 9.438833e-01 1.916198e-15
    outer loop
      vertex   -5.630165e+01 1.770291e+01 -4.000000e+01
      vertex   -5.630165e+01 1.770291e+01 -3.825000e+01
      vertex   -5.566756e+01 1.792478e+01 -4.000000e+01
    endloop
  endfacet
  facet normal -3.302791e-01 9.438833e-01 2.682027e-15
    outer loop
      vertex   -5.566756e+01 1.792478e+01 -4.000000e+01
      vertex   -5.630165e+01 1.770291e+01 -3.825000e+01
      vertex   -5.566756e+01 1.792478e+01 -3.825000e+01
    endloop
  endfacet
  facet normal -1.119645e-01 9.937122e-01 9.092062e-16
    outer loop
      vertex   -5.566756e+01 1.792478e+01 -4.000000e+01
      vertex   -5.566756e+01 1.792478e+01 -3.825000e+01
      vertex   -5.500000e+01 1.800000e+01 -4.000000e+01
    endloop
  endfacet
  facet normal -1.119645e-01 9.937122e-01 0.000000e+00
    outer loop
      vertex   -5.500000e+01 1.800000e+01 -4.000000e+01
      vertex   -5.566756e+01 1.792478e+01 -3.825000e+01
      vertex   -5.500000e+01 1.800000e+01 -3.825000e+01
    endloop
  endfacet
  facet normal -0.000000e+00 1.000000e+00 0.000000e+00
    outer loop
      vertex   -5.500000e+01 1.800000e+01 -3.825000e+01
      vertex   5.800000e+01 1.800000e+01 -3.825000e+01
      vertex   -5.500000e+01 1.800000e+01 -4.000000e+01
    endloop
  endfacet
  facet normal 0.000000e+00 1.000000e+00 0.000000e+00
    outer loop
      vertex   -5.500000e+01 1.800000e+01 -4.000000e+01
      vertex   5.800000e+01 1.800000e+01 -3.825000e+01
      vertex   5.800000e+01 1.800000e+01 -4.000000e+01
    endloop
  endfacet
  facet normal 1.000000e+00 1.401844e-15 -0.000000e+00
    outer loop
      vertex   5.800000e+01 1.800000e+01 -4.000000e+01
      vertex   5.800000e+01 1.800000e+01 -3.825000e+01
      vertex   5.800000e+01 2.794111e+00 -4.000000e+01
    endloop
  endfacet
  facet normal 1.000000e+00 7.894919e-16 5.320775e-15
    outer loop
      vertex   5.800000e+01 2.794111e+00 -4.000000e+01
      vertex   5.800000e+01 1.800000e+01 -3.825000e+01
      vertex   5.800000e+01 -1.800000e+01 -3.825000e+01
    endloop
  endfacet
  facet normal 1.000000e+00 0.000000e+00 -4.060244e-15
    outer loop
      vertex   5.800000e+01 2.794111e+00 -4.000000e+01
      vertex   5.800000e+01 -1.800000e+01 -3.825000e+01
      vertex   5.800000e+01 -3.205889e+00 -4.000000e+01
    endloop
  endfacet
  facet normal 1.000000e+00 4.802875e-16 0.000000e+00
    outer loop
      vertex   5.800000e+01 -3.205889e+00 -4.000000e+01
      vertex   5.800000e+01 -1.800000e+01 -3.825000e+01
      vertex   5.800000e+01 -1.800000e+01 -4.000000e+01
    endloop
  endfacet
  facet normal 1.000000e+00 0.000000e+00 0.000000e+00
    outer loop
      vertex   5.800000e+01 -3.205889e+00 -4.100000e+01
      vertex   5.800000e+01 2.794111e+00 -4.100000e+01
      vertex   5.800000e+01 -3.205889e+00 -4.000000e+01
    endloop
  endfacet
  facet normal 1.000000e+00 -0.000000e+00 0.000000e+00
    outer loop
      vertex   5.800000e+01 -3.205889e+00 -4.000000e+01
      vertex   5.800000e+01 2.794111e+00 -4.100000e+01
      vertex   5.800000e+01 2.794111e+00 -4.000000e+01
    endloop
  endfacet
  facet normal -0.000000e+00 -0.000000e+00 1.000000e+00
    outer loop
      vertex   -5.500000e+01 -1.775000e+01 -3.800000e+01
      vertex   5.775000e+01 -1.775000e+01 -3.800000e+01
      vertex   -5.775000e+01 -1.500000e+01 -3.800000e+01
    endloop
  endfacet
  facet normal -0.000000e+00 0.000000e+00 1.000000e+00
    outer loop
      vertex   -5.775000e+01 -1.500000e+01 -3.800000e+01
      vertex   5.775000e+01 -1.775000e+01 -3.800000e+01
      vertex   5.775000e+01 1.775000e+01 -3.800000e+01
    endloop
  endfacet
  facet normal 0.000000e+00 -0.000000e+00 1.000000e+00
    outer loop
      vertex   -5.775000e+01 -1.500000e+01 -3.800000e+01
      vertex   5.775000e+01 1.775000e+01 -3.800000e+01
      vertex   -5.775000e+01 1.500000e+01 -3.800000e+01
    endloop
  endfacet
  facet normal 0.000000e+00 0.000000e+00 1.000000e+00
    outer loop
      vertex   -5.775000e+01 1.500000e+01 -3.800000e+01
      vertex   5.775000e+01 1.775000e+01 -3.800000e+01
      vertex   -5.500000e+01 1.775000e+01 -3.800000e+01
    endloop
  endfacet
  facet normal 0.000000e+00 0.000000e+00 1.000000e+00
    outer loop
      vertex   -5.775000e+01 1.500000e+01 -3.800000e+01
      vertex   -5.500000e+01 1.775000e+01 -3.800000e+01
      vertex   -5.768105e+01 1.561193e+01 -3.800000e+01
    endloop
  endfacet
  facet normal 0.000000e+00 0.000000e+00 1.000000e+00
    outer loop
      vertex   -5.768105e+01 1.561193e+01 -3.800000e+01
      vertex   -5.500000e+01 1.775000e+01 -3.800000e+01
      vertex   -5.747766e+01 1.619318e+01 -3.800000e+01
    endloop
  endfacet
  facet normal 0.000000e+00 0.000000e+00 1.000000e+00
    outer loop
      vertex   -5.747766e+01 1.619318e+01 -3.800000e+01
      vertex   -5.500000e+01 1.775000e+01 -3.800000e+01
      vertex   -5.715004e+01 1.671460e+01 -3.800000e+01
    endloop
  endfacet
  facet normal 0.000000e+00 0.000000e+00 1.000000e+00
    outer loop
      vertex   -5.715004e+01 1.671460e+01 -3.800000e+01
      vertex   -5.500000e+01 1.775000e+01 -3.800000e+01
      vertex   -5.671460e+01 1.715004e+01 -3.800000e+01
    endloop
  endfacet
  facet normal 0.000000e+00 0.000000e+00 1.000000e+00
    outer loop
      vertex   -5.671460e+01 1.715004e+01 -3.800000e+01
      vertex   -5.500000e+01 1.775000e+01 -3.800000e+01
      vertex   -5.619318e+01 1.747766e+01 -3.800000e+01
    endloop
  endfacet
  facet normal 0.000000e+00 0.000000e+00 1.000000e+00
    outer loop
      vertex   -5.619318e+01 1.747766e+01 -3.800000e+01
      vertex   -5.500000e+01 1.775000e+01 -3.800000e+01
      vertex   -5.561193e+01 1.768105e+01 -3.800000e+01
    endloop
  endfacet
  facet normal 0.000000e+00 0.000000e+00 1.000000e+00
    outer loop
      vertex   -5.775000e+01 -1.500000e+01 -3.800000e+01
      vertex   -5.768105e+01 -1.561193e+01 -3.800000e+01
      vertex   -5.500000e+01 -1.775000e+01 -3.800000e+01
    endloop
  endfacet
  facet normal 0.000000e+00 0.000000e+00 1.000000e+00
    outer loop
      vertex   -5.500000e+01 -1.775000e+01 -3.800000e+01
      vertex   -5.768105e+01 -1.561193e+01 -3.800000e+01
      vertex   -5.747766e+01 -1.619318e+01 -3.800000e+01
    endloop
  endfacet
  facet normal 0.000000e+00 0.000000e+00 1.000000e+00
    outer loop
      vertex   -5.500000e+01 -1.775000e+01 -3.800000e+01
      vertex   -5.747766e+01 -1.619318e+01 -3.800000e+01
      vertex   -5.715004e+01 -1.671460e+01 -3.800000e+01
    endloop
  endfacet
  facet normal 0.000000e+00 0.000000e+00 1.000000e+00
    outer loop
      vertex   -5.715004e+01 -1.671460e+01 -3.800000e+01
      vertex   -5.671460e+01 -1.715004e+01 -3.800000e+01
      vertex   -5.500000e+01 -1.775000e+01 -3.800000e+01
    endloop
  endfacet
  facet normal 0.000000e+00 0.000000e+00 1.000000e+00
    outer loop
      vertex   -5.500000e+01 -1.775000e+01 -3.800000e+01
      vertex   -5.671460e+01 -1.715004e+01 -3.800000e+01
      vertex   -5.619318e+01 -1.747766e+01 -3.800000e+01
    endloop
  endfacet
  facet normal 0.000000e+00 0.000000e+00 1.000000e+00
    outer loop
      vertex   -5.500000e+01 -1.775000e+01 -3.800000e+01
      vertex   -5.619318e+01 -1.747766e+01 -3.800000e+01
      vertex   -5.561193e+01 -1.768105e+01 -3.800000e+01
    endloop
  endfacet
  facet normal -1.000000e+00 0.000000e+00 0.000000e+00
    outer loop
      vertex   -5.800000e+01 -1.500000e+01 -3.825000e+01
      vertex   -5.800000e+01 1.500000e+01 -3.825000e+01
      vertex   -5.800000e+01 -1.500000e+01 -4.000000e+01
    endloop
  endfacet
  facet normal -1.000000e+00 0.000000e+00 0.000000e+00
    outer loop
      vertex   -5.800000e+01 -1.500000e+01 -4.000000e+01
      vertex   -5.800000e+01 1.500000e+01 -3.825000e+01
      vertex   -5.800000e+01 1.500000e+01 -4.000000e+01
    endloop
  endfacet
  facet normal -1.119645e-01 -9.937122e-01 0.000000e+00
    outer loop
      vertex   -5.500000e+01 -1.800000e+01 -4.000000e+01
      vertex   -5.500000e+01 -1.800000e+01 -3.825000e+01
      vertex   -5.566756e+01 -1.792478e+01 -4.000000e+01
    endloop
  endfacet
  facet normal -1.119645e-01 -9.937122e-01 0.000000e+00
    outer loop
      vertex   -5.566756e+01 -1.792478e+01 -4.000000e+01
      vertex   -5.500000e+01 -1.800000e+01 -3.825000e+01
      vertex   -5.566756e+01 -1.792478e+01 -3.825000e+01
    endloop
  endfacet
  facet normal -3.302791e-01 -9.438833e-01 0.000000e+00
    outer loop
      vertex   -5.566756e+01 -1.792478e+01 -4.000000e+01
      vertex   -5.566756e+01 -1.792478e+01 -3.825000e+01
      vertex   -5.630165e+01 -1.770291e+01 -4.000000e+01
    endloop
  endfacet
  facet normal -3.302791e-01 -9.438833e-01 4.598226e-15
    outer loop
      vertex   -5.630165e+01 -1.770291e+01 -4.000000e+01
      vertex   -5.566756e+01 -1.792478e+01 -3.825000e+01
      vertex   -5.630165e+01 -1.770291e+01 -3.825000e+01
    endloop
  endfacet
  facet normal -5.320321e-01 -8.467242e-01 6.039314e-15
    outer loop
      vertex   -5.630165e+01 -1.770291e+01 -4.000000e+01
      vertex   -5.630165e+01 -1.770291e+01 -3.825000e+01
      vertex   -5.687047e+01 -1.734549e+01 -4.000000e+01
    endloop
  endfacet
  facet normal -5.320321e-01 -8.467242e-01 0.000000e+00
    outer loop
      vertex   -5.687047e+01 -1.734549e+01 -4.000000e+01
      vertex   -5.630165e+01 -1.770291e+01 -3.825000e+01
      vertex   -5.687047e+01 -1.734549e+01 -3.825000e+01
    endloop
  endfacet
  facet normal -7.071068e-01 -7.071068e-01 0.000000e+00
    outer loop
      vertex   -5.687047e+01 -1.734549e+01 -4.000000e+01
      vertex   -5.687047e+01 -1.734549e+01 -3.825000e+01
      vertex   -5.734549e+01 -1.687047e+01 -4.000000e+01
    endloop
  endfacet
  facet normal -7.071068e-01 -7.071068e-01 2.871026e-15
    outer loop
      vertex   -5.734549e+01 -1.687047e+01 -4.000000e+01
      vertex   -5.687047e+01 -1.734549e+01 -3.825000e+01
      vertex   -5.734549e+01 -1.687047e+01 -3.825000e+01
    endloop
  endfacet
  facet normal -8.467242e-01 -5.320321e-01 3.437907e-15
    outer loop
      vertex   -5.734549e+01 -1.687047e+01 -4.000000e+01
      vertex   -5.734549e+01 -1.687047e+01 -3.825000e+01
      vertex   -5.770291e+01 -1.630165e+01 -4.000000e+01
    endloop
  endfacet
  facet normal -8.467242e-01 -5.320321e-01 0.000000e+00
    outer loop
      vertex   -5.770291e+01 -1.630165e+01 -4.000000e+01
      vertex   -5.734549e+01 -1.687047e+01 -3.825000e+01
      vertex   -5.770291e+01 -1.630165e+01 -3.825000e+01
    endloop
  endfacet
  facet normal -9.438833e-01 -3.302791e-01 0.000000e+00
    outer loop
      vertex   -5.770291e+01 -1.630165e+01 -4.000000e+01
      vertex   -5.770291e+01 -1.630165e+01 -3.825000e+01
      vertex   -5.792478e+01 -1.566756e+01 -4.000000e+01
    endloop
  endfacet
  facet normal -9.438833e-01 -3.302791e-01 -3.352534e-16
    outer loop
      vertex   -5.792478e+01 -1.566756e+01 -4.000000e+01
      vertex   -5.770291e+01 -1.630165e+01 -3.825000e+01
      vertex   -5.792478e+01 -1.566756e+01 -3.825000e+01
    endloop
  endfacet
  facet normal -9.937122e-01 -1.119645e-01 -1.136508e-16
    outer loop
      vertex   -5.792478e+01 -1.566756e+01 -4.000000e+01
      vertex   -5.792478e+01 -1.566756e+01 -3.825000e+01
      vertex   -5.800000e+01 -1.500000e+01 -4.000000e+01
    endloop
  endfacet
  facet normal -9.937122e-01 -1.119645e-01 0.000000e+00
    outer loop
      vertex   -5.800000e+01 -1.500000e+01 -4.000000e+01
      vertex   -5.792478e+01 -1.566756e+01 -3.825000e+01
      vertex   -5.800000e+01 -1.500000e+01 -3.825000e+01
    endloop
  endfacet
  facet normal -5.030391e-16 -1.000000e+00 -0.000000e+00
    outer loop
      vertex   5.800000e+01 -1.800000e+01 -3.825000e+01
      vertex   -5.500000e+01 -1.800000e+01 -3.825000e+01
      vertex   5.800000e+01 -1.800000e+01 -4.000000e+01
    endloop
  endfacet
  facet normal -5.030391e-16 -1.000000e+00 0.000000e+00
    outer loop
      vertex   5.800000e+01 -1.800000e+01 -4.000000e+01
      vertex   -5.500000e+01 -1.800000e+01 -3.825000e+01
      vertex   -5.500000e+01 -1.800000e+01 -4.000000e+01
    endloop
  endfacet
  facet normal 1.000000e+00 4.802875e-16 -2.132905e-31
    outer loop
      vertex   6.000000e+01 -3.205889e+00 -4.000000e+01
      vertex   6.000000e+01 -1.800000e+01 -4.000000e+01
      vertex   6.000000e+01 -3.205889e+00 -4.100000e+01
    endloop
  endfacet
  facet normal 1.000000e+00 4.802875e-16 0.000000e+00
    outer loop
      vertex   6.000000e+01 -3.205889e+00 -4.100000e+01
      vertex   6.000000e+01 -1.800000e+01 -4.000000e+01
      vertex   6.000000e+01 -1.800000e+01 -4.200000e+01
    endloop
  endfacet
  facet normal 1.000000e+00 -0.000000e+00 7.105427e-15
    outer loop
      vertex   6.000000e+01 -3.205889e+00 -4.100000e+01
      vertex   6.000000e+01 -1.800000e+01 -4.200000e+01
      vertex   6.000000e+01 2.794111e+00 -4.100000e+01
    endloop
  endfacet
  facet normal 1.000000e+00 5.921189e-16 -5.207160e-15
    outer loop
      vertex   6.000000e+01 2.794111e+00 -4.100000e+01
      vertex   6.000000e+01 -1.800000e+01 -4.200000e+01
      vertex   6.000000e+01 1.800000e+01 -4.200000e+01
    endloop
  endfacet
  facet normal 1.000000e+00 9.345626e-16 0.000000e+00
    outer loop
      vertex   6.000000e+01 2.794111e+00 -4.100000e+01
      vertex   6.000000e+01 1.800000e+01 -4.200000e+01
      vertex   6.000000e+01 1.800000e+01 -4.000000e+01
    endloop
  endfacet
  facet normal 1.000000e+00 9.345626e-16 0.000000e+00
    outer loop
      vertex   6.000000e+01 1.800000e+01 -4.000000e+01
      vertex   6.000000e+01 2.794111e+00 -4.000000e+01
      vertex   6.000000e+01 2.794111e+00 -4.100000e+01
    endloop
  endfacet
  facet normal 1.305262e-01 9.914449e-01 -1.761160e-15
    outer loop
      vertex   5.800000e+01 2.000000e+01 -4.200000e+01
      vertex   5.800000e+01 2.000000e+01 -4.000000e+01
      vertex   5.851764e+01 1.993185e+01 -4.200000e+01
    endloop
  endfacet
  facet normal 1.305262e-01 9.914449e-01 -0.000000e+00
    outer loop
      vertex   5.851764e+01 1.993185e+01 -4.200000e+01
      vertex   5.800000e+01 2.000000e+01 -4.000000e+01
      vertex   5.851764e+01 1.993185e+01 -4.000000e+01
    endloop
  endfacet
  facet normal 3.826834e-01 9.238795e-01 -0.000000e+00
    outer loop
      vertex   5.851764e+01 1.993185e+01 -4.200000e+01
      vertex   5.851764e+01 1.993185e+01 -4.000000e+01
      vertex   5.900000e+01 1.973205e+01 -4.200000e+01
    endloop
  endfacet
  facet normal 3.826834e-01 9.238795e-01 -0.000000e+00
    outer loop
      vertex   5.900000e+01 1.973205e+01 -4.200000e+01
      vertex   5.851764e+01 1.993185e+01 -4.000000e+01
      vertex   5.900000e+01 1.973205e+01 -4.000000e+01
    endloop
  endfacet
  facet normal 6.087614e-01 7.933533e-01 -0.000000e+00
    outer loop
      vertex   5.900000e+01 1.973205e+01 -4.200000e+01
      vertex   5.900000e+01 1.973205e+01 -4.000000e+01
      vertex   5.941421e+01 1.941421e+01 -4.200000e+01
    endloop
  endfacet
  facet normal 6.087614e-01 7.933533e-01 -0.000000e+00
    outer loop
      vertex   5.941421e+01 1.941421e+01 -4.200000e+01
      vertex   5.900000e+01 1.973205e+01 -4.000000e+01
      vertex   5.941421e+01 1.941421e+01 -4.000000e+01
    endloop
  endfacet
  facet normal 7.933533e-01 6.087614e-01 -0.000000e+00
    outer loop
      vertex   5.941421e+01 1.941421e+01 -4.200000e+01
      vertex   5.941421e+01 1.941421e+01 -4.000000e+01
      vertex   5.973205e+01 1.900000e+01 -4.200000e+01
    endloop
  endfacet
  facet normal 7.933533e-01 6.087614e-01 -0.000000e+00
    outer loop
      vertex   5.973205e+01 1.900000e+01 -4.200000e+01
      vertex   5.941421e+01 1.941421e+01 -4.000000e+01
      vertex   5.973205e+01 1.900000e+01 -4.000000e+01
    endloop
  endfacet
  facet normal 9.238795e-01 3.826834e-01 -0.000000e+00
    outer loop
      vertex   5.973205e+01 1.900000e+01 -4.200000e+01
      vertex   5.973205e+01 1.900000e+01 -4.000000e+01
      vertex   5.993185e+01 1.851764e+01 -4.200000e+01
    endloop
  endfacet
  facet normal 9.238795e-01 3.826834e-01 -0.000000e+00
    outer loop
      vertex   5.993185e+01 1.851764e+01 -4.200000e+01
      vertex   5.973205e+01 1.900000e+01 -4.000000e+01
      vertex   5.993185e+01 1.851764e+01 -4.000000e+01
    endloop
  endfacet
  facet normal 9.914449e-01 1.305262e-01 -0.000000e+00
    outer loop
      vertex   5.993185e+01 1.851764e+01 -4.200000e+01
      vertex   5.993185e+01 1.851764e+01 -4.000000e+01
      vertex   6.000000e+01 1.800000e+01 -4.200000e+01
    endloop
  endfacet
  facet normal 9.914449e-01 1.305262e-01 -0.000000e+00
    outer loop
      vertex   6.000000e+01 1.800000e+01 -4.200000e+01
      vertex   5.993185e+01 1.851764e+01 -4.000000e+01
      vertex   6.000000e+01 1.800000e+01 -4.000000e+01
    endloop
  endfacet
  facet normal -3.143994e-17 1.000000e+00 0.000000e+00
    outer loop
      vertex   -5.500000e+01 2.000000e+01 -4.000000e+01
      vertex   5.800000e+01 2.000000e+01 -4.000000e+01
      vertex   -5.500000e+01 2.000000e+01 -4.200000e+01
    endloop
  endfacet
  facet normal 0.000000e+00 1.000000e+00 -1.776357e-15
    outer loop
      vertex   -5.500000e+01 2.000000e+01 -4.200000e+01
      vertex   5.800000e+01 2.000000e+01 -4.000000e+01
      vertex   5.800000e+01 2.000000e+01 -4.200000e+01
    endloop
  endfacet
  facet normal -9.961947e-01 8.715574e-02 0.000000e+00
    outer loop
      vertex   -6.000000e+01 1.500000e+01 -4.200000e+01
      vertex   -6.000000e+01 1.500000e+01 -4.000000e+01
      vertex   -5.992404e+01 1.586824e+01 -4.200000e+01
    endloop
  endfacet
  facet normal -9.961947e-01 8.715574e-02 0.000000e+00
    outer loop
      vertex   -5.992404e+01 1.586824e+01 -4.200000e+01
      vertex   -6.000000e+01 1.500000e+01 -4.000000e+01
      vertex   -5.992404e+01 1.586824e+01 -4.000000e+01
    endloop
  endfacet
  facet normal -9.659258e-01 2.588190e-01 0.000000e+00
    outer loop
      vertex   -5.992404e+01 1.586824e+01 -4.200000e+01
      vertex   -5.992404e+01 1.586824e+01 -4.000000e+01
      vertex   -5.969846e+01 1.671010e+01 -4.200000e+01
    endloop
  endfacet
  facet normal -9.659258e-01 2.588190e-01 0.000000e+00
    outer loop
      vertex   -5.969846e+01 1.671010e+01 -4.200000e+01
      vertex   -5.992404e+01 1.586824e+01 -4.000000e+01
      vertex   -5.969846e+01 1.671010e+01 -4.000000e+01
    endloop
  endfacet
  facet normal -9.063078e-01 4.226183e-01 0.000000e+00
    outer loop
      vertex   -5.969846e+01 1.671010e+01 -4.200000e+01
      vertex   -5.969846e+01 1.671010e+01 -4.000000e+01
      vertex   -5.933013e+01 1.750000e+01 -4.200000e+01
    endloop
  endfacet
  facet normal -9.063078e-01 4.226183e-01 0.000000e+00
    outer loop
      vertex   -5.933013e+01 1.750000e+01 -4.200000e+01
      vertex   -5.969846e+01 1.671010e+01 -4.000000e+01
      vertex   -5.933013e+01 1.750000e+01 -4.000000e+01
    endloop
  endfacet
  facet normal -8.191520e-01 5.735764e-01 0.000000e+00
    outer loop
      vertex   -5.933013e+01 1.750000e+01 -4.200000e+01
      vertex   -5.933013e+01 1.750000e+01 -4.000000e+01
      vertex   -5.883022e+01 1.821394e+01 -4.200000e+01
    endloop
  endfacet
  facet normal -8.191520e-01 5.735764e-01 0.000000e+00
    outer loop
      vertex   -5.883022e+01 1.821394e+01 -4.200000e+01
      vertex   -5.933013e+01 1.750000e+01 -4.000000e+01
      vertex   -5.883022e+01 1.821394e+01 -4.000000e+01
    endloop
  endfacet
  facet normal -7.071068e-01 7.071068e-01 0.000000e+00
    outer loop
      vertex   -5.883022e+01 1.821394e+01 -4.200000e+01
      vertex   -5.883022e+01 1.821394e+01 -4.000000e+01
      vertex   -5.821394e+01 1.883022e+01 -4.200000e+01
    endloop
  endfacet
  facet normal -7.071068e-01 7.071068e-01 0.000000e+00
    outer loop
      vertex   -5.821394e+01 1.883022e+01 -4.200000e+01
      vertex   -5.883022e+01 1.821394e+01 -4.000000e+01
      vertex   -5.821394e+01 1.883022e+01 -4.000000e+01
    endloop
  endfacet
  facet normal -5.735764e-01 8.191520e-01 0.000000e+00
    outer loop
      vertex   -5.821394e+01 1.883022e+01 -4.200000e+01
      vertex   -5.821394e+01 1.883022e+01 -4.000000e+01
      vertex   -5.750000e+01 1.933013e+01 -4.200000e+01
    endloop
  endfacet
  facet normal -5.735764e-01 8.191520e-01 0.000000e+00
    outer loop
      vertex   -5.750000e+01 1.933013e+01 -4.200000e+01
      vertex   -5.821394e+01 1.883022e+01 -4.000000e+01
      vertex   -5.750000e+01 1.933013e+01 -4.000000e+01
    endloop
  endfacet
  facet normal -4.226183e-01 9.063078e-01 0.000000e+00
    outer loop
      vertex   -5.750000e+01 1.933013e+01 -4.200000e+01
      vertex   -5.750000e+01 1.933013e+01 -4.000000e+01
      vertex   -5.671010e+01 1.969846e+01 -4.200000e+01
    endloop
  endfacet
  facet normal -4.226183e-01 9.063078e-01 0.000000e+00
    outer loop
      vertex   -5.671010e+01 1.969846e+01 -4.200000e+01
      vertex   -5.750000e+01 1.933013e+01 -4.000000e+01
      vertex   -5.671010e+01 1.969846e+01 -4.000000e+01
    endloop
  endfacet
  facet normal -2.588190e-01 9.659258e-01 0.000000e+00
    outer loop
      vertex   -5.671010e+01 1.969846e+01 -4.200000e+01
      vertex   -5.671010e+01 1.969846e+01 -4.000000e+01
      vertex   -5.586824e+01 1.992404e+01 -4.200000e+01
    endloop
  endfacet
  facet normal -2.588190e-01 9.659258e-01 0.000000e+00
    outer loop
      vertex   -5.586824e+01 1.992404e+01 -4.200000e+01
      vertex   -5.671010e+01 1.969846e+01 -4.000000e+01
      vertex   -5.586824e+01 1.992404e+01 -4.000000e+01
    endloop
  endfacet
  facet normal -8.715574e-02 9.961947e-01 0.000000e+00
    outer loop
      vertex   -5.586824e+01 1.992404e+01 -4.200000e+01
      vertex   -5.586824e+01 1.992404e+01 -4.000000e+01
      vertex   -5.500000e+01 2.000000e+01 -4.200000e+01
    endloop
  endfacet
  facet normal -8.715574e-02 9.961947e-01 0.000000e+00
    outer loop
      vertex   -5.500000e+01 2.000000e+01 -4.200000e+01
      vertex   -5.586824e+01 1.992404e+01 -4.000000e+01
      vertex   -5.500000e+01 2.000000e+01 -4.000000e+01
    endloop
  endfacet
  facet normal -1.000000e+00 0.000000e+00 0.000000e+00
    outer loop
      vertex   -6.000000e+01 -1.500000e+01 -4.000000e+01
      vertex   -6.000000e+01 1.500000e+01 -4.000000e+01
      vertex   -6.000000e+01 -1.500000e+01 -4.200000e+01
    endloop
  endfacet
  facet normal -1.000000e+00 0.000000e+00 0.000000e+00
    outer loop
      vertex   -6.000000e+01 -1.500000e+01 -4.200000e+01
      vertex   -6.000000e+01 1.500000e+01 -4.000000e+01
      vertex   -6.000000e+01 1.500000e+01 -4.200000e+01
    endloop
  endfacet
  facet normal -8.715574e-02 -9.961947e-01 0.000000e+00
    outer loop
      vertex   -5.500000e+01 -2.000000e+01 -4.200000e+01
      vertex   -5.500000e+01 -2.000000e+01 -4.000000e+01
      vertex   -5.586824e+01 -1.992404e+01 -4.200000e+01
    endloop
  endfacet
  facet normal -8.715574e-02 -9.961947e-01 0.000000e+00
    outer loop
      vertex   -5.586824e+01 -1.992404e+01 -4.200000e+01
      vertex   -5.500000e+01 -2.000000e+01 -4.000000e+01
      vertex   -5.586824e+01 -1.992404e+01 -4.000000e+01
    endloop
  endfacet
  facet normal -2.588190e-01 -9.659258e-01 0.000000e+00
    outer loop
      vertex   -5.586824e+01 -1.992404e+01 -4.200000e+01
      vertex   -5.586824e+01 -1.992404e+01 -4.000000e+01
      vertex   -5.671010e+01 -1.969846e+01 -4.200000e+01
    endloop
  endfacet
  facet normal -2.588190e-01 -9.659258e-01 0.000000e+00
    outer loop
      vertex   -5.671010e+01 -1.969846e+01 -4.200000e+01
      vertex   -5.586824e+01 -1.992404e+01 -4.000000e+01
      vertex   -5.671010e+01 -1.969846e+01 -4.000000e+01
    endloop
  endfacet
  facet normal -4.226183e-01 -9.063078e-01 0.000000e+00
    outer loop
      vertex   -5.671010e+01 -1.969846e+01 -4.200000e+01
      vertex   -5.671010e+01 -1.969846e+01 -4.000000e+01
      vertex   -5.750000e+01 -1.933013e+01 -4.200000e+01
    endloop
  endfacet
  facet normal -4.226183e-01 -9.063078e-01 0.000000e+00
    outer loop
      vertex   -5.750000e+01 -1.933013e+01 -4.200000e+01
      vertex   -5.671010e+01 -1.969846e+01 -4.000000e+01
      vertex   -5.750000e+01 -1.933013e+01 -4.000000e+01
    endloop
  endfacet
  facet normal -5.735764e-01 -8.191520e-01 0.000000e+00
    outer loop
      vertex   -5.750000e+01 -1.933013e+01 -4.200000e+01
      vertex   -5.750000e+01 -1.933013e+01 -4.000000e+01
      vertex   -5.821394e+01 -1.883022e+01 -4.200000e+01
    endloop
  endfacet
  facet normal -5.735764e-01 -8.191520e-01 0.000000e+00
    outer loop
      vertex   -5.821394e+01 -1.883022e+01 -4.200000e+01
      vertex   -5.750000e+01 -1.933013e+01 -4.000000e+01
      vertex   -5.821394e+01 -1.883022e+01 -4.000000e+01
    endloop
  endfacet
  facet normal -7.071068e-01 -7.071068e-01 0.000000e+00
    outer loop
      vertex   -5.821394e+01 -1.883022e+01 -4.200000e+01
      vertex   -5.821394e+01 -1.883022e+01 -4.000000e+01
      vertex   -5.883022e+01 -1.821394e+01 -4.200000e+01
    endloop
  endfacet
  facet normal -7.071068e-01 -7.071068e-01 0.000000e+00
    outer loop
      vertex   -5.883022e+01 -1.821394e+01 -4.200000e+01
      vertex   -5.821394e+01 -1.883022e+01 -4.000000e+01
      vertex   -5.883022e+01 -1.821394e+01 -4.000000e+01
    endloop
  endfacet
  facet normal -8.191520e-01 -5.735764e-01 0.000000e+00
    outer loop
      vertex   -5.883022e+01 -1.821394e+01 -4.200000e+01
      vertex   -5.883022e+01 -1.821394e+01 -4.000000e+01
      vertex   -5.933013e+01 -1.750000e+01 -4.200000e+01
    endloop
  endfacet
  facet normal -8.191520e-01 -5.735764e-01 0.000000e+00
    outer loop
      vertex   -5.933013e+01 -1.750000e+01 -4.200000e+01
      vertex   -5.883022e+01 -1.821394e+01 -4.000000e+01
      vertex   -5.933013e+01 -1.750000e+01 -4.000000e+01
    endloop
  endfacet
  facet normal -9.063078e-01 -4.226183e-01 0.000000e+00
    outer loop
      vertex   -5.933013e+01 -1.750000e+01 -4.200000e+01
      vertex   -5.933013e+01 -1.750000e+01 -4.000000e+01
      vertex   -5.969846e+01 -1.671010e+01 -4.200000e+01
    endloop
  endfacet
  facet normal -9.063078e-01 -4.226183e-01 0.000000e+00
    outer loop
      vertex   -5.969846e+01 -1.671010e+01 -4.200000e+01
      vertex   -5.933013e+01 -1.750000e+01 -4.000000e+01
      vertex   -5.969846e+01 -1.671010e+01 -4.000000e+01
    endloop
  endfacet
  facet normal -9.659258e-01 -2.588190e-01 0.000000e+00
    outer loop
      vertex   -5.969846e+01 -1.671010e+01 -4.200000e+01
      vertex   -5.969846e+01 -1.671010e+01 -4.000000e+01
      vertex   -5.992404e+01 -1.586824e+01 -4.200000e+01
    endloop
  endfacet
  facet normal -9.659258e-01 -2.588190e-01 0.000000e+00
    outer loop
      vertex   -5.992404e+01 -1.586824e+01 -4.200000e+01
      vertex   -5.969846e+01 -1.671010e+01 -4.000000e+01
      vertex   -5.992404e+01 -1.586824e+01 -4.000000e+01
    endloop
  endfacet
  facet normal -9.961947e-01 -8.715574e-02 0.000000e+00
    outer loop
      vertex   -5.992404e+01 -1.586824e+01 -4.200000e+01
      vertex   -5.992404e+01 -1.586824e+01 -4.000000e+01
      vertex   -6.000000e+01 -1.500000e+01 -4.200000e+01
    endloop
  endfacet
  facet normal -9.961947e-01 -8.715574e-02 0.000000e+00
    outer loop
      vertex   -6.000000e+01 -1.500000e+01 -4.200000e+01
      vertex   -5.992404e+01 -1.586824e+01 -4.000000e+01
      vertex   -6.000000e+01 -1.500000e+01 -4.000000e+01
    endloop
  endfacet
  facet normal -4.715992e-16 -1.000000e+00 -0.000000e+00
    outer loop
      vertex   5.800000e+01 -2.000000e+01 -4.000000e+01
      vertex   -5.500000e+01 -2.000000e+01 -4.000000e+01
      vertex   5.800000e+01 -2.000000e+01 -4.200000e+01
    endloop
  endfacet
  facet normal -4.715992e-16 -1.000000e+00 0.000000e+00
    outer loop
      vertex   5.800000e+01 -2.000000e+01 -4.200000e+01
      vertex   -5.500000e+01 -2.000000e+01 -4.000000e+01
      vertex   -5.500000e+01 -2.000000e+01 -4.200000e+01
    endloop
  endfacet
  facet normal 9.914449e-01 -1.305262e-01 0.000000e+00
    outer loop
      vertex   6.000000e+01 -1.800000e+01 -4.200000e+01
      vertex   6.000000e+01 -1.800000e+01 -4.000000e+01
      vertex   5.993185e+01 -1.851764e+01 -4.200000e+01
    endloop
  endfacet
  facet normal 9.914449e-01 -1.305262e-01 0.000000e+00
    outer loop
      vertex   5.993185e+01 -1.851764e+01 -4.200000e+01
      vertex   6.000000e+01 -1.800000e+01 -4.000000e+01
      vertex   5.993185e+01 -1.851764e+01 -4.000000e+01
    endloop
  endfacet
  facet normal 9.238795e-01 -3.826834e-01 0.000000e+00
    outer loop
      vertex   5.993185e+01 -1.851764e+01 -4.200000e+01
      vertex   5.993185e+01 -1.851764e+01 -4.000000e+01
      vertex   5.973205e+01 -1.900000e+01 -4.200000e+01
    endloop
  endfacet
  facet normal 9.238795e-01 -3.826834e-01 0.000000e+00
    outer loop
      vertex   5.973205e+01 -1.900000e+01 -4.200000e+01
      vertex   5.993185e+01 -1.851764e+01 -4.000000e+01
      vertex   5.973205e+01 -1.900000e+01 -4.000000e+01
    endloop
  endfacet
  facet normal 7.933533e-01 -6.087614e-01 0.000000e+00
    outer loop
      vertex   5.973205e+01 -1.900000e+01 -4.200000e+01
      vertex   5.973205e+01 -1.900000e+01 -4.000000e+01
      vertex   5.941421e+01 -1.941421e+01 -4.200000e+01
    endloop
  endfacet
  facet normal 7.933533e-01 -6.087614e-01 0.000000e+00
    outer loop
      vertex   5.941421e+01 -1.941421e+01 -4.200000e+01
      vertex   5.973205e+01 -1.900000e+01 -4.000000e+01
      vertex   5.941421e+01 -1.941421e+01 -4.000000e+01
    endloop
  endfacet
  facet normal 6.087614e-01 -7.933533e-01 0.000000e+00
    outer loop
      vertex   5.941421e+01 -1.941421e+01 -4.200000e+01
      vertex   5.941421e+01 -1.941421e+01 -4.000000e+01
      vertex   5.900000e+01 -1.973205e+01 -4.200000e+01
    endloop
  endfacet
  facet normal 6.087614e-01 -7.933533e-01 0.000000e+00
    outer loop
      vertex   5.900000e+01 -1.973205e+01 -4.200000e+01
      vertex   5.941421e+01 -1.941421e+01 -4.000000e+01
      vertex   5.900000e+01 -1.973205e+01 -4.000000e+01
    endloop
  endfacet
  facet normal 3.826834e-01 -9.238795e-01 0.000000e+00
    outer loop
      vertex   5.900000e+01 -1.973205e+01 -4.200000e+01
      vertex   5.900000e+01 -1.973205e+01 -4.000000e+01
      vertex   5.851764e+01 -1.993185e+01 -4.200000e+01
    endloop
  endfacet
  facet normal 3.826834e-01 -9.238795e-01 0.000000e+00
    outer loop
      vertex   5.851764e+01 -1.993185e+01 -4.200000e+01
      vertex   5.900000e+01 -1.973205e+01 -4.000000e+01
      vertex   5.851764e+01 -1.993185e+01 -4.000000e+01
    endloop
  endfacet
  facet normal 1.305262e-01 -9.914449e-01 0.000000e+00
    outer loop
      vertex   5.851764e+01 -1.993185e+01 -4.200000e+01
      vertex   5.851764e+01 -1.993185e+01 -4.000000e+01
      vertex   5.800000e+01 -2.000000e+01 -4.200000e+01
    endloop
  endfacet
  facet normal 1.305262e-01 -9.914449e-01 0.000000e+00
    outer loop
      vertex   5.800000e+01 -2.000000e+01 -4.200000e+01
      vertex   5.851764e+01 -1.993185e+01 -4.000000e+01
      vertex   5.800000e+01 -2.000000e+01 -4.000000e+01
    endloop
  endfacet
  facet normal -0.000000e+00 0.000000e+00 -1.000000e+00
    outer loop
      vertex   5.993185e+01 -1.851764e+01 -4.200000e+01
      vertex   5.800000e+01 -2.000000e+01 -4.200000e+01
      vertex   6.000000e+01 -1.800000e+01 -4.200000e+01
    endloop
  endfacet
  facet normal 0.000000e+00 0.000000e+00 -1.000000e+00
    outer loop
      vertex   6.000000e+01 -1.800000e+01 -4.200000e+01
      vertex   5.800000e+01 -2.000000e+01 -4.200000e+01
      vertex   -5.500000e+01 -2.000000e+01 -4.200000e+01
    endloop
  endfacet
  facet normal -0.000000e+00 0.000000e+00 -1.000000e+00
    outer loop
      vertex   6.000000e+01 -1.800000e+01 -4.200000e+01
      vertex   -5.500000e+01 -2.000000e+01 -4.200000e+01
      vertex   -6.000000e+01 -1.500000e+01 -4.200000e+01
    endloop
  endfacet
  facet normal 0.000000e+00 0.000000e+00 -1.000000e+00
    outer loop
      vertex   -6.000000e+01 -1.500000e+01 -4.200000e+01
      vertex   -5.500000e+01 -2.000000e+01 -4.200000e+01
      vertex   -5.992404e+01 -1.586824e+01 -4.200000e+01
    endloop
  endfacet
  facet normal 0.000000e+00 0.000000e+00 -1.000000e+00
    outer loop
      vertex   -5.992404e+01 -1.586824e+01 -4.200000e+01
      vertex   -5.500000e+01 -2.000000e+01 -4.200000e+01
      vertex   -5.969846e+01 -1.671010e+01 -4.200000e+01
    endloop
  endfacet
  facet normal 0.000000e+00 0.000000e+00 -1.000000e+00
    outer loop
      vertex   -5.969846e+01 -1.671010e+01 -4.200000e+01
      vertex   -5.500000e+01 -2.000000e+01 -4.200000e+01
      vertex   -5.933013e+01 -1.750000e+01 -4.200000e+01
    endloop
  endfacet
  facet normal 0.000000e+00 0.000000e+00 -1.000000e+00
    outer loop
      vertex   -5.933013e+01 -1.750000e+01 -4.200000e+01
      vertex   -5.500000e+01 -2.000000e+01 -4.200000e+01
      vertex   -5.883022e+01 -1.821394e+01 -4.200000e+01
    endloop
  endfacet
  facet normal 0.000000e+00 0.000000e+00 -1.000000e+00
    outer loop
      vertex   -5.883022e+01 -1.821394e+01 -4.200000e+01
      vertex   -5.500000e+01 -2.000000e+01 -4.200000e+01
      vertex   -5.821394e+01 -1.883022e+01 -4.200000e+01
    endloop
  endfacet
  facet normal 0.000000e+00 0.000000e+00 -1.000000e+00
    outer loop
      vertex   -5.821394e+01 -1.883022e+01 -4.200000e+01
      vertex   -5.500000e+01 -2.000000e+01 -4.200000e+01
      vertex   -5.750000e+01 -1.933013e+01 -4.200000e+01
    endloop
  endfacet
  facet normal 0.000000e+00 0.000000e+00 -1.000000e+00
    outer loop
      vertex   -5.750000e+01 -1.933013e+01 -4.200000e+01
      vertex   -5.500000e+01 -2.000000e+01 -4.200000e+01
      vertex   -5.671010e+01 -1.969846e+01 -4.200000e+01
    endloop
  endfacet
  facet normal 0.000000e+00 0.000000e+00 -1.000000e+00
    outer loop
      vertex   -5.671010e+01 -1.969846e+01 -4.200000e+01
      vertex   -5.500000e+01 -2.000000e+01 -4.200000e+01
      vertex   -5.586824e+01 -1.992404e+01 -4.200000e+01
    endloop
  endfacet
  facet normal 0.000000e+00 0.000000e+00 -1.000000e+00
    outer loop
      vertex   5.993185e+01 -1.851764e+01 -4.200000e+01
      vertex   5.973205e+01 -1.900000e+01 -4.200000e+01
      vertex   5.800000e+01 -2.000000e+01 -4.200000e+01
    endloop
  endfacet
  facet normal 0.000000e+00 0.000000e+00 -1.000000e+00
    outer loop
      vertex   5.800000e+01 -2.000000e+01 -4.200000e+01
      vertex   5.973205e+01 -1.900000e+01 -4.200000e+01
      vertex   5.941421e+01 -1.941421e+01 -4.200000e+01
    endloop
  endfacet
  facet normal 0.000000e+00 0.000000e+00 -1.000000e+00
    outer loop
      vertex   5.800000e+01 -2.000000e+01 -4.200000e+01
      vertex   5.941421e+01 -1.941421e+01 -4.200000e+01
      vertex   5.900000e+01 -1.973205e+01 -4.200000e+01
    endloop
  endfacet
  facet normal 0.000000e+00 0.000000e+00 -1.000000e+00
    outer loop
      vertex   5.900000e+01 -1.973205e+01 -4.200000e+01
      vertex   5.851764e+01 -1.993185e+01 -4.200000e+01
      vertex   5.800000e+01 -2.000000e+01 -4.200000e+01
    endloop
  endfacet
  facet normal 0.000000e+00 0.000000e+00 -1.000000e+00
    outer loop
      vertex   -6.000000e+01 -1.500000e+01 -4.200000e+01
      vertex   -6.000000e+01 1.500000e+01 -4.200000e+01
      vertex   6.000000e+01 -1.800000e+01 -4.200000e+01
    endloop
  endfacet
  facet normal 0.000000e+00 0.000000e+00 -1.000000e+00
    outer loop
      vertex   6.000000e+01 -1.800000e+01 -4.200000e+01
      vertex   -6.000000e+01 1.500000e+01 -4.200000e+01
      vertex   6.000000e+01 1.800000e+01 -4.200000e+01
    endloop
  endfacet
  facet normal -0.000000e+00 0.000000e+00 -1.000000e+00
    outer loop
      vertex   6.000000e+01 1.800000e+01 -4.200000e+01
      vertex   -6.000000e+01 1.500000e+01 -4.200000e+01
      vertex   -5.500000e+01 2.000000e+01 -4.200000e+01
    endloop
  endfacet
  facet normal 0.000000e+00 0.000000e+00 -1.000000e+00
    outer loop
      vertex   6.000000e+01 1.800000e+01 -4.200000e+01
      vertex   -5.500000e+01 2.000000e+01 -4.200000e+01
      vertex   5.800000e+01 2.000000e+01 -4.200000e+01
    endloop
  endfacet
  facet normal 0.000000e+00 0.000000e+00 -1.000000e+00
    outer loop
      vertex   -6.000000e+01 1.500000e+01 -4.200000e+01
      vertex   -5.992404e+01 1.586824e+01 -4.200000e+01
      vertex   -5.500000e+01 2.000000e+01 -4.200000e+01
    endloop
  endfacet
  facet normal 0.000000e+00 0.000000e+00 -1.000000e+00
    outer loop
      vertex   -5.500000e+01 2.000000e+01 -4.200000e+01
      vertex   -5.992404e+01 1.586824e+01 -4.200000e+01
      vertex   -5.969846e+01 1.671010e+01 -4.200000e+01
    endloop
  endfacet
  facet normal 0.000000e+00 0.000000e+00 -1.000000e+00
    outer loop
      vertex   -5.500000e+01 2.000000e+01 -4.200000e+01
      vertex   -5.969846e+01 1.671010e+01 -4.200000e+01
      vertex   -5.933013e+01 1.750000e+01 -4.200000e+01
    endloop
  endfacet
  facet normal 0.000000e+00 0.000000e+00 -1.000000e+00
    outer loop
      vertex   -5.933013e+01 1.750000e+01 -4.200000e+01
      vertex   -5.883022e+01 1.821394e+01 -4.200000e+01
      vertex   -5.500000e+01 2.000000e+01 -4.200000e+01
    endloop
  endfacet
  facet normal 0.000000e+00 0.000000e+00 -1.000000e+00
    outer loop
      vertex   -5.500000e+01 2.000000e+01 -4.200000e+01
      vertex   -5.883022e+01 1.821394e+01 -4.200000e+01
      vertex   -5.821394e+01 1.883022e+01 -4.200000e+01
    endloop
  endfacet
  facet normal 0.000000e+00 0.000000e+00 -1.000000e+00
    outer loop
      vertex   -5.500000e+01 2.000000e+01 -4.200000e+01
      vertex   -5.821394e+01 1.883022e+01 -4.200000e+01
      vertex   -5.750000e+01 1.933013e+01 -4.200000e+01
    endloop
  endfacet
  facet normal 0.000000e+00 0.000000e+00 -1.000000e+00
    outer loop
      vertex   -5.750000e+01 1.933013e+01 -4.200000e+01
      vertex   -5.671010e+01 1.969846e+01 -4.200000e+01
      vertex   -5.500000e+01 2.000000e+01 -4.200000e+01
    endloop
  endfacet
  facet normal 0.000000e+00 0.000000e+00 -1.000000e+00
    outer loop
      vertex   -5.500000e+01 2.000000e+01 -4.200000e+01
      vertex   -5.671010e+01 1.969846e+01 -4.200000e+01
      vertex   -5.586824e+01 1.992404e+01 -4.200000e+01
    endloop
  endfacet
  facet normal -0.000000e+00 -0.000000e+00 -1.000000e+00
    outer loop
      vertex   5.851764e+01 1.993185e+01 -4.200000e+01
      vertex   5.900000e+01 1.973205e+01 -4.200000e+01
      vertex   5.800000e+01 2.000000e+01 -4.200000e+01
    endloop
  endfacet
  facet normal 0.000000e+00 0.000000e+00 -1.000000e+00
    outer loop
      vertex   5.800000e+01 2.000000e+01 -4.200000e+01
      vertex   5.900000e+01 1.973205e+01 -4.200000e+01
      vertex   5.941421e+01 1.941421e+01 -4.200000e+01
    endloop
  endfacet
  facet normal 0.000000e+00 0.000000e+00 -1.000000e+00
    outer loop
      vertex   5.800000e+01 2.000000e+01 -4.200000e+01
      vertex   5.941421e+01 1.941421e+01 -4.200000e+01
      vertex   5.973205e+01 1.900000e+01 -4.200000e+01
    endloop
  endfacet
  facet normal -0.000000e+00 -0.000000e+00 -1.000000e+00
    outer loop
      vertex   5.973205e+01 1.900000e+01 -4.200000e+01
      vertex   5.993185e+01 1.851764e+01 -4.200000e+01
      vertex   5.800000e+01 2.000000e+01 -4.200000e+01
    endloop
  endfacet
  facet normal 0.000000e+00 0.000000e+00 -1.000000e+00
    outer loop
      vertex   5.800000e+01 2.000000e+01 -4.200000e+01
      vertex   5.993185e+01 1.851764e+01 -4.200000e+01
      vertex   6.000000e+01 1.800000e+01 -4.200000e+01
    endloop
  endfacet
  facet normal 0.000000e+00 0.000000e+00 1.000000e+00
    outer loop
      vertex   6.000000e+01 -3.205889e+00 -4.000000e+01
      vertex   5.800000e+01 -3.205889e+00 -4.000000e+01
      vertex   6.000000e+01 -1.800000e+01 -4.000000e+01
    endloop
  endfacet
  facet normal 0.000000e+00 0.000000e+00 1.000000e+00
    outer loop
      vertex   6.000000e+01 -1.800000e+01 -4.000000e+01
      vertex   5.800000e+01 -3.205889e+00 -4.000000e+01
      vertex   5.800000e+01 -1.800000e+01 -4.000000e+01
    endloop
  endfacet
  facet normal 0.000000e+00 0.000000e+00 1.000000e+00
    outer loop
      vertex   6.000000e+01 -1.800000e+01 -4.000000e+01
      vertex   5.800000e+01 -1.800000e+01 -4.000000e+01
      vertex   5.993185e+01 -1.851764e+01 -4.000000e+01
    endloop
  endfacet
  facet normal 0.000000e+00 0.000000e+00 1.000000e+00
    outer loop
      vertex   5.993185e+01 -1.851764e+01 -4.000000e+01
      vertex   5.800000e+01 -1.800000e+01 -4.000000e+01
      vertex   5.973205e+01 -1.900000e+01 -4.000000e+01
    endloop
  endfacet
  facet normal 0.000000e+00 0.000000e+00 1.000000e+00
    outer loop
      vertex   5.973205e+01 -1.900000e+01 -4.000000e+01
      vertex   5.800000e+01 -1.800000e+01 -4.000000e+01
      vertex   5.941421e+01 -1.941421e+01 -4.000000e+01
    endloop
  endfacet
  facet normal 0.000000e+00 0.000000e+00 1.000000e+00
    outer loop
      vertex   5.941421e+01 -1.941421e+01 -4.000000e+01
      vertex   5.800000e+01 -1.800000e+01 -4.000000e+01
      vertex   5.800000e+01 -2.000000e+01 -4.000000e+01
    endloop
  endfacet
  facet normal 0.000000e+00 0.000000e+00 1.000000e+00
    outer loop
      vertex   5.941421e+01 -1.941421e+01 -4.000000e+01
      vertex   5.800000e+01 -2.000000e+01 -4.000000e+01
      vertex   5.900000e+01 -1.973205e+01 -4.000000e+01
    endloop
  endfacet
  facet normal 0.000000e+00 0.000000e+00 1.000000e+00
    outer loop
      vertex   5.900000e+01 -1.973205e+01 -4.000000e+01
      vertex   5.800000e+01 -2.000000e+01 -4.000000e+01
      vertex   5.851764e+01 -1.993185e+01 -4.000000e+01
    endloop
  endfacet
  facet normal 0.000000e+00 0.000000e+00 1.000000e+00
    outer loop
      vertex   5.800000e+01 -2.000000e+01 -4.000000e+01
      vertex   5.800000e+01 -1.800000e+01 -4.000000e+01
      vertex   -5.500000e+01 -2.000000e+01 -4.000000e+01
    endloop
  endfacet
  facet normal 0.000000e+00 0.000000e+00 1.000000e+00
    outer loop
      vertex   -5.500000e+01 -2.000000e+01 -4.000000e+01
      vertex   5.800000e+01 -1.800000e+01 -4.000000e+01
      vertex   -5.500000e+01 -1.800000e+01 -4.000000e+01
    endloop
  endfacet
  facet normal 0.000000e+00 -0.000000e+00 1.000000e+00
    outer loop
      vertex   -5.500000e+01 -2.000000e+01 -4.000000e+01
      vertex   -5.500000e+01 -1.800000e+01 -4.000000e+01
      vertex   -5.586824e+01 -1.992404e+01 -4.000000e+01
    endloop
  endfacet
  facet normal 0.000000e+00 -0.000000e+00 1.000000e+00
    outer loop
      vertex   -5.586824e+01 -1.992404e+01 -4.000000e+01
      vertex   -5.500000e+01 -1.800000e+01 -4.000000e+01
      vertex   -5.671010e+01 -1.969846e+01 -4.000000e+01
    endloop
  endfacet
  facet normal 0.000000e+00 -0.000000e+00 1.000000e+00
    outer loop
      vertex   -5.671010e+01 -1.969846e+01 -4.000000e+01
      vertex   -5.500000e+01 -1.800000e+01 -4.000000e+01
      vertex   -5.750000e+01 -1.933013e+01 -4.000000e+01
    endloop
  endfacet
  facet normal 0.000000e+00 -0.000000e+00 1.000000e+00
    outer loop
      vertex   -5.750000e+01 -1.933013e+01 -4.000000e+01
      vertex   -5.500000e+01 -1.800000e+01 -4.000000e+01
      vertex   -5.821394e+01 -1.883022e+01 -4.000000e+01
    endloop
  endfacet
  facet normal 0.000000e+00 0.000000e+00 1.000000e+00
    outer loop
      vertex   -5.821394e+01 -1.883022e+01 -4.000000e+01
      vertex   -5.500000e+01 -1.800000e+01 -4.000000e+01
      vertex   -5.566756e+01 -1.792478e+01 -4.000000e+01
    endloop
  endfacet
  facet normal 0.000000e+00 -0.000000e+00 1.000000e+00
    outer loop
      vertex   -5.821394e+01 -1.883022e+01 -4.000000e+01
      vertex   -5.566756e+01 -1.792478e+01 -4.000000e+01
      vertex   -5.883022e+01 -1.821394e+01 -4.000000e+01
    endloop
  endfacet
  facet normal 0.000000e+00 0.000000e+00 1.000000e+00
    outer loop
      vertex   -5.883022e+01 -1.821394e+01 -4.000000e+01
      vertex   -5.566756e+01 -1.792478e+01 -4.000000e+01
      vertex   -5.630165e+01 -1.770291e+01 -4.000000e+01
    endloop
  endfacet
  facet normal 0.000000e+00 0.000000e+00 1.000000e+00
    outer loop
      vertex   -5.883022e+01 -1.821394e+01 -4.000000e+01
      vertex   -5.630165e+01 -1.770291e+01 -4.000000e+01
      vertex   -5.687047e+01 -1.734549e+01 -4.000000e+01
    endloop
  endfacet
  facet normal 0.000000e+00 -0.000000e+00 1.000000e+00
    outer loop
      vertex   -5.883022e+01 -1.821394e+01 -4.000000e+01
      vertex   -5.687047e+01 -1.734549e+01 -4.000000e+01
      vertex   -5.933013e+01 -1.750000e+01 -4.000000e+01
    endloop
  endfacet
  facet normal 0.000000e+00 0.000000e+00 1.000000e+00
    outer loop
      vertex   -5.933013e+01 -1.750000e+01 -4.000000e+01
      vertex   -5.687047e+01 -1.734549e+01 -4.000000e+01
      vertex   -5.734549e+01 -1.687047e+01 -4.000000e+01
    endloop
  endfacet
  facet normal 0.000000e+00 -0.000000e+00 1.000000e+00
    outer loop
      vertex   -5.933013e+01 -1.750000e+01 -4.000000e+01
      vertex   -5.734549e+01 -1.687047e+01 -4.000000e+01
      vertex   -5.969846e+01 -1.671010e+01 -4.000000e+01
    endloop
  endfacet
  facet normal -0.000000e+00 0.000000e+00 1.000000e+00
    outer loop
      vertex   -5.969846e+01 -1.671010e+01 -4.000000e+01
      vertex   -5.734549e+01 -1.687047e+01 -4.000000e+01
      vertex   -5.770291e+01 -1.630165e+01 -4.000000e+01
    endloop
  endfacet
  facet normal 0.000000e+00 -0.000000e+00 1.000000e+00
    outer loop
      vertex   -5.969846e+01 -1.671010e+01 -4.000000e+01
      vertex   -5.770291e+01 -1.630165e+01 -4.000000e+01
      vertex   -5.992404e+01 -1.586824e+01 -4.000000e+01
    endloop
  endfacet
  facet normal -0.000000e+00 0.000000e+00 1.000000e+00
    outer loop
      vertex   -5.992404e+01 -1.586824e+01 -4.000000e+01
      vertex   -5.770291e+01 -1.630165e+01 -4.000000e+01
      vertex   -5.792478e+01 -1.566756e+01 -4.000000e+01
    endloop
  endfacet
  facet normal 0.000000e+00 -0.000000e+00 1.000000e+00
    outer loop
      vertex   -5.992404e+01 -1.586824e+01 -4.000000e+01
      vertex   -5.792478e+01 -1.566756e+01 -4.000000e+01
      vertex   -6.000000e+01 -1.500000e+01 -4.000000e+01
    endloop
  endfacet
  facet normal -0.000000e+00 0.000000e+00 1.000000e+00
    outer loop
      vertex   -6.000000e+01 -1.500000e+01 -4.000000e+01
      vertex   -5.792478e+01 -1.566756e+01 -4.000000e+01
      vertex   -5.800000e+01 -1.500000e+01 -4.000000e+01
    endloop
  endfacet
  facet normal 0.000000e+00 0.000000e+00 1.000000e+00
    outer loop
      vertex   -6.000000e+01 -1.500000e+01 -4.000000e+01
      vertex   -5.800000e+01 -1.500000e+01 -4.000000e+01
      vertex   -6.000000e+01 1.500000e+01 -4.000000e+01
    endloop
  endfacet
  facet normal -0.000000e+00 0.000000e+00 1.000000e+00
    outer loop
      vertex   -6.000000e+01 1.500000e+01 -4.000000e+01
      vertex   -5.800000e+01 -1.500000e+01 -4.000000e+01
      vertex   -5.800000e+01 1.500000e+01 -4.000000e+01
    endloop
  endfacet
  facet normal 0.000000e+00 0.000000e+00 1.000000e+00
    outer loop
      vertex   -6.000000e+01 1.500000e+01 -4.000000e+01
      vertex   -5.800000e+01 1.500000e+01 -4.000000e+01
      vertex   -5.792478e+01 1.566756e+01 -4.000000e+01
    endloop
  endfacet
  facet normal 0.000000e+00 0.000000e+00 1.000000e+00
    outer loop
      vertex   -6.000000e+01 1.500000e+01 -4.000000e+01
      vertex   -5.792478e+01 1.566756e+01 -4.000000e+01
      vertex   -5.992404e+01 1.586824e+01 -4.000000e+01
    endloop
  endfacet
  facet normal -0.000000e+00 0.000000e+00 1.000000e+00
    outer loop
      vertex   -5.992404e+01 1.586824e+01 -4.000000e+01
      vertex   -5.792478e+01 1.566756e+01 -4.000000e+01
      vertex   -5.770291e+01 1.630165e+01 -4.000000e+01
    endloop
  endfacet
  facet normal 0.000000e+00 0.000000e+00 1.000000e+00
    outer loop
      vertex   -5.992404e+01 1.586824e+01 -4.000000e+01
      vertex   -5.770291e+01 1.630165e+01 -4.000000e+01
      vertex   -5.969846e+01 1.671010e+01 -4.000000e+01
    endloop
  endfacet
  facet normal -0.000000e+00 0.000000e+00 1.000000e+00
    outer loop
      vertex   -5.969846e+01 1.671010e+01 -4.000000e+01
      vertex   -5.770291e+01 1.630165e+01 -4.000000e+01
      vertex   -5.734549e+01 1.687047e+01 -4.000000e+01
    endloop
  endfacet
  facet normal 0.000000e+00 0.000000e+00 1.000000e+00
    outer loop
      vertex   -5.969846e+01 1.671010e+01 -4.000000e+01
      vertex   -5.734549e+01 1.687047e+01 -4.000000e+01
      vertex   -5.933013e+01 1.750000e+01 -4.000000e+01
    endloop
  endfacet
  facet normal 0.000000e+00 0.000000e+00 1.000000e+00
    outer loop
      vertex   -5.933013e+01 1.750000e+01 -4.000000e+01
      vertex   -5.734549e+01 1.687047e+01 -4.000000e+01
      vertex   -5.687047e+01 1.734549e+01 -4.000000e+01
    endloop
  endfacet
  facet normal -0.000000e+00 0.000000e+00 1.000000e+00
    outer loop
      vertex   -5.933013e+01 1.750000e+01 -4.000000e+01
      vertex   -5.687047e+01 1.734549e+01 -4.000000e+01
      vertex   -5.883022e+01 1.821394e+01 -4.000000e+01
    endloop
  endfacet
  facet normal 0.000000e+00 0.000000e+00 1.000000e+00
    outer loop
      vertex   -5.883022e+01 1.821394e+01 -4.000000e+01
      vertex   -5.687047e+01 1.734549e+01 -4.000000e+01
      vertex   -5.630165e+01 1.770291e+01 -4.000000e+01
    endloop
  endfacet
  facet normal 0.000000e+00 0.000000e+00 1.000000e+00
    outer loop
      vertex   -5.883022e+01 1.821394e+01 -4.000000e+01
      vertex   -5.630165e+01 1.770291e+01 -4.000000e+01
      vertex   -5.566756e+01 1.792478e+01 -4.000000e+01
    endloop
  endfacet
  facet normal -0.000000e+00 0.000000e+00 1.000000e+00
    outer loop
      vertex   -5.883022e+01 1.821394e+01 -4.000000e+01
      vertex   -5.566756e+01 1.792478e+01 -4.000000e+01
      vertex   -5.821394e+01 1.883022e+01 -4.000000e+01
    endloop
  endfacet
  facet normal 0.000000e+00 0.000000e+00 1.000000e+00
    outer loop
      vertex   -5.821394e+01 1.883022e+01 -4.000000e+01
      vertex   -5.566756e+01 1.792478e+01 -4.000000e+01
      vertex   -5.500000e+01 1.800000e+01 -4.000000e+01
    endloop
  endfacet
  facet normal -0.000000e+00 0.000000e+00 1.000000e+00
    outer loop
      vertex   -5.821394e+01 1.883022e+01 -4.000000e+01
      vertex   -5.500000e+01 1.800000e+01 -4.000000e+01
      vertex   -5.750000e+01 1.933013e+01 -4.000000e+01
    endloop
  endfacet
  facet normal -0.000000e+00 0.000000e+00 1.000000e+00
    outer loop
      vertex   -5.750000e+01 1.933013e+01 -4.000000e+01
      vertex   -5.500000e+01 1.800000e+01 -4.000000e+01
      vertex   -5.671010e+01 1.969846e+01 -4.000000e+01
    endloop
  endfacet
  facet normal -0.000000e+00 0.000000e+00 1.000000e+00
    outer loop
      vertex   -5.671010e+01 1.969846e+01 -4.000000e+01
      vertex   -5.500000e+01 1.800000e+01 -4.000000e+01
      vertex   -5.586824e+01 1.992404e+01 -4.000000e+01
    endloop
  endfacet
  facet normal -0.000000e+00 0.000000e+00 1.000000e+00
    outer loop
      vertex   -5.586824e+01 1.992404e+01 -4.000000e+01
      vertex   -5.500000e+01 1.800000e+01 -4.000000e+01
      vertex   -5.500000e+01 2.000000e+01 -4.000000e+01
    endloop
  endfacet
  facet normal 0.000000e+00 0.000000e+00 1.000000e+00
    outer loop
      vertex   -5.500000e+01 2.000000e+01 -4.000000e+01
      vertex   -5.500000e+01 1.800000e+01 -4.000000e+01
      vertex   5.800000e+01 1.800000e+01 -4.000000e+01
    endloop
  endfacet
  facet normal -0.000000e+00 0.000000e+00 1.000000e+00
    outer loop
      vertex   -5.500000e+01 2.000000e+01 -4.000000e+01
      vertex   5.800000e+01 1.800000e+01 -4.000000e+01
      vertex   5.800000e+01 2.000000e+01 -4.000000e+01
    endloop
  endfacet
  facet normal 0.000000e+00 0.000000e+00 1.000000e+00
    outer loop
      vertex   5.800000e+01 2.000000e+01 -4.000000e+01
      vertex   5.800000e+01 1.800000e+01 -4.000000e+01
      vertex   5.941421e+01 1.941421e+01 -4.000000e+01
    endloop
  endfacet
  facet normal 0.000000e+00 0.000000e+00 1.000000e+00
    outer loop
      vertex   5.800000e+01 2.000000e+01 -4.000000e+01
      vertex   5.941421e+01 1.941421e+01 -4.000000e+01
      vertex   5.900000e+01 1.973205e+01 -4.000000e+01
    endloop
  endfacet
  facet normal 0.000000e+00 -0.000000e+00 1.000000e+00
    outer loop
      vertex   5.800000e+01 2.794111e+00 -4.000000e+01
      vertex   6.000000e+01 2.794111e+00 -4.000000e+01
      vertex   5.800000e+01 1.800000e+01 -4.000000e+01
    endloop
  endfacet
  facet normal -0.000000e+00 0.000000e+00 1.000000e+00
    outer loop
      vertex   5.800000e+01 1.800000e+01 -4.000000e+01
      vertex   6.000000e+01 2.794111e+00 -4.000000e+01
      vertex   6.000000e+01 1.800000e+01 -4.000000e+01
    endloop
  endfacet
  facet normal 0.000000e+00 0.000000e+00 1.000000e+00
    outer loop
      vertex   5.800000e+01 1.800000e+01 -4.000000e+01
      vertex   6.000000e+01 1.800000e+01 -4.000000e+01
      vertex   5.993185e+01 1.851764e+01 -4.000000e+01
    endloop
  endfacet
  facet normal 0.000000e+00 0.000000e+00 1.000000e+00
    outer loop
      vertex   5.993185e+01 1.851764e+01 -4.000000e+01
      vertex   5.973205e+01 1.900000e+01 -4.000000e+01
      vertex   5.800000e+01 1.800000e+01 -4.000000e+01
    endloop
  endfacet
  facet normal 0.000000e+00 0.000000e+00 1.000000e+00
    outer loop
      vertex   5.800000e+01 1.800000e+01 -4.000000e+01
      vertex   5.973205e+01 1.900000e+01 -4.000000e+01
      vertex   5.941421e+01 1.941421e+01 -4.000000e+01
    endloop
  endfacet
  facet normal 0.000000e+00 0.000000e+00 1.000000e+00
    outer loop
      vertex   5.900000e+01 1.973205e+01 -4.000000e+01
      vertex   5.851764e+01 1.993185e+01 -4.000000e+01
      vertex   5.800000e+01 2.000000e+01 -4.000000e+01
    endloop
  endfacet
endsolid
