solid ASCII
  facet normal 0.000000e+00 9.932384e-01 -1.160929e-01
    outer loop
      vertex   5.800000e+01 -2.930156e+00 -3.270487e+01
      vertex   6.000000e+01 -2.930156e+00 -3.270487e+01
      vertex   5.800000e+01 -3.011021e+00 -3.339672e+01
    endloop
  endfacet
  facet normal 0.000000e+00 9.932384e-01 -1.160929e-01
    outer loop
      vertex   5.800000e+01 -3.011021e+00 -3.339672e+01
      vertex   6.000000e+01 -2.930156e+00 -3.270487e+01
      vertex   6.000000e+01 -3.011021e+00 -3.339672e+01
    endloop
  endfacet
  facet normal -0.000000e+00 9.932384e-01 1.160929e-01
    outer loop
      vertex   5.800000e+01 -3.011021e+00 -3.339672e+01
      vertex   6.000000e+01 -3.011021e+00 -3.339672e+01
      vertex   5.800000e+01 -2.930156e+00 -3.408857e+01
    endloop
  endfacet
  facet normal -0.000000e+00 9.932384e-01 1.160929e-01
    outer loop
      vertex   5.800000e+01 -2.930156e+00 -3.408857e+01
      vertex   6.000000e+01 -3.011021e+00 -3.339672e+01
      vertex   6.000000e+01 -2.930156e+00 -3.408857e+01
    endloop
  endfacet
  facet normal -0.000000e+00 9.396926e-01 3.420201e-01
    outer loop
      vertex   5.800000e+01 -2.930156e+00 -3.408857e+01
      vertex   6.000000e+01 -2.930156e+00 -3.408857e+01
      vertex   5.800000e+01 -2.691919e+00 -3.474312e+01
    endloop
  endfacet
  facet normal -0.000000e+00 9.396926e-01 3.420201e-01
    outer loop
      vertex   5.800000e+01 -2.691919e+00 -3.474312e+01
      vertex   6.000000e+01 -2.930156e+00 -3.408857e+01
      vertex   6.000000e+01 -2.691919e+00 -3.474312e+01
    endloop
  endfacet
  facet normal -0.000000e+00 8.354878e-01 5.495090e-01
    outer loop
      vertex   5.800000e+01 -2.691919e+00 -3.474312e+01
      vertex   6.000000e+01 -2.691919e+00 -3.474312e+01
      vertex   5.800000e+01 -2.309155e+00 -3.532508e+01
    endloop
  endfacet
  facet normal -0.000000e+00 8.354878e-01 5.495090e-01
    outer loop
      vertex   5.800000e+01 -2.309155e+00 -3.532508e+01
      vertex   6.000000e+01 -2.691919e+00 -3.474312e+01
      vertex   6.000000e+01 -2.309155e+00 -3.532508e+01
    endloop
  endfacet
  facet normal -0.000000e+00 6.862416e-01 7.273736e-01
    outer loop
      vertex   5.800000e+01 -2.309155e+00 -3.532508e+01
      vertex   6.000000e+01 -2.309155e+00 -3.532508e+01
      vertex   5.800000e+01 -1.802497e+00 -3.580309e+01
    endloop
  endfacet
  facet normal -0.000000e+00 6.862416e-01 7.273736e-01
    outer loop
      vertex   5.800000e+01 -1.802497e+00 -3.580309e+01
      vertex   6.000000e+01 -2.309155e+00 -3.532508e+01
      vertex   6.000000e+01 -1.802497e+00 -3.580309e+01
    endloop
  endfacet
  facet normal -0.000000e+00 5.000000e-01 8.660254e-01
    outer loop
      vertex   5.800000e+01 -1.802497e+00 -3.580309e+01
      vertex   6.000000e+01 -1.802497e+00 -3.580309e+01
      vertex   5.800000e+01 -1.199261e+00 -3.615137e+01
    endloop
  endfacet
  facet normal -1.110223e-16 5.000000e-01 8.660254e-01
    outer loop
      vertex   5.800000e+01 -1.199261e+00 -3.615137e+01
      vertex   6.000000e+01 -1.802497e+00 -3.580309e+01
      vertex   6.000000e+01 -1.199261e+00 -3.615137e+01
    endloop
  endfacet
  facet normal -6.368311e-17 2.868032e-01 9.579895e-01
    outer loop
      vertex   5.800000e+01 -1.199261e+00 -3.615137e+01
      vertex   6.000000e+01 -1.199261e+00 -3.615137e+01
      vertex   5.800000e+01 -5.319660e-01 -3.635115e+01
    endloop
  endfacet
  facet normal -9.552467e-17 2.868032e-01 9.579895e-01
    outer loop
      vertex   5.800000e+01 -5.319660e-01 -3.635115e+01
      vertex   6.000000e+01 -1.199261e+00 -3.615137e+01
      vertex   6.000000e+01 -5.319660e-01 -3.635115e+01
    endloop
  endfacet
  facet normal -1.936612e-17 5.814483e-02 9.983082e-01
    outer loop
      vertex   5.800000e+01 -5.319660e-01 -3.635115e+01
      vertex   6.000000e+01 -5.319660e-01 -3.635115e+01
      vertex   5.800000e+01 1.634130e-01 -3.639165e+01
    endloop
  endfacet
  facet normal -1.936612e-17 5.814483e-02 9.983082e-01
    outer loop
      vertex   5.800000e+01 1.634130e-01 -3.639165e+01
      vertex   6.000000e+01 -5.319660e-01 -3.635115e+01
      vertex   6.000000e+01 1.634130e-01 -3.639165e+01
    endloop
  endfacet
  facet normal 5.783646e-17 -1.736482e-01 9.848078e-01
    outer loop
      vertex   5.800000e+01 1.634130e-01 -3.639165e+01
      vertex   6.000000e+01 1.634130e-01 -3.639165e+01
      vertex   5.800000e+01 8.493882e-01 -3.627069e+01
    endloop
  endfacet
  facet normal 5.783646e-17 -1.736482e-01 9.848078e-01
    outer loop
      vertex   5.800000e+01 8.493882e-01 -3.627069e+01
      vertex   6.000000e+01 1.634130e-01 -3.639165e+01
      vertex   6.000000e+01 8.493882e-01 -3.627069e+01
    endloop
  endfacet
  facet normal 1.319211e-16 -3.960798e-01 9.182161e-01
    outer loop
      vertex   5.800000e+01 8.493882e-01 -3.627069e+01
      vertex   6.000000e+01 8.493882e-01 -3.627069e+01
      vertex   5.800000e+01 1.488979e+00 -3.599480e+01
    endloop
  endfacet
  facet normal -3.042290e-15 -3.960798e-01 9.182161e-01
    outer loop
      vertex   5.800000e+01 1.488979e+00 -3.599480e+01
      vertex   6.000000e+01 8.493882e-01 -3.627069e+01
      vertex   6.000000e+01 1.488979e+00 -3.599480e+01
    endloop
  endfacet
  facet normal -2.518224e-15 -5.971586e-01 8.021232e-01
    outer loop
      vertex   5.800000e+01 1.488979e+00 -3.599480e+01
      vertex   6.000000e+01 1.488979e+00 -3.599480e+01
      vertex   5.800000e+01 2.047703e+00 -3.557884e+01
    endloop
  endfacet
  facet normal 0.000000e+00 -5.971586e-01 8.021232e-01
    outer loop
      vertex   5.800000e+01 2.047703e+00 -3.557884e+01
      vertex   6.000000e+01 1.488979e+00 -3.599480e+01
      vertex   6.000000e+01 2.047703e+00 -3.557884e+01
    endloop
  endfacet
  facet normal 0.000000e+00 -7.660444e-01 6.427876e-01
    outer loop
      vertex   5.800000e+01 2.047703e+00 -3.557884e+01
      vertex   6.000000e+01 2.047703e+00 -3.557884e+01
      vertex   5.800000e+01 2.495442e+00 -3.504525e+01
    endloop
  endfacet
  facet normal 0.000000e+00 -7.660444e-01 6.427876e-01
    outer loop
      vertex   5.800000e+01 2.495442e+00 -3.504525e+01
      vertex   6.000000e+01 2.047703e+00 -3.557884e+01
      vertex   6.000000e+01 2.495442e+00 -3.504525e+01
    endloop
  endfacet
  facet normal 0.000000e+00 -8.936326e-01 4.487992e-01
    outer loop
      vertex   5.800000e+01 2.495442e+00 -3.504525e+01
      vertex   6.000000e+01 2.495442e+00 -3.504525e+01
      vertex   5.800000e+01 2.808056e+00 -3.442278e+01
    endloop
  endfacet
  facet normal 0.000000e+00 -8.936326e-01 4.487992e-01
    outer loop
      vertex   5.800000e+01 2.808056e+00 -3.442278e+01
      vertex   6.000000e+01 2.495442e+00 -3.504525e+01
      vertex   6.000000e+01 2.808056e+00 -3.442278e+01
    endloop
  endfacet
  facet normal 0.000000e+00 -9.730449e-01 2.306159e-01
    outer loop
      vertex   5.800000e+01 2.808056e+00 -3.442278e+01
      vertex   6.000000e+01 2.808056e+00 -3.442278e+01
      vertex   5.800000e+01 2.968694e+00 -3.374500e+01
    endloop
  endfacet
  facet normal 0.000000e+00 -9.730449e-01 2.306159e-01
    outer loop
      vertex   5.800000e+01 2.968694e+00 -3.374500e+01
      vertex   6.000000e+01 2.808056e+00 -3.442278e+01
      vertex   6.000000e+01 2.968694e+00 -3.374500e+01
    endloop
  endfacet
  facet normal 0.000000e+00 -1.000000e+00 0.000000e+00
    outer loop
      vertex   5.800000e+01 2.968694e+00 -3.374500e+01
      vertex   6.000000e+01 2.968694e+00 -3.374500e+01
      vertex   5.800000e+01 2.968694e+00 -3.304844e+01
    endloop
  endfacet
  facet normal 0.000000e+00 -1.000000e+00 0.000000e+00
    outer loop
      vertex   5.800000e+01 2.968694e+00 -3.304844e+01
      vertex   6.000000e+01 2.968694e+00 -3.374500e+01
      vertex   6.000000e+01 2.968694e+00 -3.304844e+01
    endloop
  endfacet
  facet normal 0.000000e+00 -9.730449e-01 -2.306159e-01
    outer loop
      vertex   5.800000e+01 2.968694e+00 -3.304844e+01
      vertex   6.000000e+01 2.968694e+00 -3.304844e+01
      vertex   5.800000e+01 2.808056e+00 -3.237066e+01
    endloop
  endfacet
  facet normal 0.000000e+00 -9.730449e-01 -2.306159e-01
    outer loop
      vertex   5.800000e+01 2.808056e+00 -3.237066e+01
      vertex   6.000000e+01 2.968694e+00 -3.304844e+01
      vertex   6.000000e+01 2.808056e+00 -3.237066e+01
    endloop
  endfacet
  facet normal 0.000000e+00 -8.936326e-01 -4.487992e-01
    outer loop
      vertex   5.800000e+01 2.808056e+00 -3.237066e+01
      vertex   6.000000e+01 2.808056e+00 -3.237066e+01
      vertex   5.800000e+01 2.495442e+00 -3.174820e+01
    endloop
  endfacet
  facet normal 0.000000e+00 -8.936326e-01 -4.487992e-01
    outer loop
      vertex   5.800000e+01 2.495442e+00 -3.174820e+01
      vertex   6.000000e+01 2.808056e+00 -3.237066e+01
      vertex   6.000000e+01 2.495442e+00 -3.174820e+01
    endloop
  endfacet
  facet normal 0.000000e+00 -7.660444e-01 -6.427876e-01
    outer loop
      vertex   5.800000e+01 2.495442e+00 -3.174820e+01
      vertex   6.000000e+01 2.495442e+00 -3.174820e+01
      vertex   5.800000e+01 2.047703e+00 -3.121460e+01
    endloop
  endfacet
  facet normal 0.000000e+00 -7.660444e-01 -6.427876e-01
    outer loop
      vertex   5.800000e+01 2.047703e+00 -3.121460e+01
      vertex   6.000000e+01 2.495442e+00 -3.174820e+01
      vertex   6.000000e+01 2.047703e+00 -3.121460e+01
    endloop
  endfacet
  facet normal 0.000000e+00 -5.971586e-01 -8.021232e-01
    outer loop
      vertex   5.800000e+01 2.047703e+00 -3.121460e+01
      vertex   6.000000e+01 2.047703e+00 -3.121460e+01
      vertex   5.800000e+01 1.488979e+00 -3.079865e+01
    endloop
  endfacet
  facet normal 1.093367e-15 -5.971586e-01 -8.021232e-01
    outer loop
      vertex   5.800000e+01 1.488979e+00 -3.079865e+01
      vertex   6.000000e+01 2.047703e+00 -3.121460e+01
      vertex   6.000000e+01 1.488979e+00 -3.079865e+01
    endloop
  endfacet
  facet normal 1.411211e-15 -3.960798e-01 -9.182161e-01
    outer loop
      vertex   5.800000e+01 1.488979e+00 -3.079865e+01
      vertex   6.000000e+01 1.488979e+00 -3.079865e+01
      vertex   5.800000e+01 8.493882e-01 -3.052275e+01
    endloop
  endfacet
  facet normal -1.319211e-16 -3.960798e-01 -9.182161e-01
    outer loop
      vertex   5.800000e+01 8.493882e-01 -3.052275e+01
      vertex   6.000000e+01 1.488979e+00 -3.079865e+01
      vertex   6.000000e+01 8.493882e-01 -3.052275e+01
    endloop
  endfacet
  facet normal -5.783646e-17 -1.736482e-01 -9.848078e-01
    outer loop
      vertex   5.800000e+01 8.493882e-01 -3.052275e+01
      vertex   6.000000e+01 8.493882e-01 -3.052275e+01
      vertex   5.800000e+01 1.634130e-01 -3.040180e+01
    endloop
  endfacet
  facet normal -5.783646e-17 -1.736482e-01 -9.848078e-01
    outer loop
      vertex   5.800000e+01 1.634130e-01 -3.040180e+01
      vertex   6.000000e+01 8.493882e-01 -3.052275e+01
      vertex   6.000000e+01 1.634130e-01 -3.040180e+01
    endloop
  endfacet
  facet normal 1.936612e-17 5.814483e-02 -9.983082e-01
    outer loop
      vertex   5.800000e+01 1.634130e-01 -3.040180e+01
      vertex   6.000000e+01 1.634130e-01 -3.040180e+01
      vertex   5.800000e+01 -5.319660e-01 -3.044230e+01
    endloop
  endfacet
  facet normal 1.936612e-17 5.814483e-02 -9.983082e-01
    outer loop
      vertex   5.800000e+01 -5.319660e-01 -3.044230e+01
      vertex   6.000000e+01 1.634130e-01 -3.040180e+01
      vertex   6.000000e+01 -5.319660e-01 -3.044230e+01
    endloop
  endfacet
  facet normal 9.552467e-17 2.868032e-01 -9.579895e-01
    outer loop
      vertex   5.800000e+01 -5.319660e-01 -3.044230e+01
      vertex   6.000000e+01 -5.319660e-01 -3.044230e+01
      vertex   5.800000e+01 -1.199261e+00 -3.064207e+01
    endloop
  endfacet
  facet normal 6.368311e-17 2.868032e-01 -9.579895e-01
    outer loop
      vertex   5.800000e+01 -1.199261e+00 -3.064207e+01
      vertex   6.000000e+01 -5.319660e-01 -3.044230e+01
      vertex   6.000000e+01 -1.199261e+00 -3.064207e+01
    endloop
  endfacet
  facet normal 1.110223e-16 5.000000e-01 -8.660254e-01
    outer loop
      vertex   5.800000e+01 -1.199261e+00 -3.064207e+01
      vertex   6.000000e+01 -1.199261e+00 -3.064207e+01
      vertex   5.800000e+01 -1.802497e+00 -3.099035e+01
    endloop
  endfacet
  facet normal 0.000000e+00 5.000000e-01 -8.660254e-01
    outer loop
      vertex   5.800000e+01 -1.802497e+00 -3.099035e+01
      vertex   6.000000e+01 -1.199261e+00 -3.064207e+01
      vertex   6.000000e+01 -1.802497e+00 -3.099035e+01
    endloop
  endfacet
  facet normal 0.000000e+00 6.862416e-01 -7.273736e-01
    outer loop
      vertex   5.800000e+01 -1.802497e+00 -3.099035e+01
      vertex   6.000000e+01 -1.802497e+00 -3.099035e+01
      vertex   5.800000e+01 -2.309155e+00 -3.146836e+01
    endloop
  endfacet
  facet normal 0.000000e+00 6.862416e-01 -7.273736e-01
    outer loop
      vertex   5.800000e+01 -2.309155e+00 -3.146836e+01
      vertex   6.000000e+01 -1.802497e+00 -3.099035e+01
      vertex   6.000000e+01 -2.309155e+00 -3.146836e+01
    endloop
  endfacet
  facet normal 0.000000e+00 8.354878e-01 -5.495090e-01
    outer loop
      vertex   5.800000e+01 -2.309155e+00 -3.146836e+01
      vertex   6.000000e+01 -2.309155e+00 -3.146836e+01
      vertex   5.800000e+01 -2.691919e+00 -3.205032e+01
    endloop
  endfacet
  facet normal 0.000000e+00 8.354878e-01 -5.495090e-01
    outer loop
      vertex   5.800000e+01 -2.691919e+00 -3.205032e+01
      vertex   6.000000e+01 -2.309155e+00 -3.146836e+01
      vertex   6.000000e+01 -2.691919e+00 -3.205032e+01
    endloop
  endfacet
  facet normal 0.000000e+00 9.396926e-01 -3.420201e-01
    outer loop
      vertex   5.800000e+01 -2.691919e+00 -3.205032e+01
      vertex   6.000000e+01 -2.691919e+00 -3.205032e+01
      vertex   5.800000e+01 -2.930156e+00 -3.270487e+01
    endloop
  endfacet
  facet normal 0.000000e+00 9.396926e-01 -3.420201e-01
    outer loop
      vertex   5.800000e+01 -2.930156e+00 -3.270487e+01
      vertex   6.000000e+01 -2.691919e+00 -3.205032e+01
      vertex   6.000000e+01 -2.930156e+00 -3.270487e+01
    endloop
  endfacet
  facet normal 9.914449e-01 -1.305262e-01 -7.508362e-16
    outer loop
      vertex   5.993185e+01 -1.851764e+01 1.000000e+01
      vertex   5.993185e+01 -1.851764e+01 0.000000e+00
      vertex   6.000000e+01 -1.800000e+01 1.000000e+01
    endloop
  endfacet
  facet normal 9.914449e-01 -1.305262e-01 0.000000e+00
    outer loop
      vertex   6.000000e+01 -1.800000e+01 1.000000e+01
      vertex   5.993185e+01 -1.851764e+01 0.000000e+00
      vertex   5.993185e+01 -1.851764e+01 -1.000000e+01
    endloop
  endfacet
  facet normal 9.914449e-01 -1.305262e-01 0.000000e+00
    outer loop
      vertex   6.000000e+01 -1.800000e+01 1.000000e+01
      vertex   5.993185e+01 -1.851764e+01 -1.000000e+01
      vertex   5.993185e+01 -1.851764e+01 -2.000000e+01
    endloop
  endfacet
  facet normal 9.238795e-01 -3.826834e-01 0.000000e+00
    outer loop
      vertex   5.993185e+01 -1.851764e+01 -2.000000e+01
      vertex   5.993185e+01 -1.851764e+01 -1.000000e+01
      vertex   5.973205e+01 -1.900000e+01 -2.000000e+01
    endloop
  endfacet
  facet normal 9.238795e-01 -3.826834e-01 0.000000e+00
    outer loop
      vertex   5.993185e+01 -1.851764e+01 -2.000000e+01
      vertex   5.973205e+01 -1.900000e+01 -2.000000e+01
      vertex   5.973205e+01 -1.900000e+01 -3.000000e+01
    endloop
  endfacet
  facet normal 7.933533e-01 -6.087614e-01 0.000000e+00
    outer loop
      vertex   5.973205e+01 -1.900000e+01 -3.000000e+01
      vertex   5.973205e+01 -1.900000e+01 -2.000000e+01
      vertex   5.941421e+01 -1.941421e+01 -3.000000e+01
    endloop
  endfacet
  facet normal 7.933533e-01 -6.087614e-01 0.000000e+00
    outer loop
      vertex   5.973205e+01 -1.900000e+01 -3.000000e+01
      vertex   5.941421e+01 -1.941421e+01 -3.000000e+01
      vertex   5.941421e+01 -1.941421e+01 -4.000000e+01
    endloop
  endfacet
  facet normal 6.087614e-01 -7.933533e-01 0.000000e+00
    outer loop
      vertex   5.941421e+01 -1.941421e+01 -4.000000e+01
      vertex   5.941421e+01 -1.941421e+01 -3.000000e+01
      vertex   5.900000e+01 -1.973205e+01 -4.000000e+01
    endloop
  endfacet
  facet normal 6.087614e-01 -7.933533e-01 0.000000e+00
    outer loop
      vertex   5.900000e+01 -1.973205e+01 -4.000000e+01
      vertex   5.941421e+01 -1.941421e+01 -3.000000e+01
      vertex   5.900000e+01 -1.973205e+01 -3.000000e+01
    endloop
  endfacet
  facet normal 3.826834e-01 -9.238795e-01 0.000000e+00
    outer loop
      vertex   5.900000e+01 -1.973205e+01 -4.000000e+01
      vertex   5.900000e+01 -1.973205e+01 -3.000000e+01
      vertex   5.851764e+01 -1.993185e+01 -4.000000e+01
    endloop
  endfacet
  facet normal 3.826834e-01 -9.238795e-01 0.000000e+00
    outer loop
      vertex   5.851764e+01 -1.993185e+01 -4.000000e+01
      vertex   5.900000e+01 -1.973205e+01 -3.000000e+01
      vertex   5.851764e+01 -1.993185e+01 -3.000000e+01
    endloop
  endfacet
  facet normal 1.305262e-01 -9.914449e-01 0.000000e+00
    outer loop
      vertex   5.851764e+01 -1.993185e+01 -4.000000e+01
      vertex   5.851764e+01 -1.993185e+01 -3.000000e+01
      vertex   5.800000e+01 -2.000000e+01 -4.000000e+01
    endloop
  endfacet
  facet normal 1.305262e-01 -9.914449e-01 0.000000e+00
    outer loop
      vertex   5.800000e+01 -2.000000e+01 -4.000000e+01
      vertex   5.851764e+01 -1.993185e+01 -3.000000e+01
      vertex   5.851764e+01 -1.993185e+01 -2.000000e+01
    endloop
  endfacet
  facet normal 1.305262e-01 -9.914449e-01 0.000000e+00
    outer loop
      vertex   5.800000e+01 -2.000000e+01 -4.000000e+01
      vertex   5.851764e+01 -1.993185e+01 -2.000000e+01
      vertex   5.851764e+01 -1.993185e+01 -1.000000e+01
    endloop
  endfacet
  facet normal 3.826834e-01 -9.238795e-01 0.000000e+00
    outer loop
      vertex   5.851764e+01 -1.993185e+01 -1.000000e+01
      vertex   5.851764e+01 -1.993185e+01 -2.000000e+01
      vertex   5.900000e+01 -1.973205e+01 -1.000000e+01
    endloop
  endfacet
  facet normal 3.826834e-01 -9.238795e-01 0.000000e+00
    outer loop
      vertex   5.851764e+01 -1.993185e+01 -1.000000e+01
      vertex   5.900000e+01 -1.973205e+01 -1.000000e+01
      vertex   5.900000e+01 -1.973205e+01 0.000000e+00
    endloop
  endfacet
  facet normal 6.087614e-01 -7.933533e-01 0.000000e+00
    outer loop
      vertex   5.900000e+01 -1.973205e+01 0.000000e+00
      vertex   5.900000e+01 -1.973205e+01 -1.000000e+01
      vertex   5.941421e+01 -1.941421e+01 0.000000e+00
    endloop
  endfacet
  facet normal 6.087614e-01 -7.933533e-01 0.000000e+00
    outer loop
      vertex   5.900000e+01 -1.973205e+01 0.000000e+00
      vertex   5.941421e+01 -1.941421e+01 0.000000e+00
      vertex   5.941421e+01 -1.941421e+01 1.000000e+01
    endloop
  endfacet
  facet normal 7.933533e-01 -6.087614e-01 0.000000e+00
    outer loop
      vertex   5.941421e+01 -1.941421e+01 1.000000e+01
      vertex   5.941421e+01 -1.941421e+01 0.000000e+00
      vertex   5.973205e+01 -1.900000e+01 1.000000e+01
    endloop
  endfacet
  facet normal 7.933533e-01 -6.087614e-01 0.000000e+00
    outer loop
      vertex   5.973205e+01 -1.900000e+01 1.000000e+01
      vertex   5.941421e+01 -1.941421e+01 0.000000e+00
      vertex   5.973205e+01 -1.900000e+01 0.000000e+00
    endloop
  endfacet
  facet normal 9.238795e-01 -3.826834e-01 0.000000e+00
    outer loop
      vertex   5.973205e+01 -1.900000e+01 1.000000e+01
      vertex   5.973205e+01 -1.900000e+01 0.000000e+00
      vertex   5.993185e+01 -1.851764e+01 1.000000e+01
    endloop
  endfacet
  facet normal 9.238795e-01 -3.826834e-01 -7.924124e-16
    outer loop
      vertex   5.993185e+01 -1.851764e+01 1.000000e+01
      vertex   5.973205e+01 -1.900000e+01 0.000000e+00
      vertex   5.993185e+01 -1.851764e+01 0.000000e+00
    endloop
  endfacet
  facet normal 6.087614e-01 -7.933533e-01 -2.817529e-16
    outer loop
      vertex   5.941421e+01 -1.941421e+01 1.000000e+01
      vertex   5.900000e+01 -1.973205e+01 1.000000e+01
      vertex   5.900000e+01 -1.973205e+01 0.000000e+00
    endloop
  endfacet
  facet normal 3.826834e-01 -9.238795e-01 -3.282279e-16
    outer loop
      vertex   5.900000e+01 -1.973205e+01 0.000000e+00
      vertex   5.900000e+01 -1.973205e+01 1.000000e+01
      vertex   5.851764e+01 -1.993185e+01 0.000000e+00
    endloop
  endfacet
  facet normal 3.826834e-01 -9.238795e-01 0.000000e+00
    outer loop
      vertex   5.900000e+01 -1.973205e+01 0.000000e+00
      vertex   5.851764e+01 -1.993185e+01 0.000000e+00
      vertex   5.851764e+01 -1.993185e+01 -1.000000e+01
    endloop
  endfacet
  facet normal 1.305262e-01 -9.914449e-01 0.000000e+00
    outer loop
      vertex   5.851764e+01 -1.993185e+01 -1.000000e+01
      vertex   5.851764e+01 -1.993185e+01 0.000000e+00
      vertex   5.800000e+01 -2.000000e+01 1.000000e+01
    endloop
  endfacet
  facet normal 1.305262e-01 -9.914449e-01 1.145618e-15
    outer loop
      vertex   5.851764e+01 -1.993185e+01 -1.000000e+01
      vertex   5.800000e+01 -2.000000e+01 1.000000e+01
      vertex   5.800000e+01 -2.000000e+01 -4.000000e+01
    endloop
  endfacet
  facet normal 3.826834e-01 -9.238795e-01 0.000000e+00
    outer loop
      vertex   5.900000e+01 -1.973205e+01 1.000000e+01
      vertex   5.851764e+01 -1.993185e+01 1.000000e+01
      vertex   5.851764e+01 -1.993185e+01 0.000000e+00
    endloop
  endfacet
  facet normal 1.305262e-01 -9.914449e-01 0.000000e+00
    outer loop
      vertex   5.851764e+01 -1.993185e+01 0.000000e+00
      vertex   5.851764e+01 -1.993185e+01 1.000000e+01
      vertex   5.800000e+01 -2.000000e+01 1.000000e+01
    endloop
  endfacet
  facet normal 7.933533e-01 -6.087614e-01 -2.126437e-16
    outer loop
      vertex   5.941421e+01 -1.941421e+01 -4.000000e+01
      vertex   5.973205e+01 -1.900000e+01 -4.000000e+01
      vertex   5.973205e+01 -1.900000e+01 -3.000000e+01
    endloop
  endfacet
  facet normal 9.238795e-01 -3.826834e-01 -1.359565e-16
    outer loop
      vertex   5.973205e+01 -1.900000e+01 -3.000000e+01
      vertex   5.973205e+01 -1.900000e+01 -4.000000e+01
      vertex   5.993185e+01 -1.851764e+01 -3.000000e+01
    endloop
  endfacet
  facet normal 9.238795e-01 -3.826834e-01 0.000000e+00
    outer loop
      vertex   5.973205e+01 -1.900000e+01 -3.000000e+01
      vertex   5.993185e+01 -1.851764e+01 -3.000000e+01
      vertex   5.993185e+01 -1.851764e+01 -2.000000e+01
    endloop
  endfacet
  facet normal 9.914449e-01 -1.305262e-01 0.000000e+00
    outer loop
      vertex   5.993185e+01 -1.851764e+01 -2.000000e+01
      vertex   5.993185e+01 -1.851764e+01 -3.000000e+01
      vertex   6.000000e+01 -1.800000e+01 -4.000000e+01
    endloop
  endfacet
  facet normal 9.914449e-01 -1.305262e-01 4.226294e-16
    outer loop
      vertex   5.993185e+01 -1.851764e+01 -2.000000e+01
      vertex   6.000000e+01 -1.800000e+01 -4.000000e+01
      vertex   6.000000e+01 -1.800000e+01 1.000000e+01
    endloop
  endfacet
  facet normal 9.238795e-01 -3.826834e-01 6.565375e-16
    outer loop
      vertex   5.973205e+01 -1.900000e+01 -4.000000e+01
      vertex   5.993185e+01 -1.851764e+01 -4.000000e+01
      vertex   5.993185e+01 -1.851764e+01 -3.000000e+01
    endloop
  endfacet
  facet normal 9.914449e-01 -1.305262e-01 7.044639e-16
    outer loop
      vertex   5.993185e+01 -1.851764e+01 -3.000000e+01
      vertex   5.993185e+01 -1.851764e+01 -4.000000e+01
      vertex   6.000000e+01 -1.800000e+01 -4.000000e+01
    endloop
  endfacet
  facet normal 9.238795e-01 -3.826834e-01 0.000000e+00
    outer loop
      vertex   5.993185e+01 -1.851764e+01 -1.000000e+01
      vertex   5.993185e+01 -1.851764e+01 0.000000e+00
      vertex   5.973205e+01 -1.900000e+01 -1.000000e+01
    endloop
  endfacet
  facet normal 9.238795e-01 -3.826834e-01 0.000000e+00
    outer loop
      vertex   5.973205e+01 -1.900000e+01 -1.000000e+01
      vertex   5.993185e+01 -1.851764e+01 0.000000e+00
      vertex   5.973205e+01 -1.900000e+01 0.000000e+00
    endloop
  endfacet
  facet normal 7.933533e-01 -6.087614e-01 0.000000e+00
    outer loop
      vertex   5.973205e+01 -1.900000e+01 -1.000000e+01
      vertex   5.973205e+01 -1.900000e+01 0.000000e+00
      vertex   5.941421e+01 -1.941421e+01 -1.000000e+01
    endloop
  endfacet
  facet normal 7.933533e-01 -6.087614e-01 0.000000e+00
    outer loop
      vertex   5.941421e+01 -1.941421e+01 -1.000000e+01
      vertex   5.973205e+01 -1.900000e+01 0.000000e+00
      vertex   5.941421e+01 -1.941421e+01 0.000000e+00
    endloop
  endfacet
  facet normal 6.087614e-01 -7.933533e-01 0.000000e+00
    outer loop
      vertex   5.941421e+01 -1.941421e+01 -1.000000e+01
      vertex   5.941421e+01 -1.941421e+01 0.000000e+00
      vertex   5.900000e+01 -1.973205e+01 -1.000000e+01
    endloop
  endfacet
  facet normal 9.238795e-01 -3.826834e-01 0.000000e+00
    outer loop
      vertex   5.993185e+01 -1.851764e+01 -1.000000e+01
      vertex   5.973205e+01 -1.900000e+01 -1.000000e+01
      vertex   5.973205e+01 -1.900000e+01 -2.000000e+01
    endloop
  endfacet
  facet normal 7.933533e-01 -6.087614e-01 0.000000e+00
    outer loop
      vertex   5.973205e+01 -1.900000e+01 -2.000000e+01
      vertex   5.973205e+01 -1.900000e+01 -1.000000e+01
      vertex   5.941421e+01 -1.941421e+01 -2.000000e+01
    endloop
  endfacet
  facet normal 7.933533e-01 -6.087614e-01 0.000000e+00
    outer loop
      vertex   5.973205e+01 -1.900000e+01 -2.000000e+01
      vertex   5.941421e+01 -1.941421e+01 -2.000000e+01
      vertex   5.941421e+01 -1.941421e+01 -3.000000e+01
    endloop
  endfacet
  facet normal 6.087614e-01 -7.933533e-01 0.000000e+00
    outer loop
      vertex   5.941421e+01 -1.941421e+01 -3.000000e+01
      vertex   5.941421e+01 -1.941421e+01 -2.000000e+01
      vertex   5.900000e+01 -1.973205e+01 -3.000000e+01
    endloop
  endfacet
  facet normal 7.933533e-01 -6.087614e-01 3.474359e-16
    outer loop
      vertex   5.941421e+01 -1.941421e+01 -2.000000e+01
      vertex   5.973205e+01 -1.900000e+01 -1.000000e+01
      vertex   5.941421e+01 -1.941421e+01 -1.000000e+01
    endloop
  endfacet
  facet normal 6.087614e-01 -7.933533e-01 1.506953e-16
    outer loop
      vertex   5.941421e+01 -1.941421e+01 -2.000000e+01
      vertex   5.941421e+01 -1.941421e+01 -1.000000e+01
      vertex   5.900000e+01 -1.973205e+01 -2.000000e+01
    endloop
  endfacet
  facet normal 6.087614e-01 -7.933533e-01 0.000000e+00
    outer loop
      vertex   5.900000e+01 -1.973205e+01 -2.000000e+01
      vertex   5.941421e+01 -1.941421e+01 -1.000000e+01
      vertex   5.900000e+01 -1.973205e+01 -1.000000e+01
    endloop
  endfacet
  facet normal 3.826834e-01 -9.238795e-01 0.000000e+00
    outer loop
      vertex   5.900000e+01 -1.973205e+01 -2.000000e+01
      vertex   5.900000e+01 -1.973205e+01 -1.000000e+01
      vertex   5.851764e+01 -1.993185e+01 -2.000000e+01
    endloop
  endfacet
  facet normal 3.826834e-01 -9.238795e-01 0.000000e+00
    outer loop
      vertex   5.851764e+01 -1.993185e+01 -3.000000e+01
      vertex   5.900000e+01 -1.973205e+01 -3.000000e+01
      vertex   5.900000e+01 -1.973205e+01 -2.000000e+01
    endloop
  endfacet
  facet normal 6.087614e-01 -7.933533e-01 0.000000e+00
    outer loop
      vertex   5.900000e+01 -1.973205e+01 -2.000000e+01
      vertex   5.900000e+01 -1.973205e+01 -3.000000e+01
      vertex   5.941421e+01 -1.941421e+01 -2.000000e+01
    endloop
  endfacet
  facet normal 3.826834e-01 -9.238795e-01 0.000000e+00
    outer loop
      vertex   5.851764e+01 -1.993185e+01 -3.000000e+01
      vertex   5.900000e+01 -1.973205e+01 -2.000000e+01
      vertex   5.851764e+01 -1.993185e+01 -2.000000e+01
    endloop
  endfacet
  facet normal -4.715992e-16 -1.000000e+00 6.523788e-17
    outer loop
      vertex   -5.500000e+01 -2.000000e+01 -4.000000e+01
      vertex   5.800000e+01 -2.000000e+01 -4.000000e+01
      vertex   5.600000e+01 -2.000000e+01 0.000000e+00
    endloop
  endfacet
  facet normal 2.096101e-14 -1.000000e+00 1.136868e-15
    outer loop
      vertex   5.600000e+01 -2.000000e+01 0.000000e+00
      vertex   5.800000e+01 -2.000000e+01 -4.000000e+01
      vertex   5.800000e+01 -2.000000e+01 1.000000e+01
    endloop
  endfacet
  facet normal 0.000000e+00 -1.000000e+00 5.329071e-15
    outer loop
      vertex   5.600000e+01 -2.000000e+01 0.000000e+00
      vertex   5.800000e+01 -2.000000e+01 1.000000e+01
      vertex   5.600000e+01 -2.000000e+01 1.000000e+01
    endloop
  endfacet
  facet normal -4.800964e-16 -1.000000e+00 8.881784e-17
    outer loop
      vertex   5.600000e+01 -2.000000e+01 0.000000e+00
      vertex   -5.500000e+01 -2.000000e+01 0.000000e+00
      vertex   -5.500000e+01 -2.000000e+01 -4.000000e+01
    endloop
  endfacet
  facet normal 0.000000e+00 0.000000e+00 1.000000e+00
    outer loop
      vertex   5.405111e+01 7.888229e+00 1.000000e+01
      vertex   5.216978e+01 1.821394e+01 1.000000e+01
      vertex   5.400000e+01 7.500000e+00 1.000000e+01
    endloop
  endfacet
  facet normal 0.000000e+00 0.000000e+00 1.000000e+00
    outer loop
      vertex   5.400000e+01 7.500000e+00 1.000000e+01
      vertex   5.216978e+01 1.821394e+01 1.000000e+01
      vertex   5.166987e+01 1.750000e+01 1.000000e+01
    endloop
  endfacet
  facet normal 0.000000e+00 0.000000e+00 1.000000e+00
    outer loop
      vertex   5.400000e+01 7.500000e+00 1.000000e+01
      vertex   5.166987e+01 1.750000e+01 1.000000e+01
      vertex   5.100000e+01 1.500000e+01 1.000000e+01
    endloop
  endfacet
  facet normal 0.000000e+00 0.000000e+00 1.000000e+00
    outer loop
      vertex   5.100000e+01 1.500000e+01 1.000000e+01
      vertex   5.166987e+01 1.750000e+01 1.000000e+01
      vertex   5.130154e+01 1.671010e+01 1.000000e+01
    endloop
  endfacet
  facet normal 0.000000e+00 0.000000e+00 1.000000e+00
    outer loop
      vertex   5.100000e+01 1.500000e+01 1.000000e+01
      vertex   5.130154e+01 1.671010e+01 1.000000e+01
      vertex   5.107596e+01 1.586824e+01 1.000000e+01
    endloop
  endfacet
  facet normal 0.000000e+00 0.000000e+00 1.000000e+00
    outer loop
      vertex   5.420096e+01 8.250000e+00 1.000000e+01
      vertex   5.350000e+01 1.933013e+01 1.000000e+01
      vertex   5.405111e+01 7.888229e+00 1.000000e+01
    endloop
  endfacet
  facet normal 0.000000e+00 0.000000e+00 1.000000e+00
    outer loop
      vertex   5.405111e+01 7.888229e+00 1.000000e+01
      vertex   5.350000e+01 1.933013e+01 1.000000e+01
      vertex   5.278606e+01 1.883022e+01 1.000000e+01
    endloop
  endfacet
  facet normal 0.000000e+00 0.000000e+00 1.000000e+00
    outer loop
      vertex   5.405111e+01 7.888229e+00 1.000000e+01
      vertex   5.278606e+01 1.883022e+01 1.000000e+01
      vertex   5.216978e+01 1.821394e+01 1.000000e+01
    endloop
  endfacet
  facet normal 0.000000e+00 -0.000000e+00 1.000000e+00
    outer loop
      vertex   5.420096e+01 8.250000e+00 1.000000e+01
      vertex   5.443934e+01 8.560660e+00 1.000000e+01
      vertex   5.350000e+01 1.933013e+01 1.000000e+01
    endloop
  endfacet
  facet normal -0.000000e+00 0.000000e+00 1.000000e+00
    outer loop
      vertex   5.350000e+01 1.933013e+01 1.000000e+01
      vertex   5.443934e+01 8.560660e+00 1.000000e+01
      vertex   5.428990e+01 1.969846e+01 1.000000e+01
    endloop
  endfacet
  facet normal 0.000000e+00 0.000000e+00 1.000000e+00
    outer loop
      vertex   5.428990e+01 1.969846e+01 1.000000e+01
      vertex   5.443934e+01 8.560660e+00 1.000000e+01
      vertex   5.475000e+01 8.799038e+00 1.000000e+01
    endloop
  endfacet
  facet normal -0.000000e+00 0.000000e+00 1.000000e+00
    outer loop
      vertex   5.428990e+01 1.969846e+01 1.000000e+01
      vertex   5.475000e+01 8.799038e+00 1.000000e+01
      vertex   5.513176e+01 1.992404e+01 1.000000e+01
    endloop
  endfacet
  facet normal 0.000000e+00 0.000000e+00 1.000000e+00
    outer loop
      vertex   5.513176e+01 1.992404e+01 1.000000e+01
      vertex   5.475000e+01 8.799038e+00 1.000000e+01
      vertex   5.511177e+01 8.948889e+00 1.000000e+01
    endloop
  endfacet
  facet normal 0.000000e+00 0.000000e+00 1.000000e+00
    outer loop
      vertex   5.513176e+01 1.992404e+01 1.000000e+01
      vertex   5.511177e+01 8.948889e+00 1.000000e+01
      vertex   5.550000e+01 9.000000e+00 1.000000e+01
    endloop
  endfacet
  facet normal -0.000000e+00 0.000000e+00 1.000000e+00
    outer loop
      vertex   5.513176e+01 1.992404e+01 1.000000e+01
      vertex   5.550000e+01 9.000000e+00 1.000000e+01
      vertex   5.600000e+01 2.000000e+01 1.000000e+01
    endloop
  endfacet
  facet normal 0.000000e+00 0.000000e+00 1.000000e+00
    outer loop
      vertex   5.600000e+01 2.000000e+01 1.000000e+01
      vertex   5.550000e+01 9.000000e+00 1.000000e+01
      vertex   5.588823e+01 8.948889e+00 1.000000e+01
    endloop
  endfacet
  facet normal 0.000000e+00 0.000000e+00 1.000000e+00
    outer loop
      vertex   5.600000e+01 2.000000e+01 1.000000e+01
      vertex   5.588823e+01 8.948889e+00 1.000000e+01
      vertex   5.625000e+01 8.799038e+00 1.000000e+01
    endloop
  endfacet
  facet normal -0.000000e+00 -0.000000e+00 1.000000e+00
    outer loop
      vertex   5.625000e+01 8.799038e+00 1.000000e+01
      vertex   5.656066e+01 8.560660e+00 1.000000e+01
      vertex   5.600000e+01 2.000000e+01 1.000000e+01
    endloop
  endfacet
  facet normal -0.000000e+00 0.000000e+00 1.000000e+00
    outer loop
      vertex   5.600000e+01 2.000000e+01 1.000000e+01
      vertex   5.656066e+01 8.560660e+00 1.000000e+01
      vertex   5.800000e+01 2.000000e+01 1.000000e+01
    endloop
  endfacet
  facet normal 0.000000e+00 0.000000e+00 1.000000e+00
    outer loop
      vertex   5.800000e+01 2.000000e+01 1.000000e+01
      vertex   5.656066e+01 8.560660e+00 1.000000e+01
      vertex   5.679904e+01 8.250000e+00 1.000000e+01
    endloop
  endfacet
  facet normal 0.000000e+00 0.000000e+00 1.000000e+00
    outer loop
      vertex   5.800000e+01 2.000000e+01 1.000000e+01
      vertex   5.679904e+01 8.250000e+00 1.000000e+01
      vertex   5.694889e+01 7.888229e+00 1.000000e+01
    endloop
  endfacet
  facet normal 0.000000e+00 0.000000e+00 1.000000e+00
    outer loop
      vertex   5.800000e+01 2.000000e+01 1.000000e+01
      vertex   5.694889e+01 7.888229e+00 1.000000e+01
      vertex   5.851764e+01 1.993185e+01 1.000000e+01
    endloop
  endfacet
  facet normal 0.000000e+00 0.000000e+00 1.000000e+00
    outer loop
      vertex   5.851764e+01 1.993185e+01 1.000000e+01
      vertex   5.694889e+01 7.888229e+00 1.000000e+01
      vertex   5.700000e+01 7.500000e+00 1.000000e+01
    endloop
  endfacet
  facet normal 0.000000e+00 0.000000e+00 1.000000e+00
    outer loop
      vertex   5.851764e+01 1.993185e+01 1.000000e+01
      vertex   5.700000e+01 7.500000e+00 1.000000e+01
      vertex   5.900000e+01 1.973205e+01 1.000000e+01
    endloop
  endfacet
  facet normal 0.000000e+00 0.000000e+00 1.000000e+00
    outer loop
      vertex   5.900000e+01 1.973205e+01 1.000000e+01
      vertex   5.700000e+01 7.500000e+00 1.000000e+01
      vertex   5.941421e+01 1.941421e+01 1.000000e+01
    endloop
  endfacet
  facet normal 0.000000e+00 0.000000e+00 1.000000e+00
    outer loop
      vertex   5.941421e+01 1.941421e+01 1.000000e+01
      vertex   5.700000e+01 7.500000e+00 1.000000e+01
      vertex   6.000000e+01 1.800000e+01 1.000000e+01
    endloop
  endfacet
  facet normal 0.000000e+00 0.000000e+00 1.000000e+00
    outer loop
      vertex   5.941421e+01 1.941421e+01 1.000000e+01
      vertex   6.000000e+01 1.800000e+01 1.000000e+01
      vertex   5.973205e+01 1.900000e+01 1.000000e+01
    endloop
  endfacet
  facet normal 0.000000e+00 0.000000e+00 1.000000e+00
    outer loop
      vertex   5.973205e+01 1.900000e+01 1.000000e+01
      vertex   6.000000e+01 1.800000e+01 1.000000e+01
      vertex   5.993185e+01 1.851764e+01 1.000000e+01
    endloop
  endfacet
  facet normal -0.000000e+00 0.000000e+00 1.000000e+00
    outer loop
      vertex   5.694889e+01 7.111771e+00 1.000000e+01
      vertex   5.694889e+01 -7.111771e+00 1.000000e+01
      vertex   5.700000e+01 7.500000e+00 1.000000e+01
    endloop
  endfacet
  facet normal 0.000000e+00 0.000000e+00 1.000000e+00
    outer loop
      vertex   5.700000e+01 7.500000e+00 1.000000e+01
      vertex   5.694889e+01 -7.111771e+00 1.000000e+01
      vertex   5.700000e+01 -7.500000e+00 1.000000e+01
    endloop
  endfacet
  facet normal 0.000000e+00 0.000000e+00 1.000000e+00
    outer loop
      vertex   5.700000e+01 7.500000e+00 1.000000e+01
      vertex   5.700000e+01 -7.500000e+00 1.000000e+01
      vertex   6.000000e+01 -1.800000e+01 1.000000e+01
    endloop
  endfacet
  facet normal 0.000000e+00 0.000000e+00 1.000000e+00
    outer loop
      vertex   6.000000e+01 -1.800000e+01 1.000000e+01
      vertex   5.700000e+01 -7.500000e+00 1.000000e+01
      vertex   5.941421e+01 -1.941421e+01 1.000000e+01
    endloop
  endfacet
  facet normal 0.000000e+00 0.000000e+00 1.000000e+00
    outer loop
      vertex   6.000000e+01 -1.800000e+01 1.000000e+01
      vertex   5.941421e+01 -1.941421e+01 1.000000e+01
      vertex   5.973205e+01 -1.900000e+01 1.000000e+01
    endloop
  endfacet
  facet normal 0.000000e+00 0.000000e+00 1.000000e+00
    outer loop
      vertex   5.694889e+01 7.111771e+00 1.000000e+01
      vertex   5.679904e+01 6.750000e+00 1.000000e+01
      vertex   5.694889e+01 -7.111771e+00 1.000000e+01
    endloop
  endfacet
  facet normal 0.000000e+00 0.000000e+00 1.000000e+00
    outer loop
      vertex   5.694889e+01 -7.111771e+00 1.000000e+01
      vertex   5.679904e+01 6.750000e+00 1.000000e+01
      vertex   5.679904e+01 -6.750000e+00 1.000000e+01
    endloop
  endfacet
  facet normal 0.000000e+00 0.000000e+00 1.000000e+00
    outer loop
      vertex   5.679904e+01 -6.750000e+00 1.000000e+01
      vertex   5.679904e+01 6.750000e+00 1.000000e+01
      vertex   5.656066e+01 6.439340e+00 1.000000e+01
    endloop
  endfacet
  facet normal 0.000000e+00 0.000000e+00 1.000000e+00
    outer loop
      vertex   5.679904e+01 -6.750000e+00 1.000000e+01
      vertex   5.656066e+01 6.439340e+00 1.000000e+01
      vertex   5.656066e+01 -6.439340e+00 1.000000e+01
    endloop
  endfacet
  facet normal 0.000000e+00 0.000000e+00 1.000000e+00
    outer loop
      vertex   5.656066e+01 -6.439340e+00 1.000000e+01
      vertex   5.656066e+01 6.439340e+00 1.000000e+01
      vertex   5.625000e+01 6.200962e+00 1.000000e+01
    endloop
  endfacet
  facet normal 0.000000e+00 0.000000e+00 1.000000e+00
    outer loop
      vertex   5.656066e+01 -6.439340e+00 1.000000e+01
      vertex   5.625000e+01 6.200962e+00 1.000000e+01
      vertex   5.625000e+01 -6.200962e+00 1.000000e+01
    endloop
  endfacet
  facet normal 0.000000e+00 -0.000000e+00 1.000000e+00
    outer loop
      vertex   5.625000e+01 -6.200962e+00 1.000000e+01
      vertex   5.625000e+01 6.200962e+00 1.000000e+01
      vertex   5.588823e+01 6.051111e+00 1.000000e+01
    endloop
  endfacet
  facet normal 0.000000e+00 0.000000e+00 1.000000e+00
    outer loop
      vertex   5.625000e+01 -6.200962e+00 1.000000e+01
      vertex   5.588823e+01 6.051111e+00 1.000000e+01
      vertex   5.588823e+01 -6.051111e+00 1.000000e+01
    endloop
  endfacet
  facet normal 0.000000e+00 -0.000000e+00 1.000000e+00
    outer loop
      vertex   5.588823e+01 -6.051111e+00 1.000000e+01
      vertex   5.588823e+01 6.051111e+00 1.000000e+01
      vertex   5.550000e+01 6.000000e+00 1.000000e+01
    endloop
  endfacet
  facet normal 0.000000e+00 0.000000e+00 1.000000e+00
    outer loop
      vertex   5.588823e+01 -6.051111e+00 1.000000e+01
      vertex   5.550000e+01 6.000000e+00 1.000000e+01
      vertex   5.550000e+01 -6.000000e+00 1.000000e+01
    endloop
  endfacet
  facet normal 0.000000e+00 -0.000000e+00 1.000000e+00
    outer loop
      vertex   5.550000e+01 -6.000000e+00 1.000000e+01
      vertex   5.550000e+01 6.000000e+00 1.000000e+01
      vertex   5.511177e+01 -6.051111e+00 1.000000e+01
    endloop
  endfacet
  facet normal 0.000000e+00 0.000000e+00 1.000000e+00
    outer loop
      vertex   5.511177e+01 -6.051111e+00 1.000000e+01
      vertex   5.550000e+01 6.000000e+00 1.000000e+01
      vertex   5.511177e+01 6.051111e+00 1.000000e+01
    endloop
  endfacet
  facet normal 0.000000e+00 -0.000000e+00 1.000000e+00
    outer loop
      vertex   5.511177e+01 -6.051111e+00 1.000000e+01
      vertex   5.511177e+01 6.051111e+00 1.000000e+01
      vertex   5.475000e+01 -6.200962e+00 1.000000e+01
    endloop
  endfacet
  facet normal 0.000000e+00 0.000000e+00 1.000000e+00
    outer loop
      vertex   5.475000e+01 -6.200962e+00 1.000000e+01
      vertex   5.511177e+01 6.051111e+00 1.000000e+01
      vertex   5.475000e+01 6.200962e+00 1.000000e+01
    endloop
  endfacet
  facet normal 0.000000e+00 -0.000000e+00 1.000000e+00
    outer loop
      vertex   5.475000e+01 -6.200962e+00 1.000000e+01
      vertex   5.475000e+01 6.200962e+00 1.000000e+01
      vertex   5.443934e+01 -6.439340e+00 1.000000e+01
    endloop
  endfacet
  facet normal 0.000000e+00 0.000000e+00 1.000000e+00
    outer loop
      vertex   5.443934e+01 -6.439340e+00 1.000000e+01
      vertex   5.475000e+01 6.200962e+00 1.000000e+01
      vertex   5.443934e+01 6.439340e+00 1.000000e+01
    endloop
  endfacet
  facet normal 0.000000e+00 -0.000000e+00 1.000000e+00
    outer loop
      vertex   5.443934e+01 -6.439340e+00 1.000000e+01
      vertex   5.443934e+01 6.439340e+00 1.000000e+01
      vertex   5.420096e+01 -6.750000e+00 1.000000e+01
    endloop
  endfacet
  facet normal 0.000000e+00 0.000000e+00 1.000000e+00
    outer loop
      vertex   5.420096e+01 -6.750000e+00 1.000000e+01
      vertex   5.443934e+01 6.439340e+00 1.000000e+01
      vertex   5.420096e+01 6.750000e+00 1.000000e+01
    endloop
  endfacet
  facet normal 0.000000e+00 -0.000000e+00 1.000000e+00
    outer loop
      vertex   5.420096e+01 -6.750000e+00 1.000000e+01
      vertex   5.420096e+01 6.750000e+00 1.000000e+01
      vertex   5.405111e+01 -7.111771e+00 1.000000e+01
    endloop
  endfacet
  facet normal 0.000000e+00 0.000000e+00 1.000000e+00
    outer loop
      vertex   5.405111e+01 -7.111771e+00 1.000000e+01
      vertex   5.420096e+01 6.750000e+00 1.000000e+01
      vertex   5.405111e+01 7.111771e+00 1.000000e+01
    endloop
  endfacet
  facet normal 0.000000e+00 -0.000000e+00 1.000000e+00
    outer loop
      vertex   5.405111e+01 -7.111771e+00 1.000000e+01
      vertex   5.405111e+01 7.111771e+00 1.000000e+01
      vertex   5.400000e+01 7.500000e+00 1.000000e+01
    endloop
  endfacet
  facet normal 0.000000e+00 0.000000e+00 1.000000e+00
    outer loop
      vertex   5.405111e+01 -7.111771e+00 1.000000e+01
      vertex   5.400000e+01 7.500000e+00 1.000000e+01
      vertex   5.400000e+01 -7.500000e+00 1.000000e+01
    endloop
  endfacet
  facet normal 0.000000e+00 -0.000000e+00 1.000000e+00
    outer loop
      vertex   5.400000e+01 -7.500000e+00 1.000000e+01
      vertex   5.400000e+01 7.500000e+00 1.000000e+01
      vertex   5.100000e+01 -1.500000e+01 1.000000e+01
    endloop
  endfacet
  facet normal 0.000000e+00 0.000000e+00 1.000000e+00
    outer loop
      vertex   5.400000e+01 -7.500000e+00 1.000000e+01
      vertex   5.100000e+01 -1.500000e+01 1.000000e+01
      vertex   5.166987e+01 -1.750000e+01 1.000000e+01
    endloop
  endfacet
  facet normal 0.000000e+00 0.000000e+00 1.000000e+00
    outer loop
      vertex   5.166987e+01 -1.750000e+01 1.000000e+01
      vertex   5.100000e+01 -1.500000e+01 1.000000e+01
      vertex   5.130154e+01 -1.671010e+01 1.000000e+01
    endloop
  endfacet
  facet normal 0.000000e+00 0.000000e+00 1.000000e+00
    outer loop
      vertex   5.130154e+01 -1.671010e+01 1.000000e+01
      vertex   5.100000e+01 -1.500000e+01 1.000000e+01
      vertex   5.107596e+01 -1.586824e+01 1.000000e+01
    endloop
  endfacet
  facet normal -0.000000e+00 0.000000e+00 1.000000e+00
    outer loop
      vertex   5.694889e+01 -7.888229e+00 1.000000e+01
      vertex   5.851764e+01 -1.993185e+01 1.000000e+01
      vertex   5.700000e+01 -7.500000e+00 1.000000e+01
    endloop
  endfacet
  facet normal 0.000000e+00 0.000000e+00 1.000000e+00
    outer loop
      vertex   5.700000e+01 -7.500000e+00 1.000000e+01
      vertex   5.851764e+01 -1.993185e+01 1.000000e+01
      vertex   5.900000e+01 -1.973205e+01 1.000000e+01
    endloop
  endfacet
  facet normal 0.000000e+00 0.000000e+00 1.000000e+00
    outer loop
      vertex   5.700000e+01 -7.500000e+00 1.000000e+01
      vertex   5.900000e+01 -1.973205e+01 1.000000e+01
      vertex   5.941421e+01 -1.941421e+01 1.000000e+01
    endloop
  endfacet
  facet normal 0.000000e+00 0.000000e+00 1.000000e+00
    outer loop
      vertex   5.851764e+01 -1.993185e+01 1.000000e+01
      vertex   5.694889e+01 -7.888229e+00 1.000000e+01
      vertex   5.800000e+01 -2.000000e+01 1.000000e+01
    endloop
  endfacet
  facet normal 0.000000e+00 0.000000e+00 1.000000e+00
    outer loop
      vertex   5.800000e+01 -2.000000e+01 1.000000e+01
      vertex   5.694889e+01 -7.888229e+00 1.000000e+01
      vertex   5.679904e+01 -8.250000e+00 1.000000e+01
    endloop
  endfacet
  facet normal 0.000000e+00 0.000000e+00 1.000000e+00
    outer loop
      vertex   5.800000e+01 -2.000000e+01 1.000000e+01
      vertex   5.679904e+01 -8.250000e+00 1.000000e+01
      vertex   5.656066e+01 -8.560660e+00 1.000000e+01
    endloop
  endfacet
  facet normal 0.000000e+00 0.000000e+00 1.000000e+00
    outer loop
      vertex   5.800000e+01 -2.000000e+01 1.000000e+01
      vertex   5.656066e+01 -8.560660e+00 1.000000e+01
      vertex   5.600000e+01 -2.000000e+01 1.000000e+01
    endloop
  endfacet
  facet normal 0.000000e+00 0.000000e+00 1.000000e+00
    outer loop
      vertex   5.600000e+01 -2.000000e+01 1.000000e+01
      vertex   5.656066e+01 -8.560660e+00 1.000000e+01
      vertex   5.625000e+01 -8.799038e+00 1.000000e+01
    endloop
  endfacet
  facet normal 0.000000e+00 -0.000000e+00 1.000000e+00
    outer loop
      vertex   5.600000e+01 -2.000000e+01 1.000000e+01
      vertex   5.625000e+01 -8.799038e+00 1.000000e+01
      vertex   5.588823e+01 -8.948889e+00 1.000000e+01
    endloop
  endfacet
  facet normal 0.000000e+00 0.000000e+00 1.000000e+00
    outer loop
      vertex   5.588823e+01 -8.948889e+00 1.000000e+01
      vertex   5.550000e+01 -9.000000e+00 1.000000e+01
      vertex   5.600000e+01 -2.000000e+01 1.000000e+01
    endloop
  endfacet
  facet normal 0.000000e+00 0.000000e+00 1.000000e+00
    outer loop
      vertex   5.600000e+01 -2.000000e+01 1.000000e+01
      vertex   5.550000e+01 -9.000000e+00 1.000000e+01
      vertex   5.513176e+01 -1.992404e+01 1.000000e+01
    endloop
  endfacet
  facet normal 0.000000e+00 -0.000000e+00 1.000000e+00
    outer loop
      vertex   5.513176e+01 -1.992404e+01 1.000000e+01
      vertex   5.550000e+01 -9.000000e+00 1.000000e+01
      vertex   5.511177e+01 -8.948889e+00 1.000000e+01
    endloop
  endfacet
  facet normal 0.000000e+00 0.000000e+00 1.000000e+00
    outer loop
      vertex   5.513176e+01 -1.992404e+01 1.000000e+01
      vertex   5.511177e+01 -8.948889e+00 1.000000e+01
      vertex   5.475000e+01 -8.799038e+00 1.000000e+01
    endloop
  endfacet
  facet normal 0.000000e+00 0.000000e+00 1.000000e+00
    outer loop
      vertex   5.513176e+01 -1.992404e+01 1.000000e+01
      vertex   5.475000e+01 -8.799038e+00 1.000000e+01
      vertex   5.428990e+01 -1.969846e+01 1.000000e+01
    endloop
  endfacet
  facet normal 0.000000e+00 0.000000e+00 1.000000e+00
    outer loop
      vertex   5.428990e+01 -1.969846e+01 1.000000e+01
      vertex   5.475000e+01 -8.799038e+00 1.000000e+01
      vertex   5.443934e+01 -8.560660e+00 1.000000e+01
    endloop
  endfacet
  facet normal 0.000000e+00 -0.000000e+00 1.000000e+00
    outer loop
      vertex   5.428990e+01 -1.969846e+01 1.000000e+01
      vertex   5.443934e+01 -8.560660e+00 1.000000e+01
      vertex   5.350000e+01 -1.933013e+01 1.000000e+01
    endloop
  endfacet
  facet normal 0.000000e+00 0.000000e+00 1.000000e+00
    outer loop
      vertex   5.350000e+01 -1.933013e+01 1.000000e+01
      vertex   5.443934e+01 -8.560660e+00 1.000000e+01
      vertex   5.420096e+01 -8.250000e+00 1.000000e+01
    endloop
  endfacet
  facet normal 0.000000e+00 0.000000e+00 1.000000e+00
    outer loop
      vertex   5.350000e+01 -1.933013e+01 1.000000e+01
      vertex   5.420096e+01 -8.250000e+00 1.000000e+01
      vertex   5.405111e+01 -7.888229e+00 1.000000e+01
    endloop
  endfacet
  facet normal 0.000000e+00 0.000000e+00 1.000000e+00
    outer loop
      vertex   5.400000e+01 -7.500000e+00 1.000000e+01
      vertex   5.216978e+01 -1.821394e+01 1.000000e+01
      vertex   5.405111e+01 -7.888229e+00 1.000000e+01
    endloop
  endfacet
  facet normal 0.000000e+00 0.000000e+00 1.000000e+00
    outer loop
      vertex   5.405111e+01 -7.888229e+00 1.000000e+01
      vertex   5.216978e+01 -1.821394e+01 1.000000e+01
      vertex   5.278606e+01 -1.883022e+01 1.000000e+01
    endloop
  endfacet
  facet normal 0.000000e+00 0.000000e+00 1.000000e+00
    outer loop
      vertex   5.405111e+01 -7.888229e+00 1.000000e+01
      vertex   5.278606e+01 -1.883022e+01 1.000000e+01
      vertex   5.350000e+01 -1.933013e+01 1.000000e+01
    endloop
  endfacet
  facet normal 0.000000e+00 0.000000e+00 1.000000e+00
    outer loop
      vertex   5.973205e+01 -1.900000e+01 1.000000e+01
      vertex   5.993185e+01 -1.851764e+01 1.000000e+01
      vertex   6.000000e+01 -1.800000e+01 1.000000e+01
    endloop
  endfacet
  facet normal 0.000000e+00 -0.000000e+00 1.000000e+00
    outer loop
      vertex   6.000000e+01 -1.800000e+01 1.000000e+01
      vertex   6.000000e+01 1.800000e+01 1.000000e+01
      vertex   5.700000e+01 7.500000e+00 1.000000e+01
    endloop
  endfacet
  facet normal 0.000000e+00 0.000000e+00 1.000000e+00
    outer loop
      vertex   5.100000e+01 1.500000e+01 1.000000e+01
      vertex   5.100000e+01 -1.500000e+01 1.000000e+01
      vertex   5.400000e+01 7.500000e+00 1.000000e+01
    endloop
  endfacet
  facet normal -0.000000e+00 0.000000e+00 1.000000e+00
    outer loop
      vertex   5.166987e+01 -1.750000e+01 1.000000e+01
      vertex   5.216978e+01 -1.821394e+01 1.000000e+01
      vertex   5.400000e+01 -7.500000e+00 1.000000e+01
    endloop
  endfacet
  facet normal 9.047625e-04 2.706094e-03 9.999959e-01
    outer loop
      vertex   -5.510115e+01 1.899872e+01 1.000000e+01
      vertex   -5.437382e+01 1.875554e+01 1.000000e+01
      vertex   -5.510058e+01 1.900435e+01 9.999984e+00
    endloop
  endfacet
  facet normal 3.392582e-02 9.916072e-02 9.944929e-01
    outer loop
      vertex   -5.510058e+01 1.900435e+01 9.999984e+00
      vertex   -5.437382e+01 1.875554e+01 1.000000e+01
      vertex   -5.508098e+01 1.919836e+01 9.979971e+00
    endloop
  endfacet
  facet normal 4.684087e-02 1.196597e-01 9.917094e-01
    outer loop
      vertex   -5.508098e+01 1.919836e+01 9.979971e+00
      vertex   -5.437382e+01 1.875554e+01 1.000000e+01
      vertex   -5.444987e+01 1.906771e+01 9.965926e+00
    endloop
  endfacet
  facet normal 8.020532e-02 2.847536e-01 9.552395e-01
    outer loop
      vertex   -5.508098e+01 1.919836e+01 9.979971e+00
      vertex   -5.444987e+01 1.906771e+01 9.965926e+00
      vertex   -5.506214e+01 1.938484e+01 9.922800e+00
    endloop
  endfacet
  facet normal 1.228463e-01 3.627957e-01 9.237359e-01
    outer loop
      vertex   -5.506214e+01 1.938484e+01 9.922800e+00
      vertex   -5.444987e+01 1.906771e+01 9.965926e+00
      vertex   -5.436209e+01 1.929235e+01 9.866025e+00
    endloop
  endfacet
  facet normal 1.318493e-01 4.584826e-01 8.788683e-01
    outer loop
      vertex   -5.506214e+01 1.938484e+01 9.922800e+00
      vertex   -5.436209e+01 1.929235e+01 9.866025e+00
      vertex   -5.504476e+01 1.955690e+01 9.830435e+00
    endloop
  endfacet
  facet normal 1.838955e-01 5.811999e-01 7.927100e-01
    outer loop
      vertex   -5.504476e+01 1.955690e+01 9.830435e+00
      vertex   -5.436209e+01 1.929235e+01 9.866025e+00
      vertex   -5.428671e+01 1.948525e+01 9.707107e+00
    endloop
  endfacet
  facet normal 1.829656e-01 6.133912e-01 7.682934e-01
    outer loop
      vertex   -5.504476e+01 1.955690e+01 9.830435e+00
      vertex   -5.428671e+01 1.948525e+01 9.707107e+00
      vertex   -5.502952e+01 1.970777e+01 9.706349e+00
    endloop
  endfacet
  facet normal 2.224984e-01 7.448846e-01 6.290003e-01
    outer loop
      vertex   -5.502952e+01 1.970777e+01 9.706349e+00
      vertex   -5.428671e+01 1.948525e+01 9.707107e+00
      vertex   -5.501699e+01 1.983177e+01 9.555069e+00
    endloop
  endfacet
  facet normal 2.336338e-01 7.590124e-01 6.077132e-01
    outer loop
      vertex   -5.501699e+01 1.983177e+01 9.555069e+00
      vertex   -5.428671e+01 1.948525e+01 9.707107e+00
      vertex   -5.422886e+01 1.963327e+01 9.500000e+00
    endloop
  endfacet
  facet normal 2.465243e-01 8.492599e-01 4.668870e-01
    outer loop
      vertex   -5.501699e+01 1.983177e+01 9.555069e+00
      vertex   -5.422886e+01 1.963327e+01 9.500000e+00
      vertex   -5.500768e+01 1.992397e+01 9.382442e+00
    endloop
  endfacet
  facet normal 2.720722e-01 8.832945e-01 3.817952e-01
    outer loop
      vertex   -5.500768e+01 1.992397e+01 9.382442e+00
      vertex   -5.422886e+01 1.963327e+01 9.500000e+00
      vertex   -5.419250e+01 1.972632e+01 9.258819e+00
    endloop
  endfacet
  facet normal 2.666229e-01 9.200467e-01 2.871000e-01
    outer loop
      vertex   -5.500768e+01 1.992397e+01 9.382442e+00
      vertex   -5.419250e+01 1.972632e+01 9.258819e+00
      vertex   -5.500194e+01 1.998081e+01 9.194985e+00
    endloop
  endfacet
  facet normal 2.880223e-01 9.487398e-01 1.301381e-01
    outer loop
      vertex   -5.500194e+01 1.998081e+01 9.194985e+00
      vertex   -5.419250e+01 1.972632e+01 9.258819e+00
      vertex   -5.418010e+01 1.975805e+01 9.000000e+00
    endloop
  endfacet
  facet normal 2.816977e-01 9.546105e-01 9.677411e-02
    outer loop
      vertex   -5.500194e+01 1.998081e+01 9.194985e+00
      vertex   -5.418010e+01 1.975805e+01 9.000000e+00
      vertex   -5.500000e+01 2.000000e+01 9.000000e+00
    endloop
  endfacet
  facet normal 6.059784e-02 1.228869e-01 9.905689e-01
    outer loop
      vertex   -5.444987e+01 1.906771e+01 9.965926e+00
      vertex   -5.437382e+01 1.875554e+01 1.000000e+01
      vertex   -5.379682e+01 1.874568e+01 9.965926e+00
    endloop
  endfacet
  facet normal 6.043421e-02 1.068650e-01 9.924352e-01
    outer loop
      vertex   -5.379682e+01 1.874568e+01 9.965926e+00
      vertex   -5.437382e+01 1.875554e+01 1.000000e+01
      vertex   -5.370627e+01 1.837803e+01 1.000000e+01
    endloop
  endfacet
  facet normal 8.143032e-02 1.118465e-01 9.903835e-01
    outer loop
      vertex   -5.379682e+01 1.874568e+01 9.965926e+00
      vertex   -5.370627e+01 1.837803e+01 1.000000e+01
      vertex   -5.320817e+01 1.831711e+01 9.965926e+00
    endloop
  endfacet
  facet normal 7.924969e-02 9.281903e-02 9.925241e-01
    outer loop
      vertex   -5.320817e+01 1.831711e+01 9.965926e+00
      vertex   -5.370627e+01 1.837803e+01 1.000000e+01
      vertex   -5.312303e+01 1.788006e+01 1.000000e+01
    endloop
  endfacet
  facet normal 9.956621e-02 9.660594e-02 9.903302e-01
    outer loop
      vertex   -5.320817e+01 1.831711e+01 9.965926e+00
      vertex   -5.312303e+01 1.788006e+01 1.000000e+01
      vertex   -5.270113e+01 1.779453e+01 9.965926e+00
    endloop
  endfacet
  facet normal 9.557409e-02 7.604216e-02 9.925136e-01
    outer loop
      vertex   -5.270113e+01 1.779453e+01 9.965926e+00
      vertex   -5.312303e+01 1.788006e+01 1.000000e+01
      vertex   -5.264555e+01 1.727993e+01 1.000000e+01
    endloop
  endfacet
  facet normal 1.140824e-01 7.790226e-02 9.904123e-01
    outer loop
      vertex   -5.270113e+01 1.779453e+01 9.965926e+00
      vertex   -5.264555e+01 1.727993e+01 1.000000e+01
      vertex   -5.229052e+01 1.719322e+01 9.965926e+00
    endloop
  endfacet
  facet normal 1.091243e-01 5.681863e-02 9.924029e-01
    outer loop
      vertex   -5.229052e+01 1.719322e+01 9.965926e+00
      vertex   -5.264555e+01 1.727993e+01 1.000000e+01
      vertex   -5.229137e+01 1.659971e+01 1.000000e+01
    endloop
  endfacet
  facet normal 1.242922e-01 5.669486e-02 9.906246e-01
    outer loop
      vertex   -5.229052e+01 1.719322e+01 9.965926e+00
      vertex   -5.229137e+01 1.659971e+01 1.000000e+01
      vertex   -5.198834e+01 1.653075e+01 9.965926e+00
    endloop
  endfacet
  facet normal 1.196320e-01 3.544342e-02 9.921854e-01
    outer loop
      vertex   -5.198834e+01 1.653075e+01 9.965926e+00
      vertex   -5.229137e+01 1.659971e+01 1.000000e+01
      vertex   -5.207352e+01 1.586439e+01 1.000000e+01
    endloop
  endfacet
  facet normal 1.297993e-01 3.408083e-02 9.909544e-01
    outer loop
      vertex   -5.198834e+01 1.653075e+01 9.965926e+00
      vertex   -5.207352e+01 1.586439e+01 1.000000e+01
      vertex   -5.180343e+01 1.582649e+01 9.965926e+00
    endloop
  endfacet
  facet normal 1.268435e-01 1.221587e-02 9.918475e-01
    outer loop
      vertex   -5.180343e+01 1.582649e+01 9.965926e+00
      vertex   -5.207352e+01 1.586439e+01 1.000000e+01
      vertex   -5.200000e+01 1.510102e+01 1.000000e+01
    endloop
  endfacet
  facet normal 1.305180e-01 1.119838e-02 9.913827e-01
    outer loop
      vertex   -5.180343e+01 1.582649e+01 9.965926e+00
      vertex   -5.200000e+01 1.510102e+01 1.000000e+01
      vertex   -5.174118e+01 1.510102e+01 9.965926e+00
    endloop
  endfacet
  facet normal 3.824773e-01 3.281637e-02 9.233819e-01
    outer loop
      vertex   -5.174118e+01 1.510102e+01 9.965926e+00
      vertex   -5.150000e+01 1.510102e+01 9.866025e+00
      vertex   -5.180343e+01 1.582649e+01 9.965926e+00
    endloop
  endfacet
  facet normal 3.824773e-01 3.281637e-02 9.233819e-01
    outer loop
      vertex   -5.180343e+01 1.582649e+01 9.965926e+00
      vertex   -5.150000e+01 1.510102e+01 9.866025e+00
      vertex   -5.156577e+01 1.586757e+01 9.866025e+00
    endloop
  endfacet
  facet normal 3.712971e-01 9.748985e-02 9.233819e-01
    outer loop
      vertex   -5.180343e+01 1.582649e+01 9.965926e+00
      vertex   -5.156577e+01 1.586757e+01 9.866025e+00
      vertex   -5.198834e+01 1.653075e+01 9.965926e+00
    endloop
  endfacet
  facet normal 3.712971e-01 9.748985e-02 9.233819e-01
    outer loop
      vertex   -5.198834e+01 1.653075e+01 9.965926e+00
      vertex   -5.156577e+01 1.586757e+01 9.866025e+00
      vertex   -5.176116e+01 1.661172e+01 9.866025e+00
    endloop
  endfacet
  facet normal 3.492635e-01 1.593136e-01 9.233819e-01
    outer loop
      vertex   -5.198834e+01 1.653075e+01 9.965926e+00
      vertex   -5.176116e+01 1.661172e+01 9.866025e+00
      vertex   -5.229052e+01 1.719322e+01 9.965926e+00
    endloop
  endfacet
  facet normal 3.492635e-01 1.593136e-01 9.233819e-01
    outer loop
      vertex   -5.229052e+01 1.719322e+01 9.965926e+00
      vertex   -5.176116e+01 1.661172e+01 9.866025e+00
      vertex   -5.208045e+01 1.731170e+01 9.866025e+00
    endloop
  endfacet
  facet normal 3.170206e-01 2.164804e-01 9.233819e-01
    outer loop
      vertex   -5.229052e+01 1.719322e+01 9.965926e+00
      vertex   -5.208045e+01 1.731170e+01 9.866025e+00
      vertex   -5.270113e+01 1.779453e+01 9.965926e+00
    endloop
  endfacet
  facet normal 3.170206e-01 2.164804e-01 9.233819e-01
    outer loop
      vertex   -5.270113e+01 1.779453e+01 9.965926e+00
      vertex   -5.208045e+01 1.731170e+01 9.866025e+00
      vertex   -5.251431e+01 1.794707e+01 9.866025e+00
    endloop
  endfacet
  facet normal 2.755108e-01 2.673193e-01 9.233819e-01
    outer loop
      vertex   -5.270113e+01 1.779453e+01 9.965926e+00
      vertex   -5.251431e+01 1.794707e+01 9.866025e+00
      vertex   -5.320817e+01 1.831711e+01 9.965926e+00
    endloop
  endfacet
  facet normal 2.755108e-01 2.673193e-01 9.233819e-01
    outer loop
      vertex   -5.320817e+01 1.831711e+01 9.965926e+00
      vertex   -5.251431e+01 1.794707e+01 9.866025e+00
      vertex   -5.305007e+01 1.849924e+01 9.866025e+00
    endloop
  endfacet
  facet normal 2.259475e-01 3.103442e-01 9.233819e-01
    outer loop
      vertex   -5.320817e+01 1.831711e+01 9.965926e+00
      vertex   -5.305007e+01 1.849924e+01 9.866025e+00
      vertex   -5.379682e+01 1.874568e+01 9.965926e+00
    endloop
  endfacet
  facet normal 2.259475e-01 3.103442e-01 9.233819e-01
    outer loop
      vertex   -5.379682e+01 1.874568e+01 9.965926e+00
      vertex   -5.305007e+01 1.849924e+01 9.866025e+00
      vertex   -5.367206e+01 1.895208e+01 9.866025e+00
    endloop
  endfacet
  facet normal 1.697796e-01 3.442974e-01 9.233819e-01
    outer loop
      vertex   -5.379682e+01 1.874568e+01 9.965926e+00
      vertex   -5.367206e+01 1.895208e+01 9.866025e+00
      vertex   -5.444987e+01 1.906771e+01 9.965926e+00
    endloop
  endfacet
  facet normal 1.697796e-01 3.442974e-01 9.233819e-01
    outer loop
      vertex   -5.444987e+01 1.906771e+01 9.965926e+00
      vertex   -5.367206e+01 1.895208e+01 9.866025e+00
      vertex   -5.436209e+01 1.929235e+01 9.866025e+00
    endloop
  endfacet
  facet normal 6.079327e-01 5.216033e-02 7.922734e-01
    outer loop
      vertex   -5.150000e+01 1.510102e+01 9.866025e+00
      vertex   -5.129289e+01 1.510102e+01 9.707107e+00
      vertex   -5.156577e+01 1.586757e+01 9.866025e+00
    endloop
  endfacet
  facet normal 6.079327e-01 5.216033e-02 7.922734e-01
    outer loop
      vertex   -5.156577e+01 1.586757e+01 9.866025e+00
      vertex   -5.129289e+01 1.510102e+01 9.707107e+00
      vertex   -5.136169e+01 1.590285e+01 9.707107e+00
    endloop
  endfacet
  facet normal 5.901622e-01 1.549563e-01 7.922734e-01
    outer loop
      vertex   -5.156577e+01 1.586757e+01 9.866025e+00
      vertex   -5.136169e+01 1.590285e+01 9.707107e+00
      vertex   -5.176116e+01 1.661172e+01 9.866025e+00
    endloop
  endfacet
  facet normal 5.901622e-01 1.549563e-01 7.922734e-01
    outer loop
      vertex   -5.176116e+01 1.661172e+01 9.866025e+00
      vertex   -5.136169e+01 1.590285e+01 9.707107e+00
      vertex   -5.156607e+01 1.668125e+01 9.707107e+00
    endloop
  endfacet
  facet normal 5.551407e-01 2.532227e-01 7.922734e-01
    outer loop
      vertex   -5.176116e+01 1.661172e+01 9.866025e+00
      vertex   -5.156607e+01 1.668125e+01 9.707107e+00
      vertex   -5.208045e+01 1.731170e+01 9.866025e+00
    endloop
  endfacet
  facet normal 5.551407e-01 2.532227e-01 7.922734e-01
    outer loop
      vertex   -5.208045e+01 1.731170e+01 9.866025e+00
      vertex   -5.156607e+01 1.668125e+01 9.707107e+00
      vertex   -5.190006e+01 1.741345e+01 9.707107e+00
    endloop
  endfacet
  facet normal 5.038918e-01 3.440872e-01 7.922734e-01
    outer loop
      vertex   -5.208045e+01 1.731170e+01 9.866025e+00
      vertex   -5.190006e+01 1.741345e+01 9.707107e+00
      vertex   -5.251431e+01 1.794707e+01 9.866025e+00
    endloop
  endfacet
  facet normal 5.038918e-01 3.440872e-01 7.922734e-01
    outer loop
      vertex   -5.251431e+01 1.794707e+01 9.866025e+00
      vertex   -5.190006e+01 1.741345e+01 9.707107e+00
      vertex   -5.235389e+01 1.807806e+01 9.707107e+00
    endloop
  endfacet
  facet normal 4.379136e-01 4.248936e-01 7.922734e-01
    outer loop
      vertex   -5.251431e+01 1.794707e+01 9.866025e+00
      vertex   -5.235389e+01 1.807806e+01 9.707107e+00
      vertex   -5.305007e+01 1.849924e+01 9.866025e+00
    endloop
  endfacet
  facet normal 4.379136e-01 4.248936e-01 7.922734e-01
    outer loop
      vertex   -5.305007e+01 1.849924e+01 9.866025e+00
      vertex   -5.235389e+01 1.807806e+01 9.707107e+00
      vertex   -5.291430e+01 1.865564e+01 9.707107e+00
    endloop
  endfacet
  facet normal 3.591347e-01 4.932800e-01 7.922734e-01
    outer loop
      vertex   -5.305007e+01 1.849924e+01 9.866025e+00
      vertex   -5.291430e+01 1.865564e+01 9.707107e+00
      vertex   -5.367206e+01 1.895208e+01 9.866025e+00
    endloop
  endfacet
  facet normal 3.591347e-01 4.932800e-01 7.922734e-01
    outer loop
      vertex   -5.367206e+01 1.895208e+01 9.866025e+00
      vertex   -5.291430e+01 1.865564e+01 9.707107e+00
      vertex   -5.356491e+01 1.912932e+01 9.707107e+00
    endloop
  endfacet
  facet normal 2.698580e-01 5.472473e-01 7.922734e-01
    outer loop
      vertex   -5.367206e+01 1.895208e+01 9.866025e+00
      vertex   -5.356491e+01 1.912932e+01 9.707107e+00
      vertex   -5.436209e+01 1.929235e+01 9.866025e+00
    endloop
  endfacet
  facet normal 2.698580e-01 5.472473e-01 7.922734e-01
    outer loop
      vertex   -5.436209e+01 1.929235e+01 9.866025e+00
      vertex   -5.356491e+01 1.912932e+01 9.707107e+00
      vertex   -5.428671e+01 1.948525e+01 9.707107e+00
    endloop
  endfacet
  facet normal 7.915217e-01 6.791218e-02 6.073560e-01
    outer loop
      vertex   -5.129289e+01 1.510102e+01 9.707107e+00
      vertex   -5.113397e+01 1.510102e+01 9.500000e+00
      vertex   -5.136169e+01 1.590285e+01 9.707107e+00
    endloop
  endfacet
  facet normal 7.915217e-01 6.791218e-02 6.073560e-01
    outer loop
      vertex   -5.136169e+01 1.590285e+01 9.707107e+00
      vertex   -5.113397e+01 1.510102e+01 9.500000e+00
      vertex   -5.120509e+01 1.592992e+01 9.500000e+00
    endloop
  endfacet
  facet normal 7.683847e-01 2.017514e-01 6.073560e-01
    outer loop
      vertex   -5.136169e+01 1.590285e+01 9.707107e+00
      vertex   -5.120509e+01 1.592992e+01 9.500000e+00
      vertex   -5.156607e+01 1.668125e+01 9.707107e+00
    endloop
  endfacet
  facet normal 7.683847e-01 2.017514e-01 6.073560e-01
    outer loop
      vertex   -5.156607e+01 1.668125e+01 9.707107e+00
      vertex   -5.120509e+01 1.592992e+01 9.500000e+00
      vertex   -5.141637e+01 1.673460e+01 9.500000e+00
    endloop
  endfacet
  facet normal 7.227870e-01 3.296932e-01 6.073560e-01
    outer loop
      vertex   -5.156607e+01 1.668125e+01 9.707107e+00
      vertex   -5.141637e+01 1.673460e+01 9.500000e+00
      vertex   -5.190006e+01 1.741345e+01 9.707107e+00
    endloop
  endfacet
  facet normal 7.227870e-01 3.296932e-01 6.073560e-01
    outer loop
      vertex   -5.190006e+01 1.741345e+01 9.707107e+00
      vertex   -5.141637e+01 1.673460e+01 9.500000e+00
      vertex   -5.176164e+01 1.749152e+01 9.500000e+00
    endloop
  endfacet
  facet normal 6.560615e-01 4.479977e-01 6.073560e-01
    outer loop
      vertex   -5.190006e+01 1.741345e+01 9.707107e+00
      vertex   -5.176164e+01 1.749152e+01 9.500000e+00
      vertex   -5.235389e+01 1.807806e+01 9.707107e+00
    endloop
  endfacet
  facet normal 6.560615e-01 4.479977e-01 6.073560e-01
    outer loop
      vertex   -5.235389e+01 1.807806e+01 9.707107e+00
      vertex   -5.176164e+01 1.749152e+01 9.500000e+00
      vertex   -5.223079e+01 1.817857e+01 9.500000e+00
    endloop
  endfacet
  facet normal 5.701587e-01 5.532068e-01 6.073560e-01
    outer loop
      vertex   -5.235389e+01 1.807806e+01 9.707107e+00
      vertex   -5.223079e+01 1.817857e+01 9.500000e+00
      vertex   -5.291430e+01 1.865564e+01 9.707107e+00
    endloop
  endfacet
  facet normal 5.701587e-01 5.532068e-01 6.073560e-01
    outer loop
      vertex   -5.291430e+01 1.865564e+01 9.707107e+00
      vertex   -5.223079e+01 1.817857e+01 9.500000e+00
      vertex   -5.281013e+01 1.877565e+01 9.500000e+00
    endloop
  endfacet
  facet normal 4.675895e-01 6.422451e-01 6.073560e-01
    outer loop
      vertex   -5.291430e+01 1.865564e+01 9.707107e+00
      vertex   -5.281013e+01 1.877565e+01 9.500000e+00
      vertex   -5.356491e+01 1.912932e+01 9.707107e+00
    endloop
  endfacet
  facet normal 4.675895e-01 6.422451e-01 6.073560e-01
    outer loop
      vertex   -5.356491e+01 1.912932e+01 9.707107e+00
      vertex   -5.281013e+01 1.877565e+01 9.500000e+00
      vertex   -5.348270e+01 1.926532e+01 9.500000e+00
    endloop
  endfacet
  facet normal 3.513521e-01 7.125099e-01 6.073560e-01
    outer loop
      vertex   -5.356491e+01 1.912932e+01 9.707107e+00
      vertex   -5.348270e+01 1.926532e+01 9.500000e+00
      vertex   -5.428671e+01 1.948525e+01 9.707107e+00
    endloop
  endfacet
  facet normal 3.513521e-01 7.125099e-01 6.073560e-01
    outer loop
      vertex   -5.428671e+01 1.948525e+01 9.707107e+00
      vertex   -5.348270e+01 1.926532e+01 9.500000e+00
      vertex   -5.422886e+01 1.963327e+01 9.500000e+00
    endloop
  endfacet
  facet normal 9.209905e-01 7.902054e-02 3.814868e-01
    outer loop
      vertex   -5.113397e+01 1.510102e+01 9.500000e+00
      vertex   -5.103407e+01 1.510102e+01 9.258819e+00
      vertex   -5.120509e+01 1.592992e+01 9.500000e+00
    endloop
  endfacet
  facet normal 9.209905e-01 7.902054e-02 3.814868e-01
    outer loop
      vertex   -5.120509e+01 1.592992e+01 9.500000e+00
      vertex   -5.103407e+01 1.510102e+01 9.258819e+00
      vertex   -5.110665e+01 1.594694e+01 9.258819e+00
    endloop
  endfacet
  facet normal 8.940690e-01 2.347518e-01 3.814868e-01
    outer loop
      vertex   -5.120509e+01 1.592992e+01 9.500000e+00
      vertex   -5.110665e+01 1.594694e+01 9.258819e+00
      vertex   -5.141637e+01 1.673460e+01 9.500000e+00
    endloop
  endfacet
  facet normal 8.940690e-01 2.347518e-01 3.814868e-01
    outer loop
      vertex   -5.141637e+01 1.673460e+01 9.500000e+00
      vertex   -5.110665e+01 1.594694e+01 9.258819e+00
      vertex   -5.132227e+01 1.676813e+01 9.258819e+00
    endloop
  endfacet
  facet normal 8.410130e-01 3.836210e-01 3.814868e-01
    outer loop
      vertex   -5.141637e+01 1.673460e+01 9.500000e+00
      vertex   -5.132227e+01 1.676813e+01 9.258819e+00
      vertex   -5.176164e+01 1.749152e+01 9.500000e+00
    endloop
  endfacet
  facet normal 8.410130e-01 3.836210e-01 3.814868e-01
    outer loop
      vertex   -5.176164e+01 1.749152e+01 9.500000e+00
      vertex   -5.132227e+01 1.676813e+01 9.258819e+00
      vertex   -5.167462e+01 1.754060e+01 9.258819e+00
    endloop
  endfacet
  facet normal 7.633732e-01 5.212765e-01 3.814868e-01
    outer loop
      vertex   -5.176164e+01 1.749152e+01 9.500000e+00
      vertex   -5.167462e+01 1.754060e+01 9.258819e+00
      vertex   -5.223079e+01 1.817857e+01 9.500000e+00
    endloop
  endfacet
  facet normal 7.633732e-01 5.212765e-01 3.814868e-01
    outer loop
      vertex   -5.223079e+01 1.817857e+01 9.500000e+00
      vertex   -5.167462e+01 1.754060e+01 9.258819e+00
      vertex   -5.215341e+01 1.824175e+01 9.258819e+00
    endloop
  endfacet
  facet normal 6.634192e-01 6.436946e-01 3.814868e-01
    outer loop
      vertex   -5.223079e+01 1.817857e+01 9.500000e+00
      vertex   -5.215341e+01 1.824175e+01 9.258819e+00
      vertex   -5.281013e+01 1.877565e+01 9.500000e+00
    endloop
  endfacet
  facet normal 6.634192e-01 6.436946e-01 3.814868e-01
    outer loop
      vertex   -5.281013e+01 1.877565e+01 9.500000e+00
      vertex   -5.215341e+01 1.824175e+01 9.258819e+00
      vertex   -5.274464e+01 1.885109e+01 9.258819e+00
    endloop
  endfacet
  facet normal 5.440728e-01 7.472969e-01 3.814868e-01
    outer loop
      vertex   -5.281013e+01 1.877565e+01 9.500000e+00
      vertex   -5.274464e+01 1.885109e+01 9.258819e+00
      vertex   -5.348270e+01 1.926532e+01 9.500000e+00
    endloop
  endfacet
  facet normal 5.440728e-01 7.472969e-01 3.814868e-01
    outer loop
      vertex   -5.348270e+01 1.926532e+01 9.500000e+00
      vertex   -5.274464e+01 1.885109e+01 9.258819e+00
      vertex   -5.343102e+01 1.935082e+01 9.258819e+00
    endloop
  endfacet
  facet normal 4.088226e-01 8.290548e-01 3.814868e-01
    outer loop
      vertex   -5.348270e+01 1.926532e+01 9.500000e+00
      vertex   -5.343102e+01 1.935082e+01 9.258819e+00
      vertex   -5.422886e+01 1.963327e+01 9.500000e+00
    endloop
  endfacet
  facet normal 4.088226e-01 8.290548e-01 3.814868e-01
    outer loop
      vertex   -5.422886e+01 1.963327e+01 9.500000e+00
      vertex   -5.343102e+01 1.935082e+01 9.258819e+00
      vertex   -5.419250e+01 1.972632e+01 9.258819e+00
    endloop
  endfacet
  facet normal 9.878771e-01 8.475938e-02 1.300565e-01
    outer loop
      vertex   -5.103407e+01 1.510102e+01 9.258819e+00
      vertex   -5.100000e+01 1.510102e+01 9.000000e+00
      vertex   -5.110665e+01 1.594694e+01 9.258819e+00
    endloop
  endfacet
  facet normal 9.878771e-01 8.475938e-02 1.300565e-01
    outer loop
      vertex   -5.110665e+01 1.594694e+01 9.258819e+00
      vertex   -5.100000e+01 1.510102e+01 9.000000e+00
      vertex   -5.107308e+01 1.595275e+01 9.000000e+00
    endloop
  endfacet
  facet normal 9.590004e-01 2.518005e-01 1.300565e-01
    outer loop
      vertex   -5.110665e+01 1.594694e+01 9.258819e+00
      vertex   -5.107308e+01 1.595275e+01 9.000000e+00
      vertex   -5.132227e+01 1.676813e+01 9.258819e+00
    endloop
  endfacet
  facet normal 9.590004e-01 2.518005e-01 1.300565e-01
    outer loop
      vertex   -5.132227e+01 1.676813e+01 9.258819e+00
      vertex   -5.107308e+01 1.595275e+01 9.000000e+00
      vertex   -5.129017e+01 1.677957e+01 9.000000e+00
    endloop
  endfacet
  facet normal 9.020912e-01 4.114813e-01 1.300565e-01
    outer loop
      vertex   -5.132227e+01 1.676813e+01 9.258819e+00
      vertex   -5.129017e+01 1.677957e+01 9.000000e+00
      vertex   -5.167462e+01 1.754060e+01 9.258819e+00
    endloop
  endfacet
  facet normal 9.020912e-01 4.114813e-01 1.300565e-01
    outer loop
      vertex   -5.167462e+01 1.754060e+01 9.258819e+00
      vertex   -5.129017e+01 1.677957e+01 9.000000e+00
      vertex   -5.164494e+01 1.755734e+01 9.000000e+00
    endloop
  endfacet
  facet normal 8.188128e-01 5.591340e-01 1.300565e-01
    outer loop
      vertex   -5.167462e+01 1.754060e+01 9.258819e+00
      vertex   -5.164494e+01 1.755734e+01 9.000000e+00
      vertex   -5.215341e+01 1.824175e+01 9.258819e+00
    endloop
  endfacet
  facet normal 8.188128e-01 5.591340e-01 1.300565e-01
    outer loop
      vertex   -5.215341e+01 1.824175e+01 9.258819e+00
      vertex   -5.164494e+01 1.755734e+01 9.000000e+00
      vertex   -5.212702e+01 1.826330e+01 9.000000e+00
    endloop
  endfacet
  facet normal 7.115998e-01 6.904427e-01 1.300565e-01
    outer loop
      vertex   -5.215341e+01 1.824175e+01 9.258819e+00
      vertex   -5.212702e+01 1.826330e+01 9.000000e+00
      vertex   -5.274464e+01 1.885109e+01 9.258819e+00
    endloop
  endfacet
  facet normal 7.115998e-01 6.904427e-01 1.300565e-01
    outer loop
      vertex   -5.274464e+01 1.885109e+01 9.258819e+00
      vertex   -5.212702e+01 1.826330e+01 9.000000e+00
      vertex   -5.272230e+01 1.887682e+01 9.000000e+00
    endloop
  endfacet
  facet normal 5.835859e-01 8.015690e-01 1.300565e-01
    outer loop
      vertex   -5.274464e+01 1.885109e+01 9.258819e+00
      vertex   -5.272230e+01 1.887682e+01 9.000000e+00
      vertex   -5.343102e+01 1.935082e+01 9.258819e+00
    endloop
  endfacet
  facet normal 5.835859e-01 8.015690e-01 1.300565e-01
    outer loop
      vertex   -5.343102e+01 1.935082e+01 9.258819e+00
      vertex   -5.272230e+01 1.887682e+01 9.000000e+00
      vertex   -5.341340e+01 1.937998e+01 9.000000e+00
    endloop
  endfacet
  facet normal 4.385132e-01 8.892646e-01 1.300565e-01
    outer loop
      vertex   -5.343102e+01 1.935082e+01 9.258819e+00
      vertex   -5.341340e+01 1.937998e+01 9.000000e+00
      vertex   -5.419250e+01 1.972632e+01 9.258819e+00
    endloop
  endfacet
  facet normal 4.385132e-01 8.892646e-01 1.300565e-01
    outer loop
      vertex   -5.419250e+01 1.972632e+01 9.258819e+00
      vertex   -5.341340e+01 1.937998e+01 9.000000e+00
      vertex   -5.418010e+01 1.975805e+01 9.000000e+00
    endloop
  endfacet
  facet normal 1.305262e-01 -3.498757e-16 9.914449e-01
    outer loop
      vertex   -5.174118e+01 -1.510102e+01 9.965926e+00
      vertex   -5.174118e+01 -1.006735e+01 9.965926e+00
      vertex   -5.200000e+01 -1.510102e+01 1.000000e+01
    endloop
  endfacet
  facet normal 1.305262e-01 0.000000e+00 9.914449e-01
    outer loop
      vertex   -5.200000e+01 -1.510102e+01 1.000000e+01
      vertex   -5.174118e+01 -1.006735e+01 9.965926e+00
      vertex   -5.174118e+01 -5.033674e+00 9.965926e+00
    endloop
  endfacet
  facet normal 1.305262e-01 0.000000e+00 9.914449e-01
    outer loop
      vertex   -5.200000e+01 -1.510102e+01 1.000000e+01
      vertex   -5.174118e+01 -5.033674e+00 9.965926e+00
      vertex   -5.174118e+01 0.000000e+00 9.965926e+00
    endloop
  endfacet
  facet normal 3.826834e-01 0.000000e+00 9.238795e-01
    outer loop
      vertex   -5.174118e+01 0.000000e+00 9.965926e+00
      vertex   -5.174118e+01 -5.033674e+00 9.965926e+00
      vertex   -5.150000e+01 0.000000e+00 9.866025e+00
    endloop
  endfacet
  facet normal 3.826834e-01 0.000000e+00 9.238795e-01
    outer loop
      vertex   -5.174118e+01 0.000000e+00 9.965926e+00
      vertex   -5.150000e+01 0.000000e+00 9.866025e+00
      vertex   -5.150000e+01 5.033674e+00 9.866025e+00
    endloop
  endfacet
  facet normal 6.087614e-01 0.000000e+00 7.933533e-01
    outer loop
      vertex   -5.150000e+01 5.033674e+00 9.866025e+00
      vertex   -5.150000e+01 0.000000e+00 9.866025e+00
      vertex   -5.129289e+01 5.033674e+00 9.707107e+00
    endloop
  endfacet
  facet normal 6.087614e-01 0.000000e+00 7.933533e-01
    outer loop
      vertex   -5.150000e+01 5.033674e+00 9.866025e+00
      vertex   -5.129289e+01 5.033674e+00 9.707107e+00
      vertex   -5.129289e+01 1.006735e+01 9.707107e+00
    endloop
  endfacet
  facet normal 7.933533e-01 0.000000e+00 6.087614e-01
    outer loop
      vertex   -5.129289e+01 1.006735e+01 9.707107e+00
      vertex   -5.129289e+01 5.033674e+00 9.707107e+00
      vertex   -5.113397e+01 1.006735e+01 9.500000e+00
    endloop
  endfacet
  facet normal 7.933533e-01 -2.165017e-16 6.087614e-01
    outer loop
      vertex   -5.129289e+01 1.006735e+01 9.707107e+00
      vertex   -5.113397e+01 1.006735e+01 9.500000e+00
      vertex   -5.113397e+01 1.510102e+01 9.500000e+00
    endloop
  endfacet
  facet normal 9.238795e-01 -1.350470e-16 3.826834e-01
    outer loop
      vertex   -5.113397e+01 1.510102e+01 9.500000e+00
      vertex   -5.113397e+01 1.006735e+01 9.500000e+00
      vertex   -5.103407e+01 1.510102e+01 9.258819e+00
    endloop
  endfacet
  facet normal 9.238795e-01 -1.350470e-16 3.826834e-01
    outer loop
      vertex   -5.103407e+01 1.510102e+01 9.258819e+00
      vertex   -5.113397e+01 1.006735e+01 9.500000e+00
      vertex   -5.103407e+01 1.006735e+01 9.258819e+00
    endloop
  endfacet
  facet normal 9.914449e-01 -4.606201e-17 1.305262e-01
    outer loop
      vertex   -5.103407e+01 1.510102e+01 9.258819e+00
      vertex   -5.103407e+01 1.006735e+01 9.258819e+00
      vertex   -5.100000e+01 1.510102e+01 9.000000e+00
    endloop
  endfacet
  facet normal 9.914449e-01 0.000000e+00 1.305262e-01
    outer loop
      vertex   -5.100000e+01 1.510102e+01 9.000000e+00
      vertex   -5.103407e+01 1.006735e+01 9.258819e+00
      vertex   -5.103407e+01 5.033674e+00 9.258819e+00
    endloop
  endfacet
  facet normal 9.914449e-01 0.000000e+00 1.305262e-01
    outer loop
      vertex   -5.100000e+01 1.510102e+01 9.000000e+00
      vertex   -5.103407e+01 5.033674e+00 9.258819e+00
      vertex   -5.103407e+01 0.000000e+00 9.258819e+00
    endloop
  endfacet
  facet normal 9.238795e-01 -0.000000e+00 3.826834e-01
    outer loop
      vertex   -5.103407e+01 0.000000e+00 9.258819e+00
      vertex   -5.103407e+01 5.033674e+00 9.258819e+00
      vertex   -5.113397e+01 0.000000e+00 9.500000e+00
    endloop
  endfacet
  facet normal 9.238795e-01 0.000000e+00 3.826834e-01
    outer loop
      vertex   -5.103407e+01 0.000000e+00 9.258819e+00
      vertex   -5.113397e+01 0.000000e+00 9.500000e+00
      vertex   -5.113397e+01 -5.033674e+00 9.500000e+00
    endloop
  endfacet
  facet normal 7.933533e-01 -0.000000e+00 6.087614e-01
    outer loop
      vertex   -5.113397e+01 -5.033674e+00 9.500000e+00
      vertex   -5.113397e+01 0.000000e+00 9.500000e+00
      vertex   -5.129289e+01 -5.033674e+00 9.707107e+00
    endloop
  endfacet
  facet normal 7.933533e-01 0.000000e+00 6.087614e-01
    outer loop
      vertex   -5.113397e+01 -5.033674e+00 9.500000e+00
      vertex   -5.129289e+01 -5.033674e+00 9.707107e+00
      vertex   -5.129289e+01 -1.006735e+01 9.707107e+00
    endloop
  endfacet
  facet normal 6.087614e-01 -0.000000e+00 7.933533e-01
    outer loop
      vertex   -5.129289e+01 -1.006735e+01 9.707107e+00
      vertex   -5.129289e+01 -5.033674e+00 9.707107e+00
      vertex   -5.150000e+01 -1.006735e+01 9.866025e+00
    endloop
  endfacet
  facet normal 6.087614e-01 0.000000e+00 7.933533e-01
    outer loop
      vertex   -5.129289e+01 -1.006735e+01 9.707107e+00
      vertex   -5.150000e+01 -1.006735e+01 9.866025e+00
      vertex   -5.150000e+01 -1.510102e+01 9.866025e+00
    endloop
  endfacet
  facet normal 3.826834e-01 -0.000000e+00 9.238795e-01
    outer loop
      vertex   -5.150000e+01 -1.510102e+01 9.866025e+00
      vertex   -5.150000e+01 -1.006735e+01 9.866025e+00
      vertex   -5.174118e+01 -1.510102e+01 9.965926e+00
    endloop
  endfacet
  facet normal 3.826834e-01 -3.260322e-16 9.238795e-01
    outer loop
      vertex   -5.174118e+01 -1.510102e+01 9.965926e+00
      vertex   -5.150000e+01 -1.006735e+01 9.866025e+00
      vertex   -5.174118e+01 -1.006735e+01 9.965926e+00
    endloop
  endfacet
  facet normal 6.087614e-01 0.000000e+00 7.933533e-01
    outer loop
      vertex   -5.150000e+01 -1.510102e+01 9.866025e+00
      vertex   -5.129289e+01 -1.510102e+01 9.707107e+00
      vertex   -5.129289e+01 -1.006735e+01 9.707107e+00
    endloop
  endfacet
  facet normal 7.933533e-01 0.000000e+00 6.087614e-01
    outer loop
      vertex   -5.129289e+01 -1.006735e+01 9.707107e+00
      vertex   -5.129289e+01 -1.510102e+01 9.707107e+00
      vertex   -5.113397e+01 -1.006735e+01 9.500000e+00
    endloop
  endfacet
  facet normal 7.933533e-01 0.000000e+00 6.087614e-01
    outer loop
      vertex   -5.129289e+01 -1.006735e+01 9.707107e+00
      vertex   -5.113397e+01 -1.006735e+01 9.500000e+00
      vertex   -5.113397e+01 -5.033674e+00 9.500000e+00
    endloop
  endfacet
  facet normal 9.238795e-01 0.000000e+00 3.826834e-01
    outer loop
      vertex   -5.113397e+01 -5.033674e+00 9.500000e+00
      vertex   -5.113397e+01 -1.006735e+01 9.500000e+00
      vertex   -5.103407e+01 -5.033674e+00 9.258819e+00
    endloop
  endfacet
  facet normal 9.238795e-01 0.000000e+00 3.826834e-01
    outer loop
      vertex   -5.113397e+01 -5.033674e+00 9.500000e+00
      vertex   -5.103407e+01 -5.033674e+00 9.258819e+00
      vertex   -5.103407e+01 0.000000e+00 9.258819e+00
    endloop
  endfacet
  facet normal 9.914449e-01 0.000000e+00 1.305262e-01
    outer loop
      vertex   -5.103407e+01 0.000000e+00 9.258819e+00
      vertex   -5.103407e+01 -5.033674e+00 9.258819e+00
      vertex   -5.100000e+01 -1.510102e+01 9.000000e+00
    endloop
  endfacet
  facet normal 9.914449e-01 0.000000e+00 1.305262e-01
    outer loop
      vertex   -5.103407e+01 0.000000e+00 9.258819e+00
      vertex   -5.100000e+01 -1.510102e+01 9.000000e+00
      vertex   -5.100000e+01 1.510102e+01 9.000000e+00
    endloop
  endfacet
  facet normal 7.933533e-01 2.165017e-16 6.087614e-01
    outer loop
      vertex   -5.129289e+01 -1.510102e+01 9.707107e+00
      vertex   -5.113397e+01 -1.510102e+01 9.500000e+00
      vertex   -5.113397e+01 -1.006735e+01 9.500000e+00
    endloop
  endfacet
  facet normal 9.238795e-01 1.350470e-16 3.826834e-01
    outer loop
      vertex   -5.113397e+01 -1.006735e+01 9.500000e+00
      vertex   -5.113397e+01 -1.510102e+01 9.500000e+00
      vertex   -5.103407e+01 -1.006735e+01 9.258819e+00
    endloop
  endfacet
  facet normal 9.238795e-01 0.000000e+00 3.826834e-01
    outer loop
      vertex   -5.113397e+01 -1.006735e+01 9.500000e+00
      vertex   -5.103407e+01 -1.006735e+01 9.258819e+00
      vertex   -5.103407e+01 -5.033674e+00 9.258819e+00
    endloop
  endfacet
  facet normal 9.914449e-01 0.000000e+00 1.305262e-01
    outer loop
      vertex   -5.103407e+01 -5.033674e+00 9.258819e+00
      vertex   -5.103407e+01 -1.006735e+01 9.258819e+00
      vertex   -5.100000e+01 -1.510102e+01 9.000000e+00
    endloop
  endfacet
  facet normal 9.238795e-01 1.346535e-16 3.826834e-01
    outer loop
      vertex   -5.113397e+01 -1.510102e+01 9.500000e+00
      vertex   -5.103407e+01 -1.510102e+01 9.258819e+00
      vertex   -5.103407e+01 -1.006735e+01 9.258819e+00
    endloop
  endfacet
  facet normal 9.914449e-01 4.606201e-17 1.305262e-01
    outer loop
      vertex   -5.103407e+01 -1.006735e+01 9.258819e+00
      vertex   -5.103407e+01 -1.510102e+01 9.258819e+00
      vertex   -5.100000e+01 -1.510102e+01 9.000000e+00
    endloop
  endfacet
  facet normal 7.933533e-01 0.000000e+00 6.087614e-01
    outer loop
      vertex   -5.113397e+01 1.510102e+01 9.500000e+00
      vertex   -5.129289e+01 1.510102e+01 9.707107e+00
      vertex   -5.129289e+01 1.006735e+01 9.707107e+00
    endloop
  endfacet
  facet normal 6.087614e-01 -0.000000e+00 7.933533e-01
    outer loop
      vertex   -5.129289e+01 1.006735e+01 9.707107e+00
      vertex   -5.129289e+01 1.510102e+01 9.707107e+00
      vertex   -5.150000e+01 1.006735e+01 9.866025e+00
    endloop
  endfacet
  facet normal 6.087614e-01 0.000000e+00 7.933533e-01
    outer loop
      vertex   -5.129289e+01 1.006735e+01 9.707107e+00
      vertex   -5.150000e+01 1.006735e+01 9.866025e+00
      vertex   -5.150000e+01 5.033674e+00 9.866025e+00
    endloop
  endfacet
  facet normal 3.826834e-01 -0.000000e+00 9.238795e-01
    outer loop
      vertex   -5.150000e+01 5.033674e+00 9.866025e+00
      vertex   -5.150000e+01 1.006735e+01 9.866025e+00
      vertex   -5.174118e+01 5.033674e+00 9.965926e+00
    endloop
  endfacet
  facet normal 3.826834e-01 0.000000e+00 9.238795e-01
    outer loop
      vertex   -5.150000e+01 5.033674e+00 9.866025e+00
      vertex   -5.174118e+01 5.033674e+00 9.965926e+00
      vertex   -5.174118e+01 0.000000e+00 9.965926e+00
    endloop
  endfacet
  facet normal 1.305262e-01 -0.000000e+00 9.914449e-01
    outer loop
      vertex   -5.174118e+01 0.000000e+00 9.965926e+00
      vertex   -5.174118e+01 5.033674e+00 9.965926e+00
      vertex   -5.200000e+01 1.510102e+01 1.000000e+01
    endloop
  endfacet
  facet normal 1.305262e-01 0.000000e+00 9.914449e-01
    outer loop
      vertex   -5.174118e+01 0.000000e+00 9.965926e+00
      vertex   -5.200000e+01 1.510102e+01 1.000000e+01
      vertex   -5.200000e+01 -1.510102e+01 1.000000e+01
    endloop
  endfacet
  facet normal 6.087614e-01 0.000000e+00 7.933533e-01
    outer loop
      vertex   -5.129289e+01 1.510102e+01 9.707107e+00
      vertex   -5.150000e+01 1.510102e+01 9.866025e+00
      vertex   -5.150000e+01 1.006735e+01 9.866025e+00
    endloop
  endfacet
  facet normal 3.826834e-01 -0.000000e+00 9.238795e-01
    outer loop
      vertex   -5.150000e+01 1.006735e+01 9.866025e+00
      vertex   -5.150000e+01 1.510102e+01 9.866025e+00
      vertex   -5.174118e+01 1.006735e+01 9.965926e+00
    endloop
  endfacet
  facet normal 3.826834e-01 0.000000e+00 9.238795e-01
    outer loop
      vertex   -5.150000e+01 1.006735e+01 9.866025e+00
      vertex   -5.174118e+01 1.006735e+01 9.965926e+00
      vertex   -5.174118e+01 5.033674e+00 9.965926e+00
    endloop
  endfacet
  facet normal 1.305262e-01 -0.000000e+00 9.914449e-01
    outer loop
      vertex   -5.174118e+01 5.033674e+00 9.965926e+00
      vertex   -5.174118e+01 1.006735e+01 9.965926e+00
      vertex   -5.200000e+01 1.510102e+01 1.000000e+01
    endloop
  endfacet
  facet normal 3.826834e-01 3.273929e-16 9.238795e-01
    outer loop
      vertex   -5.150000e+01 1.510102e+01 9.866025e+00
      vertex   -5.174118e+01 1.510102e+01 9.965926e+00
      vertex   -5.174118e+01 1.006735e+01 9.965926e+00
    endloop
  endfacet
  facet normal 1.305262e-01 3.498757e-16 9.914449e-01
    outer loop
      vertex   -5.174118e+01 1.006735e+01 9.965926e+00
      vertex   -5.174118e+01 1.510102e+01 9.965926e+00
      vertex   -5.200000e+01 1.510102e+01 1.000000e+01
    endloop
  endfacet
  facet normal 3.826834e-01 0.000000e+00 9.238795e-01
    outer loop
      vertex   -5.174118e+01 -5.033674e+00 9.965926e+00
      vertex   -5.174118e+01 -1.006735e+01 9.965926e+00
      vertex   -5.150000e+01 -5.033674e+00 9.866025e+00
    endloop
  endfacet
  facet normal 3.826834e-01 0.000000e+00 9.238795e-01
    outer loop
      vertex   -5.150000e+01 -5.033674e+00 9.866025e+00
      vertex   -5.174118e+01 -1.006735e+01 9.965926e+00
      vertex   -5.150000e+01 -1.006735e+01 9.866025e+00
    endloop
  endfacet
  facet normal 6.087614e-01 0.000000e+00 7.933533e-01
    outer loop
      vertex   -5.150000e+01 -5.033674e+00 9.866025e+00
      vertex   -5.150000e+01 -1.006735e+01 9.866025e+00
      vertex   -5.129289e+01 -5.033674e+00 9.707107e+00
    endloop
  endfacet
  facet normal 3.826834e-01 0.000000e+00 9.238795e-01
    outer loop
      vertex   -5.174118e+01 -5.033674e+00 9.965926e+00
      vertex   -5.150000e+01 -5.033674e+00 9.866025e+00
      vertex   -5.150000e+01 0.000000e+00 9.866025e+00
    endloop
  endfacet
  facet normal 6.087614e-01 0.000000e+00 7.933533e-01
    outer loop
      vertex   -5.150000e+01 0.000000e+00 9.866025e+00
      vertex   -5.150000e+01 -5.033674e+00 9.866025e+00
      vertex   -5.129289e+01 0.000000e+00 9.707107e+00
    endloop
  endfacet
  facet normal 6.087614e-01 0.000000e+00 7.933533e-01
    outer loop
      vertex   -5.150000e+01 0.000000e+00 9.866025e+00
      vertex   -5.129289e+01 0.000000e+00 9.707107e+00
      vertex   -5.129289e+01 5.033674e+00 9.707107e+00
    endloop
  endfacet
  facet normal 7.933533e-01 0.000000e+00 6.087614e-01
    outer loop
      vertex   -5.129289e+01 5.033674e+00 9.707107e+00
      vertex   -5.129289e+01 0.000000e+00 9.707107e+00
      vertex   -5.113397e+01 5.033674e+00 9.500000e+00
    endloop
  endfacet
  facet normal 7.933533e-01 0.000000e+00 6.087614e-01
    outer loop
      vertex   -5.129289e+01 5.033674e+00 9.707107e+00
      vertex   -5.113397e+01 5.033674e+00 9.500000e+00
      vertex   -5.113397e+01 1.006735e+01 9.500000e+00
    endloop
  endfacet
  facet normal 9.238795e-01 0.000000e+00 3.826834e-01
    outer loop
      vertex   -5.113397e+01 1.006735e+01 9.500000e+00
      vertex   -5.113397e+01 5.033674e+00 9.500000e+00
      vertex   -5.103407e+01 1.006735e+01 9.258819e+00
    endloop
  endfacet
  facet normal 6.087614e-01 0.000000e+00 7.933533e-01
    outer loop
      vertex   -5.129289e+01 0.000000e+00 9.707107e+00
      vertex   -5.150000e+01 -5.033674e+00 9.866025e+00
      vertex   -5.129289e+01 -5.033674e+00 9.707107e+00
    endloop
  endfacet
  facet normal 7.933533e-01 0.000000e+00 6.087614e-01
    outer loop
      vertex   -5.113397e+01 5.033674e+00 9.500000e+00
      vertex   -5.129289e+01 0.000000e+00 9.707107e+00
      vertex   -5.113397e+01 0.000000e+00 9.500000e+00
    endloop
  endfacet
  facet normal 7.933533e-01 0.000000e+00 6.087614e-01
    outer loop
      vertex   -5.113397e+01 0.000000e+00 9.500000e+00
      vertex   -5.129289e+01 0.000000e+00 9.707107e+00
      vertex   -5.129289e+01 -5.033674e+00 9.707107e+00
    endloop
  endfacet
  facet normal 9.238795e-01 0.000000e+00 3.826834e-01
    outer loop
      vertex   -5.103407e+01 1.006735e+01 9.258819e+00
      vertex   -5.113397e+01 5.033674e+00 9.500000e+00
      vertex   -5.103407e+01 5.033674e+00 9.258819e+00
    endloop
  endfacet
  facet normal 9.238795e-01 0.000000e+00 3.826834e-01
    outer loop
      vertex   -5.103407e+01 5.033674e+00 9.258819e+00
      vertex   -5.113397e+01 5.033674e+00 9.500000e+00
      vertex   -5.113397e+01 0.000000e+00 9.500000e+00
    endloop
  endfacet
  facet normal 2.816977e-01 -9.546105e-01 9.677411e-02
    outer loop
      vertex   -5.500000e+01 -2.000000e+01 9.000000e+00
      vertex   -5.418010e+01 -1.975805e+01 9.000000e+00
      vertex   -5.500194e+01 -1.998081e+01 9.194985e+00
    endloop
  endfacet
  facet normal 2.880223e-01 -9.487398e-01 1.301381e-01
    outer loop
      vertex   -5.500194e+01 -1.998081e+01 9.194985e+00
      vertex   -5.418010e+01 -1.975805e+01 9.000000e+00
      vertex   -5.419250e+01 -1.972632e+01 9.258819e+00
    endloop
  endfacet
  facet normal 2.666229e-01 -9.200467e-01 2.871000e-01
    outer loop
      vertex   -5.500194e+01 -1.998081e+01 9.194985e+00
      vertex   -5.419250e+01 -1.972632e+01 9.258819e+00
      vertex   -5.500768e+01 -1.992397e+01 9.382442e+00
    endloop
  endfacet
  facet normal 2.720722e-01 -8.832945e-01 3.817952e-01
    outer loop
      vertex   -5.500768e+01 -1.992397e+01 9.382442e+00
      vertex   -5.419250e+01 -1.972632e+01 9.258819e+00
      vertex   -5.422886e+01 -1.963327e+01 9.500000e+00
    endloop
  endfacet
  facet normal 2.465243e-01 -8.492599e-01 4.668870e-01
    outer loop
      vertex   -5.500768e+01 -1.992397e+01 9.382442e+00
      vertex   -5.422886e+01 -1.963327e+01 9.500000e+00
      vertex   -5.501699e+01 -1.983177e+01 9.555069e+00
    endloop
  endfacet
  facet normal 2.336338e-01 -7.590124e-01 6.077132e-01
    outer loop
      vertex   -5.501699e+01 -1.983177e+01 9.555069e+00
      vertex   -5.422886e+01 -1.963327e+01 9.500000e+00
      vertex   -5.428671e+01 -1.948525e+01 9.707107e+00
    endloop
  endfacet
  facet normal 2.224984e-01 -7.448846e-01 6.290003e-01
    outer loop
      vertex   -5.501699e+01 -1.983177e+01 9.555069e+00
      vertex   -5.428671e+01 -1.948525e+01 9.707107e+00
      vertex   -5.502952e+01 -1.970777e+01 9.706349e+00
    endloop
  endfacet
  facet normal 1.829656e-01 -6.133912e-01 7.682934e-01
    outer loop
      vertex   -5.502952e+01 -1.970777e+01 9.706349e+00
      vertex   -5.428671e+01 -1.948525e+01 9.707107e+00
      vertex   -5.504476e+01 -1.955690e+01 9.830435e+00
    endloop
  endfacet
  facet normal 1.838955e-01 -5.811999e-01 7.927100e-01
    outer loop
      vertex   -5.504476e+01 -1.955690e+01 9.830435e+00
      vertex   -5.428671e+01 -1.948525e+01 9.707107e+00
      vertex   -5.436209e+01 -1.929235e+01 9.866025e+00
    endloop
  endfacet
  facet normal 1.318493e-01 -4.584826e-01 8.788683e-01
    outer loop
      vertex   -5.504476e+01 -1.955690e+01 9.830435e+00
      vertex   -5.436209e+01 -1.929235e+01 9.866025e+00
      vertex   -5.506214e+01 -1.938484e+01 9.922800e+00
    endloop
  endfacet
  facet normal 1.228463e-01 -3.627957e-01 9.237359e-01
    outer loop
      vertex   -5.506214e+01 -1.938484e+01 9.922800e+00
      vertex   -5.436209e+01 -1.929235e+01 9.866025e+00
      vertex   -5.444987e+01 -1.906771e+01 9.965926e+00
    endloop
  endfacet
  facet normal 8.020532e-02 -2.847536e-01 9.552395e-01
    outer loop
      vertex   -5.506214e+01 -1.938484e+01 9.922800e+00
      vertex   -5.444987e+01 -1.906771e+01 9.965926e+00
      vertex   -5.508098e+01 -1.919836e+01 9.979971e+00
    endloop
  endfacet
  facet normal 4.684087e-02 -1.196597e-01 9.917094e-01
    outer loop
      vertex   -5.508098e+01 -1.919836e+01 9.979971e+00
      vertex   -5.444987e+01 -1.906771e+01 9.965926e+00
      vertex   -5.437382e+01 -1.875554e+01 1.000000e+01
    endloop
  endfacet
  facet normal 3.392582e-02 -9.916072e-02 9.944929e-01
    outer loop
      vertex   -5.508098e+01 -1.919836e+01 9.979971e+00
      vertex   -5.437382e+01 -1.875554e+01 1.000000e+01
      vertex   -5.510058e+01 -1.900435e+01 9.999984e+00
    endloop
  endfacet
  facet normal 9.047625e-04 -2.706094e-03 9.999959e-01
    outer loop
      vertex   -5.510058e+01 -1.900435e+01 9.999984e+00
      vertex   -5.437382e+01 -1.875554e+01 1.000000e+01
      vertex   -5.510115e+01 -1.899872e+01 1.000000e+01
    endloop
  endfacet
  facet normal 4.385132e-01 -8.892646e-01 1.300565e-01
    outer loop
      vertex   -5.419250e+01 -1.972632e+01 9.258819e+00
      vertex   -5.418010e+01 -1.975805e+01 9.000000e+00
      vertex   -5.343102e+01 -1.935082e+01 9.258819e+00
    endloop
  endfacet
  facet normal 4.385132e-01 -8.892646e-01 1.300565e-01
    outer loop
      vertex   -5.343102e+01 -1.935082e+01 9.258819e+00
      vertex   -5.418010e+01 -1.975805e+01 9.000000e+00
      vertex   -5.341340e+01 -1.937998e+01 9.000000e+00
    endloop
  endfacet
  facet normal 5.835859e-01 -8.015690e-01 1.300565e-01
    outer loop
      vertex   -5.343102e+01 -1.935082e+01 9.258819e+00
      vertex   -5.341340e+01 -1.937998e+01 9.000000e+00
      vertex   -5.274464e+01 -1.885109e+01 9.258819e+00
    endloop
  endfacet
  facet normal 5.835859e-01 -8.015690e-01 1.300565e-01
    outer loop
      vertex   -5.274464e+01 -1.885109e+01 9.258819e+00
      vertex   -5.341340e+01 -1.937998e+01 9.000000e+00
      vertex   -5.272230e+01 -1.887682e+01 9.000000e+00
    endloop
  endfacet
  facet normal 7.115998e-01 -6.904427e-01 1.300565e-01
    outer loop
      vertex   -5.274464e+01 -1.885109e+01 9.258819e+00
      vertex   -5.272230e+01 -1.887682e+01 9.000000e+00
      vertex   -5.215341e+01 -1.824175e+01 9.258819e+00
    endloop
  endfacet
  facet normal 7.115998e-01 -6.904427e-01 1.300565e-01
    outer loop
      vertex   -5.215341e+01 -1.824175e+01 9.258819e+00
      vertex   -5.272230e+01 -1.887682e+01 9.000000e+00
      vertex   -5.212702e+01 -1.826330e+01 9.000000e+00
    endloop
  endfacet
  facet normal 8.188128e-01 -5.591340e-01 1.300565e-01
    outer loop
      vertex   -5.215341e+01 -1.824175e+01 9.258819e+00
      vertex   -5.212702e+01 -1.826330e+01 9.000000e+00
      vertex   -5.167462e+01 -1.754060e+01 9.258819e+00
    endloop
  endfacet
  facet normal 8.188128e-01 -5.591340e-01 1.300565e-01
    outer loop
      vertex   -5.167462e+01 -1.754060e+01 9.258819e+00
      vertex   -5.212702e+01 -1.826330e+01 9.000000e+00
      vertex   -5.164494e+01 -1.755734e+01 9.000000e+00
    endloop
  endfacet
  facet normal 9.020912e-01 -4.114813e-01 1.300565e-01
    outer loop
      vertex   -5.167462e+01 -1.754060e+01 9.258819e+00
      vertex   -5.164494e+01 -1.755734e+01 9.000000e+00
      vertex   -5.132227e+01 -1.676813e+01 9.258819e+00
    endloop
  endfacet
  facet normal 9.020912e-01 -4.114813e-01 1.300565e-01
    outer loop
      vertex   -5.132227e+01 -1.676813e+01 9.258819e+00
      vertex   -5.164494e+01 -1.755734e+01 9.000000e+00
      vertex   -5.129017e+01 -1.677957e+01 9.000000e+00
    endloop
  endfacet
  facet normal 9.590004e-01 -2.518005e-01 1.300565e-01
    outer loop
      vertex   -5.132227e+01 -1.676813e+01 9.258819e+00
      vertex   -5.129017e+01 -1.677957e+01 9.000000e+00
      vertex   -5.110665e+01 -1.594694e+01 9.258819e+00
    endloop
  endfacet
  facet normal 9.590004e-01 -2.518005e-01 1.300565e-01
    outer loop
      vertex   -5.110665e+01 -1.594694e+01 9.258819e+00
      vertex   -5.129017e+01 -1.677957e+01 9.000000e+00
      vertex   -5.107308e+01 -1.595275e+01 9.000000e+00
    endloop
  endfacet
  facet normal 9.878771e-01 -8.475938e-02 1.300565e-01
    outer loop
      vertex   -5.110665e+01 -1.594694e+01 9.258819e+00
      vertex   -5.107308e+01 -1.595275e+01 9.000000e+00
      vertex   -5.103407e+01 -1.510102e+01 9.258819e+00
    endloop
  endfacet
  facet normal 9.878771e-01 -8.475938e-02 1.300565e-01
    outer loop
      vertex   -5.103407e+01 -1.510102e+01 9.258819e+00
      vertex   -5.107308e+01 -1.595275e+01 9.000000e+00
      vertex   -5.100000e+01 -1.510102e+01 9.000000e+00
    endloop
  endfacet
  facet normal 9.209905e-01 -7.902054e-02 3.814868e-01
    outer loop
      vertex   -5.103407e+01 -1.510102e+01 9.258819e+00
      vertex   -5.113397e+01 -1.510102e+01 9.500000e+00
      vertex   -5.110665e+01 -1.594694e+01 9.258819e+00
    endloop
  endfacet
  facet normal 9.209905e-01 -7.902054e-02 3.814868e-01
    outer loop
      vertex   -5.110665e+01 -1.594694e+01 9.258819e+00
      vertex   -5.113397e+01 -1.510102e+01 9.500000e+00
      vertex   -5.120509e+01 -1.592992e+01 9.500000e+00
    endloop
  endfacet
  facet normal 8.940690e-01 -2.347518e-01 3.814868e-01
    outer loop
      vertex   -5.110665e+01 -1.594694e+01 9.258819e+00
      vertex   -5.120509e+01 -1.592992e+01 9.500000e+00
      vertex   -5.132227e+01 -1.676813e+01 9.258819e+00
    endloop
  endfacet
  facet normal 8.940690e-01 -2.347518e-01 3.814868e-01
    outer loop
      vertex   -5.132227e+01 -1.676813e+01 9.258819e+00
      vertex   -5.120509e+01 -1.592992e+01 9.500000e+00
      vertex   -5.141637e+01 -1.673460e+01 9.500000e+00
    endloop
  endfacet
  facet normal 8.410130e-01 -3.836210e-01 3.814868e-01
    outer loop
      vertex   -5.132227e+01 -1.676813e+01 9.258819e+00
      vertex   -5.141637e+01 -1.673460e+01 9.500000e+00
      vertex   -5.167462e+01 -1.754060e+01 9.258819e+00
    endloop
  endfacet
  facet normal 8.410130e-01 -3.836210e-01 3.814868e-01
    outer loop
      vertex   -5.167462e+01 -1.754060e+01 9.258819e+00
      vertex   -5.141637e+01 -1.673460e+01 9.500000e+00
      vertex   -5.176164e+01 -1.749152e+01 9.500000e+00
    endloop
  endfacet
  facet normal 7.633732e-01 -5.212765e-01 3.814868e-01
    outer loop
      vertex   -5.167462e+01 -1.754060e+01 9.258819e+00
      vertex   -5.176164e+01 -1.749152e+01 9.500000e+00
      vertex   -5.215341e+01 -1.824175e+01 9.258819e+00
    endloop
  endfacet
  facet normal 7.633732e-01 -5.212765e-01 3.814868e-01
    outer loop
      vertex   -5.215341e+01 -1.824175e+01 9.258819e+00
      vertex   -5.176164e+01 -1.749152e+01 9.500000e+00
      vertex   -5.223079e+01 -1.817857e+01 9.500000e+00
    endloop
  endfacet
  facet normal 6.634192e-01 -6.436946e-01 3.814868e-01
    outer loop
      vertex   -5.215341e+01 -1.824175e+01 9.258819e+00
      vertex   -5.223079e+01 -1.817857e+01 9.500000e+00
      vertex   -5.274464e+01 -1.885109e+01 9.258819e+00
    endloop
  endfacet
  facet normal 6.634192e-01 -6.436946e-01 3.814868e-01
    outer loop
      vertex   -5.274464e+01 -1.885109e+01 9.258819e+00
      vertex   -5.223079e+01 -1.817857e+01 9.500000e+00
      vertex   -5.281013e+01 -1.877565e+01 9.500000e+00
    endloop
  endfacet
  facet normal 5.440728e-01 -7.472969e-01 3.814868e-01
    outer loop
      vertex   -5.274464e+01 -1.885109e+01 9.258819e+00
      vertex   -5.281013e+01 -1.877565e+01 9.500000e+00
      vertex   -5.343102e+01 -1.935082e+01 9.258819e+00
    endloop
  endfacet
  facet normal 5.440728e-01 -7.472969e-01 3.814868e-01
    outer loop
      vertex   -5.343102e+01 -1.935082e+01 9.258819e+00
      vertex   -5.281013e+01 -1.877565e+01 9.500000e+00
      vertex   -5.348270e+01 -1.926532e+01 9.500000e+00
    endloop
  endfacet
  facet normal 4.088226e-01 -8.290548e-01 3.814868e-01
    outer loop
      vertex   -5.343102e+01 -1.935082e+01 9.258819e+00
      vertex   -5.348270e+01 -1.926532e+01 9.500000e+00
      vertex   -5.419250e+01 -1.972632e+01 9.258819e+00
    endloop
  endfacet
  facet normal 4.088226e-01 -8.290548e-01 3.814868e-01
    outer loop
      vertex   -5.419250e+01 -1.972632e+01 9.258819e+00
      vertex   -5.348270e+01 -1.926532e+01 9.500000e+00
      vertex   -5.422886e+01 -1.963327e+01 9.500000e+00
    endloop
  endfacet
  facet normal 7.915217e-01 -6.791218e-02 6.073560e-01
    outer loop
      vertex   -5.113397e+01 -1.510102e+01 9.500000e+00
      vertex   -5.129289e+01 -1.510102e+01 9.707107e+00
      vertex   -5.120509e+01 -1.592992e+01 9.500000e+00
    endloop
  endfacet
  facet normal 7.915217e-01 -6.791218e-02 6.073560e-01
    outer loop
      vertex   -5.120509e+01 -1.592992e+01 9.500000e+00
      vertex   -5.129289e+01 -1.510102e+01 9.707107e+00
      vertex   -5.136169e+01 -1.590285e+01 9.707107e+00
    endloop
  endfacet
  facet normal 7.683847e-01 -2.017514e-01 6.073560e-01
    outer loop
      vertex   -5.120509e+01 -1.592992e+01 9.500000e+00
      vertex   -5.136169e+01 -1.590285e+01 9.707107e+00
      vertex   -5.141637e+01 -1.673460e+01 9.500000e+00
    endloop
  endfacet
  facet normal 7.683847e-01 -2.017514e-01 6.073560e-01
    outer loop
      vertex   -5.141637e+01 -1.673460e+01 9.500000e+00
      vertex   -5.136169e+01 -1.590285e+01 9.707107e+00
      vertex   -5.156607e+01 -1.668125e+01 9.707107e+00
    endloop
  endfacet
  facet normal 7.227870e-01 -3.296932e-01 6.073560e-01
    outer loop
      vertex   -5.141637e+01 -1.673460e+01 9.500000e+00
      vertex   -5.156607e+01 -1.668125e+01 9.707107e+00
      vertex   -5.176164e+01 -1.749152e+01 9.500000e+00
    endloop
  endfacet
  facet normal 7.227870e-01 -3.296932e-01 6.073560e-01
    outer loop
      vertex   -5.176164e+01 -1.749152e+01 9.500000e+00
      vertex   -5.156607e+01 -1.668125e+01 9.707107e+00
      vertex   -5.190006e+01 -1.741345e+01 9.707107e+00
    endloop
  endfacet
  facet normal 6.560615e-01 -4.479977e-01 6.073560e-01
    outer loop
      vertex   -5.176164e+01 -1.749152e+01 9.500000e+00
      vertex   -5.190006e+01 -1.741345e+01 9.707107e+00
      vertex   -5.223079e+01 -1.817857e+01 9.500000e+00
    endloop
  endfacet
  facet normal 6.560615e-01 -4.479977e-01 6.073560e-01
    outer loop
      vertex   -5.223079e+01 -1.817857e+01 9.500000e+00
      vertex   -5.190006e+01 -1.741345e+01 9.707107e+00
      vertex   -5.235389e+01 -1.807806e+01 9.707107e+00
    endloop
  endfacet
  facet normal 5.701587e-01 -5.532068e-01 6.073560e-01
    outer loop
      vertex   -5.223079e+01 -1.817857e+01 9.500000e+00
      vertex   -5.235389e+01 -1.807806e+01 9.707107e+00
      vertex   -5.281013e+01 -1.877565e+01 9.500000e+00
    endloop
  endfacet
  facet normal 5.701587e-01 -5.532068e-01 6.073560e-01
    outer loop
      vertex   -5.281013e+01 -1.877565e+01 9.500000e+00
      vertex   -5.235389e+01 -1.807806e+01 9.707107e+00
      vertex   -5.291430e+01 -1.865564e+01 9.707107e+00
    endloop
  endfacet
  facet normal 4.675895e-01 -6.422451e-01 6.073560e-01
    outer loop
      vertex   -5.281013e+01 -1.877565e+01 9.500000e+00
      vertex   -5.291430e+01 -1.865564e+01 9.707107e+00
      vertex   -5.348270e+01 -1.926532e+01 9.500000e+00
    endloop
  endfacet
  facet normal 4.675895e-01 -6.422451e-01 6.073560e-01
    outer loop
      vertex   -5.348270e+01 -1.926532e+01 9.500000e+00
      vertex   -5.291430e+01 -1.865564e+01 9.707107e+00
      vertex   -5.356491e+01 -1.912932e+01 9.707107e+00
    endloop
  endfacet
  facet normal 3.513521e-01 -7.125099e-01 6.073560e-01
    outer loop
      vertex   -5.348270e+01 -1.926532e+01 9.500000e+00
      vertex   -5.356491e+01 -1.912932e+01 9.707107e+00
      vertex   -5.422886e+01 -1.963327e+01 9.500000e+00
    endloop
  endfacet
  facet normal 3.513521e-01 -7.125099e-01 6.073560e-01
    outer loop
      vertex   -5.422886e+01 -1.963327e+01 9.500000e+00
      vertex   -5.356491e+01 -1.912932e+01 9.707107e+00
      vertex   -5.428671e+01 -1.948525e+01 9.707107e+00
    endloop
  endfacet
  facet normal 6.079327e-01 -5.216033e-02 7.922734e-01
    outer loop
      vertex   -5.129289e+01 -1.510102e+01 9.707107e+00
      vertex   -5.150000e+01 -1.510102e+01 9.866025e+00
      vertex   -5.136169e+01 -1.590285e+01 9.707107e+00
    endloop
  endfacet
  facet normal 6.079327e-01 -5.216033e-02 7.922734e-01
    outer loop
      vertex   -5.136169e+01 -1.590285e+01 9.707107e+00
      vertex   -5.150000e+01 -1.510102e+01 9.866025e+00
      vertex   -5.156577e+01 -1.586757e+01 9.866025e+00
    endloop
  endfacet
  facet normal 5.901622e-01 -1.549563e-01 7.922734e-01
    outer loop
      vertex   -5.136169e+01 -1.590285e+01 9.707107e+00
      vertex   -5.156577e+01 -1.586757e+01 9.866025e+00
      vertex   -5.156607e+01 -1.668125e+01 9.707107e+00
    endloop
  endfacet
  facet normal 5.901622e-01 -1.549563e-01 7.922734e-01
    outer loop
      vertex   -5.156607e+01 -1.668125e+01 9.707107e+00
      vertex   -5.156577e+01 -1.586757e+01 9.866025e+00
      vertex   -5.176116e+01 -1.661172e+01 9.866025e+00
    endloop
  endfacet
  facet normal 5.551407e-01 -2.532227e-01 7.922734e-01
    outer loop
      vertex   -5.156607e+01 -1.668125e+01 9.707107e+00
      vertex   -5.176116e+01 -1.661172e+01 9.866025e+00
      vertex   -5.190006e+01 -1.741345e+01 9.707107e+00
    endloop
  endfacet
  facet normal 5.551407e-01 -2.532227e-01 7.922734e-01
    outer loop
      vertex   -5.190006e+01 -1.741345e+01 9.707107e+00
      vertex   -5.176116e+01 -1.661172e+01 9.866025e+00
      vertex   -5.208045e+01 -1.731170e+01 9.866025e+00
    endloop
  endfacet
  facet normal 5.038918e-01 -3.440872e-01 7.922734e-01
    outer loop
      vertex   -5.190006e+01 -1.741345e+01 9.707107e+00
      vertex   -5.208045e+01 -1.731170e+01 9.866025e+00
      vertex   -5.235389e+01 -1.807806e+01 9.707107e+00
    endloop
  endfacet
  facet normal 5.038918e-01 -3.440872e-01 7.922734e-01
    outer loop
      vertex   -5.235389e+01 -1.807806e+01 9.707107e+00
      vertex   -5.208045e+01 -1.731170e+01 9.866025e+00
      vertex   -5.251431e+01 -1.794707e+01 9.866025e+00
    endloop
  endfacet
  facet normal 4.379136e-01 -4.248936e-01 7.922734e-01
    outer loop
      vertex   -5.235389e+01 -1.807806e+01 9.707107e+00
      vertex   -5.251431e+01 -1.794707e+01 9.866025e+00
      vertex   -5.291430e+01 -1.865564e+01 9.707107e+00
    endloop
  endfacet
  facet normal 4.379136e-01 -4.248936e-01 7.922734e-01
    outer loop
      vertex   -5.291430e+01 -1.865564e+01 9.707107e+00
      vertex   -5.251431e+01 -1.794707e+01 9.866025e+00
      vertex   -5.305007e+01 -1.849924e+01 9.866025e+00
    endloop
  endfacet
  facet normal 3.591347e-01 -4.932800e-01 7.922734e-01
    outer loop
      vertex   -5.291430e+01 -1.865564e+01 9.707107e+00
      vertex   -5.305007e+01 -1.849924e+01 9.866025e+00
      vertex   -5.356491e+01 -1.912932e+01 9.707107e+00
    endloop
  endfacet
  facet normal 3.591347e-01 -4.932800e-01 7.922734e-01
    outer loop
      vertex   -5.356491e+01 -1.912932e+01 9.707107e+00
      vertex   -5.305007e+01 -1.849924e+01 9.866025e+00
      vertex   -5.367206e+01 -1.895208e+01 9.866025e+00
    endloop
  endfacet
  facet normal 2.698580e-01 -5.472473e-01 7.922734e-01
    outer loop
      vertex   -5.356491e+01 -1.912932e+01 9.707107e+00
      vertex   -5.367206e+01 -1.895208e+01 9.866025e+00
      vertex   -5.428671e+01 -1.948525e+01 9.707107e+00
    endloop
  endfacet
  facet normal 2.698580e-01 -5.472473e-01 7.922734e-01
    outer loop
      vertex   -5.428671e+01 -1.948525e+01 9.707107e+00
      vertex   -5.367206e+01 -1.895208e+01 9.866025e+00
      vertex   -5.436209e+01 -1.929235e+01 9.866025e+00
    endloop
  endfacet
  facet normal 3.824773e-01 -3.281637e-02 9.233819e-01
    outer loop
      vertex   -5.150000e+01 -1.510102e+01 9.866025e+00
      vertex   -5.174118e+01 -1.510102e+01 9.965926e+00
      vertex   -5.156577e+01 -1.586757e+01 9.866025e+00
    endloop
  endfacet
  facet normal 3.824773e-01 -3.281637e-02 9.233819e-01
    outer loop
      vertex   -5.156577e+01 -1.586757e+01 9.866025e+00
      vertex   -5.174118e+01 -1.510102e+01 9.965926e+00
      vertex   -5.180343e+01 -1.582649e+01 9.965926e+00
    endloop
  endfacet
  facet normal 3.712971e-01 -9.748985e-02 9.233819e-01
    outer loop
      vertex   -5.156577e+01 -1.586757e+01 9.866025e+00
      vertex   -5.180343e+01 -1.582649e+01 9.965926e+00
      vertex   -5.176116e+01 -1.661172e+01 9.866025e+00
    endloop
  endfacet
  facet normal 3.712971e-01 -9.748985e-02 9.233819e-01
    outer loop
      vertex   -5.176116e+01 -1.661172e+01 9.866025e+00
      vertex   -5.180343e+01 -1.582649e+01 9.965926e+00
      vertex   -5.198834e+01 -1.653075e+01 9.965926e+00
    endloop
  endfacet
  facet normal 3.492635e-01 -1.593136e-01 9.233819e-01
    outer loop
      vertex   -5.176116e+01 -1.661172e+01 9.866025e+00
      vertex   -5.198834e+01 -1.653075e+01 9.965926e+00
      vertex   -5.208045e+01 -1.731170e+01 9.866025e+00
    endloop
  endfacet
  facet normal 3.492635e-01 -1.593136e-01 9.233819e-01
    outer loop
      vertex   -5.208045e+01 -1.731170e+01 9.866025e+00
      vertex   -5.198834e+01 -1.653075e+01 9.965926e+00
      vertex   -5.229052e+01 -1.719322e+01 9.965926e+00
    endloop
  endfacet
  facet normal 3.170206e-01 -2.164804e-01 9.233819e-01
    outer loop
      vertex   -5.208045e+01 -1.731170e+01 9.866025e+00
      vertex   -5.229052e+01 -1.719322e+01 9.965926e+00
      vertex   -5.251431e+01 -1.794707e+01 9.866025e+00
    endloop
  endfacet
  facet normal 3.170206e-01 -2.164804e-01 9.233819e-01
    outer loop
      vertex   -5.251431e+01 -1.794707e+01 9.866025e+00
      vertex   -5.229052e+01 -1.719322e+01 9.965926e+00
      vertex   -5.270113e+01 -1.779453e+01 9.965926e+00
    endloop
  endfacet
  facet normal 2.755108e-01 -2.673193e-01 9.233819e-01
    outer loop
      vertex   -5.251431e+01 -1.794707e+01 9.866025e+00
      vertex   -5.270113e+01 -1.779453e+01 9.965926e+00
      vertex   -5.305007e+01 -1.849924e+01 9.866025e+00
    endloop
  endfacet
  facet normal 2.755108e-01 -2.673193e-01 9.233819e-01
    outer loop
      vertex   -5.305007e+01 -1.849924e+01 9.866025e+00
      vertex   -5.270113e+01 -1.779453e+01 9.965926e+00
      vertex   -5.320817e+01 -1.831711e+01 9.965926e+00
    endloop
  endfacet
  facet normal 2.259475e-01 -3.103442e-01 9.233819e-01
    outer loop
      vertex   -5.305007e+01 -1.849924e+01 9.866025e+00
      vertex   -5.320817e+01 -1.831711e+01 9.965926e+00
      vertex   -5.367206e+01 -1.895208e+01 9.866025e+00
    endloop
  endfacet
  facet normal 2.259475e-01 -3.103442e-01 9.233819e-01
    outer loop
      vertex   -5.367206e+01 -1.895208e+01 9.866025e+00
      vertex   -5.320817e+01 -1.831711e+01 9.965926e+00
      vertex   -5.379682e+01 -1.874568e+01 9.965926e+00
    endloop
  endfacet
  facet normal 1.697796e-01 -3.442974e-01 9.233819e-01
    outer loop
      vertex   -5.367206e+01 -1.895208e+01 9.866025e+00
      vertex   -5.379682e+01 -1.874568e+01 9.965926e+00
      vertex   -5.436209e+01 -1.929235e+01 9.866025e+00
    endloop
  endfacet
  facet normal 1.697796e-01 -3.442974e-01 9.233819e-01
    outer loop
      vertex   -5.436209e+01 -1.929235e+01 9.866025e+00
      vertex   -5.379682e+01 -1.874568e+01 9.965926e+00
      vertex   -5.444987e+01 -1.906771e+01 9.965926e+00
    endloop
  endfacet
  facet normal 1.305180e-01 -1.119838e-02 9.913827e-01
    outer loop
      vertex   -5.174118e+01 -1.510102e+01 9.965926e+00
      vertex   -5.200000e+01 -1.510102e+01 1.000000e+01
      vertex   -5.180343e+01 -1.582649e+01 9.965926e+00
    endloop
  endfacet
  facet normal 1.268435e-01 -1.221587e-02 9.918475e-01
    outer loop
      vertex   -5.180343e+01 -1.582649e+01 9.965926e+00
      vertex   -5.200000e+01 -1.510102e+01 1.000000e+01
      vertex   -5.207352e+01 -1.586439e+01 1.000000e+01
    endloop
  endfacet
  facet normal 1.297993e-01 -3.408083e-02 9.909544e-01
    outer loop
      vertex   -5.180343e+01 -1.582649e+01 9.965926e+00
      vertex   -5.207352e+01 -1.586439e+01 1.000000e+01
      vertex   -5.198834e+01 -1.653075e+01 9.965926e+00
    endloop
  endfacet
  facet normal 1.196320e-01 -3.544342e-02 9.921854e-01
    outer loop
      vertex   -5.198834e+01 -1.653075e+01 9.965926e+00
      vertex   -5.207352e+01 -1.586439e+01 1.000000e+01
      vertex   -5.229137e+01 -1.659971e+01 1.000000e+01
    endloop
  endfacet
  facet normal 1.242922e-01 -5.669486e-02 9.906246e-01
    outer loop
      vertex   -5.198834e+01 -1.653075e+01 9.965926e+00
      vertex   -5.229137e+01 -1.659971e+01 1.000000e+01
      vertex   -5.229052e+01 -1.719322e+01 9.965926e+00
    endloop
  endfacet
  facet normal 1.091243e-01 -5.681863e-02 9.924029e-01
    outer loop
      vertex   -5.229052e+01 -1.719322e+01 9.965926e+00
      vertex   -5.229137e+01 -1.659971e+01 1.000000e+01
      vertex   -5.264555e+01 -1.727993e+01 1.000000e+01
    endloop
  endfacet
  facet normal 1.140824e-01 -7.790226e-02 9.904123e-01
    outer loop
      vertex   -5.229052e+01 -1.719322e+01 9.965926e+00
      vertex   -5.264555e+01 -1.727993e+01 1.000000e+01
      vertex   -5.270113e+01 -1.779453e+01 9.965926e+00
    endloop
  endfacet
  facet normal 9.557409e-02 -7.604216e-02 9.925136e-01
    outer loop
      vertex   -5.270113e+01 -1.779453e+01 9.965926e+00
      vertex   -5.264555e+01 -1.727993e+01 1.000000e+01
      vertex   -5.312303e+01 -1.788006e+01 1.000000e+01
    endloop
  endfacet
  facet normal 9.956621e-02 -9.660594e-02 9.903302e-01
    outer loop
      vertex   -5.270113e+01 -1.779453e+01 9.965926e+00
      vertex   -5.312303e+01 -1.788006e+01 1.000000e+01
      vertex   -5.320817e+01 -1.831711e+01 9.965926e+00
    endloop
  endfacet
  facet normal 7.924969e-02 -9.281903e-02 9.925241e-01
    outer loop
      vertex   -5.320817e+01 -1.831711e+01 9.965926e+00
      vertex   -5.312303e+01 -1.788006e+01 1.000000e+01
      vertex   -5.370627e+01 -1.837803e+01 1.000000e+01
    endloop
  endfacet
  facet normal 8.143032e-02 -1.118465e-01 9.903835e-01
    outer loop
      vertex   -5.320817e+01 -1.831711e+01 9.965926e+00
      vertex   -5.370627e+01 -1.837803e+01 1.000000e+01
      vertex   -5.379682e+01 -1.874568e+01 9.965926e+00
    endloop
  endfacet
  facet normal 6.043421e-02 -1.068650e-01 9.924352e-01
    outer loop
      vertex   -5.379682e+01 -1.874568e+01 9.965926e+00
      vertex   -5.370627e+01 -1.837803e+01 1.000000e+01
      vertex   -5.437382e+01 -1.875554e+01 1.000000e+01
    endloop
  endfacet
  facet normal 6.059784e-02 -1.228869e-01 9.905689e-01
    outer loop
      vertex   -5.379682e+01 -1.874568e+01 9.965926e+00
      vertex   -5.437382e+01 -1.875554e+01 1.000000e+01
      vertex   -5.444987e+01 -1.906771e+01 9.965926e+00
    endloop
  endfacet
  facet normal -3.469623e-04 -2.832544e-03 9.999959e-01
    outer loop
      vertex   -5.510115e+01 -1.899872e+01 1.000000e+01
      vertex   -5.586698e+01 -1.890491e+01 1.000000e+01
      vertex   -5.510058e+01 -1.900435e+01 9.999984e+00
    endloop
  endfacet
  facet normal -1.346611e-02 -1.039481e-01 9.944916e-01
    outer loop
      vertex   -5.510058e+01 -1.900435e+01 9.999984e+00
      vertex   -5.586698e+01 -1.890491e+01 1.000000e+01
      vertex   -5.508098e+01 -1.919836e+01 9.979971e+00
    endloop
  endfacet
  facet normal -2.196528e-02 -1.265241e-01 9.917203e-01
    outer loop
      vertex   -5.508098e+01 -1.919836e+01 9.979971e+00
      vertex   -5.586698e+01 -1.890491e+01 1.000000e+01
      vertex   -5.573954e+01 -1.919412e+01 9.965926e+00
    endloop
  endfacet
  facet normal -2.227206e-02 -2.950963e-01 9.552079e-01
    outer loop
      vertex   -5.508098e+01 -1.919836e+01 9.979971e+00
      vertex   -5.573954e+01 -1.919412e+01 9.965926e+00
      vertex   -5.506214e+01 -1.938484e+01 9.922800e+00
    endloop
  endfacet
  facet normal -4.818803e-02 -3.800233e-01 9.237208e-01
    outer loop
      vertex   -5.506214e+01 -1.938484e+01 9.922800e+00
      vertex   -5.573954e+01 -1.919412e+01 9.965926e+00
      vertex   -5.578142e+01 -1.943163e+01 9.866025e+00
    endloop
  endfacet
  facet normal -3.842093e-02 -4.756454e-01 8.787976e-01
    outer loop
      vertex   -5.506214e+01 -1.938484e+01 9.922800e+00
      vertex   -5.578142e+01 -1.943163e+01 9.866025e+00
      vertex   -5.504476e+01 -1.955690e+01 9.830435e+00
    endloop
  endfacet
  facet normal -6.478113e-02 -6.061982e-01 7.926709e-01
    outer loop
      vertex   -5.504476e+01 -1.955690e+01 9.830435e+00
      vertex   -5.578142e+01 -1.943163e+01 9.866025e+00
      vertex   -5.581738e+01 -1.963560e+01 9.707107e+00
    endloop
  endfacet
  facet normal -5.767328e-02 -6.376170e-01 7.681916e-01
    outer loop
      vertex   -5.504476e+01 -1.955690e+01 9.830435e+00
      vertex   -5.581738e+01 -1.963560e+01 9.707107e+00
      vertex   -5.502952e+01 -1.970777e+01 9.706349e+00
    endloop
  endfacet
  facet normal -7.033050e-02 -7.743168e-01 6.288777e-01
    outer loop
      vertex   -5.502952e+01 -1.970777e+01 9.706349e+00
      vertex   -5.581738e+01 -1.963560e+01 9.707107e+00
      vertex   -5.501699e+01 -1.983177e+01 9.555069e+00
    endloop
  endfacet
  facet normal -7.828591e-02 -7.903299e-01 6.076594e-01
    outer loop
      vertex   -5.501699e+01 -1.983177e+01 9.555069e+00
      vertex   -5.581738e+01 -1.963560e+01 9.707107e+00
      vertex   -5.584498e+01 -1.979210e+01 9.500000e+00
    endloop
  endfacet
  facet normal -7.327599e-02 -8.813399e-01 4.667661e-01
    outer loop
      vertex   -5.501699e+01 -1.983177e+01 9.555069e+00
      vertex   -5.584498e+01 -1.979210e+01 9.500000e+00
      vertex   -5.500768e+01 -1.992397e+01 9.382442e+00
    endloop
  endfacet
  facet normal -9.126202e-02 -9.197494e-01 3.817491e-01
    outer loop
      vertex   -5.500768e+01 -1.992397e+01 9.382442e+00
      vertex   -5.584498e+01 -1.979210e+01 9.500000e+00
      vertex   -5.586232e+01 -1.989048e+01 9.258819e+00
    endloop
  endfacet
  facet normal -7.892709e-02 -9.546694e-01 2.870136e-01
    outer loop
      vertex   -5.500768e+01 -1.992397e+01 9.382442e+00
      vertex   -5.586232e+01 -1.989048e+01 9.258819e+00
      vertex   -5.500194e+01 -1.998081e+01 9.194985e+00
    endloop
  endfacet
  facet normal -9.396516e-02 -9.870357e-01 1.301197e-01
    outer loop
      vertex   -5.500194e+01 -1.998081e+01 9.194985e+00
      vertex   -5.586232e+01 -1.989048e+01 9.258819e+00
      vertex   -5.586824e+01 -1.992404e+01 9.000000e+00
    endloop
  endfacet
  facet normal -8.674692e-02 -9.915219e-01 9.674368e-02
    outer loop
      vertex   -5.500194e+01 -1.998081e+01 9.194985e+00
      vertex   -5.586824e+01 -1.992404e+01 9.000000e+00
      vertex   -5.500000e+01 -2.000000e+01 9.000000e+00
    endloop
  endfacet
  facet normal -3.545901e-02 -1.323348e-01 9.905706e-01
    outer loop
      vertex   -5.573954e+01 -1.919412e+01 9.965926e+00
      vertex   -5.586698e+01 -1.890491e+01 1.000000e+01
      vertex   -5.645660e+01 -1.900198e+01 9.965926e+00
    endloop
  endfacet
  facet normal -3.810461e-02 -1.169105e-01 9.924112e-01
    outer loop
      vertex   -5.645660e+01 -1.900198e+01 9.965926e+00
      vertex   -5.586698e+01 -1.890491e+01 1.000000e+01
      vertex   -5.660055e+01 -1.866582e+01 1.000000e+01
    endloop
  endfacet
  facet normal -5.849076e-02 -1.254338e-01 9.903763e-01
    outer loop
      vertex   -5.645660e+01 -1.900198e+01 9.965926e+00
      vertex   -5.660055e+01 -1.866582e+01 1.000000e+01
      vertex   -5.712941e+01 -1.868825e+01 9.965926e+00
    endloop
  endfacet
  facet normal -5.942425e-02 -1.066714e-01 9.925170e-01
    outer loop
      vertex   -5.712941e+01 -1.868825e+01 9.965926e+00
      vertex   -5.660055e+01 -1.866582e+01 1.000000e+01
      vertex   -5.727457e+01 -1.829034e+01 1.000000e+01
    endloop
  endfacet
  facet normal -7.975065e-02 -1.138957e-01 9.902866e-01
    outer loop
      vertex   -5.712941e+01 -1.868825e+01 9.965926e+00
      vertex   -5.727457e+01 -1.829034e+01 1.000000e+01
      vertex   -5.773752e+01 -1.826244e+01 9.965926e+00
    endloop
  endfacet
  facet normal -7.866490e-02 -9.312006e-02 9.925424e-01
    outer loop
      vertex   -5.773752e+01 -1.826244e+01 9.965926e+00
      vertex   -5.727457e+01 -1.829034e+01 1.000000e+01
      vertex   -5.786397e+01 -1.779244e+01 1.000000e+01
    endloop
  endfacet
  facet normal -9.821860e-02 -9.821860e-02 9.903061e-01
    outer loop
      vertex   -5.773752e+01 -1.826244e+01 9.965926e+00
      vertex   -5.786397e+01 -1.779244e+01 1.000000e+01
      vertex   -5.826244e+01 -1.773752e+01 9.965926e+00
    endloop
  endfacet
  facet normal -9.541988e-02 -7.655806e-02 9.924887e-01
    outer loop
      vertex   -5.826244e+01 -1.773752e+01 9.965926e+00
      vertex   -5.786397e+01 -1.779244e+01 1.000000e+01
      vertex   -5.834680e+01 -1.719064e+01 1.000000e+01
    endloop
  endfacet
  facet normal -1.130338e-01 -7.914709e-02 9.904338e-01
    outer loop
      vertex   -5.826244e+01 -1.773752e+01 9.965926e+00
      vertex   -5.834680e+01 -1.719064e+01 1.000000e+01
      vertex   -5.868825e+01 -1.712941e+01 9.965926e+00
    endloop
  endfacet
  facet normal -1.093115e-01 -5.732213e-02 9.923533e-01
    outer loop
      vertex   -5.868825e+01 -1.712941e+01 9.965926e+00
      vertex   -5.834680e+01 -1.719064e+01 1.000000e+01
      vertex   -5.870512e+01 -1.650734e+01 1.000000e+01
    endloop
  endfacet
  facet normal -1.235581e-01 -5.761607e-02 9.906633e-01
    outer loop
      vertex   -5.868825e+01 -1.712941e+01 9.965926e+00
      vertex   -5.870512e+01 -1.650734e+01 1.000000e+01
      vertex   -5.900198e+01 -1.645660e+01 9.965926e+00
    endloop
  endfacet
  facet normal -1.199942e-01 -3.577938e-02 9.921296e-01
    outer loop
      vertex   -5.900198e+01 -1.645660e+01 9.965926e+00
      vertex   -5.870512e+01 -1.650734e+01 1.000000e+01
      vertex   -5.892559e+01 -1.576796e+01 1.000000e+01
    endloop
  endfacet
  facet normal -1.294176e-01 -3.467734e-02 9.909836e-01
    outer loop
      vertex   -5.900198e+01 -1.645660e+01 9.965926e+00
      vertex   -5.892559e+01 -1.576796e+01 1.000000e+01
      vertex   -5.919412e+01 -1.573954e+01 9.965926e+00
    endloop
  endfacet
  facet normal -1.271559e-01 -1.232086e-02 9.918062e-01
    outer loop
      vertex   -5.919412e+01 -1.573954e+01 9.965926e+00
      vertex   -5.892559e+01 -1.576796e+01 1.000000e+01
      vertex   -5.900000e+01 -1.500000e+01 1.000000e+01
    endloop
  endfacet
  facet normal -1.305177e-01 -1.141882e-02 9.913802e-01
    outer loop
      vertex   -5.919412e+01 -1.573954e+01 9.965926e+00
      vertex   -5.900000e+01 -1.500000e+01 1.000000e+01
      vertex   -5.925882e+01 -1.500000e+01 9.965926e+00
    endloop
  endfacet
  facet normal -3.824691e-01 -3.346171e-02 9.233622e-01
    outer loop
      vertex   -5.925882e+01 -1.500000e+01 9.965926e+00
      vertex   -5.950000e+01 -1.500000e+01 9.866025e+00
      vertex   -5.919412e+01 -1.573954e+01 9.965926e+00
    endloop
  endfacet
  facet normal -3.824691e-01 -3.346171e-02 9.233622e-01
    outer loop
      vertex   -5.919412e+01 -1.573954e+01 9.965926e+00
      vertex   -5.950000e+01 -1.500000e+01 9.866025e+00
      vertex   -5.943163e+01 -1.578142e+01 9.866025e+00
    endloop
  endfacet
  facet normal -3.708480e-01 -9.936842e-02 9.233622e-01
    outer loop
      vertex   -5.919412e+01 -1.573954e+01 9.965926e+00
      vertex   -5.943163e+01 -1.578142e+01 9.866025e+00
      vertex   -5.900198e+01 -1.645660e+01 9.965926e+00
    endloop
  endfacet
  facet normal -3.708480e-01 -9.936842e-02 9.233622e-01
    outer loop
      vertex   -5.900198e+01 -1.645660e+01 9.965926e+00
      vertex   -5.943163e+01 -1.578142e+01 9.866025e+00
      vertex   -5.922862e+01 -1.653909e+01 9.866025e+00
    endloop
  endfacet
  facet normal -3.479588e-01 -1.622559e-01 9.233622e-01
    outer loop
      vertex   -5.900198e+01 -1.645660e+01 9.965926e+00
      vertex   -5.922862e+01 -1.653909e+01 9.866025e+00
      vertex   -5.868825e+01 -1.712941e+01 9.965926e+00
    endloop
  endfacet
  facet normal -3.479588e-01 -1.622559e-01 9.233622e-01
    outer loop
      vertex   -5.868825e+01 -1.712941e+01 9.965926e+00
      vertex   -5.922862e+01 -1.653909e+01 9.866025e+00
      vertex   -5.889711e+01 -1.725000e+01 9.866025e+00
    endloop
  endfacet
  facet normal -3.144971e-01 -2.202133e-01 9.233622e-01
    outer loop
      vertex   -5.868825e+01 -1.712941e+01 9.965926e+00
      vertex   -5.889711e+01 -1.725000e+01 9.866025e+00
      vertex   -5.826244e+01 -1.773752e+01 9.965926e+00
    endloop
  endfacet
  facet normal -3.144971e-01 -2.202133e-01 9.233622e-01
    outer loop
      vertex   -5.826244e+01 -1.773752e+01 9.965926e+00
      vertex   -5.889711e+01 -1.725000e+01 9.866025e+00
      vertex   -5.844720e+01 -1.789254e+01 9.866025e+00
    endloop
  endfacet
  facet normal -2.714796e-01 -2.714796e-01 9.233622e-01
    outer loop
      vertex   -5.826244e+01 -1.773752e+01 9.965926e+00
      vertex   -5.844720e+01 -1.789254e+01 9.866025e+00
      vertex   -5.773752e+01 -1.826244e+01 9.965926e+00
    endloop
  endfacet
  facet normal -2.714796e-01 -2.714796e-01 9.233622e-01
    outer loop
      vertex   -5.773752e+01 -1.826244e+01 9.965926e+00
      vertex   -5.844720e+01 -1.789254e+01 9.866025e+00
      vertex   -5.789254e+01 -1.844720e+01 9.866025e+00
    endloop
  endfacet
  facet normal -2.202133e-01 -3.144971e-01 9.233622e-01
    outer loop
      vertex   -5.773752e+01 -1.826244e+01 9.965926e+00
      vertex   -5.789254e+01 -1.844720e+01 9.866025e+00
      vertex   -5.712941e+01 -1.868825e+01 9.965926e+00
    endloop
  endfacet
  facet normal -2.202133e-01 -3.144971e-01 9.233622e-01
    outer loop
      vertex   -5.712941e+01 -1.868825e+01 9.965926e+00
      vertex   -5.789254e+01 -1.844720e+01 9.866025e+00
      vertex   -5.725000e+01 -1.889711e+01 9.866025e+00
    endloop
  endfacet
  facet normal -1.622559e-01 -3.479588e-01 9.233622e-01
    outer loop
      vertex   -5.712941e+01 -1.868825e+01 9.965926e+00
      vertex   -5.725000e+01 -1.889711e+01 9.866025e+00
      vertex   -5.645660e+01 -1.900198e+01 9.965926e+00
    endloop
  endfacet
  facet normal -1.622559e-01 -3.479588e-01 9.233622e-01
    outer loop
      vertex   -5.645660e+01 -1.900198e+01 9.965926e+00
      vertex   -5.725000e+01 -1.889711e+01 9.866025e+00
      vertex   -5.653909e+01 -1.922862e+01 9.866025e+00
    endloop
  endfacet
  facet normal -9.936842e-02 -3.708480e-01 9.233622e-01
    outer loop
      vertex   -5.645660e+01 -1.900198e+01 9.965926e+00
      vertex   -5.653909e+01 -1.922862e+01 9.866025e+00
      vertex   -5.573954e+01 -1.919412e+01 9.965926e+00
    endloop
  endfacet
  facet normal -9.936842e-02 -3.708480e-01 9.233622e-01
    outer loop
      vertex   -5.573954e+01 -1.919412e+01 9.965926e+00
      vertex   -5.653909e+01 -1.922862e+01 9.866025e+00
      vertex   -5.578142e+01 -1.943163e+01 9.866025e+00
    endloop
  endfacet
  facet normal -6.078999e-01 -5.318435e-02 7.922305e-01
    outer loop
      vertex   -5.950000e+01 -1.500000e+01 9.866025e+00
      vertex   -5.970711e+01 -1.500000e+01 9.707107e+00
      vertex   -5.943163e+01 -1.578142e+01 9.866025e+00
    endloop
  endfacet
  facet normal -6.078999e-01 -5.318435e-02 7.922305e-01
    outer loop
      vertex   -5.943163e+01 -1.578142e+01 9.866025e+00
      vertex   -5.970711e+01 -1.500000e+01 9.707107e+00
      vertex   -5.963560e+01 -1.581738e+01 9.707107e+00
    endloop
  endfacet
  facet normal -5.894291e-01 -1.579371e-01 7.922305e-01
    outer loop
      vertex   -5.943163e+01 -1.578142e+01 9.866025e+00
      vertex   -5.963560e+01 -1.581738e+01 9.707107e+00
      vertex   -5.922862e+01 -1.653909e+01 9.866025e+00
    endloop
  endfacet
  facet normal -5.894291e-01 -1.579371e-01 7.922305e-01
    outer loop
      vertex   -5.922862e+01 -1.653909e+01 9.866025e+00
      vertex   -5.963560e+01 -1.581738e+01 9.707107e+00
      vertex   -5.942323e+01 -1.660993e+01 9.707107e+00
    endloop
  endfacet
  facet normal -5.530489e-01 -2.578909e-01 7.922305e-01
    outer loop
      vertex   -5.922862e+01 -1.653909e+01 9.866025e+00
      vertex   -5.942323e+01 -1.660993e+01 9.707107e+00
      vertex   -5.889711e+01 -1.725000e+01 9.866025e+00
    endloop
  endfacet
  facet normal -5.530489e-01 -2.578909e-01 7.922305e-01
    outer loop
      vertex   -5.889711e+01 -1.725000e+01 9.866025e+00
      vertex   -5.942323e+01 -1.660993e+01 9.707107e+00
      vertex   -5.907647e+01 -1.735355e+01 9.707107e+00
    endloop
  endfacet
  facet normal -4.998645e-01 -3.500089e-01 7.922305e-01
    outer loop
      vertex   -5.889711e+01 -1.725000e+01 9.866025e+00
      vertex   -5.907647e+01 -1.735355e+01 9.707107e+00
      vertex   -5.844720e+01 -1.789254e+01 9.866025e+00
    endloop
  endfacet
  facet normal -4.998645e-01 -3.500089e-01 7.922305e-01
    outer loop
      vertex   -5.844720e+01 -1.789254e+01 9.866025e+00
      vertex   -5.907647e+01 -1.735355e+01 9.707107e+00
      vertex   -5.860585e+01 -1.802567e+01 9.707107e+00
    endloop
  endfacet
  facet normal -4.314921e-01 -4.314921e-01 7.922305e-01
    outer loop
      vertex   -5.844720e+01 -1.789254e+01 9.866025e+00
      vertex   -5.860585e+01 -1.802567e+01 9.707107e+00
      vertex   -5.789254e+01 -1.844720e+01 9.866025e+00
    endloop
  endfacet
  facet normal -4.314921e-01 -4.314921e-01 7.922305e-01
    outer loop
      vertex   -5.789254e+01 -1.844720e+01 9.866025e+00
      vertex   -5.860585e+01 -1.802567e+01 9.707107e+00
      vertex   -5.802567e+01 -1.860585e+01 9.707107e+00
    endloop
  endfacet
  facet normal -3.500089e-01 -4.998645e-01 7.922305e-01
    outer loop
      vertex   -5.789254e+01 -1.844720e+01 9.866025e+00
      vertex   -5.802567e+01 -1.860585e+01 9.707107e+00
      vertex   -5.725000e+01 -1.889711e+01 9.866025e+00
    endloop
  endfacet
  facet normal -3.500089e-01 -4.998645e-01 7.922305e-01
    outer loop
      vertex   -5.725000e+01 -1.889711e+01 9.866025e+00
      vertex   -5.802567e+01 -1.860585e+01 9.707107e+00
      vertex   -5.735355e+01 -1.907647e+01 9.707107e+00
    endloop
  endfacet
  facet normal -2.578909e-01 -5.530489e-01 7.922305e-01
    outer loop
      vertex   -5.725000e+01 -1.889711e+01 9.866025e+00
      vertex   -5.735355e+01 -1.907647e+01 9.707107e+00
      vertex   -5.653909e+01 -1.922862e+01 9.866025e+00
    endloop
  endfacet
  facet normal -2.578909e-01 -5.530489e-01 7.922305e-01
    outer loop
      vertex   -5.653909e+01 -1.922862e+01 9.866025e+00
      vertex   -5.735355e+01 -1.907647e+01 9.707107e+00
      vertex   -5.660993e+01 -1.942323e+01 9.707107e+00
    endloop
  endfacet
  facet normal -1.579371e-01 -5.894291e-01 7.922305e-01
    outer loop
      vertex   -5.653909e+01 -1.922862e+01 9.866025e+00
      vertex   -5.660993e+01 -1.942323e+01 9.707107e+00
      vertex   -5.578142e+01 -1.943163e+01 9.866025e+00
    endloop
  endfacet
  facet normal -1.579371e-01 -5.894291e-01 7.922305e-01
    outer loop
      vertex   -5.578142e+01 -1.943163e+01 9.866025e+00
      vertex   -5.660993e+01 -1.942323e+01 9.707107e+00
      vertex   -5.581738e+01 -1.963560e+01 9.707107e+00
    endloop
  endfacet
  facet normal -7.914492e-01 -6.924283e-02 6.073003e-01
    outer loop
      vertex   -5.970711e+01 -1.500000e+01 9.707107e+00
      vertex   -5.986603e+01 -1.500000e+01 9.500000e+00
      vertex   -5.963560e+01 -1.581738e+01 9.707107e+00
    endloop
  endfacet
  facet normal -7.914492e-01 -6.924283e-02 6.073003e-01
    outer loop
      vertex   -5.963560e+01 -1.581738e+01 9.707107e+00
      vertex   -5.986603e+01 -1.500000e+01 9.500000e+00
      vertex   -5.979210e+01 -1.584498e+01 9.500000e+00
    endloop
  endfacet
  facet normal -7.674014e-01 -2.056246e-01 6.073003e-01
    outer loop
      vertex   -5.963560e+01 -1.581738e+01 9.707107e+00
      vertex   -5.979210e+01 -1.584498e+01 9.500000e+00
      vertex   -5.942323e+01 -1.660993e+01 9.707107e+00
    endloop
  endfacet
  facet normal -7.674014e-01 -2.056246e-01 6.073003e-01
    outer loop
      vertex   -5.942323e+01 -1.660993e+01 9.707107e+00
      vertex   -5.979210e+01 -1.584498e+01 9.500000e+00
      vertex   -5.957257e+01 -1.666428e+01 9.500000e+00
    endloop
  endfacet
  facet normal -7.200365e-01 -3.357585e-01 6.073003e-01
    outer loop
      vertex   -5.942323e+01 -1.660993e+01 9.707107e+00
      vertex   -5.957257e+01 -1.666428e+01 9.500000e+00
      vertex   -5.907647e+01 -1.735355e+01 9.707107e+00
    endloop
  endfacet
  facet normal -7.200365e-01 -3.357585e-01 6.073003e-01
    outer loop
      vertex   -5.907647e+01 -1.735355e+01 9.707107e+00
      vertex   -5.957257e+01 -1.666428e+01 9.500000e+00
      vertex   -5.921410e+01 -1.743301e+01 9.500000e+00
    endloop
  endfacet
  facet normal -6.507937e-01 -4.556906e-01 6.073003e-01
    outer loop
      vertex   -5.907647e+01 -1.735355e+01 9.707107e+00
      vertex   -5.921410e+01 -1.743301e+01 9.500000e+00
      vertex   -5.860585e+01 -1.802567e+01 9.707107e+00
    endloop
  endfacet
  facet normal -6.507937e-01 -4.556906e-01 6.073003e-01
    outer loop
      vertex   -5.860585e+01 -1.802567e+01 9.707107e+00
      vertex   -5.921410e+01 -1.743301e+01 9.500000e+00
      vertex   -5.872759e+01 -1.812782e+01 9.500000e+00
    endloop
  endfacet
  facet normal -5.617768e-01 -5.617768e-01 6.073003e-01
    outer loop
      vertex   -5.860585e+01 -1.802567e+01 9.707107e+00
      vertex   -5.872759e+01 -1.812782e+01 9.500000e+00
      vertex   -5.802567e+01 -1.860585e+01 9.707107e+00
    endloop
  endfacet
  facet normal -5.617768e-01 -5.617768e-01 6.073003e-01
    outer loop
      vertex   -5.802567e+01 -1.860585e+01 9.707107e+00
      vertex   -5.872759e+01 -1.812782e+01 9.500000e+00
      vertex   -5.812782e+01 -1.872759e+01 9.500000e+00
    endloop
  endfacet
  facet normal -4.556906e-01 -6.507937e-01 6.073003e-01
    outer loop
      vertex   -5.802567e+01 -1.860585e+01 9.707107e+00
      vertex   -5.812782e+01 -1.872759e+01 9.500000e+00
      vertex   -5.735355e+01 -1.907647e+01 9.707107e+00
    endloop
  endfacet
  facet normal -4.556906e-01 -6.507937e-01 6.073003e-01
    outer loop
      vertex   -5.735355e+01 -1.907647e+01 9.707107e+00
      vertex   -5.812782e+01 -1.872759e+01 9.500000e+00
      vertex   -5.743301e+01 -1.921410e+01 9.500000e+00
    endloop
  endfacet
  facet normal -3.357585e-01 -7.200365e-01 6.073003e-01
    outer loop
      vertex   -5.735355e+01 -1.907647e+01 9.707107e+00
      vertex   -5.743301e+01 -1.921410e+01 9.500000e+00
      vertex   -5.660993e+01 -1.942323e+01 9.707107e+00
    endloop
  endfacet
  facet normal -3.357585e-01 -7.200365e-01 6.073003e-01
    outer loop
      vertex   -5.660993e+01 -1.942323e+01 9.707107e+00
      vertex   -5.743301e+01 -1.921410e+01 9.500000e+00
      vertex   -5.666428e+01 -1.957257e+01 9.500000e+00
    endloop
  endfacet
  facet normal -2.056246e-01 -7.674014e-01 6.073003e-01
    outer loop
      vertex   -5.660993e+01 -1.942323e+01 9.707107e+00
      vertex   -5.666428e+01 -1.957257e+01 9.500000e+00
      vertex   -5.581738e+01 -1.963560e+01 9.707107e+00
    endloop
  endfacet
  facet normal -2.056246e-01 -7.674014e-01 6.073003e-01
    outer loop
      vertex   -5.581738e+01 -1.963560e+01 9.707107e+00
      vertex   -5.666428e+01 -1.957257e+01 9.500000e+00
      vertex   -5.584498e+01 -1.979210e+01 9.500000e+00
    endloop
  endfacet
  facet normal -9.208762e-01 -8.056623e-02 3.814394e-01
    outer loop
      vertex   -5.986603e+01 -1.500000e+01 9.500000e+00
      vertex   -5.996593e+01 -1.500000e+01 9.258819e+00
      vertex   -5.979210e+01 -1.584498e+01 9.500000e+00
    endloop
  endfacet
  facet normal -9.208762e-01 -8.056623e-02 3.814394e-01
    outer loop
      vertex   -5.979210e+01 -1.584498e+01 9.500000e+00
      vertex   -5.996593e+01 -1.500000e+01 9.258819e+00
      vertex   -5.989048e+01 -1.586232e+01 9.258819e+00
    endloop
  endfacet
  facet normal -8.928959e-01 -2.392507e-01 3.814394e-01
    outer loop
      vertex   -5.979210e+01 -1.584498e+01 9.500000e+00
      vertex   -5.989048e+01 -1.586232e+01 9.258819e+00
      vertex   -5.957257e+01 -1.666428e+01 9.500000e+00
    endloop
  endfacet
  facet normal -8.928959e-01 -2.392507e-01 3.814394e-01
    outer loop
      vertex   -5.957257e+01 -1.666428e+01 9.500000e+00
      vertex   -5.989048e+01 -1.586232e+01 9.258819e+00
      vertex   -5.966644e+01 -1.669845e+01 9.258819e+00
    endloop
  endfacet
  facet normal -8.377853e-01 -3.906657e-01 3.814394e-01
    outer loop
      vertex   -5.957257e+01 -1.666428e+01 9.500000e+00
      vertex   -5.966644e+01 -1.669845e+01 9.258819e+00
      vertex   -5.921410e+01 -1.743301e+01 9.500000e+00
    endloop
  endfacet
  facet normal -8.377853e-01 -3.906657e-01 3.814394e-01
    outer loop
      vertex   -5.921410e+01 -1.743301e+01 9.500000e+00
      vertex   -5.966644e+01 -1.669845e+01 9.258819e+00
      vertex   -5.930062e+01 -1.748296e+01 9.258819e+00
    endloop
  endfacet
  facet normal -7.572191e-01 -5.302105e-01 3.814394e-01
    outer loop
      vertex   -5.921410e+01 -1.743301e+01 9.500000e+00
      vertex   -5.930062e+01 -1.748296e+01 9.258819e+00
      vertex   -5.872759e+01 -1.812782e+01 9.500000e+00
    endloop
  endfacet
  facet normal -7.572191e-01 -5.302105e-01 3.814394e-01
    outer loop
      vertex   -5.872759e+01 -1.812782e+01 9.500000e+00
      vertex   -5.930062e+01 -1.748296e+01 9.258819e+00
      vertex   -5.880412e+01 -1.819204e+01 9.258819e+00
    endloop
  endfacet
  facet normal -6.536451e-01 -6.536451e-01 3.814394e-01
    outer loop
      vertex   -5.872759e+01 -1.812782e+01 9.500000e+00
      vertex   -5.880412e+01 -1.819204e+01 9.258819e+00
      vertex   -5.812782e+01 -1.872759e+01 9.500000e+00
    endloop
  endfacet
  facet normal -6.536451e-01 -6.536451e-01 3.814394e-01
    outer loop
      vertex   -5.812782e+01 -1.872759e+01 9.500000e+00
      vertex   -5.880412e+01 -1.819204e+01 9.258819e+00
      vertex   -5.819204e+01 -1.880412e+01 9.258819e+00
    endloop
  endfacet
  facet normal -5.302105e-01 -7.572191e-01 3.814394e-01
    outer loop
      vertex   -5.812782e+01 -1.872759e+01 9.500000e+00
      vertex   -5.819204e+01 -1.880412e+01 9.258819e+00
      vertex   -5.743301e+01 -1.921410e+01 9.500000e+00
    endloop
  endfacet
  facet normal -5.302105e-01 -7.572191e-01 3.814394e-01
    outer loop
      vertex   -5.743301e+01 -1.921410e+01 9.500000e+00
      vertex   -5.819204e+01 -1.880412e+01 9.258819e+00
      vertex   -5.748296e+01 -1.930062e+01 9.258819e+00
    endloop
  endfacet
  facet normal -3.906657e-01 -8.377853e-01 3.814394e-01
    outer loop
      vertex   -5.743301e+01 -1.921410e+01 9.500000e+00
      vertex   -5.748296e+01 -1.930062e+01 9.258819e+00
      vertex   -5.666428e+01 -1.957257e+01 9.500000e+00
    endloop
  endfacet
  facet normal -3.906657e-01 -8.377853e-01 3.814394e-01
    outer loop
      vertex   -5.666428e+01 -1.957257e+01 9.500000e+00
      vertex   -5.748296e+01 -1.930062e+01 9.258819e+00
      vertex   -5.669845e+01 -1.966644e+01 9.258819e+00
    endloop
  endfacet
  facet normal -2.392507e-01 -8.928959e-01 3.814394e-01
    outer loop
      vertex   -5.666428e+01 -1.957257e+01 9.500000e+00
      vertex   -5.669845e+01 -1.966644e+01 9.258819e+00
      vertex   -5.584498e+01 -1.979210e+01 9.500000e+00
    endloop
  endfacet
  facet normal -2.392507e-01 -8.928959e-01 3.814394e-01
    outer loop
      vertex   -5.584498e+01 -1.979210e+01 9.500000e+00
      vertex   -5.669845e+01 -1.966644e+01 9.258819e+00
      vertex   -5.586232e+01 -1.989048e+01 9.258819e+00
    endloop
  endfacet
  facet normal -9.877360e-01 -8.641571e-02 1.300379e-01
    outer loop
      vertex   -5.996593e+01 -1.500000e+01 9.258819e+00
      vertex   -6.000000e+01 -1.500000e+01 9.000000e+00
      vertex   -5.989048e+01 -1.586232e+01 9.258819e+00
    endloop
  endfacet
  facet normal -9.877360e-01 -8.641571e-02 1.300379e-01
    outer loop
      vertex   -5.989048e+01 -1.586232e+01 9.258819e+00
      vertex   -6.000000e+01 -1.500000e+01 9.000000e+00
      vertex   -5.992404e+01 -1.586824e+01 9.000000e+00
    endloop
  endfacet
  facet normal -9.577242e-01 -2.566214e-01 1.300379e-01
    outer loop
      vertex   -5.989048e+01 -1.586232e+01 9.258819e+00
      vertex   -5.992404e+01 -1.586824e+01 9.000000e+00
      vertex   -5.966644e+01 -1.669845e+01 9.258819e+00
    endloop
  endfacet
  facet normal -9.577242e-01 -2.566214e-01 1.300379e-01
    outer loop
      vertex   -5.966644e+01 -1.669845e+01 9.258819e+00
      vertex   -5.992404e+01 -1.586824e+01 9.000000e+00
      vertex   -5.969846e+01 -1.671010e+01 9.000000e+00
    endloop
  endfacet
  facet normal -8.986123e-01 -4.190298e-01 1.300379e-01
    outer loop
      vertex   -5.966644e+01 -1.669845e+01 9.258819e+00
      vertex   -5.969846e+01 -1.671010e+01 9.000000e+00
      vertex   -5.930062e+01 -1.748296e+01 9.258819e+00
    endloop
  endfacet
  facet normal -8.986123e-01 -4.190298e-01 1.300379e-01
    outer loop
      vertex   -5.930062e+01 -1.748296e+01 9.258819e+00
      vertex   -5.969846e+01 -1.671010e+01 9.000000e+00
      vertex   -5.933013e+01 -1.750000e+01 9.000000e+00
    endloop
  endfacet
  facet normal -8.121966e-01 -5.687062e-01 1.300379e-01
    outer loop
      vertex   -5.930062e+01 -1.748296e+01 9.258819e+00
      vertex   -5.933013e+01 -1.750000e+01 9.000000e+00
      vertex   -5.880412e+01 -1.819204e+01 9.258819e+00
    endloop
  endfacet
  facet normal -8.121966e-01 -5.687062e-01 1.300379e-01
    outer loop
      vertex   -5.880412e+01 -1.819204e+01 9.258819e+00
      vertex   -5.933013e+01 -1.750000e+01 9.000000e+00
      vertex   -5.883022e+01 -1.821394e+01 9.000000e+00
    endloop
  endfacet
  facet normal -7.011028e-01 -7.011028e-01 1.300379e-01
    outer loop
      vertex   -5.880412e+01 -1.819204e+01 9.258819e+00
      vertex   -5.883022e+01 -1.821394e+01 9.000000e+00
      vertex   -5.819204e+01 -1.880412e+01 9.258819e+00
    endloop
  endfacet
  facet normal -7.011028e-01 -7.011028e-01 1.300379e-01
    outer loop
      vertex   -5.819204e+01 -1.880412e+01 9.258819e+00
      vertex   -5.883022e+01 -1.821394e+01 9.000000e+00
      vertex   -5.821394e+01 -1.883022e+01 9.000000e+00
    endloop
  endfacet
  facet normal -5.687062e-01 -8.121966e-01 1.300379e-01
    outer loop
      vertex   -5.819204e+01 -1.880412e+01 9.258819e+00
      vertex   -5.821394e+01 -1.883022e+01 9.000000e+00
      vertex   -5.748296e+01 -1.930062e+01 9.258819e+00
    endloop
  endfacet
  facet normal -5.687062e-01 -8.121966e-01 1.300379e-01
    outer loop
      vertex   -5.748296e+01 -1.930062e+01 9.258819e+00
      vertex   -5.821394e+01 -1.883022e+01 9.000000e+00
      vertex   -5.750000e+01 -1.933013e+01 9.000000e+00
    endloop
  endfacet
  facet normal -4.190298e-01 -8.986123e-01 1.300379e-01
    outer loop
      vertex   -5.748296e+01 -1.930062e+01 9.258819e+00
      vertex   -5.750000e+01 -1.933013e+01 9.000000e+00
      vertex   -5.669845e+01 -1.966644e+01 9.258819e+00
    endloop
  endfacet
  facet normal -4.190298e-01 -8.986123e-01 1.300379e-01
    outer loop
      vertex   -5.669845e+01 -1.966644e+01 9.258819e+00
      vertex   -5.750000e+01 -1.933013e+01 9.000000e+00
      vertex   -5.671010e+01 -1.969846e+01 9.000000e+00
    endloop
  endfacet
  facet normal -2.566214e-01 -9.577242e-01 1.300379e-01
    outer loop
      vertex   -5.669845e+01 -1.966644e+01 9.258819e+00
      vertex   -5.671010e+01 -1.969846e+01 9.000000e+00
      vertex   -5.586232e+01 -1.989048e+01 9.258819e+00
    endloop
  endfacet
  facet normal -2.566214e-01 -9.577242e-01 1.300379e-01
    outer loop
      vertex   -5.586232e+01 -1.989048e+01 9.258819e+00
      vertex   -5.671010e+01 -1.969846e+01 9.000000e+00
      vertex   -5.586824e+01 -1.992404e+01 9.000000e+00
    endloop
  endfacet
  facet normal -1.305262e-01 3.522320e-16 9.914449e-01
    outer loop
      vertex   -5.925882e+01 1.500000e+01 9.965926e+00
      vertex   -5.925882e+01 1.000000e+01 9.965926e+00
      vertex   -5.900000e+01 1.500000e+01 1.000000e+01
    endloop
  endfacet
  facet normal -1.305262e-01 0.000000e+00 9.914449e-01
    outer loop
      vertex   -5.900000e+01 1.500000e+01 1.000000e+01
      vertex   -5.925882e+01 1.000000e+01 9.965926e+00
      vertex   -5.925882e+01 5.000000e+00 9.965926e+00
    endloop
  endfacet
  facet normal -1.305262e-01 0.000000e+00 9.914449e-01
    outer loop
      vertex   -5.900000e+01 1.500000e+01 1.000000e+01
      vertex   -5.925882e+01 5.000000e+00 9.965926e+00
      vertex   -5.925882e+01 2.220446e-15 9.965926e+00
    endloop
  endfacet
  facet normal -3.826834e-01 0.000000e+00 9.238795e-01
    outer loop
      vertex   -5.925882e+01 2.220446e-15 9.965926e+00
      vertex   -5.925882e+01 5.000000e+00 9.965926e+00
      vertex   -5.950000e+01 2.220446e-15 9.866025e+00
    endloop
  endfacet
  facet normal -3.826834e-01 0.000000e+00 9.238795e-01
    outer loop
      vertex   -5.925882e+01 2.220446e-15 9.965926e+00
      vertex   -5.950000e+01 2.220446e-15 9.866025e+00
      vertex   -5.950000e+01 -5.000000e+00 9.866025e+00
    endloop
  endfacet
  facet normal -6.087614e-01 0.000000e+00 7.933533e-01
    outer loop
      vertex   -5.950000e+01 -5.000000e+00 9.866025e+00
      vertex   -5.950000e+01 2.220446e-15 9.866025e+00
      vertex   -5.970711e+01 -5.000000e+00 9.707107e+00
    endloop
  endfacet
  facet normal -6.087614e-01 0.000000e+00 7.933533e-01
    outer loop
      vertex   -5.950000e+01 -5.000000e+00 9.866025e+00
      vertex   -5.970711e+01 -5.000000e+00 9.707107e+00
      vertex   -5.970711e+01 -1.000000e+01 9.707107e+00
    endloop
  endfacet
  facet normal -7.933533e-01 0.000000e+00 6.087614e-01
    outer loop
      vertex   -5.970711e+01 -1.000000e+01 9.707107e+00
      vertex   -5.970711e+01 -5.000000e+00 9.707107e+00
      vertex   -5.986603e+01 -1.000000e+01 9.500000e+00
    endloop
  endfacet
  facet normal -7.933533e-01 2.179598e-16 6.087614e-01
    outer loop
      vertex   -5.970711e+01 -1.000000e+01 9.707107e+00
      vertex   -5.986603e+01 -1.000000e+01 9.500000e+00
      vertex   -5.986603e+01 -1.500000e+01 9.500000e+00
    endloop
  endfacet
  facet normal -9.238795e-01 1.359565e-16 3.826834e-01
    outer loop
      vertex   -5.986603e+01 -1.500000e+01 9.500000e+00
      vertex   -5.986603e+01 -1.000000e+01 9.500000e+00
      vertex   -5.996593e+01 -1.500000e+01 9.258819e+00
    endloop
  endfacet
  facet normal -9.238795e-01 1.359565e-16 3.826834e-01
    outer loop
      vertex   -5.996593e+01 -1.500000e+01 9.258819e+00
      vertex   -5.986603e+01 -1.000000e+01 9.500000e+00
      vertex   -5.996593e+01 -1.000000e+01 9.258819e+00
    endloop
  endfacet
  facet normal -9.914449e-01 4.637222e-17 1.305262e-01
    outer loop
      vertex   -5.996593e+01 -1.500000e+01 9.258819e+00
      vertex   -5.996593e+01 -1.000000e+01 9.258819e+00
      vertex   -6.000000e+01 -1.500000e+01 9.000000e+00
    endloop
  endfacet
  facet normal -9.914449e-01 0.000000e+00 1.305262e-01
    outer loop
      vertex   -6.000000e+01 -1.500000e+01 9.000000e+00
      vertex   -5.996593e+01 -1.000000e+01 9.258819e+00
      vertex   -5.996593e+01 -5.000000e+00 9.258819e+00
    endloop
  endfacet
  facet normal -9.914449e-01 0.000000e+00 1.305262e-01
    outer loop
      vertex   -6.000000e+01 -1.500000e+01 9.000000e+00
      vertex   -5.996593e+01 -5.000000e+00 9.258819e+00
      vertex   -5.996593e+01 2.220446e-15 9.258819e+00
    endloop
  endfacet
  facet normal -9.238795e-01 0.000000e+00 3.826834e-01
    outer loop
      vertex   -5.996593e+01 2.220446e-15 9.258819e+00
      vertex   -5.996593e+01 -5.000000e+00 9.258819e+00
      vertex   -5.986603e+01 2.220446e-15 9.500000e+00
    endloop
  endfacet
  facet normal -9.238795e-01 0.000000e+00 3.826834e-01
    outer loop
      vertex   -5.996593e+01 2.220446e-15 9.258819e+00
      vertex   -5.986603e+01 2.220446e-15 9.500000e+00
      vertex   -5.986603e+01 5.000000e+00 9.500000e+00
    endloop
  endfacet
  facet normal -7.933533e-01 0.000000e+00 6.087614e-01
    outer loop
      vertex   -5.986603e+01 5.000000e+00 9.500000e+00
      vertex   -5.986603e+01 2.220446e-15 9.500000e+00
      vertex   -5.970711e+01 5.000000e+00 9.707107e+00
    endloop
  endfacet
  facet normal -7.933533e-01 0.000000e+00 6.087614e-01
    outer loop
      vertex   -5.986603e+01 5.000000e+00 9.500000e+00
      vertex   -5.970711e+01 5.000000e+00 9.707107e+00
      vertex   -5.970711e+01 1.000000e+01 9.707107e+00
    endloop
  endfacet
  facet normal -6.087614e-01 0.000000e+00 7.933533e-01
    outer loop
      vertex   -5.970711e+01 1.000000e+01 9.707107e+00
      vertex   -5.970711e+01 5.000000e+00 9.707107e+00
      vertex   -5.950000e+01 1.000000e+01 9.866025e+00
    endloop
  endfacet
  facet normal -6.087614e-01 0.000000e+00 7.933533e-01
    outer loop
      vertex   -5.970711e+01 1.000000e+01 9.707107e+00
      vertex   -5.950000e+01 1.000000e+01 9.866025e+00
      vertex   -5.950000e+01 1.500000e+01 9.866025e+00
    endloop
  endfacet
  facet normal -3.826834e-01 0.000000e+00 9.238795e-01
    outer loop
      vertex   -5.950000e+01 1.500000e+01 9.866025e+00
      vertex   -5.950000e+01 1.000000e+01 9.866025e+00
      vertex   -5.925882e+01 1.500000e+01 9.965926e+00
    endloop
  endfacet
  facet normal -3.826834e-01 3.282279e-16 9.238795e-01
    outer loop
      vertex   -5.925882e+01 1.500000e+01 9.965926e+00
      vertex   -5.950000e+01 1.000000e+01 9.866025e+00
      vertex   -5.925882e+01 1.000000e+01 9.965926e+00
    endloop
  endfacet
  facet normal -6.087614e-01 0.000000e+00 7.933533e-01
    outer loop
      vertex   -5.950000e+01 1.500000e+01 9.866025e+00
      vertex   -5.970711e+01 1.500000e+01 9.707107e+00
      vertex   -5.970711e+01 1.000000e+01 9.707107e+00
    endloop
  endfacet
  facet normal -7.933533e-01 0.000000e+00 6.087614e-01
    outer loop
      vertex   -5.970711e+01 1.000000e+01 9.707107e+00
      vertex   -5.970711e+01 1.500000e+01 9.707107e+00
      vertex   -5.986603e+01 1.000000e+01 9.500000e+00
    endloop
  endfacet
  facet normal -7.933533e-01 0.000000e+00 6.087614e-01
    outer loop
      vertex   -5.970711e+01 1.000000e+01 9.707107e+00
      vertex   -5.986603e+01 1.000000e+01 9.500000e+00
      vertex   -5.986603e+01 5.000000e+00 9.500000e+00
    endloop
  endfacet
  facet normal -9.238795e-01 0.000000e+00 3.826834e-01
    outer loop
      vertex   -5.986603e+01 5.000000e+00 9.500000e+00
      vertex   -5.986603e+01 1.000000e+01 9.500000e+00
      vertex   -5.996593e+01 5.000000e+00 9.258819e+00
    endloop
  endfacet
  facet normal -9.238795e-01 0.000000e+00 3.826834e-01
    outer loop
      vertex   -5.986603e+01 5.000000e+00 9.500000e+00
      vertex   -5.996593e+01 5.000000e+00 9.258819e+00
      vertex   -5.996593e+01 2.220446e-15 9.258819e+00
    endloop
  endfacet
  facet normal -9.914449e-01 0.000000e+00 1.305262e-01
    outer loop
      vertex   -5.996593e+01 2.220446e-15 9.258819e+00
      vertex   -5.996593e+01 5.000000e+00 9.258819e+00
      vertex   -6.000000e+01 1.500000e+01 9.000000e+00
    endloop
  endfacet
  facet normal -9.914449e-01 0.000000e+00 1.305262e-01
    outer loop
      vertex   -5.996593e+01 2.220446e-15 9.258819e+00
      vertex   -6.000000e+01 1.500000e+01 9.000000e+00
      vertex   -6.000000e+01 -1.500000e+01 9.000000e+00
    endloop
  endfacet
  facet normal -7.933533e-01 -2.179598e-16 6.087614e-01
    outer loop
      vertex   -5.970711e+01 1.500000e+01 9.707107e+00
      vertex   -5.986603e+01 1.500000e+01 9.500000e+00
      vertex   -5.986603e+01 1.000000e+01 9.500000e+00
    endloop
  endfacet
  facet normal -9.238795e-01 -1.359565e-16 3.826834e-01
    outer loop
      vertex   -5.986603e+01 1.000000e+01 9.500000e+00
      vertex   -5.986603e+01 1.500000e+01 9.500000e+00
      vertex   -5.996593e+01 1.000000e+01 9.258819e+00
    endloop
  endfacet
  facet normal -9.238795e-01 0.000000e+00 3.826834e-01
    outer loop
      vertex   -5.986603e+01 1.000000e+01 9.500000e+00
      vertex   -5.996593e+01 1.000000e+01 9.258819e+00
      vertex   -5.996593e+01 5.000000e+00 9.258819e+00
    endloop
  endfacet
  facet normal -9.914449e-01 0.000000e+00 1.305262e-01
    outer loop
      vertex   -5.996593e+01 5.000000e+00 9.258819e+00
      vertex   -5.996593e+01 1.000000e+01 9.258819e+00
      vertex   -6.000000e+01 1.500000e+01 9.000000e+00
    endloop
  endfacet
  facet normal -9.238795e-01 -1.355604e-16 3.826834e-01
    outer loop
      vertex   -5.986603e+01 1.500000e+01 9.500000e+00
      vertex   -5.996593e+01 1.500000e+01 9.258819e+00
      vertex   -5.996593e+01 1.000000e+01 9.258819e+00
    endloop
  endfacet
  facet normal -9.914449e-01 -4.637222e-17 1.305262e-01
    outer loop
      vertex   -5.996593e+01 1.000000e+01 9.258819e+00
      vertex   -5.996593e+01 1.500000e+01 9.258819e+00
      vertex   -6.000000e+01 1.500000e+01 9.000000e+00
    endloop
  endfacet
  facet normal -7.933533e-01 0.000000e+00 6.087614e-01
    outer loop
      vertex   -5.986603e+01 -1.500000e+01 9.500000e+00
      vertex   -5.970711e+01 -1.500000e+01 9.707107e+00
      vertex   -5.970711e+01 -1.000000e+01 9.707107e+00
    endloop
  endfacet
  facet normal -6.087614e-01 0.000000e+00 7.933533e-01
    outer loop
      vertex   -5.970711e+01 -1.000000e+01 9.707107e+00
      vertex   -5.970711e+01 -1.500000e+01 9.707107e+00
      vertex   -5.950000e+01 -1.000000e+01 9.866025e+00
    endloop
  endfacet
  facet normal -6.087614e-01 0.000000e+00 7.933533e-01
    outer loop
      vertex   -5.970711e+01 -1.000000e+01 9.707107e+00
      vertex   -5.950000e+01 -1.000000e+01 9.866025e+00
      vertex   -5.950000e+01 -5.000000e+00 9.866025e+00
    endloop
  endfacet
  facet normal -3.826834e-01 0.000000e+00 9.238795e-01
    outer loop
      vertex   -5.950000e+01 -5.000000e+00 9.866025e+00
      vertex   -5.950000e+01 -1.000000e+01 9.866025e+00
      vertex   -5.925882e+01 -5.000000e+00 9.965926e+00
    endloop
  endfacet
  facet normal -3.826834e-01 0.000000e+00 9.238795e-01
    outer loop
      vertex   -5.950000e+01 -5.000000e+00 9.866025e+00
      vertex   -5.925882e+01 -5.000000e+00 9.965926e+00
      vertex   -5.925882e+01 2.220446e-15 9.965926e+00
    endloop
  endfacet
  facet normal -1.305262e-01 0.000000e+00 9.914449e-01
    outer loop
      vertex   -5.925882e+01 2.220446e-15 9.965926e+00
      vertex   -5.925882e+01 -5.000000e+00 9.965926e+00
      vertex   -5.900000e+01 -1.500000e+01 1.000000e+01
    endloop
  endfacet
  facet normal -1.305262e-01 0.000000e+00 9.914449e-01
    outer loop
      vertex   -5.925882e+01 2.220446e-15 9.965926e+00
      vertex   -5.900000e+01 -1.500000e+01 1.000000e+01
      vertex   -5.900000e+01 1.500000e+01 1.000000e+01
    endloop
  endfacet
  facet normal -6.087614e-01 0.000000e+00 7.933533e-01
    outer loop
      vertex   -5.970711e+01 -1.500000e+01 9.707107e+00
      vertex   -5.950000e+01 -1.500000e+01 9.866025e+00
      vertex   -5.950000e+01 -1.000000e+01 9.866025e+00
    endloop
  endfacet
  facet normal -3.826834e-01 0.000000e+00 9.238795e-01
    outer loop
      vertex   -5.950000e+01 -1.000000e+01 9.866025e+00
      vertex   -5.950000e+01 -1.500000e+01 9.866025e+00
      vertex   -5.925882e+01 -1.000000e+01 9.965926e+00
    endloop
  endfacet
  facet normal -3.826834e-01 0.000000e+00 9.238795e-01
    outer loop
      vertex   -5.950000e+01 -1.000000e+01 9.866025e+00
      vertex   -5.925882e+01 -1.000000e+01 9.965926e+00
      vertex   -5.925882e+01 -5.000000e+00 9.965926e+00
    endloop
  endfacet
  facet normal -1.305262e-01 0.000000e+00 9.914449e-01
    outer loop
      vertex   -5.925882e+01 -5.000000e+00 9.965926e+00
      vertex   -5.925882e+01 -1.000000e+01 9.965926e+00
      vertex   -5.900000e+01 -1.500000e+01 1.000000e+01
    endloop
  endfacet
  facet normal -3.826834e-01 -3.295978e-16 9.238795e-01
    outer loop
      vertex   -5.950000e+01 -1.500000e+01 9.866025e+00
      vertex   -5.925882e+01 -1.500000e+01 9.965926e+00
      vertex   -5.925882e+01 -1.000000e+01 9.965926e+00
    endloop
  endfacet
  facet normal -1.305262e-01 -3.522320e-16 9.914449e-01
    outer loop
      vertex   -5.925882e+01 -1.000000e+01 9.965926e+00
      vertex   -5.925882e+01 -1.500000e+01 9.965926e+00
      vertex   -5.900000e+01 -1.500000e+01 1.000000e+01
    endloop
  endfacet
  facet normal -3.826834e-01 0.000000e+00 9.238795e-01
    outer loop
      vertex   -5.925882e+01 5.000000e+00 9.965926e+00
      vertex   -5.925882e+01 1.000000e+01 9.965926e+00
      vertex   -5.950000e+01 5.000000e+00 9.866025e+00
    endloop
  endfacet
  facet normal -3.826834e-01 0.000000e+00 9.238795e-01
    outer loop
      vertex   -5.950000e+01 5.000000e+00 9.866025e+00
      vertex   -5.925882e+01 1.000000e+01 9.965926e+00
      vertex   -5.950000e+01 1.000000e+01 9.866025e+00
    endloop
  endfacet
  facet normal -6.087614e-01 0.000000e+00 7.933533e-01
    outer loop
      vertex   -5.950000e+01 5.000000e+00 9.866025e+00
      vertex   -5.950000e+01 1.000000e+01 9.866025e+00
      vertex   -5.970711e+01 5.000000e+00 9.707107e+00
    endloop
  endfacet
  facet normal -3.826834e-01 0.000000e+00 9.238795e-01
    outer loop
      vertex   -5.925882e+01 5.000000e+00 9.965926e+00
      vertex   -5.950000e+01 5.000000e+00 9.866025e+00
      vertex   -5.950000e+01 2.220446e-15 9.866025e+00
    endloop
  endfacet
  facet normal -6.087614e-01 0.000000e+00 7.933533e-01
    outer loop
      vertex   -5.950000e+01 2.220446e-15 9.866025e+00
      vertex   -5.950000e+01 5.000000e+00 9.866025e+00
      vertex   -5.970711e+01 2.220446e-15 9.707107e+00
    endloop
  endfacet
  facet normal -6.087614e-01 0.000000e+00 7.933533e-01
    outer loop
      vertex   -5.950000e+01 2.220446e-15 9.866025e+00
      vertex   -5.970711e+01 2.220446e-15 9.707107e+00
      vertex   -5.970711e+01 -5.000000e+00 9.707107e+00
    endloop
  endfacet
  facet normal -7.933533e-01 0.000000e+00 6.087614e-01
    outer loop
      vertex   -5.970711e+01 -5.000000e+00 9.707107e+00
      vertex   -5.970711e+01 2.220446e-15 9.707107e+00
      vertex   -5.986603e+01 -5.000000e+00 9.500000e+00
    endloop
  endfacet
  facet normal -7.933533e-01 0.000000e+00 6.087614e-01
    outer loop
      vertex   -5.970711e+01 -5.000000e+00 9.707107e+00
      vertex   -5.986603e+01 -5.000000e+00 9.500000e+00
      vertex   -5.986603e+01 -1.000000e+01 9.500000e+00
    endloop
  endfacet
  facet normal -9.238795e-01 0.000000e+00 3.826834e-01
    outer loop
      vertex   -5.986603e+01 -1.000000e+01 9.500000e+00
      vertex   -5.986603e+01 -5.000000e+00 9.500000e+00
      vertex   -5.996593e+01 -1.000000e+01 9.258819e+00
    endloop
  endfacet
  facet normal -6.087614e-01 0.000000e+00 7.933533e-01
    outer loop
      vertex   -5.970711e+01 2.220446e-15 9.707107e+00
      vertex   -5.950000e+01 5.000000e+00 9.866025e+00
      vertex   -5.970711e+01 5.000000e+00 9.707107e+00
    endloop
  endfacet
  facet normal -7.933533e-01 0.000000e+00 6.087614e-01
    outer loop
      vertex   -5.986603e+01 -5.000000e+00 9.500000e+00
      vertex   -5.970711e+01 2.220446e-15 9.707107e+00
      vertex   -5.986603e+01 2.220446e-15 9.500000e+00
    endloop
  endfacet
  facet normal -7.933533e-01 0.000000e+00 6.087614e-01
    outer loop
      vertex   -5.986603e+01 2.220446e-15 9.500000e+00
      vertex   -5.970711e+01 2.220446e-15 9.707107e+00
      vertex   -5.970711e+01 5.000000e+00 9.707107e+00
    endloop
  endfacet
  facet normal -9.238795e-01 0.000000e+00 3.826834e-01
    outer loop
      vertex   -5.996593e+01 -1.000000e+01 9.258819e+00
      vertex   -5.986603e+01 -5.000000e+00 9.500000e+00
      vertex   -5.996593e+01 -5.000000e+00 9.258819e+00
    endloop
  endfacet
  facet normal -9.238795e-01 0.000000e+00 3.826834e-01
    outer loop
      vertex   -5.996593e+01 -5.000000e+00 9.258819e+00
      vertex   -5.986603e+01 -5.000000e+00 9.500000e+00
      vertex   -5.986603e+01 2.220446e-15 9.500000e+00
    endloop
  endfacet
  facet normal -8.674692e-02 9.915219e-01 9.674368e-02
    outer loop
      vertex   -5.500000e+01 2.000000e+01 9.000000e+00
      vertex   -5.586824e+01 1.992404e+01 9.000000e+00
      vertex   -5.500194e+01 1.998081e+01 9.194985e+00
    endloop
  endfacet
  facet normal -9.396516e-02 9.870357e-01 1.301197e-01
    outer loop
      vertex   -5.500194e+01 1.998081e+01 9.194985e+00
      vertex   -5.586824e+01 1.992404e+01 9.000000e+00
      vertex   -5.586232e+01 1.989048e+01 9.258819e+00
    endloop
  endfacet
  facet normal -7.892709e-02 9.546694e-01 2.870136e-01
    outer loop
      vertex   -5.500194e+01 1.998081e+01 9.194985e+00
      vertex   -5.586232e+01 1.989048e+01 9.258819e+00
      vertex   -5.500768e+01 1.992397e+01 9.382442e+00
    endloop
  endfacet
  facet normal -9.126202e-02 9.197494e-01 3.817491e-01
    outer loop
      vertex   -5.500768e+01 1.992397e+01 9.382442e+00
      vertex   -5.586232e+01 1.989048e+01 9.258819e+00
      vertex   -5.584498e+01 1.979210e+01 9.500000e+00
    endloop
  endfacet
  facet normal -7.327599e-02 8.813399e-01 4.667661e-01
    outer loop
      vertex   -5.500768e+01 1.992397e+01 9.382442e+00
      vertex   -5.584498e+01 1.979210e+01 9.500000e+00
      vertex   -5.501699e+01 1.983177e+01 9.555069e+00
    endloop
  endfacet
  facet normal -7.828591e-02 7.903299e-01 6.076594e-01
    outer loop
      vertex   -5.501699e+01 1.983177e+01 9.555069e+00
      vertex   -5.584498e+01 1.979210e+01 9.500000e+00
      vertex   -5.581738e+01 1.963560e+01 9.707107e+00
    endloop
  endfacet
  facet normal -7.033050e-02 7.743168e-01 6.288777e-01
    outer loop
      vertex   -5.501699e+01 1.983177e+01 9.555069e+00
      vertex   -5.581738e+01 1.963560e+01 9.707107e+00
      vertex   -5.502952e+01 1.970777e+01 9.706349e+00
    endloop
  endfacet
  facet normal -5.767328e-02 6.376170e-01 7.681916e-01
    outer loop
      vertex   -5.502952e+01 1.970777e+01 9.706349e+00
      vertex   -5.581738e+01 1.963560e+01 9.707107e+00
      vertex   -5.504476e+01 1.955690e+01 9.830435e+00
    endloop
  endfacet
  facet normal -6.478113e-02 6.061982e-01 7.926709e-01
    outer loop
      vertex   -5.504476e+01 1.955690e+01 9.830435e+00
      vertex   -5.581738e+01 1.963560e+01 9.707107e+00
      vertex   -5.578142e+01 1.943163e+01 9.866025e+00
    endloop
  endfacet
  facet normal -3.842093e-02 4.756454e-01 8.787976e-01
    outer loop
      vertex   -5.504476e+01 1.955690e+01 9.830435e+00
      vertex   -5.578142e+01 1.943163e+01 9.866025e+00
      vertex   -5.506214e+01 1.938484e+01 9.922800e+00
    endloop
  endfacet
  facet normal -4.818803e-02 3.800233e-01 9.237208e-01
    outer loop
      vertex   -5.506214e+01 1.938484e+01 9.922800e+00
      vertex   -5.578142e+01 1.943163e+01 9.866025e+00
      vertex   -5.573954e+01 1.919412e+01 9.965926e+00
    endloop
  endfacet
  facet normal -2.227206e-02 2.950963e-01 9.552079e-01
    outer loop
      vertex   -5.506214e+01 1.938484e+01 9.922800e+00
      vertex   -5.573954e+01 1.919412e+01 9.965926e+00
      vertex   -5.508098e+01 1.919836e+01 9.979971e+00
    endloop
  endfacet
  facet normal -2.196528e-02 1.265241e-01 9.917203e-01
    outer loop
      vertex   -5.508098e+01 1.919836e+01 9.979971e+00
      vertex   -5.573954e+01 1.919412e+01 9.965926e+00
      vertex   -5.586698e+01 1.890491e+01 1.000000e+01
    endloop
  endfacet
  facet normal -1.346611e-02 1.039481e-01 9.944916e-01
    outer loop
      vertex   -5.508098e+01 1.919836e+01 9.979971e+00
      vertex   -5.586698e+01 1.890491e+01 1.000000e+01
      vertex   -5.510058e+01 1.900435e+01 9.999984e+00
    endloop
  endfacet
  facet normal -3.469623e-04 2.832544e-03 9.999959e-01
    outer loop
      vertex   -5.510058e+01 1.900435e+01 9.999984e+00
      vertex   -5.586698e+01 1.890491e+01 1.000000e+01
      vertex   -5.510115e+01 1.899872e+01 1.000000e+01
    endloop
  endfacet
  facet normal -2.566214e-01 9.577242e-01 1.300379e-01
    outer loop
      vertex   -5.586232e+01 1.989048e+01 9.258819e+00
      vertex   -5.586824e+01 1.992404e+01 9.000000e+00
      vertex   -5.669845e+01 1.966644e+01 9.258819e+00
    endloop
  endfacet
  facet normal -2.566214e-01 9.577242e-01 1.300379e-01
    outer loop
      vertex   -5.669845e+01 1.966644e+01 9.258819e+00
      vertex   -5.586824e+01 1.992404e+01 9.000000e+00
      vertex   -5.671010e+01 1.969846e+01 9.000000e+00
    endloop
  endfacet
  facet normal -4.190298e-01 8.986123e-01 1.300379e-01
    outer loop
      vertex   -5.669845e+01 1.966644e+01 9.258819e+00
      vertex   -5.671010e+01 1.969846e+01 9.000000e+00
      vertex   -5.748296e+01 1.930062e+01 9.258819e+00
    endloop
  endfacet
  facet normal -4.190298e-01 8.986123e-01 1.300379e-01
    outer loop
      vertex   -5.748296e+01 1.930062e+01 9.258819e+00
      vertex   -5.671010e+01 1.969846e+01 9.000000e+00
      vertex   -5.750000e+01 1.933013e+01 9.000000e+00
    endloop
  endfacet
  facet normal -5.687062e-01 8.121966e-01 1.300379e-01
    outer loop
      vertex   -5.748296e+01 1.930062e+01 9.258819e+00
      vertex   -5.750000e+01 1.933013e+01 9.000000e+00
      vertex   -5.819204e+01 1.880412e+01 9.258819e+00
    endloop
  endfacet
  facet normal -5.687062e-01 8.121966e-01 1.300379e-01
    outer loop
      vertex   -5.819204e+01 1.880412e+01 9.258819e+00
      vertex   -5.750000e+01 1.933013e+01 9.000000e+00
      vertex   -5.821394e+01 1.883022e+01 9.000000e+00
    endloop
  endfacet
  facet normal -7.011028e-01 7.011028e-01 1.300379e-01
    outer loop
      vertex   -5.819204e+01 1.880412e+01 9.258819e+00
      vertex   -5.821394e+01 1.883022e+01 9.000000e+00
      vertex   -5.880412e+01 1.819204e+01 9.258819e+00
    endloop
  endfacet
  facet normal -7.011028e-01 7.011028e-01 1.300379e-01
    outer loop
      vertex   -5.880412e+01 1.819204e+01 9.258819e+00
      vertex   -5.821394e+01 1.883022e+01 9.000000e+00
      vertex   -5.883022e+01 1.821394e+01 9.000000e+00
    endloop
  endfacet
  facet normal -8.121966e-01 5.687062e-01 1.300379e-01
    outer loop
      vertex   -5.880412e+01 1.819204e+01 9.258819e+00
      vertex   -5.883022e+01 1.821394e+01 9.000000e+00
      vertex   -5.930062e+01 1.748296e+01 9.258819e+00
    endloop
  endfacet
  facet normal -8.121966e-01 5.687062e-01 1.300379e-01
    outer loop
      vertex   -5.930062e+01 1.748296e+01 9.258819e+00
      vertex   -5.883022e+01 1.821394e+01 9.000000e+00
      vertex   -5.933013e+01 1.750000e+01 9.000000e+00
    endloop
  endfacet
  facet normal -8.986123e-01 4.190298e-01 1.300379e-01
    outer loop
      vertex   -5.930062e+01 1.748296e+01 9.258819e+00
      vertex   -5.933013e+01 1.750000e+01 9.000000e+00
      vertex   -5.966644e+01 1.669845e+01 9.258819e+00
    endloop
  endfacet
  facet normal -8.986123e-01 4.190298e-01 1.300379e-01
    outer loop
      vertex   -5.966644e+01 1.669845e+01 9.258819e+00
      vertex   -5.933013e+01 1.750000e+01 9.000000e+00
      vertex   -5.969846e+01 1.671010e+01 9.000000e+00
    endloop
  endfacet
  facet normal -9.577242e-01 2.566214e-01 1.300379e-01
    outer loop
      vertex   -5.966644e+01 1.669845e+01 9.258819e+00
      vertex   -5.969846e+01 1.671010e+01 9.000000e+00
      vertex   -5.989048e+01 1.586232e+01 9.258819e+00
    endloop
  endfacet
  facet normal -9.577242e-01 2.566214e-01 1.300379e-01
    outer loop
      vertex   -5.989048e+01 1.586232e+01 9.258819e+00
      vertex   -5.969846e+01 1.671010e+01 9.000000e+00
      vertex   -5.992404e+01 1.586824e+01 9.000000e+00
    endloop
  endfacet
  facet normal -9.877360e-01 8.641571e-02 1.300379e-01
    outer loop
      vertex   -5.989048e+01 1.586232e+01 9.258819e+00
      vertex   -5.992404e+01 1.586824e+01 9.000000e+00
      vertex   -5.996593e+01 1.500000e+01 9.258819e+00
    endloop
  endfacet
  facet normal -9.877360e-01 8.641571e-02 1.300379e-01
    outer loop
      vertex   -5.996593e+01 1.500000e+01 9.258819e+00
      vertex   -5.992404e+01 1.586824e+01 9.000000e+00
      vertex   -6.000000e+01 1.500000e+01 9.000000e+00
    endloop
  endfacet
  facet normal -9.208762e-01 8.056623e-02 3.814394e-01
    outer loop
      vertex   -5.996593e+01 1.500000e+01 9.258819e+00
      vertex   -5.986603e+01 1.500000e+01 9.500000e+00
      vertex   -5.989048e+01 1.586232e+01 9.258819e+00
    endloop
  endfacet
  facet normal -9.208762e-01 8.056623e-02 3.814394e-01
    outer loop
      vertex   -5.989048e+01 1.586232e+01 9.258819e+00
      vertex   -5.986603e+01 1.500000e+01 9.500000e+00
      vertex   -5.979210e+01 1.584498e+01 9.500000e+00
    endloop
  endfacet
  facet normal -8.928959e-01 2.392507e-01 3.814394e-01
    outer loop
      vertex   -5.989048e+01 1.586232e+01 9.258819e+00
      vertex   -5.979210e+01 1.584498e+01 9.500000e+00
      vertex   -5.966644e+01 1.669845e+01 9.258819e+00
    endloop
  endfacet
  facet normal -8.928959e-01 2.392507e-01 3.814394e-01
    outer loop
      vertex   -5.966644e+01 1.669845e+01 9.258819e+00
      vertex   -5.979210e+01 1.584498e+01 9.500000e+00
      vertex   -5.957257e+01 1.666428e+01 9.500000e+00
    endloop
  endfacet
  facet normal -8.377853e-01 3.906657e-01 3.814394e-01
    outer loop
      vertex   -5.966644e+01 1.669845e+01 9.258819e+00
      vertex   -5.957257e+01 1.666428e+01 9.500000e+00
      vertex   -5.930062e+01 1.748296e+01 9.258819e+00
    endloop
  endfacet
  facet normal -8.377853e-01 3.906657e-01 3.814394e-01
    outer loop
      vertex   -5.930062e+01 1.748296e+01 9.258819e+00
      vertex   -5.957257e+01 1.666428e+01 9.500000e+00
      vertex   -5.921410e+01 1.743301e+01 9.500000e+00
    endloop
  endfacet
  facet normal -7.572191e-01 5.302105e-01 3.814394e-01
    outer loop
      vertex   -5.930062e+01 1.748296e+01 9.258819e+00
      vertex   -5.921410e+01 1.743301e+01 9.500000e+00
      vertex   -5.880412e+01 1.819204e+01 9.258819e+00
    endloop
  endfacet
  facet normal -7.572191e-01 5.302105e-01 3.814394e-01
    outer loop
      vertex   -5.880412e+01 1.819204e+01 9.258819e+00
      vertex   -5.921410e+01 1.743301e+01 9.500000e+00
      vertex   -5.872759e+01 1.812782e+01 9.500000e+00
    endloop
  endfacet
  facet normal -6.536451e-01 6.536451e-01 3.814394e-01
    outer loop
      vertex   -5.880412e+01 1.819204e+01 9.258819e+00
      vertex   -5.872759e+01 1.812782e+01 9.500000e+00
      vertex   -5.819204e+01 1.880412e+01 9.258819e+00
    endloop
  endfacet
  facet normal -6.536451e-01 6.536451e-01 3.814394e-01
    outer loop
      vertex   -5.819204e+01 1.880412e+01 9.258819e+00
      vertex   -5.872759e+01 1.812782e+01 9.500000e+00
      vertex   -5.812782e+01 1.872759e+01 9.500000e+00
    endloop
  endfacet
  facet normal -5.302105e-01 7.572191e-01 3.814394e-01
    outer loop
      vertex   -5.819204e+01 1.880412e+01 9.258819e+00
      vertex   -5.812782e+01 1.872759e+01 9.500000e+00
      vertex   -5.748296e+01 1.930062e+01 9.258819e+00
    endloop
  endfacet
  facet normal -5.302105e-01 7.572191e-01 3.814394e-01
    outer loop
      vertex   -5.748296e+01 1.930062e+01 9.258819e+00
      vertex   -5.812782e+01 1.872759e+01 9.500000e+00
      vertex   -5.743301e+01 1.921410e+01 9.500000e+00
    endloop
  endfacet
  facet normal -3.906657e-01 8.377853e-01 3.814394e-01
    outer loop
      vertex   -5.748296e+01 1.930062e+01 9.258819e+00
      vertex   -5.743301e+01 1.921410e+01 9.500000e+00
      vertex   -5.669845e+01 1.966644e+01 9.258819e+00
    endloop
  endfacet
  facet normal -3.906657e-01 8.377853e-01 3.814394e-01
    outer loop
      vertex   -5.669845e+01 1.966644e+01 9.258819e+00
      vertex   -5.743301e+01 1.921410e+01 9.500000e+00
      vertex   -5.666428e+01 1.957257e+01 9.500000e+00
    endloop
  endfacet
  facet normal -2.392507e-01 8.928959e-01 3.814394e-01
    outer loop
      vertex   -5.669845e+01 1.966644e+01 9.258819e+00
      vertex   -5.666428e+01 1.957257e+01 9.500000e+00
      vertex   -5.586232e+01 1.989048e+01 9.258819e+00
    endloop
  endfacet
  facet normal -2.392507e-01 8.928959e-01 3.814394e-01
    outer loop
      vertex   -5.586232e+01 1.989048e+01 9.258819e+00
      vertex   -5.666428e+01 1.957257e+01 9.500000e+00
      vertex   -5.584498e+01 1.979210e+01 9.500000e+00
    endloop
  endfacet
  facet normal -7.914492e-01 6.924283e-02 6.073003e-01
    outer loop
      vertex   -5.986603e+01 1.500000e+01 9.500000e+00
      vertex   -5.970711e+01 1.500000e+01 9.707107e+00
      vertex   -5.979210e+01 1.584498e+01 9.500000e+00
    endloop
  endfacet
  facet normal -7.914492e-01 6.924283e-02 6.073003e-01
    outer loop
      vertex   -5.979210e+01 1.584498e+01 9.500000e+00
      vertex   -5.970711e+01 1.500000e+01 9.707107e+00
      vertex   -5.963560e+01 1.581738e+01 9.707107e+00
    endloop
  endfacet
  facet normal -7.674014e-01 2.056246e-01 6.073003e-01
    outer loop
      vertex   -5.979210e+01 1.584498e+01 9.500000e+00
      vertex   -5.963560e+01 1.581738e+01 9.707107e+00
      vertex   -5.957257e+01 1.666428e+01 9.500000e+00
    endloop
  endfacet
  facet normal -7.674014e-01 2.056246e-01 6.073003e-01
    outer loop
      vertex   -5.957257e+01 1.666428e+01 9.500000e+00
      vertex   -5.963560e+01 1.581738e+01 9.707107e+00
      vertex   -5.942323e+01 1.660993e+01 9.707107e+00
    endloop
  endfacet
  facet normal -7.200365e-01 3.357585e-01 6.073003e-01
    outer loop
      vertex   -5.957257e+01 1.666428e+01 9.500000e+00
      vertex   -5.942323e+01 1.660993e+01 9.707107e+00
      vertex   -5.921410e+01 1.743301e+01 9.500000e+00
    endloop
  endfacet
  facet normal -7.200365e-01 3.357585e-01 6.073003e-01
    outer loop
      vertex   -5.921410e+01 1.743301e+01 9.500000e+00
      vertex   -5.942323e+01 1.660993e+01 9.707107e+00
      vertex   -5.907647e+01 1.735355e+01 9.707107e+00
    endloop
  endfacet
  facet normal -6.507937e-01 4.556906e-01 6.073003e-01
    outer loop
      vertex   -5.921410e+01 1.743301e+01 9.500000e+00
      vertex   -5.907647e+01 1.735355e+01 9.707107e+00
      vertex   -5.872759e+01 1.812782e+01 9.500000e+00
    endloop
  endfacet
  facet normal -6.507937e-01 4.556906e-01 6.073003e-01
    outer loop
      vertex   -5.872759e+01 1.812782e+01 9.500000e+00
      vertex   -5.907647e+01 1.735355e+01 9.707107e+00
      vertex   -5.860585e+01 1.802567e+01 9.707107e+00
    endloop
  endfacet
  facet normal -5.617768e-01 5.617768e-01 6.073003e-01
    outer loop
      vertex   -5.872759e+01 1.812782e+01 9.500000e+00
      vertex   -5.860585e+01 1.802567e+01 9.707107e+00
      vertex   -5.812782e+01 1.872759e+01 9.500000e+00
    endloop
  endfacet
  facet normal -5.617768e-01 5.617768e-01 6.073003e-01
    outer loop
      vertex   -5.812782e+01 1.872759e+01 9.500000e+00
      vertex   -5.860585e+01 1.802567e+01 9.707107e+00
      vertex   -5.802567e+01 1.860585e+01 9.707107e+00
    endloop
  endfacet
  facet normal -4.556906e-01 6.507937e-01 6.073003e-01
    outer loop
      vertex   -5.812782e+01 1.872759e+01 9.500000e+00
      vertex   -5.802567e+01 1.860585e+01 9.707107e+00
      vertex   -5.743301e+01 1.921410e+01 9.500000e+00
    endloop
  endfacet
  facet normal -4.556906e-01 6.507937e-01 6.073003e-01
    outer loop
      vertex   -5.743301e+01 1.921410e+01 9.500000e+00
      vertex   -5.802567e+01 1.860585e+01 9.707107e+00
      vertex   -5.735355e+01 1.907647e+01 9.707107e+00
    endloop
  endfacet
  facet normal -3.357585e-01 7.200365e-01 6.073003e-01
    outer loop
      vertex   -5.743301e+01 1.921410e+01 9.500000e+00
      vertex   -5.735355e+01 1.907647e+01 9.707107e+00
      vertex   -5.666428e+01 1.957257e+01 9.500000e+00
    endloop
  endfacet
  facet normal -3.357585e-01 7.200365e-01 6.073003e-01
    outer loop
      vertex   -5.666428e+01 1.957257e+01 9.500000e+00
      vertex   -5.735355e+01 1.907647e+01 9.707107e+00
      vertex   -5.660993e+01 1.942323e+01 9.707107e+00
    endloop
  endfacet
  facet normal -2.056246e-01 7.674014e-01 6.073003e-01
    outer loop
      vertex   -5.666428e+01 1.957257e+01 9.500000e+00
      vertex   -5.660993e+01 1.942323e+01 9.707107e+00
      vertex   -5.584498e+01 1.979210e+01 9.500000e+00
    endloop
  endfacet
  facet normal -2.056246e-01 7.674014e-01 6.073003e-01
    outer loop
      vertex   -5.584498e+01 1.979210e+01 9.500000e+00
      vertex   -5.660993e+01 1.942323e+01 9.707107e+00
      vertex   -5.581738e+01 1.963560e+01 9.707107e+00
    endloop
  endfacet
  facet normal -6.078999e-01 5.318435e-02 7.922305e-01
    outer loop
      vertex   -5.970711e+01 1.500000e+01 9.707107e+00
      vertex   -5.950000e+01 1.500000e+01 9.866025e+00
      vertex   -5.963560e+01 1.581738e+01 9.707107e+00
    endloop
  endfacet
  facet normal -6.078999e-01 5.318435e-02 7.922305e-01
    outer loop
      vertex   -5.963560e+01 1.581738e+01 9.707107e+00
      vertex   -5.950000e+01 1.500000e+01 9.866025e+00
      vertex   -5.943163e+01 1.578142e+01 9.866025e+00
    endloop
  endfacet
  facet normal -5.894291e-01 1.579371e-01 7.922305e-01
    outer loop
      vertex   -5.963560e+01 1.581738e+01 9.707107e+00
      vertex   -5.943163e+01 1.578142e+01 9.866025e+00
      vertex   -5.942323e+01 1.660993e+01 9.707107e+00
    endloop
  endfacet
  facet normal -5.894291e-01 1.579371e-01 7.922305e-01
    outer loop
      vertex   -5.942323e+01 1.660993e+01 9.707107e+00
      vertex   -5.943163e+01 1.578142e+01 9.866025e+00
      vertex   -5.922862e+01 1.653909e+01 9.866025e+00
    endloop
  endfacet
  facet normal -5.530489e-01 2.578909e-01 7.922305e-01
    outer loop
      vertex   -5.942323e+01 1.660993e+01 9.707107e+00
      vertex   -5.922862e+01 1.653909e+01 9.866025e+00
      vertex   -5.907647e+01 1.735355e+01 9.707107e+00
    endloop
  endfacet
  facet normal -5.530489e-01 2.578909e-01 7.922305e-01
    outer loop
      vertex   -5.907647e+01 1.735355e+01 9.707107e+00
      vertex   -5.922862e+01 1.653909e+01 9.866025e+00
      vertex   -5.889711e+01 1.725000e+01 9.866025e+00
    endloop
  endfacet
  facet normal -4.998645e-01 3.500089e-01 7.922305e-01
    outer loop
      vertex   -5.907647e+01 1.735355e+01 9.707107e+00
      vertex   -5.889711e+01 1.725000e+01 9.866025e+00
      vertex   -5.860585e+01 1.802567e+01 9.707107e+00
    endloop
  endfacet
  facet normal -4.998645e-01 3.500089e-01 7.922305e-01
    outer loop
      vertex   -5.860585e+01 1.802567e+01 9.707107e+00
      vertex   -5.889711e+01 1.725000e+01 9.866025e+00
      vertex   -5.844720e+01 1.789254e+01 9.866025e+00
    endloop
  endfacet
  facet normal -4.314921e-01 4.314921e-01 7.922305e-01
    outer loop
      vertex   -5.860585e+01 1.802567e+01 9.707107e+00
      vertex   -5.844720e+01 1.789254e+01 9.866025e+00
      vertex   -5.802567e+01 1.860585e+01 9.707107e+00
    endloop
  endfacet
  facet normal -4.314921e-01 4.314921e-01 7.922305e-01
    outer loop
      vertex   -5.802567e+01 1.860585e+01 9.707107e+00
      vertex   -5.844720e+01 1.789254e+01 9.866025e+00
      vertex   -5.789254e+01 1.844720e+01 9.866025e+00
    endloop
  endfacet
  facet normal -3.500089e-01 4.998645e-01 7.922305e-01
    outer loop
      vertex   -5.802567e+01 1.860585e+01 9.707107e+00
      vertex   -5.789254e+01 1.844720e+01 9.866025e+00
      vertex   -5.735355e+01 1.907647e+01 9.707107e+00
    endloop
  endfacet
  facet normal -3.500089e-01 4.998645e-01 7.922305e-01
    outer loop
      vertex   -5.735355e+01 1.907647e+01 9.707107e+00
      vertex   -5.789254e+01 1.844720e+01 9.866025e+00
      vertex   -5.725000e+01 1.889711e+01 9.866025e+00
    endloop
  endfacet
  facet normal -2.578909e-01 5.530489e-01 7.922305e-01
    outer loop
      vertex   -5.735355e+01 1.907647e+01 9.707107e+00
      vertex   -5.725000e+01 1.889711e+01 9.866025e+00
      vertex   -5.660993e+01 1.942323e+01 9.707107e+00
    endloop
  endfacet
  facet normal -2.578909e-01 5.530489e-01 7.922305e-01
    outer loop
      vertex   -5.660993e+01 1.942323e+01 9.707107e+00
      vertex   -5.725000e+01 1.889711e+01 9.866025e+00
      vertex   -5.653909e+01 1.922862e+01 9.866025e+00
    endloop
  endfacet
  facet normal -1.579371e-01 5.894291e-01 7.922305e-01
    outer loop
      vertex   -5.660993e+01 1.942323e+01 9.707107e+00
      vertex   -5.653909e+01 1.922862e+01 9.866025e+00
      vertex   -5.581738e+01 1.963560e+01 9.707107e+00
    endloop
  endfacet
  facet normal -1.579371e-01 5.894291e-01 7.922305e-01
    outer loop
      vertex   -5.581738e+01 1.963560e+01 9.707107e+00
      vertex   -5.653909e+01 1.922862e+01 9.866025e+00
      vertex   -5.578142e+01 1.943163e+01 9.866025e+00
    endloop
  endfacet
  facet normal -3.824691e-01 3.346171e-02 9.233622e-01
    outer loop
      vertex   -5.950000e+01 1.500000e+01 9.866025e+00
      vertex   -5.925882e+01 1.500000e+01 9.965926e+00
      vertex   -5.943163e+01 1.578142e+01 9.866025e+00
    endloop
  endfacet
  facet normal -3.824691e-01 3.346171e-02 9.233622e-01
    outer loop
      vertex   -5.943163e+01 1.578142e+01 9.866025e+00
      vertex   -5.925882e+01 1.500000e+01 9.965926e+00
      vertex   -5.919412e+01 1.573954e+01 9.965926e+00
    endloop
  endfacet
  facet normal -3.708480e-01 9.936842e-02 9.233622e-01
    outer loop
      vertex   -5.943163e+01 1.578142e+01 9.866025e+00
      vertex   -5.919412e+01 1.573954e+01 9.965926e+00
      vertex   -5.922862e+01 1.653909e+01 9.866025e+00
    endloop
  endfacet
  facet normal -3.708480e-01 9.936842e-02 9.233622e-01
    outer loop
      vertex   -5.922862e+01 1.653909e+01 9.866025e+00
      vertex   -5.919412e+01 1.573954e+01 9.965926e+00
      vertex   -5.900198e+01 1.645660e+01 9.965926e+00
    endloop
  endfacet
  facet normal -3.479588e-01 1.622559e-01 9.233622e-01
    outer loop
      vertex   -5.922862e+01 1.653909e+01 9.866025e+00
      vertex   -5.900198e+01 1.645660e+01 9.965926e+00
      vertex   -5.889711e+01 1.725000e+01 9.866025e+00
    endloop
  endfacet
  facet normal -3.479588e-01 1.622559e-01 9.233622e-01
    outer loop
      vertex   -5.889711e+01 1.725000e+01 9.866025e+00
      vertex   -5.900198e+01 1.645660e+01 9.965926e+00
      vertex   -5.868825e+01 1.712941e+01 9.965926e+00
    endloop
  endfacet
  facet normal -3.144971e-01 2.202133e-01 9.233622e-01
    outer loop
      vertex   -5.889711e+01 1.725000e+01 9.866025e+00
      vertex   -5.868825e+01 1.712941e+01 9.965926e+00
      vertex   -5.844720e+01 1.789254e+01 9.866025e+00
    endloop
  endfacet
  facet normal -3.144971e-01 2.202133e-01 9.233622e-01
    outer loop
      vertex   -5.844720e+01 1.789254e+01 9.866025e+00
      vertex   -5.868825e+01 1.712941e+01 9.965926e+00
      vertex   -5.826244e+01 1.773752e+01 9.965926e+00
    endloop
  endfacet
  facet normal -2.714796e-01 2.714796e-01 9.233622e-01
    outer loop
      vertex   -5.844720e+01 1.789254e+01 9.866025e+00
      vertex   -5.826244e+01 1.773752e+01 9.965926e+00
      vertex   -5.789254e+01 1.844720e+01 9.866025e+00
    endloop
  endfacet
  facet normal -2.714796e-01 2.714796e-01 9.233622e-01
    outer loop
      vertex   -5.789254e+01 1.844720e+01 9.866025e+00
      vertex   -5.826244e+01 1.773752e+01 9.965926e+00
      vertex   -5.773752e+01 1.826244e+01 9.965926e+00
    endloop
  endfacet
  facet normal -2.202133e-01 3.144971e-01 9.233622e-01
    outer loop
      vertex   -5.789254e+01 1.844720e+01 9.866025e+00
      vertex   -5.773752e+01 1.826244e+01 9.965926e+00
      vertex   -5.725000e+01 1.889711e+01 9.866025e+00
    endloop
  endfacet
  facet normal -2.202133e-01 3.144971e-01 9.233622e-01
    outer loop
      vertex   -5.725000e+01 1.889711e+01 9.866025e+00
      vertex   -5.773752e+01 1.826244e+01 9.965926e+00
      vertex   -5.712941e+01 1.868825e+01 9.965926e+00
    endloop
  endfacet
  facet normal -1.622559e-01 3.479588e-01 9.233622e-01
    outer loop
      vertex   -5.725000e+01 1.889711e+01 9.866025e+00
      vertex   -5.712941e+01 1.868825e+01 9.965926e+00
      vertex   -5.653909e+01 1.922862e+01 9.866025e+00
    endloop
  endfacet
  facet normal -1.622559e-01 3.479588e-01 9.233622e-01
    outer loop
      vertex   -5.653909e+01 1.922862e+01 9.866025e+00
      vertex   -5.712941e+01 1.868825e+01 9.965926e+00
      vertex   -5.645660e+01 1.900198e+01 9.965926e+00
    endloop
  endfacet
  facet normal -9.936842e-02 3.708480e-01 9.233622e-01
    outer loop
      vertex   -5.653909e+01 1.922862e+01 9.866025e+00
      vertex   -5.645660e+01 1.900198e+01 9.965926e+00
      vertex   -5.578142e+01 1.943163e+01 9.866025e+00
    endloop
  endfacet
  facet normal -9.936842e-02 3.708480e-01 9.233622e-01
    outer loop
      vertex   -5.578142e+01 1.943163e+01 9.866025e+00
      vertex   -5.645660e+01 1.900198e+01 9.965926e+00
      vertex   -5.573954e+01 1.919412e+01 9.965926e+00
    endloop
  endfacet
  facet normal -1.305177e-01 1.141882e-02 9.913802e-01
    outer loop
      vertex   -5.925882e+01 1.500000e+01 9.965926e+00
      vertex   -5.900000e+01 1.500000e+01 1.000000e+01
      vertex   -5.919412e+01 1.573954e+01 9.965926e+00
    endloop
  endfacet
  facet normal -1.271559e-01 1.232086e-02 9.918062e-01
    outer loop
      vertex   -5.919412e+01 1.573954e+01 9.965926e+00
      vertex   -5.900000e+01 1.500000e+01 1.000000e+01
      vertex   -5.892559e+01 1.576796e+01 1.000000e+01
    endloop
  endfacet
  facet normal -1.294176e-01 3.467734e-02 9.909836e-01
    outer loop
      vertex   -5.919412e+01 1.573954e+01 9.965926e+00
      vertex   -5.892559e+01 1.576796e+01 1.000000e+01
      vertex   -5.900198e+01 1.645660e+01 9.965926e+00
    endloop
  endfacet
  facet normal -1.199942e-01 3.577938e-02 9.921296e-01
    outer loop
      vertex   -5.900198e+01 1.645660e+01 9.965926e+00
      vertex   -5.892559e+01 1.576796e+01 1.000000e+01
      vertex   -5.870512e+01 1.650734e+01 1.000000e+01
    endloop
  endfacet
  facet normal -1.235581e-01 5.761607e-02 9.906633e-01
    outer loop
      vertex   -5.900198e+01 1.645660e+01 9.965926e+00
      vertex   -5.870512e+01 1.650734e+01 1.000000e+01
      vertex   -5.868825e+01 1.712941e+01 9.965926e+00
    endloop
  endfacet
  facet normal -1.093115e-01 5.732213e-02 9.923533e-01
    outer loop
      vertex   -5.868825e+01 1.712941e+01 9.965926e+00
      vertex   -5.870512e+01 1.650734e+01 1.000000e+01
      vertex   -5.834680e+01 1.719064e+01 1.000000e+01
    endloop
  endfacet
  facet normal -1.130338e-01 7.914709e-02 9.904338e-01
    outer loop
      vertex   -5.868825e+01 1.712941e+01 9.965926e+00
      vertex   -5.834680e+01 1.719064e+01 1.000000e+01
      vertex   -5.826244e+01 1.773752e+01 9.965926e+00
    endloop
  endfacet
  facet normal -9.541988e-02 7.655806e-02 9.924887e-01
    outer loop
      vertex   -5.826244e+01 1.773752e+01 9.965926e+00
      vertex   -5.834680e+01 1.719064e+01 1.000000e+01
      vertex   -5.786397e+01 1.779244e+01 1.000000e+01
    endloop
  endfacet
  facet normal -9.821860e-02 9.821860e-02 9.903061e-01
    outer loop
      vertex   -5.826244e+01 1.773752e+01 9.965926e+00
      vertex   -5.786397e+01 1.779244e+01 1.000000e+01
      vertex   -5.773752e+01 1.826244e+01 9.965926e+00
    endloop
  endfacet
  facet normal -7.866490e-02 9.312006e-02 9.925424e-01
    outer loop
      vertex   -5.773752e+01 1.826244e+01 9.965926e+00
      vertex   -5.786397e+01 1.779244e+01 1.000000e+01
      vertex   -5.727457e+01 1.829034e+01 1.000000e+01
    endloop
  endfacet
  facet normal -7.975065e-02 1.138957e-01 9.902866e-01
    outer loop
      vertex   -5.773752e+01 1.826244e+01 9.965926e+00
      vertex   -5.727457e+01 1.829034e+01 1.000000e+01
      vertex   -5.712941e+01 1.868825e+01 9.965926e+00
    endloop
  endfacet
  facet normal -5.942425e-02 1.066714e-01 9.925170e-01
    outer loop
      vertex   -5.712941e+01 1.868825e+01 9.965926e+00
      vertex   -5.727457e+01 1.829034e+01 1.000000e+01
      vertex   -5.660055e+01 1.866582e+01 1.000000e+01
    endloop
  endfacet
  facet normal -5.849076e-02 1.254338e-01 9.903763e-01
    outer loop
      vertex   -5.712941e+01 1.868825e+01 9.965926e+00
      vertex   -5.660055e+01 1.866582e+01 1.000000e+01
      vertex   -5.645660e+01 1.900198e+01 9.965926e+00
    endloop
  endfacet
  facet normal -3.810461e-02 1.169105e-01 9.924112e-01
    outer loop
      vertex   -5.645660e+01 1.900198e+01 9.965926e+00
      vertex   -5.660055e+01 1.866582e+01 1.000000e+01
      vertex   -5.586698e+01 1.890491e+01 1.000000e+01
    endloop
  endfacet
  facet normal -3.545901e-02 1.323348e-01 9.905706e-01
    outer loop
      vertex   -5.645660e+01 1.900198e+01 9.965926e+00
      vertex   -5.586698e+01 1.890491e+01 1.000000e+01
      vertex   -5.573954e+01 1.919412e+01 9.965926e+00
    endloop
  endfacet
  facet normal -1.000000e+00 -0.000000e+00 0.000000e+00
    outer loop
      vertex   -6.000000e+01 3.005235e+00 -3.538731e+01
      vertex   -6.000000e+01 2.358377e+00 -3.560332e+01
      vertex   -6.000000e+01 1.747566e+00 -3.538731e+01
    endloop
  endfacet
  facet normal -1.000000e+00 0.000000e+00 0.000000e+00
    outer loop
      vertex   -6.000000e+01 1.747566e+00 -3.538731e+01
      vertex   -6.000000e+01 2.358377e+00 -3.560332e+01
      vertex   -6.000000e+01 2.142836e+00 -3.625113e+01
    endloop
  endfacet
  facet normal -1.000000e+00 0.000000e+00 0.000000e+00
    outer loop
      vertex   -6.000000e+01 1.747566e+00 -3.538731e+01
      vertex   -6.000000e+01 2.142836e+00 -3.625113e+01
      vertex   -6.000000e+01 2.142836e+00 -3.663986e+01
    endloop
  endfacet
  facet normal -1.000000e+00 0.000000e+00 0.000000e+00
    outer loop
      vertex   -6.000000e+01 1.747566e+00 -3.538731e+01
      vertex   -6.000000e+01 2.142836e+00 -3.663986e+01
      vertex   -6.000000e+01 1.747566e+00 -3.870731e+01
    endloop
  endfacet
  facet normal -1.000000e+00 0.000000e+00 0.000000e+00
    outer loop
      vertex   -6.000000e+01 1.747566e+00 -3.870731e+01
      vertex   -6.000000e+01 2.142836e+00 -3.663986e+01
      vertex   -6.000000e+01 2.300073e+00 -3.721810e+01
    endloop
  endfacet
  facet normal -1.000000e+00 0.000000e+00 0.000000e+00
    outer loop
      vertex   -6.000000e+01 1.747566e+00 -3.870731e+01
      vertex   -6.000000e+01 2.300073e+00 -3.721810e+01
      vertex   -6.000000e+01 2.023201e+00 -3.870731e+01
    endloop
  endfacet
  facet normal -1.000000e+00 0.000000e+00 0.000000e+00
    outer loop
      vertex   -6.000000e+01 2.023201e+00 -3.870731e+01
      vertex   -6.000000e+01 2.300073e+00 -3.721810e+01
      vertex   -6.000000e+01 2.630502e+00 -3.740121e+01
    endloop
  endfacet
  facet normal -1.000000e+00 0.000000e+00 0.000000e+00
    outer loop
      vertex   -6.000000e+01 1.747566e+00 -3.870731e+01
      vertex   -6.000000e+01 2.023201e+00 -3.870731e+01
      vertex   -6.000000e+01 1.500000e+01 -4.000000e+01
    endloop
  endfacet
  facet normal -1.000000e+00 0.000000e+00 0.000000e+00
    outer loop
      vertex   -6.000000e+01 1.500000e+01 -4.000000e+01
      vertex   -6.000000e+01 2.023201e+00 -3.870731e+01
      vertex   -6.000000e+01 2.850864e+00 -3.870731e+01
    endloop
  endfacet
  facet normal -1.000000e+00 0.000000e+00 0.000000e+00
    outer loop
      vertex   -6.000000e+01 1.500000e+01 -4.000000e+01
      vertex   -6.000000e+01 2.850864e+00 -3.870731e+01
      vertex   -6.000000e+01 4.084367e+00 -3.870731e+01
    endloop
  endfacet
  facet normal -1.000000e+00 0.000000e+00 0.000000e+00
    outer loop
      vertex   -6.000000e+01 4.084367e+00 -3.870731e+01
      vertex   -6.000000e+01 2.850864e+00 -3.870731e+01
      vertex   -6.000000e+01 3.407214e+00 -3.750824e+01
    endloop
  endfacet
  facet normal -1.000000e+00 0.000000e+00 0.000000e+00
    outer loop
      vertex   -6.000000e+01 4.084367e+00 -3.870731e+01
      vertex   -6.000000e+01 3.407214e+00 -3.750824e+01
      vertex   -6.000000e+01 4.084367e+00 -3.750824e+01
    endloop
  endfacet
  facet normal -1.000000e+00 0.000000e+00 0.000000e+00
    outer loop
      vertex   -6.000000e+01 4.084367e+00 -3.870731e+01
      vertex   -6.000000e+01 4.833512e+00 -3.870731e+01
      vertex   -6.000000e+01 1.500000e+01 -4.000000e+01
    endloop
  endfacet
  facet normal -1.000000e+00 0.000000e+00 0.000000e+00
    outer loop
      vertex   -6.000000e+01 1.500000e+01 -4.000000e+01
      vertex   -6.000000e+01 4.833512e+00 -3.870731e+01
      vertex   -6.000000e+01 9.685503e+00 -3.308148e+01
    endloop
  endfacet
  facet normal -1.000000e+00 0.000000e+00 0.000000e+00
    outer loop
      vertex   -6.000000e+01 1.500000e+01 -4.000000e+01
      vertex   -6.000000e+01 9.685503e+00 -3.308148e+01
      vertex   -6.000000e+01 9.783138e+00 -3.307196e+01
    endloop
  endfacet
  facet normal -1.000000e+00 0.000000e+00 0.000000e+00
    outer loop
      vertex   -6.000000e+01 4.833512e+00 -3.538731e+01
      vertex   -6.000000e+01 8.096843e+00 -3.299215e+01
      vertex   -6.000000e+01 4.833512e+00 -3.870731e+01
    endloop
  endfacet
  facet normal -1.000000e+00 0.000000e+00 0.000000e+00
    outer loop
      vertex   -6.000000e+01 4.833512e+00 -3.870731e+01
      vertex   -6.000000e+01 8.096843e+00 -3.299215e+01
      vertex   -6.000000e+01 8.187019e+00 -3.304095e+01
    endloop
  endfacet
  facet normal -1.000000e+00 0.000000e+00 0.000000e+00
    outer loop
      vertex   -6.000000e+01 4.833512e+00 -3.870731e+01
      vertex   -6.000000e+01 8.187019e+00 -3.304095e+01
      vertex   -6.000000e+01 8.286883e+00 -3.307196e+01
    endloop
  endfacet
  facet normal -1.000000e+00 0.000000e+00 0.000000e+00
    outer loop
      vertex   -6.000000e+01 3.005235e+00 -3.538731e+01
      vertex   -6.000000e+01 5.474315e+00 -2.626846e+01
      vertex   -6.000000e+01 4.833512e+00 -3.538731e+01
    endloop
  endfacet
  facet normal -1.000000e+00 0.000000e+00 0.000000e+00
    outer loop
      vertex   -6.000000e+01 4.833512e+00 -3.538731e+01
      vertex   -6.000000e+01 5.474315e+00 -2.626846e+01
      vertex   -6.000000e+01 7.188600e+00 -2.923769e+01
    endloop
  endfacet
  facet normal -1.000000e+00 0.000000e+00 0.000000e+00
    outer loop
      vertex   -6.000000e+01 4.833512e+00 -3.538731e+01
      vertex   -6.000000e+01 7.188600e+00 -2.923769e+01
      vertex   -6.000000e+01 7.864458e+00 -3.070949e+01
    endloop
  endfacet
  facet normal -1.000000e+00 0.000000e+00 0.000000e+00
    outer loop
      vertex   -6.000000e+01 7.864458e+00 -3.070949e+01
      vertex   -6.000000e+01 7.188600e+00 -2.923769e+01
      vertex   -6.000000e+01 7.873992e+00 -3.061224e+01
    endloop
  endfacet
  facet normal -1.000000e+00 0.000000e+00 0.000000e+00
    outer loop
      vertex   -6.000000e+01 7.873992e+00 -3.061224e+01
      vertex   -6.000000e+01 7.188600e+00 -2.923769e+01
      vertex   -6.000000e+01 7.905076e+00 -3.051236e+01
    endloop
  endfacet
  facet normal -1.000000e+00 0.000000e+00 0.000000e+00
    outer loop
      vertex   -6.000000e+01 7.905076e+00 -3.051236e+01
      vertex   -6.000000e+01 7.188600e+00 -2.923769e+01
      vertex   -6.000000e+01 7.954398e+00 -3.042180e+01
    endloop
  endfacet
  facet normal -1.000000e+00 0.000000e+00 0.000000e+00
    outer loop
      vertex   -6.000000e+01 7.954398e+00 -3.042180e+01
      vertex   -6.000000e+01 7.188600e+00 -2.923769e+01
      vertex   -6.000000e+01 8.019374e+00 -3.034420e+01
    endloop
  endfacet
  facet normal -1.000000e+00 0.000000e+00 0.000000e+00
    outer loop
      vertex   -6.000000e+01 8.019374e+00 -3.034420e+01
      vertex   -6.000000e+01 7.188600e+00 -2.923769e+01
      vertex   -6.000000e+01 7.881421e+00 -2.883769e+01
    endloop
  endfacet
  facet normal -1.000000e+00 0.000000e+00 0.000000e+00
    outer loop
      vertex   -6.000000e+01 8.019374e+00 -3.034420e+01
      vertex   -6.000000e+01 7.881421e+00 -2.883769e+01
      vertex   -6.000000e+01 8.096847e+00 -3.028087e+01
    endloop
  endfacet
  facet normal -1.000000e+00 0.000000e+00 0.000000e+00
    outer loop
      vertex   -6.000000e+01 8.096847e+00 -3.028087e+01
      vertex   -6.000000e+01 7.881421e+00 -2.883769e+01
      vertex   -6.000000e+01 8.185947e+00 -3.023225e+01
    endloop
  endfacet
  facet normal -1.000000e+00 0.000000e+00 0.000000e+00
    outer loop
      vertex   -6.000000e+01 8.185947e+00 -3.023225e+01
      vertex   -6.000000e+01 7.881421e+00 -2.883769e+01
      vertex   -6.000000e+01 8.285677e+00 -3.020004e+01
    endloop
  endfacet
  facet normal -1.000000e+00 0.000000e+00 0.000000e+00
    outer loop
      vertex   -6.000000e+01 8.285677e+00 -3.020004e+01
      vertex   -6.000000e+01 7.881421e+00 -2.883769e+01
      vertex   -6.000000e+01 8.384209e+00 -3.019005e+01
    endloop
  endfacet
  facet normal -1.000000e+00 0.000000e+00 0.000000e+00
    outer loop
      vertex   -6.000000e+01 8.384209e+00 -3.019005e+01
      vertex   -6.000000e+01 7.881421e+00 -2.883769e+01
      vertex   -6.000000e+01 9.685813e+00 -3.019005e+01
    endloop
  endfacet
  facet normal -1.000000e+00 0.000000e+00 0.000000e+00
    outer loop
      vertex   -6.000000e+01 9.685813e+00 -3.019005e+01
      vertex   -6.000000e+01 7.881421e+00 -2.883769e+01
      vertex   -6.000000e+01 1.027433e+01 -2.310320e+01
    endloop
  endfacet
  facet normal -1.000000e+00 0.000000e+00 0.000000e+00
    outer loop
      vertex   -6.000000e+01 9.685813e+00 -3.019005e+01
      vertex   -6.000000e+01 1.027433e+01 -2.310320e+01
      vertex   -6.000000e+01 9.784344e+00 -3.020004e+01
    endloop
  endfacet
  facet normal -1.000000e+00 0.000000e+00 0.000000e+00
    outer loop
      vertex   -6.000000e+01 9.784344e+00 -3.020004e+01
      vertex   -6.000000e+01 1.027433e+01 -2.310320e+01
      vertex   -6.000000e+01 9.884001e+00 -3.023222e+01
    endloop
  endfacet
  facet normal -1.000000e+00 0.000000e+00 0.000000e+00
    outer loop
      vertex   -6.000000e+01 9.884001e+00 -3.023222e+01
      vertex   -6.000000e+01 1.027433e+01 -2.310320e+01
      vertex   -6.000000e+01 9.972983e+00 -3.028067e+01
    endloop
  endfacet
  facet normal -1.000000e+00 0.000000e+00 0.000000e+00
    outer loop
      vertex   -6.000000e+01 9.972983e+00 -3.028067e+01
      vertex   -6.000000e+01 1.027433e+01 -2.310320e+01
      vertex   -6.000000e+01 1.243756e+01 -2.449342e+01
    endloop
  endfacet
  facet normal -1.000000e+00 0.000000e+00 0.000000e+00
    outer loop
      vertex   -6.000000e+01 9.972983e+00 -3.028067e+01
      vertex   -6.000000e+01 1.243756e+01 -2.449342e+01
      vertex   -6.000000e+01 1.005132e+01 -3.034420e+01
    endloop
  endfacet
  facet normal -1.000000e+00 0.000000e+00 0.000000e+00
    outer loop
      vertex   -6.000000e+01 1.005132e+01 -3.034420e+01
      vertex   -6.000000e+01 1.243756e+01 -2.449342e+01
      vertex   -6.000000e+01 1.011604e+01 -3.042224e+01
    endloop
  endfacet
  facet normal -1.000000e+00 0.000000e+00 0.000000e+00
    outer loop
      vertex   -6.000000e+01 1.011604e+01 -3.042224e+01
      vertex   -6.000000e+01 1.243756e+01 -2.449342e+01
      vertex   -6.000000e+01 1.016499e+01 -3.051249e+01
    endloop
  endfacet
  facet normal -1.000000e+00 0.000000e+00 0.000000e+00
    outer loop
      vertex   -6.000000e+01 1.016499e+01 -3.051249e+01
      vertex   -6.000000e+01 1.243756e+01 -2.449342e+01
      vertex   -6.000000e+01 1.019603e+01 -3.061224e+01
    endloop
  endfacet
  facet normal -1.000000e+00 0.000000e+00 0.000000e+00
    outer loop
      vertex   -6.000000e+01 1.019603e+01 -3.061224e+01
      vertex   -6.000000e+01 1.243756e+01 -2.449342e+01
      vertex   -6.000000e+01 1.020556e+01 -3.070949e+01
    endloop
  endfacet
  facet normal -1.000000e+00 0.000000e+00 0.000000e+00
    outer loop
      vertex   -6.000000e+01 1.020556e+01 -3.070949e+01
      vertex   -6.000000e+01 1.243756e+01 -2.449342e+01
      vertex   -6.000000e+01 1.500000e+01 -4.000000e+01
    endloop
  endfacet
  facet normal -1.000000e+00 0.000000e+00 0.000000e+00
    outer loop
      vertex   -6.000000e+01 1.020556e+01 -3.070949e+01
      vertex   -6.000000e+01 1.500000e+01 -4.000000e+01
      vertex   -6.000000e+01 1.020556e+01 -3.256142e+01
    endloop
  endfacet
  facet normal -1.000000e+00 0.000000e+00 -0.000000e+00
    outer loop
      vertex   -6.000000e+01 1.020556e+01 -3.256142e+01
      vertex   -6.000000e+01 1.500000e+01 -4.000000e+01
      vertex   -6.000000e+01 1.019605e+01 -3.265905e+01
    endloop
  endfacet
  facet normal -1.000000e+00 0.000000e+00 -0.000000e+00
    outer loop
      vertex   -6.000000e+01 1.019605e+01 -3.265905e+01
      vertex   -6.000000e+01 1.500000e+01 -4.000000e+01
      vertex   -6.000000e+01 1.016506e+01 -3.275884e+01
    endloop
  endfacet
  facet normal -1.000000e+00 0.000000e+00 -0.000000e+00
    outer loop
      vertex   -6.000000e+01 1.016506e+01 -3.275884e+01
      vertex   -6.000000e+01 1.500000e+01 -4.000000e+01
      vertex   -6.000000e+01 1.011644e+01 -3.284890e+01
    endloop
  endfacet
  facet normal -1.000000e+00 0.000000e+00 -0.000000e+00
    outer loop
      vertex   -6.000000e+01 1.011644e+01 -3.284890e+01
      vertex   -6.000000e+01 1.500000e+01 -4.000000e+01
      vertex   -6.000000e+01 1.005197e+01 -3.292788e+01
    endloop
  endfacet
  facet normal -1.000000e+00 0.000000e+00 -0.000000e+00
    outer loop
      vertex   -6.000000e+01 1.005197e+01 -3.292788e+01
      vertex   -6.000000e+01 1.500000e+01 -4.000000e+01
      vertex   -6.000000e+01 9.972987e+00 -3.299235e+01
    endloop
  endfacet
  facet normal -1.000000e+00 0.000000e+00 -0.000000e+00
    outer loop
      vertex   -6.000000e+01 9.972987e+00 -3.299235e+01
      vertex   -6.000000e+01 1.500000e+01 -4.000000e+01
      vertex   -6.000000e+01 9.882929e+00 -3.304097e+01
    endloop
  endfacet
  facet normal -1.000000e+00 0.000000e+00 -0.000000e+00
    outer loop
      vertex   -6.000000e+01 9.882929e+00 -3.304097e+01
      vertex   -6.000000e+01 1.500000e+01 -4.000000e+01
      vertex   -6.000000e+01 9.783138e+00 -3.307196e+01
    endloop
  endfacet
  facet normal -1.000000e+00 0.000000e+00 0.000000e+00
    outer loop
      vertex   -6.000000e+01 5.474315e+00 -2.626846e+01
      vertex   -6.000000e+01 3.005235e+00 -3.538731e+01
      vertex   -6.000000e+01 1.747566e+00 -3.538731e+01
    endloop
  endfacet
  facet normal -1.000000e+00 0.000000e+00 0.000000e+00
    outer loop
      vertex   -6.000000e+01 7.881421e+00 -2.883769e+01
      vertex   -6.000000e+01 6.167135e+00 -2.586846e+01
      vertex   -6.000000e+01 1.027433e+01 -2.310320e+01
    endloop
  endfacet
  facet normal -1.000000e+00 -0.000000e+00 0.000000e+00
    outer loop
      vertex   -6.000000e+01 1.027433e+01 -2.310320e+01
      vertex   -6.000000e+01 6.167135e+00 -2.586846e+01
      vertex   -6.000000e+01 3.425795e+00 -1.702526e+01
    endloop
  endfacet
  facet normal -1.000000e+00 0.000000e+00 0.000000e+00
    outer loop
      vertex   -6.000000e+01 1.027433e+01 -2.310320e+01
      vertex   -6.000000e+01 3.425795e+00 -1.702526e+01
      vertex   -6.000000e+01 3.668054e+00 -1.627967e+01
    endloop
  endfacet
  facet normal -1.000000e+00 0.000000e+00 -0.000000e+00
    outer loop
      vertex   -6.000000e+01 3.425795e+00 -1.702526e+01
      vertex   -6.000000e+01 6.167135e+00 -2.586846e+01
      vertex   -6.000000e+01 3.033814e+00 -1.770419e+01
    endloop
  endfacet
  facet normal -1.000000e+00 0.000000e+00 0.000000e+00
    outer loop
      vertex   -6.000000e+01 3.033814e+00 -1.770419e+01
      vertex   -6.000000e+01 6.167135e+00 -2.586846e+01
      vertex   -6.000000e+01 5.474315e+00 -2.626846e+01
    endloop
  endfacet
  facet normal -1.000000e+00 0.000000e+00 -0.000000e+00
    outer loop
      vertex   -6.000000e+01 3.033814e+00 -1.770419e+01
      vertex   -6.000000e+01 5.474315e+00 -2.626846e+01
      vertex   -6.000000e+01 2.509240e+00 -1.828679e+01
    endloop
  endfacet
  facet normal -1.000000e+00 0.000000e+00 -0.000000e+00
    outer loop
      vertex   -6.000000e+01 2.509240e+00 -1.828679e+01
      vertex   -6.000000e+01 5.474315e+00 -2.626846e+01
      vertex   -6.000000e+01 1.875000e+00 -1.874760e+01
    endloop
  endfacet
  facet normal -1.000000e+00 0.000000e+00 -0.000000e+00
    outer loop
      vertex   -6.000000e+01 1.875000e+00 -1.874760e+01
      vertex   -6.000000e+01 5.474315e+00 -2.626846e+01
      vertex   -6.000000e+01 1.158814e+00 -1.906646e+01
    endloop
  endfacet
  facet normal -1.000000e+00 0.000000e+00 -0.000000e+00
    outer loop
      vertex   -6.000000e+01 1.158814e+00 -1.906646e+01
      vertex   -6.000000e+01 5.474315e+00 -2.626846e+01
      vertex   -6.000000e+01 3.919817e-01 -1.922946e+01
    endloop
  endfacet
  facet normal -1.000000e+00 0.000000e+00 -0.000000e+00
    outer loop
      vertex   -6.000000e+01 3.919817e-01 -1.922946e+01
      vertex   -6.000000e+01 5.474315e+00 -2.626846e+01
      vertex   -6.000000e+01 -8.071119e-02 -3.538731e+01
    endloop
  endfacet
  facet normal -1.000000e+00 -0.000000e+00 0.000000e+00
    outer loop
      vertex   -6.000000e+01 3.919817e-01 -1.922946e+01
      vertex   -6.000000e+01 -8.071119e-02 -3.538731e+01
      vertex   -6.000000e+01 -3.919817e-01 -1.922946e+01
    endloop
  endfacet
  facet normal -1.000000e+00 0.000000e+00 -0.000000e+00
    outer loop
      vertex   -6.000000e+01 -3.919817e-01 -1.922946e+01
      vertex   -6.000000e+01 -8.071119e-02 -3.538731e+01
      vertex   -6.000000e+01 -5.404293e+00 -2.626846e+01
    endloop
  endfacet
  facet normal -1.000000e+00 -0.000000e+00 0.000000e+00
    outer loop
      vertex   -6.000000e+01 -3.919817e-01 -1.922946e+01
      vertex   -6.000000e+01 -5.404293e+00 -2.626846e+01
      vertex   -6.000000e+01 -1.158814e+00 -1.906646e+01
    endloop
  endfacet
  facet normal -1.000000e+00 -0.000000e+00 0.000000e+00
    outer loop
      vertex   -6.000000e+01 -1.158814e+00 -1.906646e+01
      vertex   -6.000000e+01 -5.404293e+00 -2.626846e+01
      vertex   -6.000000e+01 -1.875000e+00 -1.874760e+01
    endloop
  endfacet
  facet normal -1.000000e+00 -0.000000e+00 0.000000e+00
    outer loop
      vertex   -6.000000e+01 -1.875000e+00 -1.874760e+01
      vertex   -6.000000e+01 -5.404293e+00 -2.626846e+01
      vertex   -6.000000e+01 -2.509240e+00 -1.828679e+01
    endloop
  endfacet
  facet normal -1.000000e+00 -0.000000e+00 0.000000e+00
    outer loop
      vertex   -6.000000e+01 -2.509240e+00 -1.828679e+01
      vertex   -6.000000e+01 -5.404293e+00 -2.626846e+01
      vertex   -6.000000e+01 -3.033814e+00 -1.770419e+01
    endloop
  endfacet
  facet normal -1.000000e+00 0.000000e+00 0.000000e+00
    outer loop
      vertex   -6.000000e+01 -3.033814e+00 -1.770419e+01
      vertex   -6.000000e+01 -5.404293e+00 -2.626846e+01
      vertex   -6.000000e+01 -6.097114e+00 -2.586846e+01
    endloop
  endfacet
  facet normal -1.000000e+00 -0.000000e+00 0.000000e+00
    outer loop
      vertex   -6.000000e+01 -3.033814e+00 -1.770419e+01
      vertex   -6.000000e+01 -6.097114e+00 -2.586846e+01
      vertex   -6.000000e+01 -3.425795e+00 -1.702526e+01
    endloop
  endfacet
  facet normal -1.000000e+00 0.000000e+00 0.000000e+00
    outer loop
      vertex   -6.000000e+01 -3.425795e+00 -1.702526e+01
      vertex   -6.000000e+01 -6.097114e+00 -2.586846e+01
      vertex   -6.000000e+01 -1.020431e+01 -2.310320e+01
    endloop
  endfacet
  facet normal -1.000000e+00 -0.000000e+00 0.000000e+00
    outer loop
      vertex   -6.000000e+01 -3.425795e+00 -1.702526e+01
      vertex   -6.000000e+01 -1.020431e+01 -2.310320e+01
      vertex   -6.000000e+01 -3.668054e+00 -1.627967e+01
    endloop
  endfacet
  facet normal -1.000000e+00 0.000000e+00 0.000000e+00
    outer loop
      vertex   -6.000000e+01 -3.668054e+00 -1.627967e+01
      vertex   -6.000000e+01 -1.020431e+01 -2.310320e+01
      vertex   -6.000000e+01 -1.063683e+01 -2.243020e+01
    endloop
  endfacet
  facet normal -1.000000e+00 -0.000000e+00 0.000000e+00
    outer loop
      vertex   -6.000000e+01 -3.668054e+00 -1.627967e+01
      vertex   -6.000000e+01 -1.063683e+01 -2.243020e+01
      vertex   -6.000000e+01 -3.750000e+00 -1.550000e+01
    endloop
  endfacet
  facet normal -1.000000e+00 0.000000e+00 0.000000e+00
    outer loop
      vertex   -6.000000e+01 -3.750000e+00 -1.550000e+01
      vertex   -6.000000e+01 -1.063683e+01 -2.243020e+01
      vertex   -6.000000e+01 -1.229926e+01 -1.762691e+01
    endloop
  endfacet
  facet normal -1.000000e+00 0.000000e+00 0.000000e+00
    outer loop
      vertex   -6.000000e+01 -3.750000e+00 -1.550000e+01
      vertex   -6.000000e+01 -1.229926e+01 -1.762691e+01
      vertex   -6.000000e+01 -1.237531e+01 -1.683053e+01
    endloop
  endfacet
  facet normal -1.000000e+00 -0.000000e+00 0.000000e+00
    outer loop
      vertex   -6.000000e+01 -1.165194e+01 -1.179942e+01
      vertex   -6.000000e+01 -1.237531e+01 -1.683053e+01
      vertex   -6.000000e+01 -1.403917e+01 -1.084372e+01
    endloop
  endfacet
  facet normal -1.000000e+00 0.000000e+00 -0.000000e+00
    outer loop
      vertex   -6.000000e+01 -1.403917e+01 -1.084372e+01
      vertex   -6.000000e+01 -1.237531e+01 -1.683053e+01
      vertex   -6.000000e+01 -1.493509e+01 -1.707496e+01
    endloop
  endfacet
  facet normal -1.000000e+00 -0.000000e+00 0.000000e+00
    outer loop
      vertex   -6.000000e+01 -1.403917e+01 -1.084372e+01
      vertex   -6.000000e+01 -1.493509e+01 -1.707496e+01
      vertex   -6.000000e+01 -1.500000e+01 9.000000e+00
    endloop
  endfacet
  facet normal -1.000000e+00 0.000000e+00 0.000000e+00
    outer loop
      vertex   -6.000000e+01 -1.500000e+01 9.000000e+00
      vertex   -6.000000e+01 -1.493509e+01 -1.707496e+01
      vertex   -6.000000e+01 -1.500000e+01 -4.000000e+01
    endloop
  endfacet
  facet normal -1.000000e+00 0.000000e+00 0.000000e+00
    outer loop
      vertex   -6.000000e+01 -1.500000e+01 -4.000000e+01
      vertex   -6.000000e+01 -1.493509e+01 -1.707496e+01
      vertex   -6.000000e+01 -1.485905e+01 -1.787134e+01
    endloop
  endfacet
  facet normal -1.000000e+00 0.000000e+00 0.000000e+00
    outer loop
      vertex   -6.000000e+01 -1.500000e+01 -4.000000e+01
      vertex   -6.000000e+01 -1.485905e+01 -1.787134e+01
      vertex   -6.000000e+01 -1.280005e+01 -2.382042e+01
    endloop
  endfacet
  facet normal -1.000000e+00 0.000000e+00 0.000000e+00
    outer loop
      vertex   -6.000000e+01 -1.280005e+01 -2.382042e+01
      vertex   -6.000000e+01 -1.485905e+01 -1.787134e+01
      vertex   -6.000000e+01 -1.229926e+01 -1.762691e+01
    endloop
  endfacet
  facet normal -1.000000e+00 0.000000e+00 0.000000e+00
    outer loop
      vertex   -6.000000e+01 -1.280005e+01 -2.382042e+01
      vertex   -6.000000e+01 -1.229926e+01 -1.762691e+01
      vertex   -6.000000e+01 -1.063683e+01 -2.243020e+01
    endloop
  endfacet
  facet normal -1.000000e+00 0.000000e+00 0.000000e+00
    outer loop
      vertex   -6.000000e+01 -1.237531e+01 -1.683053e+01
      vertex   -6.000000e+01 -1.165194e+01 -1.179942e+01
      vertex   -6.000000e+01 -3.750000e+00 -1.550000e+01
    endloop
  endfacet
  facet normal -1.000000e+00 0.000000e+00 0.000000e+00
    outer loop
      vertex   -6.000000e+01 -3.750000e+00 -1.550000e+01
      vertex   -6.000000e+01 -1.165194e+01 -1.179942e+01
      vertex   -6.000000e+01 -1.135461e+01 -1.105673e+01
    endloop
  endfacet
  facet normal -1.000000e+00 0.000000e+00 0.000000e+00
    outer loop
      vertex   -6.000000e+01 -3.750000e+00 -1.550000e+01
      vertex   -6.000000e+01 -1.135461e+01 -1.105673e+01
      vertex   -6.000000e+01 -3.668054e+00 -1.472033e+01
    endloop
  endfacet
  facet normal -1.000000e+00 0.000000e+00 0.000000e+00
    outer loop
      vertex   -6.000000e+01 -3.668054e+00 -1.472033e+01
      vertex   -6.000000e+01 -1.135461e+01 -1.105673e+01
      vertex   -6.000000e+01 -8.406273e+00 -6.916363e+00
    endloop
  endfacet
  facet normal -1.000000e+00 0.000000e+00 0.000000e+00
    outer loop
      vertex   -6.000000e+01 -3.668054e+00 -1.472033e+01
      vertex   -6.000000e+01 -8.406273e+00 -6.916363e+00
      vertex   -6.000000e+01 -3.425795e+00 -1.397474e+01
    endloop
  endfacet
  facet normal -1.000000e+00 0.000000e+00 0.000000e+00
    outer loop
      vertex   -6.000000e+01 -3.425795e+00 -1.397474e+01
      vertex   -6.000000e+01 -8.406273e+00 -6.916363e+00
      vertex   -6.000000e+01 -7.801673e+00 -6.392474e+00
    endloop
  endfacet
  facet normal -1.000000e+00 0.000000e+00 0.000000e+00
    outer loop
      vertex   -6.000000e+01 -3.425795e+00 -1.397474e+01
      vertex   -6.000000e+01 -7.801673e+00 -6.392474e+00
      vertex   -6.000000e+01 -3.033814e+00 -1.329581e+01
    endloop
  endfacet
  facet normal -1.000000e+00 0.000000e+00 0.000000e+00
    outer loop
      vertex   -6.000000e+01 -3.033814e+00 -1.329581e+01
      vertex   -6.000000e+01 -7.801673e+00 -6.392474e+00
      vertex   -6.000000e+01 -3.283861e+00 -4.063380e+00
    endloop
  endfacet
  facet normal -1.000000e+00 0.000000e+00 0.000000e+00
    outer loop
      vertex   -6.000000e+01 -3.033814e+00 -1.329581e+01
      vertex   -6.000000e+01 -3.283861e+00 -4.063380e+00
      vertex   -6.000000e+01 -2.509240e+00 -1.271321e+01
    endloop
  endfacet
  facet normal -1.000000e+00 0.000000e+00 0.000000e+00
    outer loop
      vertex   -6.000000e+01 -2.509240e+00 -1.271321e+01
      vertex   -6.000000e+01 -3.283861e+00 -4.063380e+00
      vertex   -6.000000e+01 -1.875000e+00 -1.225240e+01
    endloop
  endfacet
  facet normal -1.000000e+00 0.000000e+00 0.000000e+00
    outer loop
      vertex   -6.000000e+01 -1.875000e+00 -1.225240e+01
      vertex   -6.000000e+01 -3.283861e+00 -4.063380e+00
      vertex   -6.000000e+01 -2.506412e+00 -3.874773e+00
    endloop
  endfacet
  facet normal -1.000000e+00 0.000000e+00 0.000000e+00
    outer loop
      vertex   -6.000000e+01 -1.875000e+00 -1.225240e+01
      vertex   -6.000000e+01 -2.506412e+00 -3.874773e+00
      vertex   -6.000000e+01 -1.158814e+00 -1.193354e+01
    endloop
  endfacet
  facet normal -1.000000e+00 0.000000e+00 0.000000e+00
    outer loop
      vertex   -6.000000e+01 -1.158814e+00 -1.193354e+01
      vertex   -6.000000e+01 -2.506412e+00 -3.874773e+00
      vertex   -6.000000e+01 -3.919817e-01 -1.177054e+01
    endloop
  endfacet
  facet normal -1.000000e+00 0.000000e+00 0.000000e+00
    outer loop
      vertex   -6.000000e+01 -3.919817e-01 -1.177054e+01
      vertex   -6.000000e+01 -2.506412e+00 -3.874773e+00
      vertex   -6.000000e+01 3.919817e-01 -1.177054e+01
    endloop
  endfacet
  facet normal -1.000000e+00 0.000000e+00 0.000000e+00
    outer loop
      vertex   -6.000000e+01 3.919817e-01 -1.177054e+01
      vertex   -6.000000e+01 -2.506412e+00 -3.874773e+00
      vertex   -6.000000e+01 2.576433e+00 -3.874773e+00
    endloop
  endfacet
  facet normal -1.000000e+00 0.000000e+00 0.000000e+00
    outer loop
      vertex   -6.000000e+01 3.919817e-01 -1.177054e+01
      vertex   -6.000000e+01 2.576433e+00 -3.874773e+00
      vertex   -6.000000e+01 1.158814e+00 -1.193354e+01
    endloop
  endfacet
  facet normal -1.000000e+00 0.000000e+00 0.000000e+00
    outer loop
      vertex   -6.000000e+01 1.158814e+00 -1.193354e+01
      vertex   -6.000000e+01 2.576433e+00 -3.874773e+00
      vertex   -6.000000e+01 1.875000e+00 -1.225240e+01
    endloop
  endfacet
  facet normal -1.000000e+00 0.000000e+00 0.000000e+00
    outer loop
      vertex   -6.000000e+01 1.875000e+00 -1.225240e+01
      vertex   -6.000000e+01 2.576433e+00 -3.874773e+00
      vertex   -6.000000e+01 3.353882e+00 -4.063380e+00
    endloop
  endfacet
  facet normal -1.000000e+00 0.000000e+00 0.000000e+00
    outer loop
      vertex   -6.000000e+01 1.875000e+00 -1.225240e+01
      vertex   -6.000000e+01 3.353882e+00 -4.063380e+00
      vertex   -6.000000e+01 2.509240e+00 -1.271321e+01
    endloop
  endfacet
  facet normal -1.000000e+00 0.000000e+00 0.000000e+00
    outer loop
      vertex   -6.000000e+01 2.509240e+00 -1.271321e+01
      vertex   -6.000000e+01 3.353882e+00 -4.063380e+00
      vertex   -6.000000e+01 3.033814e+00 -1.329581e+01
    endloop
  endfacet
  facet normal -1.000000e+00 0.000000e+00 0.000000e+00
    outer loop
      vertex   -6.000000e+01 3.033814e+00 -1.329581e+01
      vertex   -6.000000e+01 3.353882e+00 -4.063380e+00
      vertex   -6.000000e+01 7.871694e+00 -6.392474e+00
    endloop
  endfacet
  facet normal -1.000000e+00 0.000000e+00 0.000000e+00
    outer loop
      vertex   -6.000000e+01 3.033814e+00 -1.329581e+01
      vertex   -6.000000e+01 7.871694e+00 -6.392474e+00
      vertex   -6.000000e+01 3.425795e+00 -1.397474e+01
    endloop
  endfacet
  facet normal -1.000000e+00 0.000000e+00 0.000000e+00
    outer loop
      vertex   -6.000000e+01 3.425795e+00 -1.397474e+01
      vertex   -6.000000e+01 7.871694e+00 -6.392474e+00
      vertex   -6.000000e+01 8.476294e+00 -6.916363e+00
    endloop
  endfacet
  facet normal -1.000000e+00 0.000000e+00 0.000000e+00
    outer loop
      vertex   -6.000000e+01 3.425795e+00 -1.397474e+01
      vertex   -6.000000e+01 8.476294e+00 -6.916363e+00
      vertex   -6.000000e+01 3.668054e+00 -1.472033e+01
    endloop
  endfacet
  facet normal -1.000000e+00 0.000000e+00 0.000000e+00
    outer loop
      vertex   -6.000000e+01 3.668054e+00 -1.472033e+01
      vertex   -6.000000e+01 8.476294e+00 -6.916363e+00
      vertex   -6.000000e+01 1.142463e+01 -1.105673e+01
    endloop
  endfacet
  facet normal -1.000000e+00 0.000000e+00 0.000000e+00
    outer loop
      vertex   -6.000000e+01 3.668054e+00 -1.472033e+01
      vertex   -6.000000e+01 1.142463e+01 -1.105673e+01
      vertex   -6.000000e+01 3.750000e+00 -1.550000e+01
    endloop
  endfacet
  facet normal -1.000000e+00 0.000000e+00 0.000000e+00
    outer loop
      vertex   -6.000000e+01 3.750000e+00 -1.550000e+01
      vertex   -6.000000e+01 1.142463e+01 -1.105673e+01
      vertex   -6.000000e+01 1.172196e+01 -1.179942e+01
    endloop
  endfacet
  facet normal -1.000000e+00 0.000000e+00 0.000000e+00
    outer loop
      vertex   -6.000000e+01 3.750000e+00 -1.550000e+01
      vertex   -6.000000e+01 1.172196e+01 -1.179942e+01
      vertex   -6.000000e+01 1.244533e+01 -1.683053e+01
    endloop
  endfacet
  facet normal -1.000000e+00 0.000000e+00 0.000000e+00
    outer loop
      vertex   -6.000000e+01 1.244533e+01 -1.683053e+01
      vertex   -6.000000e+01 1.172196e+01 -1.179942e+01
      vertex   -6.000000e+01 1.410919e+01 -1.084372e+01
    endloop
  endfacet
  facet normal -1.000000e+00 0.000000e+00 0.000000e+00
    outer loop
      vertex   -6.000000e+01 1.244533e+01 -1.683053e+01
      vertex   -6.000000e+01 1.410919e+01 -1.084372e+01
      vertex   -6.000000e+01 1.500000e+01 -1.707447e+01
    endloop
  endfacet
  facet normal -1.000000e+00 0.000000e+00 0.000000e+00
    outer loop
      vertex   -6.000000e+01 1.500000e+01 -1.707447e+01
      vertex   -6.000000e+01 1.410919e+01 -1.084372e+01
      vertex   -6.000000e+01 1.500000e+01 9.000000e+00
    endloop
  endfacet
  facet normal -1.000000e+00 0.000000e+00 0.000000e+00
    outer loop
      vertex   -6.000000e+01 1.500000e+01 9.000000e+00
      vertex   -6.000000e+01 1.410919e+01 -1.084372e+01
      vertex   -6.000000e+01 1.381186e+01 -1.010102e+01
    endloop
  endfacet
  facet normal -1.000000e+00 0.000000e+00 0.000000e+00
    outer loop
      vertex   -6.000000e+01 1.500000e+01 9.000000e+00
      vertex   -6.000000e+01 1.381186e+01 -1.010102e+01
      vertex   -6.000000e+01 1.016022e+01 -4.973007e+00
    endloop
  endfacet
  facet normal -1.000000e+00 0.000000e+00 0.000000e+00
    outer loop
      vertex   -6.000000e+01 1.016022e+01 -4.973007e+00
      vertex   -6.000000e+01 1.381186e+01 -1.010102e+01
      vertex   -6.000000e+01 1.142463e+01 -1.105673e+01
    endloop
  endfacet
  facet normal -1.000000e+00 0.000000e+00 -0.000000e+00
    outer loop
      vertex   -6.000000e+01 1.016022e+01 -4.973007e+00
      vertex   -6.000000e+01 1.142463e+01 -1.105673e+01
      vertex   -6.000000e+01 8.476294e+00 -6.916363e+00
    endloop
  endfacet
  facet normal -1.000000e+00 -0.000000e+00 0.000000e+00
    outer loop
      vertex   -6.000000e+01 -8.406273e+00 -6.916363e+00
      vertex   -6.000000e+01 -1.135461e+01 -1.105673e+01
      vertex   -6.000000e+01 -1.009020e+01 -4.973007e+00
    endloop
  endfacet
  facet normal -1.000000e+00 0.000000e+00 0.000000e+00
    outer loop
      vertex   -6.000000e+01 -1.009020e+01 -4.973007e+00
      vertex   -6.000000e+01 -1.135461e+01 -1.105673e+01
      vertex   -6.000000e+01 -1.374184e+01 -1.010102e+01
    endloop
  endfacet
  facet normal -1.000000e+00 -0.000000e+00 0.000000e+00
    outer loop
      vertex   -6.000000e+01 -1.009020e+01 -4.973007e+00
      vertex   -6.000000e+01 -1.374184e+01 -1.010102e+01
      vertex   -6.000000e+01 -1.500000e+01 9.000000e+00
    endloop
  endfacet
  facet normal -1.000000e+00 0.000000e+00 0.000000e+00
    outer loop
      vertex   -6.000000e+01 -1.500000e+01 9.000000e+00
      vertex   -6.000000e+01 -1.374184e+01 -1.010102e+01
      vertex   -6.000000e+01 -1.403917e+01 -1.084372e+01
    endloop
  endfacet
  facet normal -1.000000e+00 0.000000e+00 0.000000e+00
    outer loop
      vertex   -6.000000e+01 2.576433e+00 -3.874773e+00
      vertex   -6.000000e+01 -2.506412e+00 -3.874773e+00
      vertex   -6.000000e+01 3.182670e+00 -1.375829e+00
    endloop
  endfacet
  facet normal -1.000000e+00 -0.000000e+00 0.000000e+00
    outer loop
      vertex   -6.000000e+01 3.182670e+00 -1.375829e+00
      vertex   -6.000000e+01 -2.506412e+00 -3.874773e+00
      vertex   -6.000000e+01 -3.112649e+00 -1.375829e+00
    endloop
  endfacet
  facet normal -1.000000e+00 0.000000e+00 0.000000e+00
    outer loop
      vertex   -6.000000e+01 3.182670e+00 -1.375829e+00
      vertex   -6.000000e+01 -3.112649e+00 -1.375829e+00
      vertex   -6.000000e+01 1.500000e+01 9.000000e+00
    endloop
  endfacet
  facet normal -1.000000e+00 -0.000000e+00 0.000000e+00
    outer loop
      vertex   -6.000000e+01 1.500000e+01 9.000000e+00
      vertex   -6.000000e+01 -3.112649e+00 -1.375829e+00
      vertex   -6.000000e+01 -1.500000e+01 9.000000e+00
    endloop
  endfacet
  facet normal -1.000000e+00 0.000000e+00 0.000000e+00
    outer loop
      vertex   -6.000000e+01 -1.500000e+01 9.000000e+00
      vertex   -6.000000e+01 -3.112649e+00 -1.375829e+00
      vertex   -6.000000e+01 -3.890098e+00 -1.564436e+00
    endloop
  endfacet
  facet normal -1.000000e+00 0.000000e+00 0.000000e+00
    outer loop
      vertex   -6.000000e+01 -1.500000e+01 9.000000e+00
      vertex   -6.000000e+01 -3.890098e+00 -1.564436e+00
      vertex   -6.000000e+01 -9.485601e+00 -4.449118e+00
    endloop
  endfacet
  facet normal -1.000000e+00 0.000000e+00 0.000000e+00
    outer loop
      vertex   -6.000000e+01 -9.485601e+00 -4.449118e+00
      vertex   -6.000000e+01 -3.890098e+00 -1.564436e+00
      vertex   -6.000000e+01 -7.801673e+00 -6.392474e+00
    endloop
  endfacet
  facet normal -1.000000e+00 0.000000e+00 0.000000e+00
    outer loop
      vertex   -6.000000e+01 -7.801673e+00 -6.392474e+00
      vertex   -6.000000e+01 -3.890098e+00 -1.564436e+00
      vertex   -6.000000e+01 -3.283861e+00 -4.063380e+00
    endloop
  endfacet
  facet normal -1.000000e+00 0.000000e+00 0.000000e+00
    outer loop
      vertex   -6.000000e+01 3.353882e+00 -4.063380e+00
      vertex   -6.000000e+01 3.960119e+00 -1.564436e+00
      vertex   -6.000000e+01 7.871694e+00 -6.392474e+00
    endloop
  endfacet
  facet normal -1.000000e+00 0.000000e+00 0.000000e+00
    outer loop
      vertex   -6.000000e+01 7.871694e+00 -6.392474e+00
      vertex   -6.000000e+01 3.960119e+00 -1.564436e+00
      vertex   -6.000000e+01 9.555622e+00 -4.449118e+00
    endloop
  endfacet
  facet normal -1.000000e+00 0.000000e+00 0.000000e+00
    outer loop
      vertex   -6.000000e+01 9.555622e+00 -4.449118e+00
      vertex   -6.000000e+01 3.960119e+00 -1.564436e+00
      vertex   -6.000000e+01 1.500000e+01 9.000000e+00
    endloop
  endfacet
  facet normal -1.000000e+00 0.000000e+00 0.000000e+00
    outer loop
      vertex   -6.000000e+01 9.555622e+00 -4.449118e+00
      vertex   -6.000000e+01 1.500000e+01 9.000000e+00
      vertex   -6.000000e+01 1.016022e+01 -4.973007e+00
    endloop
  endfacet
  facet normal -1.000000e+00 0.000000e+00 0.000000e+00
    outer loop
      vertex   -6.000000e+01 3.960119e+00 -1.564436e+00
      vertex   -6.000000e+01 3.182670e+00 -1.375829e+00
      vertex   -6.000000e+01 1.500000e+01 9.000000e+00
    endloop
  endfacet
  facet normal -1.000000e+00 0.000000e+00 0.000000e+00
    outer loop
      vertex   -6.000000e+01 1.243756e+01 -2.449342e+01
      vertex   -6.000000e+01 1.287007e+01 -2.382042e+01
      vertex   -6.000000e+01 1.500000e+01 -4.000000e+01
    endloop
  endfacet
  facet normal -1.000000e+00 0.000000e+00 0.000000e+00
    outer loop
      vertex   -6.000000e+01 1.500000e+01 -4.000000e+01
      vertex   -6.000000e+01 1.287007e+01 -2.382042e+01
      vertex   -6.000000e+01 1.492907e+01 -1.787134e+01
    endloop
  endfacet
  facet normal -1.000000e+00 0.000000e+00 0.000000e+00
    outer loop
      vertex   -6.000000e+01 1.500000e+01 -4.000000e+01
      vertex   -6.000000e+01 1.492907e+01 -1.787134e+01
      vertex   -6.000000e+01 1.500000e+01 -1.712849e+01
    endloop
  endfacet
  facet normal -1.000000e+00 -0.000000e+00 0.000000e+00
    outer loop
      vertex   -6.000000e+01 1.492907e+01 -1.787134e+01
      vertex   -6.000000e+01 1.287007e+01 -2.382042e+01
      vertex   -6.000000e+01 1.236928e+01 -1.762691e+01
    endloop
  endfacet
  facet normal -1.000000e+00 0.000000e+00 -0.000000e+00
    outer loop
      vertex   -6.000000e+01 1.236928e+01 -1.762691e+01
      vertex   -6.000000e+01 1.287007e+01 -2.382042e+01
      vertex   -6.000000e+01 1.070685e+01 -2.243020e+01
    endloop
  endfacet
  facet normal -1.000000e+00 -0.000000e+00 0.000000e+00
    outer loop
      vertex   -6.000000e+01 1.236928e+01 -1.762691e+01
      vertex   -6.000000e+01 1.070685e+01 -2.243020e+01
      vertex   -6.000000e+01 3.750000e+00 -1.550000e+01
    endloop
  endfacet
  facet normal -1.000000e+00 0.000000e+00 -0.000000e+00
    outer loop
      vertex   -6.000000e+01 3.750000e+00 -1.550000e+01
      vertex   -6.000000e+01 1.070685e+01 -2.243020e+01
      vertex   -6.000000e+01 3.668054e+00 -1.627967e+01
    endloop
  endfacet
  facet normal -1.000000e+00 0.000000e+00 0.000000e+00
    outer loop
      vertex   -6.000000e+01 3.668054e+00 -1.627967e+01
      vertex   -6.000000e+01 1.070685e+01 -2.243020e+01
      vertex   -6.000000e+01 1.027433e+01 -2.310320e+01
    endloop
  endfacet
  facet normal -1.000000e+00 0.000000e+00 -0.000000e+00
    outer loop
      vertex   -6.000000e+01 7.864458e+00 -3.070949e+01
      vertex   -6.000000e+01 7.864458e+00 -3.256142e+01
      vertex   -6.000000e+01 4.833512e+00 -3.538731e+01
    endloop
  endfacet
  facet normal -1.000000e+00 0.000000e+00 0.000000e+00
    outer loop
      vertex   -6.000000e+01 4.833512e+00 -3.538731e+01
      vertex   -6.000000e+01 7.864458e+00 -3.256142e+01
      vertex   -6.000000e+01 7.873974e+00 -3.265905e+01
    endloop
  endfacet
  facet normal -1.000000e+00 0.000000e+00 0.000000e+00
    outer loop
      vertex   -6.000000e+01 4.833512e+00 -3.538731e+01
      vertex   -6.000000e+01 7.873974e+00 -3.265905e+01
      vertex   -6.000000e+01 7.905007e+00 -3.275898e+01
    endloop
  endfacet
  facet normal -1.000000e+00 0.000000e+00 -0.000000e+00
    outer loop
      vertex   -6.000000e+01 7.905007e+00 -3.275898e+01
      vertex   -6.000000e+01 7.953999e+00 -3.284935e+01
      vertex   -6.000000e+01 4.833512e+00 -3.538731e+01
    endloop
  endfacet
  facet normal -1.000000e+00 0.000000e+00 0.000000e+00
    outer loop
      vertex   -6.000000e+01 4.833512e+00 -3.538731e+01
      vertex   -6.000000e+01 7.953999e+00 -3.284935e+01
      vertex   -6.000000e+01 8.018723e+00 -3.292788e+01
    endloop
  endfacet
  facet normal -1.000000e+00 0.000000e+00 0.000000e+00
    outer loop
      vertex   -6.000000e+01 4.833512e+00 -3.538731e+01
      vertex   -6.000000e+01 8.018723e+00 -3.292788e+01
      vertex   -6.000000e+01 8.096843e+00 -3.299215e+01
    endloop
  endfacet
  facet normal -1.000000e+00 0.000000e+00 -0.000000e+00
    outer loop
      vertex   -6.000000e+01 8.286883e+00 -3.307196e+01
      vertex   -6.000000e+01 8.384518e+00 -3.308148e+01
      vertex   -6.000000e+01 4.833512e+00 -3.870731e+01
    endloop
  endfacet
  facet normal -1.000000e+00 0.000000e+00 0.000000e+00
    outer loop
      vertex   -6.000000e+01 4.833512e+00 -3.870731e+01
      vertex   -6.000000e+01 8.384518e+00 -3.308148e+01
      vertex   -6.000000e+01 9.685503e+00 -3.308148e+01
    endloop
  endfacet
  facet normal -1.000000e+00 -0.000000e+00 -0.000000e+00
    outer loop
      vertex   -6.000000e+01 1.747566e+00 -3.870731e+01
      vertex   -6.000000e+01 1.500000e+01 -4.000000e+01
      vertex   -6.000000e+01 9.984206e-01 -3.870731e+01
    endloop
  endfacet
  facet normal -1.000000e+00 0.000000e+00 -0.000000e+00
    outer loop
      vertex   -6.000000e+01 9.984206e-01 -3.870731e+01
      vertex   -6.000000e+01 1.500000e+01 -4.000000e+01
      vertex   -6.000000e+01 -1.500000e+01 -4.000000e+01
    endloop
  endfacet
  facet normal -1.000000e+00 -0.000000e+00 0.000000e+00
    outer loop
      vertex   -6.000000e+01 9.984206e-01 -3.870731e+01
      vertex   -6.000000e+01 -1.500000e+01 -4.000000e+01
      vertex   -6.000000e+01 -1.221219e+00 -3.870731e+01
    endloop
  endfacet
  facet normal -1.000000e+00 -0.000000e+00 0.000000e+00
    outer loop
      vertex   -6.000000e+01 -1.221219e+00 -3.870731e+01
      vertex   -6.000000e+01 -1.500000e+01 -4.000000e+01
      vertex   -6.000000e+01 -1.970364e+00 -3.870731e+01
    endloop
  endfacet
  facet normal -1.000000e+00 -0.000000e+00 0.000000e+00
    outer loop
      vertex   -6.000000e+01 -1.970364e+00 -3.870731e+01
      vertex   -6.000000e+01 -1.500000e+01 -4.000000e+01
      vertex   -6.000000e+01 -2.831675e+00 -3.870731e+01
    endloop
  endfacet
  facet normal -1.000000e+00 0.000000e+00 0.000000e+00
    outer loop
      vertex   -6.000000e+01 -1.970364e+00 -3.870731e+01
      vertex   -6.000000e+01 -2.831675e+00 -3.870731e+01
      vertex   -6.000000e+01 -1.970364e+00 -3.701559e+01
    endloop
  endfacet
  facet normal -1.000000e+00 0.000000e+00 0.000000e+00
    outer loop
      vertex   -6.000000e+01 1.747566e+00 -3.538731e+01
      vertex   -6.000000e+01 -8.071119e-02 -3.538731e+01
      vertex   -6.000000e+01 5.474315e+00 -2.626846e+01
    endloop
  endfacet
  facet normal -1.000000e+00 0.000000e+00 0.000000e+00
    outer loop
      vertex   -6.000000e+01 -5.404293e+00 -2.626846e+01
      vertex   -6.000000e+01 -8.071119e-02 -3.538731e+01
      vertex   -6.000000e+01 -1.221219e+00 -3.538731e+01
    endloop
  endfacet
  facet normal -1.000000e+00 0.000000e+00 0.000000e+00
    outer loop
      vertex   -6.000000e+01 -1.221219e+00 -3.538731e+01
      vertex   -6.000000e+01 -8.071119e-02 -3.538731e+01
      vertex   -6.000000e+01 -7.275689e-01 -3.560332e+01
    endloop
  endfacet
  facet normal -1.000000e+00 0.000000e+00 0.000000e+00
    outer loop
      vertex   -6.000000e+01 -1.221219e+00 -3.538731e+01
      vertex   -6.000000e+01 -7.275689e-01 -3.560332e+01
      vertex   -6.000000e+01 -9.431103e-01 -3.625113e+01
    endloop
  endfacet
  facet normal -1.000000e+00 -0.000000e+00 -0.000000e+00
    outer loop
      vertex   -6.000000e+01 -9.431103e-01 -3.625113e+01
      vertex   -6.000000e+01 -9.431103e-01 -3.673011e+01
      vertex   -6.000000e+01 -1.221219e+00 -3.538731e+01
    endloop
  endfacet
  facet normal -1.000000e+00 0.000000e+00 0.000000e+00
    outer loop
      vertex   -6.000000e+01 -1.221219e+00 -3.538731e+01
      vertex   -6.000000e+01 -9.431103e-01 -3.673011e+01
      vertex   -6.000000e+01 -1.221219e+00 -3.870731e+01
    endloop
  endfacet
  facet normal -1.000000e+00 0.000000e+00 0.000000e+00
    outer loop
      vertex   -6.000000e+01 -1.221219e+00 -3.870731e+01
      vertex   -6.000000e+01 -9.431103e-01 -3.673011e+01
      vertex   -6.000000e+01 -7.275689e-01 -3.737792e+01
    endloop
  endfacet
  facet normal -1.000000e+00 0.000000e+00 0.000000e+00
    outer loop
      vertex   -6.000000e+01 -1.221219e+00 -3.870731e+01
      vertex   -6.000000e+01 -7.275689e-01 -3.737792e+01
      vertex   -6.000000e+01 -8.071119e-02 -3.759394e+01
    endloop
  endfacet
  facet normal -1.000000e+00 -0.000000e+00 -0.000000e+00
    outer loop
      vertex   -6.000000e+01 9.984206e-01 -3.759394e+01
      vertex   -6.000000e+01 9.984206e-01 -3.870731e+01
      vertex   -6.000000e+01 -8.071119e-02 -3.759394e+01
    endloop
  endfacet
  facet normal -1.000000e+00 0.000000e+00 -0.000000e+00
    outer loop
      vertex   -6.000000e+01 -8.071119e-02 -3.759394e+01
      vertex   -6.000000e+01 9.984206e-01 -3.870731e+01
      vertex   -6.000000e+01 -1.221219e+00 -3.870731e+01
    endloop
  endfacet
  facet normal -1.000000e+00 -0.000000e+00 0.000000e+00
    outer loop
      vertex   -6.000000e+01 -1.017216e+01 -3.308148e+01
      vertex   -6.000000e+01 -1.500000e+01 -4.000000e+01
      vertex   -6.000000e+01 -1.017216e+01 -3.019005e+01
    endloop
  endfacet
  facet normal -1.000000e+00 -0.000000e+00 0.000000e+00
    outer loop
      vertex   -6.000000e+01 -1.017216e+01 -3.019005e+01
      vertex   -6.000000e+01 -1.500000e+01 -4.000000e+01
      vertex   -6.000000e+01 -1.236754e+01 -2.449342e+01
    endloop
  endfacet
  facet normal -1.000000e+00 0.000000e+00 0.000000e+00
    outer loop
      vertex   -6.000000e+01 -1.017216e+01 -3.019005e+01
      vertex   -6.000000e+01 -1.236754e+01 -2.449342e+01
      vertex   -6.000000e+01 -1.020431e+01 -2.310320e+01
    endloop
  endfacet
  facet normal -1.000000e+00 0.000000e+00 -0.000000e+00
    outer loop
      vertex   -6.000000e+01 -1.017216e+01 -3.308148e+01
      vertex   -6.000000e+01 -9.484322e+00 -3.308148e+01
      vertex   -6.000000e+01 -1.500000e+01 -4.000000e+01
    endloop
  endfacet
  facet normal -1.000000e+00 0.000000e+00 0.000000e+00
    outer loop
      vertex   -6.000000e+01 -1.500000e+01 -4.000000e+01
      vertex   -6.000000e+01 -9.484322e+00 -3.308148e+01
      vertex   -6.000000e+01 -4.763491e+00 -3.870731e+01
    endloop
  endfacet
  facet normal -1.000000e+00 0.000000e+00 0.000000e+00
    outer loop
      vertex   -6.000000e+01 -1.500000e+01 -4.000000e+01
      vertex   -6.000000e+01 -4.763491e+00 -3.870731e+01
      vertex   -6.000000e+01 -4.016354e+00 -3.870731e+01
    endloop
  endfacet
  facet normal -1.000000e+00 0.000000e+00 0.000000e+00
    outer loop
      vertex   -6.000000e+01 -9.484322e+00 -3.087731e+01
      vertex   -6.000000e+01 -9.043604e+00 -3.087731e+01
      vertex   -6.000000e+01 -9.484322e+00 -3.308148e+01
    endloop
  endfacet
  facet normal -1.000000e+00 0.000000e+00 0.000000e+00
    outer loop
      vertex   -6.000000e+01 -9.484322e+00 -3.308148e+01
      vertex   -6.000000e+01 -9.043604e+00 -3.087731e+01
      vertex   -6.000000e+01 -8.886375e+00 -3.308148e+01
    endloop
  endfacet
  facet normal -1.000000e+00 0.000000e+00 0.000000e+00
    outer loop
      vertex   -6.000000e+01 -9.484322e+00 -3.308148e+01
      vertex   -6.000000e+01 -8.886375e+00 -3.308148e+01
      vertex   -6.000000e+01 -4.763491e+00 -3.870731e+01
    endloop
  endfacet
  facet normal -1.000000e+00 0.000000e+00 0.000000e+00
    outer loop
      vertex   -6.000000e+01 -4.763491e+00 -3.870731e+01
      vertex   -6.000000e+01 -8.886375e+00 -3.308148e+01
      vertex   -6.000000e+01 -8.198536e+00 -3.308148e+01
    endloop
  endfacet
  facet normal -1.000000e+00 0.000000e+00 0.000000e+00
    outer loop
      vertex   -6.000000e+01 -4.763491e+00 -3.870731e+01
      vertex   -6.000000e+01 -8.198536e+00 -3.308148e+01
      vertex   -6.000000e+01 -4.763491e+00 -3.538731e+01
    endloop
  endfacet
  facet normal -1.000000e+00 0.000000e+00 0.000000e+00
    outer loop
      vertex   -6.000000e+01 -4.763491e+00 -3.538731e+01
      vertex   -6.000000e+01 -8.198536e+00 -3.308148e+01
      vertex   -6.000000e+01 -7.757818e+00 -3.087731e+01
    endloop
  endfacet
  facet normal -1.000000e+00 0.000000e+00 0.000000e+00
    outer loop
      vertex   -6.000000e+01 -4.763491e+00 -3.538731e+01
      vertex   -6.000000e+01 -7.757818e+00 -3.087731e+01
      vertex   -6.000000e+01 -7.118579e+00 -2.923769e+01
    endloop
  endfacet
  facet normal -1.000000e+00 0.000000e+00 0.000000e+00
    outer loop
      vertex   -6.000000e+01 -7.118579e+00 -2.923769e+01
      vertex   -6.000000e+01 -7.757818e+00 -3.087731e+01
      vertex   -6.000000e+01 -7.757818e+00 -3.019005e+01
    endloop
  endfacet
  facet normal -1.000000e+00 -0.000000e+00 0.000000e+00
    outer loop
      vertex   -6.000000e+01 -7.118579e+00 -2.923769e+01
      vertex   -6.000000e+01 -7.757818e+00 -3.019005e+01
      vertex   -6.000000e+01 -7.811400e+00 -2.883769e+01
    endloop
  endfacet
  facet normal -1.000000e+00 0.000000e+00 -0.000000e+00
    outer loop
      vertex   -6.000000e+01 -7.811400e+00 -2.883769e+01
      vertex   -6.000000e+01 -7.757818e+00 -3.019005e+01
      vertex   -6.000000e+01 -8.886375e+00 -3.019005e+01
    endloop
  endfacet
  facet normal -1.000000e+00 0.000000e+00 0.000000e+00
    outer loop
      vertex   -6.000000e+01 -7.811400e+00 -2.883769e+01
      vertex   -6.000000e+01 -8.886375e+00 -3.019005e+01
      vertex   -6.000000e+01 -9.043604e+00 -3.019005e+01
    endloop
  endfacet
  facet normal -1.000000e+00 0.000000e+00 0.000000e+00
    outer loop
      vertex   -6.000000e+01 -9.043604e+00 -3.019005e+01
      vertex   -6.000000e+01 -8.886375e+00 -3.019005e+01
      vertex   -6.000000e+01 -9.043604e+00 -3.087731e+01
    endloop
  endfacet
  facet normal -1.000000e+00 0.000000e+00 0.000000e+00
    outer loop
      vertex   -6.000000e+01 -9.043604e+00 -3.087731e+01
      vertex   -6.000000e+01 -8.886375e+00 -3.019005e+01
      vertex   -6.000000e+01 -8.886375e+00 -3.308148e+01
    endloop
  endfacet
  facet normal -1.000000e+00 -0.000000e+00 0.000000e+00
    outer loop
      vertex   -6.000000e+01 -7.811400e+00 -2.883769e+01
      vertex   -6.000000e+01 -9.043604e+00 -3.019005e+01
      vertex   -6.000000e+01 -1.020431e+01 -2.310320e+01
    endloop
  endfacet
  facet normal -1.000000e+00 0.000000e+00 0.000000e+00
    outer loop
      vertex   -6.000000e+01 -1.020431e+01 -2.310320e+01
      vertex   -6.000000e+01 -9.043604e+00 -3.019005e+01
      vertex   -6.000000e+01 -1.017216e+01 -3.019005e+01
    endloop
  endfacet
  facet normal -1.000000e+00 -0.000000e+00 0.000000e+00
    outer loop
      vertex   -6.000000e+01 -6.097114e+00 -2.586846e+01
      vertex   -6.000000e+01 -7.811400e+00 -2.883769e+01
      vertex   -6.000000e+01 -1.020431e+01 -2.310320e+01
    endloop
  endfacet
  facet normal -1.000000e+00 0.000000e+00 0.000000e+00
    outer loop
      vertex   -6.000000e+01 -4.763491e+00 -3.538731e+01
      vertex   -6.000000e+01 -7.118579e+00 -2.923769e+01
      vertex   -6.000000e+01 -4.038556e+00 -3.538731e+01
    endloop
  endfacet
  facet normal -1.000000e+00 0.000000e+00 0.000000e+00
    outer loop
      vertex   -6.000000e+01 -4.038556e+00 -3.538731e+01
      vertex   -6.000000e+01 -7.118579e+00 -2.923769e+01
      vertex   -6.000000e+01 -5.404293e+00 -2.626846e+01
    endloop
  endfacet
  facet normal -1.000000e+00 0.000000e+00 0.000000e+00
    outer loop
      vertex   -6.000000e+01 -4.038556e+00 -3.538731e+01
      vertex   -6.000000e+01 -5.404293e+00 -2.626846e+01
      vertex   -6.000000e+01 -1.948267e+00 -3.538731e+01
    endloop
  endfacet
  facet normal -1.000000e+00 0.000000e+00 0.000000e+00
    outer loop
      vertex   -6.000000e+01 -1.948267e+00 -3.538731e+01
      vertex   -6.000000e+01 -5.404293e+00 -2.626846e+01
      vertex   -6.000000e+01 -1.221219e+00 -3.538731e+01
    endloop
  endfacet
  facet normal -1.000000e+00 -0.000000e+00 0.000000e+00
    outer loop
      vertex   -6.000000e+01 -9.485601e+00 -4.449118e+00
      vertex   -6.000000e+01 -1.009020e+01 -4.973007e+00
      vertex   -6.000000e+01 -1.500000e+01 9.000000e+00
    endloop
  endfacet
  facet normal -1.000000e+00 0.000000e+00 -0.000000e+00
    outer loop
      vertex   -6.000000e+01 -1.280005e+01 -2.382042e+01
      vertex   -6.000000e+01 -1.236754e+01 -2.449342e+01
      vertex   -6.000000e+01 -1.500000e+01 -4.000000e+01
    endloop
  endfacet
  facet normal -1.000000e+00 0.000000e+00 0.000000e+00
    outer loop
      vertex   -6.000000e+01 -8.198536e+00 -3.087731e+01
      vertex   -6.000000e+01 -7.757818e+00 -3.087731e+01
      vertex   -6.000000e+01 -8.198536e+00 -3.308148e+01
    endloop
  endfacet
  facet normal -1.000000e+00 -0.000000e+00 0.000000e+00
    outer loop
      vertex   -6.000000e+01 -1.948267e+00 -3.538731e+01
      vertex   -6.000000e+01 -2.992187e+00 -3.745251e+01
      vertex   -6.000000e+01 -4.038556e+00 -3.538731e+01
    endloop
  endfacet
  facet normal -1.000000e+00 0.000000e+00 0.000000e+00
    outer loop
      vertex   -6.000000e+01 -4.016354e+00 -3.701559e+01
      vertex   -6.000000e+01 -3.155043e+00 -3.870731e+01
      vertex   -6.000000e+01 -4.016354e+00 -3.870731e+01
    endloop
  endfacet
  facet normal -1.000000e+00 0.000000e+00 -0.000000e+00
    outer loop
      vertex   -6.000000e+01 -4.016354e+00 -3.870731e+01
      vertex   -6.000000e+01 -3.155043e+00 -3.870731e+01
      vertex   -6.000000e+01 -1.500000e+01 -4.000000e+01
    endloop
  endfacet
  facet normal -1.000000e+00 0.000000e+00 -0.000000e+00
    outer loop
      vertex   -6.000000e+01 -3.155043e+00 -3.870731e+01
      vertex   -6.000000e+01 -2.831675e+00 -3.870731e+01
      vertex   -6.000000e+01 -1.500000e+01 -4.000000e+01
    endloop
  endfacet
  facet normal -1.000000e+00 -0.000000e+00 0.000000e+00
    outer loop
      vertex   -6.000000e+01 1.244533e+01 -1.683053e+01
      vertex   -6.000000e+01 1.236928e+01 -1.762691e+01
      vertex   -6.000000e+01 3.750000e+00 -1.550000e+01
    endloop
  endfacet
  facet normal -9.961947e-01 8.715574e-02 0.000000e+00
    outer loop
      vertex   -6.000000e+01 1.500000e+01 -1.707447e+01
      vertex   -6.000000e+01 1.500000e+01 9.000000e+00
      vertex   -5.992404e+01 1.586824e+01 -7.333333e+00
    endloop
  endfacet
  facet normal -9.961947e-01 8.715574e-02 0.000000e+00
    outer loop
      vertex   -5.992404e+01 1.586824e+01 -7.333333e+00
      vertex   -6.000000e+01 1.500000e+01 9.000000e+00
      vertex   -5.992404e+01 1.586824e+01 9.000000e+00
    endloop
  endfacet
  facet normal -9.659258e-01 2.588190e-01 0.000000e+00
    outer loop
      vertex   -5.992404e+01 1.586824e+01 -7.333333e+00
      vertex   -5.992404e+01 1.586824e+01 9.000000e+00
      vertex   -5.969846e+01 1.671010e+01 -7.333333e+00
    endloop
  endfacet
  facet normal -9.659258e-01 2.588190e-01 0.000000e+00
    outer loop
      vertex   -5.969846e+01 1.671010e+01 -7.333333e+00
      vertex   -5.992404e+01 1.586824e+01 9.000000e+00
      vertex   -5.969846e+01 1.671010e+01 9.000000e+00
    endloop
  endfacet
  facet normal -9.063078e-01 4.226183e-01 0.000000e+00
    outer loop
      vertex   -5.969846e+01 1.671010e+01 -7.333333e+00
      vertex   -5.969846e+01 1.671010e+01 9.000000e+00
      vertex   -5.933013e+01 1.750000e+01 -7.333333e+00
    endloop
  endfacet
  facet normal -9.063078e-01 4.226183e-01 9.192500e-17
    outer loop
      vertex   -5.933013e+01 1.750000e+01 -7.333333e+00
      vertex   -5.969846e+01 1.671010e+01 9.000000e+00
      vertex   -5.933013e+01 1.750000e+01 9.000000e+00
    endloop
  endfacet
  facet normal -8.191520e-01 5.735764e-01 1.247604e-16
    outer loop
      vertex   -5.933013e+01 1.750000e+01 -7.333333e+00
      vertex   -5.933013e+01 1.750000e+01 9.000000e+00
      vertex   -5.883022e+01 1.821394e+01 -7.333333e+00
    endloop
  endfacet
  facet normal -8.191520e-01 5.735764e-01 0.000000e+00
    outer loop
      vertex   -5.883022e+01 1.821394e+01 -7.333333e+00
      vertex   -5.933013e+01 1.750000e+01 9.000000e+00
      vertex   -5.883022e+01 1.821394e+01 9.000000e+00
    endloop
  endfacet
  facet normal -7.071068e-01 7.071068e-01 0.000000e+00
    outer loop
      vertex   -5.883022e+01 1.821394e+01 -7.333333e+00
      vertex   -5.883022e+01 1.821394e+01 9.000000e+00
      vertex   -5.821394e+01 1.883022e+01 -7.333333e+00
    endloop
  endfacet
  facet normal -7.071068e-01 7.071068e-01 0.000000e+00
    outer loop
      vertex   -5.821394e+01 1.883022e+01 -7.333333e+00
      vertex   -5.883022e+01 1.821394e+01 9.000000e+00
      vertex   -5.821394e+01 1.883022e+01 9.000000e+00
    endloop
  endfacet
  facet normal -5.735764e-01 8.191520e-01 0.000000e+00
    outer loop
      vertex   -5.821394e+01 1.883022e+01 -7.333333e+00
      vertex   -5.821394e+01 1.883022e+01 9.000000e+00
      vertex   -5.750000e+01 1.933013e+01 -7.333333e+00
    endloop
  endfacet
  facet normal -5.735764e-01 8.191520e-01 0.000000e+00
    outer loop
      vertex   -5.750000e+01 1.933013e+01 -7.333333e+00
      vertex   -5.821394e+01 1.883022e+01 9.000000e+00
      vertex   -5.750000e+01 1.933013e+01 9.000000e+00
    endloop
  endfacet
  facet normal -4.226183e-01 9.063078e-01 0.000000e+00
    outer loop
      vertex   -5.750000e+01 1.933013e+01 -7.333333e+00
      vertex   -5.750000e+01 1.933013e+01 9.000000e+00
      vertex   -5.671010e+01 1.969846e+01 -7.333333e+00
    endloop
  endfacet
  facet normal -4.226183e-01 9.063078e-01 0.000000e+00
    outer loop
      vertex   -5.671010e+01 1.969846e+01 -7.333333e+00
      vertex   -5.750000e+01 1.933013e+01 9.000000e+00
      vertex   -5.671010e+01 1.969846e+01 9.000000e+00
    endloop
  endfacet
  facet normal -2.588190e-01 9.659258e-01 0.000000e+00
    outer loop
      vertex   -5.671010e+01 1.969846e+01 -7.333333e+00
      vertex   -5.671010e+01 1.969846e+01 9.000000e+00
      vertex   -5.586824e+01 1.992404e+01 -7.333333e+00
    endloop
  endfacet
  facet normal -2.588190e-01 9.659258e-01 2.101015e-16
    outer loop
      vertex   -5.586824e+01 1.992404e+01 -7.333333e+00
      vertex   -5.671010e+01 1.969846e+01 9.000000e+00
      vertex   -5.586824e+01 1.992404e+01 9.000000e+00
    endloop
  endfacet
  facet normal -8.715574e-02 9.961947e-01 2.166854e-16
    outer loop
      vertex   -5.586824e+01 1.992404e+01 -7.333333e+00
      vertex   -5.586824e+01 1.992404e+01 9.000000e+00
      vertex   -5.500000e+01 2.000000e+01 0.000000e+00
    endloop
  endfacet
  facet normal -8.715574e-02 9.961947e-01 0.000000e+00
    outer loop
      vertex   -5.500000e+01 2.000000e+01 0.000000e+00
      vertex   -5.586824e+01 1.992404e+01 9.000000e+00
      vertex   -5.500000e+01 2.000000e+01 9.000000e+00
    endloop
  endfacet
  facet normal -8.715574e-02 9.961947e-01 0.000000e+00
    outer loop
      vertex   -5.586824e+01 1.992404e+01 -7.333333e+00
      vertex   -5.500000e+01 2.000000e+01 0.000000e+00
      vertex   -5.586824e+01 1.992404e+01 -2.366667e+01
    endloop
  endfacet
  facet normal -8.715574e-02 9.961947e-01 0.000000e+00
    outer loop
      vertex   -5.586824e+01 1.992404e+01 -2.366667e+01
      vertex   -5.500000e+01 2.000000e+01 0.000000e+00
      vertex   -5.500000e+01 2.000000e+01 -4.000000e+01
    endloop
  endfacet
  facet normal -8.715574e-02 9.961947e-01 0.000000e+00
    outer loop
      vertex   -5.586824e+01 1.992404e+01 -2.366667e+01
      vertex   -5.500000e+01 2.000000e+01 -4.000000e+01
      vertex   -5.586824e+01 1.992404e+01 -4.000000e+01
    endloop
  endfacet
  facet normal -2.588190e-01 9.659258e-01 0.000000e+00
    outer loop
      vertex   -5.586824e+01 1.992404e+01 -2.366667e+01
      vertex   -5.586824e+01 1.992404e+01 -4.000000e+01
      vertex   -5.671010e+01 1.969846e+01 -2.366667e+01
    endloop
  endfacet
  facet normal -2.588190e-01 9.659258e-01 0.000000e+00
    outer loop
      vertex   -5.671010e+01 1.969846e+01 -2.366667e+01
      vertex   -5.586824e+01 1.992404e+01 -4.000000e+01
      vertex   -5.671010e+01 1.969846e+01 -4.000000e+01
    endloop
  endfacet
  facet normal -4.226183e-01 9.063078e-01 0.000000e+00
    outer loop
      vertex   -5.671010e+01 1.969846e+01 -2.366667e+01
      vertex   -5.671010e+01 1.969846e+01 -4.000000e+01
      vertex   -5.750000e+01 1.933013e+01 -2.366667e+01
    endloop
  endfacet
  facet normal -4.226183e-01 9.063078e-01 0.000000e+00
    outer loop
      vertex   -5.750000e+01 1.933013e+01 -2.366667e+01
      vertex   -5.671010e+01 1.969846e+01 -4.000000e+01
      vertex   -5.750000e+01 1.933013e+01 -4.000000e+01
    endloop
  endfacet
  facet normal -5.735764e-01 8.191520e-01 0.000000e+00
    outer loop
      vertex   -5.750000e+01 1.933013e+01 -2.366667e+01
      vertex   -5.750000e+01 1.933013e+01 -4.000000e+01
      vertex   -5.821394e+01 1.883022e+01 -2.366667e+01
    endloop
  endfacet
  facet normal -5.735764e-01 8.191520e-01 0.000000e+00
    outer loop
      vertex   -5.821394e+01 1.883022e+01 -2.366667e+01
      vertex   -5.750000e+01 1.933013e+01 -4.000000e+01
      vertex   -5.821394e+01 1.883022e+01 -4.000000e+01
    endloop
  endfacet
  facet normal -7.071068e-01 7.071068e-01 0.000000e+00
    outer loop
      vertex   -5.821394e+01 1.883022e+01 -2.366667e+01
      vertex   -5.821394e+01 1.883022e+01 -4.000000e+01
      vertex   -5.883022e+01 1.821394e+01 -2.366667e+01
    endloop
  endfacet
  facet normal -7.071068e-01 7.071068e-01 0.000000e+00
    outer loop
      vertex   -5.883022e+01 1.821394e+01 -2.366667e+01
      vertex   -5.821394e+01 1.883022e+01 -4.000000e+01
      vertex   -5.883022e+01 1.821394e+01 -4.000000e+01
    endloop
  endfacet
  facet normal -8.191520e-01 5.735764e-01 0.000000e+00
    outer loop
      vertex   -5.883022e+01 1.821394e+01 -2.366667e+01
      vertex   -5.883022e+01 1.821394e+01 -4.000000e+01
      vertex   -5.933013e+01 1.750000e+01 -2.366667e+01
    endloop
  endfacet
  facet normal -8.191520e-01 5.735764e-01 -1.247604e-16
    outer loop
      vertex   -5.933013e+01 1.750000e+01 -2.366667e+01
      vertex   -5.883022e+01 1.821394e+01 -4.000000e+01
      vertex   -5.933013e+01 1.750000e+01 -4.000000e+01
    endloop
  endfacet
  facet normal -9.063078e-01 4.226183e-01 -9.192500e-17
    outer loop
      vertex   -5.933013e+01 1.750000e+01 -2.366667e+01
      vertex   -5.933013e+01 1.750000e+01 -4.000000e+01
      vertex   -5.969846e+01 1.671010e+01 -2.366667e+01
    endloop
  endfacet
  facet normal -9.063078e-01 4.226183e-01 0.000000e+00
    outer loop
      vertex   -5.969846e+01 1.671010e+01 -2.366667e+01
      vertex   -5.933013e+01 1.750000e+01 -4.000000e+01
      vertex   -5.969846e+01 1.671010e+01 -4.000000e+01
    endloop
  endfacet
  facet normal -9.659258e-01 2.588190e-01 0.000000e+00
    outer loop
      vertex   -5.969846e+01 1.671010e+01 -2.366667e+01
      vertex   -5.969846e+01 1.671010e+01 -4.000000e+01
      vertex   -5.992404e+01 1.586824e+01 -2.366667e+01
    endloop
  endfacet
  facet normal -9.659258e-01 2.588190e-01 4.202030e-16
    outer loop
      vertex   -5.992404e+01 1.586824e+01 -2.366667e+01
      vertex   -5.969846e+01 1.671010e+01 -4.000000e+01
      vertex   -5.992404e+01 1.586824e+01 -4.000000e+01
    endloop
  endfacet
  facet normal -9.961947e-01 8.715574e-02 4.333708e-16
    outer loop
      vertex   -5.992404e+01 1.586824e+01 -2.366667e+01
      vertex   -5.992404e+01 1.586824e+01 -4.000000e+01
      vertex   -6.000000e+01 1.500000e+01 -4.000000e+01
    endloop
  endfacet
  facet normal -9.961947e-01 8.715574e-02 0.000000e+00
    outer loop
      vertex   -6.000000e+01 1.500000e+01 -4.000000e+01
      vertex   -6.000000e+01 1.500000e+01 -1.712849e+01
      vertex   -5.992404e+01 1.586824e+01 -2.366667e+01
    endloop
  endfacet
  facet normal -9.961947e-01 8.715574e-02 0.000000e+00
    outer loop
      vertex   -5.992404e+01 1.586824e+01 -2.366667e+01
      vertex   -6.000000e+01 1.500000e+01 -1.712849e+01
      vertex   -6.000000e+01 1.500000e+01 -1.707447e+01
    endloop
  endfacet
  facet normal -9.961947e-01 8.715574e-02 -9.478757e-18
    outer loop
      vertex   -5.992404e+01 1.586824e+01 -2.366667e+01
      vertex   -6.000000e+01 1.500000e+01 -1.707447e+01
      vertex   -5.992404e+01 1.586824e+01 -7.333333e+00
    endloop
  endfacet
  facet normal -9.659258e-01 2.588190e-01 -2.924628e-17
    outer loop
      vertex   -5.969846e+01 1.671010e+01 -2.366667e+01
      vertex   -5.992404e+01 1.586824e+01 -2.366667e+01
      vertex   -5.992404e+01 1.586824e+01 -7.333333e+00
    endloop
  endfacet
  facet normal -9.659258e-01 2.588190e-01 0.000000e+00
    outer loop
      vertex   -5.969846e+01 1.671010e+01 -2.366667e+01
      vertex   -5.992404e+01 1.586824e+01 -7.333333e+00
      vertex   -5.969846e+01 1.671010e+01 -7.333333e+00
    endloop
  endfacet
  facet normal -9.063078e-01 4.226183e-01 0.000000e+00
    outer loop
      vertex   -5.933013e+01 1.750000e+01 -2.366667e+01
      vertex   -5.969846e+01 1.671010e+01 -2.366667e+01
      vertex   -5.969846e+01 1.671010e+01 -7.333333e+00
    endloop
  endfacet
  facet normal -9.063078e-01 4.226183e-01 0.000000e+00
    outer loop
      vertex   -5.933013e+01 1.750000e+01 -2.366667e+01
      vertex   -5.969846e+01 1.671010e+01 -7.333333e+00
      vertex   -5.933013e+01 1.750000e+01 -7.333333e+00
    endloop
  endfacet
  facet normal -8.191520e-01 5.735764e-01 0.000000e+00
    outer loop
      vertex   -5.883022e+01 1.821394e+01 -2.366667e+01
      vertex   -5.933013e+01 1.750000e+01 -2.366667e+01
      vertex   -5.933013e+01 1.750000e+01 -7.333333e+00
    endloop
  endfacet
  facet normal -8.191520e-01 5.735764e-01 0.000000e+00
    outer loop
      vertex   -5.883022e+01 1.821394e+01 -2.366667e+01
      vertex   -5.933013e+01 1.750000e+01 -7.333333e+00
      vertex   -5.883022e+01 1.821394e+01 -7.333333e+00
    endloop
  endfacet
  facet normal -7.071068e-01 7.071068e-01 0.000000e+00
    outer loop
      vertex   -5.821394e+01 1.883022e+01 -2.366667e+01
      vertex   -5.883022e+01 1.821394e+01 -2.366667e+01
      vertex   -5.883022e+01 1.821394e+01 -7.333333e+00
    endloop
  endfacet
  facet normal -7.071068e-01 7.071068e-01 0.000000e+00
    outer loop
      vertex   -5.821394e+01 1.883022e+01 -2.366667e+01
      vertex   -5.883022e+01 1.821394e+01 -7.333333e+00
      vertex   -5.821394e+01 1.883022e+01 -7.333333e+00
    endloop
  endfacet
  facet normal -5.735764e-01 8.191520e-01 0.000000e+00
    outer loop
      vertex   -5.750000e+01 1.933013e+01 -2.366667e+01
      vertex   -5.821394e+01 1.883022e+01 -2.366667e+01
      vertex   -5.821394e+01 1.883022e+01 -7.333333e+00
    endloop
  endfacet
  facet normal -5.735764e-01 8.191520e-01 0.000000e+00
    outer loop
      vertex   -5.750000e+01 1.933013e+01 -2.366667e+01
      vertex   -5.821394e+01 1.883022e+01 -7.333333e+00
      vertex   -5.750000e+01 1.933013e+01 -7.333333e+00
    endloop
  endfacet
  facet normal -4.226183e-01 9.063078e-01 0.000000e+00
    outer loop
      vertex   -5.671010e+01 1.969846e+01 -2.366667e+01
      vertex   -5.750000e+01 1.933013e+01 -2.366667e+01
      vertex   -5.750000e+01 1.933013e+01 -7.333333e+00
    endloop
  endfacet
  facet normal -4.226183e-01 9.063078e-01 0.000000e+00
    outer loop
      vertex   -5.671010e+01 1.969846e+01 -2.366667e+01
      vertex   -5.750000e+01 1.933013e+01 -7.333333e+00
      vertex   -5.671010e+01 1.969846e+01 -7.333333e+00
    endloop
  endfacet
  facet normal -2.588190e-01 9.659258e-01 0.000000e+00
    outer loop
      vertex   -5.586824e+01 1.992404e+01 -2.366667e+01
      vertex   -5.671010e+01 1.969846e+01 -2.366667e+01
      vertex   -5.671010e+01 1.969846e+01 -7.333333e+00
    endloop
  endfacet
  facet normal -2.588190e-01 9.659258e-01 0.000000e+00
    outer loop
      vertex   -5.586824e+01 1.992404e+01 -2.366667e+01
      vertex   -5.671010e+01 1.969846e+01 -7.333333e+00
      vertex   -5.586824e+01 1.992404e+01 -7.333333e+00
    endloop
  endfacet
  facet normal 2.830262e-01 9.591122e-01 -0.000000e+00
    outer loop
      vertex   -5.500000e+01 2.000000e+01 0.000000e+00
      vertex   -5.500000e+01 2.000000e+01 9.000000e+00
      vertex   -5.418010e+01 1.975805e+01 0.000000e+00
    endloop
  endfacet
  facet normal 2.830262e-01 9.591122e-01 -0.000000e+00
    outer loop
      vertex   -5.418010e+01 1.975805e+01 0.000000e+00
      vertex   -5.500000e+01 2.000000e+01 9.000000e+00
      vertex   -5.418010e+01 1.975805e+01 9.000000e+00
    endloop
  endfacet
  facet normal 4.422696e-01 8.968822e-01 -0.000000e+00
    outer loop
      vertex   -5.418010e+01 1.975805e+01 0.000000e+00
      vertex   -5.418010e+01 1.975805e+01 9.000000e+00
      vertex   -5.341340e+01 1.937998e+01 0.000000e+00
    endloop
  endfacet
  facet normal 4.422696e-01 8.968822e-01 -0.000000e+00
    outer loop
      vertex   -5.341340e+01 1.937998e+01 0.000000e+00
      vertex   -5.418010e+01 1.975805e+01 9.000000e+00
      vertex   -5.341340e+01 1.937998e+01 9.000000e+00
    endloop
  endfacet
  facet normal 5.885850e-01 8.084353e-01 -0.000000e+00
    outer loop
      vertex   -5.341340e+01 1.937998e+01 0.000000e+00
      vertex   -5.341340e+01 1.937998e+01 9.000000e+00
      vertex   -5.272230e+01 1.887682e+01 0.000000e+00
    endloop
  endfacet
  facet normal 5.885850e-01 8.084353e-01 -0.000000e+00
    outer loop
      vertex   -5.272230e+01 1.887682e+01 0.000000e+00
      vertex   -5.341340e+01 1.937998e+01 9.000000e+00
      vertex   -5.272230e+01 1.887682e+01 9.000000e+00
    endloop
  endfacet
  facet normal 7.176955e-01 6.963571e-01 -0.000000e+00
    outer loop
      vertex   -5.272230e+01 1.887682e+01 0.000000e+00
      vertex   -5.272230e+01 1.887682e+01 9.000000e+00
      vertex   -5.212702e+01 1.826330e+01 0.000000e+00
    endloop
  endfacet
  facet normal 7.176955e-01 6.963571e-01 -0.000000e+00
    outer loop
      vertex   -5.212702e+01 1.826330e+01 0.000000e+00
      vertex   -5.272230e+01 1.887682e+01 9.000000e+00
      vertex   -5.212702e+01 1.826330e+01 9.000000e+00
    endloop
  endfacet
  facet normal 8.258269e-01 5.639236e-01 -0.000000e+00
    outer loop
      vertex   -5.212702e+01 1.826330e+01 0.000000e+00
      vertex   -5.212702e+01 1.826330e+01 9.000000e+00
      vertex   -5.164494e+01 1.755734e+01 0.000000e+00
    endloop
  endfacet
  facet normal 8.258269e-01 5.639236e-01 -0.000000e+00
    outer loop
      vertex   -5.164494e+01 1.755734e+01 0.000000e+00
      vertex   -5.212702e+01 1.826330e+01 9.000000e+00
      vertex   -5.164494e+01 1.755734e+01 9.000000e+00
    endloop
  endfacet
  facet normal 9.098186e-01 4.150061e-01 -0.000000e+00
    outer loop
      vertex   -5.164494e+01 1.755734e+01 0.000000e+00
      vertex   -5.164494e+01 1.755734e+01 9.000000e+00
      vertex   -5.129017e+01 1.677957e+01 0.000000e+00
    endloop
  endfacet
  facet normal 9.098186e-01 4.150061e-01 -1.638220e-16
    outer loop
      vertex   -5.129017e+01 1.677957e+01 0.000000e+00
      vertex   -5.164494e+01 1.755734e+01 9.000000e+00
      vertex   -5.129017e+01 1.677957e+01 9.000000e+00
    endloop
  endfacet
  facet normal 9.672154e-01 2.539575e-01 -1.002487e-16
    outer loop
      vertex   -5.129017e+01 1.677957e+01 0.000000e+00
      vertex   -5.129017e+01 1.677957e+01 9.000000e+00
      vertex   -5.107308e+01 1.595275e+01 0.000000e+00
    endloop
  endfacet
  facet normal 9.672154e-01 2.539575e-01 -1.002487e-16
    outer loop
      vertex   -5.107308e+01 1.595275e+01 0.000000e+00
      vertex   -5.129017e+01 1.677957e+01 9.000000e+00
      vertex   -5.107308e+01 1.595275e+01 9.000000e+00
    endloop
  endfacet
  facet normal 9.963394e-01 8.548544e-02 -3.374503e-17
    outer loop
      vertex   -5.107308e+01 1.595275e+01 0.000000e+00
      vertex   -5.107308e+01 1.595275e+01 9.000000e+00
      vertex   -5.100000e+01 1.510102e+01 0.000000e+00
    endloop
  endfacet
  facet normal 9.963394e-01 8.548544e-02 -1.687252e-17
    outer loop
      vertex   -5.100000e+01 1.510102e+01 0.000000e+00
      vertex   -5.107308e+01 1.595275e+01 9.000000e+00
      vertex   -5.100000e+01 1.510102e+01 9.000000e+00
    endloop
  endfacet
  facet normal 0.000000e+00 0.000000e+00 1.000000e+00
    outer loop
      vertex   -5.207352e+01 1.586439e+01 1.000000e+01
      vertex   -5.229137e+01 1.659971e+01 1.000000e+01
      vertex   -5.200000e+01 1.510102e+01 1.000000e+01
    endloop
  endfacet
  facet normal 0.000000e+00 0.000000e+00 1.000000e+00
    outer loop
      vertex   -5.200000e+01 1.510102e+01 1.000000e+01
      vertex   -5.229137e+01 1.659971e+01 1.000000e+01
      vertex   -5.264555e+01 1.727993e+01 1.000000e+01
    endloop
  endfacet
  facet normal 0.000000e+00 0.000000e+00 1.000000e+00
    outer loop
      vertex   -5.200000e+01 1.510102e+01 1.000000e+01
      vertex   -5.264555e+01 1.727993e+01 1.000000e+01
      vertex   -5.312303e+01 1.788006e+01 1.000000e+01
    endloop
  endfacet
  facet normal 0.000000e+00 0.000000e+00 1.000000e+00
    outer loop
      vertex   -5.370627e+01 1.837803e+01 1.000000e+01
      vertex   -5.312303e+01 -1.788006e+01 1.000000e+01
      vertex   -5.312303e+01 1.788006e+01 1.000000e+01
    endloop
  endfacet
  facet normal 0.000000e+00 0.000000e+00 1.000000e+00
    outer loop
      vertex   -5.312303e+01 1.788006e+01 1.000000e+01
      vertex   -5.312303e+01 -1.788006e+01 1.000000e+01
      vertex   -5.200000e+01 -1.510102e+01 1.000000e+01
    endloop
  endfacet
  facet normal 0.000000e+00 0.000000e+00 1.000000e+00
    outer loop
      vertex   -5.312303e+01 1.788006e+01 1.000000e+01
      vertex   -5.200000e+01 -1.510102e+01 1.000000e+01
      vertex   -5.200000e+01 1.510102e+01 1.000000e+01
    endloop
  endfacet
  facet normal 0.000000e+00 0.000000e+00 1.000000e+00
    outer loop
      vertex   -5.312303e+01 -1.788006e+01 1.000000e+01
      vertex   -5.370627e+01 1.837803e+01 1.000000e+01
      vertex   -5.370627e+01 -1.837803e+01 1.000000e+01
    endloop
  endfacet
  facet normal 0.000000e+00 0.000000e+00 1.000000e+00
    outer loop
      vertex   -5.370627e+01 -1.837803e+01 1.000000e+01
      vertex   -5.370627e+01 1.837803e+01 1.000000e+01
      vertex   -5.437382e+01 1.875554e+01 1.000000e+01
    endloop
  endfacet
  facet normal 0.000000e+00 0.000000e+00 1.000000e+00
    outer loop
      vertex   -5.370627e+01 -1.837803e+01 1.000000e+01
      vertex   -5.437382e+01 1.875554e+01 1.000000e+01
      vertex   -5.510115e+01 1.899872e+01 1.000000e+01
    endloop
  endfacet
  facet normal 0.000000e+00 0.000000e+00 1.000000e+00
    outer loop
      vertex   -5.370627e+01 -1.837803e+01 1.000000e+01
      vertex   -5.510115e+01 1.899872e+01 1.000000e+01
      vertex   -5.660055e+01 -1.866582e+01 1.000000e+01
    endloop
  endfacet
  facet normal 0.000000e+00 0.000000e+00 1.000000e+00
    outer loop
      vertex   -5.660055e+01 -1.866582e+01 1.000000e+01
      vertex   -5.510115e+01 1.899872e+01 1.000000e+01
      vertex   -5.586698e+01 1.890491e+01 1.000000e+01
    endloop
  endfacet
  facet normal 0.000000e+00 -0.000000e+00 1.000000e+00
    outer loop
      vertex   -5.660055e+01 -1.866582e+01 1.000000e+01
      vertex   -5.586698e+01 1.890491e+01 1.000000e+01
      vertex   -5.660055e+01 1.866582e+01 1.000000e+01
    endloop
  endfacet
  facet normal 0.000000e+00 0.000000e+00 1.000000e+00
    outer loop
      vertex   -5.660055e+01 -1.866582e+01 1.000000e+01
      vertex   -5.660055e+01 1.866582e+01 1.000000e+01
      vertex   -5.727457e+01 -1.829034e+01 1.000000e+01
    endloop
  endfacet
  facet normal 0.000000e+00 -0.000000e+00 1.000000e+00
    outer loop
      vertex   -5.727457e+01 -1.829034e+01 1.000000e+01
      vertex   -5.660055e+01 1.866582e+01 1.000000e+01
      vertex   -5.727457e+01 1.829034e+01 1.000000e+01
    endloop
  endfacet
  facet normal 0.000000e+00 0.000000e+00 1.000000e+00
    outer loop
      vertex   -5.727457e+01 -1.829034e+01 1.000000e+01
      vertex   -5.727457e+01 1.829034e+01 1.000000e+01
      vertex   -5.786397e+01 -1.779244e+01 1.000000e+01
    endloop
  endfacet
  facet normal 0.000000e+00 -0.000000e+00 1.000000e+00
    outer loop
      vertex   -5.786397e+01 -1.779244e+01 1.000000e+01
      vertex   -5.727457e+01 1.829034e+01 1.000000e+01
      vertex   -5.786397e+01 1.779244e+01 1.000000e+01
    endloop
  endfacet
  facet normal 0.000000e+00 0.000000e+00 1.000000e+00
    outer loop
      vertex   -5.786397e+01 -1.779244e+01 1.000000e+01
      vertex   -5.786397e+01 1.779244e+01 1.000000e+01
      vertex   -5.900000e+01 -1.500000e+01 1.000000e+01
    endloop
  endfacet
  facet normal 0.000000e+00 0.000000e+00 1.000000e+00
    outer loop
      vertex   -5.900000e+01 -1.500000e+01 1.000000e+01
      vertex   -5.786397e+01 1.779244e+01 1.000000e+01
      vertex   -5.900000e+01 1.500000e+01 1.000000e+01
    endloop
  endfacet
  facet normal 0.000000e+00 0.000000e+00 1.000000e+00
    outer loop
      vertex   -5.900000e+01 1.500000e+01 1.000000e+01
      vertex   -5.786397e+01 1.779244e+01 1.000000e+01
      vertex   -5.834680e+01 1.719064e+01 1.000000e+01
    endloop
  endfacet
  facet normal 0.000000e+00 0.000000e+00 1.000000e+00
    outer loop
      vertex   -5.900000e+01 1.500000e+01 1.000000e+01
      vertex   -5.834680e+01 1.719064e+01 1.000000e+01
      vertex   -5.870512e+01 1.650734e+01 1.000000e+01
    endloop
  endfacet
  facet normal 0.000000e+00 0.000000e+00 1.000000e+00
    outer loop
      vertex   -5.870512e+01 1.650734e+01 1.000000e+01
      vertex   -5.892559e+01 1.576796e+01 1.000000e+01
      vertex   -5.900000e+01 1.500000e+01 1.000000e+01
    endloop
  endfacet
  facet normal -0.000000e+00 -0.000000e+00 1.000000e+00
    outer loop
      vertex   -5.892559e+01 -1.576796e+01 1.000000e+01
      vertex   -5.870512e+01 -1.650734e+01 1.000000e+01
      vertex   -5.900000e+01 -1.500000e+01 1.000000e+01
    endloop
  endfacet
  facet normal 0.000000e+00 0.000000e+00 1.000000e+00
    outer loop
      vertex   -5.900000e+01 -1.500000e+01 1.000000e+01
      vertex   -5.870512e+01 -1.650734e+01 1.000000e+01
      vertex   -5.834680e+01 -1.719064e+01 1.000000e+01
    endloop
  endfacet
  facet normal 0.000000e+00 0.000000e+00 1.000000e+00
    outer loop
      vertex   -5.900000e+01 -1.500000e+01 1.000000e+01
      vertex   -5.834680e+01 -1.719064e+01 1.000000e+01
      vertex   -5.786397e+01 -1.779244e+01 1.000000e+01
    endloop
  endfacet
  facet normal 0.000000e+00 0.000000e+00 1.000000e+00
    outer loop
      vertex   -5.370627e+01 -1.837803e+01 1.000000e+01
      vertex   -5.660055e+01 -1.866582e+01 1.000000e+01
      vertex   -5.437382e+01 -1.875554e+01 1.000000e+01
    endloop
  endfacet
  facet normal 0.000000e+00 0.000000e+00 1.000000e+00
    outer loop
      vertex   -5.437382e+01 -1.875554e+01 1.000000e+01
      vertex   -5.660055e+01 -1.866582e+01 1.000000e+01
      vertex   -5.586698e+01 -1.890491e+01 1.000000e+01
    endloop
  endfacet
  facet normal 0.000000e+00 0.000000e+00 1.000000e+00
    outer loop
      vertex   -5.437382e+01 -1.875554e+01 1.000000e+01
      vertex   -5.586698e+01 -1.890491e+01 1.000000e+01
      vertex   -5.510115e+01 -1.899872e+01 1.000000e+01
    endloop
  endfacet
  facet normal 0.000000e+00 0.000000e+00 1.000000e+00
    outer loop
      vertex   -5.312303e+01 -1.788006e+01 1.000000e+01
      vertex   -5.264555e+01 -1.727993e+01 1.000000e+01
      vertex   -5.200000e+01 -1.510102e+01 1.000000e+01
    endloop
  endfacet
  facet normal 0.000000e+00 0.000000e+00 1.000000e+00
    outer loop
      vertex   -5.200000e+01 -1.510102e+01 1.000000e+01
      vertex   -5.264555e+01 -1.727993e+01 1.000000e+01
      vertex   -5.229137e+01 -1.659971e+01 1.000000e+01
    endloop
  endfacet
  facet normal 0.000000e+00 0.000000e+00 1.000000e+00
    outer loop
      vertex   -5.200000e+01 -1.510102e+01 1.000000e+01
      vertex   -5.229137e+01 -1.659971e+01 1.000000e+01
      vertex   -5.207352e+01 -1.586439e+01 1.000000e+01
    endloop
  endfacet
  facet normal -8.715574e-02 -9.961947e-01 5.308792e-15
    outer loop
      vertex   5.600000e+01 -2.000000e+01 0.000000e+00
      vertex   5.600000e+01 -2.000000e+01 1.000000e+01
      vertex   5.513176e+01 -1.992404e+01 0.000000e+00
    endloop
  endfacet
  facet normal -8.715574e-02 -9.961947e-01 0.000000e+00
    outer loop
      vertex   5.513176e+01 -1.992404e+01 0.000000e+00
      vertex   5.600000e+01 -2.000000e+01 1.000000e+01
      vertex   5.513176e+01 -1.992404e+01 1.000000e+01
    endloop
  endfacet
  facet normal -2.588190e-01 -9.659258e-01 0.000000e+00
    outer loop
      vertex   5.513176e+01 -1.992404e+01 0.000000e+00
      vertex   5.513176e+01 -1.992404e+01 1.000000e+01
      vertex   5.428990e+01 -1.969846e+01 0.000000e+00
    endloop
  endfacet
  facet normal -2.588190e-01 -9.659258e-01 0.000000e+00
    outer loop
      vertex   5.428990e+01 -1.969846e+01 0.000000e+00
      vertex   5.513176e+01 -1.992404e+01 1.000000e+01
      vertex   5.428990e+01 -1.969846e+01 1.000000e+01
    endloop
  endfacet
  facet normal -4.226183e-01 -9.063078e-01 0.000000e+00
    outer loop
      vertex   5.428990e+01 -1.969846e+01 0.000000e+00
      vertex   5.428990e+01 -1.969846e+01 1.000000e+01
      vertex   5.350000e+01 -1.933013e+01 0.000000e+00
    endloop
  endfacet
  facet normal -4.226183e-01 -9.063078e-01 0.000000e+00
    outer loop
      vertex   5.350000e+01 -1.933013e+01 0.000000e+00
      vertex   5.428990e+01 -1.969846e+01 1.000000e+01
      vertex   5.350000e+01 -1.933013e+01 1.000000e+01
    endloop
  endfacet
  facet normal -5.735764e-01 -8.191520e-01 0.000000e+00
    outer loop
      vertex   5.350000e+01 -1.933013e+01 0.000000e+00
      vertex   5.350000e+01 -1.933013e+01 1.000000e+01
      vertex   5.278606e+01 -1.883022e+01 0.000000e+00
    endloop
  endfacet
  facet normal -5.735764e-01 -8.191520e-01 0.000000e+00
    outer loop
      vertex   5.278606e+01 -1.883022e+01 0.000000e+00
      vertex   5.350000e+01 -1.933013e+01 1.000000e+01
      vertex   5.278606e+01 -1.883022e+01 1.000000e+01
    endloop
  endfacet
  facet normal -7.071068e-01 -7.071068e-01 0.000000e+00
    outer loop
      vertex   5.278606e+01 -1.883022e+01 0.000000e+00
      vertex   5.278606e+01 -1.883022e+01 1.000000e+01
      vertex   5.216978e+01 -1.821394e+01 0.000000e+00
    endloop
  endfacet
  facet normal -7.071068e-01 -7.071068e-01 0.000000e+00
    outer loop
      vertex   5.216978e+01 -1.821394e+01 0.000000e+00
      vertex   5.278606e+01 -1.883022e+01 1.000000e+01
      vertex   5.216978e+01 -1.821394e+01 1.000000e+01
    endloop
  endfacet
  facet normal -8.191520e-01 -5.735764e-01 0.000000e+00
    outer loop
      vertex   5.216978e+01 -1.821394e+01 0.000000e+00
      vertex   5.216978e+01 -1.821394e+01 1.000000e+01
      vertex   5.166987e+01 -1.750000e+01 0.000000e+00
    endloop
  endfacet
  facet normal -8.191520e-01 -5.735764e-01 0.000000e+00
    outer loop
      vertex   5.166987e+01 -1.750000e+01 0.000000e+00
      vertex   5.216978e+01 -1.821394e+01 1.000000e+01
      vertex   5.166987e+01 -1.750000e+01 1.000000e+01
    endloop
  endfacet
  facet normal -9.063078e-01 -4.226183e-01 0.000000e+00
    outer loop
      vertex   5.166987e+01 -1.750000e+01 0.000000e+00
      vertex   5.166987e+01 -1.750000e+01 1.000000e+01
      vertex   5.130154e+01 -1.671010e+01 0.000000e+00
    endloop
  endfacet
  facet normal -9.063078e-01 -4.226183e-01 0.000000e+00
    outer loop
      vertex   5.130154e+01 -1.671010e+01 0.000000e+00
      vertex   5.166987e+01 -1.750000e+01 1.000000e+01
      vertex   5.130154e+01 -1.671010e+01 1.000000e+01
    endloop
  endfacet
  facet normal -9.659258e-01 -2.588190e-01 0.000000e+00
    outer loop
      vertex   5.130154e+01 -1.671010e+01 0.000000e+00
      vertex   5.130154e+01 -1.671010e+01 1.000000e+01
      vertex   5.107596e+01 -1.586824e+01 0.000000e+00
    endloop
  endfacet
  facet normal -9.659258e-01 -2.588190e-01 4.597550e-17
    outer loop
      vertex   5.107596e+01 -1.586824e+01 0.000000e+00
      vertex   5.130154e+01 -1.671010e+01 1.000000e+01
      vertex   5.107596e+01 -1.586824e+01 1.000000e+01
    endloop
  endfacet
  facet normal -9.961947e-01 -8.715574e-02 1.548197e-17
    outer loop
      vertex   5.107596e+01 -1.586824e+01 0.000000e+00
      vertex   5.107596e+01 -1.586824e+01 1.000000e+01
      vertex   5.100000e+01 -1.500000e+01 0.000000e+00
    endloop
  endfacet
  facet normal -9.961947e-01 -8.715574e-02 1.548197e-17
    outer loop
      vertex   5.100000e+01 -1.500000e+01 0.000000e+00
      vertex   5.107596e+01 -1.586824e+01 1.000000e+01
      vertex   5.100000e+01 -1.500000e+01 1.000000e+01
    endloop
  endfacet
  facet normal -1.000000e+00 0.000000e+00 -0.000000e+00
    outer loop
      vertex   5.100000e+01 -1.500000e+01 1.000000e+01
      vertex   5.100000e+01 1.500000e+01 1.000000e+01
      vertex   5.100000e+01 -1.500000e+01 0.000000e+00
    endloop
  endfacet
  facet normal -1.000000e+00 0.000000e+00 0.000000e+00
    outer loop
      vertex   5.100000e+01 -1.500000e+01 0.000000e+00
      vertex   5.100000e+01 1.500000e+01 1.000000e+01
      vertex   5.100000e+01 1.500000e+01 0.000000e+00
    endloop
  endfacet
  facet normal -9.961947e-01 8.715574e-02 0.000000e+00
    outer loop
      vertex   5.100000e+01 1.500000e+01 0.000000e+00
      vertex   5.100000e+01 1.500000e+01 1.000000e+01
      vertex   5.107596e+01 1.586824e+01 0.000000e+00
    endloop
  endfacet
  facet normal -9.961947e-01 8.715574e-02 0.000000e+00
    outer loop
      vertex   5.107596e+01 1.586824e+01 0.000000e+00
      vertex   5.100000e+01 1.500000e+01 1.000000e+01
      vertex   5.107596e+01 1.586824e+01 1.000000e+01
    endloop
  endfacet
  facet normal -9.659258e-01 2.588190e-01 0.000000e+00
    outer loop
      vertex   5.107596e+01 1.586824e+01 0.000000e+00
      vertex   5.107596e+01 1.586824e+01 1.000000e+01
      vertex   5.130154e+01 1.671010e+01 0.000000e+00
    endloop
  endfacet
  facet normal -9.659258e-01 2.588190e-01 9.195100e-17
    outer loop
      vertex   5.130154e+01 1.671010e+01 0.000000e+00
      vertex   5.107596e+01 1.586824e+01 1.000000e+01
      vertex   5.130154e+01 1.671010e+01 1.000000e+01
    endloop
  endfacet
  facet normal -9.063078e-01 4.226183e-01 1.501442e-16
    outer loop
      vertex   5.130154e+01 1.671010e+01 0.000000e+00
      vertex   5.130154e+01 1.671010e+01 1.000000e+01
      vertex   5.166987e+01 1.750000e+01 0.000000e+00
    endloop
  endfacet
  facet normal -9.063078e-01 4.226183e-01 0.000000e+00
    outer loop
      vertex   5.166987e+01 1.750000e+01 0.000000e+00
      vertex   5.130154e+01 1.671010e+01 1.000000e+01
      vertex   5.166987e+01 1.750000e+01 1.000000e+01
    endloop
  endfacet
  facet normal -8.191520e-01 5.735764e-01 0.000000e+00
    outer loop
      vertex   5.166987e+01 1.750000e+01 0.000000e+00
      vertex   5.166987e+01 1.750000e+01 1.000000e+01
      vertex   5.216978e+01 1.821394e+01 0.000000e+00
    endloop
  endfacet
  facet normal -8.191520e-01 5.735764e-01 0.000000e+00
    outer loop
      vertex   5.216978e+01 1.821394e+01 0.000000e+00
      vertex   5.166987e+01 1.750000e+01 1.000000e+01
      vertex   5.216978e+01 1.821394e+01 1.000000e+01
    endloop
  endfacet
  facet normal -7.071068e-01 7.071068e-01 0.000000e+00
    outer loop
      vertex   5.216978e+01 1.821394e+01 0.000000e+00
      vertex   5.216978e+01 1.821394e+01 1.000000e+01
      vertex   5.278606e+01 1.883022e+01 0.000000e+00
    endloop
  endfacet
  facet normal -7.071068e-01 7.071068e-01 2.512148e-16
    outer loop
      vertex   5.278606e+01 1.883022e+01 0.000000e+00
      vertex   5.216978e+01 1.821394e+01 1.000000e+01
      vertex   5.278606e+01 1.883022e+01 1.000000e+01
    endloop
  endfacet
  facet normal -5.735764e-01 8.191520e-01 2.910213e-16
    outer loop
      vertex   5.278606e+01 1.883022e+01 0.000000e+00
      vertex   5.278606e+01 1.883022e+01 1.000000e+01
      vertex   5.350000e+01 1.933013e+01 0.000000e+00
    endloop
  endfacet
  facet normal -5.735764e-01 8.191520e-01 0.000000e+00
    outer loop
      vertex   5.350000e+01 1.933013e+01 0.000000e+00
      vertex   5.278606e+01 1.883022e+01 1.000000e+01
      vertex   5.350000e+01 1.933013e+01 1.000000e+01
    endloop
  endfacet
  facet normal -4.226183e-01 9.063078e-01 0.000000e+00
    outer loop
      vertex   5.350000e+01 1.933013e+01 0.000000e+00
      vertex   5.350000e+01 1.933013e+01 1.000000e+01
      vertex   5.428990e+01 1.969846e+01 0.000000e+00
    endloop
  endfacet
  facet normal -4.226183e-01 9.063078e-01 0.000000e+00
    outer loop
      vertex   5.428990e+01 1.969846e+01 0.000000e+00
      vertex   5.350000e+01 1.933013e+01 1.000000e+01
      vertex   5.428990e+01 1.969846e+01 1.000000e+01
    endloop
  endfacet
  facet normal -2.588190e-01 9.659258e-01 0.000000e+00
    outer loop
      vertex   5.428990e+01 1.969846e+01 0.000000e+00
      vertex   5.428990e+01 1.969846e+01 1.000000e+01
      vertex   5.513176e+01 1.992404e+01 0.000000e+00
    endloop
  endfacet
  facet normal -2.588190e-01 9.659258e-01 0.000000e+00
    outer loop
      vertex   5.513176e+01 1.992404e+01 0.000000e+00
      vertex   5.428990e+01 1.969846e+01 1.000000e+01
      vertex   5.513176e+01 1.992404e+01 1.000000e+01
    endloop
  endfacet
  facet normal -8.715574e-02 9.961947e-01 0.000000e+00
    outer loop
      vertex   5.513176e+01 1.992404e+01 0.000000e+00
      vertex   5.513176e+01 1.992404e+01 1.000000e+01
      vertex   5.600000e+01 2.000000e+01 0.000000e+00
    endloop
  endfacet
  facet normal -8.715574e-02 9.961947e-01 0.000000e+00
    outer loop
      vertex   5.600000e+01 2.000000e+01 0.000000e+00
      vertex   5.513176e+01 1.992404e+01 1.000000e+01
      vertex   5.600000e+01 2.000000e+01 1.000000e+01
    endloop
  endfacet
  facet normal -3.200643e-17 1.000000e+00 0.000000e+00
    outer loop
      vertex   -5.500000e+01 2.000000e+01 0.000000e+00
      vertex   5.600000e+01 2.000000e+01 0.000000e+00
      vertex   -5.500000e+01 2.000000e+01 -4.000000e+01
    endloop
  endfacet
  facet normal -3.143994e-17 1.000000e+00 -1.571997e-18
    outer loop
      vertex   -5.500000e+01 2.000000e+01 -4.000000e+01
      vertex   5.600000e+01 2.000000e+01 0.000000e+00
      vertex   5.800000e+01 2.000000e+01 -4.000000e+01
    endloop
  endfacet
  facet normal 0.000000e+00 1.000000e+00 -0.000000e+00
    outer loop
      vertex   5.800000e+01 2.000000e+01 -4.000000e+01
      vertex   5.600000e+01 2.000000e+01 0.000000e+00
      vertex   5.800000e+01 2.000000e+01 1.000000e+01
    endloop
  endfacet
  facet normal 0.000000e+00 1.000000e+00 0.000000e+00
    outer loop
      vertex   5.800000e+01 2.000000e+01 1.000000e+01
      vertex   5.600000e+01 2.000000e+01 0.000000e+00
      vertex   5.600000e+01 2.000000e+01 1.000000e+01
    endloop
  endfacet
  facet normal 1.305262e-01 9.914449e-01 -3.522320e-16
    outer loop
      vertex   5.851764e+01 1.993185e+01 1.000000e+01
      vertex   5.851764e+01 1.993185e+01 0.000000e+00
      vertex   5.800000e+01 2.000000e+01 1.000000e+01
    endloop
  endfacet
  facet normal 1.305262e-01 9.914449e-01 0.000000e+00
    outer loop
      vertex   5.800000e+01 2.000000e+01 1.000000e+01
      vertex   5.851764e+01 1.993185e+01 0.000000e+00
      vertex   5.851764e+01 1.993185e+01 -1.000000e+01
    endloop
  endfacet
  facet normal 1.305262e-01 9.914449e-01 0.000000e+00
    outer loop
      vertex   5.800000e+01 2.000000e+01 1.000000e+01
      vertex   5.851764e+01 1.993185e+01 -1.000000e+01
      vertex   5.851764e+01 1.993185e+01 -2.000000e+01
    endloop
  endfacet
  facet normal 3.826834e-01 9.238795e-01 -0.000000e+00
    outer loop
      vertex   5.851764e+01 1.993185e+01 -2.000000e+01
      vertex   5.851764e+01 1.993185e+01 -1.000000e+01
      vertex   5.900000e+01 1.973205e+01 -2.000000e+01
    endloop
  endfacet
  facet normal 3.826834e-01 9.238795e-01 0.000000e+00
    outer loop
      vertex   5.851764e+01 1.993185e+01 -2.000000e+01
      vertex   5.900000e+01 1.973205e+01 -2.000000e+01
      vertex   5.900000e+01 1.973205e+01 -3.000000e+01
    endloop
  endfacet
  facet normal 6.087614e-01 7.933533e-01 -0.000000e+00
    outer loop
      vertex   5.900000e+01 1.973205e+01 -3.000000e+01
      vertex   5.900000e+01 1.973205e+01 -2.000000e+01
      vertex   5.941421e+01 1.941421e+01 -3.000000e+01
    endloop
  endfacet
  facet normal 6.087614e-01 7.933533e-01 2.817529e-16
    outer loop
      vertex   5.900000e+01 1.973205e+01 -3.000000e+01
      vertex   5.941421e+01 1.941421e+01 -3.000000e+01
      vertex   5.941421e+01 1.941421e+01 -4.000000e+01
    endloop
  endfacet
  facet normal 7.933533e-01 6.087614e-01 2.162755e-16
    outer loop
      vertex   5.941421e+01 1.941421e+01 -4.000000e+01
      vertex   5.941421e+01 1.941421e+01 -3.000000e+01
      vertex   5.973205e+01 1.900000e+01 -4.000000e+01
    endloop
  endfacet
  facet normal 7.933533e-01 6.087614e-01 -0.000000e+00
    outer loop
      vertex   5.973205e+01 1.900000e+01 -4.000000e+01
      vertex   5.941421e+01 1.941421e+01 -3.000000e+01
      vertex   5.973205e+01 1.900000e+01 -3.000000e+01
    endloop
  endfacet
  facet normal 9.238795e-01 3.826834e-01 -0.000000e+00
    outer loop
      vertex   5.973205e+01 1.900000e+01 -4.000000e+01
      vertex   5.973205e+01 1.900000e+01 -3.000000e+01
      vertex   5.993185e+01 1.851764e+01 -4.000000e+01
    endloop
  endfacet
  facet normal 9.238795e-01 3.826834e-01 6.564559e-16
    outer loop
      vertex   5.993185e+01 1.851764e+01 -4.000000e+01
      vertex   5.973205e+01 1.900000e+01 -3.000000e+01
      vertex   5.993185e+01 1.851764e+01 -3.000000e+01
    endloop
  endfacet
  facet normal 9.914449e-01 1.305262e-01 7.044639e-16
    outer loop
      vertex   5.993185e+01 1.851764e+01 -4.000000e+01
      vertex   5.993185e+01 1.851764e+01 -3.000000e+01
      vertex   6.000000e+01 1.800000e+01 -4.000000e+01
    endloop
  endfacet
  facet normal 9.914449e-01 1.305262e-01 0.000000e+00
    outer loop
      vertex   6.000000e+01 1.800000e+01 -4.000000e+01
      vertex   5.993185e+01 1.851764e+01 -3.000000e+01
      vertex   5.993185e+01 1.851764e+01 -2.000000e+01
    endloop
  endfacet
  facet normal 9.914449e-01 1.305262e-01 0.000000e+00
    outer loop
      vertex   6.000000e+01 1.800000e+01 -4.000000e+01
      vertex   5.993185e+01 1.851764e+01 -2.000000e+01
      vertex   5.993185e+01 1.851764e+01 -1.000000e+01
    endloop
  endfacet
  facet normal 9.238795e-01 3.826834e-01 0.000000e+00
    outer loop
      vertex   5.993185e+01 1.851764e+01 -1.000000e+01
      vertex   5.993185e+01 1.851764e+01 -2.000000e+01
      vertex   5.973205e+01 1.900000e+01 -1.000000e+01
    endloop
  endfacet
  facet normal 9.238795e-01 3.826834e-01 0.000000e+00
    outer loop
      vertex   5.993185e+01 1.851764e+01 -1.000000e+01
      vertex   5.973205e+01 1.900000e+01 -1.000000e+01
      vertex   5.973205e+01 1.900000e+01 0.000000e+00
    endloop
  endfacet
  facet normal 7.933533e-01 6.087614e-01 0.000000e+00
    outer loop
      vertex   5.973205e+01 1.900000e+01 0.000000e+00
      vertex   5.973205e+01 1.900000e+01 -1.000000e+01
      vertex   5.941421e+01 1.941421e+01 0.000000e+00
    endloop
  endfacet
  facet normal 7.933533e-01 6.087614e-01 -2.126437e-16
    outer loop
      vertex   5.973205e+01 1.900000e+01 0.000000e+00
      vertex   5.941421e+01 1.941421e+01 0.000000e+00
      vertex   5.941421e+01 1.941421e+01 1.000000e+01
    endloop
  endfacet
  facet normal 6.087614e-01 7.933533e-01 -2.818557e-16
    outer loop
      vertex   5.941421e+01 1.941421e+01 1.000000e+01
      vertex   5.941421e+01 1.941421e+01 0.000000e+00
      vertex   5.900000e+01 1.973205e+01 1.000000e+01
    endloop
  endfacet
  facet normal 6.087614e-01 7.933533e-01 0.000000e+00
    outer loop
      vertex   5.900000e+01 1.973205e+01 1.000000e+01
      vertex   5.941421e+01 1.941421e+01 0.000000e+00
      vertex   5.900000e+01 1.973205e+01 0.000000e+00
    endloop
  endfacet
  facet normal 3.826834e-01 9.238795e-01 0.000000e+00
    outer loop
      vertex   5.900000e+01 1.973205e+01 1.000000e+01
      vertex   5.900000e+01 1.973205e+01 0.000000e+00
      vertex   5.851764e+01 1.993185e+01 1.000000e+01
    endloop
  endfacet
  facet normal 3.826834e-01 9.238795e-01 -3.282279e-16
    outer loop
      vertex   5.851764e+01 1.993185e+01 1.000000e+01
      vertex   5.900000e+01 1.973205e+01 0.000000e+00
      vertex   5.851764e+01 1.993185e+01 0.000000e+00
    endloop
  endfacet
  facet normal 7.933533e-01 6.087614e-01 0.000000e+00
    outer loop
      vertex   5.941421e+01 1.941421e+01 1.000000e+01
      vertex   5.973205e+01 1.900000e+01 1.000000e+01
      vertex   5.973205e+01 1.900000e+01 0.000000e+00
    endloop
  endfacet
  facet normal 9.238795e-01 3.826834e-01 -0.000000e+00
    outer loop
      vertex   5.973205e+01 1.900000e+01 0.000000e+00
      vertex   5.973205e+01 1.900000e+01 1.000000e+01
      vertex   5.993185e+01 1.851764e+01 0.000000e+00
    endloop
  endfacet
  facet normal 9.238795e-01 3.826834e-01 0.000000e+00
    outer loop
      vertex   5.973205e+01 1.900000e+01 0.000000e+00
      vertex   5.993185e+01 1.851764e+01 0.000000e+00
      vertex   5.993185e+01 1.851764e+01 -1.000000e+01
    endloop
  endfacet
  facet normal 9.914449e-01 1.305262e-01 -0.000000e+00
    outer loop
      vertex   5.993185e+01 1.851764e+01 -1.000000e+01
      vertex   5.993185e+01 1.851764e+01 0.000000e+00
      vertex   6.000000e+01 1.800000e+01 1.000000e+01
    endloop
  endfacet
  facet normal 9.914449e-01 1.305262e-01 0.000000e+00
    outer loop
      vertex   5.993185e+01 1.851764e+01 -1.000000e+01
      vertex   6.000000e+01 1.800000e+01 1.000000e+01
      vertex   6.000000e+01 1.800000e+01 -4.000000e+01
    endloop
  endfacet
  facet normal 9.238795e-01 3.826834e-01 -6.565375e-16
    outer loop
      vertex   5.973205e+01 1.900000e+01 1.000000e+01
      vertex   5.993185e+01 1.851764e+01 1.000000e+01
      vertex   5.993185e+01 1.851764e+01 0.000000e+00
    endloop
  endfacet
  facet normal 9.914449e-01 1.305262e-01 -7.044639e-16
    outer loop
      vertex   5.993185e+01 1.851764e+01 0.000000e+00
      vertex   5.993185e+01 1.851764e+01 1.000000e+01
      vertex   6.000000e+01 1.800000e+01 1.000000e+01
    endloop
  endfacet
  facet normal 6.087614e-01 7.933533e-01 0.000000e+00
    outer loop
      vertex   5.941421e+01 1.941421e+01 -4.000000e+01
      vertex   5.900000e+01 1.973205e+01 -4.000000e+01
      vertex   5.900000e+01 1.973205e+01 -3.000000e+01
    endloop
  endfacet
  facet normal 3.826834e-01 9.238795e-01 0.000000e+00
    outer loop
      vertex   5.900000e+01 1.973205e+01 -3.000000e+01
      vertex   5.900000e+01 1.973205e+01 -4.000000e+01
      vertex   5.851764e+01 1.993185e+01 -3.000000e+01
    endloop
  endfacet
  facet normal 3.826834e-01 9.238795e-01 0.000000e+00
    outer loop
      vertex   5.900000e+01 1.973205e+01 -3.000000e+01
      vertex   5.851764e+01 1.993185e+01 -3.000000e+01
      vertex   5.851764e+01 1.993185e+01 -2.000000e+01
    endloop
  endfacet
  facet normal 1.305262e-01 9.914449e-01 0.000000e+00
    outer loop
      vertex   5.851764e+01 1.993185e+01 -2.000000e+01
      vertex   5.851764e+01 1.993185e+01 -3.000000e+01
      vertex   5.800000e+01 2.000000e+01 -4.000000e+01
    endloop
  endfacet
  facet normal 1.305262e-01 9.914449e-01 0.000000e+00
    outer loop
      vertex   5.851764e+01 1.993185e+01 -2.000000e+01
      vertex   5.800000e+01 2.000000e+01 -4.000000e+01
      vertex   5.800000e+01 2.000000e+01 1.000000e+01
    endloop
  endfacet
  facet normal 3.826834e-01 9.238795e-01 3.295978e-16
    outer loop
      vertex   5.900000e+01 1.973205e+01 -4.000000e+01
      vertex   5.851764e+01 1.993185e+01 -4.000000e+01
      vertex   5.851764e+01 1.993185e+01 -3.000000e+01
    endloop
  endfacet
  facet normal 1.305262e-01 9.914449e-01 3.522320e-16
    outer loop
      vertex   5.851764e+01 1.993185e+01 -3.000000e+01
      vertex   5.851764e+01 1.993185e+01 -4.000000e+01
      vertex   5.800000e+01 2.000000e+01 -4.000000e+01
    endloop
  endfacet
  facet normal 3.826834e-01 9.238795e-01 -0.000000e+00
    outer loop
      vertex   5.851764e+01 1.993185e+01 -1.000000e+01
      vertex   5.851764e+01 1.993185e+01 0.000000e+00
      vertex   5.900000e+01 1.973205e+01 -1.000000e+01
    endloop
  endfacet
  facet normal 3.826834e-01 9.238795e-01 -0.000000e+00
    outer loop
      vertex   5.900000e+01 1.973205e+01 -1.000000e+01
      vertex   5.851764e+01 1.993185e+01 0.000000e+00
      vertex   5.900000e+01 1.973205e+01 0.000000e+00
    endloop
  endfacet
  facet normal 6.087614e-01 7.933533e-01 -0.000000e+00
    outer loop
      vertex   5.900000e+01 1.973205e+01 -1.000000e+01
      vertex   5.900000e+01 1.973205e+01 0.000000e+00
      vertex   5.941421e+01 1.941421e+01 -1.000000e+01
    endloop
  endfacet
  facet normal 6.087614e-01 7.933533e-01 -0.000000e+00
    outer loop
      vertex   5.941421e+01 1.941421e+01 -1.000000e+01
      vertex   5.900000e+01 1.973205e+01 0.000000e+00
      vertex   5.941421e+01 1.941421e+01 0.000000e+00
    endloop
  endfacet
  facet normal 7.933533e-01 6.087614e-01 -0.000000e+00
    outer loop
      vertex   5.941421e+01 1.941421e+01 -1.000000e+01
      vertex   5.941421e+01 1.941421e+01 0.000000e+00
      vertex   5.973205e+01 1.900000e+01 -1.000000e+01
    endloop
  endfacet
  facet normal 3.826834e-01 9.238795e-01 0.000000e+00
    outer loop
      vertex   5.851764e+01 1.993185e+01 -1.000000e+01
      vertex   5.900000e+01 1.973205e+01 -1.000000e+01
      vertex   5.900000e+01 1.973205e+01 -2.000000e+01
    endloop
  endfacet
  facet normal 6.087614e-01 7.933533e-01 -0.000000e+00
    outer loop
      vertex   5.900000e+01 1.973205e+01 -2.000000e+01
      vertex   5.900000e+01 1.973205e+01 -1.000000e+01
      vertex   5.941421e+01 1.941421e+01 -2.000000e+01
    endloop
  endfacet
  facet normal 6.087614e-01 7.933533e-01 0.000000e+00
    outer loop
      vertex   5.900000e+01 1.973205e+01 -2.000000e+01
      vertex   5.941421e+01 1.941421e+01 -2.000000e+01
      vertex   5.941421e+01 1.941421e+01 -3.000000e+01
    endloop
  endfacet
  facet normal 7.933533e-01 6.087614e-01 -0.000000e+00
    outer loop
      vertex   5.941421e+01 1.941421e+01 -3.000000e+01
      vertex   5.941421e+01 1.941421e+01 -2.000000e+01
      vertex   5.973205e+01 1.900000e+01 -3.000000e+01
    endloop
  endfacet
  facet normal 6.087614e-01 7.933533e-01 -0.000000e+00
    outer loop
      vertex   5.941421e+01 1.941421e+01 -2.000000e+01
      vertex   5.900000e+01 1.973205e+01 -1.000000e+01
      vertex   5.941421e+01 1.941421e+01 -1.000000e+01
    endloop
  endfacet
  facet normal 7.933533e-01 6.087614e-01 -0.000000e+00
    outer loop
      vertex   5.941421e+01 1.941421e+01 -2.000000e+01
      vertex   5.941421e+01 1.941421e+01 -1.000000e+01
      vertex   5.973205e+01 1.900000e+01 -2.000000e+01
    endloop
  endfacet
  facet normal 7.933533e-01 6.087614e-01 -0.000000e+00
    outer loop
      vertex   5.973205e+01 1.900000e+01 -2.000000e+01
      vertex   5.941421e+01 1.941421e+01 -1.000000e+01
      vertex   5.973205e+01 1.900000e+01 -1.000000e+01
    endloop
  endfacet
  facet normal 9.238795e-01 3.826834e-01 -0.000000e+00
    outer loop
      vertex   5.973205e+01 1.900000e+01 -2.000000e+01
      vertex   5.973205e+01 1.900000e+01 -1.000000e+01
      vertex   5.993185e+01 1.851764e+01 -2.000000e+01
    endloop
  endfacet
  facet normal 9.238795e-01 3.826834e-01 0.000000e+00
    outer loop
      vertex   5.993185e+01 1.851764e+01 -3.000000e+01
      vertex   5.973205e+01 1.900000e+01 -3.000000e+01
      vertex   5.973205e+01 1.900000e+01 -2.000000e+01
    endloop
  endfacet
  facet normal 7.933533e-01 6.087614e-01 0.000000e+00
    outer loop
      vertex   5.973205e+01 1.900000e+01 -2.000000e+01
      vertex   5.973205e+01 1.900000e+01 -3.000000e+01
      vertex   5.941421e+01 1.941421e+01 -2.000000e+01
    endloop
  endfacet
  facet normal 9.238795e-01 3.826834e-01 -0.000000e+00
    outer loop
      vertex   5.993185e+01 1.851764e+01 -3.000000e+01
      vertex   5.973205e+01 1.900000e+01 -2.000000e+01
      vertex   5.993185e+01 1.851764e+01 -2.000000e+01
    endloop
  endfacet
  facet normal 0.000000e+00 -4.936055e-01 -8.696859e-01
    outer loop
      vertex   -6.000000e+01 2.924928e+00 -3.672738e+01
      vertex   -6.000000e+01 2.958239e+00 -3.674629e+01
      vertex   -5.900000e+01 2.924928e+00 -3.672738e+01
    endloop
  endfacet
  facet normal 0.000000e+00 -4.936055e-01 -8.696859e-01
    outer loop
      vertex   -5.900000e+01 2.924928e+00 -3.672738e+01
      vertex   -6.000000e+01 2.958239e+00 -3.674629e+01
      vertex   -5.900000e+01 2.958239e+00 -3.674629e+01
    endloop
  endfacet
  facet normal 0.000000e+00 -1.262543e-01 -9.919979e-01
    outer loop
      vertex   -6.000000e+01 2.958239e+00 -3.674629e+01
      vertex   -6.000000e+01 3.064148e+00 -3.675977e+01
      vertex   -5.900000e+01 2.958239e+00 -3.674629e+01
    endloop
  endfacet
  facet normal 0.000000e+00 -1.262543e-01 -9.919979e-01
    outer loop
      vertex   -5.900000e+01 2.958239e+00 -3.674629e+01
      vertex   -6.000000e+01 3.064148e+00 -3.675977e+01
      vertex   -5.900000e+01 3.064148e+00 -3.675977e+01
    endloop
  endfacet
  facet normal 0.000000e+00 0.000000e+00 -1.000000e+00
    outer loop
      vertex   -6.000000e+01 3.064148e+00 -3.675977e+01
      vertex   -6.000000e+01 4.084367e+00 -3.675977e+01
      vertex   -5.900000e+01 3.064148e+00 -3.675977e+01
    endloop
  endfacet
  facet normal 0.000000e+00 0.000000e+00 -1.000000e+00
    outer loop
      vertex   -5.900000e+01 3.064148e+00 -3.675977e+01
      vertex   -6.000000e+01 4.084367e+00 -3.675977e+01
      vertex   -5.900000e+01 4.084367e+00 -3.675977e+01
    endloop
  endfacet
  facet normal 0.000000e+00 1.000000e+00 0.000000e+00
    outer loop
      vertex   -6.000000e+01 4.084367e+00 -3.675977e+01
      vertex   -6.000000e+01 4.084367e+00 -3.613578e+01
      vertex   -5.900000e+01 4.084367e+00 -3.675977e+01
    endloop
  endfacet
  facet normal 0.000000e+00 1.000000e+00 -0.000000e+00
    outer loop
      vertex   -5.900000e+01 4.084367e+00 -3.675977e+01
      vertex   -6.000000e+01 4.084367e+00 -3.613578e+01
      vertex   -5.900000e+01 4.084367e+00 -3.613578e+01
    endloop
  endfacet
  facet normal -0.000000e+00 0.000000e+00 1.000000e+00
    outer loop
      vertex   -6.000000e+01 4.084367e+00 -3.613578e+01
      vertex   -6.000000e+01 3.064238e+00 -3.613578e+01
      vertex   -5.900000e+01 4.084367e+00 -3.613578e+01
    endloop
  endfacet
  facet normal 0.000000e+00 0.000000e+00 1.000000e+00
    outer loop
      vertex   -5.900000e+01 4.084367e+00 -3.613578e+01
      vertex   -6.000000e+01 3.064238e+00 -3.613578e+01
      vertex   -5.900000e+01 3.064238e+00 -3.613578e+01
    endloop
  endfacet
  facet normal 0.000000e+00 -1.273633e-01 9.918561e-01
    outer loop
      vertex   -6.000000e+01 3.064238e+00 -3.613578e+01
      vertex   -6.000000e+01 2.958635e+00 -3.614934e+01
      vertex   -5.900000e+01 3.064238e+00 -3.613578e+01
    endloop
  endfacet
  facet normal 0.000000e+00 -1.273633e-01 9.918561e-01
    outer loop
      vertex   -5.900000e+01 3.064238e+00 -3.613578e+01
      vertex   -6.000000e+01 2.958635e+00 -3.614934e+01
      vertex   -5.900000e+01 2.958635e+00 -3.614934e+01
    endloop
  endfacet
  facet normal 0.000000e+00 -4.969280e-01 8.677917e-01
    outer loop
      vertex   -6.000000e+01 2.958635e+00 -3.614934e+01
      vertex   -6.000000e+01 2.924928e+00 -3.616864e+01
      vertex   -5.900000e+01 2.958635e+00 -3.614934e+01
    endloop
  endfacet
  facet normal 0.000000e+00 -4.969280e-01 8.677917e-01
    outer loop
      vertex   -5.900000e+01 2.958635e+00 -3.614934e+01
      vertex   -6.000000e+01 2.924928e+00 -3.616864e+01
      vertex   -5.900000e+01 2.924928e+00 -3.616864e+01
    endloop
  endfacet
  facet normal 0.000000e+00 -8.681530e-01 4.962966e-01
    outer loop
      vertex   -6.000000e+01 2.924928e+00 -3.616864e+01
      vertex   -6.000000e+01 2.905567e+00 -3.620251e+01
      vertex   -5.900000e+01 2.924928e+00 -3.616864e+01
    endloop
  endfacet
  facet normal 0.000000e+00 -8.681530e-01 4.962966e-01
    outer loop
      vertex   -5.900000e+01 2.924928e+00 -3.616864e+01
      vertex   -6.000000e+01 2.905567e+00 -3.620251e+01
      vertex   -5.900000e+01 2.905567e+00 -3.620251e+01
    endloop
  endfacet
  facet normal 0.000000e+00 -9.919107e-01 1.269376e-01
    outer loop
      vertex   -6.000000e+01 2.905567e+00 -3.620251e+01
      vertex   -6.000000e+01 2.891981e+00 -3.630867e+01
      vertex   -5.900000e+01 2.905567e+00 -3.620251e+01
    endloop
  endfacet
  facet normal 0.000000e+00 -9.919107e-01 1.269376e-01
    outer loop
      vertex   -5.900000e+01 2.905567e+00 -3.620251e+01
      vertex   -6.000000e+01 2.891981e+00 -3.630867e+01
      vertex   -5.900000e+01 2.891981e+00 -3.630867e+01
    endloop
  endfacet
  facet normal 0.000000e+00 -1.000000e+00 0.000000e+00
    outer loop
      vertex   -6.000000e+01 2.891981e+00 -3.630867e+01
      vertex   -6.000000e+01 2.891981e+00 -3.658689e+01
      vertex   -5.900000e+01 2.891981e+00 -3.630867e+01
    endloop
  endfacet
  facet normal 0.000000e+00 -1.000000e+00 -0.000000e+00
    outer loop
      vertex   -5.900000e+01 2.891981e+00 -3.630867e+01
      vertex   -6.000000e+01 2.891981e+00 -3.658689e+01
      vertex   -5.900000e+01 2.891981e+00 -3.658689e+01
    endloop
  endfacet
  facet normal 0.000000e+00 -9.919288e-01 -1.267963e-01
    outer loop
      vertex   -6.000000e+01 2.891981e+00 -3.658689e+01
      vertex   -6.000000e+01 2.905596e+00 -3.669339e+01
      vertex   -5.900000e+01 2.891981e+00 -3.658689e+01
    endloop
  endfacet
  facet normal 0.000000e+00 -9.919288e-01 -1.267963e-01
    outer loop
      vertex   -5.900000e+01 2.891981e+00 -3.658689e+01
      vertex   -6.000000e+01 2.905596e+00 -3.669339e+01
      vertex   -5.900000e+01 2.905596e+00 -3.669339e+01
    endloop
  endfacet
  facet normal 0.000000e+00 -8.692287e-01 -4.944103e-01
    outer loop
      vertex   -6.000000e+01 2.905596e+00 -3.669339e+01
      vertex   -6.000000e+01 2.924928e+00 -3.672738e+01
      vertex   -5.900000e+01 2.905596e+00 -3.669339e+01
    endloop
  endfacet
  facet normal 0.000000e+00 -8.692287e-01 -4.944103e-01
    outer loop
      vertex   -5.900000e+01 2.905596e+00 -3.669339e+01
      vertex   -6.000000e+01 2.924928e+00 -3.672738e+01
      vertex   -5.900000e+01 2.924928e+00 -3.672738e+01
    endloop
  endfacet
  facet normal 0.000000e+00 9.488573e-01 -3.157054e-01
    outer loop
      vertex   -6.000000e+01 2.142836e+00 -3.625113e+01
      vertex   -6.000000e+01 2.358377e+00 -3.560332e+01
      vertex   -5.900000e+01 2.142836e+00 -3.625113e+01
    endloop
  endfacet
  facet normal 0.000000e+00 9.488573e-01 -3.157054e-01
    outer loop
      vertex   -5.900000e+01 2.142836e+00 -3.625113e+01
      vertex   -6.000000e+01 2.358377e+00 -3.560332e+01
      vertex   -5.900000e+01 2.358377e+00 -3.560332e+01
    endloop
  endfacet
  facet normal 0.000000e+00 3.167508e-01 -9.485088e-01
    outer loop
      vertex   -6.000000e+01 2.358377e+00 -3.560332e+01
      vertex   -6.000000e+01 3.005235e+00 -3.538731e+01
      vertex   -5.900000e+01 2.358377e+00 -3.560332e+01
    endloop
  endfacet
  facet normal 0.000000e+00 3.167508e-01 -9.485088e-01
    outer loop
      vertex   -5.900000e+01 2.358377e+00 -3.560332e+01
      vertex   -6.000000e+01 3.005235e+00 -3.538731e+01
      vertex   -5.900000e+01 3.005235e+00 -3.538731e+01
    endloop
  endfacet
  facet normal 0.000000e+00 0.000000e+00 -1.000000e+00
    outer loop
      vertex   -6.000000e+01 3.005235e+00 -3.538731e+01
      vertex   -6.000000e+01 4.833512e+00 -3.538731e+01
      vertex   -5.900000e+01 3.005235e+00 -3.538731e+01
    endloop
  endfacet
  facet normal 0.000000e+00 0.000000e+00 -1.000000e+00
    outer loop
      vertex   -5.900000e+01 3.005235e+00 -3.538731e+01
      vertex   -6.000000e+01 4.833512e+00 -3.538731e+01
      vertex   -5.900000e+01 4.833512e+00 -3.538731e+01
    endloop
  endfacet
  facet normal 0.000000e+00 -1.000000e+00 0.000000e+00
    outer loop
      vertex   -6.000000e+01 4.833512e+00 -3.538731e+01
      vertex   -6.000000e+01 4.833512e+00 -3.870731e+01
      vertex   -5.900000e+01 4.833512e+00 -3.538731e+01
    endloop
  endfacet
  facet normal 0.000000e+00 -1.000000e+00 -0.000000e+00
    outer loop
      vertex   -5.900000e+01 4.833512e+00 -3.538731e+01
      vertex   -6.000000e+01 4.833512e+00 -3.870731e+01
      vertex   -5.900000e+01 4.833512e+00 -3.870731e+01
    endloop
  endfacet
  facet normal -0.000000e+00 0.000000e+00 1.000000e+00
    outer loop
      vertex   -6.000000e+01 4.833512e+00 -3.870731e+01
      vertex   -6.000000e+01 4.084367e+00 -3.870731e+01
      vertex   -5.900000e+01 4.833512e+00 -3.870731e+01
    endloop
  endfacet
  facet normal 0.000000e+00 0.000000e+00 1.000000e+00
    outer loop
      vertex   -5.900000e+01 4.833512e+00 -3.870731e+01
      vertex   -6.000000e+01 4.084367e+00 -3.870731e+01
      vertex   -5.900000e+01 4.084367e+00 -3.870731e+01
    endloop
  endfacet
  facet normal 0.000000e+00 1.000000e+00 0.000000e+00
    outer loop
      vertex   -6.000000e+01 4.084367e+00 -3.870731e+01
      vertex   -6.000000e+01 4.084367e+00 -3.750824e+01
      vertex   -5.900000e+01 4.084367e+00 -3.870731e+01
    endloop
  endfacet
  facet normal 0.000000e+00 1.000000e+00 -0.000000e+00
    outer loop
      vertex   -5.900000e+01 4.084367e+00 -3.870731e+01
      vertex   -6.000000e+01 4.084367e+00 -3.750824e+01
      vertex   -5.900000e+01 4.084367e+00 -3.750824e+01
    endloop
  endfacet
  facet normal -0.000000e+00 0.000000e+00 1.000000e+00
    outer loop
      vertex   -6.000000e+01 4.084367e+00 -3.750824e+01
      vertex   -6.000000e+01 3.407214e+00 -3.750824e+01
      vertex   -5.900000e+01 4.084367e+00 -3.750824e+01
    endloop
  endfacet
  facet normal 0.000000e+00 0.000000e+00 1.000000e+00
    outer loop
      vertex   -5.900000e+01 4.084367e+00 -3.750824e+01
      vertex   -6.000000e+01 3.407214e+00 -3.750824e+01
      vertex   -5.900000e+01 3.407214e+00 -3.750824e+01
    endloop
  endfacet
  facet normal 0.000000e+00 -9.071126e-01 4.208881e-01
    outer loop
      vertex   -6.000000e+01 3.407214e+00 -3.750824e+01
      vertex   -6.000000e+01 2.850864e+00 -3.870731e+01
      vertex   -5.900000e+01 3.407214e+00 -3.750824e+01
    endloop
  endfacet
  facet normal 0.000000e+00 -9.071126e-01 4.208881e-01
    outer loop
      vertex   -5.900000e+01 3.407214e+00 -3.750824e+01
      vertex   -6.000000e+01 2.850864e+00 -3.870731e+01
      vertex   -5.900000e+01 2.850864e+00 -3.870731e+01
    endloop
  endfacet
  facet normal -0.000000e+00 0.000000e+00 1.000000e+00
    outer loop
      vertex   -6.000000e+01 2.850864e+00 -3.870731e+01
      vertex   -6.000000e+01 2.023201e+00 -3.870731e+01
      vertex   -5.900000e+01 2.850864e+00 -3.870731e+01
    endloop
  endfacet
  facet normal 0.000000e+00 0.000000e+00 1.000000e+00
    outer loop
      vertex   -5.900000e+01 2.850864e+00 -3.870731e+01
      vertex   -6.000000e+01 2.023201e+00 -3.870731e+01
      vertex   -5.900000e+01 2.023201e+00 -3.870731e+01
    endloop
  endfacet
  facet normal 0.000000e+00 9.067700e-01 -4.216256e-01
    outer loop
      vertex   -6.000000e+01 2.023201e+00 -3.870731e+01
      vertex   -6.000000e+01 2.630502e+00 -3.740121e+01
      vertex   -5.900000e+01 2.023201e+00 -3.870731e+01
    endloop
  endfacet
  facet normal 0.000000e+00 9.067700e-01 -4.216256e-01
    outer loop
      vertex   -5.900000e+01 2.023201e+00 -3.870731e+01
      vertex   -6.000000e+01 2.630502e+00 -3.740121e+01
      vertex   -5.900000e+01 2.630502e+00 -3.740121e+01
    endloop
  endfacet
  facet normal -0.000000e+00 4.847143e-01 8.746725e-01
    outer loop
      vertex   -6.000000e+01 2.630502e+00 -3.740121e+01
      vertex   -6.000000e+01 2.300073e+00 -3.721810e+01
      vertex   -5.900000e+01 2.630502e+00 -3.740121e+01
    endloop
  endfacet
  facet normal 0.000000e+00 4.847143e-01 8.746725e-01
    outer loop
      vertex   -5.900000e+01 2.630502e+00 -3.740121e+01
      vertex   -6.000000e+01 2.300073e+00 -3.721810e+01
      vertex   -5.900000e+01 2.300073e+00 -3.721810e+01
    endloop
  endfacet
  facet normal -0.000000e+00 9.649603e-01 2.623957e-01
    outer loop
      vertex   -6.000000e+01 2.300073e+00 -3.721810e+01
      vertex   -6.000000e+01 2.142836e+00 -3.663986e+01
      vertex   -5.900000e+01 2.300073e+00 -3.721810e+01
    endloop
  endfacet
  facet normal 0.000000e+00 9.649603e-01 2.623957e-01
    outer loop
      vertex   -5.900000e+01 2.300073e+00 -3.721810e+01
      vertex   -6.000000e+01 2.142836e+00 -3.663986e+01
      vertex   -5.900000e+01 2.142836e+00 -3.663986e+01
    endloop
  endfacet
  facet normal 0.000000e+00 1.000000e+00 0.000000e+00
    outer loop
      vertex   -6.000000e+01 2.142836e+00 -3.663986e+01
      vertex   -6.000000e+01 2.142836e+00 -3.625113e+01
      vertex   -5.900000e+01 2.142836e+00 -3.663986e+01
    endloop
  endfacet
  facet normal 0.000000e+00 1.000000e+00 -0.000000e+00
    outer loop
      vertex   -5.900000e+01 2.142836e+00 -3.663986e+01
      vertex   -6.000000e+01 2.142836e+00 -3.625113e+01
      vertex   -5.900000e+01 2.142836e+00 -3.625113e+01
    endloop
  endfacet
  facet normal -1.000000e+00 -0.000000e+00 0.000000e+00
    outer loop
      vertex   -5.900000e+01 2.924928e+00 -3.672738e+01
      vertex   -5.900000e+01 2.300073e+00 -3.721810e+01
      vertex   -5.900000e+01 2.905596e+00 -3.669339e+01
    endloop
  endfacet
  facet normal -1.000000e+00 -0.000000e+00 0.000000e+00
    outer loop
      vertex   -5.900000e+01 2.905596e+00 -3.669339e+01
      vertex   -5.900000e+01 2.300073e+00 -3.721810e+01
      vertex   -5.900000e+01 2.142836e+00 -3.663986e+01
    endloop
  endfacet
  facet normal -1.000000e+00 0.000000e+00 0.000000e+00
    outer loop
      vertex   -5.900000e+01 2.905596e+00 -3.669339e+01
      vertex   -5.900000e+01 2.142836e+00 -3.663986e+01
      vertex   -5.900000e+01 2.891981e+00 -3.658689e+01
    endloop
  endfacet
  facet normal -1.000000e+00 -0.000000e+00 0.000000e+00
    outer loop
      vertex   -5.900000e+01 2.891981e+00 -3.658689e+01
      vertex   -5.900000e+01 2.142836e+00 -3.663986e+01
      vertex   -5.900000e+01 2.891981e+00 -3.630867e+01
    endloop
  endfacet
  facet normal -1.000000e+00 -0.000000e+00 0.000000e+00
    outer loop
      vertex   -5.900000e+01 2.891981e+00 -3.630867e+01
      vertex   -5.900000e+01 2.142836e+00 -3.663986e+01
      vertex   -5.900000e+01 2.142836e+00 -3.625113e+01
    endloop
  endfacet
  facet normal -1.000000e+00 0.000000e+00 0.000000e+00
    outer loop
      vertex   -5.900000e+01 2.891981e+00 -3.630867e+01
      vertex   -5.900000e+01 2.142836e+00 -3.625113e+01
      vertex   -5.900000e+01 2.905567e+00 -3.620251e+01
    endloop
  endfacet
  facet normal -1.000000e+00 -0.000000e+00 0.000000e+00
    outer loop
      vertex   -5.900000e+01 2.905567e+00 -3.620251e+01
      vertex   -5.900000e+01 2.142836e+00 -3.625113e+01
      vertex   -5.900000e+01 2.358377e+00 -3.560332e+01
    endloop
  endfacet
  facet normal -1.000000e+00 0.000000e+00 0.000000e+00
    outer loop
      vertex   -5.900000e+01 2.905567e+00 -3.620251e+01
      vertex   -5.900000e+01 2.358377e+00 -3.560332e+01
      vertex   -5.900000e+01 2.924928e+00 -3.616864e+01
    endloop
  endfacet
  facet normal -1.000000e+00 0.000000e+00 0.000000e+00
    outer loop
      vertex   -5.900000e+01 2.924928e+00 -3.616864e+01
      vertex   -5.900000e+01 2.358377e+00 -3.560332e+01
      vertex   -5.900000e+01 3.005235e+00 -3.538731e+01
    endloop
  endfacet
  facet normal -1.000000e+00 0.000000e+00 0.000000e+00
    outer loop
      vertex   -5.900000e+01 2.924928e+00 -3.616864e+01
      vertex   -5.900000e+01 3.005235e+00 -3.538731e+01
      vertex   -5.900000e+01 2.958635e+00 -3.614934e+01
    endloop
  endfacet
  facet normal -1.000000e+00 0.000000e+00 0.000000e+00
    outer loop
      vertex   -5.900000e+01 2.958635e+00 -3.614934e+01
      vertex   -5.900000e+01 3.005235e+00 -3.538731e+01
      vertex   -5.900000e+01 3.064238e+00 -3.613578e+01
    endloop
  endfacet
  facet normal -1.000000e+00 0.000000e+00 0.000000e+00
    outer loop
      vertex   -5.900000e+01 3.064238e+00 -3.613578e+01
      vertex   -5.900000e+01 3.005235e+00 -3.538731e+01
      vertex   -5.900000e+01 4.084367e+00 -3.613578e+01
    endloop
  endfacet
  facet normal -1.000000e+00 0.000000e+00 0.000000e+00
    outer loop
      vertex   -5.900000e+01 4.084367e+00 -3.613578e+01
      vertex   -5.900000e+01 3.005235e+00 -3.538731e+01
      vertex   -5.900000e+01 4.833512e+00 -3.538731e+01
    endloop
  endfacet
  facet normal -1.000000e+00 0.000000e+00 0.000000e+00
    outer loop
      vertex   -5.900000e+01 4.084367e+00 -3.613578e+01
      vertex   -5.900000e+01 4.833512e+00 -3.538731e+01
      vertex   -5.900000e+01 4.084367e+00 -3.675977e+01
    endloop
  endfacet
  facet normal -1.000000e+00 0.000000e+00 0.000000e+00
    outer loop
      vertex   -5.900000e+01 4.084367e+00 -3.675977e+01
      vertex   -5.900000e+01 4.833512e+00 -3.538731e+01
      vertex   -5.900000e+01 4.833512e+00 -3.870731e+01
    endloop
  endfacet
  facet normal -1.000000e+00 0.000000e+00 0.000000e+00
    outer loop
      vertex   -5.900000e+01 4.084367e+00 -3.675977e+01
      vertex   -5.900000e+01 4.833512e+00 -3.870731e+01
      vertex   -5.900000e+01 4.084367e+00 -3.750824e+01
    endloop
  endfacet
  facet normal -1.000000e+00 0.000000e+00 0.000000e+00
    outer loop
      vertex   -5.900000e+01 4.084367e+00 -3.750824e+01
      vertex   -5.900000e+01 4.833512e+00 -3.870731e+01
      vertex   -5.900000e+01 4.084367e+00 -3.870731e+01
    endloop
  endfacet
  facet normal -1.000000e+00 0.000000e+00 0.000000e+00
    outer loop
      vertex   -5.900000e+01 2.300073e+00 -3.721810e+01
      vertex   -5.900000e+01 2.924928e+00 -3.672738e+01
      vertex   -5.900000e+01 2.630502e+00 -3.740121e+01
    endloop
  endfacet
  facet normal -1.000000e+00 0.000000e+00 0.000000e+00
    outer loop
      vertex   -5.900000e+01 2.630502e+00 -3.740121e+01
      vertex   -5.900000e+01 2.924928e+00 -3.672738e+01
      vertex   -5.900000e+01 2.958239e+00 -3.674629e+01
    endloop
  endfacet
  facet normal -1.000000e+00 0.000000e+00 0.000000e+00
    outer loop
      vertex   -5.900000e+01 2.630502e+00 -3.740121e+01
      vertex   -5.900000e+01 2.958239e+00 -3.674629e+01
      vertex   -5.900000e+01 3.064148e+00 -3.675977e+01
    endloop
  endfacet
  facet normal -1.000000e+00 0.000000e+00 0.000000e+00
    outer loop
      vertex   -5.900000e+01 2.630502e+00 -3.740121e+01
      vertex   -5.900000e+01 3.064148e+00 -3.675977e+01
      vertex   -5.900000e+01 3.407214e+00 -3.750824e+01
    endloop
  endfacet
  facet normal -1.000000e+00 0.000000e+00 0.000000e+00
    outer loop
      vertex   -5.900000e+01 3.407214e+00 -3.750824e+01
      vertex   -5.900000e+01 3.064148e+00 -3.675977e+01
      vertex   -5.900000e+01 4.084367e+00 -3.675977e+01
    endloop
  endfacet
  facet normal -1.000000e+00 0.000000e+00 0.000000e+00
    outer loop
      vertex   -5.900000e+01 3.407214e+00 -3.750824e+01
      vertex   -5.900000e+01 4.084367e+00 -3.675977e+01
      vertex   -5.900000e+01 4.084367e+00 -3.750824e+01
    endloop
  endfacet
  facet normal -1.000000e+00 -0.000000e+00 0.000000e+00
    outer loop
      vertex   -5.900000e+01 3.407214e+00 -3.750824e+01
      vertex   -5.900000e+01 2.850864e+00 -3.870731e+01
      vertex   -5.900000e+01 2.630502e+00 -3.740121e+01
    endloop
  endfacet
  facet normal -1.000000e+00 0.000000e+00 -0.000000e+00
    outer loop
      vertex   -5.900000e+01 2.630502e+00 -3.740121e+01
      vertex   -5.900000e+01 2.850864e+00 -3.870731e+01
      vertex   -5.900000e+01 2.023201e+00 -3.870731e+01
    endloop
  endfacet
  facet normal 0.000000e+00 -8.660254e-01 -5.000000e-01
    outer loop
      vertex   -6.000000e+01 6.167135e+00 -2.586846e+01
      vertex   -6.000000e+01 7.881421e+00 -2.883769e+01
      vertex   -5.900000e+01 6.167135e+00 -2.586846e+01
    endloop
  endfacet
  facet normal 0.000000e+00 -8.660254e-01 -5.000000e-01
    outer loop
      vertex   -5.900000e+01 6.167135e+00 -2.586846e+01
      vertex   -6.000000e+01 7.881421e+00 -2.883769e+01
      vertex   -5.900000e+01 7.881421e+00 -2.883769e+01
    endloop
  endfacet
  facet normal 0.000000e+00 -5.000000e-01 8.660254e-01
    outer loop
      vertex   -6.000000e+01 7.881421e+00 -2.883769e+01
      vertex   -6.000000e+01 7.188600e+00 -2.923769e+01
      vertex   -5.900000e+01 7.881421e+00 -2.883769e+01
    endloop
  endfacet
  facet normal 0.000000e+00 -5.000000e-01 8.660254e-01
    outer loop
      vertex   -5.900000e+01 7.881421e+00 -2.883769e+01
      vertex   -6.000000e+01 7.188600e+00 -2.923769e+01
      vertex   -5.900000e+01 7.188600e+00 -2.923769e+01
    endloop
  endfacet
  facet normal -0.000000e+00 8.660254e-01 5.000000e-01
    outer loop
      vertex   -6.000000e+01 7.188600e+00 -2.923769e+01
      vertex   -6.000000e+01 5.474315e+00 -2.626846e+01
      vertex   -5.900000e+01 7.188600e+00 -2.923769e+01
    endloop
  endfacet
  facet normal 0.000000e+00 8.660254e-01 5.000000e-01
    outer loop
      vertex   -5.900000e+01 7.188600e+00 -2.923769e+01
      vertex   -6.000000e+01 5.474315e+00 -2.626846e+01
      vertex   -5.900000e+01 5.474315e+00 -2.626846e+01
    endloop
  endfacet
  facet normal 0.000000e+00 5.000000e-01 -8.660254e-01
    outer loop
      vertex   -6.000000e+01 5.474315e+00 -2.626846e+01
      vertex   -6.000000e+01 6.167135e+00 -2.586846e+01
      vertex   -5.900000e+01 5.474315e+00 -2.626846e+01
    endloop
  endfacet
  facet normal 0.000000e+00 5.000000e-01 -8.660254e-01
    outer loop
      vertex   -5.900000e+01 5.474315e+00 -2.626846e+01
      vertex   -6.000000e+01 6.167135e+00 -2.586846e+01
      vertex   -5.900000e+01 6.167135e+00 -2.586846e+01
    endloop
  endfacet
  facet normal -1.000000e+00 0.000000e+00 0.000000e+00
    outer loop
      vertex   -5.900000e+01 5.474315e+00 -2.626846e+01
      vertex   -5.900000e+01 6.167135e+00 -2.586846e+01
      vertex   -5.900000e+01 7.188600e+00 -2.923769e+01
    endloop
  endfacet
  facet normal -1.000000e+00 0.000000e+00 0.000000e+00
    outer loop
      vertex   -5.900000e+01 7.188600e+00 -2.923769e+01
      vertex   -5.900000e+01 6.167135e+00 -2.586846e+01
      vertex   -5.900000e+01 7.881421e+00 -2.883769e+01
    endloop
  endfacet
  facet normal 0.000000e+00 -9.954719e-01 9.505604e-02
    outer loop
      vertex   -6.000000e+01 1.500000e+01 -1.712849e+01
      vertex   -6.000000e+01 1.492907e+01 -1.787134e+01
      vertex   -5.900000e+01 1.500000e+01 -1.712849e+01
    endloop
  endfacet
  facet normal 0.000000e+00 -9.954719e-01 9.505604e-02
    outer loop
      vertex   -5.900000e+01 1.500000e+01 -1.712849e+01
      vertex   -6.000000e+01 1.492907e+01 -1.787134e+01
      vertex   -5.900000e+01 1.492907e+01 -1.787134e+01
    endloop
  endfacet
  facet normal -0.000000e+00 9.505604e-02 9.954719e-01
    outer loop
      vertex   -6.000000e+01 1.492907e+01 -1.787134e+01
      vertex   -6.000000e+01 1.236928e+01 -1.762691e+01
      vertex   -5.900000e+01 1.492907e+01 -1.787134e+01
    endloop
  endfacet
  facet normal 0.000000e+00 9.505604e-02 9.954719e-01
    outer loop
      vertex   -5.900000e+01 1.492907e+01 -1.787134e+01
      vertex   -6.000000e+01 1.236928e+01 -1.762691e+01
      vertex   -5.900000e+01 1.236928e+01 -1.762691e+01
    endloop
  endfacet
  facet normal 0.000000e+00 9.954719e-01 -9.505604e-02
    outer loop
      vertex   -6.000000e+01 1.236928e+01 -1.762691e+01
      vertex   -6.000000e+01 1.244533e+01 -1.683053e+01
      vertex   -5.900000e+01 1.236928e+01 -1.762691e+01
    endloop
  endfacet
  facet normal 0.000000e+00 9.954719e-01 -9.505604e-02
    outer loop
      vertex   -5.900000e+01 1.236928e+01 -1.762691e+01
      vertex   -6.000000e+01 1.244533e+01 -1.683053e+01
      vertex   -5.900000e+01 1.244533e+01 -1.683053e+01
    endloop
  endfacet
  facet normal 0.000000e+00 -9.505604e-02 -9.954719e-01
    outer loop
      vertex   -6.000000e+01 1.244533e+01 -1.683053e+01
      vertex   -6.000000e+01 1.500000e+01 -1.707447e+01
      vertex   -5.900000e+01 1.244533e+01 -1.683053e+01
    endloop
  endfacet
  facet normal 0.000000e+00 -9.505604e-02 -9.954719e-01
    outer loop
      vertex   -5.900000e+01 1.244533e+01 -1.683053e+01
      vertex   -6.000000e+01 1.500000e+01 -1.707447e+01
      vertex   -5.900000e+01 1.500000e+01 -1.707447e+01
    endloop
  endfacet
  facet normal 0.000000e+00 -1.000000e+00 0.000000e+00
    outer loop
      vertex   -6.000000e+01 1.500000e+01 -1.707447e+01
      vertex   -6.000000e+01 1.500000e+01 -1.712849e+01
      vertex   -5.900000e+01 1.500000e+01 -1.707447e+01
    endloop
  endfacet
  facet normal 0.000000e+00 -1.000000e+00 -0.000000e+00
    outer loop
      vertex   -5.900000e+01 1.500000e+01 -1.707447e+01
      vertex   -6.000000e+01 1.500000e+01 -1.712849e+01
      vertex   -5.900000e+01 1.500000e+01 -1.712849e+01
    endloop
  endfacet
  facet normal -1.000000e+00 -0.000000e+00 -0.000000e+00
    outer loop
      vertex   -5.900000e+01 1.500000e+01 -1.707447e+01
      vertex   -5.900000e+01 1.500000e+01 -1.712849e+01
      vertex   -5.900000e+01 1.244533e+01 -1.683053e+01
    endloop
  endfacet
  facet normal -1.000000e+00 0.000000e+00 -0.000000e+00
    outer loop
      vertex   -5.900000e+01 1.244533e+01 -1.683053e+01
      vertex   -5.900000e+01 1.500000e+01 -1.712849e+01
      vertex   -5.900000e+01 1.236928e+01 -1.762691e+01
    endloop
  endfacet
  facet normal -1.000000e+00 0.000000e+00 0.000000e+00
    outer loop
      vertex   -5.900000e+01 1.236928e+01 -1.762691e+01
      vertex   -5.900000e+01 1.500000e+01 -1.712849e+01
      vertex   -5.900000e+01 1.492907e+01 -1.787134e+01
    endloop
  endfacet
  facet normal -0.000000e+00 3.716625e-01 9.283679e-01
    outer loop
      vertex   -6.000000e+01 -1.165194e+01 -1.179942e+01
      vertex   -6.000000e+01 -1.403917e+01 -1.084372e+01
      vertex   -5.900000e+01 -1.165194e+01 -1.179942e+01
    endloop
  endfacet
  facet normal 0.000000e+00 3.716625e-01 9.283679e-01
    outer loop
      vertex   -5.900000e+01 -1.165194e+01 -1.179942e+01
      vertex   -6.000000e+01 -1.403917e+01 -1.084372e+01
      vertex   -5.900000e+01 -1.403917e+01 -1.084372e+01
    endloop
  endfacet
  facet normal 0.000000e+00 9.283679e-01 -3.716625e-01
    outer loop
      vertex   -6.000000e+01 -1.403917e+01 -1.084372e+01
      vertex   -6.000000e+01 -1.374184e+01 -1.010102e+01
      vertex   -5.900000e+01 -1.403917e+01 -1.084372e+01
    endloop
  endfacet
  facet normal 0.000000e+00 9.283679e-01 -3.716625e-01
    outer loop
      vertex   -5.900000e+01 -1.403917e+01 -1.084372e+01
      vertex   -6.000000e+01 -1.374184e+01 -1.010102e+01
      vertex   -5.900000e+01 -1.374184e+01 -1.010102e+01
    endloop
  endfacet
  facet normal 0.000000e+00 -3.716625e-01 -9.283679e-01
    outer loop
      vertex   -6.000000e+01 -1.374184e+01 -1.010102e+01
      vertex   -6.000000e+01 -1.135461e+01 -1.105673e+01
      vertex   -5.900000e+01 -1.374184e+01 -1.010102e+01
    endloop
  endfacet
  facet normal 0.000000e+00 -3.716625e-01 -9.283679e-01
    outer loop
      vertex   -5.900000e+01 -1.374184e+01 -1.010102e+01
      vertex   -6.000000e+01 -1.135461e+01 -1.105673e+01
      vertex   -5.900000e+01 -1.135461e+01 -1.105673e+01
    endloop
  endfacet
  facet normal 0.000000e+00 -9.283679e-01 3.716625e-01
    outer loop
      vertex   -6.000000e+01 -1.135461e+01 -1.105673e+01
      vertex   -6.000000e+01 -1.165194e+01 -1.179942e+01
      vertex   -5.900000e+01 -1.135461e+01 -1.105673e+01
    endloop
  endfacet
  facet normal 0.000000e+00 -9.283679e-01 3.716625e-01
    outer loop
      vertex   -5.900000e+01 -1.135461e+01 -1.105673e+01
      vertex   -6.000000e+01 -1.165194e+01 -1.179942e+01
      vertex   -5.900000e+01 -1.165194e+01 -1.179942e+01
    endloop
  endfacet
  facet normal -1.000000e+00 0.000000e+00 0.000000e+00
    outer loop
      vertex   -5.900000e+01 -1.165194e+01 -1.179942e+01
      vertex   -5.900000e+01 -1.403917e+01 -1.084372e+01
      vertex   -5.900000e+01 -1.135461e+01 -1.105673e+01
    endloop
  endfacet
  facet normal -1.000000e+00 0.000000e+00 0.000000e+00
    outer loop
      vertex   -5.900000e+01 -1.135461e+01 -1.105673e+01
      vertex   -5.900000e+01 -1.403917e+01 -1.084372e+01
      vertex   -5.900000e+01 -1.374184e+01 -1.010102e+01
    endloop
  endfacet
  facet normal 0.000000e+00 9.718116e-01 -2.357589e-01
    outer loop
      vertex   -6.000000e+01 2.576433e+00 -3.874773e+00
      vertex   -6.000000e+01 3.182670e+00 -1.375829e+00
      vertex   -5.900000e+01 2.576433e+00 -3.874773e+00
    endloop
  endfacet
  facet normal 0.000000e+00 9.718116e-01 -2.357589e-01
    outer loop
      vertex   -5.900000e+01 2.576433e+00 -3.874773e+00
      vertex   -6.000000e+01 3.182670e+00 -1.375829e+00
      vertex   -5.900000e+01 3.182670e+00 -1.375829e+00
    endloop
  endfacet
  facet normal 0.000000e+00 -2.357589e-01 -9.718116e-01
    outer loop
      vertex   -6.000000e+01 3.182670e+00 -1.375829e+00
      vertex   -6.000000e+01 3.960119e+00 -1.564436e+00
      vertex   -5.900000e+01 3.182670e+00 -1.375829e+00
    endloop
  endfacet
  facet normal 0.000000e+00 -2.357589e-01 -9.718116e-01
    outer loop
      vertex   -5.900000e+01 3.182670e+00 -1.375829e+00
      vertex   -6.000000e+01 3.960119e+00 -1.564436e+00
      vertex   -5.900000e+01 3.960119e+00 -1.564436e+00
    endloop
  endfacet
  facet normal 0.000000e+00 -9.718116e-01 2.357589e-01
    outer loop
      vertex   -6.000000e+01 3.960119e+00 -1.564436e+00
      vertex   -6.000000e+01 3.353882e+00 -4.063380e+00
      vertex   -5.900000e+01 3.960119e+00 -1.564436e+00
    endloop
  endfacet
  facet normal 0.000000e+00 -9.718116e-01 2.357589e-01
    outer loop
      vertex   -5.900000e+01 3.960119e+00 -1.564436e+00
      vertex   -6.000000e+01 3.353882e+00 -4.063380e+00
      vertex   -5.900000e+01 3.353882e+00 -4.063380e+00
    endloop
  endfacet
  facet normal -0.000000e+00 2.357589e-01 9.718116e-01
    outer loop
      vertex   -6.000000e+01 3.353882e+00 -4.063380e+00
      vertex   -6.000000e+01 2.576433e+00 -3.874773e+00
      vertex   -5.900000e+01 3.353882e+00 -4.063380e+00
    endloop
  endfacet
  facet normal 0.000000e+00 2.357589e-01 9.718116e-01
    outer loop
      vertex   -5.900000e+01 3.353882e+00 -4.063380e+00
      vertex   -6.000000e+01 2.576433e+00 -3.874773e+00
      vertex   -5.900000e+01 2.576433e+00 -3.874773e+00
    endloop
  endfacet
  facet normal -1.000000e+00 0.000000e+00 0.000000e+00
    outer loop
      vertex   -5.900000e+01 2.576433e+00 -3.874773e+00
      vertex   -5.900000e+01 3.182670e+00 -1.375829e+00
      vertex   -5.900000e+01 3.353882e+00 -4.063380e+00
    endloop
  endfacet
  facet normal -1.000000e+00 0.000000e+00 0.000000e+00
    outer loop
      vertex   -5.900000e+01 3.353882e+00 -4.063380e+00
      vertex   -5.900000e+01 3.182670e+00 -1.375829e+00
      vertex   -5.900000e+01 3.960119e+00 -1.564436e+00
    endloop
  endfacet
  facet normal -0.000000e+00 6.548607e-01 7.557496e-01
    outer loop
      vertex   -6.000000e+01 8.476294e+00 -6.916363e+00
      vertex   -6.000000e+01 7.871694e+00 -6.392474e+00
      vertex   -5.900000e+01 8.476294e+00 -6.916363e+00
    endloop
  endfacet
  facet normal 0.000000e+00 6.548607e-01 7.557496e-01
    outer loop
      vertex   -5.900000e+01 8.476294e+00 -6.916363e+00
      vertex   -6.000000e+01 7.871694e+00 -6.392474e+00
      vertex   -5.900000e+01 7.871694e+00 -6.392474e+00
    endloop
  endfacet
  facet normal 0.000000e+00 7.557496e-01 -6.548607e-01
    outer loop
      vertex   -6.000000e+01 7.871694e+00 -6.392474e+00
      vertex   -6.000000e+01 9.555622e+00 -4.449118e+00
      vertex   -5.900000e+01 7.871694e+00 -6.392474e+00
    endloop
  endfacet
  facet normal 0.000000e+00 7.557496e-01 -6.548607e-01
    outer loop
      vertex   -5.900000e+01 7.871694e+00 -6.392474e+00
      vertex   -6.000000e+01 9.555622e+00 -4.449118e+00
      vertex   -5.900000e+01 9.555622e+00 -4.449118e+00
    endloop
  endfacet
  facet normal 0.000000e+00 -6.548607e-01 -7.557496e-01
    outer loop
      vertex   -6.000000e+01 9.555622e+00 -4.449118e+00
      vertex   -6.000000e+01 1.016022e+01 -4.973007e+00
      vertex   -5.900000e+01 9.555622e+00 -4.449118e+00
    endloop
  endfacet
  facet normal 0.000000e+00 -6.548607e-01 -7.557496e-01
    outer loop
      vertex   -5.900000e+01 9.555622e+00 -4.449118e+00
      vertex   -6.000000e+01 1.016022e+01 -4.973007e+00
      vertex   -5.900000e+01 1.016022e+01 -4.973007e+00
    endloop
  endfacet
  facet normal 0.000000e+00 -7.557496e-01 6.548607e-01
    outer loop
      vertex   -6.000000e+01 1.016022e+01 -4.973007e+00
      vertex   -6.000000e+01 8.476294e+00 -6.916363e+00
      vertex   -5.900000e+01 1.016022e+01 -4.973007e+00
    endloop
  endfacet
  facet normal 0.000000e+00 -7.557496e-01 6.548607e-01
    outer loop
      vertex   -5.900000e+01 1.016022e+01 -4.973007e+00
      vertex   -6.000000e+01 8.476294e+00 -6.916363e+00
      vertex   -5.900000e+01 8.476294e+00 -6.916363e+00
    endloop
  endfacet
  facet normal -1.000000e+00 -0.000000e+00 0.000000e+00
    outer loop
      vertex   -5.900000e+01 1.016022e+01 -4.973007e+00
      vertex   -5.900000e+01 8.476294e+00 -6.916363e+00
      vertex   -5.900000e+01 9.555622e+00 -4.449118e+00
    endloop
  endfacet
  facet normal -1.000000e+00 0.000000e+00 0.000000e+00
    outer loop
      vertex   -5.900000e+01 9.555622e+00 -4.449118e+00
      vertex   -5.900000e+01 8.476294e+00 -6.916363e+00
      vertex   -5.900000e+01 7.871694e+00 -6.392474e+00
    endloop
  endfacet
  facet normal -0.000000e+00 5.406408e-01 8.412535e-01
    outer loop
      vertex   -6.000000e+01 1.243756e+01 -2.449342e+01
      vertex   -6.000000e+01 1.027433e+01 -2.310320e+01
      vertex   -5.900000e+01 1.243756e+01 -2.449342e+01
    endloop
  endfacet
  facet normal 0.000000e+00 5.406408e-01 8.412535e-01
    outer loop
      vertex   -5.900000e+01 1.243756e+01 -2.449342e+01
      vertex   -6.000000e+01 1.027433e+01 -2.310320e+01
      vertex   -5.900000e+01 1.027433e+01 -2.310320e+01
    endloop
  endfacet
  facet normal 0.000000e+00 8.412535e-01 -5.406408e-01
    outer loop
      vertex   -6.000000e+01 1.027433e+01 -2.310320e+01
      vertex   -6.000000e+01 1.070685e+01 -2.243020e+01
      vertex   -5.900000e+01 1.027433e+01 -2.310320e+01
    endloop
  endfacet
  facet normal 0.000000e+00 8.412535e-01 -5.406408e-01
    outer loop
      vertex   -5.900000e+01 1.027433e+01 -2.310320e+01
      vertex   -6.000000e+01 1.070685e+01 -2.243020e+01
      vertex   -5.900000e+01 1.070685e+01 -2.243020e+01
    endloop
  endfacet
  facet normal 0.000000e+00 -5.406408e-01 -8.412535e-01
    outer loop
      vertex   -6.000000e+01 1.070685e+01 -2.243020e+01
      vertex   -6.000000e+01 1.287007e+01 -2.382042e+01
      vertex   -5.900000e+01 1.070685e+01 -2.243020e+01
    endloop
  endfacet
  facet normal 0.000000e+00 -5.406408e-01 -8.412535e-01
    outer loop
      vertex   -5.900000e+01 1.070685e+01 -2.243020e+01
      vertex   -6.000000e+01 1.287007e+01 -2.382042e+01
      vertex   -5.900000e+01 1.287007e+01 -2.382042e+01
    endloop
  endfacet
  facet normal 0.000000e+00 -8.412535e-01 5.406408e-01
    outer loop
      vertex   -6.000000e+01 1.287007e+01 -2.382042e+01
      vertex   -6.000000e+01 1.243756e+01 -2.449342e+01
      vertex   -5.900000e+01 1.287007e+01 -2.382042e+01
    endloop
  endfacet
  facet normal 0.000000e+00 -8.412535e-01 5.406408e-01
    outer loop
      vertex   -5.900000e+01 1.287007e+01 -2.382042e+01
      vertex   -6.000000e+01 1.243756e+01 -2.449342e+01
      vertex   -5.900000e+01 1.243756e+01 -2.449342e+01
    endloop
  endfacet
  facet normal -1.000000e+00 0.000000e+00 0.000000e+00
    outer loop
      vertex   -5.900000e+01 1.243756e+01 -2.449342e+01
      vertex   -5.900000e+01 1.027433e+01 -2.310320e+01
      vertex   -5.900000e+01 1.287007e+01 -2.382042e+01
    endloop
  endfacet
  facet normal -1.000000e+00 0.000000e+00 0.000000e+00
    outer loop
      vertex   -5.900000e+01 1.287007e+01 -2.382042e+01
      vertex   -5.900000e+01 1.027433e+01 -2.310320e+01
      vertex   -5.900000e+01 1.070685e+01 -2.243020e+01
    endloop
  endfacet
  facet normal -0.000000e+00 0.000000e+00 1.000000e+00
    outer loop
      vertex   -6.000000e+01 9.517724e+00 -3.087731e+01
      vertex   -6.000000e+01 8.552297e+00 -3.087731e+01
      vertex   -5.900000e+01 9.517724e+00 -3.087731e+01
    endloop
  endfacet
  facet normal 0.000000e+00 0.000000e+00 1.000000e+00
    outer loop
      vertex   -5.900000e+01 9.517724e+00 -3.087731e+01
      vertex   -6.000000e+01 8.552297e+00 -3.087731e+01
      vertex   -5.900000e+01 8.552297e+00 -3.087731e+01
    endloop
  endfacet
  facet normal 0.000000e+00 -1.000000e+00 0.000000e+00
    outer loop
      vertex   -6.000000e+01 8.552297e+00 -3.087731e+01
      vertex   -6.000000e+01 8.552297e+00 -3.239364e+01
      vertex   -5.900000e+01 8.552297e+00 -3.087731e+01
    endloop
  endfacet
  facet normal 0.000000e+00 -1.000000e+00 -0.000000e+00
    outer loop
      vertex   -5.900000e+01 8.552297e+00 -3.087731e+01
      vertex   -6.000000e+01 8.552297e+00 -3.239364e+01
      vertex   -5.900000e+01 8.552297e+00 -3.239364e+01
    endloop
  endfacet
  facet normal 0.000000e+00 0.000000e+00 -1.000000e+00
    outer loop
      vertex   -6.000000e+01 8.552297e+00 -3.239364e+01
      vertex   -6.000000e+01 9.517724e+00 -3.239364e+01
      vertex   -5.900000e+01 8.552297e+00 -3.239364e+01
    endloop
  endfacet
  facet normal 0.000000e+00 0.000000e+00 -1.000000e+00
    outer loop
      vertex   -5.900000e+01 8.552297e+00 -3.239364e+01
      vertex   -6.000000e+01 9.517724e+00 -3.239364e+01
      vertex   -5.900000e+01 9.517724e+00 -3.239364e+01
    endloop
  endfacet
  facet normal 0.000000e+00 1.000000e+00 0.000000e+00
    outer loop
      vertex   -6.000000e+01 9.517724e+00 -3.239364e+01
      vertex   -6.000000e+01 9.517724e+00 -3.087731e+01
      vertex   -5.900000e+01 9.517724e+00 -3.239364e+01
    endloop
  endfacet
  facet normal 0.000000e+00 1.000000e+00 -0.000000e+00
    outer loop
      vertex   -5.900000e+01 9.517724e+00 -3.239364e+01
      vertex   -6.000000e+01 9.517724e+00 -3.087731e+01
      vertex   -5.900000e+01 9.517724e+00 -3.087731e+01
    endloop
  endfacet
  facet normal 0.000000e+00 -9.952285e-01 -9.757142e-02
    outer loop
      vertex   -6.000000e+01 1.019603e+01 -3.061224e+01
      vertex   -6.000000e+01 1.020556e+01 -3.070949e+01
      vertex   -5.900000e+01 1.019603e+01 -3.061224e+01
    endloop
  endfacet
  facet normal 0.000000e+00 -9.952285e-01 -9.757142e-02
    outer loop
      vertex   -5.900000e+01 1.019603e+01 -3.061224e+01
      vertex   -6.000000e+01 1.020556e+01 -3.070949e+01
      vertex   -5.900000e+01 1.020556e+01 -3.070949e+01
    endloop
  endfacet
  facet normal 0.000000e+00 -1.000000e+00 0.000000e+00
    outer loop
      vertex   -6.000000e+01 1.020556e+01 -3.070949e+01
      vertex   -6.000000e+01 1.020556e+01 -3.256142e+01
      vertex   -5.900000e+01 1.020556e+01 -3.070949e+01
    endloop
  endfacet
  facet normal 0.000000e+00 -1.000000e+00 -0.000000e+00
    outer loop
      vertex   -5.900000e+01 1.020556e+01 -3.070949e+01
      vertex   -6.000000e+01 1.020556e+01 -3.256142e+01
      vertex   -5.900000e+01 1.020556e+01 -3.256142e+01
    endloop
  endfacet
  facet normal 0.000000e+00 -9.952838e-01 9.700622e-02
    outer loop
      vertex   -6.000000e+01 1.020556e+01 -3.256142e+01
      vertex   -6.000000e+01 1.019605e+01 -3.265905e+01
      vertex   -5.900000e+01 1.020556e+01 -3.256142e+01
    endloop
  endfacet
  facet normal 0.000000e+00 -9.952838e-01 9.700622e-02
    outer loop
      vertex   -5.900000e+01 1.020556e+01 -3.256142e+01
      vertex   -6.000000e+01 1.019605e+01 -3.265905e+01
      vertex   -5.900000e+01 1.019605e+01 -3.265905e+01
    endloop
  endfacet
  facet normal 0.000000e+00 -9.550062e-01 2.965858e-01
    outer loop
      vertex   -6.000000e+01 1.019605e+01 -3.265905e+01
      vertex   -6.000000e+01 1.016506e+01 -3.275884e+01
      vertex   -5.900000e+01 1.019605e+01 -3.265905e+01
    endloop
  endfacet
  facet normal 0.000000e+00 -9.550062e-01 2.965858e-01
    outer loop
      vertex   -5.900000e+01 1.019605e+01 -3.265905e+01
      vertex   -6.000000e+01 1.016506e+01 -3.275884e+01
      vertex   -5.900000e+01 1.016506e+01 -3.275884e+01
    endloop
  endfacet
  facet normal 0.000000e+00 -8.799557e-01 4.750558e-01
    outer loop
      vertex   -6.000000e+01 1.016506e+01 -3.275884e+01
      vertex   -6.000000e+01 1.011644e+01 -3.284890e+01
      vertex   -5.900000e+01 1.016506e+01 -3.275884e+01
    endloop
  endfacet
  facet normal 0.000000e+00 -8.799557e-01 4.750558e-01
    outer loop
      vertex   -5.900000e+01 1.016506e+01 -3.275884e+01
      vertex   -6.000000e+01 1.011644e+01 -3.284890e+01
      vertex   -5.900000e+01 1.011644e+01 -3.284890e+01
    endloop
  endfacet
  facet normal 0.000000e+00 -7.746815e-01 6.323516e-01
    outer loop
      vertex   -6.000000e+01 1.011644e+01 -3.284890e+01
      vertex   -6.000000e+01 1.005197e+01 -3.292788e+01
      vertex   -5.900000e+01 1.011644e+01 -3.284890e+01
    endloop
  endfacet
  facet normal 0.000000e+00 -7.746815e-01 6.323516e-01
    outer loop
      vertex   -5.900000e+01 1.011644e+01 -3.284890e+01
      vertex   -6.000000e+01 1.005197e+01 -3.292788e+01
      vertex   -5.900000e+01 1.005197e+01 -3.292788e+01
    endloop
  endfacet
  facet normal 0.000000e+00 -6.323516e-01 7.746815e-01
    outer loop
      vertex   -6.000000e+01 1.005197e+01 -3.292788e+01
      vertex   -6.000000e+01 9.972987e+00 -3.299235e+01
      vertex   -5.900000e+01 1.005197e+01 -3.292788e+01
    endloop
  endfacet
  facet normal 0.000000e+00 -6.323516e-01 7.746815e-01
    outer loop
      vertex   -5.900000e+01 1.005197e+01 -3.292788e+01
      vertex   -6.000000e+01 9.972987e+00 -3.299235e+01
      vertex   -5.900000e+01 9.972987e+00 -3.299235e+01
    endloop
  endfacet
  facet normal 0.000000e+00 -4.750558e-01 8.799557e-01
    outer loop
      vertex   -6.000000e+01 9.972987e+00 -3.299235e+01
      vertex   -6.000000e+01 9.882929e+00 -3.304097e+01
      vertex   -5.900000e+01 9.972987e+00 -3.299235e+01
    endloop
  endfacet
  facet normal 0.000000e+00 -4.750558e-01 8.799557e-01
    outer loop
      vertex   -5.900000e+01 9.972987e+00 -3.299235e+01
      vertex   -6.000000e+01 9.882929e+00 -3.304097e+01
      vertex   -5.900000e+01 9.882929e+00 -3.304097e+01
    endloop
  endfacet
  facet normal 0.000000e+00 -2.965858e-01 9.550062e-01
    outer loop
      vertex   -6.000000e+01 9.882929e+00 -3.304097e+01
      vertex   -6.000000e+01 9.783138e+00 -3.307196e+01
      vertex   -5.900000e+01 9.882929e+00 -3.304097e+01
    endloop
  endfacet
  facet normal 0.000000e+00 -2.965858e-01 9.550062e-01
    outer loop
      vertex   -5.900000e+01 9.882929e+00 -3.304097e+01
      vertex   -6.000000e+01 9.783138e+00 -3.307196e+01
      vertex   -5.900000e+01 9.783138e+00 -3.307196e+01
    endloop
  endfacet
  facet normal 0.000000e+00 -9.700622e-02 9.952838e-01
    outer loop
      vertex   -6.000000e+01 9.783138e+00 -3.307196e+01
      vertex   -6.000000e+01 9.685503e+00 -3.308148e+01
      vertex   -5.900000e+01 9.783138e+00 -3.307196e+01
    endloop
  endfacet
  facet normal 0.000000e+00 -9.700622e-02 9.952838e-01
    outer loop
      vertex   -5.900000e+01 9.783138e+00 -3.307196e+01
      vertex   -6.000000e+01 9.685503e+00 -3.308148e+01
      vertex   -5.900000e+01 9.685503e+00 -3.308148e+01
    endloop
  endfacet
  facet normal -0.000000e+00 0.000000e+00 1.000000e+00
    outer loop
      vertex   -6.000000e+01 9.685503e+00 -3.308148e+01
      vertex   -6.000000e+01 8.384518e+00 -3.308148e+01
      vertex   -5.900000e+01 9.685503e+00 -3.308148e+01
    endloop
  endfacet
  facet normal 0.000000e+00 0.000000e+00 1.000000e+00
    outer loop
      vertex   -5.900000e+01 9.685503e+00 -3.308148e+01
      vertex   -6.000000e+01 8.384518e+00 -3.308148e+01
      vertex   -5.900000e+01 8.384518e+00 -3.308148e+01
    endloop
  endfacet
  facet normal -0.000000e+00 9.700622e-02 9.952838e-01
    outer loop
      vertex   -6.000000e+01 8.384518e+00 -3.308148e+01
      vertex   -6.000000e+01 8.286883e+00 -3.307196e+01
      vertex   -5.900000e+01 8.384518e+00 -3.308148e+01
    endloop
  endfacet
  facet normal 0.000000e+00 9.700622e-02 9.952838e-01
    outer loop
      vertex   -5.900000e+01 8.384518e+00 -3.308148e+01
      vertex   -6.000000e+01 8.286883e+00 -3.307196e+01
      vertex   -5.900000e+01 8.286883e+00 -3.307196e+01
    endloop
  endfacet
  facet normal -0.000000e+00 2.965858e-01 9.550062e-01
    outer loop
      vertex   -6.000000e+01 8.286883e+00 -3.307196e+01
      vertex   -6.000000e+01 8.187019e+00 -3.304095e+01
      vertex   -5.900000e+01 8.286883e+00 -3.307196e+01
    endloop
  endfacet
  facet normal 0.000000e+00 2.965858e-01 9.550062e-01
    outer loop
      vertex   -5.900000e+01 8.286883e+00 -3.307196e+01
      vertex   -6.000000e+01 8.187019e+00 -3.304095e+01
      vertex   -5.900000e+01 8.187019e+00 -3.304095e+01
    endloop
  endfacet
  facet normal -0.000000e+00 4.758950e-01 8.795021e-01
    outer loop
      vertex   -6.000000e+01 8.187019e+00 -3.304095e+01
      vertex   -6.000000e+01 8.096843e+00 -3.299215e+01
      vertex   -5.900000e+01 8.187019e+00 -3.304095e+01
    endloop
  endfacet
  facet normal 0.000000e+00 4.758950e-01 8.795021e-01
    outer loop
      vertex   -5.900000e+01 8.187019e+00 -3.304095e+01
      vertex   -6.000000e+01 8.096843e+00 -3.299215e+01
      vertex   -5.900000e+01 8.096843e+00 -3.299215e+01
    endloop
  endfacet
  facet normal -0.000000e+00 6.353491e-01 7.722250e-01
    outer loop
      vertex   -6.000000e+01 8.096843e+00 -3.299215e+01
      vertex   -6.000000e+01 8.018723e+00 -3.292788e+01
      vertex   -5.900000e+01 8.096843e+00 -3.299215e+01
    endloop
  endfacet
  facet normal 0.000000e+00 6.353491e-01 7.722250e-01
    outer loop
      vertex   -5.900000e+01 8.096843e+00 -3.299215e+01
      vertex   -6.000000e+01 8.018723e+00 -3.292788e+01
      vertex   -5.900000e+01 8.018723e+00 -3.292788e+01
    endloop
  endfacet
  facet normal -0.000000e+00 7.716963e-01 6.359912e-01
    outer loop
      vertex   -6.000000e+01 8.018723e+00 -3.292788e+01
      vertex   -6.000000e+01 7.953999e+00 -3.284935e+01
      vertex   -5.900000e+01 8.018723e+00 -3.292788e+01
    endloop
  endfacet
  facet normal 0.000000e+00 7.716963e-01 6.359912e-01
    outer loop
      vertex   -5.900000e+01 8.018723e+00 -3.292788e+01
      vertex   -6.000000e+01 7.953999e+00 -3.284935e+01
      vertex   -5.900000e+01 7.953999e+00 -3.284935e+01
    endloop
  endfacet
  facet normal -0.000000e+00 8.791172e-01 4.766057e-01
    outer loop
      vertex   -6.000000e+01 7.953999e+00 -3.284935e+01
      vertex   -6.000000e+01 7.905007e+00 -3.275898e+01
      vertex   -5.900000e+01 7.953999e+00 -3.284935e+01
    endloop
  endfacet
  facet normal 0.000000e+00 8.791172e-01 4.766057e-01
    outer loop
      vertex   -5.900000e+01 7.953999e+00 -3.284935e+01
      vertex   -6.000000e+01 7.905007e+00 -3.275898e+01
      vertex   -5.900000e+01 7.905007e+00 -3.275898e+01
    endloop
  endfacet
  facet normal -0.000000e+00 9.550062e-01 2.965858e-01
    outer loop
      vertex   -6.000000e+01 7.905007e+00 -3.275898e+01
      vertex   -6.000000e+01 7.873974e+00 -3.265905e+01
      vertex   -5.900000e+01 7.905007e+00 -3.275898e+01
    endloop
  endfacet
  facet normal 0.000000e+00 9.550062e-01 2.965858e-01
    outer loop
      vertex   -5.900000e+01 7.905007e+00 -3.275898e+01
      vertex   -6.000000e+01 7.873974e+00 -3.265905e+01
      vertex   -5.900000e+01 7.873974e+00 -3.265905e+01
    endloop
  endfacet
  facet normal -0.000000e+00 9.952838e-01 9.700622e-02
    outer loop
      vertex   -6.000000e+01 7.873974e+00 -3.265905e+01
      vertex   -6.000000e+01 7.864458e+00 -3.256142e+01
      vertex   -5.900000e+01 7.873974e+00 -3.265905e+01
    endloop
  endfacet
  facet normal 0.000000e+00 9.952838e-01 9.700622e-02
    outer loop
      vertex   -5.900000e+01 7.873974e+00 -3.265905e+01
      vertex   -6.000000e+01 7.864458e+00 -3.256142e+01
      vertex   -5.900000e+01 7.864458e+00 -3.256142e+01
    endloop
  endfacet
  facet normal 0.000000e+00 1.000000e+00 0.000000e+00
    outer loop
      vertex   -6.000000e+01 7.864458e+00 -3.256142e+01
      vertex   -6.000000e+01 7.864458e+00 -3.070949e+01
      vertex   -5.900000e+01 7.864458e+00 -3.256142e+01
    endloop
  endfacet
  facet normal 0.000000e+00 1.000000e+00 -0.000000e+00
    outer loop
      vertex   -5.900000e+01 7.864458e+00 -3.256142e+01
      vertex   -6.000000e+01 7.864458e+00 -3.070949e+01
      vertex   -5.900000e+01 7.864458e+00 -3.070949e+01
    endloop
  endfacet
  facet normal 0.000000e+00 9.952285e-01 -9.757142e-02
    outer loop
      vertex   -6.000000e+01 7.864458e+00 -3.070949e+01
      vertex   -6.000000e+01 7.873992e+00 -3.061224e+01
      vertex   -5.900000e+01 7.864458e+00 -3.070949e+01
    endloop
  endfacet
  facet normal 0.000000e+00 9.952285e-01 -9.757142e-02
    outer loop
      vertex   -5.900000e+01 7.864458e+00 -3.070949e+01
      vertex   -6.000000e+01 7.873992e+00 -3.061224e+01
      vertex   -5.900000e+01 7.873992e+00 -3.061224e+01
    endloop
  endfacet
  facet normal 0.000000e+00 9.548318e-01 -2.971468e-01
    outer loop
      vertex   -6.000000e+01 7.873992e+00 -3.061224e+01
      vertex   -6.000000e+01 7.905076e+00 -3.051236e+01
      vertex   -5.900000e+01 7.873992e+00 -3.061224e+01
    endloop
  endfacet
  facet normal 0.000000e+00 9.548318e-01 -2.971468e-01
    outer loop
      vertex   -5.900000e+01 7.873992e+00 -3.061224e+01
      vertex   -6.000000e+01 7.905076e+00 -3.051236e+01
      vertex   -5.900000e+01 7.905076e+00 -3.051236e+01
    endloop
  endfacet
  facet normal 0.000000e+00 8.782026e-01 -4.782888e-01
    outer loop
      vertex   -6.000000e+01 7.905076e+00 -3.051236e+01
      vertex   -6.000000e+01 7.954398e+00 -3.042180e+01
      vertex   -5.900000e+01 7.905076e+00 -3.051236e+01
    endloop
  endfacet
  facet normal 0.000000e+00 8.782026e-01 -4.782888e-01
    outer loop
      vertex   -5.900000e+01 7.905076e+00 -3.051236e+01
      vertex   -6.000000e+01 7.954398e+00 -3.042180e+01
      vertex   -5.900000e+01 7.954398e+00 -3.042180e+01
    endloop
  endfacet
  facet normal 0.000000e+00 7.667109e-01 -6.419926e-01
    outer loop
      vertex   -6.000000e+01 7.954398e+00 -3.042180e+01
      vertex   -6.000000e+01 8.019374e+00 -3.034420e+01
      vertex   -5.900000e+01 7.954398e+00 -3.042180e+01
    endloop
  endfacet
  facet normal 0.000000e+00 7.667109e-01 -6.419926e-01
    outer loop
      vertex   -5.900000e+01 7.954398e+00 -3.042180e+01
      vertex   -6.000000e+01 8.019374e+00 -3.034420e+01
      vertex   -5.900000e+01 8.019374e+00 -3.034420e+01
    endloop
  endfacet
  facet normal 0.000000e+00 6.329031e-01 -7.742310e-01
    outer loop
      vertex   -6.000000e+01 8.019374e+00 -3.034420e+01
      vertex   -6.000000e+01 8.096847e+00 -3.028087e+01
      vertex   -5.900000e+01 8.019374e+00 -3.034420e+01
    endloop
  endfacet
  facet normal 0.000000e+00 6.329031e-01 -7.742310e-01
    outer loop
      vertex   -5.900000e+01 8.019374e+00 -3.034420e+01
      vertex   -6.000000e+01 8.096847e+00 -3.028087e+01
      vertex   -5.900000e+01 8.096847e+00 -3.028087e+01
    endloop
  endfacet
  facet normal 0.000000e+00 4.789925e-01 -8.778190e-01
    outer loop
      vertex   -6.000000e+01 8.096847e+00 -3.028087e+01
      vertex   -6.000000e+01 8.185947e+00 -3.023225e+01
      vertex   -5.900000e+01 8.096847e+00 -3.028087e+01
    endloop
  endfacet
  facet normal 0.000000e+00 4.789925e-01 -8.778190e-01
    outer loop
      vertex   -5.900000e+01 8.096847e+00 -3.028087e+01
      vertex   -6.000000e+01 8.185947e+00 -3.023225e+01
      vertex   -5.900000e+01 8.185947e+00 -3.023225e+01
    endloop
  endfacet
  facet normal 0.000000e+00 3.073481e-01 -9.515971e-01
    outer loop
      vertex   -6.000000e+01 8.185947e+00 -3.023225e+01
      vertex   -6.000000e+01 8.285677e+00 -3.020004e+01
      vertex   -5.900000e+01 8.185947e+00 -3.023225e+01
    endloop
  endfacet
  facet normal 0.000000e+00 3.073481e-01 -9.515971e-01
    outer loop
      vertex   -5.900000e+01 8.185947e+00 -3.023225e+01
      vertex   -6.000000e+01 8.285677e+00 -3.020004e+01
      vertex   -5.900000e+01 8.285677e+00 -3.020004e+01
    endloop
  endfacet
  facet normal 0.000000e+00 1.008478e-01 -9.949019e-01
    outer loop
      vertex   -6.000000e+01 8.285677e+00 -3.020004e+01
      vertex   -6.000000e+01 8.384209e+00 -3.019005e+01
      vertex   -5.900000e+01 8.285677e+00 -3.020004e+01
    endloop
  endfacet
  facet normal 0.000000e+00 1.008478e-01 -9.949019e-01
    outer loop
      vertex   -5.900000e+01 8.285677e+00 -3.020004e+01
      vertex   -6.000000e+01 8.384209e+00 -3.019005e+01
      vertex   -5.900000e+01 8.384209e+00 -3.019005e+01
    endloop
  endfacet
  facet normal 0.000000e+00 0.000000e+00 -1.000000e+00
    outer loop
      vertex   -6.000000e+01 8.384209e+00 -3.019005e+01
      vertex   -6.000000e+01 9.685813e+00 -3.019005e+01
      vertex   -5.900000e+01 8.384209e+00 -3.019005e+01
    endloop
  endfacet
  facet normal 0.000000e+00 0.000000e+00 -1.000000e+00
    outer loop
      vertex   -5.900000e+01 8.384209e+00 -3.019005e+01
      vertex   -6.000000e+01 9.685813e+00 -3.019005e+01
      vertex   -5.900000e+01 9.685813e+00 -3.019005e+01
    endloop
  endfacet
  facet normal 0.000000e+00 -1.008478e-01 -9.949019e-01
    outer loop
      vertex   -6.000000e+01 9.685813e+00 -3.019005e+01
      vertex   -6.000000e+01 9.784344e+00 -3.020004e+01
      vertex   -5.900000e+01 9.685813e+00 -3.019005e+01
    endloop
  endfacet
  facet normal 0.000000e+00 -1.008478e-01 -9.949019e-01
    outer loop
      vertex   -5.900000e+01 9.685813e+00 -3.019005e+01
      vertex   -6.000000e+01 9.784344e+00 -3.020004e+01
      vertex   -5.900000e+01 9.784344e+00 -3.020004e+01
    endloop
  endfacet
  facet normal 0.000000e+00 -3.073481e-01 -9.515971e-01
    outer loop
      vertex   -6.000000e+01 9.784344e+00 -3.020004e+01
      vertex   -6.000000e+01 9.884001e+00 -3.023222e+01
      vertex   -5.900000e+01 9.784344e+00 -3.020004e+01
    endloop
  endfacet
  facet normal 0.000000e+00 -3.073481e-01 -9.515971e-01
    outer loop
      vertex   -5.900000e+01 9.784344e+00 -3.020004e+01
      vertex   -6.000000e+01 9.884001e+00 -3.023222e+01
      vertex   -5.900000e+01 9.884001e+00 -3.023222e+01
    endloop
  endfacet
  facet normal 0.000000e+00 -4.781511e-01 -8.782776e-01
    outer loop
      vertex   -6.000000e+01 9.884001e+00 -3.023222e+01
      vertex   -6.000000e+01 9.972983e+00 -3.028067e+01
      vertex   -5.900000e+01 9.884001e+00 -3.023222e+01
    endloop
  endfacet
  facet normal 0.000000e+00 -4.781511e-01 -8.782776e-01
    outer loop
      vertex   -5.900000e+01 9.884001e+00 -3.023222e+01
      vertex   -6.000000e+01 9.972983e+00 -3.028067e+01
      vertex   -5.900000e+01 9.972983e+00 -3.028067e+01
    endloop
  endfacet
  facet normal 0.000000e+00 -6.299017e-01 -7.766749e-01
    outer loop
      vertex   -6.000000e+01 9.972983e+00 -3.028067e+01
      vertex   -6.000000e+01 1.005132e+01 -3.034420e+01
      vertex   -5.900000e+01 9.972983e+00 -3.028067e+01
    endloop
  endfacet
  facet normal 0.000000e+00 -6.299017e-01 -7.766749e-01
    outer loop
      vertex   -5.900000e+01 9.972983e+00 -3.028067e+01
      vertex   -6.000000e+01 1.005132e+01 -3.034420e+01
      vertex   -5.900000e+01 1.005132e+01 -3.034420e+01
    endloop
  endfacet
  facet normal 0.000000e+00 -7.697334e-01 -6.383655e-01
    outer loop
      vertex   -6.000000e+01 1.005132e+01 -3.034420e+01
      vertex   -6.000000e+01 1.011604e+01 -3.042224e+01
      vertex   -5.900000e+01 1.005132e+01 -3.034420e+01
    endloop
  endfacet
  facet normal 0.000000e+00 -7.697334e-01 -6.383655e-01
    outer loop
      vertex   -5.900000e+01 1.005132e+01 -3.034420e+01
      vertex   -6.000000e+01 1.011604e+01 -3.042224e+01
      vertex   -5.900000e+01 1.011604e+01 -3.042224e+01
    endloop
  endfacet
  facet normal 0.000000e+00 -8.790461e-01 -4.767367e-01
    outer loop
      vertex   -6.000000e+01 1.011604e+01 -3.042224e+01
      vertex   -6.000000e+01 1.016499e+01 -3.051249e+01
      vertex   -5.900000e+01 1.011604e+01 -3.042224e+01
    endloop
  endfacet
  facet normal 0.000000e+00 -8.790461e-01 -4.767367e-01
    outer loop
      vertex   -5.900000e+01 1.011604e+01 -3.042224e+01
      vertex   -6.000000e+01 1.016499e+01 -3.051249e+01
      vertex   -5.900000e+01 1.016499e+01 -3.051249e+01
    endloop
  endfacet
  facet normal 0.000000e+00 -9.548318e-01 -2.971468e-01
    outer loop
      vertex   -6.000000e+01 1.016499e+01 -3.051249e+01
      vertex   -6.000000e+01 1.019603e+01 -3.061224e+01
      vertex   -5.900000e+01 1.016499e+01 -3.051249e+01
    endloop
  endfacet
  facet normal 0.000000e+00 -9.548318e-01 -2.971468e-01
    outer loop
      vertex   -5.900000e+01 1.016499e+01 -3.051249e+01
      vertex   -6.000000e+01 1.019603e+01 -3.061224e+01
      vertex   -5.900000e+01 1.019603e+01 -3.061224e+01
    endloop
  endfacet
  facet normal -1.000000e+00 0.000000e+00 0.000000e+00
    outer loop
      vertex   -5.900000e+01 9.517724e+00 -3.087731e+01
      vertex   -5.900000e+01 1.020556e+01 -3.256142e+01
      vertex   -5.900000e+01 9.517724e+00 -3.239364e+01
    endloop
  endfacet
  facet normal -1.000000e+00 0.000000e+00 0.000000e+00
    outer loop
      vertex   -5.900000e+01 9.517724e+00 -3.239364e+01
      vertex   -5.900000e+01 1.020556e+01 -3.256142e+01
      vertex   -5.900000e+01 1.019605e+01 -3.265905e+01
    endloop
  endfacet
  facet normal -1.000000e+00 0.000000e+00 0.000000e+00
    outer loop
      vertex   -5.900000e+01 9.517724e+00 -3.239364e+01
      vertex   -5.900000e+01 1.019605e+01 -3.265905e+01
      vertex   -5.900000e+01 1.016506e+01 -3.275884e+01
    endloop
  endfacet
  facet normal -1.000000e+00 0.000000e+00 0.000000e+00
    outer loop
      vertex   -5.900000e+01 8.552297e+00 -3.087731e+01
      vertex   -5.900000e+01 8.384209e+00 -3.019005e+01
      vertex   -5.900000e+01 9.517724e+00 -3.087731e+01
    endloop
  endfacet
  facet normal -1.000000e+00 0.000000e+00 0.000000e+00
    outer loop
      vertex   -5.900000e+01 9.517724e+00 -3.087731e+01
      vertex   -5.900000e+01 8.384209e+00 -3.019005e+01
      vertex   -5.900000e+01 9.685813e+00 -3.019005e+01
    endloop
  endfacet
  facet normal -1.000000e+00 0.000000e+00 0.000000e+00
    outer loop
      vertex   -5.900000e+01 9.517724e+00 -3.087731e+01
      vertex   -5.900000e+01 9.685813e+00 -3.019005e+01
      vertex   -5.900000e+01 9.784344e+00 -3.020004e+01
    endloop
  endfacet
  facet normal -1.000000e+00 -0.000000e+00 0.000000e+00
    outer loop
      vertex   -5.900000e+01 8.552297e+00 -3.239364e+01
      vertex   -5.900000e+01 7.864458e+00 -3.256142e+01
      vertex   -5.900000e+01 8.552297e+00 -3.087731e+01
    endloop
  endfacet
  facet normal -1.000000e+00 -0.000000e+00 0.000000e+00
    outer loop
      vertex   -5.900000e+01 8.552297e+00 -3.087731e+01
      vertex   -5.900000e+01 7.864458e+00 -3.256142e+01
      vertex   -5.900000e+01 7.864458e+00 -3.070949e+01
    endloop
  endfacet
  facet normal -1.000000e+00 0.000000e+00 0.000000e+00
    outer loop
      vertex   -5.900000e+01 8.552297e+00 -3.087731e+01
      vertex   -5.900000e+01 7.864458e+00 -3.070949e+01
      vertex   -5.900000e+01 7.873992e+00 -3.061224e+01
    endloop
  endfacet
  facet normal -1.000000e+00 -0.000000e+00 0.000000e+00
    outer loop
      vertex   -5.900000e+01 9.517724e+00 -3.239364e+01
      vertex   -5.900000e+01 8.384518e+00 -3.308148e+01
      vertex   -5.900000e+01 8.552297e+00 -3.239364e+01
    endloop
  endfacet
  facet normal -1.000000e+00 0.000000e+00 0.000000e+00
    outer loop
      vertex   -5.900000e+01 8.552297e+00 -3.239364e+01
      vertex   -5.900000e+01 8.384518e+00 -3.308148e+01
      vertex   -5.900000e+01 8.286883e+00 -3.307196e+01
    endloop
  endfacet
  facet normal -1.000000e+00 0.000000e+00 0.000000e+00
    outer loop
      vertex   -5.900000e+01 8.552297e+00 -3.239364e+01
      vertex   -5.900000e+01 8.286883e+00 -3.307196e+01
      vertex   -5.900000e+01 8.187019e+00 -3.304095e+01
    endloop
  endfacet
  facet normal -1.000000e+00 0.000000e+00 -0.000000e+00
    outer loop
      vertex   -5.900000e+01 1.011604e+01 -3.042224e+01
      vertex   -5.900000e+01 1.016499e+01 -3.051249e+01
      vertex   -5.900000e+01 9.517724e+00 -3.087731e+01
    endloop
  endfacet
  facet normal -1.000000e+00 0.000000e+00 0.000000e+00
    outer loop
      vertex   -5.900000e+01 9.517724e+00 -3.087731e+01
      vertex   -5.900000e+01 1.016499e+01 -3.051249e+01
      vertex   -5.900000e+01 1.019603e+01 -3.061224e+01
    endloop
  endfacet
  facet normal -1.000000e+00 0.000000e+00 0.000000e+00
    outer loop
      vertex   -5.900000e+01 9.517724e+00 -3.087731e+01
      vertex   -5.900000e+01 1.019603e+01 -3.061224e+01
      vertex   -5.900000e+01 1.020556e+01 -3.070949e+01
    endloop
  endfacet
  facet normal -1.000000e+00 0.000000e+00 -0.000000e+00
    outer loop
      vertex   -5.900000e+01 1.020556e+01 -3.070949e+01
      vertex   -5.900000e+01 1.020556e+01 -3.256142e+01
      vertex   -5.900000e+01 9.517724e+00 -3.087731e+01
    endloop
  endfacet
  facet normal -1.000000e+00 -0.000000e+00 0.000000e+00
    outer loop
      vertex   -5.900000e+01 1.016506e+01 -3.275884e+01
      vertex   -5.900000e+01 1.011644e+01 -3.284890e+01
      vertex   -5.900000e+01 9.517724e+00 -3.239364e+01
    endloop
  endfacet
  facet normal -1.000000e+00 0.000000e+00 0.000000e+00
    outer loop
      vertex   -5.900000e+01 9.517724e+00 -3.239364e+01
      vertex   -5.900000e+01 1.011644e+01 -3.284890e+01
      vertex   -5.900000e+01 1.005197e+01 -3.292788e+01
    endloop
  endfacet
  facet normal -1.000000e+00 0.000000e+00 0.000000e+00
    outer loop
      vertex   -5.900000e+01 9.517724e+00 -3.239364e+01
      vertex   -5.900000e+01 1.005197e+01 -3.292788e+01
      vertex   -5.900000e+01 9.972987e+00 -3.299235e+01
    endloop
  endfacet
  facet normal -1.000000e+00 -0.000000e+00 0.000000e+00
    outer loop
      vertex   -5.900000e+01 9.972987e+00 -3.299235e+01
      vertex   -5.900000e+01 9.882929e+00 -3.304097e+01
      vertex   -5.900000e+01 9.517724e+00 -3.239364e+01
    endloop
  endfacet
  facet normal -1.000000e+00 0.000000e+00 0.000000e+00
    outer loop
      vertex   -5.900000e+01 9.517724e+00 -3.239364e+01
      vertex   -5.900000e+01 9.882929e+00 -3.304097e+01
      vertex   -5.900000e+01 9.783138e+00 -3.307196e+01
    endloop
  endfacet
  facet normal -1.000000e+00 0.000000e+00 0.000000e+00
    outer loop
      vertex   -5.900000e+01 9.517724e+00 -3.239364e+01
      vertex   -5.900000e+01 9.783138e+00 -3.307196e+01
      vertex   -5.900000e+01 9.685503e+00 -3.308148e+01
    endloop
  endfacet
  facet normal -1.000000e+00 0.000000e+00 0.000000e+00
    outer loop
      vertex   -5.900000e+01 9.685503e+00 -3.308148e+01
      vertex   -5.900000e+01 8.384518e+00 -3.308148e+01
      vertex   -5.900000e+01 9.517724e+00 -3.239364e+01
    endloop
  endfacet
  facet normal -1.000000e+00 0.000000e+00 0.000000e+00
    outer loop
      vertex   -5.900000e+01 8.187019e+00 -3.304095e+01
      vertex   -5.900000e+01 8.096843e+00 -3.299215e+01
      vertex   -5.900000e+01 8.552297e+00 -3.239364e+01
    endloop
  endfacet
  facet normal -1.000000e+00 0.000000e+00 0.000000e+00
    outer loop
      vertex   -5.900000e+01 8.552297e+00 -3.239364e+01
      vertex   -5.900000e+01 8.096843e+00 -3.299215e+01
      vertex   -5.900000e+01 8.018723e+00 -3.292788e+01
    endloop
  endfacet
  facet normal -1.000000e+00 0.000000e+00 0.000000e+00
    outer loop
      vertex   -5.900000e+01 8.552297e+00 -3.239364e+01
      vertex   -5.900000e+01 8.018723e+00 -3.292788e+01
      vertex   -5.900000e+01 7.953999e+00 -3.284935e+01
    endloop
  endfacet
  facet normal -1.000000e+00 0.000000e+00 0.000000e+00
    outer loop
      vertex   -5.900000e+01 7.953999e+00 -3.284935e+01
      vertex   -5.900000e+01 7.905007e+00 -3.275898e+01
      vertex   -5.900000e+01 8.552297e+00 -3.239364e+01
    endloop
  endfacet
  facet normal -1.000000e+00 0.000000e+00 0.000000e+00
    outer loop
      vertex   -5.900000e+01 8.552297e+00 -3.239364e+01
      vertex   -5.900000e+01 7.905007e+00 -3.275898e+01
      vertex   -5.900000e+01 7.873974e+00 -3.265905e+01
    endloop
  endfacet
  facet normal -1.000000e+00 0.000000e+00 0.000000e+00
    outer loop
      vertex   -5.900000e+01 8.552297e+00 -3.239364e+01
      vertex   -5.900000e+01 7.873974e+00 -3.265905e+01
      vertex   -5.900000e+01 7.864458e+00 -3.256142e+01
    endloop
  endfacet
  facet normal -1.000000e+00 0.000000e+00 0.000000e+00
    outer loop
      vertex   -5.900000e+01 7.873992e+00 -3.061224e+01
      vertex   -5.900000e+01 7.905076e+00 -3.051236e+01
      vertex   -5.900000e+01 8.552297e+00 -3.087731e+01
    endloop
  endfacet
  facet normal -1.000000e+00 0.000000e+00 0.000000e+00
    outer loop
      vertex   -5.900000e+01 8.552297e+00 -3.087731e+01
      vertex   -5.900000e+01 7.905076e+00 -3.051236e+01
      vertex   -5.900000e+01 7.954398e+00 -3.042180e+01
    endloop
  endfacet
  facet normal -1.000000e+00 0.000000e+00 0.000000e+00
    outer loop
      vertex   -5.900000e+01 8.552297e+00 -3.087731e+01
      vertex   -5.900000e+01 7.954398e+00 -3.042180e+01
      vertex   -5.900000e+01 8.019374e+00 -3.034420e+01
    endloop
  endfacet
  facet normal -1.000000e+00 0.000000e+00 0.000000e+00
    outer loop
      vertex   -5.900000e+01 8.019374e+00 -3.034420e+01
      vertex   -5.900000e+01 8.096847e+00 -3.028087e+01
      vertex   -5.900000e+01 8.552297e+00 -3.087731e+01
    endloop
  endfacet
  facet normal -1.000000e+00 0.000000e+00 0.000000e+00
    outer loop
      vertex   -5.900000e+01 8.552297e+00 -3.087731e+01
      vertex   -5.900000e+01 8.096847e+00 -3.028087e+01
      vertex   -5.900000e+01 8.185947e+00 -3.023225e+01
    endloop
  endfacet
  facet normal -1.000000e+00 0.000000e+00 0.000000e+00
    outer loop
      vertex   -5.900000e+01 8.552297e+00 -3.087731e+01
      vertex   -5.900000e+01 8.185947e+00 -3.023225e+01
      vertex   -5.900000e+01 8.285677e+00 -3.020004e+01
    endloop
  endfacet
  facet normal -1.000000e+00 0.000000e+00 0.000000e+00
    outer loop
      vertex   -5.900000e+01 8.285677e+00 -3.020004e+01
      vertex   -5.900000e+01 8.384209e+00 -3.019005e+01
      vertex   -5.900000e+01 8.552297e+00 -3.087731e+01
    endloop
  endfacet
  facet normal -1.000000e+00 0.000000e+00 -0.000000e+00
    outer loop
      vertex   -5.900000e+01 9.784344e+00 -3.020004e+01
      vertex   -5.900000e+01 9.884001e+00 -3.023222e+01
      vertex   -5.900000e+01 9.517724e+00 -3.087731e+01
    endloop
  endfacet
  facet normal -1.000000e+00 0.000000e+00 0.000000e+00
    outer loop
      vertex   -5.900000e+01 9.517724e+00 -3.087731e+01
      vertex   -5.900000e+01 9.884001e+00 -3.023222e+01
      vertex   -5.900000e+01 9.972983e+00 -3.028067e+01
    endloop
  endfacet
  facet normal -1.000000e+00 0.000000e+00 0.000000e+00
    outer loop
      vertex   -5.900000e+01 9.517724e+00 -3.087731e+01
      vertex   -5.900000e+01 9.972983e+00 -3.028067e+01
      vertex   -5.900000e+01 1.005132e+01 -3.034420e+01
    endloop
  endfacet
  facet normal -1.000000e+00 0.000000e+00 -0.000000e+00
    outer loop
      vertex   -5.900000e+01 1.005132e+01 -3.034420e+01
      vertex   -5.900000e+01 1.011604e+01 -3.042224e+01
      vertex   -5.900000e+01 9.517724e+00 -3.087731e+01
    endloop
  endfacet
  facet normal 0.000000e+00 -8.681530e-01 4.962966e-01
    outer loop
      vertex   -6.000000e+01 -1.610179e-01 -3.616864e+01
      vertex   -6.000000e+01 -1.803792e-01 -3.620251e+01
      vertex   -5.900000e+01 -1.610179e-01 -3.616864e+01
    endloop
  endfacet
  facet normal 0.000000e+00 -8.681530e-01 4.962966e-01
    outer loop
      vertex   -5.900000e+01 -1.610179e-01 -3.616864e+01
      vertex   -6.000000e+01 -1.803792e-01 -3.620251e+01
      vertex   -5.900000e+01 -1.803792e-01 -3.620251e+01
    endloop
  endfacet
  facet normal 0.000000e+00 -9.919107e-01 1.269376e-01
    outer loop
      vertex   -6.000000e+01 -1.803792e-01 -3.620251e+01
      vertex   -6.000000e+01 -1.939650e-01 -3.630867e+01
      vertex   -5.900000e+01 -1.803792e-01 -3.620251e+01
    endloop
  endfacet
  facet normal 0.000000e+00 -9.919107e-01 1.269376e-01
    outer loop
      vertex   -5.900000e+01 -1.803792e-01 -3.620251e+01
      vertex   -6.000000e+01 -1.939650e-01 -3.630867e+01
      vertex   -5.900000e+01 -1.939650e-01 -3.630867e+01
    endloop
  endfacet
  facet normal 0.000000e+00 -1.000000e+00 0.000000e+00
    outer loop
      vertex   -6.000000e+01 -1.939650e-01 -3.630867e+01
      vertex   -6.000000e+01 -1.939650e-01 -3.667322e+01
      vertex   -5.900000e+01 -1.939650e-01 -3.630867e+01
    endloop
  endfacet
  facet normal 0.000000e+00 -1.000000e+00 -0.000000e+00
    outer loop
      vertex   -5.900000e+01 -1.939650e-01 -3.630867e+01
      vertex   -6.000000e+01 -1.939650e-01 -3.667322e+01
      vertex   -5.900000e+01 -1.939650e-01 -3.667322e+01
    endloop
  endfacet
  facet normal 0.000000e+00 -9.918744e-01 -1.272211e-01
    outer loop
      vertex   -6.000000e+01 -1.939650e-01 -3.667322e+01
      vertex   -6.000000e+01 -1.803756e-01 -3.677917e+01
      vertex   -5.900000e+01 -1.939650e-01 -3.667322e+01
    endloop
  endfacet
  facet normal 0.000000e+00 -9.918744e-01 -1.272211e-01
    outer loop
      vertex   -5.900000e+01 -1.939650e-01 -3.667322e+01
      vertex   -6.000000e+01 -1.803756e-01 -3.677917e+01
      vertex   -5.900000e+01 -1.803756e-01 -3.677917e+01
    endloop
  endfacet
  facet normal 0.000000e+00 -8.688715e-01 -4.950377e-01
    outer loop
      vertex   -6.000000e+01 -1.803756e-01 -3.677917e+01
      vertex   -6.000000e+01 -1.610726e-01 -3.681305e+01
      vertex   -5.900000e+01 -1.803756e-01 -3.677917e+01
    endloop
  endfacet
  facet normal 0.000000e+00 -8.688715e-01 -4.950377e-01
    outer loop
      vertex   -5.900000e+01 -1.803756e-01 -3.677917e+01
      vertex   -6.000000e+01 -1.610726e-01 -3.681305e+01
      vertex   -5.900000e+01 -1.610726e-01 -3.681305e+01
    endloop
  endfacet
  facet normal 0.000000e+00 -4.936055e-01 -8.696859e-01
    outer loop
      vertex   -6.000000e+01 -1.610726e-01 -3.681305e+01
      vertex   -6.000000e+01 -1.277077e-01 -3.683198e+01
      vertex   -5.900000e+01 -1.610726e-01 -3.681305e+01
    endloop
  endfacet
  facet normal 0.000000e+00 -4.936055e-01 -8.696859e-01
    outer loop
      vertex   -5.900000e+01 -1.610726e-01 -3.681305e+01
      vertex   -6.000000e+01 -1.277077e-01 -3.683198e+01
      vertex   -5.900000e+01 -1.277077e-01 -3.683198e+01
    endloop
  endfacet
  facet normal 0.000000e+00 -1.262543e-01 -9.919979e-01
    outer loop
      vertex   -6.000000e+01 -1.277077e-01 -3.683198e+01
      vertex   -6.000000e+01 -2.179780e-02 -3.684546e+01
      vertex   -5.900000e+01 -1.277077e-01 -3.683198e+01
    endloop
  endfacet
  facet normal 0.000000e+00 -1.262543e-01 -9.919979e-01
    outer loop
      vertex   -5.900000e+01 -1.277077e-01 -3.683198e+01
      vertex   -6.000000e+01 -2.179780e-02 -3.684546e+01
      vertex   -5.900000e+01 -2.179780e-02 -3.684546e+01
    endloop
  endfacet
  facet normal 0.000000e+00 0.000000e+00 -1.000000e+00
    outer loop
      vertex   -6.000000e+01 -2.179780e-02 -3.684546e+01
      vertex   -6.000000e+01 9.984206e-01 -3.684546e+01
      vertex   -5.900000e+01 -2.179780e-02 -3.684546e+01
    endloop
  endfacet
  facet normal 0.000000e+00 0.000000e+00 -1.000000e+00
    outer loop
      vertex   -5.900000e+01 -2.179780e-02 -3.684546e+01
      vertex   -6.000000e+01 9.984206e-01 -3.684546e+01
      vertex   -5.900000e+01 9.984206e-01 -3.684546e+01
    endloop
  endfacet
  facet normal 1.110223e-16 1.000000e+00 -0.000000e+00
    outer loop
      vertex   -6.000000e+01 9.984206e-01 -3.684546e+01
      vertex   -6.000000e+01 9.984206e-01 -3.613578e+01
      vertex   -5.900000e+01 9.984206e-01 -3.684546e+01
    endloop
  endfacet
  facet normal 1.110223e-16 1.000000e+00 -0.000000e+00
    outer loop
      vertex   -5.900000e+01 9.984206e-01 -3.684546e+01
      vertex   -6.000000e+01 9.984206e-01 -3.613578e+01
      vertex   -5.900000e+01 9.984206e-01 -3.613578e+01
    endloop
  endfacet
  facet normal 0.000000e+00 0.000000e+00 1.000000e+00
    outer loop
      vertex   -6.000000e+01 9.984206e-01 -3.613578e+01
      vertex   -6.000000e+01 -2.170799e-02 -3.613578e+01
      vertex   -5.900000e+01 9.984206e-01 -3.613578e+01
    endloop
  endfacet
  facet normal 0.000000e+00 0.000000e+00 1.000000e+00
    outer loop
      vertex   -5.900000e+01 9.984206e-01 -3.613578e+01
      vertex   -6.000000e+01 -2.170799e-02 -3.613578e+01
      vertex   -5.900000e+01 -2.170799e-02 -3.613578e+01
    endloop
  endfacet
  facet normal 0.000000e+00 -1.273633e-01 9.918561e-01
    outer loop
      vertex   -6.000000e+01 -2.170799e-02 -3.613578e+01
      vertex   -6.000000e+01 -1.273115e-01 -3.614934e+01
      vertex   -5.900000e+01 -2.170799e-02 -3.613578e+01
    endloop
  endfacet
  facet normal 0.000000e+00 -1.273633e-01 9.918561e-01
    outer loop
      vertex   -5.900000e+01 -2.170799e-02 -3.613578e+01
      vertex   -6.000000e+01 -1.273115e-01 -3.614934e+01
      vertex   -5.900000e+01 -1.273115e-01 -3.614934e+01
    endloop
  endfacet
  facet normal 0.000000e+00 -4.969280e-01 8.677917e-01
    outer loop
      vertex   -6.000000e+01 -1.273115e-01 -3.614934e+01
      vertex   -6.000000e+01 -1.610179e-01 -3.616864e+01
      vertex   -5.900000e+01 -1.273115e-01 -3.614934e+01
    endloop
  endfacet
  facet normal 0.000000e+00 -4.969280e-01 8.677917e-01
    outer loop
      vertex   -5.900000e+01 -1.273115e-01 -3.614934e+01
      vertex   -6.000000e+01 -1.610179e-01 -3.616864e+01
      vertex   -5.900000e+01 -1.610179e-01 -3.616864e+01
    endloop
  endfacet
  facet normal -0.000000e+00 0.000000e+00 1.000000e+00
    outer loop
      vertex   -6.000000e+01 1.747566e+00 -3.870731e+01
      vertex   -6.000000e+01 9.984206e-01 -3.870731e+01
      vertex   -5.900000e+01 1.747566e+00 -3.870731e+01
    endloop
  endfacet
  facet normal 0.000000e+00 0.000000e+00 1.000000e+00
    outer loop
      vertex   -5.900000e+01 1.747566e+00 -3.870731e+01
      vertex   -6.000000e+01 9.984206e-01 -3.870731e+01
      vertex   -5.900000e+01 9.984206e-01 -3.870731e+01
    endloop
  endfacet
  facet normal 1.110223e-16 1.000000e+00 9.971757e-17
    outer loop
      vertex   -6.000000e+01 9.984206e-01 -3.870731e+01
      vertex   -6.000000e+01 9.984206e-01 -3.759394e+01
      vertex   -5.900000e+01 9.984206e-01 -3.870731e+01
    endloop
  endfacet
  facet normal 0.000000e+00 1.000000e+00 -0.000000e+00
    outer loop
      vertex   -5.900000e+01 9.984206e-01 -3.870731e+01
      vertex   -6.000000e+01 9.984206e-01 -3.759394e+01
      vertex   -5.900000e+01 9.984206e-01 -3.759394e+01
    endloop
  endfacet
  facet normal -0.000000e+00 0.000000e+00 1.000000e+00
    outer loop
      vertex   -6.000000e+01 9.984206e-01 -3.759394e+01
      vertex   -6.000000e+01 -8.071119e-02 -3.759394e+01
      vertex   -5.900000e+01 9.984206e-01 -3.759394e+01
    endloop
  endfacet
  facet normal 0.000000e+00 0.000000e+00 1.000000e+00
    outer loop
      vertex   -5.900000e+01 9.984206e-01 -3.759394e+01
      vertex   -6.000000e+01 -8.071119e-02 -3.759394e+01
      vertex   -5.900000e+01 -8.071119e-02 -3.759394e+01
    endloop
  endfacet
  facet normal -0.000000e+00 3.167508e-01 9.485088e-01
    outer loop
      vertex   -6.000000e+01 -8.071119e-02 -3.759394e+01
      vertex   -6.000000e+01 -7.275689e-01 -3.737792e+01
      vertex   -5.900000e+01 -8.071119e-02 -3.759394e+01
    endloop
  endfacet
  facet normal 0.000000e+00 3.167508e-01 9.485088e-01
    outer loop
      vertex   -5.900000e+01 -8.071119e-02 -3.759394e+01
      vertex   -6.000000e+01 -7.275689e-01 -3.737792e+01
      vertex   -5.900000e+01 -7.275689e-01 -3.737792e+01
    endloop
  endfacet
  facet normal -0.000000e+00 9.488573e-01 3.157054e-01
    outer loop
      vertex   -6.000000e+01 -7.275689e-01 -3.737792e+01
      vertex   -6.000000e+01 -9.431103e-01 -3.673011e+01
      vertex   -5.900000e+01 -7.275689e-01 -3.737792e+01
    endloop
  endfacet
  facet normal 1.219615e-16 9.488573e-01 3.157054e-01
    outer loop
      vertex   -5.900000e+01 -7.275689e-01 -3.737792e+01
      vertex   -6.000000e+01 -9.431103e-01 -3.673011e+01
      vertex   -5.900000e+01 -9.431103e-01 -3.673011e+01
    endloop
  endfacet
  facet normal 1.110223e-16 1.000000e+00 -0.000000e+00
    outer loop
      vertex   -6.000000e+01 -9.431103e-01 -3.673011e+01
      vertex   -6.000000e+01 -9.431103e-01 -3.625113e+01
      vertex   -5.900000e+01 -9.431103e-01 -3.673011e+01
    endloop
  endfacet
  facet normal 1.110223e-16 1.000000e+00 -0.000000e+00
    outer loop
      vertex   -5.900000e+01 -9.431103e-01 -3.673011e+01
      vertex   -6.000000e+01 -9.431103e-01 -3.625113e+01
      vertex   -5.900000e+01 -9.431103e-01 -3.625113e+01
    endloop
  endfacet
  facet normal 1.053443e-16 9.488573e-01 -3.157054e-01
    outer loop
      vertex   -6.000000e+01 -9.431103e-01 -3.625113e+01
      vertex   -6.000000e+01 -7.275689e-01 -3.560332e+01
      vertex   -5.900000e+01 -9.431103e-01 -3.625113e+01
    endloop
  endfacet
  facet normal 0.000000e+00 9.488573e-01 -3.157054e-01
    outer loop
      vertex   -5.900000e+01 -9.431103e-01 -3.625113e+01
      vertex   -6.000000e+01 -7.275689e-01 -3.560332e+01
      vertex   -5.900000e+01 -7.275689e-01 -3.560332e+01
    endloop
  endfacet
  facet normal 0.000000e+00 3.167508e-01 -9.485088e-01
    outer loop
      vertex   -6.000000e+01 -7.275689e-01 -3.560332e+01
      vertex   -6.000000e+01 -8.071119e-02 -3.538731e+01
      vertex   -5.900000e+01 -7.275689e-01 -3.560332e+01
    endloop
  endfacet
  facet normal 0.000000e+00 3.167508e-01 -9.485088e-01
    outer loop
      vertex   -5.900000e+01 -7.275689e-01 -3.560332e+01
      vertex   -6.000000e+01 -8.071119e-02 -3.538731e+01
      vertex   -5.900000e+01 -8.071119e-02 -3.538731e+01
    endloop
  endfacet
  facet normal 0.000000e+00 0.000000e+00 -1.000000e+00
    outer loop
      vertex   -6.000000e+01 -8.071119e-02 -3.538731e+01
      vertex   -6.000000e+01 1.747566e+00 -3.538731e+01
      vertex   -5.900000e+01 -8.071119e-02 -3.538731e+01
    endloop
  endfacet
  facet normal 0.000000e+00 0.000000e+00 -1.000000e+00
    outer loop
      vertex   -5.900000e+01 -8.071119e-02 -3.538731e+01
      vertex   -6.000000e+01 1.747566e+00 -3.538731e+01
      vertex   -5.900000e+01 1.747566e+00 -3.538731e+01
    endloop
  endfacet
  facet normal 0.000000e+00 -1.000000e+00 0.000000e+00
    outer loop
      vertex   -6.000000e+01 1.747566e+00 -3.538731e+01
      vertex   -6.000000e+01 1.747566e+00 -3.870731e+01
      vertex   -5.900000e+01 1.747566e+00 -3.538731e+01
    endloop
  endfacet
  facet normal 0.000000e+00 -1.000000e+00 -0.000000e+00
    outer loop
      vertex   -5.900000e+01 1.747566e+00 -3.538731e+01
      vertex   -6.000000e+01 1.747566e+00 -3.870731e+01
      vertex   -5.900000e+01 1.747566e+00 -3.870731e+01
    endloop
  endfacet
  facet normal -1.000000e+00 -0.000000e+00 0.000000e+00
    outer loop
      vertex   -5.900000e+01 -2.170799e-02 -3.613578e+01
      vertex   -5.900000e+01 -1.273115e-01 -3.614934e+01
      vertex   -5.900000e+01 -8.071119e-02 -3.538731e+01
    endloop
  endfacet
  facet normal -1.000000e+00 0.000000e+00 0.000000e+00
    outer loop
      vertex   -5.900000e+01 -8.071119e-02 -3.538731e+01
      vertex   -5.900000e+01 -1.273115e-01 -3.614934e+01
      vertex   -5.900000e+01 -1.610179e-01 -3.616864e+01
    endloop
  endfacet
  facet normal -1.000000e+00 0.000000e+00 0.000000e+00
    outer loop
      vertex   -5.900000e+01 -8.071119e-02 -3.538731e+01
      vertex   -5.900000e+01 -1.610179e-01 -3.616864e+01
      vertex   -5.900000e+01 -7.275689e-01 -3.560332e+01
    endloop
  endfacet
  facet normal -1.000000e+00 0.000000e+00 0.000000e+00
    outer loop
      vertex   -5.900000e+01 -7.275689e-01 -3.560332e+01
      vertex   -5.900000e+01 -1.610179e-01 -3.616864e+01
      vertex   -5.900000e+01 -1.803792e-01 -3.620251e+01
    endloop
  endfacet
  facet normal -1.000000e+00 0.000000e+00 -0.000000e+00
    outer loop
      vertex   -5.900000e+01 -7.275689e-01 -3.560332e+01
      vertex   -5.900000e+01 -1.803792e-01 -3.620251e+01
      vertex   -5.900000e+01 -9.431103e-01 -3.625113e+01
    endloop
  endfacet
  facet normal -1.000000e+00 0.000000e+00 0.000000e+00
    outer loop
      vertex   -5.900000e+01 -9.431103e-01 -3.625113e+01
      vertex   -5.900000e+01 -1.803792e-01 -3.620251e+01
      vertex   -5.900000e+01 -1.939650e-01 -3.630867e+01
    endloop
  endfacet
  facet normal -1.000000e+00 0.000000e+00 0.000000e+00
    outer loop
      vertex   -5.900000e+01 -9.431103e-01 -3.625113e+01
      vertex   -5.900000e+01 -1.939650e-01 -3.630867e+01
      vertex   -5.900000e+01 -9.431103e-01 -3.673011e+01
    endloop
  endfacet
  facet normal -1.000000e+00 0.000000e+00 0.000000e+00
    outer loop
      vertex   -5.900000e+01 -9.431103e-01 -3.673011e+01
      vertex   -5.900000e+01 -1.939650e-01 -3.630867e+01
      vertex   -5.900000e+01 -1.939650e-01 -3.667322e+01
    endloop
  endfacet
  facet normal -1.000000e+00 0.000000e+00 0.000000e+00
    outer loop
      vertex   -5.900000e+01 -9.431103e-01 -3.673011e+01
      vertex   -5.900000e+01 -1.939650e-01 -3.667322e+01
      vertex   -5.900000e+01 -1.803756e-01 -3.677917e+01
    endloop
  endfacet
  facet normal -1.000000e+00 0.000000e+00 0.000000e+00
    outer loop
      vertex   -5.900000e+01 -9.431103e-01 -3.673011e+01
      vertex   -5.900000e+01 -1.803756e-01 -3.677917e+01
      vertex   -5.900000e+01 -7.275689e-01 -3.737792e+01
    endloop
  endfacet
  facet normal -1.000000e+00 0.000000e+00 0.000000e+00
    outer loop
      vertex   -5.900000e+01 -7.275689e-01 -3.737792e+01
      vertex   -5.900000e+01 -1.803756e-01 -3.677917e+01
      vertex   -5.900000e+01 -1.610726e-01 -3.681305e+01
    endloop
  endfacet
  facet normal -1.000000e+00 0.000000e+00 0.000000e+00
    outer loop
      vertex   -5.900000e+01 -7.275689e-01 -3.737792e+01
      vertex   -5.900000e+01 -1.610726e-01 -3.681305e+01
      vertex   -5.900000e+01 -8.071119e-02 -3.759394e+01
    endloop
  endfacet
  facet normal -1.000000e+00 0.000000e+00 0.000000e+00
    outer loop
      vertex   -5.900000e+01 -8.071119e-02 -3.759394e+01
      vertex   -5.900000e+01 -1.610726e-01 -3.681305e+01
      vertex   -5.900000e+01 -1.277077e-01 -3.683198e+01
    endloop
  endfacet
  facet normal -1.000000e+00 0.000000e+00 0.000000e+00
    outer loop
      vertex   -5.900000e+01 -8.071119e-02 -3.759394e+01
      vertex   -5.900000e+01 -1.277077e-01 -3.683198e+01
      vertex   -5.900000e+01 -2.179780e-02 -3.684546e+01
    endloop
  endfacet
  facet normal -1.000000e+00 0.000000e+00 0.000000e+00
    outer loop
      vertex   -5.900000e+01 -8.071119e-02 -3.759394e+01
      vertex   -5.900000e+01 -2.179780e-02 -3.684546e+01
      vertex   -5.900000e+01 9.984206e-01 -3.759394e+01
    endloop
  endfacet
  facet normal -1.000000e+00 0.000000e+00 0.000000e+00
    outer loop
      vertex   -5.900000e+01 9.984206e-01 -3.759394e+01
      vertex   -5.900000e+01 -2.179780e-02 -3.684546e+01
      vertex   -5.900000e+01 9.984206e-01 -3.684546e+01
    endloop
  endfacet
  facet normal -1.000000e+00 0.000000e+00 0.000000e+00
    outer loop
      vertex   -5.900000e+01 9.984206e-01 -3.759394e+01
      vertex   -5.900000e+01 9.984206e-01 -3.684546e+01
      vertex   -5.900000e+01 1.747566e+00 -3.870731e+01
    endloop
  endfacet
  facet normal -1.000000e+00 0.000000e+00 0.000000e+00
    outer loop
      vertex   -5.900000e+01 1.747566e+00 -3.870731e+01
      vertex   -5.900000e+01 9.984206e-01 -3.684546e+01
      vertex   -5.900000e+01 1.747566e+00 -3.538731e+01
    endloop
  endfacet
  facet normal -1.000000e+00 0.000000e+00 0.000000e+00
    outer loop
      vertex   -5.900000e+01 1.747566e+00 -3.538731e+01
      vertex   -5.900000e+01 9.984206e-01 -3.684546e+01
      vertex   -5.900000e+01 9.984206e-01 -3.613578e+01
    endloop
  endfacet
  facet normal -1.000000e+00 -0.000000e+00 0.000000e+00
    outer loop
      vertex   -5.900000e+01 1.747566e+00 -3.538731e+01
      vertex   -5.900000e+01 9.984206e-01 -3.613578e+01
      vertex   -5.900000e+01 -8.071119e-02 -3.538731e+01
    endloop
  endfacet
  facet normal -1.000000e+00 0.000000e+00 0.000000e+00
    outer loop
      vertex   -5.900000e+01 -8.071119e-02 -3.538731e+01
      vertex   -5.900000e+01 9.984206e-01 -3.613578e+01
      vertex   -5.900000e+01 -2.170799e-02 -3.613578e+01
    endloop
  endfacet
  facet normal -1.000000e+00 0.000000e+00 0.000000e+00
    outer loop
      vertex   -5.900000e+01 1.747566e+00 -3.870731e+01
      vertex   -5.900000e+01 9.984206e-01 -3.870731e+01
      vertex   -5.900000e+01 9.984206e-01 -3.759394e+01
    endloop
  endfacet
  facet normal 0.000000e+00 1.000000e+00 0.000000e+00
    outer loop
      vertex   -6.000000e+01 -1.017216e+01 -3.308148e+01
      vertex   -6.000000e+01 -1.017216e+01 -3.019005e+01
      vertex   -5.900000e+01 -1.017216e+01 -3.308148e+01
    endloop
  endfacet
  facet normal 0.000000e+00 1.000000e+00 -0.000000e+00
    outer loop
      vertex   -5.900000e+01 -1.017216e+01 -3.308148e+01
      vertex   -6.000000e+01 -1.017216e+01 -3.019005e+01
      vertex   -5.900000e+01 -1.017216e+01 -3.019005e+01
    endloop
  endfacet
  facet normal 0.000000e+00 0.000000e+00 -1.000000e+00
    outer loop
      vertex   -6.000000e+01 -1.017216e+01 -3.019005e+01
      vertex   -6.000000e+01 -9.043604e+00 -3.019005e+01
      vertex   -5.900000e+01 -1.017216e+01 -3.019005e+01
    endloop
  endfacet
  facet normal 0.000000e+00 0.000000e+00 -1.000000e+00
    outer loop
      vertex   -5.900000e+01 -1.017216e+01 -3.019005e+01
      vertex   -6.000000e+01 -9.043604e+00 -3.019005e+01
      vertex   -5.900000e+01 -9.043604e+00 -3.019005e+01
    endloop
  endfacet
  facet normal 0.000000e+00 -1.000000e+00 0.000000e+00
    outer loop
      vertex   -6.000000e+01 -9.043604e+00 -3.019005e+01
      vertex   -6.000000e+01 -9.043604e+00 -3.087731e+01
      vertex   -5.900000e+01 -9.043604e+00 -3.019005e+01
    endloop
  endfacet
  facet normal 0.000000e+00 -1.000000e+00 -0.000000e+00
    outer loop
      vertex   -5.900000e+01 -9.043604e+00 -3.019005e+01
      vertex   -6.000000e+01 -9.043604e+00 -3.087731e+01
      vertex   -5.900000e+01 -9.043604e+00 -3.087731e+01
    endloop
  endfacet
  facet normal -0.000000e+00 0.000000e+00 1.000000e+00
    outer loop
      vertex   -6.000000e+01 -9.043604e+00 -3.087731e+01
      vertex   -6.000000e+01 -9.484322e+00 -3.087731e+01
      vertex   -5.900000e+01 -9.043604e+00 -3.087731e+01
    endloop
  endfacet
  facet normal 0.000000e+00 0.000000e+00 1.000000e+00
    outer loop
      vertex   -5.900000e+01 -9.043604e+00 -3.087731e+01
      vertex   -6.000000e+01 -9.484322e+00 -3.087731e+01
      vertex   -5.900000e+01 -9.484322e+00 -3.087731e+01
    endloop
  endfacet
  facet normal 0.000000e+00 -1.000000e+00 0.000000e+00
    outer loop
      vertex   -6.000000e+01 -9.484322e+00 -3.087731e+01
      vertex   -6.000000e+01 -9.484322e+00 -3.308148e+01
      vertex   -5.900000e+01 -9.484322e+00 -3.087731e+01
    endloop
  endfacet
  facet normal 0.000000e+00 -1.000000e+00 -0.000000e+00
    outer loop
      vertex   -5.900000e+01 -9.484322e+00 -3.087731e+01
      vertex   -6.000000e+01 -9.484322e+00 -3.308148e+01
      vertex   -5.900000e+01 -9.484322e+00 -3.308148e+01
    endloop
  endfacet
  facet normal -0.000000e+00 0.000000e+00 1.000000e+00
    outer loop
      vertex   -6.000000e+01 -9.484322e+00 -3.308148e+01
      vertex   -6.000000e+01 -1.017216e+01 -3.308148e+01
      vertex   -5.900000e+01 -9.484322e+00 -3.308148e+01
    endloop
  endfacet
  facet normal 0.000000e+00 0.000000e+00 1.000000e+00
    outer loop
      vertex   -5.900000e+01 -9.484322e+00 -3.308148e+01
      vertex   -6.000000e+01 -1.017216e+01 -3.308148e+01
      vertex   -5.900000e+01 -1.017216e+01 -3.308148e+01
    endloop
  endfacet
  facet normal -1.000000e+00 0.000000e+00 0.000000e+00
    outer loop
      vertex   -5.900000e+01 -9.484322e+00 -3.308148e+01
      vertex   -5.900000e+01 -1.017216e+01 -3.308148e+01
      vertex   -5.900000e+01 -9.484322e+00 -3.087731e+01
    endloop
  endfacet
  facet normal -1.000000e+00 -0.000000e+00 0.000000e+00
    outer loop
      vertex   -5.900000e+01 -9.484322e+00 -3.087731e+01
      vertex   -5.900000e+01 -1.017216e+01 -3.308148e+01
      vertex   -5.900000e+01 -1.017216e+01 -3.019005e+01
    endloop
  endfacet
  facet normal -1.000000e+00 0.000000e+00 0.000000e+00
    outer loop
      vertex   -5.900000e+01 -9.484322e+00 -3.087731e+01
      vertex   -5.900000e+01 -1.017216e+01 -3.019005e+01
      vertex   -5.900000e+01 -9.043604e+00 -3.019005e+01
    endloop
  endfacet
  facet normal -1.000000e+00 0.000000e+00 -0.000000e+00
    outer loop
      vertex   -5.900000e+01 -9.043604e+00 -3.019005e+01
      vertex   -5.900000e+01 -9.043604e+00 -3.087731e+01
      vertex   -5.900000e+01 -9.484322e+00 -3.087731e+01
    endloop
  endfacet
  facet normal 0.000000e+00 -5.000000e-01 -8.660254e-01
    outer loop
      vertex   -6.000000e+01 -6.097114e+00 -2.586846e+01
      vertex   -6.000000e+01 -5.404293e+00 -2.626846e+01
      vertex   -5.900000e+01 -6.097114e+00 -2.586846e+01
    endloop
  endfacet
  facet normal 0.000000e+00 -5.000000e-01 -8.660254e-01
    outer loop
      vertex   -5.900000e+01 -6.097114e+00 -2.586846e+01
      vertex   -6.000000e+01 -5.404293e+00 -2.626846e+01
      vertex   -5.900000e+01 -5.404293e+00 -2.626846e+01
    endloop
  endfacet
  facet normal 0.000000e+00 -8.660254e-01 5.000000e-01
    outer loop
      vertex   -6.000000e+01 -5.404293e+00 -2.626846e+01
      vertex   -6.000000e+01 -7.118579e+00 -2.923769e+01
      vertex   -5.900000e+01 -5.404293e+00 -2.626846e+01
    endloop
  endfacet
  facet normal 0.000000e+00 -8.660254e-01 5.000000e-01
    outer loop
      vertex   -5.900000e+01 -5.404293e+00 -2.626846e+01
      vertex   -6.000000e+01 -7.118579e+00 -2.923769e+01
      vertex   -5.900000e+01 -7.118579e+00 -2.923769e+01
    endloop
  endfacet
  facet normal -0.000000e+00 5.000000e-01 8.660254e-01
    outer loop
      vertex   -6.000000e+01 -7.118579e+00 -2.923769e+01
      vertex   -6.000000e+01 -7.811400e+00 -2.883769e+01
      vertex   -5.900000e+01 -7.118579e+00 -2.923769e+01
    endloop
  endfacet
  facet normal 0.000000e+00 5.000000e-01 8.660254e-01
    outer loop
      vertex   -5.900000e+01 -7.118579e+00 -2.923769e+01
      vertex   -6.000000e+01 -7.811400e+00 -2.883769e+01
      vertex   -5.900000e+01 -7.811400e+00 -2.883769e+01
    endloop
  endfacet
  facet normal 0.000000e+00 8.660254e-01 -5.000000e-01
    outer loop
      vertex   -6.000000e+01 -7.811400e+00 -2.883769e+01
      vertex   -6.000000e+01 -6.097114e+00 -2.586846e+01
      vertex   -5.900000e+01 -7.811400e+00 -2.883769e+01
    endloop
  endfacet
  facet normal 0.000000e+00 8.660254e-01 -5.000000e-01
    outer loop
      vertex   -5.900000e+01 -7.811400e+00 -2.883769e+01
      vertex   -6.000000e+01 -6.097114e+00 -2.586846e+01
      vertex   -5.900000e+01 -6.097114e+00 -2.586846e+01
    endloop
  endfacet
  facet normal -1.000000e+00 0.000000e+00 0.000000e+00
    outer loop
      vertex   -5.900000e+01 -7.811400e+00 -2.883769e+01
      vertex   -5.900000e+01 -6.097114e+00 -2.586846e+01
      vertex   -5.900000e+01 -7.118579e+00 -2.923769e+01
    endloop
  endfacet
  facet normal -1.000000e+00 0.000000e+00 0.000000e+00
    outer loop
      vertex   -5.900000e+01 -7.118579e+00 -2.923769e+01
      vertex   -5.900000e+01 -6.097114e+00 -2.586846e+01
      vertex   -5.900000e+01 -5.404293e+00 -2.626846e+01
    endloop
  endfacet
  facet normal -0.000000e+00 9.954719e-01 9.505604e-02
    outer loop
      vertex   -6.000000e+01 -1.485905e+01 -1.787134e+01
      vertex   -6.000000e+01 -1.493509e+01 -1.707496e+01
      vertex   -5.900000e+01 -1.485905e+01 -1.787134e+01
    endloop
  endfacet
  facet normal 0.000000e+00 9.954719e-01 9.505604e-02
    outer loop
      vertex   -5.900000e+01 -1.485905e+01 -1.787134e+01
      vertex   -6.000000e+01 -1.493509e+01 -1.707496e+01
      vertex   -5.900000e+01 -1.493509e+01 -1.707496e+01
    endloop
  endfacet
  facet normal 0.000000e+00 9.505604e-02 -9.954719e-01
    outer loop
      vertex   -6.000000e+01 -1.493509e+01 -1.707496e+01
      vertex   -6.000000e+01 -1.237531e+01 -1.683053e+01
      vertex   -5.900000e+01 -1.493509e+01 -1.707496e+01
    endloop
  endfacet
  facet normal 0.000000e+00 9.505604e-02 -9.954719e-01
    outer loop
      vertex   -5.900000e+01 -1.493509e+01 -1.707496e+01
      vertex   -6.000000e+01 -1.237531e+01 -1.683053e+01
      vertex   -5.900000e+01 -1.237531e+01 -1.683053e+01
    endloop
  endfacet
  facet normal 0.000000e+00 -9.954719e-01 -9.505604e-02
    outer loop
      vertex   -6.000000e+01 -1.237531e+01 -1.683053e+01
      vertex   -6.000000e+01 -1.229926e+01 -1.762691e+01
      vertex   -5.900000e+01 -1.237531e+01 -1.683053e+01
    endloop
  endfacet
  facet normal 0.000000e+00 -9.954719e-01 -9.505604e-02
    outer loop
      vertex   -5.900000e+01 -1.237531e+01 -1.683053e+01
      vertex   -6.000000e+01 -1.229926e+01 -1.762691e+01
      vertex   -5.900000e+01 -1.229926e+01 -1.762691e+01
    endloop
  endfacet
  facet normal 0.000000e+00 -9.505604e-02 9.954719e-01
    outer loop
      vertex   -6.000000e+01 -1.229926e+01 -1.762691e+01
      vertex   -6.000000e+01 -1.485905e+01 -1.787134e+01
      vertex   -5.900000e+01 -1.229926e+01 -1.762691e+01
    endloop
  endfacet
  facet normal 0.000000e+00 -9.505604e-02 9.954719e-01
    outer loop
      vertex   -5.900000e+01 -1.229926e+01 -1.762691e+01
      vertex   -6.000000e+01 -1.485905e+01 -1.787134e+01
      vertex   -5.900000e+01 -1.485905e+01 -1.787134e+01
    endloop
  endfacet
  facet normal -1.000000e+00 0.000000e+00 0.000000e+00
    outer loop
      vertex   -5.900000e+01 -1.485905e+01 -1.787134e+01
      vertex   -5.900000e+01 -1.493509e+01 -1.707496e+01
      vertex   -5.900000e+01 -1.229926e+01 -1.762691e+01
    endloop
  endfacet
  facet normal -1.000000e+00 0.000000e+00 0.000000e+00
    outer loop
      vertex   -5.900000e+01 -1.229926e+01 -1.762691e+01
      vertex   -5.900000e+01 -1.493509e+01 -1.707496e+01
      vertex   -5.900000e+01 -1.237531e+01 -1.683053e+01
    endloop
  endfacet
  facet normal 0.000000e+00 6.548607e-01 -7.557496e-01
    outer loop
      vertex   -6.000000e+01 -1.009020e+01 -4.973007e+00
      vertex   -6.000000e+01 -9.485601e+00 -4.449118e+00
      vertex   -5.900000e+01 -1.009020e+01 -4.973007e+00
    endloop
  endfacet
  facet normal 0.000000e+00 6.548607e-01 -7.557496e-01
    outer loop
      vertex   -5.900000e+01 -1.009020e+01 -4.973007e+00
      vertex   -6.000000e+01 -9.485601e+00 -4.449118e+00
      vertex   -5.900000e+01 -9.485601e+00 -4.449118e+00
    endloop
  endfacet
  facet normal 0.000000e+00 -7.557496e-01 -6.548607e-01
    outer loop
      vertex   -6.000000e+01 -9.485601e+00 -4.449118e+00
      vertex   -6.000000e+01 -7.801673e+00 -6.392474e+00
      vertex   -5.900000e+01 -9.485601e+00 -4.449118e+00
    endloop
  endfacet
  facet normal 0.000000e+00 -7.557496e-01 -6.548607e-01
    outer loop
      vertex   -5.900000e+01 -9.485601e+00 -4.449118e+00
      vertex   -6.000000e+01 -7.801673e+00 -6.392474e+00
      vertex   -5.900000e+01 -7.801673e+00 -6.392474e+00
    endloop
  endfacet
  facet normal 0.000000e+00 -6.548607e-01 7.557496e-01
    outer loop
      vertex   -6.000000e+01 -7.801673e+00 -6.392474e+00
      vertex   -6.000000e+01 -8.406273e+00 -6.916363e+00
      vertex   -5.900000e+01 -7.801673e+00 -6.392474e+00
    endloop
  endfacet
  facet normal 0.000000e+00 -6.548607e-01 7.557496e-01
    outer loop
      vertex   -5.900000e+01 -7.801673e+00 -6.392474e+00
      vertex   -6.000000e+01 -8.406273e+00 -6.916363e+00
      vertex   -5.900000e+01 -8.406273e+00 -6.916363e+00
    endloop
  endfacet
  facet normal -0.000000e+00 7.557496e-01 6.548607e-01
    outer loop
      vertex   -6.000000e+01 -8.406273e+00 -6.916363e+00
      vertex   -6.000000e+01 -1.009020e+01 -4.973007e+00
      vertex   -5.900000e+01 -8.406273e+00 -6.916363e+00
    endloop
  endfacet
  facet normal 0.000000e+00 7.557496e-01 6.548607e-01
    outer loop
      vertex   -5.900000e+01 -8.406273e+00 -6.916363e+00
      vertex   -6.000000e+01 -1.009020e+01 -4.973007e+00
      vertex   -5.900000e+01 -1.009020e+01 -4.973007e+00
    endloop
  endfacet
  facet normal -1.000000e+00 0.000000e+00 0.000000e+00
    outer loop
      vertex   -5.900000e+01 -1.009020e+01 -4.973007e+00
      vertex   -5.900000e+01 -9.485601e+00 -4.449118e+00
      vertex   -5.900000e+01 -8.406273e+00 -6.916363e+00
    endloop
  endfacet
  facet normal -1.000000e+00 0.000000e+00 0.000000e+00
    outer loop
      vertex   -5.900000e+01 -8.406273e+00 -6.916363e+00
      vertex   -5.900000e+01 -9.485601e+00 -4.449118e+00
      vertex   -5.900000e+01 -7.801673e+00 -6.392474e+00
    endloop
  endfacet
  facet normal 0.000000e+00 2.357589e-01 -9.718116e-01
    outer loop
      vertex   -6.000000e+01 -3.890098e+00 -1.564436e+00
      vertex   -6.000000e+01 -3.112649e+00 -1.375829e+00
      vertex   -5.900000e+01 -3.890098e+00 -1.564436e+00
    endloop
  endfacet
  facet normal 0.000000e+00 2.357589e-01 -9.718116e-01
    outer loop
      vertex   -5.900000e+01 -3.890098e+00 -1.564436e+00
      vertex   -6.000000e+01 -3.112649e+00 -1.375829e+00
      vertex   -5.900000e+01 -3.112649e+00 -1.375829e+00
    endloop
  endfacet
  facet normal 0.000000e+00 -9.718116e-01 -2.357589e-01
    outer loop
      vertex   -6.000000e+01 -3.112649e+00 -1.375829e+00
      vertex   -6.000000e+01 -2.506412e+00 -3.874773e+00
      vertex   -5.900000e+01 -3.112649e+00 -1.375829e+00
    endloop
  endfacet
  facet normal 0.000000e+00 -9.718116e-01 -2.357589e-01
    outer loop
      vertex   -5.900000e+01 -3.112649e+00 -1.375829e+00
      vertex   -6.000000e+01 -2.506412e+00 -3.874773e+00
      vertex   -5.900000e+01 -2.506412e+00 -3.874773e+00
    endloop
  endfacet
  facet normal 0.000000e+00 -2.357589e-01 9.718116e-01
    outer loop
      vertex   -6.000000e+01 -2.506412e+00 -3.874773e+00
      vertex   -6.000000e+01 -3.283861e+00 -4.063380e+00
      vertex   -5.900000e+01 -2.506412e+00 -3.874773e+00
    endloop
  endfacet
  facet normal 0.000000e+00 -2.357589e-01 9.718116e-01
    outer loop
      vertex   -5.900000e+01 -2.506412e+00 -3.874773e+00
      vertex   -6.000000e+01 -3.283861e+00 -4.063380e+00
      vertex   -5.900000e+01 -3.283861e+00 -4.063380e+00
    endloop
  endfacet
  facet normal -0.000000e+00 9.718116e-01 2.357589e-01
    outer loop
      vertex   -6.000000e+01 -3.283861e+00 -4.063380e+00
      vertex   -6.000000e+01 -3.890098e+00 -1.564436e+00
      vertex   -5.900000e+01 -3.283861e+00 -4.063380e+00
    endloop
  endfacet
  facet normal 0.000000e+00 9.718116e-01 2.357589e-01
    outer loop
      vertex   -5.900000e+01 -3.283861e+00 -4.063380e+00
      vertex   -6.000000e+01 -3.890098e+00 -1.564436e+00
      vertex   -5.900000e+01 -3.890098e+00 -1.564436e+00
    endloop
  endfacet
  facet normal -1.000000e+00 0.000000e+00 0.000000e+00
    outer loop
      vertex   -5.900000e+01 -3.890098e+00 -1.564436e+00
      vertex   -5.900000e+01 -3.112649e+00 -1.375829e+00
      vertex   -5.900000e+01 -3.283861e+00 -4.063380e+00
    endloop
  endfacet
  facet normal -1.000000e+00 0.000000e+00 0.000000e+00
    outer loop
      vertex   -5.900000e+01 -3.283861e+00 -4.063380e+00
      vertex   -5.900000e+01 -3.112649e+00 -1.375829e+00
      vertex   -5.900000e+01 -2.506412e+00 -3.874773e+00
    endloop
  endfacet
  facet normal 0.000000e+00 -9.283679e-01 -3.716625e-01
    outer loop
      vertex   -6.000000e+01 1.381186e+01 -1.010102e+01
      vertex   -6.000000e+01 1.410919e+01 -1.084372e+01
      vertex   -5.900000e+01 1.381186e+01 -1.010102e+01
    endloop
  endfacet
  facet normal 0.000000e+00 -9.283679e-01 -3.716625e-01
    outer loop
      vertex   -5.900000e+01 1.381186e+01 -1.010102e+01
      vertex   -6.000000e+01 1.410919e+01 -1.084372e+01
      vertex   -5.900000e+01 1.410919e+01 -1.084372e+01
    endloop
  endfacet
  facet normal 0.000000e+00 -3.716625e-01 9.283679e-01
    outer loop
      vertex   -6.000000e+01 1.410919e+01 -1.084372e+01
      vertex   -6.000000e+01 1.172196e+01 -1.179942e+01
      vertex   -5.900000e+01 1.410919e+01 -1.084372e+01
    endloop
  endfacet
  facet normal 0.000000e+00 -3.716625e-01 9.283679e-01
    outer loop
      vertex   -5.900000e+01 1.410919e+01 -1.084372e+01
      vertex   -6.000000e+01 1.172196e+01 -1.179942e+01
      vertex   -5.900000e+01 1.172196e+01 -1.179942e+01
    endloop
  endfacet
  facet normal -0.000000e+00 9.283679e-01 3.716625e-01
    outer loop
      vertex   -6.000000e+01 1.172196e+01 -1.179942e+01
      vertex   -6.000000e+01 1.142463e+01 -1.105673e+01
      vertex   -5.900000e+01 1.172196e+01 -1.179942e+01
    endloop
  endfacet
  facet normal 0.000000e+00 9.283679e-01 3.716625e-01
    outer loop
      vertex   -5.900000e+01 1.172196e+01 -1.179942e+01
      vertex   -6.000000e+01 1.142463e+01 -1.105673e+01
      vertex   -5.900000e+01 1.142463e+01 -1.105673e+01
    endloop
  endfacet
  facet normal 0.000000e+00 3.716625e-01 -9.283679e-01
    outer loop
      vertex   -6.000000e+01 1.142463e+01 -1.105673e+01
      vertex   -6.000000e+01 1.381186e+01 -1.010102e+01
      vertex   -5.900000e+01 1.142463e+01 -1.105673e+01
    endloop
  endfacet
  facet normal 0.000000e+00 3.716625e-01 -9.283679e-01
    outer loop
      vertex   -5.900000e+01 1.142463e+01 -1.105673e+01
      vertex   -6.000000e+01 1.381186e+01 -1.010102e+01
      vertex   -5.900000e+01 1.381186e+01 -1.010102e+01
    endloop
  endfacet
  facet normal -1.000000e+00 0.000000e+00 -0.000000e+00
    outer loop
      vertex   -5.900000e+01 1.381186e+01 -1.010102e+01
      vertex   -5.900000e+01 1.410919e+01 -1.084372e+01
      vertex   -5.900000e+01 1.142463e+01 -1.105673e+01
    endloop
  endfacet
  facet normal -1.000000e+00 0.000000e+00 0.000000e+00
    outer loop
      vertex   -5.900000e+01 1.142463e+01 -1.105673e+01
      vertex   -5.900000e+01 1.410919e+01 -1.084372e+01
      vertex   -5.900000e+01 1.172196e+01 -1.179942e+01
    endloop
  endfacet
  facet normal 0.000000e+00 5.406408e-01 -8.412535e-01
    outer loop
      vertex   -6.000000e+01 -1.280005e+01 -2.382042e+01
      vertex   -6.000000e+01 -1.063683e+01 -2.243020e+01
      vertex   -5.900000e+01 -1.280005e+01 -2.382042e+01
    endloop
  endfacet
  facet normal 0.000000e+00 5.406408e-01 -8.412535e-01
    outer loop
      vertex   -5.900000e+01 -1.280005e+01 -2.382042e+01
      vertex   -6.000000e+01 -1.063683e+01 -2.243020e+01
      vertex   -5.900000e+01 -1.063683e+01 -2.243020e+01
    endloop
  endfacet
  facet normal 0.000000e+00 -8.412535e-01 -5.406408e-01
    outer loop
      vertex   -6.000000e+01 -1.063683e+01 -2.243020e+01
      vertex   -6.000000e+01 -1.020431e+01 -2.310320e+01
      vertex   -5.900000e+01 -1.063683e+01 -2.243020e+01
    endloop
  endfacet
  facet normal 0.000000e+00 -8.412535e-01 -5.406408e-01
    outer loop
      vertex   -5.900000e+01 -1.063683e+01 -2.243020e+01
      vertex   -6.000000e+01 -1.020431e+01 -2.310320e+01
      vertex   -5.900000e+01 -1.020431e+01 -2.310320e+01
    endloop
  endfacet
  facet normal 0.000000e+00 -5.406408e-01 8.412535e-01
    outer loop
      vertex   -6.000000e+01 -1.020431e+01 -2.310320e+01
      vertex   -6.000000e+01 -1.236754e+01 -2.449342e+01
      vertex   -5.900000e+01 -1.020431e+01 -2.310320e+01
    endloop
  endfacet
  facet normal 0.000000e+00 -5.406408e-01 8.412535e-01
    outer loop
      vertex   -5.900000e+01 -1.020431e+01 -2.310320e+01
      vertex   -6.000000e+01 -1.236754e+01 -2.449342e+01
      vertex   -5.900000e+01 -1.236754e+01 -2.449342e+01
    endloop
  endfacet
  facet normal -0.000000e+00 8.412535e-01 5.406408e-01
    outer loop
      vertex   -6.000000e+01 -1.236754e+01 -2.449342e+01
      vertex   -6.000000e+01 -1.280005e+01 -2.382042e+01
      vertex   -5.900000e+01 -1.236754e+01 -2.449342e+01
    endloop
  endfacet
  facet normal 0.000000e+00 8.412535e-01 5.406408e-01
    outer loop
      vertex   -5.900000e+01 -1.236754e+01 -2.449342e+01
      vertex   -6.000000e+01 -1.280005e+01 -2.382042e+01
      vertex   -5.900000e+01 -1.280005e+01 -2.382042e+01
    endloop
  endfacet
  facet normal -1.000000e+00 0.000000e+00 0.000000e+00
    outer loop
      vertex   -5.900000e+01 -1.236754e+01 -2.449342e+01
      vertex   -5.900000e+01 -1.280005e+01 -2.382042e+01
      vertex   -5.900000e+01 -1.020431e+01 -2.310320e+01
    endloop
  endfacet
  facet normal -1.000000e+00 -0.000000e+00 0.000000e+00
    outer loop
      vertex   -5.900000e+01 -1.020431e+01 -2.310320e+01
      vertex   -5.900000e+01 -1.280005e+01 -2.382042e+01
      vertex   -5.900000e+01 -1.063683e+01 -2.243020e+01
    endloop
  endfacet
  facet normal -0.000000e+00 0.000000e+00 1.000000e+00
    outer loop
      vertex   -6.000000e+01 -7.757818e+00 -3.087731e+01
      vertex   -6.000000e+01 -8.198536e+00 -3.087731e+01
      vertex   -5.900000e+01 -7.757818e+00 -3.087731e+01
    endloop
  endfacet
  facet normal 0.000000e+00 0.000000e+00 1.000000e+00
    outer loop
      vertex   -5.900000e+01 -7.757818e+00 -3.087731e+01
      vertex   -6.000000e+01 -8.198536e+00 -3.087731e+01
      vertex   -5.900000e+01 -8.198536e+00 -3.087731e+01
    endloop
  endfacet
  facet normal 0.000000e+00 -1.000000e+00 0.000000e+00
    outer loop
      vertex   -6.000000e+01 -8.198536e+00 -3.087731e+01
      vertex   -6.000000e+01 -8.198536e+00 -3.308148e+01
      vertex   -5.900000e+01 -8.198536e+00 -3.087731e+01
    endloop
  endfacet
  facet normal 0.000000e+00 -1.000000e+00 -0.000000e+00
    outer loop
      vertex   -5.900000e+01 -8.198536e+00 -3.087731e+01
      vertex   -6.000000e+01 -8.198536e+00 -3.308148e+01
      vertex   -5.900000e+01 -8.198536e+00 -3.308148e+01
    endloop
  endfacet
  facet normal -0.000000e+00 0.000000e+00 1.000000e+00
    outer loop
      vertex   -6.000000e+01 -8.198536e+00 -3.308148e+01
      vertex   -6.000000e+01 -8.886375e+00 -3.308148e+01
      vertex   -5.900000e+01 -8.198536e+00 -3.308148e+01
    endloop
  endfacet
  facet normal 0.000000e+00 0.000000e+00 1.000000e+00
    outer loop
      vertex   -5.900000e+01 -8.198536e+00 -3.308148e+01
      vertex   -6.000000e+01 -8.886375e+00 -3.308148e+01
      vertex   -5.900000e+01 -8.886375e+00 -3.308148e+01
    endloop
  endfacet
  facet normal 0.000000e+00 1.000000e+00 0.000000e+00
    outer loop
      vertex   -6.000000e+01 -8.886375e+00 -3.308148e+01
      vertex   -6.000000e+01 -8.886375e+00 -3.019005e+01
      vertex   -5.900000e+01 -8.886375e+00 -3.308148e+01
    endloop
  endfacet
  facet normal 0.000000e+00 1.000000e+00 -0.000000e+00
    outer loop
      vertex   -5.900000e+01 -8.886375e+00 -3.308148e+01
      vertex   -6.000000e+01 -8.886375e+00 -3.019005e+01
      vertex   -5.900000e+01 -8.886375e+00 -3.019005e+01
    endloop
  endfacet
  facet normal 0.000000e+00 0.000000e+00 -1.000000e+00
    outer loop
      vertex   -6.000000e+01 -8.886375e+00 -3.019005e+01
      vertex   -6.000000e+01 -7.757818e+00 -3.019005e+01
      vertex   -5.900000e+01 -8.886375e+00 -3.019005e+01
    endloop
  endfacet
  facet normal 0.000000e+00 0.000000e+00 -1.000000e+00
    outer loop
      vertex   -5.900000e+01 -8.886375e+00 -3.019005e+01
      vertex   -6.000000e+01 -7.757818e+00 -3.019005e+01
      vertex   -5.900000e+01 -7.757818e+00 -3.019005e+01
    endloop
  endfacet
  facet normal 0.000000e+00 -1.000000e+00 0.000000e+00
    outer loop
      vertex   -6.000000e+01 -7.757818e+00 -3.019005e+01
      vertex   -6.000000e+01 -7.757818e+00 -3.087731e+01
      vertex   -5.900000e+01 -7.757818e+00 -3.019005e+01
    endloop
  endfacet
  facet normal 0.000000e+00 -1.000000e+00 -0.000000e+00
    outer loop
      vertex   -5.900000e+01 -7.757818e+00 -3.019005e+01
      vertex   -6.000000e+01 -7.757818e+00 -3.087731e+01
      vertex   -5.900000e+01 -7.757818e+00 -3.087731e+01
    endloop
  endfacet
  facet normal -1.000000e+00 0.000000e+00 0.000000e+00
    outer loop
      vertex   -5.900000e+01 -7.757818e+00 -3.087731e+01
      vertex   -5.900000e+01 -8.198536e+00 -3.087731e+01
      vertex   -5.900000e+01 -7.757818e+00 -3.019005e+01
    endloop
  endfacet
  facet normal -1.000000e+00 -0.000000e+00 0.000000e+00
    outer loop
      vertex   -5.900000e+01 -7.757818e+00 -3.019005e+01
      vertex   -5.900000e+01 -8.198536e+00 -3.087731e+01
      vertex   -5.900000e+01 -8.886375e+00 -3.019005e+01
    endloop
  endfacet
  facet normal -1.000000e+00 0.000000e+00 0.000000e+00
    outer loop
      vertex   -5.900000e+01 -8.886375e+00 -3.019005e+01
      vertex   -5.900000e+01 -8.198536e+00 -3.087731e+01
      vertex   -5.900000e+01 -8.886375e+00 -3.308148e+01
    endloop
  endfacet
  facet normal -1.000000e+00 0.000000e+00 0.000000e+00
    outer loop
      vertex   -5.900000e+01 -8.886375e+00 -3.308148e+01
      vertex   -5.900000e+01 -8.198536e+00 -3.087731e+01
      vertex   -5.900000e+01 -8.198536e+00 -3.308148e+01
    endloop
  endfacet
  facet normal -0.000000e+00 0.000000e+00 1.000000e+00
    outer loop
      vertex   -6.000000e+01 -1.221219e+00 -3.870731e+01
      vertex   -6.000000e+01 -1.970364e+00 -3.870731e+01
      vertex   -5.900000e+01 -1.221219e+00 -3.870731e+01
    endloop
  endfacet
  facet normal 0.000000e+00 0.000000e+00 1.000000e+00
    outer loop
      vertex   -5.900000e+01 -1.221219e+00 -3.870731e+01
      vertex   -6.000000e+01 -1.970364e+00 -3.870731e+01
      vertex   -5.900000e+01 -1.970364e+00 -3.870731e+01
    endloop
  endfacet
  facet normal 0.000000e+00 1.000000e+00 0.000000e+00
    outer loop
      vertex   -6.000000e+01 -1.970364e+00 -3.870731e+01
      vertex   -6.000000e+01 -1.970364e+00 -3.701559e+01
      vertex   -5.900000e+01 -1.970364e+00 -3.870731e+01
    endloop
  endfacet
  facet normal 0.000000e+00 1.000000e+00 -0.000000e+00
    outer loop
      vertex   -5.900000e+01 -1.970364e+00 -3.870731e+01
      vertex   -6.000000e+01 -1.970364e+00 -3.701559e+01
      vertex   -5.900000e+01 -1.970364e+00 -3.701559e+01
    endloop
  endfacet
  facet normal 0.000000e+00 -8.911472e-01 4.537144e-01
    outer loop
      vertex   -6.000000e+01 -1.970364e+00 -3.701559e+01
      vertex   -6.000000e+01 -2.831675e+00 -3.870731e+01
      vertex   -5.900000e+01 -1.970364e+00 -3.701559e+01
    endloop
  endfacet
  facet normal 0.000000e+00 -8.911472e-01 4.537144e-01
    outer loop
      vertex   -5.900000e+01 -1.970364e+00 -3.701559e+01
      vertex   -6.000000e+01 -2.831675e+00 -3.870731e+01
      vertex   -5.900000e+01 -2.831675e+00 -3.870731e+01
    endloop
  endfacet
  facet normal -0.000000e+00 0.000000e+00 1.000000e+00
    outer loop
      vertex   -6.000000e+01 -2.831675e+00 -3.870731e+01
      vertex   -6.000000e+01 -3.155043e+00 -3.870731e+01
      vertex   -5.900000e+01 -2.831675e+00 -3.870731e+01
    endloop
  endfacet
  facet normal 0.000000e+00 0.000000e+00 1.000000e+00
    outer loop
      vertex   -5.900000e+01 -2.831675e+00 -3.870731e+01
      vertex   -6.000000e+01 -3.155043e+00 -3.870731e+01
      vertex   -5.900000e+01 -3.155043e+00 -3.870731e+01
    endloop
  endfacet
  facet normal -0.000000e+00 8.911472e-01 4.537144e-01
    outer loop
      vertex   -6.000000e+01 -3.155043e+00 -3.870731e+01
      vertex   -6.000000e+01 -4.016354e+00 -3.701559e+01
      vertex   -5.900000e+01 -3.155043e+00 -3.870731e+01
    endloop
  endfacet
  facet normal -8.187682e-16 8.911472e-01 4.537144e-01
    outer loop
      vertex   -5.900000e+01 -3.155043e+00 -3.870731e+01
      vertex   -6.000000e+01 -4.016354e+00 -3.701559e+01
      vertex   -5.900000e+01 -4.016354e+00 -3.701559e+01
    endloop
  endfacet
  facet normal 8.881784e-16 -1.000000e+00 0.000000e+00
    outer loop
      vertex   -6.000000e+01 -4.016354e+00 -3.701559e+01
      vertex   -6.000000e+01 -4.016354e+00 -3.870731e+01
      vertex   -5.900000e+01 -4.016354e+00 -3.701559e+01
    endloop
  endfacet
  facet normal 8.881784e-16 -1.000000e+00 0.000000e+00
    outer loop
      vertex   -5.900000e+01 -4.016354e+00 -3.701559e+01
      vertex   -6.000000e+01 -4.016354e+00 -3.870731e+01
      vertex   -5.900000e+01 -4.016354e+00 -3.870731e+01
    endloop
  endfacet
  facet normal -0.000000e+00 0.000000e+00 1.000000e+00
    outer loop
      vertex   -6.000000e+01 -4.016354e+00 -3.870731e+01
      vertex   -6.000000e+01 -4.763491e+00 -3.870731e+01
      vertex   -5.900000e+01 -4.016354e+00 -3.870731e+01
    endloop
  endfacet
  facet normal 0.000000e+00 0.000000e+00 1.000000e+00
    outer loop
      vertex   -5.900000e+01 -4.016354e+00 -3.870731e+01
      vertex   -6.000000e+01 -4.763491e+00 -3.870731e+01
      vertex   -5.900000e+01 -4.763491e+00 -3.870731e+01
    endloop
  endfacet
  facet normal 0.000000e+00 1.000000e+00 0.000000e+00
    outer loop
      vertex   -6.000000e+01 -4.763491e+00 -3.870731e+01
      vertex   -6.000000e+01 -4.763491e+00 -3.538731e+01
      vertex   -5.900000e+01 -4.763491e+00 -3.870731e+01
    endloop
  endfacet
  facet normal 0.000000e+00 1.000000e+00 -0.000000e+00
    outer loop
      vertex   -5.900000e+01 -4.763491e+00 -3.870731e+01
      vertex   -6.000000e+01 -4.763491e+00 -3.538731e+01
      vertex   -5.900000e+01 -4.763491e+00 -3.538731e+01
    endloop
  endfacet
  facet normal 0.000000e+00 0.000000e+00 -1.000000e+00
    outer loop
      vertex   -6.000000e+01 -4.763491e+00 -3.538731e+01
      vertex   -6.000000e+01 -4.038556e+00 -3.538731e+01
      vertex   -5.900000e+01 -4.763491e+00 -3.538731e+01
    endloop
  endfacet
  facet normal 0.000000e+00 0.000000e+00 -1.000000e+00
    outer loop
      vertex   -5.900000e+01 -4.763491e+00 -3.538731e+01
      vertex   -6.000000e+01 -4.038556e+00 -3.538731e+01
      vertex   -5.900000e+01 -4.038556e+00 -3.538731e+01
    endloop
  endfacet
  facet normal 0.000000e+00 -8.920358e-01 -4.519648e-01
    outer loop
      vertex   -6.000000e+01 -4.038556e+00 -3.538731e+01
      vertex   -6.000000e+01 -2.992187e+00 -3.745251e+01
      vertex   -5.900000e+01 -4.038556e+00 -3.538731e+01
    endloop
  endfacet
  facet normal 0.000000e+00 -8.920358e-01 -4.519648e-01
    outer loop
      vertex   -5.900000e+01 -4.038556e+00 -3.538731e+01
      vertex   -6.000000e+01 -2.992187e+00 -3.745251e+01
      vertex   -5.900000e+01 -2.992187e+00 -3.745251e+01
    endloop
  endfacet
  facet normal 0.000000e+00 8.924618e-01 -4.511229e-01
    outer loop
      vertex   -6.000000e+01 -2.992187e+00 -3.745251e+01
      vertex   -6.000000e+01 -1.948267e+00 -3.538731e+01
      vertex   -5.900000e+01 -2.992187e+00 -3.745251e+01
    endloop
  endfacet
  facet normal 0.000000e+00 8.924618e-01 -4.511229e-01
    outer loop
      vertex   -5.900000e+01 -2.992187e+00 -3.745251e+01
      vertex   -6.000000e+01 -1.948267e+00 -3.538731e+01
      vertex   -5.900000e+01 -1.948267e+00 -3.538731e+01
    endloop
  endfacet
  facet normal 0.000000e+00 0.000000e+00 -1.000000e+00
    outer loop
      vertex   -6.000000e+01 -1.948267e+00 -3.538731e+01
      vertex   -6.000000e+01 -1.221219e+00 -3.538731e+01
      vertex   -5.900000e+01 -1.948267e+00 -3.538731e+01
    endloop
  endfacet
  facet normal 0.000000e+00 0.000000e+00 -1.000000e+00
    outer loop
      vertex   -5.900000e+01 -1.948267e+00 -3.538731e+01
      vertex   -6.000000e+01 -1.221219e+00 -3.538731e+01
      vertex   -5.900000e+01 -1.221219e+00 -3.538731e+01
    endloop
  endfacet
  facet normal 0.000000e+00 -1.000000e+00 0.000000e+00
    outer loop
      vertex   -6.000000e+01 -1.221219e+00 -3.538731e+01
      vertex   -6.000000e+01 -1.221219e+00 -3.870731e+01
      vertex   -5.900000e+01 -1.221219e+00 -3.538731e+01
    endloop
  endfacet
  facet normal 0.000000e+00 -1.000000e+00 -0.000000e+00
    outer loop
      vertex   -5.900000e+01 -1.221219e+00 -3.538731e+01
      vertex   -6.000000e+01 -1.221219e+00 -3.870731e+01
      vertex   -5.900000e+01 -1.221219e+00 -3.870731e+01
    endloop
  endfacet
  facet normal -1.000000e+00 0.000000e+00 -0.000000e+00
    outer loop
      vertex   -5.900000e+01 -1.948267e+00 -3.538731e+01
      vertex   -5.900000e+01 -1.221219e+00 -3.538731e+01
      vertex   -5.900000e+01 -1.970364e+00 -3.701559e+01
    endloop
  endfacet
  facet normal -1.000000e+00 0.000000e+00 0.000000e+00
    outer loop
      vertex   -5.900000e+01 -1.970364e+00 -3.701559e+01
      vertex   -5.900000e+01 -1.221219e+00 -3.538731e+01
      vertex   -5.900000e+01 -1.221219e+00 -3.870731e+01
    endloop
  endfacet
  facet normal -1.000000e+00 0.000000e+00 0.000000e+00
    outer loop
      vertex   -5.900000e+01 -1.970364e+00 -3.701559e+01
      vertex   -5.900000e+01 -1.221219e+00 -3.870731e+01
      vertex   -5.900000e+01 -1.970364e+00 -3.870731e+01
    endloop
  endfacet
  facet normal -1.000000e+00 0.000000e+00 0.000000e+00
    outer loop
      vertex   -5.900000e+01 -1.948267e+00 -3.538731e+01
      vertex   -5.900000e+01 -1.970364e+00 -3.701559e+01
      vertex   -5.900000e+01 -2.992187e+00 -3.745251e+01
    endloop
  endfacet
  facet normal -1.000000e+00 0.000000e+00 0.000000e+00
    outer loop
      vertex   -5.900000e+01 -2.992187e+00 -3.745251e+01
      vertex   -5.900000e+01 -1.970364e+00 -3.701559e+01
      vertex   -5.900000e+01 -2.831675e+00 -3.870731e+01
    endloop
  endfacet
  facet normal -1.000000e+00 0.000000e+00 -0.000000e+00
    outer loop
      vertex   -5.900000e+01 -2.992187e+00 -3.745251e+01
      vertex   -5.900000e+01 -2.831675e+00 -3.870731e+01
      vertex   -5.900000e+01 -3.155043e+00 -3.870731e+01
    endloop
  endfacet
  facet normal -1.000000e+00 0.000000e+00 0.000000e+00
    outer loop
      vertex   -5.900000e+01 -3.155043e+00 -3.870731e+01
      vertex   -5.900000e+01 -4.016354e+00 -3.701559e+01
      vertex   -5.900000e+01 -2.992187e+00 -3.745251e+01
    endloop
  endfacet
  facet normal -1.000000e+00 0.000000e+00 0.000000e+00
    outer loop
      vertex   -5.900000e+01 -2.992187e+00 -3.745251e+01
      vertex   -5.900000e+01 -4.016354e+00 -3.701559e+01
      vertex   -5.900000e+01 -4.038556e+00 -3.538731e+01
    endloop
  endfacet
  facet normal -1.000000e+00 -0.000000e+00 -0.000000e+00
    outer loop
      vertex   -5.900000e+01 -4.038556e+00 -3.538731e+01
      vertex   -5.900000e+01 -4.016354e+00 -3.701559e+01
      vertex   -5.900000e+01 -4.763491e+00 -3.538731e+01
    endloop
  endfacet
  facet normal -1.000000e+00 0.000000e+00 0.000000e+00
    outer loop
      vertex   -5.900000e+01 -4.763491e+00 -3.538731e+01
      vertex   -5.900000e+01 -4.016354e+00 -3.701559e+01
      vertex   -5.900000e+01 -4.763491e+00 -3.870731e+01
    endloop
  endfacet
  facet normal -1.000000e+00 0.000000e+00 0.000000e+00
    outer loop
      vertex   -5.900000e+01 -4.763491e+00 -3.870731e+01
      vertex   -5.900000e+01 -4.016354e+00 -3.701559e+01
      vertex   -5.900000e+01 -4.016354e+00 -3.870731e+01
    endloop
  endfacet
  facet normal -1.000000e+00 0.000000e+00 -0.000000e+00
    outer loop
      vertex   -6.000000e+01 -1.610179e-01 -3.616864e+01
      vertex   -6.000000e+01 -1.273115e-01 -3.614934e+01
      vertex   -6.000000e+01 -1.803792e-01 -3.620251e+01
    endloop
  endfacet
  facet normal -1.000000e+00 0.000000e+00 0.000000e+00
    outer loop
      vertex   -6.000000e+01 -1.803792e-01 -3.620251e+01
      vertex   -6.000000e+01 -1.273115e-01 -3.614934e+01
      vertex   -6.000000e+01 -2.170799e-02 -3.613578e+01
    endloop
  endfacet
  facet normal -1.000000e+00 0.000000e+00 -0.000000e+00
    outer loop
      vertex   -6.000000e+01 -1.803792e-01 -3.620251e+01
      vertex   -6.000000e+01 -2.170799e-02 -3.613578e+01
      vertex   -6.000000e+01 -1.939650e-01 -3.630867e+01
    endloop
  endfacet
  facet normal -1.000000e+00 0.000000e+00 0.000000e+00
    outer loop
      vertex   -6.000000e+01 -1.939650e-01 -3.630867e+01
      vertex   -6.000000e+01 -2.170799e-02 -3.613578e+01
      vertex   -6.000000e+01 9.984206e-01 -3.613578e+01
    endloop
  endfacet
  facet normal -1.000000e+00 0.000000e+00 0.000000e+00
    outer loop
      vertex   -6.000000e+01 -1.939650e-01 -3.630867e+01
      vertex   -6.000000e+01 9.984206e-01 -3.613578e+01
      vertex   -6.000000e+01 9.984206e-01 -3.684546e+01
    endloop
  endfacet
  facet normal -1.000000e+00 0.000000e+00 0.000000e+00
    outer loop
      vertex   -6.000000e+01 -1.939650e-01 -3.630867e+01
      vertex   -6.000000e+01 9.984206e-01 -3.684546e+01
      vertex   -6.000000e+01 -1.939650e-01 -3.667322e+01
    endloop
  endfacet
  facet normal -1.000000e+00 0.000000e+00 0.000000e+00
    outer loop
      vertex   -6.000000e+01 -1.939650e-01 -3.667322e+01
      vertex   -6.000000e+01 9.984206e-01 -3.684546e+01
      vertex   -6.000000e+01 -2.179780e-02 -3.684546e+01
    endloop
  endfacet
  facet normal -1.000000e+00 0.000000e+00 0.000000e+00
    outer loop
      vertex   -6.000000e+01 -1.939650e-01 -3.667322e+01
      vertex   -6.000000e+01 -2.179780e-02 -3.684546e+01
      vertex   -6.000000e+01 -1.803756e-01 -3.677917e+01
    endloop
  endfacet
  facet normal -1.000000e+00 0.000000e+00 0.000000e+00
    outer loop
      vertex   -6.000000e+01 -1.803756e-01 -3.677917e+01
      vertex   -6.000000e+01 -2.179780e-02 -3.684546e+01
      vertex   -6.000000e+01 -1.277077e-01 -3.683198e+01
    endloop
  endfacet
  facet normal -1.000000e+00 0.000000e+00 0.000000e+00
    outer loop
      vertex   -6.000000e+01 -1.803756e-01 -3.677917e+01
      vertex   -6.000000e+01 -1.277077e-01 -3.683198e+01
      vertex   -6.000000e+01 -1.610726e-01 -3.681305e+01
    endloop
  endfacet
  facet normal -1.000000e+00 0.000000e+00 0.000000e+00
    outer loop
      vertex   -6.000000e+01 8.552297e+00 -3.087731e+01
      vertex   -6.000000e+01 9.517724e+00 -3.087731e+01
      vertex   -6.000000e+01 8.552297e+00 -3.239364e+01
    endloop
  endfacet
  facet normal -1.000000e+00 0.000000e+00 0.000000e+00
    outer loop
      vertex   -6.000000e+01 8.552297e+00 -3.239364e+01
      vertex   -6.000000e+01 9.517724e+00 -3.087731e+01
      vertex   -6.000000e+01 9.517724e+00 -3.239364e+01
    endloop
  endfacet
  facet normal -1.000000e+00 0.000000e+00 0.000000e+00
    outer loop
      vertex   -6.000000e+01 2.958239e+00 -3.674629e+01
      vertex   -6.000000e+01 2.924928e+00 -3.672738e+01
      vertex   -6.000000e+01 3.064148e+00 -3.675977e+01
    endloop
  endfacet
  facet normal -1.000000e+00 0.000000e+00 0.000000e+00
    outer loop
      vertex   -6.000000e+01 3.064148e+00 -3.675977e+01
      vertex   -6.000000e+01 2.924928e+00 -3.672738e+01
      vertex   -6.000000e+01 2.905596e+00 -3.669339e+01
    endloop
  endfacet
  facet normal -1.000000e+00 0.000000e+00 0.000000e+00
    outer loop
      vertex   -6.000000e+01 3.064148e+00 -3.675977e+01
      vertex   -6.000000e+01 2.905596e+00 -3.669339e+01
      vertex   -6.000000e+01 2.891981e+00 -3.658689e+01
    endloop
  endfacet
  facet normal -1.000000e+00 0.000000e+00 0.000000e+00
    outer loop
      vertex   -6.000000e+01 3.064148e+00 -3.675977e+01
      vertex   -6.000000e+01 2.891981e+00 -3.658689e+01
      vertex   -6.000000e+01 4.084367e+00 -3.675977e+01
    endloop
  endfacet
  facet normal -1.000000e+00 0.000000e+00 0.000000e+00
    outer loop
      vertex   -6.000000e+01 4.084367e+00 -3.675977e+01
      vertex   -6.000000e+01 2.891981e+00 -3.658689e+01
      vertex   -6.000000e+01 2.891981e+00 -3.630867e+01
    endloop
  endfacet
  facet normal -1.000000e+00 0.000000e+00 0.000000e+00
    outer loop
      vertex   -6.000000e+01 4.084367e+00 -3.675977e+01
      vertex   -6.000000e+01 2.891981e+00 -3.630867e+01
      vertex   -6.000000e+01 4.084367e+00 -3.613578e+01
    endloop
  endfacet
  facet normal -1.000000e+00 -0.000000e+00 0.000000e+00
    outer loop
      vertex   -6.000000e+01 4.084367e+00 -3.613578e+01
      vertex   -6.000000e+01 2.891981e+00 -3.630867e+01
      vertex   -6.000000e+01 3.064238e+00 -3.613578e+01
    endloop
  endfacet
  facet normal -1.000000e+00 0.000000e+00 0.000000e+00
    outer loop
      vertex   -6.000000e+01 3.064238e+00 -3.613578e+01
      vertex   -6.000000e+01 2.891981e+00 -3.630867e+01
      vertex   -6.000000e+01 2.905567e+00 -3.620251e+01
    endloop
  endfacet
  facet normal -1.000000e+00 0.000000e+00 0.000000e+00
    outer loop
      vertex   -6.000000e+01 3.064238e+00 -3.613578e+01
      vertex   -6.000000e+01 2.905567e+00 -3.620251e+01
      vertex   -6.000000e+01 2.924928e+00 -3.616864e+01
    endloop
  endfacet
  facet normal -1.000000e+00 0.000000e+00 0.000000e+00
    outer loop
      vertex   -6.000000e+01 2.924928e+00 -3.616864e+01
      vertex   -6.000000e+01 2.958635e+00 -3.614934e+01
      vertex   -6.000000e+01 3.064238e+00 -3.613578e+01
    endloop
  endfacet
  facet normal 1.305262e-01 -9.914449e-01 -1.242113e-17
    outer loop
      vertex   6.517638e+00 -6.931852e+00 -3.000000e+01
      vertex   6.517638e+00 -6.931852e+00 -2.066667e+01
      vertex   6.000000e+00 -7.000000e+00 -3.000000e+01
    endloop
  endfacet
  facet normal 1.305262e-01 -9.914449e-01 0.000000e+00
    outer loop
      vertex   6.000000e+00 -7.000000e+00 -3.000000e+01
      vertex   6.517638e+00 -6.931852e+00 -2.066667e+01
      vertex   6.517638e+00 -6.931852e+00 -1.133333e+01
    endloop
  endfacet
  facet normal 1.305262e-01 -9.914449e-01 0.000000e+00
    outer loop
      vertex   6.000000e+00 -7.000000e+00 -3.000000e+01
      vertex   6.517638e+00 -6.931852e+00 -1.133333e+01
      vertex   6.000000e+00 -7.000000e+00 -2.000000e+00
    endloop
  endfacet
  facet normal 1.305262e-01 -9.914449e-01 0.000000e+00
    outer loop
      vertex   6.000000e+00 -7.000000e+00 -2.000000e+00
      vertex   6.517638e+00 -6.931852e+00 -1.133333e+01
      vertex   6.517638e+00 -6.931852e+00 -2.000000e+00
    endloop
  endfacet
  facet normal 3.826834e-01 -9.238795e-01 0.000000e+00
    outer loop
      vertex   6.517638e+00 -6.931852e+00 -2.000000e+00
      vertex   6.517638e+00 -6.931852e+00 -1.133333e+01
      vertex   7.000000e+00 -6.732051e+00 -2.000000e+00
    endloop
  endfacet
  facet normal 3.826834e-01 -9.238795e-01 -1.243351e-16
    outer loop
      vertex   7.000000e+00 -6.732051e+00 -2.000000e+00
      vertex   6.517638e+00 -6.931852e+00 -1.133333e+01
      vertex   7.000000e+00 -6.732051e+00 -1.133333e+01
    endloop
  endfacet
  facet normal 6.087614e-01 -7.933533e-01 -1.334280e-16
    outer loop
      vertex   7.000000e+00 -6.732051e+00 -2.000000e+00
      vertex   7.000000e+00 -6.732051e+00 -1.133333e+01
      vertex   7.414214e+00 -6.414214e+00 -2.000000e+00
    endloop
  endfacet
  facet normal 6.087614e-01 -7.933533e-01 0.000000e+00
    outer loop
      vertex   7.414214e+00 -6.414214e+00 -2.000000e+00
      vertex   7.000000e+00 -6.732051e+00 -1.133333e+01
      vertex   7.414214e+00 -6.414214e+00 -1.133333e+01
    endloop
  endfacet
  facet normal 7.933533e-01 -6.087614e-01 0.000000e+00
    outer loop
      vertex   7.414214e+00 -6.414214e+00 -2.000000e+00
      vertex   7.414214e+00 -6.414214e+00 -1.133333e+01
      vertex   7.732051e+00 -6.000000e+00 -2.000000e+00
    endloop
  endfacet
  facet normal 7.933533e-01 -6.087614e-01 0.000000e+00
    outer loop
      vertex   7.732051e+00 -6.000000e+00 -2.000000e+00
      vertex   7.414214e+00 -6.414214e+00 -1.133333e+01
      vertex   7.732051e+00 -6.000000e+00 -1.133333e+01
    endloop
  endfacet
  facet normal 9.238795e-01 -3.826834e-01 0.000000e+00
    outer loop
      vertex   7.732051e+00 -6.000000e+00 -2.000000e+00
      vertex   7.732051e+00 -6.000000e+00 -1.133333e+01
      vertex   7.931852e+00 -5.517638e+00 -2.000000e+00
    endloop
  endfacet
  facet normal 9.238795e-01 -3.826834e-01 0.000000e+00
    outer loop
      vertex   7.931852e+00 -5.517638e+00 -2.000000e+00
      vertex   7.732051e+00 -6.000000e+00 -1.133333e+01
      vertex   7.931852e+00 -5.517638e+00 -1.133333e+01
    endloop
  endfacet
  facet normal 9.914449e-01 -1.305262e-01 0.000000e+00
    outer loop
      vertex   7.931852e+00 -5.517638e+00 -2.000000e+00
      vertex   7.931852e+00 -5.517638e+00 -1.133333e+01
      vertex   8.000000e+00 -5.000000e+00 -2.000000e+00
    endloop
  endfacet
  facet normal 9.914449e-01 -1.305262e-01 0.000000e+00
    outer loop
      vertex   8.000000e+00 -5.000000e+00 -2.000000e+00
      vertex   7.931852e+00 -5.517638e+00 -1.133333e+01
      vertex   7.931852e+00 -5.517638e+00 -2.066667e+01
    endloop
  endfacet
  facet normal 9.914449e-01 -1.305262e-01 0.000000e+00
    outer loop
      vertex   8.000000e+00 -5.000000e+00 -2.000000e+00
      vertex   7.931852e+00 -5.517638e+00 -2.066667e+01
      vertex   8.000000e+00 -5.000000e+00 -3.000000e+01
    endloop
  endfacet
  facet normal 9.914449e-01 -1.305262e-01 -1.893858e-16
    outer loop
      vertex   8.000000e+00 -5.000000e+00 -3.000000e+01
      vertex   7.931852e+00 -5.517638e+00 -2.066667e+01
      vertex   7.931852e+00 -5.517638e+00 -3.000000e+01
    endloop
  endfacet
  facet normal 9.238795e-01 -3.826834e-01 -1.758364e-16
    outer loop
      vertex   7.931852e+00 -5.517638e+00 -3.000000e+01
      vertex   7.931852e+00 -5.517638e+00 -2.066667e+01
      vertex   7.732051e+00 -6.000000e+00 -3.000000e+01
    endloop
  endfacet
  facet normal 9.238795e-01 -3.826834e-01 0.000000e+00
    outer loop
      vertex   7.732051e+00 -6.000000e+00 -3.000000e+01
      vertex   7.931852e+00 -5.517638e+00 -2.066667e+01
      vertex   7.732051e+00 -6.000000e+00 -2.066667e+01
    endloop
  endfacet
  facet normal 7.933533e-01 -6.087614e-01 0.000000e+00
    outer loop
      vertex   7.732051e+00 -6.000000e+00 -3.000000e+01
      vertex   7.732051e+00 -6.000000e+00 -2.066667e+01
      vertex   7.414214e+00 -6.414214e+00 -3.000000e+01
    endloop
  endfacet
  facet normal 7.933533e-01 -6.087614e-01 0.000000e+00
    outer loop
      vertex   7.414214e+00 -6.414214e+00 -3.000000e+01
      vertex   7.732051e+00 -6.000000e+00 -2.066667e+01
      vertex   7.414214e+00 -6.414214e+00 -2.066667e+01
    endloop
  endfacet
  facet normal 6.087614e-01 -7.933533e-01 0.000000e+00
    outer loop
      vertex   7.414214e+00 -6.414214e+00 -3.000000e+01
      vertex   7.414214e+00 -6.414214e+00 -2.066667e+01
      vertex   7.000000e+00 -6.732051e+00 -3.000000e+01
    endloop
  endfacet
  facet normal 6.087614e-01 -7.933533e-01 1.334280e-16
    outer loop
      vertex   7.000000e+00 -6.732051e+00 -3.000000e+01
      vertex   7.414214e+00 -6.414214e+00 -2.066667e+01
      vertex   7.000000e+00 -6.732051e+00 -2.066667e+01
    endloop
  endfacet
  facet normal 3.826834e-01 -9.238795e-01 1.243351e-16
    outer loop
      vertex   7.000000e+00 -6.732051e+00 -3.000000e+01
      vertex   7.000000e+00 -6.732051e+00 -2.066667e+01
      vertex   6.517638e+00 -6.931852e+00 -3.000000e+01
    endloop
  endfacet
  facet normal 3.826834e-01 -9.238795e-01 -3.641691e-17
    outer loop
      vertex   6.517638e+00 -6.931852e+00 -3.000000e+01
      vertex   7.000000e+00 -6.732051e+00 -2.066667e+01
      vertex   6.517638e+00 -6.931852e+00 -2.066667e+01
    endloop
  endfacet
  facet normal 3.826834e-01 -9.238795e-01 0.000000e+00
    outer loop
      vertex   7.000000e+00 -6.732051e+00 -1.133333e+01
      vertex   6.517638e+00 -6.931852e+00 -1.133333e+01
      vertex   6.517638e+00 -6.931852e+00 -2.066667e+01
    endloop
  endfacet
  facet normal 3.826834e-01 -9.238795e-01 0.000000e+00
    outer loop
      vertex   7.000000e+00 -6.732051e+00 -1.133333e+01
      vertex   6.517638e+00 -6.931852e+00 -2.066667e+01
      vertex   7.000000e+00 -6.732051e+00 -2.066667e+01
    endloop
  endfacet
  facet normal 6.087614e-01 -7.933533e-01 0.000000e+00
    outer loop
      vertex   7.414214e+00 -6.414214e+00 -1.133333e+01
      vertex   7.000000e+00 -6.732051e+00 -1.133333e+01
      vertex   7.000000e+00 -6.732051e+00 -2.066667e+01
    endloop
  endfacet
  facet normal 6.087614e-01 -7.933533e-01 0.000000e+00
    outer loop
      vertex   7.414214e+00 -6.414214e+00 -1.133333e+01
      vertex   7.000000e+00 -6.732051e+00 -2.066667e+01
      vertex   7.414214e+00 -6.414214e+00 -2.066667e+01
    endloop
  endfacet
  facet normal 7.933533e-01 -6.087614e-01 0.000000e+00
    outer loop
      vertex   7.732051e+00 -6.000000e+00 -1.133333e+01
      vertex   7.414214e+00 -6.414214e+00 -1.133333e+01
      vertex   7.414214e+00 -6.414214e+00 -2.066667e+01
    endloop
  endfacet
  facet normal 7.933533e-01 -6.087614e-01 0.000000e+00
    outer loop
      vertex   7.732051e+00 -6.000000e+00 -1.133333e+01
      vertex   7.414214e+00 -6.414214e+00 -2.066667e+01
      vertex   7.732051e+00 -6.000000e+00 -2.066667e+01
    endloop
  endfacet
  facet normal 9.238795e-01 -3.826834e-01 0.000000e+00
    outer loop
      vertex   7.931852e+00 -5.517638e+00 -1.133333e+01
      vertex   7.732051e+00 -6.000000e+00 -1.133333e+01
      vertex   7.732051e+00 -6.000000e+00 -2.066667e+01
    endloop
  endfacet
  facet normal 9.238795e-01 -3.826834e-01 0.000000e+00
    outer loop
      vertex   7.931852e+00 -5.517638e+00 -1.133333e+01
      vertex   7.732051e+00 -6.000000e+00 -2.066667e+01
      vertex   7.931852e+00 -5.517638e+00 -2.066667e+01
    endloop
  endfacet
  facet normal 1.000000e+00 0.000000e+00 0.000000e+00
    outer loop
      vertex   8.000000e+00 -5.000000e+00 -3.000000e+01
      vertex   8.000000e+00 5.000000e+00 -3.000000e+01
      vertex   8.000000e+00 -5.000000e+00 -2.000000e+00
    endloop
  endfacet
  facet normal 1.000000e+00 -0.000000e+00 0.000000e+00
    outer loop
      vertex   8.000000e+00 -5.000000e+00 -2.000000e+00
      vertex   8.000000e+00 5.000000e+00 -3.000000e+01
      vertex   8.000000e+00 5.000000e+00 -2.000000e+00
    endloop
  endfacet
  facet normal 0.000000e+00 0.000000e+00 -1.000000e+00
    outer loop
      vertex   6.000000e+00 -5.000000e+00 -3.000000e+01
      vertex   -6.000000e+00 -7.000000e+00 -3.000000e+01
      vertex   -6.000000e+00 -5.000000e+00 -3.000000e+01
    endloop
  endfacet
  facet normal 0.000000e+00 -0.000000e+00 -1.000000e+00
    outer loop
      vertex   -6.000000e+00 -5.000000e+00 -3.000000e+01
      vertex   -6.000000e+00 -7.000000e+00 -3.000000e+01
      vertex   -6.517638e+00 -6.931852e+00 -3.000000e+01
    endloop
  endfacet
  facet normal 0.000000e+00 0.000000e+00 -1.000000e+00
    outer loop
      vertex   -6.000000e+00 -5.000000e+00 -3.000000e+01
      vertex   -6.517638e+00 -6.931852e+00 -3.000000e+01
      vertex   -7.000000e+00 -6.732051e+00 -3.000000e+01
    endloop
  endfacet
  facet normal 0.000000e+00 0.000000e+00 -1.000000e+00
    outer loop
      vertex   6.000000e+00 5.000000e+00 -3.000000e+01
      vertex   8.000000e+00 5.000000e+00 -3.000000e+01
      vertex   6.000000e+00 -5.000000e+00 -3.000000e+01
    endloop
  endfacet
  facet normal 0.000000e+00 0.000000e+00 -1.000000e+00
    outer loop
      vertex   6.000000e+00 -5.000000e+00 -3.000000e+01
      vertex   8.000000e+00 5.000000e+00 -3.000000e+01
      vertex   8.000000e+00 -5.000000e+00 -3.000000e+01
    endloop
  endfacet
  facet normal 0.000000e+00 0.000000e+00 -1.000000e+00
    outer loop
      vertex   6.000000e+00 -5.000000e+00 -3.000000e+01
      vertex   8.000000e+00 -5.000000e+00 -3.000000e+01
      vertex   7.931852e+00 -5.517638e+00 -3.000000e+01
    endloop
  endfacet
  facet normal 0.000000e+00 0.000000e+00 -1.000000e+00
    outer loop
      vertex   -6.000000e+00 5.000000e+00 -3.000000e+01
      vertex   6.000000e+00 7.000000e+00 -3.000000e+01
      vertex   6.000000e+00 5.000000e+00 -3.000000e+01
    endloop
  endfacet
  facet normal 0.000000e+00 0.000000e+00 -1.000000e+00
    outer loop
      vertex   6.000000e+00 5.000000e+00 -3.000000e+01
      vertex   6.000000e+00 7.000000e+00 -3.000000e+01
      vertex   6.517638e+00 6.931852e+00 -3.000000e+01
    endloop
  endfacet
  facet normal 0.000000e+00 0.000000e+00 -1.000000e+00
    outer loop
      vertex   6.000000e+00 5.000000e+00 -3.000000e+01
      vertex   6.517638e+00 6.931852e+00 -3.000000e+01
      vertex   7.000000e+00 6.732051e+00 -3.000000e+01
    endloop
  endfacet
  facet normal 0.000000e+00 0.000000e+00 -1.000000e+00
    outer loop
      vertex   -6.000000e+00 -5.000000e+00 -3.000000e+01
      vertex   -8.000000e+00 -5.000000e+00 -3.000000e+01
      vertex   -6.000000e+00 5.000000e+00 -3.000000e+01
    endloop
  endfacet
  facet normal 0.000000e+00 0.000000e+00 -1.000000e+00
    outer loop
      vertex   -6.000000e+00 5.000000e+00 -3.000000e+01
      vertex   -8.000000e+00 -5.000000e+00 -3.000000e+01
      vertex   -8.000000e+00 5.000000e+00 -3.000000e+01
    endloop
  endfacet
  facet normal -0.000000e+00 0.000000e+00 -1.000000e+00
    outer loop
      vertex   -6.000000e+00 5.000000e+00 -3.000000e+01
      vertex   -8.000000e+00 5.000000e+00 -3.000000e+01
      vertex   -7.931852e+00 5.517638e+00 -3.000000e+01
    endloop
  endfacet
  facet normal -0.000000e+00 0.000000e+00 -1.000000e+00
    outer loop
      vertex   7.931852e+00 -5.517638e+00 -3.000000e+01
      vertex   7.732051e+00 -6.000000e+00 -3.000000e+01
      vertex   6.000000e+00 -5.000000e+00 -3.000000e+01
    endloop
  endfacet
  facet normal 0.000000e+00 0.000000e+00 -1.000000e+00
    outer loop
      vertex   6.000000e+00 -5.000000e+00 -3.000000e+01
      vertex   7.732051e+00 -6.000000e+00 -3.000000e+01
      vertex   7.414214e+00 -6.414214e+00 -3.000000e+01
    endloop
  endfacet
  facet normal 0.000000e+00 0.000000e+00 -1.000000e+00
    outer loop
      vertex   6.000000e+00 -5.000000e+00 -3.000000e+01
      vertex   7.414214e+00 -6.414214e+00 -3.000000e+01
      vertex   7.000000e+00 -6.732051e+00 -3.000000e+01
    endloop
  endfacet
  facet normal -0.000000e+00 0.000000e+00 -1.000000e+00
    outer loop
      vertex   7.000000e+00 -6.732051e+00 -3.000000e+01
      vertex   6.517638e+00 -6.931852e+00 -3.000000e+01
      vertex   6.000000e+00 -5.000000e+00 -3.000000e+01
    endloop
  endfacet
  facet normal 0.000000e+00 0.000000e+00 -1.000000e+00
    outer loop
      vertex   6.000000e+00 -5.000000e+00 -3.000000e+01
      vertex   6.517638e+00 -6.931852e+00 -3.000000e+01
      vertex   6.000000e+00 -7.000000e+00 -3.000000e+01
    endloop
  endfacet
  facet normal 0.000000e+00 -0.000000e+00 -1.000000e+00
    outer loop
      vertex   6.000000e+00 -5.000000e+00 -3.000000e+01
      vertex   6.000000e+00 -7.000000e+00 -3.000000e+01
      vertex   -6.000000e+00 -7.000000e+00 -3.000000e+01
    endloop
  endfacet
  facet normal 0.000000e+00 0.000000e+00 -1.000000e+00
    outer loop
      vertex   -7.000000e+00 -6.732051e+00 -3.000000e+01
      vertex   -7.414214e+00 -6.414214e+00 -3.000000e+01
      vertex   -6.000000e+00 -5.000000e+00 -3.000000e+01
    endloop
  endfacet
  facet normal 0.000000e+00 0.000000e+00 -1.000000e+00
    outer loop
      vertex   -6.000000e+00 -5.000000e+00 -3.000000e+01
      vertex   -7.414214e+00 -6.414214e+00 -3.000000e+01
      vertex   -7.732051e+00 -6.000000e+00 -3.000000e+01
    endloop
  endfacet
  facet normal 0.000000e+00 0.000000e+00 -1.000000e+00
    outer loop
      vertex   -6.000000e+00 -5.000000e+00 -3.000000e+01
      vertex   -7.732051e+00 -6.000000e+00 -3.000000e+01
      vertex   -7.931852e+00 -5.517638e+00 -3.000000e+01
    endloop
  endfacet
  facet normal 0.000000e+00 0.000000e+00 -1.000000e+00
    outer loop
      vertex   -7.931852e+00 -5.517638e+00 -3.000000e+01
      vertex   -8.000000e+00 -5.000000e+00 -3.000000e+01
      vertex   -6.000000e+00 -5.000000e+00 -3.000000e+01
    endloop
  endfacet
  facet normal 0.000000e+00 0.000000e+00 -1.000000e+00
    outer loop
      vertex   -7.931852e+00 5.517638e+00 -3.000000e+01
      vertex   -7.732051e+00 6.000000e+00 -3.000000e+01
      vertex   -6.000000e+00 5.000000e+00 -3.000000e+01
    endloop
  endfacet
  facet normal 0.000000e+00 0.000000e+00 -1.000000e+00
    outer loop
      vertex   -6.000000e+00 5.000000e+00 -3.000000e+01
      vertex   -7.732051e+00 6.000000e+00 -3.000000e+01
      vertex   -7.414214e+00 6.414214e+00 -3.000000e+01
    endloop
  endfacet
  facet normal 0.000000e+00 0.000000e+00 -1.000000e+00
    outer loop
      vertex   -6.000000e+00 5.000000e+00 -3.000000e+01
      vertex   -7.414214e+00 6.414214e+00 -3.000000e+01
      vertex   -7.000000e+00 6.732051e+00 -3.000000e+01
    endloop
  endfacet
  facet normal 0.000000e+00 0.000000e+00 -1.000000e+00
    outer loop
      vertex   -7.000000e+00 6.732051e+00 -3.000000e+01
      vertex   -6.517638e+00 6.931852e+00 -3.000000e+01
      vertex   -6.000000e+00 5.000000e+00 -3.000000e+01
    endloop
  endfacet
  facet normal 0.000000e+00 0.000000e+00 -1.000000e+00
    outer loop
      vertex   -6.000000e+00 5.000000e+00 -3.000000e+01
      vertex   -6.517638e+00 6.931852e+00 -3.000000e+01
      vertex   -6.000000e+00 7.000000e+00 -3.000000e+01
    endloop
  endfacet
  facet normal 0.000000e+00 0.000000e+00 -1.000000e+00
    outer loop
      vertex   -6.000000e+00 5.000000e+00 -3.000000e+01
      vertex   -6.000000e+00 7.000000e+00 -3.000000e+01
      vertex   6.000000e+00 7.000000e+00 -3.000000e+01
    endloop
  endfacet
  facet normal 0.000000e+00 -0.000000e+00 -1.000000e+00
    outer loop
      vertex   7.000000e+00 6.732051e+00 -3.000000e+01
      vertex   7.414214e+00 6.414214e+00 -3.000000e+01
      vertex   6.000000e+00 5.000000e+00 -3.000000e+01
    endloop
  endfacet
  facet normal 0.000000e+00 0.000000e+00 -1.000000e+00
    outer loop
      vertex   6.000000e+00 5.000000e+00 -3.000000e+01
      vertex   7.414214e+00 6.414214e+00 -3.000000e+01
      vertex   7.732051e+00 6.000000e+00 -3.000000e+01
    endloop
  endfacet
  facet normal 0.000000e+00 0.000000e+00 -1.000000e+00
    outer loop
      vertex   6.000000e+00 5.000000e+00 -3.000000e+01
      vertex   7.732051e+00 6.000000e+00 -3.000000e+01
      vertex   7.931852e+00 5.517638e+00 -3.000000e+01
    endloop
  endfacet
  facet normal 0.000000e+00 -0.000000e+00 -1.000000e+00
    outer loop
      vertex   7.931852e+00 5.517638e+00 -3.000000e+01
      vertex   8.000000e+00 5.000000e+00 -3.000000e+01
      vertex   6.000000e+00 5.000000e+00 -3.000000e+01
    endloop
  endfacet
  facet normal 9.914449e-01 1.305262e-01 -1.886957e-16
    outer loop
      vertex   7.931852e+00 5.517638e+00 -3.000000e+01
      vertex   7.931852e+00 5.517638e+00 -2.066667e+01
      vertex   8.000000e+00 5.000000e+00 -3.000000e+01
    endloop
  endfacet
  facet normal 9.914449e-01 1.305262e-01 0.000000e+00
    outer loop
      vertex   8.000000e+00 5.000000e+00 -3.000000e+01
      vertex   7.931852e+00 5.517638e+00 -2.066667e+01
      vertex   7.931852e+00 5.517638e+00 -1.133333e+01
    endloop
  endfacet
  facet normal 9.914449e-01 1.305262e-01 -0.000000e+00
    outer loop
      vertex   8.000000e+00 5.000000e+00 -3.000000e+01
      vertex   7.931852e+00 5.517638e+00 -1.133333e+01
      vertex   8.000000e+00 5.000000e+00 -2.000000e+00
    endloop
  endfacet
  facet normal 9.914449e-01 1.305262e-01 0.000000e+00
    outer loop
      vertex   8.000000e+00 5.000000e+00 -2.000000e+00
      vertex   7.931852e+00 5.517638e+00 -1.133333e+01
      vertex   7.931852e+00 5.517638e+00 -2.000000e+00
    endloop
  endfacet
  facet normal 9.238795e-01 3.826834e-01 0.000000e+00
    outer loop
      vertex   7.931852e+00 5.517638e+00 -2.000000e+00
      vertex   7.931852e+00 5.517638e+00 -1.133333e+01
      vertex   7.732051e+00 6.000000e+00 -2.000000e+00
    endloop
  endfacet
  facet normal 9.238795e-01 3.826834e-01 -8.791820e-17
    outer loop
      vertex   7.732051e+00 6.000000e+00 -2.000000e+00
      vertex   7.931852e+00 5.517638e+00 -1.133333e+01
      vertex   7.732051e+00 6.000000e+00 -1.133333e+01
    endloop
  endfacet
  facet normal 7.933533e-01 6.087614e-01 -7.549707e-17
    outer loop
      vertex   7.732051e+00 6.000000e+00 -2.000000e+00
      vertex   7.732051e+00 6.000000e+00 -1.133333e+01
      vertex   7.414214e+00 6.414214e+00 -2.000000e+00
    endloop
  endfacet
  facet normal 7.933533e-01 6.087614e-01 0.000000e+00
    outer loop
      vertex   7.414214e+00 6.414214e+00 -2.000000e+00
      vertex   7.732051e+00 6.000000e+00 -1.133333e+01
      vertex   7.414214e+00 6.414214e+00 -1.133333e+01
    endloop
  endfacet
  facet normal 6.087614e-01 7.933533e-01 0.000000e+00
    outer loop
      vertex   7.414214e+00 6.414214e+00 -2.000000e+00
      vertex   7.414214e+00 6.414214e+00 -1.133333e+01
      vertex   7.000000e+00 6.732051e+00 -2.000000e+00
    endloop
  endfacet
  facet normal 6.087614e-01 7.933533e-01 0.000000e+00
    outer loop
      vertex   7.000000e+00 6.732051e+00 -2.000000e+00
      vertex   7.414214e+00 6.414214e+00 -1.133333e+01
      vertex   7.000000e+00 6.732051e+00 -1.133333e+01
    endloop
  endfacet
  facet normal 3.826834e-01 9.238795e-01 0.000000e+00
    outer loop
      vertex   7.000000e+00 6.732051e+00 -2.000000e+00
      vertex   7.000000e+00 6.732051e+00 -1.133333e+01
      vertex   6.517638e+00 6.931852e+00 -2.000000e+00
    endloop
  endfacet
  facet normal 3.826834e-01 9.238795e-01 -8.791820e-17
    outer loop
      vertex   6.517638e+00 6.931852e+00 -2.000000e+00
      vertex   7.000000e+00 6.732051e+00 -1.133333e+01
      vertex   6.517638e+00 6.931852e+00 -1.133333e+01
    endloop
  endfacet
  facet normal 1.305262e-01 9.914449e-01 -9.434785e-17
    outer loop
      vertex   6.517638e+00 6.931852e+00 -2.000000e+00
      vertex   6.517638e+00 6.931852e+00 -1.133333e+01
      vertex   6.000000e+00 7.000000e+00 -2.000000e+00
    endloop
  endfacet
  facet normal 1.305262e-01 9.914449e-01 0.000000e+00
    outer loop
      vertex   6.000000e+00 7.000000e+00 -2.000000e+00
      vertex   6.517638e+00 6.931852e+00 -1.133333e+01
      vertex   6.517638e+00 6.931852e+00 -2.066667e+01
    endloop
  endfacet
  facet normal 1.305262e-01 9.914449e-01 0.000000e+00
    outer loop
      vertex   6.000000e+00 7.000000e+00 -2.000000e+00
      vertex   6.517638e+00 6.931852e+00 -2.066667e+01
      vertex   6.000000e+00 7.000000e+00 -3.000000e+01
    endloop
  endfacet
  facet normal 1.305262e-01 9.914449e-01 9.398093e-17
    outer loop
      vertex   6.000000e+00 7.000000e+00 -3.000000e+01
      vertex   6.517638e+00 6.931852e+00 -2.066667e+01
      vertex   6.517638e+00 6.931852e+00 -3.000000e+01
    endloop
  endfacet
  facet normal 3.826834e-01 9.238795e-01 8.791820e-17
    outer loop
      vertex   6.517638e+00 6.931852e+00 -3.000000e+01
      vertex   6.517638e+00 6.931852e+00 -2.066667e+01
      vertex   7.000000e+00 6.732051e+00 -3.000000e+01
    endloop
  endfacet
  facet normal 3.826834e-01 9.238795e-01 -0.000000e+00
    outer loop
      vertex   7.000000e+00 6.732051e+00 -3.000000e+01
      vertex   6.517638e+00 6.931852e+00 -2.066667e+01
      vertex   7.000000e+00 6.732051e+00 -2.066667e+01
    endloop
  endfacet
  facet normal 6.087614e-01 7.933533e-01 -0.000000e+00
    outer loop
      vertex   7.000000e+00 6.732051e+00 -3.000000e+01
      vertex   7.000000e+00 6.732051e+00 -2.066667e+01
      vertex   7.414214e+00 6.414214e+00 -3.000000e+01
    endloop
  endfacet
  facet normal 6.087614e-01 7.933533e-01 -0.000000e+00
    outer loop
      vertex   7.414214e+00 6.414214e+00 -3.000000e+01
      vertex   7.000000e+00 6.732051e+00 -2.066667e+01
      vertex   7.414214e+00 6.414214e+00 -2.066667e+01
    endloop
  endfacet
  facet normal 7.933533e-01 6.087614e-01 -0.000000e+00
    outer loop
      vertex   7.414214e+00 6.414214e+00 -3.000000e+01
      vertex   7.414214e+00 6.414214e+00 -2.066667e+01
      vertex   7.732051e+00 6.000000e+00 -3.000000e+01
    endloop
  endfacet
  facet normal 7.933533e-01 6.087614e-01 7.549707e-17
    outer loop
      vertex   7.732051e+00 6.000000e+00 -3.000000e+01
      vertex   7.414214e+00 6.414214e+00 -2.066667e+01
      vertex   7.732051e+00 6.000000e+00 -2.066667e+01
    endloop
  endfacet
  facet normal 9.238795e-01 3.826834e-01 8.791820e-17
    outer loop
      vertex   7.732051e+00 6.000000e+00 -3.000000e+01
      vertex   7.732051e+00 6.000000e+00 -2.066667e+01
      vertex   7.931852e+00 5.517638e+00 -3.000000e+01
    endloop
  endfacet
  facet normal 9.238795e-01 3.826834e-01 -1.758364e-16
    outer loop
      vertex   7.931852e+00 5.517638e+00 -3.000000e+01
      vertex   7.732051e+00 6.000000e+00 -2.066667e+01
      vertex   7.931852e+00 5.517638e+00 -2.066667e+01
    endloop
  endfacet
  facet normal 9.238795e-01 3.826834e-01 0.000000e+00
    outer loop
      vertex   7.732051e+00 6.000000e+00 -1.133333e+01
      vertex   7.931852e+00 5.517638e+00 -1.133333e+01
      vertex   7.931852e+00 5.517638e+00 -2.066667e+01
    endloop
  endfacet
  facet normal 9.238795e-01 3.826834e-01 0.000000e+00
    outer loop
      vertex   7.732051e+00 6.000000e+00 -1.133333e+01
      vertex   7.931852e+00 5.517638e+00 -2.066667e+01
      vertex   7.732051e+00 6.000000e+00 -2.066667e+01
    endloop
  endfacet
  facet normal 7.933533e-01 6.087614e-01 0.000000e+00
    outer loop
      vertex   7.414214e+00 6.414214e+00 -1.133333e+01
      vertex   7.732051e+00 6.000000e+00 -1.133333e+01
      vertex   7.732051e+00 6.000000e+00 -2.066667e+01
    endloop
  endfacet
  facet normal 7.933533e-01 6.087614e-01 0.000000e+00
    outer loop
      vertex   7.414214e+00 6.414214e+00 -1.133333e+01
      vertex   7.732051e+00 6.000000e+00 -2.066667e+01
      vertex   7.414214e+00 6.414214e+00 -2.066667e+01
    endloop
  endfacet
  facet normal 6.087614e-01 7.933533e-01 0.000000e+00
    outer loop
      vertex   7.000000e+00 6.732051e+00 -1.133333e+01
      vertex   7.414214e+00 6.414214e+00 -1.133333e+01
      vertex   7.414214e+00 6.414214e+00 -2.066667e+01
    endloop
  endfacet
  facet normal 6.087614e-01 7.933533e-01 0.000000e+00
    outer loop
      vertex   7.000000e+00 6.732051e+00 -1.133333e+01
      vertex   7.414214e+00 6.414214e+00 -2.066667e+01
      vertex   7.000000e+00 6.732051e+00 -2.066667e+01
    endloop
  endfacet
  facet normal 3.826834e-01 9.238795e-01 0.000000e+00
    outer loop
      vertex   6.517638e+00 6.931852e+00 -1.133333e+01
      vertex   7.000000e+00 6.732051e+00 -1.133333e+01
      vertex   7.000000e+00 6.732051e+00 -2.066667e+01
    endloop
  endfacet
  facet normal 3.826834e-01 9.238795e-01 0.000000e+00
    outer loop
      vertex   6.517638e+00 6.931852e+00 -1.133333e+01
      vertex   7.000000e+00 6.732051e+00 -2.066667e+01
      vertex   6.517638e+00 6.931852e+00 -2.066667e+01
    endloop
  endfacet
  facet normal 7.401487e-16 1.000000e+00 -0.000000e+00
    outer loop
      vertex   6.000000e+00 7.000000e+00 -3.000000e+01
      vertex   -6.000000e+00 7.000000e+00 -3.000000e+01
      vertex   6.000000e+00 7.000000e+00 -2.000000e+00
    endloop
  endfacet
  facet normal 7.401487e-16 1.000000e+00 0.000000e+00
    outer loop
      vertex   6.000000e+00 7.000000e+00 -2.000000e+00
      vertex   -6.000000e+00 7.000000e+00 -3.000000e+01
      vertex   -6.000000e+00 7.000000e+00 -2.000000e+00
    endloop
  endfacet
  facet normal -9.914449e-01 -1.305262e-01 0.000000e+00
    outer loop
      vertex   -7.931852e+00 -5.517638e+00 -3.000000e+01
      vertex   -7.931852e+00 -5.517638e+00 -2.066667e+01
      vertex   -8.000000e+00 -5.000000e+00 -3.000000e+01
    endloop
  endfacet
  facet normal -9.914449e-01 -1.305262e-01 0.000000e+00
    outer loop
      vertex   -8.000000e+00 -5.000000e+00 -3.000000e+01
      vertex   -7.931852e+00 -5.517638e+00 -2.066667e+01
      vertex   -7.931852e+00 -5.517638e+00 -1.133333e+01
    endloop
  endfacet
  facet normal -9.914449e-01 -1.305262e-01 0.000000e+00
    outer loop
      vertex   -8.000000e+00 -5.000000e+00 -3.000000e+01
      vertex   -7.931852e+00 -5.517638e+00 -1.133333e+01
      vertex   -8.000000e+00 -5.000000e+00 -2.000000e+00
    endloop
  endfacet
  facet normal -9.914449e-01 -1.305262e-01 0.000000e+00
    outer loop
      vertex   -8.000000e+00 -5.000000e+00 -2.000000e+00
      vertex   -7.931852e+00 -5.517638e+00 -1.133333e+01
      vertex   -7.931852e+00 -5.517638e+00 -2.000000e+00
    endloop
  endfacet
  facet normal -9.238795e-01 -3.826834e-01 -0.000000e+00
    outer loop
      vertex   -7.931852e+00 -5.517638e+00 -2.000000e+00
      vertex   -7.931852e+00 -5.517638e+00 -1.133333e+01
      vertex   -7.732051e+00 -6.000000e+00 -2.000000e+00
    endloop
  endfacet
  facet normal -9.238795e-01 -3.826834e-01 -0.000000e+00
    outer loop
      vertex   -7.732051e+00 -6.000000e+00 -2.000000e+00
      vertex   -7.931852e+00 -5.517638e+00 -1.133333e+01
      vertex   -7.732051e+00 -6.000000e+00 -1.133333e+01
    endloop
  endfacet
  facet normal -7.933533e-01 -6.087614e-01 -0.000000e+00
    outer loop
      vertex   -7.732051e+00 -6.000000e+00 -2.000000e+00
      vertex   -7.732051e+00 -6.000000e+00 -1.133333e+01
      vertex   -7.414214e+00 -6.414214e+00 -2.000000e+00
    endloop
  endfacet
  facet normal -7.933533e-01 -6.087614e-01 -5.793094e-17
    outer loop
      vertex   -7.414214e+00 -6.414214e+00 -2.000000e+00
      vertex   -7.732051e+00 -6.000000e+00 -1.133333e+01
      vertex   -7.414214e+00 -6.414214e+00 -1.133333e+01
    endloop
  endfacet
  facet normal -6.087614e-01 -7.933533e-01 -7.549707e-17
    outer loop
      vertex   -7.414214e+00 -6.414214e+00 -2.000000e+00
      vertex   -7.414214e+00 -6.414214e+00 -1.133333e+01
      vertex   -7.000000e+00 -6.732051e+00 -2.000000e+00
    endloop
  endfacet
  facet normal -6.087614e-01 -7.933533e-01 1.913589e-16
    outer loop
      vertex   -7.000000e+00 -6.732051e+00 -2.000000e+00
      vertex   -7.414214e+00 -6.414214e+00 -1.133333e+01
      vertex   -7.000000e+00 -6.732051e+00 -1.133333e+01
    endloop
  endfacet
  facet normal -3.826834e-01 -9.238795e-01 1.607520e-16
    outer loop
      vertex   -7.000000e+00 -6.732051e+00 -2.000000e+00
      vertex   -7.000000e+00 -6.732051e+00 -1.133333e+01
      vertex   -6.517638e+00 -6.931852e+00 -2.000000e+00
    endloop
  endfacet
  facet normal -3.826834e-01 -9.238795e-01 -8.791820e-17
    outer loop
      vertex   -6.517638e+00 -6.931852e+00 -2.000000e+00
      vertex   -7.000000e+00 -6.732051e+00 -1.133333e+01
      vertex   -6.517638e+00 -6.931852e+00 -1.133333e+01
    endloop
  endfacet
  facet normal -1.305262e-01 -9.914449e-01 -9.434785e-17
    outer loop
      vertex   -6.517638e+00 -6.931852e+00 -2.000000e+00
      vertex   -6.517638e+00 -6.931852e+00 -1.133333e+01
      vertex   -6.000000e+00 -7.000000e+00 -2.000000e+00
    endloop
  endfacet
  facet normal -1.305262e-01 -9.914449e-01 0.000000e+00
    outer loop
      vertex   -6.000000e+00 -7.000000e+00 -2.000000e+00
      vertex   -6.517638e+00 -6.931852e+00 -1.133333e+01
      vertex   -6.517638e+00 -6.931852e+00 -2.066667e+01
    endloop
  endfacet
  facet normal -1.305262e-01 -9.914449e-01 -0.000000e+00
    outer loop
      vertex   -6.000000e+00 -7.000000e+00 -2.000000e+00
      vertex   -6.517638e+00 -6.931852e+00 -2.066667e+01
      vertex   -6.000000e+00 -7.000000e+00 -3.000000e+01
    endloop
  endfacet
  facet normal -1.305262e-01 -9.914449e-01 9.398093e-17
    outer loop
      vertex   -6.000000e+00 -7.000000e+00 -3.000000e+01
      vertex   -6.517638e+00 -6.931852e+00 -2.066667e+01
      vertex   -6.517638e+00 -6.931852e+00 -3.000000e+01
    endloop
  endfacet
  facet normal -3.826834e-01 -9.238795e-01 8.791820e-17
    outer loop
      vertex   -6.517638e+00 -6.931852e+00 -3.000000e+01
      vertex   -6.517638e+00 -6.931852e+00 -2.066667e+01
      vertex   -7.000000e+00 -6.732051e+00 -3.000000e+01
    endloop
  endfacet
  facet normal -3.826834e-01 -9.238795e-01 0.000000e+00
    outer loop
      vertex   -7.000000e+00 -6.732051e+00 -3.000000e+01
      vertex   -6.517638e+00 -6.931852e+00 -2.066667e+01
      vertex   -7.000000e+00 -6.732051e+00 -2.066667e+01
    endloop
  endfacet
  facet normal -6.087614e-01 -7.933533e-01 0.000000e+00
    outer loop
      vertex   -7.000000e+00 -6.732051e+00 -3.000000e+01
      vertex   -7.000000e+00 -6.732051e+00 -2.066667e+01
      vertex   -7.414214e+00 -6.414214e+00 -3.000000e+01
    endloop
  endfacet
  facet normal -6.087614e-01 -7.933533e-01 0.000000e+00
    outer loop
      vertex   -7.414214e+00 -6.414214e+00 -3.000000e+01
      vertex   -7.000000e+00 -6.732051e+00 -2.066667e+01
      vertex   -7.414214e+00 -6.414214e+00 -2.066667e+01
    endloop
  endfacet
  facet normal -7.933533e-01 -6.087614e-01 0.000000e+00
    outer loop
      vertex   -7.414214e+00 -6.414214e+00 -3.000000e+01
      vertex   -7.414214e+00 -6.414214e+00 -2.066667e+01
      vertex   -7.732051e+00 -6.000000e+00 -3.000000e+01
    endloop
  endfacet
  facet normal -7.933533e-01 -6.087614e-01 0.000000e+00
    outer loop
      vertex   -7.732051e+00 -6.000000e+00 -3.000000e+01
      vertex   -7.414214e+00 -6.414214e+00 -2.066667e+01
      vertex   -7.732051e+00 -6.000000e+00 -2.066667e+01
    endloop
  endfacet
  facet normal -9.238795e-01 -3.826834e-01 0.000000e+00
    outer loop
      vertex   -7.732051e+00 -6.000000e+00 -3.000000e+01
      vertex   -7.732051e+00 -6.000000e+00 -2.066667e+01
      vertex   -7.931852e+00 -5.517638e+00 -3.000000e+01
    endloop
  endfacet
  facet normal -9.238795e-01 -3.826834e-01 0.000000e+00
    outer loop
      vertex   -7.931852e+00 -5.517638e+00 -3.000000e+01
      vertex   -7.732051e+00 -6.000000e+00 -2.066667e+01
      vertex   -7.931852e+00 -5.517638e+00 -2.066667e+01
    endloop
  endfacet
  facet normal -9.238795e-01 -3.826834e-01 0.000000e+00
    outer loop
      vertex   -7.732051e+00 -6.000000e+00 -1.133333e+01
      vertex   -7.931852e+00 -5.517638e+00 -1.133333e+01
      vertex   -7.931852e+00 -5.517638e+00 -2.066667e+01
    endloop
  endfacet
  facet normal -9.238795e-01 -3.826834e-01 -0.000000e+00
    outer loop
      vertex   -7.732051e+00 -6.000000e+00 -1.133333e+01
      vertex   -7.931852e+00 -5.517638e+00 -2.066667e+01
      vertex   -7.732051e+00 -6.000000e+00 -2.066667e+01
    endloop
  endfacet
  facet normal -7.933533e-01 -6.087614e-01 0.000000e+00
    outer loop
      vertex   -7.414214e+00 -6.414214e+00 -1.133333e+01
      vertex   -7.732051e+00 -6.000000e+00 -1.133333e+01
      vertex   -7.732051e+00 -6.000000e+00 -2.066667e+01
    endloop
  endfacet
  facet normal -7.933533e-01 -6.087614e-01 1.509941e-16
    outer loop
      vertex   -7.414214e+00 -6.414214e+00 -1.133333e+01
      vertex   -7.732051e+00 -6.000000e+00 -2.066667e+01
      vertex   -7.414214e+00 -6.414214e+00 -2.066667e+01
    endloop
  endfacet
  facet normal -6.087614e-01 -7.933533e-01 1.139163e-16
    outer loop
      vertex   -7.000000e+00 -6.732051e+00 -1.133333e+01
      vertex   -7.414214e+00 -6.414214e+00 -1.133333e+01
      vertex   -7.414214e+00 -6.414214e+00 -2.066667e+01
    endloop
  endfacet
  facet normal -6.087614e-01 -7.933533e-01 -7.549707e-17
    outer loop
      vertex   -7.000000e+00 -6.732051e+00 -1.133333e+01
      vertex   -7.414214e+00 -6.414214e+00 -2.066667e+01
      vertex   -7.000000e+00 -6.732051e+00 -2.066667e+01
    endloop
  endfacet
  facet normal -3.826834e-01 -9.238795e-01 -8.543721e-17
    outer loop
      vertex   -6.517638e+00 -6.931852e+00 -1.133333e+01
      vertex   -7.000000e+00 -6.732051e+00 -1.133333e+01
      vertex   -7.000000e+00 -6.732051e+00 -2.066667e+01
    endloop
  endfacet
  facet normal -3.826834e-01 -9.238795e-01 -0.000000e+00
    outer loop
      vertex   -6.517638e+00 -6.931852e+00 -1.133333e+01
      vertex   -7.000000e+00 -6.732051e+00 -2.066667e+01
      vertex   -6.517638e+00 -6.931852e+00 -2.066667e+01
    endloop
  endfacet
  facet normal -1.000000e+00 0.000000e+00 0.000000e+00
    outer loop
      vertex   -8.000000e+00 -5.000000e+00 -2.000000e+00
      vertex   -8.000000e+00 5.000000e+00 -2.000000e+00
      vertex   -8.000000e+00 -5.000000e+00 -3.000000e+01
    endloop
  endfacet
  facet normal -1.000000e+00 0.000000e+00 0.000000e+00
    outer loop
      vertex   -8.000000e+00 -5.000000e+00 -3.000000e+01
      vertex   -8.000000e+00 5.000000e+00 -2.000000e+00
      vertex   -8.000000e+00 5.000000e+00 -3.000000e+01
    endloop
  endfacet
  facet normal -1.305262e-01 9.914449e-01 -1.242113e-17
    outer loop
      vertex   -6.517638e+00 6.931852e+00 -3.000000e+01
      vertex   -6.517638e+00 6.931852e+00 -2.066667e+01
      vertex   -6.000000e+00 7.000000e+00 -3.000000e+01
    endloop
  endfacet
  facet normal -1.305262e-01 9.914449e-01 0.000000e+00
    outer loop
      vertex   -6.000000e+00 7.000000e+00 -3.000000e+01
      vertex   -6.517638e+00 6.931852e+00 -2.066667e+01
      vertex   -6.517638e+00 6.931852e+00 -1.133333e+01
    endloop
  endfacet
  facet normal -1.305262e-01 9.914449e-01 0.000000e+00
    outer loop
      vertex   -6.000000e+00 7.000000e+00 -3.000000e+01
      vertex   -6.517638e+00 6.931852e+00 -1.133333e+01
      vertex   -6.000000e+00 7.000000e+00 -2.000000e+00
    endloop
  endfacet
  facet normal -1.305262e-01 9.914449e-01 -1.281558e-17
    outer loop
      vertex   -6.000000e+00 7.000000e+00 -2.000000e+00
      vertex   -6.517638e+00 6.931852e+00 -1.133333e+01
      vertex   -6.517638e+00 6.931852e+00 -2.000000e+00
    endloop
  endfacet
  facet normal -3.826834e-01 9.238795e-01 -3.641691e-17
    outer loop
      vertex   -6.517638e+00 6.931852e+00 -2.000000e+00
      vertex   -6.517638e+00 6.931852e+00 -1.133333e+01
      vertex   -7.000000e+00 6.732051e+00 -2.000000e+00
    endloop
  endfacet
  facet normal -3.826834e-01 9.238795e-01 0.000000e+00
    outer loop
      vertex   -7.000000e+00 6.732051e+00 -2.000000e+00
      vertex   -6.517638e+00 6.931852e+00 -1.133333e+01
      vertex   -7.000000e+00 6.732051e+00 -1.133333e+01
    endloop
  endfacet
  facet normal -6.087614e-01 7.933533e-01 0.000000e+00
    outer loop
      vertex   -7.000000e+00 6.732051e+00 -2.000000e+00
      vertex   -7.000000e+00 6.732051e+00 -1.133333e+01
      vertex   -7.414214e+00 6.414214e+00 -2.000000e+00
    endloop
  endfacet
  facet normal -6.087614e-01 7.933533e-01 -1.158619e-16
    outer loop
      vertex   -7.414214e+00 6.414214e+00 -2.000000e+00
      vertex   -7.000000e+00 6.732051e+00 -1.133333e+01
      vertex   -7.414214e+00 6.414214e+00 -1.133333e+01
    endloop
  endfacet
  facet normal -7.933533e-01 6.087614e-01 -1.509941e-16
    outer loop
      vertex   -7.414214e+00 6.414214e+00 -2.000000e+00
      vertex   -7.414214e+00 6.414214e+00 -1.133333e+01
      vertex   -7.732051e+00 6.000000e+00 -2.000000e+00
    endloop
  endfacet
  facet normal -7.933533e-01 6.087614e-01 0.000000e+00
    outer loop
      vertex   -7.732051e+00 6.000000e+00 -2.000000e+00
      vertex   -7.414214e+00 6.414214e+00 -1.133333e+01
      vertex   -7.732051e+00 6.000000e+00 -1.133333e+01
    endloop
  endfacet
  facet normal -9.238795e-01 3.826834e-01 0.000000e+00
    outer loop
      vertex   -7.732051e+00 6.000000e+00 -2.000000e+00
      vertex   -7.732051e+00 6.000000e+00 -1.133333e+01
      vertex   -7.931852e+00 5.517638e+00 -2.000000e+00
    endloop
  endfacet
  facet normal -9.238795e-01 3.826834e-01 -1.758364e-16
    outer loop
      vertex   -7.931852e+00 5.517638e+00 -2.000000e+00
      vertex   -7.732051e+00 6.000000e+00 -1.133333e+01
      vertex   -7.931852e+00 5.517638e+00 -1.133333e+01
    endloop
  endfacet
  facet normal -9.914449e-01 1.305262e-01 -1.886957e-16
    outer loop
      vertex   -7.931852e+00 5.517638e+00 -2.000000e+00
      vertex   -7.931852e+00 5.517638e+00 -1.133333e+01
      vertex   -8.000000e+00 5.000000e+00 -2.000000e+00
    endloop
  endfacet
  facet normal -9.914449e-01 1.305262e-01 1.139163e-17
    outer loop
      vertex   -8.000000e+00 5.000000e+00 -2.000000e+00
      vertex   -7.931852e+00 5.517638e+00 -1.133333e+01
      vertex   -7.931852e+00 5.517638e+00 -2.066667e+01
    endloop
  endfacet
  facet normal -9.914449e-01 1.305262e-01 0.000000e+00
    outer loop
      vertex   -8.000000e+00 5.000000e+00 -2.000000e+00
      vertex   -7.931852e+00 5.517638e+00 -2.066667e+01
      vertex   -8.000000e+00 5.000000e+00 -3.000000e+01
    endloop
  endfacet
  facet normal -9.914449e-01 1.305262e-01 0.000000e+00
    outer loop
      vertex   -8.000000e+00 5.000000e+00 -3.000000e+01
      vertex   -7.931852e+00 5.517638e+00 -2.066667e+01
      vertex   -7.931852e+00 5.517638e+00 -3.000000e+01
    endloop
  endfacet
  facet normal -9.238795e-01 3.826834e-01 0.000000e+00
    outer loop
      vertex   -7.931852e+00 5.517638e+00 -3.000000e+01
      vertex   -7.931852e+00 5.517638e+00 -2.066667e+01
      vertex   -7.732051e+00 6.000000e+00 -3.000000e+01
    endloop
  endfacet
  facet normal -9.238795e-01 3.826834e-01 0.000000e+00
    outer loop
      vertex   -7.732051e+00 6.000000e+00 -3.000000e+01
      vertex   -7.931852e+00 5.517638e+00 -2.066667e+01
      vertex   -7.732051e+00 6.000000e+00 -2.066667e+01
    endloop
  endfacet
  facet normal -7.933533e-01 6.087614e-01 0.000000e+00
    outer loop
      vertex   -7.732051e+00 6.000000e+00 -3.000000e+01
      vertex   -7.732051e+00 6.000000e+00 -2.066667e+01
      vertex   -7.414214e+00 6.414214e+00 -3.000000e+01
    endloop
  endfacet
  facet normal -7.933533e-01 6.087614e-01 5.793094e-17
    outer loop
      vertex   -7.414214e+00 6.414214e+00 -3.000000e+01
      vertex   -7.732051e+00 6.000000e+00 -2.066667e+01
      vertex   -7.414214e+00 6.414214e+00 -2.066667e+01
    endloop
  endfacet
  facet normal -6.087614e-01 7.933533e-01 7.549707e-17
    outer loop
      vertex   -7.414214e+00 6.414214e+00 -3.000000e+01
      vertex   -7.414214e+00 6.414214e+00 -2.066667e+01
      vertex   -7.000000e+00 6.732051e+00 -3.000000e+01
    endloop
  endfacet
  facet normal -6.087614e-01 7.933533e-01 0.000000e+00
    outer loop
      vertex   -7.000000e+00 6.732051e+00 -3.000000e+01
      vertex   -7.414214e+00 6.414214e+00 -2.066667e+01
      vertex   -7.000000e+00 6.732051e+00 -2.066667e+01
    endloop
  endfacet
  facet normal -3.826834e-01 9.238795e-01 0.000000e+00
    outer loop
      vertex   -7.000000e+00 6.732051e+00 -3.000000e+01
      vertex   -7.000000e+00 6.732051e+00 -2.066667e+01
      vertex   -6.517638e+00 6.931852e+00 -3.000000e+01
    endloop
  endfacet
  facet normal -3.826834e-01 9.238795e-01 -3.641691e-17
    outer loop
      vertex   -6.517638e+00 6.931852e+00 -3.000000e+01
      vertex   -7.000000e+00 6.732051e+00 -2.066667e+01
      vertex   -6.517638e+00 6.931852e+00 -2.066667e+01
    endloop
  endfacet
  facet normal -3.826834e-01 9.238795e-01 0.000000e+00
    outer loop
      vertex   -7.000000e+00 6.732051e+00 -1.133333e+01
      vertex   -6.517638e+00 6.931852e+00 -1.133333e+01
      vertex   -6.517638e+00 6.931852e+00 -2.066667e+01
    endloop
  endfacet
  facet normal -3.826834e-01 9.238795e-01 -7.283382e-17
    outer loop
      vertex   -7.000000e+00 6.732051e+00 -1.133333e+01
      vertex   -6.517638e+00 6.931852e+00 -2.066667e+01
      vertex   -7.000000e+00 6.732051e+00 -2.066667e+01
    endloop
  endfacet
  facet normal -6.087614e-01 7.933533e-01 -1.139163e-16
    outer loop
      vertex   -7.414214e+00 6.414214e+00 -1.133333e+01
      vertex   -7.000000e+00 6.732051e+00 -1.133333e+01
      vertex   -7.000000e+00 6.732051e+00 -2.066667e+01
    endloop
  endfacet
  facet normal -6.087614e-01 7.933533e-01 0.000000e+00
    outer loop
      vertex   -7.414214e+00 6.414214e+00 -1.133333e+01
      vertex   -7.000000e+00 6.732051e+00 -2.066667e+01
      vertex   -7.414214e+00 6.414214e+00 -2.066667e+01
    endloop
  endfacet
  facet normal -7.933533e-01 6.087614e-01 0.000000e+00
    outer loop
      vertex   -7.732051e+00 6.000000e+00 -1.133333e+01
      vertex   -7.414214e+00 6.414214e+00 -1.133333e+01
      vertex   -7.414214e+00 6.414214e+00 -2.066667e+01
    endloop
  endfacet
  facet normal -7.933533e-01 6.087614e-01 0.000000e+00
    outer loop
      vertex   -7.732051e+00 6.000000e+00 -1.133333e+01
      vertex   -7.414214e+00 6.414214e+00 -2.066667e+01
      vertex   -7.732051e+00 6.000000e+00 -2.066667e+01
    endloop
  endfacet
  facet normal -9.238795e-01 3.826834e-01 0.000000e+00
    outer loop
      vertex   -7.931852e+00 5.517638e+00 -1.133333e+01
      vertex   -7.732051e+00 6.000000e+00 -1.133333e+01
      vertex   -7.732051e+00 6.000000e+00 -2.066667e+01
    endloop
  endfacet
  facet normal -9.238795e-01 3.826834e-01 3.641691e-17
    outer loop
      vertex   -7.931852e+00 5.517638e+00 -1.133333e+01
      vertex   -7.732051e+00 6.000000e+00 -2.066667e+01
      vertex   -7.931852e+00 5.517638e+00 -2.066667e+01
    endloop
  endfacet
  facet normal 9.914449e-01 -1.305262e-01 5.870533e-16
    outer loop
      vertex   -2.899261e+01 -1.224118e+01 -8.000000e+00
      vertex   -2.899261e+01 -1.224118e+01 -2.000000e+00
      vertex   -2.902668e+01 -1.250000e+01 -8.000000e+00
    endloop
  endfacet
  facet normal 9.914449e-01 -1.305262e-01 0.000000e+00
    outer loop
      vertex   -2.902668e+01 -1.250000e+01 -8.000000e+00
      vertex   -2.899261e+01 -1.224118e+01 -2.000000e+00
      vertex   -2.902668e+01 -1.250000e+01 -2.000000e+00
    endloop
  endfacet
  facet normal 9.914449e-01 1.305262e-01 -0.000000e+00
    outer loop
      vertex   -2.902668e+01 -1.250000e+01 -8.000000e+00
      vertex   -2.902668e+01 -1.250000e+01 -2.000000e+00
      vertex   -2.899261e+01 -1.275882e+01 -8.000000e+00
    endloop
  endfacet
  facet normal 9.914449e-01 1.305262e-01 -5.870533e-16
    outer loop
      vertex   -2.899261e+01 -1.275882e+01 -8.000000e+00
      vertex   -2.902668e+01 -1.250000e+01 -2.000000e+00
      vertex   -2.899261e+01 -1.275882e+01 -2.000000e+00
    endloop
  endfacet
  facet normal 9.238795e-01 3.826834e-01 -5.470466e-16
    outer loop
      vertex   -2.899261e+01 -1.275882e+01 -8.000000e+00
      vertex   -2.899261e+01 -1.275882e+01 -2.000000e+00
      vertex   -2.889271e+01 -1.300000e+01 -8.000000e+00
    endloop
  endfacet
  facet normal 9.238795e-01 3.826834e-01 -0.000000e+00
    outer loop
      vertex   -2.889271e+01 -1.300000e+01 -8.000000e+00
      vertex   -2.899261e+01 -1.275882e+01 -2.000000e+00
      vertex   -2.889271e+01 -1.300000e+01 -2.000000e+00
    endloop
  endfacet
  facet normal 7.933533e-01 6.087614e-01 -0.000000e+00
    outer loop
      vertex   -2.889271e+01 -1.300000e+01 -8.000000e+00
      vertex   -2.889271e+01 -1.300000e+01 -2.000000e+00
      vertex   -2.873379e+01 -1.320711e+01 -8.000000e+00
    endloop
  endfacet
  facet normal 7.933533e-01 6.087614e-01 -0.000000e+00
    outer loop
      vertex   -2.873379e+01 -1.320711e+01 -8.000000e+00
      vertex   -2.889271e+01 -1.300000e+01 -2.000000e+00
      vertex   -2.873379e+01 -1.320711e+01 -2.000000e+00
    endloop
  endfacet
  facet normal 6.087614e-01 7.933533e-01 -0.000000e+00
    outer loop
      vertex   -2.873379e+01 -1.320711e+01 -8.000000e+00
      vertex   -2.873379e+01 -1.320711e+01 -2.000000e+00
      vertex   -2.852668e+01 -1.336603e+01 -8.000000e+00
    endloop
  endfacet
  facet normal 6.087614e-01 7.933533e-01 -4.860386e-16
    outer loop
      vertex   -2.852668e+01 -1.336603e+01 -8.000000e+00
      vertex   -2.873379e+01 -1.320711e+01 -2.000000e+00
      vertex   -2.852668e+01 -1.336603e+01 -2.000000e+00
    endloop
  endfacet
  facet normal 3.826834e-01 9.238795e-01 -1.796649e-16
    outer loop
      vertex   -2.852668e+01 -1.336603e+01 -8.000000e+00
      vertex   -2.852668e+01 -1.336603e+01 -2.000000e+00
      vertex   -2.828550e+01 -1.346593e+01 -8.000000e+00
    endloop
  endfacet
  facet normal 3.826834e-01 9.238795e-01 -0.000000e+00
    outer loop
      vertex   -2.828550e+01 -1.346593e+01 -8.000000e+00
      vertex   -2.852668e+01 -1.336603e+01 -2.000000e+00
      vertex   -2.828550e+01 -1.346593e+01 -2.000000e+00
    endloop
  endfacet
  facet normal 1.305262e-01 9.914449e-01 -0.000000e+00
    outer loop
      vertex   -2.828550e+01 -1.346593e+01 -8.000000e+00
      vertex   -2.828550e+01 -1.346593e+01 -2.000000e+00
      vertex   -2.802668e+01 -1.350000e+01 -8.000000e+00
    endloop
  endfacet
  facet normal 1.305262e-01 9.914449e-01 -0.000000e+00
    outer loop
      vertex   -2.802668e+01 -1.350000e+01 -8.000000e+00
      vertex   -2.828550e+01 -1.346593e+01 -2.000000e+00
      vertex   -2.802668e+01 -1.350000e+01 -2.000000e+00
    endloop
  endfacet
  facet normal -1.305262e-01 9.914449e-01 0.000000e+00
    outer loop
      vertex   -2.802668e+01 -1.350000e+01 -8.000000e+00
      vertex   -2.802668e+01 -1.350000e+01 -2.000000e+00
      vertex   -2.776786e+01 -1.346593e+01 -8.000000e+00
    endloop
  endfacet
  facet normal -1.305262e-01 9.914449e-01 0.000000e+00
    outer loop
      vertex   -2.776786e+01 -1.346593e+01 -8.000000e+00
      vertex   -2.802668e+01 -1.350000e+01 -2.000000e+00
      vertex   -2.776786e+01 -1.346593e+01 -2.000000e+00
    endloop
  endfacet
  facet normal -3.826834e-01 9.238795e-01 0.000000e+00
    outer loop
      vertex   -2.776786e+01 -1.346593e+01 -8.000000e+00
      vertex   -2.776786e+01 -1.346593e+01 -2.000000e+00
      vertex   -2.752668e+01 -1.336603e+01 -8.000000e+00
    endloop
  endfacet
  facet normal -3.826834e-01 9.238795e-01 4.531882e-16
    outer loop
      vertex   -2.752668e+01 -1.336603e+01 -8.000000e+00
      vertex   -2.776786e+01 -1.346593e+01 -2.000000e+00
      vertex   -2.752668e+01 -1.336603e+01 -2.000000e+00
    endloop
  endfacet
  facet normal -6.087614e-01 7.933533e-01 7.209184e-16
    outer loop
      vertex   -2.752668e+01 -1.336603e+01 -8.000000e+00
      vertex   -2.752668e+01 -1.336603e+01 -2.000000e+00
      vertex   -2.731958e+01 -1.320711e+01 -8.000000e+00
    endloop
  endfacet
  facet normal -6.087614e-01 7.933533e-01 3.604592e-16
    outer loop
      vertex   -2.731958e+01 -1.320711e+01 -8.000000e+00
      vertex   -2.752668e+01 -1.336603e+01 -2.000000e+00
      vertex   -2.731958e+01 -1.320711e+01 -2.000000e+00
    endloop
  endfacet
  facet normal -7.933533e-01 6.087614e-01 4.697595e-16
    outer loop
      vertex   -2.731958e+01 -1.320711e+01 -8.000000e+00
      vertex   -2.731958e+01 -1.320711e+01 -2.000000e+00
      vertex   -2.716066e+01 -1.300000e+01 -8.000000e+00
    endloop
  endfacet
  facet normal -7.933533e-01 6.087614e-01 0.000000e+00
    outer loop
      vertex   -2.716066e+01 -1.300000e+01 -8.000000e+00
      vertex   -2.731958e+01 -1.320711e+01 -2.000000e+00
      vertex   -2.716066e+01 -1.300000e+01 -2.000000e+00
    endloop
  endfacet
  facet normal -9.238795e-01 3.826834e-01 0.000000e+00
    outer loop
      vertex   -2.716066e+01 -1.300000e+01 -8.000000e+00
      vertex   -2.716066e+01 -1.300000e+01 -2.000000e+00
      vertex   -2.706076e+01 -1.275882e+01 -8.000000e+00
    endloop
  endfacet
  facet normal -9.238795e-01 3.826834e-01 0.000000e+00
    outer loop
      vertex   -2.706076e+01 -1.275882e+01 -8.000000e+00
      vertex   -2.716066e+01 -1.300000e+01 -2.000000e+00
      vertex   -2.706076e+01 -1.275882e+01 -2.000000e+00
    endloop
  endfacet
  facet normal -9.914449e-01 1.305262e-01 0.000000e+00
    outer loop
      vertex   -2.706076e+01 -1.275882e+01 -8.000000e+00
      vertex   -2.706076e+01 -1.275882e+01 -2.000000e+00
      vertex   -2.702668e+01 -1.250000e+01 -8.000000e+00
    endloop
  endfacet
  facet normal -9.914449e-01 1.305262e-01 0.000000e+00
    outer loop
      vertex   -2.702668e+01 -1.250000e+01 -8.000000e+00
      vertex   -2.706076e+01 -1.275882e+01 -2.000000e+00
      vertex   -2.702668e+01 -1.250000e+01 -2.000000e+00
    endloop
  endfacet
  facet normal -9.914449e-01 -1.305262e-01 0.000000e+00
    outer loop
      vertex   -2.702668e+01 -1.250000e+01 -8.000000e+00
      vertex   -2.702668e+01 -1.250000e+01 -2.000000e+00
      vertex   -2.706076e+01 -1.224118e+01 -8.000000e+00
    endloop
  endfacet
  facet normal -9.914449e-01 -1.305262e-01 0.000000e+00
    outer loop
      vertex   -2.706076e+01 -1.224118e+01 -8.000000e+00
      vertex   -2.702668e+01 -1.250000e+01 -2.000000e+00
      vertex   -2.706076e+01 -1.224118e+01 -2.000000e+00
    endloop
  endfacet
  facet normal -9.238795e-01 -3.826834e-01 0.000000e+00
    outer loop
      vertex   -2.706076e+01 -1.224118e+01 -8.000000e+00
      vertex   -2.706076e+01 -1.224118e+01 -2.000000e+00
      vertex   -2.716066e+01 -1.200000e+01 -8.000000e+00
    endloop
  endfacet
  facet normal -9.238795e-01 -3.826834e-01 0.000000e+00
    outer loop
      vertex   -2.716066e+01 -1.200000e+01 -8.000000e+00
      vertex   -2.706076e+01 -1.224118e+01 -2.000000e+00
      vertex   -2.716066e+01 -1.200000e+01 -2.000000e+00
    endloop
  endfacet
  facet normal -7.933533e-01 -6.087614e-01 0.000000e+00
    outer loop
      vertex   -2.716066e+01 -1.200000e+01 -8.000000e+00
      vertex   -2.716066e+01 -1.200000e+01 -2.000000e+00
      vertex   -2.731958e+01 -1.179289e+01 -8.000000e+00
    endloop
  endfacet
  facet normal -7.933533e-01 -6.087614e-01 -4.697595e-16
    outer loop
      vertex   -2.731958e+01 -1.179289e+01 -8.000000e+00
      vertex   -2.716066e+01 -1.200000e+01 -2.000000e+00
      vertex   -2.731958e+01 -1.179289e+01 -2.000000e+00
    endloop
  endfacet
  facet normal -6.087614e-01 -7.933533e-01 -3.604592e-16
    outer loop
      vertex   -2.731958e+01 -1.179289e+01 -8.000000e+00
      vertex   -2.731958e+01 -1.179289e+01 -2.000000e+00
      vertex   -2.752668e+01 -1.163397e+01 -8.000000e+00
    endloop
  endfacet
  facet normal -6.087614e-01 -7.933533e-01 -7.209184e-16
    outer loop
      vertex   -2.752668e+01 -1.163397e+01 -8.000000e+00
      vertex   -2.731958e+01 -1.179289e+01 -2.000000e+00
      vertex   -2.752668e+01 -1.163397e+01 -2.000000e+00
    endloop
  endfacet
  facet normal -3.826834e-01 -9.238795e-01 -4.531882e-16
    outer loop
      vertex   -2.752668e+01 -1.163397e+01 -8.000000e+00
      vertex   -2.752668e+01 -1.163397e+01 -2.000000e+00
      vertex   -2.776786e+01 -1.153407e+01 -8.000000e+00
    endloop
  endfacet
  facet normal -3.826834e-01 -9.238795e-01 0.000000e+00
    outer loop
      vertex   -2.776786e+01 -1.153407e+01 -8.000000e+00
      vertex   -2.752668e+01 -1.163397e+01 -2.000000e+00
      vertex   -2.776786e+01 -1.153407e+01 -2.000000e+00
    endloop
  endfacet
  facet normal -1.305262e-01 -9.914449e-01 0.000000e+00
    outer loop
      vertex   -2.776786e+01 -1.153407e+01 -8.000000e+00
      vertex   -2.776786e+01 -1.153407e+01 -2.000000e+00
      vertex   -2.802668e+01 -1.150000e+01 -8.000000e+00
    endloop
  endfacet
  facet normal -1.305262e-01 -9.914449e-01 0.000000e+00
    outer loop
      vertex   -2.802668e+01 -1.150000e+01 -8.000000e+00
      vertex   -2.776786e+01 -1.153407e+01 -2.000000e+00
      vertex   -2.802668e+01 -1.150000e+01 -2.000000e+00
    endloop
  endfacet
  facet normal 1.305262e-01 -9.914449e-01 0.000000e+00
    outer loop
      vertex   -2.802668e+01 -1.150000e+01 -8.000000e+00
      vertex   -2.802668e+01 -1.150000e+01 -2.000000e+00
      vertex   -2.828550e+01 -1.153407e+01 -8.000000e+00
    endloop
  endfacet
  facet normal 1.305262e-01 -9.914449e-01 0.000000e+00
    outer loop
      vertex   -2.828550e+01 -1.153407e+01 -8.000000e+00
      vertex   -2.802668e+01 -1.150000e+01 -2.000000e+00
      vertex   -2.828550e+01 -1.153407e+01 -2.000000e+00
    endloop
  endfacet
  facet normal 3.826834e-01 -9.238795e-01 0.000000e+00
    outer loop
      vertex   -2.828550e+01 -1.153407e+01 -8.000000e+00
      vertex   -2.828550e+01 -1.153407e+01 -2.000000e+00
      vertex   -2.852668e+01 -1.163397e+01 -8.000000e+00
    endloop
  endfacet
  facet normal 3.826834e-01 -9.238795e-01 1.796649e-16
    outer loop
      vertex   -2.852668e+01 -1.163397e+01 -8.000000e+00
      vertex   -2.828550e+01 -1.153407e+01 -2.000000e+00
      vertex   -2.852668e+01 -1.163397e+01 -2.000000e+00
    endloop
  endfacet
  facet normal 6.087614e-01 -7.933533e-01 4.860386e-16
    outer loop
      vertex   -2.852668e+01 -1.163397e+01 -8.000000e+00
      vertex   -2.852668e+01 -1.163397e+01 -2.000000e+00
      vertex   -2.873379e+01 -1.179289e+01 -8.000000e+00
    endloop
  endfacet
  facet normal 6.087614e-01 -7.933533e-01 0.000000e+00
    outer loop
      vertex   -2.873379e+01 -1.179289e+01 -8.000000e+00
      vertex   -2.852668e+01 -1.163397e+01 -2.000000e+00
      vertex   -2.873379e+01 -1.179289e+01 -2.000000e+00
    endloop
  endfacet
  facet normal 7.933533e-01 -6.087614e-01 0.000000e+00
    outer loop
      vertex   -2.873379e+01 -1.179289e+01 -8.000000e+00
      vertex   -2.873379e+01 -1.179289e+01 -2.000000e+00
      vertex   -2.889271e+01 -1.200000e+01 -8.000000e+00
    endloop
  endfacet
  facet normal 7.933533e-01 -6.087614e-01 0.000000e+00
    outer loop
      vertex   -2.889271e+01 -1.200000e+01 -8.000000e+00
      vertex   -2.873379e+01 -1.179289e+01 -2.000000e+00
      vertex   -2.889271e+01 -1.200000e+01 -2.000000e+00
    endloop
  endfacet
  facet normal 9.238795e-01 -3.826834e-01 0.000000e+00
    outer loop
      vertex   -2.889271e+01 -1.200000e+01 -8.000000e+00
      vertex   -2.889271e+01 -1.200000e+01 -2.000000e+00
      vertex   -2.899261e+01 -1.224118e+01 -8.000000e+00
    endloop
  endfacet
  facet normal 9.238795e-01 -3.826834e-01 5.470466e-16
    outer loop
      vertex   -2.899261e+01 -1.224118e+01 -8.000000e+00
      vertex   -2.889271e+01 -1.200000e+01 -2.000000e+00
      vertex   -2.899261e+01 -1.224118e+01 -2.000000e+00
    endloop
  endfacet
  facet normal -9.932384e-01 -1.160929e-01 0.000000e+00
    outer loop
      vertex   -3.094582e+01 -1.319185e+01 -8.000000e+00
      vertex   -3.094582e+01 -1.319185e+01 -2.000000e+00
      vertex   -3.102668e+01 -1.250000e+01 -8.000000e+00
    endloop
  endfacet
  facet normal -9.932384e-01 -1.160929e-01 0.000000e+00
    outer loop
      vertex   -3.102668e+01 -1.250000e+01 -8.000000e+00
      vertex   -3.094582e+01 -1.319185e+01 -2.000000e+00
      vertex   -3.102668e+01 -1.250000e+01 -2.000000e+00
    endloop
  endfacet
  facet normal -9.932384e-01 1.160929e-01 0.000000e+00
    outer loop
      vertex   -3.102668e+01 -1.250000e+01 -8.000000e+00
      vertex   -3.102668e+01 -1.250000e+01 -2.000000e+00
      vertex   -3.094582e+01 -1.180815e+01 -8.000000e+00
    endloop
  endfacet
  facet normal -9.932384e-01 1.160929e-01 0.000000e+00
    outer loop
      vertex   -3.094582e+01 -1.180815e+01 -8.000000e+00
      vertex   -3.102668e+01 -1.250000e+01 -2.000000e+00
      vertex   -3.094582e+01 -1.180815e+01 -2.000000e+00
    endloop
  endfacet
  facet normal -9.396926e-01 3.420201e-01 0.000000e+00
    outer loop
      vertex   -3.094582e+01 -1.180815e+01 -8.000000e+00
      vertex   -3.094582e+01 -1.180815e+01 -2.000000e+00
      vertex   -3.070758e+01 -1.115360e+01 -8.000000e+00
    endloop
  endfacet
  facet normal -9.396926e-01 3.420201e-01 0.000000e+00
    outer loop
      vertex   -3.070758e+01 -1.115360e+01 -8.000000e+00
      vertex   -3.094582e+01 -1.180815e+01 -2.000000e+00
      vertex   -3.070758e+01 -1.115360e+01 -2.000000e+00
    endloop
  endfacet
  facet normal -8.354878e-01 5.495090e-01 0.000000e+00
    outer loop
      vertex   -3.070758e+01 -1.115360e+01 -8.000000e+00
      vertex   -3.070758e+01 -1.115360e+01 -2.000000e+00
      vertex   -3.032482e+01 -1.057164e+01 -8.000000e+00
    endloop
  endfacet
  facet normal -8.354878e-01 5.495090e-01 0.000000e+00
    outer loop
      vertex   -3.032482e+01 -1.057164e+01 -8.000000e+00
      vertex   -3.070758e+01 -1.115360e+01 -2.000000e+00
      vertex   -3.032482e+01 -1.057164e+01 -2.000000e+00
    endloop
  endfacet
  facet normal -6.862416e-01 7.273736e-01 0.000000e+00
    outer loop
      vertex   -3.032482e+01 -1.057164e+01 -8.000000e+00
      vertex   -3.032482e+01 -1.057164e+01 -2.000000e+00
      vertex   -2.981816e+01 -1.009363e+01 -8.000000e+00
    endloop
  endfacet
  facet normal -6.862416e-01 7.273736e-01 0.000000e+00
    outer loop
      vertex   -2.981816e+01 -1.009363e+01 -8.000000e+00
      vertex   -3.032482e+01 -1.057164e+01 -2.000000e+00
      vertex   -2.981816e+01 -1.009363e+01 -2.000000e+00
    endloop
  endfacet
  facet normal -5.000000e-01 8.660254e-01 0.000000e+00
    outer loop
      vertex   -2.981816e+01 -1.009363e+01 -8.000000e+00
      vertex   -2.981816e+01 -1.009363e+01 -2.000000e+00
      vertex   -2.921492e+01 -9.745352e+00 -8.000000e+00
    endloop
  endfacet
  facet normal -5.000000e-01 8.660254e-01 0.000000e+00
    outer loop
      vertex   -2.921492e+01 -9.745352e+00 -8.000000e+00
      vertex   -2.981816e+01 -1.009363e+01 -2.000000e+00
      vertex   -2.921492e+01 -9.745352e+00 -2.000000e+00
    endloop
  endfacet
  facet normal -2.868032e-01 9.579895e-01 0.000000e+00
    outer loop
      vertex   -2.921492e+01 -9.745352e+00 -8.000000e+00
      vertex   -2.921492e+01 -9.745352e+00 -2.000000e+00
      vertex   -2.854763e+01 -9.545577e+00 -8.000000e+00
    endloop
  endfacet
  facet normal -2.868032e-01 9.579895e-01 0.000000e+00
    outer loop
      vertex   -2.854763e+01 -9.545577e+00 -8.000000e+00
      vertex   -2.921492e+01 -9.745352e+00 -2.000000e+00
      vertex   -2.854763e+01 -9.545577e+00 -2.000000e+00
    endloop
  endfacet
  facet normal -5.814483e-02 9.983082e-01 0.000000e+00
    outer loop
      vertex   -2.854763e+01 -9.545577e+00 -8.000000e+00
      vertex   -2.854763e+01 -9.545577e+00 -2.000000e+00
      vertex   -2.785225e+01 -9.505076e+00 -8.000000e+00
    endloop
  endfacet
  facet normal -5.814483e-02 9.983082e-01 0.000000e+00
    outer loop
      vertex   -2.785225e+01 -9.505076e+00 -8.000000e+00
      vertex   -2.854763e+01 -9.545577e+00 -2.000000e+00
      vertex   -2.785225e+01 -9.505076e+00 -2.000000e+00
    endloop
  endfacet
  facet normal 1.736482e-01 9.848078e-01 -0.000000e+00
    outer loop
      vertex   -2.785225e+01 -9.505076e+00 -8.000000e+00
      vertex   -2.785225e+01 -9.505076e+00 -2.000000e+00
      vertex   -2.716627e+01 -9.626031e+00 -8.000000e+00
    endloop
  endfacet
  facet normal 1.736482e-01 9.848078e-01 -0.000000e+00
    outer loop
      vertex   -2.716627e+01 -9.626031e+00 -8.000000e+00
      vertex   -2.785225e+01 -9.505076e+00 -2.000000e+00
      vertex   -2.716627e+01 -9.626031e+00 -2.000000e+00
    endloop
  endfacet
  facet normal 3.960798e-01 9.182161e-01 -0.000000e+00
    outer loop
      vertex   -2.716627e+01 -9.626031e+00 -8.000000e+00
      vertex   -2.716627e+01 -9.626031e+00 -2.000000e+00
      vertex   -2.652668e+01 -9.901924e+00 -8.000000e+00
    endloop
  endfacet
  facet normal 3.960798e-01 9.182161e-01 3.732024e-17
    outer loop
      vertex   -2.652668e+01 -9.901924e+00 -8.000000e+00
      vertex   -2.716627e+01 -9.626031e+00 -2.000000e+00
      vertex   -2.652668e+01 -9.901924e+00 -2.000000e+00
    endloop
  endfacet
  facet normal 5.971586e-01 8.021232e-01 -1.161127e-16
    outer loop
      vertex   -2.652668e+01 -9.901924e+00 -8.000000e+00
      vertex   -2.652668e+01 -9.901924e+00 -2.000000e+00
      vertex   -2.596796e+01 -1.031788e+01 -8.000000e+00
    endloop
  endfacet
  facet normal 5.971586e-01 8.021232e-01 -0.000000e+00
    outer loop
      vertex   -2.596796e+01 -1.031788e+01 -8.000000e+00
      vertex   -2.652668e+01 -9.901924e+00 -2.000000e+00
      vertex   -2.596796e+01 -1.031788e+01 -2.000000e+00
    endloop
  endfacet
  facet normal 7.660444e-01 6.427876e-01 -0.000000e+00
    outer loop
      vertex   -2.596796e+01 -1.031788e+01 -8.000000e+00
      vertex   -2.596796e+01 -1.031788e+01 -2.000000e+00
      vertex   -2.552022e+01 -1.085147e+01 -8.000000e+00
    endloop
  endfacet
  facet normal 7.660444e-01 6.427876e-01 -0.000000e+00
    outer loop
      vertex   -2.552022e+01 -1.085147e+01 -8.000000e+00
      vertex   -2.596796e+01 -1.031788e+01 -2.000000e+00
      vertex   -2.552022e+01 -1.085147e+01 -2.000000e+00
    endloop
  endfacet
  facet normal 8.936326e-01 4.487992e-01 -0.000000e+00
    outer loop
      vertex   -2.552022e+01 -1.085147e+01 -8.000000e+00
      vertex   -2.552022e+01 -1.085147e+01 -2.000000e+00
      vertex   -2.520761e+01 -1.147394e+01 -8.000000e+00
    endloop
  endfacet
  facet normal 8.936326e-01 4.487992e-01 -0.000000e+00
    outer loop
      vertex   -2.520761e+01 -1.147394e+01 -8.000000e+00
      vertex   -2.552022e+01 -1.085147e+01 -2.000000e+00
      vertex   -2.520761e+01 -1.147394e+01 -2.000000e+00
    endloop
  endfacet
  facet normal 9.730449e-01 2.306159e-01 -0.000000e+00
    outer loop
      vertex   -2.520761e+01 -1.147394e+01 -8.000000e+00
      vertex   -2.520761e+01 -1.147394e+01 -2.000000e+00
      vertex   -2.504697e+01 -1.215172e+01 -8.000000e+00
    endloop
  endfacet
  facet normal 9.730449e-01 2.306159e-01 -0.000000e+00
    outer loop
      vertex   -2.504697e+01 -1.215172e+01 -8.000000e+00
      vertex   -2.520761e+01 -1.147394e+01 -2.000000e+00
      vertex   -2.504697e+01 -1.215172e+01 -2.000000e+00
    endloop
  endfacet
  facet normal 1.000000e+00 0.000000e+00 -0.000000e+00
    outer loop
      vertex   -2.504697e+01 -1.215172e+01 -8.000000e+00
      vertex   -2.504697e+01 -1.215172e+01 -2.000000e+00
      vertex   -2.504697e+01 -1.284828e+01 -8.000000e+00
    endloop
  endfacet
  facet normal 1.000000e+00 0.000000e+00 0.000000e+00
    outer loop
      vertex   -2.504697e+01 -1.284828e+01 -8.000000e+00
      vertex   -2.504697e+01 -1.215172e+01 -2.000000e+00
      vertex   -2.504697e+01 -1.284828e+01 -2.000000e+00
    endloop
  endfacet
  facet normal 9.730449e-01 -2.306159e-01 0.000000e+00
    outer loop
      vertex   -2.504697e+01 -1.284828e+01 -8.000000e+00
      vertex   -2.504697e+01 -1.284828e+01 -2.000000e+00
      vertex   -2.520761e+01 -1.352606e+01 -8.000000e+00
    endloop
  endfacet
  facet normal 9.730449e-01 -2.306159e-01 0.000000e+00
    outer loop
      vertex   -2.520761e+01 -1.352606e+01 -8.000000e+00
      vertex   -2.504697e+01 -1.284828e+01 -2.000000e+00
      vertex   -2.520761e+01 -1.352606e+01 -2.000000e+00
    endloop
  endfacet
  facet normal 8.936326e-01 -4.487992e-01 0.000000e+00
    outer loop
      vertex   -2.520761e+01 -1.352606e+01 -8.000000e+00
      vertex   -2.520761e+01 -1.352606e+01 -2.000000e+00
      vertex   -2.552022e+01 -1.414853e+01 -8.000000e+00
    endloop
  endfacet
  facet normal 8.936326e-01 -4.487992e-01 0.000000e+00
    outer loop
      vertex   -2.552022e+01 -1.414853e+01 -8.000000e+00
      vertex   -2.520761e+01 -1.352606e+01 -2.000000e+00
      vertex   -2.552022e+01 -1.414853e+01 -2.000000e+00
    endloop
  endfacet
  facet normal 7.660444e-01 -6.427876e-01 0.000000e+00
    outer loop
      vertex   -2.552022e+01 -1.414853e+01 -8.000000e+00
      vertex   -2.552022e+01 -1.414853e+01 -2.000000e+00
      vertex   -2.596796e+01 -1.468212e+01 -8.000000e+00
    endloop
  endfacet
  facet normal 7.660444e-01 -6.427876e-01 0.000000e+00
    outer loop
      vertex   -2.596796e+01 -1.468212e+01 -8.000000e+00
      vertex   -2.552022e+01 -1.414853e+01 -2.000000e+00
      vertex   -2.596796e+01 -1.468212e+01 -2.000000e+00
    endloop
  endfacet
  facet normal 5.971586e-01 -8.021232e-01 0.000000e+00
    outer loop
      vertex   -2.596796e+01 -1.468212e+01 -8.000000e+00
      vertex   -2.596796e+01 -1.468212e+01 -2.000000e+00
      vertex   -2.652668e+01 -1.509808e+01 -8.000000e+00
    endloop
  endfacet
  facet normal 5.971586e-01 -8.021232e-01 1.161127e-16
    outer loop
      vertex   -2.652668e+01 -1.509808e+01 -8.000000e+00
      vertex   -2.596796e+01 -1.468212e+01 -2.000000e+00
      vertex   -2.652668e+01 -1.509808e+01 -2.000000e+00
    endloop
  endfacet
  facet normal 3.960798e-01 -9.182161e-01 -3.732024e-17
    outer loop
      vertex   -2.652668e+01 -1.509808e+01 -8.000000e+00
      vertex   -2.652668e+01 -1.509808e+01 -2.000000e+00
      vertex   -2.716627e+01 -1.537397e+01 -8.000000e+00
    endloop
  endfacet
  facet normal 3.960798e-01 -9.182161e-01 0.000000e+00
    outer loop
      vertex   -2.716627e+01 -1.537397e+01 -8.000000e+00
      vertex   -2.652668e+01 -1.509808e+01 -2.000000e+00
      vertex   -2.716627e+01 -1.537397e+01 -2.000000e+00
    endloop
  endfacet
  facet normal 1.736482e-01 -9.848078e-01 0.000000e+00
    outer loop
      vertex   -2.716627e+01 -1.537397e+01 -8.000000e+00
      vertex   -2.716627e+01 -1.537397e+01 -2.000000e+00
      vertex   -2.785225e+01 -1.549492e+01 -8.000000e+00
    endloop
  endfacet
  facet normal 1.736482e-01 -9.848078e-01 0.000000e+00
    outer loop
      vertex   -2.785225e+01 -1.549492e+01 -8.000000e+00
      vertex   -2.716627e+01 -1.537397e+01 -2.000000e+00
      vertex   -2.785225e+01 -1.549492e+01 -2.000000e+00
    endloop
  endfacet
  facet normal -5.814483e-02 -9.983082e-01 0.000000e+00
    outer loop
      vertex   -2.785225e+01 -1.549492e+01 -8.000000e+00
      vertex   -2.785225e+01 -1.549492e+01 -2.000000e+00
      vertex   -2.854763e+01 -1.545442e+01 -8.000000e+00
    endloop
  endfacet
  facet normal -5.814483e-02 -9.983082e-01 0.000000e+00
    outer loop
      vertex   -2.854763e+01 -1.545442e+01 -8.000000e+00
      vertex   -2.785225e+01 -1.549492e+01 -2.000000e+00
      vertex   -2.854763e+01 -1.545442e+01 -2.000000e+00
    endloop
  endfacet
  facet normal -2.868032e-01 -9.579895e-01 0.000000e+00
    outer loop
      vertex   -2.854763e+01 -1.545442e+01 -8.000000e+00
      vertex   -2.854763e+01 -1.545442e+01 -2.000000e+00
      vertex   -2.921492e+01 -1.525465e+01 -8.000000e+00
    endloop
  endfacet
  facet normal -2.868032e-01 -9.579895e-01 0.000000e+00
    outer loop
      vertex   -2.921492e+01 -1.525465e+01 -8.000000e+00
      vertex   -2.854763e+01 -1.545442e+01 -2.000000e+00
      vertex   -2.921492e+01 -1.525465e+01 -2.000000e+00
    endloop
  endfacet
  facet normal -5.000000e-01 -8.660254e-01 0.000000e+00
    outer loop
      vertex   -2.921492e+01 -1.525465e+01 -8.000000e+00
      vertex   -2.921492e+01 -1.525465e+01 -2.000000e+00
      vertex   -2.981816e+01 -1.490637e+01 -8.000000e+00
    endloop
  endfacet
  facet normal -5.000000e-01 -8.660254e-01 0.000000e+00
    outer loop
      vertex   -2.981816e+01 -1.490637e+01 -8.000000e+00
      vertex   -2.921492e+01 -1.525465e+01 -2.000000e+00
      vertex   -2.981816e+01 -1.490637e+01 -2.000000e+00
    endloop
  endfacet
  facet normal -6.862416e-01 -7.273736e-01 0.000000e+00
    outer loop
      vertex   -2.981816e+01 -1.490637e+01 -8.000000e+00
      vertex   -2.981816e+01 -1.490637e+01 -2.000000e+00
      vertex   -3.032482e+01 -1.442836e+01 -8.000000e+00
    endloop
  endfacet
  facet normal -6.862416e-01 -7.273736e-01 0.000000e+00
    outer loop
      vertex   -3.032482e+01 -1.442836e+01 -8.000000e+00
      vertex   -2.981816e+01 -1.490637e+01 -2.000000e+00
      vertex   -3.032482e+01 -1.442836e+01 -2.000000e+00
    endloop
  endfacet
  facet normal -8.354878e-01 -5.495090e-01 0.000000e+00
    outer loop
      vertex   -3.032482e+01 -1.442836e+01 -8.000000e+00
      vertex   -3.032482e+01 -1.442836e+01 -2.000000e+00
      vertex   -3.070758e+01 -1.384640e+01 -8.000000e+00
    endloop
  endfacet
  facet normal -8.354878e-01 -5.495090e-01 0.000000e+00
    outer loop
      vertex   -3.070758e+01 -1.384640e+01 -8.000000e+00
      vertex   -3.032482e+01 -1.442836e+01 -2.000000e+00
      vertex   -3.070758e+01 -1.384640e+01 -2.000000e+00
    endloop
  endfacet
  facet normal -9.396926e-01 -3.420201e-01 0.000000e+00
    outer loop
      vertex   -3.070758e+01 -1.384640e+01 -8.000000e+00
      vertex   -3.070758e+01 -1.384640e+01 -2.000000e+00
      vertex   -3.094582e+01 -1.319185e+01 -8.000000e+00
    endloop
  endfacet
  facet normal -9.396926e-01 -3.420201e-01 0.000000e+00
    outer loop
      vertex   -3.094582e+01 -1.319185e+01 -8.000000e+00
      vertex   -3.070758e+01 -1.384640e+01 -2.000000e+00
      vertex   -3.094582e+01 -1.319185e+01 -2.000000e+00
    endloop
  endfacet
  facet normal -0.000000e+00 0.000000e+00 -1.000000e+00
    outer loop
      vertex   -2.899261e+01 -1.275882e+01 -8.000000e+00
      vertex   -3.094582e+01 -1.319185e+01 -8.000000e+00
      vertex   -2.902668e+01 -1.250000e+01 -8.000000e+00
    endloop
  endfacet
  facet normal -0.000000e+00 0.000000e+00 -1.000000e+00
    outer loop
      vertex   -2.902668e+01 -1.250000e+01 -8.000000e+00
      vertex   -3.094582e+01 -1.319185e+01 -8.000000e+00
      vertex   -3.102668e+01 -1.250000e+01 -8.000000e+00
    endloop
  endfacet
  facet normal 0.000000e+00 0.000000e+00 -1.000000e+00
    outer loop
      vertex   -2.902668e+01 -1.250000e+01 -8.000000e+00
      vertex   -3.102668e+01 -1.250000e+01 -8.000000e+00
      vertex   -3.094582e+01 -1.180815e+01 -8.000000e+00
    endloop
  endfacet
  facet normal 0.000000e+00 0.000000e+00 -1.000000e+00
    outer loop
      vertex   -3.094582e+01 -1.319185e+01 -8.000000e+00
      vertex   -2.899261e+01 -1.275882e+01 -8.000000e+00
      vertex   -3.070758e+01 -1.384640e+01 -8.000000e+00
    endloop
  endfacet
  facet normal 0.000000e+00 0.000000e+00 -1.000000e+00
    outer loop
      vertex   -3.070758e+01 -1.384640e+01 -8.000000e+00
      vertex   -2.899261e+01 -1.275882e+01 -8.000000e+00
      vertex   -2.889271e+01 -1.300000e+01 -8.000000e+00
    endloop
  endfacet
  facet normal 0.000000e+00 0.000000e+00 -1.000000e+00
    outer loop
      vertex   -3.070758e+01 -1.384640e+01 -8.000000e+00
      vertex   -2.889271e+01 -1.300000e+01 -8.000000e+00
      vertex   -3.032482e+01 -1.442836e+01 -8.000000e+00
    endloop
  endfacet
  facet normal 0.000000e+00 0.000000e+00 -1.000000e+00
    outer loop
      vertex   -3.032482e+01 -1.442836e+01 -8.000000e+00
      vertex   -2.889271e+01 -1.300000e+01 -8.000000e+00
      vertex   -2.873379e+01 -1.320711e+01 -8.000000e+00
    endloop
  endfacet
  facet normal 0.000000e+00 0.000000e+00 -1.000000e+00
    outer loop
      vertex   -3.032482e+01 -1.442836e+01 -8.000000e+00
      vertex   -2.873379e+01 -1.320711e+01 -8.000000e+00
      vertex   -2.981816e+01 -1.490637e+01 -8.000000e+00
    endloop
  endfacet
  facet normal 0.000000e+00 0.000000e+00 -1.000000e+00
    outer loop
      vertex   -2.981816e+01 -1.490637e+01 -8.000000e+00
      vertex   -2.873379e+01 -1.320711e+01 -8.000000e+00
      vertex   -2.852668e+01 -1.336603e+01 -8.000000e+00
    endloop
  endfacet
  facet normal 0.000000e+00 0.000000e+00 -1.000000e+00
    outer loop
      vertex   -2.981816e+01 -1.490637e+01 -8.000000e+00
      vertex   -2.852668e+01 -1.336603e+01 -8.000000e+00
      vertex   -2.921492e+01 -1.525465e+01 -8.000000e+00
    endloop
  endfacet
  facet normal 0.000000e+00 0.000000e+00 -1.000000e+00
    outer loop
      vertex   -2.921492e+01 -1.525465e+01 -8.000000e+00
      vertex   -2.852668e+01 -1.336603e+01 -8.000000e+00
      vertex   -2.828550e+01 -1.346593e+01 -8.000000e+00
    endloop
  endfacet
  facet normal 0.000000e+00 0.000000e+00 -1.000000e+00
    outer loop
      vertex   -2.921492e+01 -1.525465e+01 -8.000000e+00
      vertex   -2.828550e+01 -1.346593e+01 -8.000000e+00
      vertex   -2.854763e+01 -1.545442e+01 -8.000000e+00
    endloop
  endfacet
  facet normal 0.000000e+00 0.000000e+00 -1.000000e+00
    outer loop
      vertex   -2.854763e+01 -1.545442e+01 -8.000000e+00
      vertex   -2.828550e+01 -1.346593e+01 -8.000000e+00
      vertex   -2.802668e+01 -1.350000e+01 -8.000000e+00
    endloop
  endfacet
  facet normal 0.000000e+00 0.000000e+00 -1.000000e+00
    outer loop
      vertex   -2.854763e+01 -1.545442e+01 -8.000000e+00
      vertex   -2.802668e+01 -1.350000e+01 -8.000000e+00
      vertex   -2.785225e+01 -1.549492e+01 -8.000000e+00
    endloop
  endfacet
  facet normal 0.000000e+00 0.000000e+00 -1.000000e+00
    outer loop
      vertex   -2.785225e+01 -1.549492e+01 -8.000000e+00
      vertex   -2.802668e+01 -1.350000e+01 -8.000000e+00
      vertex   -2.776786e+01 -1.346593e+01 -8.000000e+00
    endloop
  endfacet
  facet normal 0.000000e+00 0.000000e+00 -1.000000e+00
    outer loop
      vertex   -2.785225e+01 -1.549492e+01 -8.000000e+00
      vertex   -2.776786e+01 -1.346593e+01 -8.000000e+00
      vertex   -2.716627e+01 -1.537397e+01 -8.000000e+00
    endloop
  endfacet
  facet normal 0.000000e+00 0.000000e+00 -1.000000e+00
    outer loop
      vertex   -2.716627e+01 -1.537397e+01 -8.000000e+00
      vertex   -2.776786e+01 -1.346593e+01 -8.000000e+00
      vertex   -2.752668e+01 -1.336603e+01 -8.000000e+00
    endloop
  endfacet
  facet normal 0.000000e+00 0.000000e+00 -1.000000e+00
    outer loop
      vertex   -2.716627e+01 -1.537397e+01 -8.000000e+00
      vertex   -2.752668e+01 -1.336603e+01 -8.000000e+00
      vertex   -2.652668e+01 -1.509808e+01 -8.000000e+00
    endloop
  endfacet
  facet normal 0.000000e+00 0.000000e+00 -1.000000e+00
    outer loop
      vertex   -2.652668e+01 -1.509808e+01 -8.000000e+00
      vertex   -2.752668e+01 -1.336603e+01 -8.000000e+00
      vertex   -2.596796e+01 -1.468212e+01 -8.000000e+00
    endloop
  endfacet
  facet normal 0.000000e+00 0.000000e+00 -1.000000e+00
    outer loop
      vertex   -2.596796e+01 -1.468212e+01 -8.000000e+00
      vertex   -2.752668e+01 -1.336603e+01 -8.000000e+00
      vertex   -2.731958e+01 -1.320711e+01 -8.000000e+00
    endloop
  endfacet
  facet normal 0.000000e+00 0.000000e+00 -1.000000e+00
    outer loop
      vertex   -2.596796e+01 -1.468212e+01 -8.000000e+00
      vertex   -2.731958e+01 -1.320711e+01 -8.000000e+00
      vertex   -2.552022e+01 -1.414853e+01 -8.000000e+00
    endloop
  endfacet
  facet normal 0.000000e+00 0.000000e+00 -1.000000e+00
    outer loop
      vertex   -2.552022e+01 -1.414853e+01 -8.000000e+00
      vertex   -2.731958e+01 -1.320711e+01 -8.000000e+00
      vertex   -2.716066e+01 -1.300000e+01 -8.000000e+00
    endloop
  endfacet
  facet normal 0.000000e+00 0.000000e+00 -1.000000e+00
    outer loop
      vertex   -2.552022e+01 -1.414853e+01 -8.000000e+00
      vertex   -2.716066e+01 -1.300000e+01 -8.000000e+00
      vertex   -2.520761e+01 -1.352606e+01 -8.000000e+00
    endloop
  endfacet
  facet normal 0.000000e+00 0.000000e+00 -1.000000e+00
    outer loop
      vertex   -2.520761e+01 -1.352606e+01 -8.000000e+00
      vertex   -2.716066e+01 -1.300000e+01 -8.000000e+00
      vertex   -2.706076e+01 -1.275882e+01 -8.000000e+00
    endloop
  endfacet
  facet normal 0.000000e+00 0.000000e+00 -1.000000e+00
    outer loop
      vertex   -2.520761e+01 -1.352606e+01 -8.000000e+00
      vertex   -2.706076e+01 -1.275882e+01 -8.000000e+00
      vertex   -2.504697e+01 -1.284828e+01 -8.000000e+00
    endloop
  endfacet
  facet normal 0.000000e+00 0.000000e+00 -1.000000e+00
    outer loop
      vertex   -2.504697e+01 -1.284828e+01 -8.000000e+00
      vertex   -2.706076e+01 -1.275882e+01 -8.000000e+00
      vertex   -2.702668e+01 -1.250000e+01 -8.000000e+00
    endloop
  endfacet
  facet normal 0.000000e+00 0.000000e+00 -1.000000e+00
    outer loop
      vertex   -2.504697e+01 -1.284828e+01 -8.000000e+00
      vertex   -2.702668e+01 -1.250000e+01 -8.000000e+00
      vertex   -2.504697e+01 -1.215172e+01 -8.000000e+00
    endloop
  endfacet
  facet normal 0.000000e+00 0.000000e+00 -1.000000e+00
    outer loop
      vertex   -2.504697e+01 -1.215172e+01 -8.000000e+00
      vertex   -2.702668e+01 -1.250000e+01 -8.000000e+00
      vertex   -2.706076e+01 -1.224118e+01 -8.000000e+00
    endloop
  endfacet
  facet normal -0.000000e+00 0.000000e+00 -1.000000e+00
    outer loop
      vertex   -2.504697e+01 -1.215172e+01 -8.000000e+00
      vertex   -2.706076e+01 -1.224118e+01 -8.000000e+00
      vertex   -2.520761e+01 -1.147394e+01 -8.000000e+00
    endloop
  endfacet
  facet normal 0.000000e+00 0.000000e+00 -1.000000e+00
    outer loop
      vertex   -2.520761e+01 -1.147394e+01 -8.000000e+00
      vertex   -2.706076e+01 -1.224118e+01 -8.000000e+00
      vertex   -2.716066e+01 -1.200000e+01 -8.000000e+00
    endloop
  endfacet
  facet normal -0.000000e+00 0.000000e+00 -1.000000e+00
    outer loop
      vertex   -2.520761e+01 -1.147394e+01 -8.000000e+00
      vertex   -2.716066e+01 -1.200000e+01 -8.000000e+00
      vertex   -2.552022e+01 -1.085147e+01 -8.000000e+00
    endloop
  endfacet
  facet normal 0.000000e+00 0.000000e+00 -1.000000e+00
    outer loop
      vertex   -2.552022e+01 -1.085147e+01 -8.000000e+00
      vertex   -2.716066e+01 -1.200000e+01 -8.000000e+00
      vertex   -2.731958e+01 -1.179289e+01 -8.000000e+00
    endloop
  endfacet
  facet normal -0.000000e+00 0.000000e+00 -1.000000e+00
    outer loop
      vertex   -2.552022e+01 -1.085147e+01 -8.000000e+00
      vertex   -2.731958e+01 -1.179289e+01 -8.000000e+00
      vertex   -2.596796e+01 -1.031788e+01 -8.000000e+00
    endloop
  endfacet
  facet normal 0.000000e+00 0.000000e+00 -1.000000e+00
    outer loop
      vertex   -2.596796e+01 -1.031788e+01 -8.000000e+00
      vertex   -2.731958e+01 -1.179289e+01 -8.000000e+00
      vertex   -2.752668e+01 -1.163397e+01 -8.000000e+00
    endloop
  endfacet
  facet normal -0.000000e+00 0.000000e+00 -1.000000e+00
    outer loop
      vertex   -2.596796e+01 -1.031788e+01 -8.000000e+00
      vertex   -2.752668e+01 -1.163397e+01 -8.000000e+00
      vertex   -2.652668e+01 -9.901924e+00 -8.000000e+00
    endloop
  endfacet
  facet normal -0.000000e+00 0.000000e+00 -1.000000e+00
    outer loop
      vertex   -2.652668e+01 -9.901924e+00 -8.000000e+00
      vertex   -2.752668e+01 -1.163397e+01 -8.000000e+00
      vertex   -2.716627e+01 -9.626031e+00 -8.000000e+00
    endloop
  endfacet
  facet normal 0.000000e+00 0.000000e+00 -1.000000e+00
    outer loop
      vertex   -2.716627e+01 -9.626031e+00 -8.000000e+00
      vertex   -2.752668e+01 -1.163397e+01 -8.000000e+00
      vertex   -2.776786e+01 -1.153407e+01 -8.000000e+00
    endloop
  endfacet
  facet normal -0.000000e+00 0.000000e+00 -1.000000e+00
    outer loop
      vertex   -2.716627e+01 -9.626031e+00 -8.000000e+00
      vertex   -2.776786e+01 -1.153407e+01 -8.000000e+00
      vertex   -2.785225e+01 -9.505076e+00 -8.000000e+00
    endloop
  endfacet
  facet normal 0.000000e+00 -0.000000e+00 -1.000000e+00
    outer loop
      vertex   -2.785225e+01 -9.505076e+00 -8.000000e+00
      vertex   -2.776786e+01 -1.153407e+01 -8.000000e+00
      vertex   -2.802668e+01 -1.150000e+01 -8.000000e+00
    endloop
  endfacet
  facet normal 0.000000e+00 0.000000e+00 -1.000000e+00
    outer loop
      vertex   -2.785225e+01 -9.505076e+00 -8.000000e+00
      vertex   -2.802668e+01 -1.150000e+01 -8.000000e+00
      vertex   -2.854763e+01 -9.545577e+00 -8.000000e+00
    endloop
  endfacet
  facet normal 0.000000e+00 0.000000e+00 -1.000000e+00
    outer loop
      vertex   -2.854763e+01 -9.545577e+00 -8.000000e+00
      vertex   -2.802668e+01 -1.150000e+01 -8.000000e+00
      vertex   -2.828550e+01 -1.153407e+01 -8.000000e+00
    endloop
  endfacet
  facet normal 0.000000e+00 -0.000000e+00 -1.000000e+00
    outer loop
      vertex   -2.854763e+01 -9.545577e+00 -8.000000e+00
      vertex   -2.828550e+01 -1.153407e+01 -8.000000e+00
      vertex   -2.921492e+01 -9.745352e+00 -8.000000e+00
    endloop
  endfacet
  facet normal 0.000000e+00 0.000000e+00 -1.000000e+00
    outer loop
      vertex   -2.921492e+01 -9.745352e+00 -8.000000e+00
      vertex   -2.828550e+01 -1.153407e+01 -8.000000e+00
      vertex   -2.852668e+01 -1.163397e+01 -8.000000e+00
    endloop
  endfacet
  facet normal 0.000000e+00 -0.000000e+00 -1.000000e+00
    outer loop
      vertex   -2.921492e+01 -9.745352e+00 -8.000000e+00
      vertex   -2.852668e+01 -1.163397e+01 -8.000000e+00
      vertex   -2.981816e+01 -1.009363e+01 -8.000000e+00
    endloop
  endfacet
  facet normal 0.000000e+00 0.000000e+00 -1.000000e+00
    outer loop
      vertex   -2.981816e+01 -1.009363e+01 -8.000000e+00
      vertex   -2.852668e+01 -1.163397e+01 -8.000000e+00
      vertex   -2.873379e+01 -1.179289e+01 -8.000000e+00
    endloop
  endfacet
  facet normal 0.000000e+00 -0.000000e+00 -1.000000e+00
    outer loop
      vertex   -2.981816e+01 -1.009363e+01 -8.000000e+00
      vertex   -2.873379e+01 -1.179289e+01 -8.000000e+00
      vertex   -3.032482e+01 -1.057164e+01 -8.000000e+00
    endloop
  endfacet
  facet normal 0.000000e+00 0.000000e+00 -1.000000e+00
    outer loop
      vertex   -3.032482e+01 -1.057164e+01 -8.000000e+00
      vertex   -2.873379e+01 -1.179289e+01 -8.000000e+00
      vertex   -2.889271e+01 -1.200000e+01 -8.000000e+00
    endloop
  endfacet
  facet normal 0.000000e+00 -0.000000e+00 -1.000000e+00
    outer loop
      vertex   -3.032482e+01 -1.057164e+01 -8.000000e+00
      vertex   -2.889271e+01 -1.200000e+01 -8.000000e+00
      vertex   -3.070758e+01 -1.115360e+01 -8.000000e+00
    endloop
  endfacet
  facet normal 0.000000e+00 0.000000e+00 -1.000000e+00
    outer loop
      vertex   -3.070758e+01 -1.115360e+01 -8.000000e+00
      vertex   -2.889271e+01 -1.200000e+01 -8.000000e+00
      vertex   -2.899261e+01 -1.224118e+01 -8.000000e+00
    endloop
  endfacet
  facet normal 0.000000e+00 -0.000000e+00 -1.000000e+00
    outer loop
      vertex   -3.070758e+01 -1.115360e+01 -8.000000e+00
      vertex   -2.899261e+01 -1.224118e+01 -8.000000e+00
      vertex   -3.094582e+01 -1.180815e+01 -8.000000e+00
    endloop
  endfacet
  facet normal 0.000000e+00 0.000000e+00 -1.000000e+00
    outer loop
      vertex   -3.094582e+01 -1.180815e+01 -8.000000e+00
      vertex   -2.899261e+01 -1.224118e+01 -8.000000e+00
      vertex   -2.902668e+01 -1.250000e+01 -8.000000e+00
    endloop
  endfacet
  facet normal 0.000000e+00 0.000000e+00 -1.000000e+00
    outer loop
      vertex   -3.094582e+01 1.180815e+01 -2.000000e+00
      vertex   -5.104473e+01 1.217145e+01 -2.000000e+00
      vertex   -3.102668e+01 1.250000e+01 -2.000000e+00
    endloop
  endfacet
  facet normal -0.000000e+00 0.000000e+00 -1.000000e+00
    outer loop
      vertex   -3.102668e+01 1.250000e+01 -2.000000e+00
      vertex   -5.104473e+01 1.217145e+01 -2.000000e+00
      vertex   -5.104569e+01 1.283715e+01 -2.000000e+00
    endloop
  endfacet
  facet normal 0.000000e+00 0.000000e+00 -1.000000e+00
    outer loop
      vertex   -3.102668e+01 1.250000e+01 -2.000000e+00
      vertex   -5.104569e+01 1.283715e+01 -2.000000e+00
      vertex   -3.094582e+01 1.319185e+01 -2.000000e+00
    endloop
  endfacet
  facet normal -0.000000e+00 0.000000e+00 -1.000000e+00
    outer loop
      vertex   -3.094582e+01 1.319185e+01 -2.000000e+00
      vertex   -5.104569e+01 1.283715e+01 -2.000000e+00
      vertex   -5.119343e+01 1.348624e+01 -2.000000e+00
    endloop
  endfacet
  facet normal 0.000000e+00 0.000000e+00 -1.000000e+00
    outer loop
      vertex   -3.094582e+01 1.319185e+01 -2.000000e+00
      vertex   -5.119343e+01 1.348624e+01 -2.000000e+00
      vertex   -3.070758e+01 1.384640e+01 -2.000000e+00
    endloop
  endfacet
  facet normal -0.000000e+00 0.000000e+00 -1.000000e+00
    outer loop
      vertex   -3.070758e+01 1.384640e+01 -2.000000e+00
      vertex   -5.119343e+01 1.348624e+01 -2.000000e+00
      vertex   -5.148067e+01 1.408676e+01 -2.000000e+00
    endloop
  endfacet
  facet normal 0.000000e+00 0.000000e+00 -1.000000e+00
    outer loop
      vertex   -3.070758e+01 1.384640e+01 -2.000000e+00
      vertex   -5.148067e+01 1.408676e+01 -2.000000e+00
      vertex   -3.032482e+01 1.442836e+01 -2.000000e+00
    endloop
  endfacet
  facet normal -0.000000e+00 0.000000e+00 -1.000000e+00
    outer loop
      vertex   -3.032482e+01 1.442836e+01 -2.000000e+00
      vertex   -5.148067e+01 1.408676e+01 -2.000000e+00
      vertex   -5.189328e+01 1.460916e+01 -2.000000e+00
    endloop
  endfacet
  facet normal 0.000000e+00 0.000000e+00 -1.000000e+00
    outer loop
      vertex   -3.032482e+01 1.442836e+01 -2.000000e+00
      vertex   -5.189328e+01 1.460916e+01 -2.000000e+00
      vertex   -2.981816e+01 1.490637e+01 -2.000000e+00
    endloop
  endfacet
  facet normal -0.000000e+00 0.000000e+00 -1.000000e+00
    outer loop
      vertex   -2.981816e+01 1.490637e+01 -2.000000e+00
      vertex   -5.189328e+01 1.460916e+01 -2.000000e+00
      vertex   -5.241093e+01 1.502771e+01 -2.000000e+00
    endloop
  endfacet
  facet normal 0.000000e+00 0.000000e+00 -1.000000e+00
    outer loop
      vertex   -2.981816e+01 1.490637e+01 -2.000000e+00
      vertex   -5.241093e+01 1.502771e+01 -2.000000e+00
      vertex   -5.311547e+01 1.592533e+01 -2.000000e+00
    endloop
  endfacet
  facet normal 0.000000e+00 0.000000e+00 -1.000000e+00
    outer loop
      vertex   -5.311547e+01 1.592533e+01 -2.000000e+00
      vertex   -5.241093e+01 1.502771e+01 -2.000000e+00
      vertex   -5.300814e+01 1.532180e+01 -2.000000e+00
    endloop
  endfacet
  facet normal 0.000000e+00 -0.000000e+00 -1.000000e+00
    outer loop
      vertex   -5.104473e+01 1.217145e+01 -2.000000e+00
      vertex   -3.094582e+01 1.180815e+01 -2.000000e+00
      vertex   -5.119059e+01 1.152194e+01 -2.000000e+00
    endloop
  endfacet
  facet normal 0.000000e+00 0.000000e+00 -1.000000e+00
    outer loop
      vertex   -5.119059e+01 1.152194e+01 -2.000000e+00
      vertex   -3.094582e+01 1.180815e+01 -2.000000e+00
      vertex   -3.070758e+01 1.115360e+01 -2.000000e+00
    endloop
  endfacet
  facet normal 0.000000e+00 -0.000000e+00 -1.000000e+00
    outer loop
      vertex   -5.119059e+01 1.152194e+01 -2.000000e+00
      vertex   -3.070758e+01 1.115360e+01 -2.000000e+00
      vertex   -5.147610e+01 1.092059e+01 -2.000000e+00
    endloop
  endfacet
  facet normal 0.000000e+00 0.000000e+00 -1.000000e+00
    outer loop
      vertex   -5.147610e+01 1.092059e+01 -2.000000e+00
      vertex   -3.070758e+01 1.115360e+01 -2.000000e+00
      vertex   -3.032482e+01 1.057164e+01 -2.000000e+00
    endloop
  endfacet
  facet normal 0.000000e+00 -0.000000e+00 -1.000000e+00
    outer loop
      vertex   -5.147610e+01 1.092059e+01 -2.000000e+00
      vertex   -3.032482e+01 1.057164e+01 -2.000000e+00
      vertex   -5.188720e+01 1.039700e+01 -2.000000e+00
    endloop
  endfacet
  facet normal 0.000000e+00 0.000000e+00 -1.000000e+00
    outer loop
      vertex   -5.188720e+01 1.039700e+01 -2.000000e+00
      vertex   -3.032482e+01 1.057164e+01 -2.000000e+00
      vertex   -2.981816e+01 1.009363e+01 -2.000000e+00
    endloop
  endfacet
  facet normal 0.000000e+00 -0.000000e+00 -1.000000e+00
    outer loop
      vertex   -5.188720e+01 1.039700e+01 -2.000000e+00
      vertex   -2.981816e+01 1.009363e+01 -2.000000e+00
      vertex   -5.240364e+01 9.976958e+00 -2.000000e+00
    endloop
  endfacet
  facet normal 0.000000e+00 0.000000e+00 -1.000000e+00
    outer loop
      vertex   -5.240364e+01 9.976958e+00 -2.000000e+00
      vertex   -2.981816e+01 1.009363e+01 -2.000000e+00
      vertex   -2.921492e+01 9.745352e+00 -2.000000e+00
    endloop
  endfacet
  facet normal -7.349271e-18 -7.358182e-16 -1.000000e+00
    outer loop
      vertex   -5.240364e+01 9.976958e+00 -2.000000e+00
      vertex   -2.921492e+01 9.745352e+00 -2.000000e+00
      vertex   -5.300000e+01 9.681149e+00 -2.000000e+00
    endloop
  endfacet
  facet normal -9.252040e-18 -3.090396e-17 -1.000000e+00
    outer loop
      vertex   -5.300000e+01 9.681149e+00 -2.000000e+00
      vertex   -2.921492e+01 9.745352e+00 -2.000000e+00
      vertex   -2.854763e+01 9.545577e+00 -2.000000e+00
    endloop
  endfacet
  facet normal -9.017116e-18 1.146789e-17 -1.000000e+00
    outer loop
      vertex   -5.300000e+01 9.681149e+00 -2.000000e+00
      vertex   -2.854763e+01 9.545577e+00 -2.000000e+00
      vertex   -5.300000e+01 -9.681149e+00 -2.000000e+00
    endloop
  endfacet
  facet normal 0.000000e+00 0.000000e+00 -1.000000e+00
    outer loop
      vertex   -5.300000e+01 -9.681149e+00 -2.000000e+00
      vertex   -2.854763e+01 9.545577e+00 -2.000000e+00
      vertex   -2.854763e+01 -9.545577e+00 -2.000000e+00
    endloop
  endfacet
  facet normal 0.000000e+00 0.000000e+00 -1.000000e+00
    outer loop
      vertex   -5.300000e+01 -9.681149e+00 -2.000000e+00
      vertex   -2.854763e+01 -9.545577e+00 -2.000000e+00
      vertex   -2.921492e+01 -9.745352e+00 -2.000000e+00
    endloop
  endfacet
  facet normal -0.000000e+00 -0.000000e+00 -1.000000e+00
    outer loop
      vertex   -2.785225e+01 9.505076e+00 -2.000000e+00
      vertex   -8.000000e+00 5.000000e+00 -2.000000e+00
      vertex   -2.854763e+01 9.545577e+00 -2.000000e+00
    endloop
  endfacet
  facet normal 0.000000e+00 0.000000e+00 -1.000000e+00
    outer loop
      vertex   -2.854763e+01 9.545577e+00 -2.000000e+00
      vertex   -8.000000e+00 5.000000e+00 -2.000000e+00
      vertex   -8.000000e+00 -5.000000e+00 -2.000000e+00
    endloop
  endfacet
  facet normal 0.000000e+00 -0.000000e+00 -1.000000e+00
    outer loop
      vertex   -2.854763e+01 9.545577e+00 -2.000000e+00
      vertex   -8.000000e+00 -5.000000e+00 -2.000000e+00
      vertex   -2.854763e+01 -9.545577e+00 -2.000000e+00
    endloop
  endfacet
  facet normal 0.000000e+00 0.000000e+00 -1.000000e+00
    outer loop
      vertex   -2.854763e+01 -9.545577e+00 -2.000000e+00
      vertex   -8.000000e+00 -5.000000e+00 -2.000000e+00
      vertex   -2.785225e+01 -9.505076e+00 -2.000000e+00
    endloop
  endfacet
  facet normal 0.000000e+00 0.000000e+00 -1.000000e+00
    outer loop
      vertex   -2.785225e+01 -9.505076e+00 -2.000000e+00
      vertex   -8.000000e+00 -5.000000e+00 -2.000000e+00
      vertex   -7.931852e+00 -5.517638e+00 -2.000000e+00
    endloop
  endfacet
  facet normal 0.000000e+00 0.000000e+00 -1.000000e+00
    outer loop
      vertex   -2.785225e+01 -9.505076e+00 -2.000000e+00
      vertex   -7.931852e+00 -5.517638e+00 -2.000000e+00
      vertex   -2.716627e+01 -9.626031e+00 -2.000000e+00
    endloop
  endfacet
  facet normal 0.000000e+00 0.000000e+00 -1.000000e+00
    outer loop
      vertex   -2.716627e+01 -9.626031e+00 -2.000000e+00
      vertex   -7.931852e+00 -5.517638e+00 -2.000000e+00
      vertex   -7.732051e+00 -6.000000e+00 -2.000000e+00
    endloop
  endfacet
  facet normal 0.000000e+00 0.000000e+00 -1.000000e+00
    outer loop
      vertex   -2.716627e+01 -9.626031e+00 -2.000000e+00
      vertex   -7.732051e+00 -6.000000e+00 -2.000000e+00
      vertex   -7.414214e+00 -6.414214e+00 -2.000000e+00
    endloop
  endfacet
  facet normal 0.000000e+00 0.000000e+00 -1.000000e+00
    outer loop
      vertex   -8.000000e+00 5.000000e+00 -2.000000e+00
      vertex   -2.785225e+01 9.505076e+00 -2.000000e+00
      vertex   -7.931852e+00 5.517638e+00 -2.000000e+00
    endloop
  endfacet
  facet normal 0.000000e+00 0.000000e+00 -1.000000e+00
    outer loop
      vertex   -7.931852e+00 5.517638e+00 -2.000000e+00
      vertex   -2.785225e+01 9.505076e+00 -2.000000e+00
      vertex   -2.716627e+01 9.626031e+00 -2.000000e+00
    endloop
  endfacet
  facet normal 0.000000e+00 0.000000e+00 -1.000000e+00
    outer loop
      vertex   -7.931852e+00 5.517638e+00 -2.000000e+00
      vertex   -2.716627e+01 9.626031e+00 -2.000000e+00
      vertex   -7.732051e+00 6.000000e+00 -2.000000e+00
    endloop
  endfacet
  facet normal 0.000000e+00 0.000000e+00 -1.000000e+00
    outer loop
      vertex   -7.732051e+00 6.000000e+00 -2.000000e+00
      vertex   -2.716627e+01 9.626031e+00 -2.000000e+00
      vertex   -7.414214e+00 6.414214e+00 -2.000000e+00
    endloop
  endfacet
  facet normal 0.000000e+00 0.000000e+00 -1.000000e+00
    outer loop
      vertex   -7.414214e+00 6.414214e+00 -2.000000e+00
      vertex   -2.716627e+01 9.626031e+00 -2.000000e+00
      vertex   -2.652668e+01 9.901924e+00 -2.000000e+00
    endloop
  endfacet
  facet normal 0.000000e+00 0.000000e+00 -1.000000e+00
    outer loop
      vertex   -7.414214e+00 6.414214e+00 -2.000000e+00
      vertex   -2.652668e+01 9.901924e+00 -2.000000e+00
      vertex   -7.000000e+00 6.732051e+00 -2.000000e+00
    endloop
  endfacet
  facet normal 0.000000e+00 0.000000e+00 -1.000000e+00
    outer loop
      vertex   -7.000000e+00 6.732051e+00 -2.000000e+00
      vertex   -2.652668e+01 9.901924e+00 -2.000000e+00
      vertex   -2.596796e+01 1.031788e+01 -2.000000e+00
    endloop
  endfacet
  facet normal 0.000000e+00 0.000000e+00 -1.000000e+00
    outer loop
      vertex   -7.000000e+00 6.732051e+00 -2.000000e+00
      vertex   -2.596796e+01 1.031788e+01 -2.000000e+00
      vertex   -6.517638e+00 6.931852e+00 -2.000000e+00
    endloop
  endfacet
  facet normal 0.000000e+00 0.000000e+00 -1.000000e+00
    outer loop
      vertex   -6.517638e+00 6.931852e+00 -2.000000e+00
      vertex   -2.596796e+01 1.031788e+01 -2.000000e+00
      vertex   -2.552022e+01 1.085147e+01 -2.000000e+00
    endloop
  endfacet
  facet normal 0.000000e+00 0.000000e+00 -1.000000e+00
    outer loop
      vertex   -6.517638e+00 6.931852e+00 -2.000000e+00
      vertex   -2.552022e+01 1.085147e+01 -2.000000e+00
      vertex   -2.520761e+01 1.147394e+01 -2.000000e+00
    endloop
  endfacet
  facet normal 0.000000e+00 0.000000e+00 -1.000000e+00
    outer loop
      vertex   -6.517638e+00 6.931852e+00 -2.000000e+00
      vertex   -2.520761e+01 1.147394e+01 -2.000000e+00
      vertex   -6.000000e+00 7.000000e+00 -2.000000e+00
    endloop
  endfacet
  facet normal 0.000000e+00 0.000000e+00 -1.000000e+00
    outer loop
      vertex   -6.000000e+00 7.000000e+00 -2.000000e+00
      vertex   -2.520761e+01 1.147394e+01 -2.000000e+00
      vertex   -2.504697e+01 1.215172e+01 -2.000000e+00
    endloop
  endfacet
  facet normal 0.000000e+00 0.000000e+00 -1.000000e+00
    outer loop
      vertex   -6.000000e+00 7.000000e+00 -2.000000e+00
      vertex   -2.504697e+01 1.215172e+01 -2.000000e+00
      vertex   -2.504697e+01 1.284828e+01 -2.000000e+00
    endloop
  endfacet
  facet normal 0.000000e+00 0.000000e+00 -1.000000e+00
    outer loop
      vertex   -2.504697e+01 1.284828e+01 -2.000000e+00
      vertex   -2.520761e+01 1.352606e+01 -2.000000e+00
      vertex   -6.000000e+00 7.000000e+00 -2.000000e+00
    endloop
  endfacet
  facet normal 0.000000e+00 0.000000e+00 -1.000000e+00
    outer loop
      vertex   -6.000000e+00 7.000000e+00 -2.000000e+00
      vertex   -2.520761e+01 1.352606e+01 -2.000000e+00
      vertex   6.000000e+00 7.000000e+00 -2.000000e+00
    endloop
  endfacet
  facet normal 0.000000e+00 0.000000e+00 -1.000000e+00
    outer loop
      vertex   6.000000e+00 7.000000e+00 -2.000000e+00
      vertex   -2.520761e+01 1.352606e+01 -2.000000e+00
      vertex   -2.552022e+01 1.414853e+01 -2.000000e+00
    endloop
  endfacet
  facet normal 0.000000e+00 0.000000e+00 -1.000000e+00
    outer loop
      vertex   6.000000e+00 7.000000e+00 -2.000000e+00
      vertex   -2.552022e+01 1.414853e+01 -2.000000e+00
      vertex   -2.596796e+01 1.468212e+01 -2.000000e+00
    endloop
  endfacet
  facet normal 0.000000e+00 0.000000e+00 -1.000000e+00
    outer loop
      vertex   6.000000e+00 7.000000e+00 -2.000000e+00
      vertex   -2.596796e+01 1.468212e+01 -2.000000e+00
      vertex   5.300000e+01 1.800000e+01 -2.000000e+00
    endloop
  endfacet
  facet normal 0.000000e+00 0.000000e+00 -1.000000e+00
    outer loop
      vertex   5.300000e+01 1.800000e+01 -2.000000e+00
      vertex   -2.596796e+01 1.468212e+01 -2.000000e+00
      vertex   -2.652668e+01 1.509808e+01 -2.000000e+00
    endloop
  endfacet
  facet normal 0.000000e+00 0.000000e+00 -1.000000e+00
    outer loop
      vertex   5.300000e+01 1.800000e+01 -2.000000e+00
      vertex   -2.652668e+01 1.509808e+01 -2.000000e+00
      vertex   -2.716627e+01 1.537397e+01 -2.000000e+00
    endloop
  endfacet
  facet normal 0.000000e+00 0.000000e+00 -1.000000e+00
    outer loop
      vertex   -2.716627e+01 1.537397e+01 -2.000000e+00
      vertex   -2.785225e+01 1.549492e+01 -2.000000e+00
      vertex   5.300000e+01 1.800000e+01 -2.000000e+00
    endloop
  endfacet
  facet normal -0.000000e+00 0.000000e+00 -1.000000e+00
    outer loop
      vertex   5.300000e+01 1.800000e+01 -2.000000e+00
      vertex   -2.785225e+01 1.549492e+01 -2.000000e+00
      vertex   -5.500000e+01 1.800000e+01 -2.000000e+00
    endloop
  endfacet
  facet normal 0.000000e+00 0.000000e+00 -1.000000e+00
    outer loop
      vertex   -5.500000e+01 1.800000e+01 -2.000000e+00
      vertex   -2.785225e+01 1.549492e+01 -2.000000e+00
      vertex   -2.854763e+01 1.545442e+01 -2.000000e+00
    endloop
  endfacet
  facet normal 0.000000e+00 0.000000e+00 -1.000000e+00
    outer loop
      vertex   -5.500000e+01 1.800000e+01 -2.000000e+00
      vertex   -2.854763e+01 1.545442e+01 -2.000000e+00
      vertex   -5.463151e+01 1.777071e+01 -2.000000e+00
    endloop
  endfacet
  facet normal 0.000000e+00 0.000000e+00 -1.000000e+00
    outer loop
      vertex   -5.463151e+01 1.777071e+01 -2.000000e+00
      vertex   -2.854763e+01 1.545442e+01 -2.000000e+00
      vertex   -5.411742e+01 1.743681e+01 -2.000000e+00
    endloop
  endfacet
  facet normal 0.000000e+00 0.000000e+00 -1.000000e+00
    outer loop
      vertex   -5.411742e+01 1.743681e+01 -2.000000e+00
      vertex   -2.854763e+01 1.545442e+01 -2.000000e+00
      vertex   -2.921492e+01 1.525465e+01 -2.000000e+00
    endloop
  endfacet
  facet normal 0.000000e+00 0.000000e+00 -1.000000e+00
    outer loop
      vertex   -5.411742e+01 1.743681e+01 -2.000000e+00
      vertex   -2.921492e+01 1.525465e+01 -2.000000e+00
      vertex   -5.368194e+01 1.700539e+01 -2.000000e+00
    endloop
  endfacet
  facet normal 0.000000e+00 0.000000e+00 -1.000000e+00
    outer loop
      vertex   -5.368194e+01 1.700539e+01 -2.000000e+00
      vertex   -2.921492e+01 1.525465e+01 -2.000000e+00
      vertex   -5.334324e+01 1.649445e+01 -2.000000e+00
    endloop
  endfacet
  facet normal 0.000000e+00 0.000000e+00 -1.000000e+00
    outer loop
      vertex   -5.334324e+01 1.649445e+01 -2.000000e+00
      vertex   -2.921492e+01 1.525465e+01 -2.000000e+00
      vertex   -2.981816e+01 1.490637e+01 -2.000000e+00
    endloop
  endfacet
  facet normal 0.000000e+00 0.000000e+00 -1.000000e+00
    outer loop
      vertex   -5.334324e+01 1.649445e+01 -2.000000e+00
      vertex   -2.981816e+01 1.490637e+01 -2.000000e+00
      vertex   -5.311547e+01 1.592533e+01 -2.000000e+00
    endloop
  endfacet
  facet normal 0.000000e+00 0.000000e+00 -1.000000e+00
    outer loop
      vertex   7.931852e+00 -5.517638e+00 -2.000000e+00
      vertex   8.000000e+00 -5.000000e+00 -2.000000e+00
      vertex   5.300000e+01 -5.050510e+00 -2.000000e+00
    endloop
  endfacet
  facet normal 0.000000e+00 0.000000e+00 -1.000000e+00
    outer loop
      vertex   5.300000e+01 -5.050510e+00 -2.000000e+00
      vertex   8.000000e+00 -5.000000e+00 -2.000000e+00
      vertex   8.000000e+00 5.000000e+00 -2.000000e+00
    endloop
  endfacet
  facet normal 0.000000e+00 0.000000e+00 -1.000000e+00
    outer loop
      vertex   5.300000e+01 -5.050510e+00 -2.000000e+00
      vertex   8.000000e+00 5.000000e+00 -2.000000e+00
      vertex   5.300000e+01 5.050510e+00 -2.000000e+00
    endloop
  endfacet
  facet normal -0.000000e+00 0.000000e+00 -1.000000e+00
    outer loop
      vertex   5.300000e+01 5.050510e+00 -2.000000e+00
      vertex   8.000000e+00 5.000000e+00 -2.000000e+00
      vertex   7.931852e+00 5.517638e+00 -2.000000e+00
    endloop
  endfacet
  facet normal 0.000000e+00 0.000000e+00 -1.000000e+00
    outer loop
      vertex   5.300000e+01 5.050510e+00 -2.000000e+00
      vertex   7.931852e+00 5.517638e+00 -2.000000e+00
      vertex   7.732051e+00 6.000000e+00 -2.000000e+00
    endloop
  endfacet
  facet normal 0.000000e+00 0.000000e+00 -1.000000e+00
    outer loop
      vertex   5.300000e+01 5.050510e+00 -2.000000e+00
      vertex   7.732051e+00 6.000000e+00 -2.000000e+00
      vertex   5.300000e+01 9.949490e+00 -2.000000e+00
    endloop
  endfacet
  facet normal 0.000000e+00 0.000000e+00 -1.000000e+00
    outer loop
      vertex   5.300000e+01 9.949490e+00 -2.000000e+00
      vertex   7.732051e+00 6.000000e+00 -2.000000e+00
      vertex   7.414214e+00 6.414214e+00 -2.000000e+00
    endloop
  endfacet
  facet normal 0.000000e+00 0.000000e+00 -1.000000e+00
    outer loop
      vertex   5.300000e+01 9.949490e+00 -2.000000e+00
      vertex   7.414214e+00 6.414214e+00 -2.000000e+00
      vertex   7.000000e+00 6.732051e+00 -2.000000e+00
    endloop
  endfacet
  facet normal 0.000000e+00 0.000000e+00 -1.000000e+00
    outer loop
      vertex   7.000000e+00 6.732051e+00 -2.000000e+00
      vertex   6.517638e+00 6.931852e+00 -2.000000e+00
      vertex   5.300000e+01 9.949490e+00 -2.000000e+00
    endloop
  endfacet
  facet normal -0.000000e+00 0.000000e+00 -1.000000e+00
    outer loop
      vertex   5.300000e+01 9.949490e+00 -2.000000e+00
      vertex   6.517638e+00 6.931852e+00 -2.000000e+00
      vertex   5.300000e+01 1.800000e+01 -2.000000e+00
    endloop
  endfacet
  facet normal 0.000000e+00 0.000000e+00 -1.000000e+00
    outer loop
      vertex   5.300000e+01 1.800000e+01 -2.000000e+00
      vertex   6.517638e+00 6.931852e+00 -2.000000e+00
      vertex   6.000000e+00 7.000000e+00 -2.000000e+00
    endloop
  endfacet
  facet normal 0.000000e+00 0.000000e+00 -1.000000e+00
    outer loop
      vertex   -2.716627e+01 -9.626031e+00 -2.000000e+00
      vertex   -7.414214e+00 -6.414214e+00 -2.000000e+00
      vertex   -2.652668e+01 -9.901924e+00 -2.000000e+00
    endloop
  endfacet
  facet normal 0.000000e+00 0.000000e+00 -1.000000e+00
    outer loop
      vertex   -2.652668e+01 -9.901924e+00 -2.000000e+00
      vertex   -7.414214e+00 -6.414214e+00 -2.000000e+00
      vertex   -7.000000e+00 -6.732051e+00 -2.000000e+00
    endloop
  endfacet
  facet normal 0.000000e+00 0.000000e+00 -1.000000e+00
    outer loop
      vertex   -2.652668e+01 -9.901924e+00 -2.000000e+00
      vertex   -7.000000e+00 -6.732051e+00 -2.000000e+00
      vertex   -2.596796e+01 -1.031788e+01 -2.000000e+00
    endloop
  endfacet
  facet normal 0.000000e+00 0.000000e+00 -1.000000e+00
    outer loop
      vertex   -2.596796e+01 -1.031788e+01 -2.000000e+00
      vertex   -7.000000e+00 -6.732051e+00 -2.000000e+00
      vertex   -6.517638e+00 -6.931852e+00 -2.000000e+00
    endloop
  endfacet
  facet normal 0.000000e+00 0.000000e+00 -1.000000e+00
    outer loop
      vertex   -2.596796e+01 -1.031788e+01 -2.000000e+00
      vertex   -6.517638e+00 -6.931852e+00 -2.000000e+00
      vertex   -2.552022e+01 -1.085147e+01 -2.000000e+00
    endloop
  endfacet
  facet normal 0.000000e+00 0.000000e+00 -1.000000e+00
    outer loop
      vertex   -2.552022e+01 -1.085147e+01 -2.000000e+00
      vertex   -6.517638e+00 -6.931852e+00 -2.000000e+00
      vertex   -2.520761e+01 -1.147394e+01 -2.000000e+00
    endloop
  endfacet
  facet normal 0.000000e+00 0.000000e+00 -1.000000e+00
    outer loop
      vertex   -2.520761e+01 -1.147394e+01 -2.000000e+00
      vertex   -6.517638e+00 -6.931852e+00 -2.000000e+00
      vertex   -6.000000e+00 -7.000000e+00 -2.000000e+00
    endloop
  endfacet
  facet normal 0.000000e+00 0.000000e+00 -1.000000e+00
    outer loop
      vertex   -2.520761e+01 -1.147394e+01 -2.000000e+00
      vertex   -6.000000e+00 -7.000000e+00 -2.000000e+00
      vertex   -2.504697e+01 -1.215172e+01 -2.000000e+00
    endloop
  endfacet
  facet normal 0.000000e+00 0.000000e+00 -1.000000e+00
    outer loop
      vertex   -2.504697e+01 -1.215172e+01 -2.000000e+00
      vertex   -6.000000e+00 -7.000000e+00 -2.000000e+00
      vertex   -2.504697e+01 -1.284828e+01 -2.000000e+00
    endloop
  endfacet
  facet normal 0.000000e+00 -0.000000e+00 -1.000000e+00
    outer loop
      vertex   -2.504697e+01 -1.284828e+01 -2.000000e+00
      vertex   -6.000000e+00 -7.000000e+00 -2.000000e+00
      vertex   -2.520761e+01 -1.352606e+01 -2.000000e+00
    endloop
  endfacet
  facet normal 0.000000e+00 0.000000e+00 -1.000000e+00
    outer loop
      vertex   -2.520761e+01 -1.352606e+01 -2.000000e+00
      vertex   -6.000000e+00 -7.000000e+00 -2.000000e+00
      vertex   6.000000e+00 -7.000000e+00 -2.000000e+00
    endloop
  endfacet
  facet normal 0.000000e+00 -0.000000e+00 -1.000000e+00
    outer loop
      vertex   -2.520761e+01 -1.352606e+01 -2.000000e+00
      vertex   6.000000e+00 -7.000000e+00 -2.000000e+00
      vertex   -2.552022e+01 -1.414853e+01 -2.000000e+00
    endloop
  endfacet
  facet normal 0.000000e+00 -0.000000e+00 -1.000000e+00
    outer loop
      vertex   -2.552022e+01 -1.414853e+01 -2.000000e+00
      vertex   6.000000e+00 -7.000000e+00 -2.000000e+00
      vertex   -2.596796e+01 -1.468212e+01 -2.000000e+00
    endloop
  endfacet
  facet normal 0.000000e+00 0.000000e+00 -1.000000e+00
    outer loop
      vertex   -2.596796e+01 -1.468212e+01 -2.000000e+00
      vertex   6.000000e+00 -7.000000e+00 -2.000000e+00
      vertex   5.300000e+01 -1.800000e+01 -2.000000e+00
    endloop
  endfacet
  facet normal 0.000000e+00 -0.000000e+00 -1.000000e+00
    outer loop
      vertex   -2.596796e+01 -1.468212e+01 -2.000000e+00
      vertex   5.300000e+01 -1.800000e+01 -2.000000e+00
      vertex   -2.652668e+01 -1.509808e+01 -2.000000e+00
    endloop
  endfacet
  facet normal 0.000000e+00 -0.000000e+00 -1.000000e+00
    outer loop
      vertex   -2.652668e+01 -1.509808e+01 -2.000000e+00
      vertex   5.300000e+01 -1.800000e+01 -2.000000e+00
      vertex   -2.716627e+01 -1.537397e+01 -2.000000e+00
    endloop
  endfacet
  facet normal 0.000000e+00 -0.000000e+00 -1.000000e+00
    outer loop
      vertex   -2.716627e+01 -1.537397e+01 -2.000000e+00
      vertex   5.300000e+01 -1.800000e+01 -2.000000e+00
      vertex   -2.785225e+01 -1.549492e+01 -2.000000e+00
    endloop
  endfacet
  facet normal 0.000000e+00 -0.000000e+00 -1.000000e+00
    outer loop
      vertex   -2.785225e+01 -1.549492e+01 -2.000000e+00
      vertex   5.300000e+01 -1.800000e+01 -2.000000e+00
      vertex   -5.500000e+01 -1.800000e+01 -2.000000e+00
    endloop
  endfacet
  facet normal -0.000000e+00 0.000000e+00 -1.000000e+00
    outer loop
      vertex   -2.785225e+01 -1.549492e+01 -2.000000e+00
      vertex   -5.500000e+01 -1.800000e+01 -2.000000e+00
      vertex   -2.854763e+01 -1.545442e+01 -2.000000e+00
    endloop
  endfacet
  facet normal 0.000000e+00 0.000000e+00 -1.000000e+00
    outer loop
      vertex   -2.854763e+01 -1.545442e+01 -2.000000e+00
      vertex   -5.500000e+01 -1.800000e+01 -2.000000e+00
      vertex   -5.463151e+01 -1.777071e+01 -2.000000e+00
    endloop
  endfacet
  facet normal 0.000000e+00 0.000000e+00 -1.000000e+00
    outer loop
      vertex   -2.854763e+01 -1.545442e+01 -2.000000e+00
      vertex   -5.463151e+01 -1.777071e+01 -2.000000e+00
      vertex   -5.411742e+01 -1.743681e+01 -2.000000e+00
    endloop
  endfacet
  facet normal 0.000000e+00 0.000000e+00 -1.000000e+00
    outer loop
      vertex   6.000000e+00 -7.000000e+00 -2.000000e+00
      vertex   6.517638e+00 -6.931852e+00 -2.000000e+00
      vertex   5.300000e+01 -1.800000e+01 -2.000000e+00
    endloop
  endfacet
  facet normal 0.000000e+00 0.000000e+00 -1.000000e+00
    outer loop
      vertex   5.300000e+01 -1.800000e+01 -2.000000e+00
      vertex   6.517638e+00 -6.931852e+00 -2.000000e+00
      vertex   5.300000e+01 -9.949490e+00 -2.000000e+00
    endloop
  endfacet
  facet normal 0.000000e+00 0.000000e+00 -1.000000e+00
    outer loop
      vertex   5.300000e+01 -9.949490e+00 -2.000000e+00
      vertex   6.517638e+00 -6.931852e+00 -2.000000e+00
      vertex   7.000000e+00 -6.732051e+00 -2.000000e+00
    endloop
  endfacet
  facet normal 0.000000e+00 0.000000e+00 -1.000000e+00
    outer loop
      vertex   5.300000e+01 -9.949490e+00 -2.000000e+00
      vertex   7.000000e+00 -6.732051e+00 -2.000000e+00
      vertex   7.414214e+00 -6.414214e+00 -2.000000e+00
    endloop
  endfacet
  facet normal 0.000000e+00 0.000000e+00 -1.000000e+00
    outer loop
      vertex   7.414214e+00 -6.414214e+00 -2.000000e+00
      vertex   7.732051e+00 -6.000000e+00 -2.000000e+00
      vertex   5.300000e+01 -9.949490e+00 -2.000000e+00
    endloop
  endfacet
  facet normal 0.000000e+00 0.000000e+00 -1.000000e+00
    outer loop
      vertex   5.300000e+01 -9.949490e+00 -2.000000e+00
      vertex   7.732051e+00 -6.000000e+00 -2.000000e+00
      vertex   5.300000e+01 -5.050510e+00 -2.000000e+00
    endloop
  endfacet
  facet normal 0.000000e+00 0.000000e+00 -1.000000e+00
    outer loop
      vertex   5.300000e+01 -9.949490e+00 -2.000000e+00
      vertex   5.300000e+01 -5.050510e+00 -2.000000e+00
      vertex   5.800000e+01 -9.949490e+00 -2.000000e+00
    endloop
  endfacet
  facet normal 0.000000e+00 0.000000e+00 -1.000000e+00
    outer loop
      vertex   5.800000e+01 -9.949490e+00 -2.000000e+00
      vertex   5.300000e+01 -5.050510e+00 -2.000000e+00
      vertex   5.800000e+01 -5.050510e+00 -2.000000e+00
    endloop
  endfacet
  facet normal -0.000000e+00 0.000000e+00 -1.000000e+00
    outer loop
      vertex   5.800000e+01 -5.050510e+00 -2.000000e+00
      vertex   5.300000e+01 -5.050510e+00 -2.000000e+00
      vertex   5.746671e+01 -4.604824e+00 -2.000000e+00
    endloop
  endfacet
  facet normal 0.000000e+00 0.000000e+00 -1.000000e+00
    outer loop
      vertex   5.746671e+01 -4.604824e+00 -2.000000e+00
      vertex   5.300000e+01 -5.050510e+00 -2.000000e+00
      vertex   5.353329e+01 -4.604824e+00 -2.000000e+00
    endloop
  endfacet
  facet normal -0.000000e+00 0.000000e+00 -1.000000e+00
    outer loop
      vertex   5.746671e+01 -4.604824e+00 -2.000000e+00
      vertex   5.353329e+01 -4.604824e+00 -2.000000e+00
      vertex   5.685587e+01 -4.273298e+00 -2.000000e+00
    endloop
  endfacet
  facet normal 0.000000e+00 0.000000e+00 -1.000000e+00
    outer loop
      vertex   5.685587e+01 -4.273298e+00 -2.000000e+00
      vertex   5.353329e+01 -4.604824e+00 -2.000000e+00
      vertex   5.414413e+01 -4.273298e+00 -2.000000e+00
    endloop
  endfacet
  facet normal -0.000000e+00 0.000000e+00 -1.000000e+00
    outer loop
      vertex   5.685587e+01 -4.273298e+00 -2.000000e+00
      vertex   5.414413e+01 -4.273298e+00 -2.000000e+00
      vertex   5.619157e+01 -4.069005e+00 -2.000000e+00
    endloop
  endfacet
  facet normal 0.000000e+00 0.000000e+00 -1.000000e+00
    outer loop
      vertex   5.619157e+01 -4.069005e+00 -2.000000e+00
      vertex   5.414413e+01 -4.273298e+00 -2.000000e+00
      vertex   5.480843e+01 -4.069005e+00 -2.000000e+00
    endloop
  endfacet
  facet normal -0.000000e+00 0.000000e+00 -1.000000e+00
    outer loop
      vertex   5.619157e+01 -4.069005e+00 -2.000000e+00
      vertex   5.480843e+01 -4.069005e+00 -2.000000e+00
      vertex   5.550000e+01 -4.000000e+00 -2.000000e+00
    endloop
  endfacet
  facet normal 0.000000e+00 0.000000e+00 -1.000000e+00
    outer loop
      vertex   7.732051e+00 -6.000000e+00 -2.000000e+00
      vertex   7.931852e+00 -5.517638e+00 -2.000000e+00
      vertex   5.300000e+01 -5.050510e+00 -2.000000e+00
    endloop
  endfacet
  facet normal 0.000000e+00 -0.000000e+00 -1.000000e+00
    outer loop
      vertex   -5.300814e+01 -1.532180e+01 -2.000000e+00
      vertex   -5.241093e+01 -1.502771e+01 -2.000000e+00
      vertex   -5.311547e+01 -1.592533e+01 -2.000000e+00
    endloop
  endfacet
  facet normal 0.000000e+00 0.000000e+00 -1.000000e+00
    outer loop
      vertex   -5.311547e+01 -1.592533e+01 -2.000000e+00
      vertex   -5.241093e+01 -1.502771e+01 -2.000000e+00
      vertex   -2.981816e+01 -1.490637e+01 -2.000000e+00
    endloop
  endfacet
  facet normal 0.000000e+00 -0.000000e+00 -1.000000e+00
    outer loop
      vertex   -5.311547e+01 -1.592533e+01 -2.000000e+00
      vertex   -2.981816e+01 -1.490637e+01 -2.000000e+00
      vertex   -5.334324e+01 -1.649445e+01 -2.000000e+00
    endloop
  endfacet
  facet normal 0.000000e+00 0.000000e+00 -1.000000e+00
    outer loop
      vertex   -5.334324e+01 -1.649445e+01 -2.000000e+00
      vertex   -2.981816e+01 -1.490637e+01 -2.000000e+00
      vertex   -2.921492e+01 -1.525465e+01 -2.000000e+00
    endloop
  endfacet
  facet normal 0.000000e+00 -0.000000e+00 -1.000000e+00
    outer loop
      vertex   -5.334324e+01 -1.649445e+01 -2.000000e+00
      vertex   -2.921492e+01 -1.525465e+01 -2.000000e+00
      vertex   -5.368194e+01 -1.700539e+01 -2.000000e+00
    endloop
  endfacet
  facet normal 0.000000e+00 -0.000000e+00 -1.000000e+00
    outer loop
      vertex   -5.368194e+01 -1.700539e+01 -2.000000e+00
      vertex   -2.921492e+01 -1.525465e+01 -2.000000e+00
      vertex   -5.411742e+01 -1.743681e+01 -2.000000e+00
    endloop
  endfacet
  facet normal 0.000000e+00 0.000000e+00 -1.000000e+00
    outer loop
      vertex   -5.411742e+01 -1.743681e+01 -2.000000e+00
      vertex   -2.921492e+01 -1.525465e+01 -2.000000e+00
      vertex   -2.854763e+01 -1.545442e+01 -2.000000e+00
    endloop
  endfacet
  facet normal 0.000000e+00 0.000000e+00 -1.000000e+00
    outer loop
      vertex   -5.241093e+01 -1.502771e+01 -2.000000e+00
      vertex   -5.189328e+01 -1.460916e+01 -2.000000e+00
      vertex   -2.981816e+01 -1.490637e+01 -2.000000e+00
    endloop
  endfacet
  facet normal 0.000000e+00 0.000000e+00 -1.000000e+00
    outer loop
      vertex   -2.981816e+01 -1.490637e+01 -2.000000e+00
      vertex   -5.189328e+01 -1.460916e+01 -2.000000e+00
      vertex   -3.032482e+01 -1.442836e+01 -2.000000e+00
    endloop
  endfacet
  facet normal -0.000000e+00 0.000000e+00 -1.000000e+00
    outer loop
      vertex   -3.032482e+01 -1.442836e+01 -2.000000e+00
      vertex   -5.189328e+01 -1.460916e+01 -2.000000e+00
      vertex   -5.148067e+01 -1.408676e+01 -2.000000e+00
    endloop
  endfacet
  facet normal 0.000000e+00 0.000000e+00 -1.000000e+00
    outer loop
      vertex   -3.032482e+01 -1.442836e+01 -2.000000e+00
      vertex   -5.148067e+01 -1.408676e+01 -2.000000e+00
      vertex   -3.070758e+01 -1.384640e+01 -2.000000e+00
    endloop
  endfacet
  facet normal -0.000000e+00 0.000000e+00 -1.000000e+00
    outer loop
      vertex   -3.070758e+01 -1.384640e+01 -2.000000e+00
      vertex   -5.148067e+01 -1.408676e+01 -2.000000e+00
      vertex   -5.119343e+01 -1.348624e+01 -2.000000e+00
    endloop
  endfacet
  facet normal 0.000000e+00 0.000000e+00 -1.000000e+00
    outer loop
      vertex   -3.070758e+01 -1.384640e+01 -2.000000e+00
      vertex   -5.119343e+01 -1.348624e+01 -2.000000e+00
      vertex   -3.094582e+01 -1.319185e+01 -2.000000e+00
    endloop
  endfacet
  facet normal -0.000000e+00 0.000000e+00 -1.000000e+00
    outer loop
      vertex   -3.094582e+01 -1.319185e+01 -2.000000e+00
      vertex   -5.119343e+01 -1.348624e+01 -2.000000e+00
      vertex   -5.104569e+01 -1.283715e+01 -2.000000e+00
    endloop
  endfacet
  facet normal 0.000000e+00 0.000000e+00 -1.000000e+00
    outer loop
      vertex   -3.094582e+01 -1.319185e+01 -2.000000e+00
      vertex   -5.104569e+01 -1.283715e+01 -2.000000e+00
      vertex   -3.102668e+01 -1.250000e+01 -2.000000e+00
    endloop
  endfacet
  facet normal -0.000000e+00 0.000000e+00 -1.000000e+00
    outer loop
      vertex   -3.102668e+01 -1.250000e+01 -2.000000e+00
      vertex   -5.104569e+01 -1.283715e+01 -2.000000e+00
      vertex   -5.104473e+01 -1.217145e+01 -2.000000e+00
    endloop
  endfacet
  facet normal 0.000000e+00 0.000000e+00 -1.000000e+00
    outer loop
      vertex   -3.102668e+01 -1.250000e+01 -2.000000e+00
      vertex   -5.104473e+01 -1.217145e+01 -2.000000e+00
      vertex   -3.094582e+01 -1.180815e+01 -2.000000e+00
    endloop
  endfacet
  facet normal -0.000000e+00 0.000000e+00 -1.000000e+00
    outer loop
      vertex   -3.094582e+01 -1.180815e+01 -2.000000e+00
      vertex   -5.104473e+01 -1.217145e+01 -2.000000e+00
      vertex   -5.119059e+01 -1.152194e+01 -2.000000e+00
    endloop
  endfacet
  facet normal 0.000000e+00 0.000000e+00 -1.000000e+00
    outer loop
      vertex   -3.094582e+01 -1.180815e+01 -2.000000e+00
      vertex   -5.119059e+01 -1.152194e+01 -2.000000e+00
      vertex   -3.070758e+01 -1.115360e+01 -2.000000e+00
    endloop
  endfacet
  facet normal -0.000000e+00 0.000000e+00 -1.000000e+00
    outer loop
      vertex   -3.070758e+01 -1.115360e+01 -2.000000e+00
      vertex   -5.119059e+01 -1.152194e+01 -2.000000e+00
      vertex   -5.147610e+01 -1.092059e+01 -2.000000e+00
    endloop
  endfacet
  facet normal 0.000000e+00 0.000000e+00 -1.000000e+00
    outer loop
      vertex   -3.070758e+01 -1.115360e+01 -2.000000e+00
      vertex   -5.147610e+01 -1.092059e+01 -2.000000e+00
      vertex   -3.032482e+01 -1.057164e+01 -2.000000e+00
    endloop
  endfacet
  facet normal -0.000000e+00 0.000000e+00 -1.000000e+00
    outer loop
      vertex   -3.032482e+01 -1.057164e+01 -2.000000e+00
      vertex   -5.147610e+01 -1.092059e+01 -2.000000e+00
      vertex   -5.188720e+01 -1.039700e+01 -2.000000e+00
    endloop
  endfacet
  facet normal 0.000000e+00 0.000000e+00 -1.000000e+00
    outer loop
      vertex   -3.032482e+01 -1.057164e+01 -2.000000e+00
      vertex   -5.188720e+01 -1.039700e+01 -2.000000e+00
      vertex   -2.981816e+01 -1.009363e+01 -2.000000e+00
    endloop
  endfacet
  facet normal -0.000000e+00 0.000000e+00 -1.000000e+00
    outer loop
      vertex   -2.981816e+01 -1.009363e+01 -2.000000e+00
      vertex   -5.188720e+01 -1.039700e+01 -2.000000e+00
      vertex   -5.240364e+01 -9.976958e+00 -2.000000e+00
    endloop
  endfacet
  facet normal 0.000000e+00 0.000000e+00 -1.000000e+00
    outer loop
      vertex   -2.981816e+01 -1.009363e+01 -2.000000e+00
      vertex   -5.240364e+01 -9.976958e+00 -2.000000e+00
      vertex   -2.921492e+01 -9.745352e+00 -2.000000e+00
    endloop
  endfacet
  facet normal -0.000000e+00 0.000000e+00 -1.000000e+00
    outer loop
      vertex   -2.921492e+01 -9.745352e+00 -2.000000e+00
      vertex   -5.240364e+01 -9.976958e+00 -2.000000e+00
      vertex   -5.300000e+01 -9.681149e+00 -2.000000e+00
    endloop
  endfacet
  facet normal 0.000000e+00 0.000000e+00 -1.000000e+00
    outer loop
      vertex   -5.520273e+01 1.799314e+01 -2.000000e+00
      vertex   -5.513521e+01 1.799695e+01 -2.000000e+00
      vertex   -5.463151e+01 1.777071e+01 -2.000000e+00
    endloop
  endfacet
  facet normal 0.000000e+00 0.000000e+00 -1.000000e+00
    outer loop
      vertex   -5.463151e+01 1.777071e+01 -2.000000e+00
      vertex   -5.513521e+01 1.799695e+01 -2.000000e+00
      vertex   -5.506762e+01 1.799924e+01 -2.000000e+00
    endloop
  endfacet
  facet normal 0.000000e+00 0.000000e+00 -1.000000e+00
    outer loop
      vertex   -5.463151e+01 1.777071e+01 -2.000000e+00
      vertex   -5.506762e+01 1.799924e+01 -2.000000e+00
      vertex   -5.500000e+01 1.800000e+01 -2.000000e+00
    endloop
  endfacet
  facet normal 0.000000e+00 -0.000000e+00 -1.000000e+00
    outer loop
      vertex   5.353329e+01 1.039518e+01 -2.000000e+00
      vertex   5.746671e+01 1.039518e+01 -2.000000e+00
      vertex   5.300000e+01 9.949490e+00 -2.000000e+00
    endloop
  endfacet
  facet normal 0.000000e+00 0.000000e+00 -1.000000e+00
    outer loop
      vertex   5.300000e+01 9.949490e+00 -2.000000e+00
      vertex   5.746671e+01 1.039518e+01 -2.000000e+00
      vertex   5.800000e+01 9.949490e+00 -2.000000e+00
    endloop
  endfacet
  facet normal 0.000000e+00 0.000000e+00 -1.000000e+00
    outer loop
      vertex   5.300000e+01 9.949490e+00 -2.000000e+00
      vertex   5.800000e+01 9.949490e+00 -2.000000e+00
      vertex   5.800000e+01 5.050510e+00 -2.000000e+00
    endloop
  endfacet
  facet normal -0.000000e+00 0.000000e+00 -1.000000e+00
    outer loop
      vertex   5.746671e+01 1.039518e+01 -2.000000e+00
      vertex   5.353329e+01 1.039518e+01 -2.000000e+00
      vertex   5.685587e+01 1.072670e+01 -2.000000e+00
    endloop
  endfacet
  facet normal 0.000000e+00 0.000000e+00 -1.000000e+00
    outer loop
      vertex   5.685587e+01 1.072670e+01 -2.000000e+00
      vertex   5.353329e+01 1.039518e+01 -2.000000e+00
      vertex   5.414413e+01 1.072670e+01 -2.000000e+00
    endloop
  endfacet
  facet normal -0.000000e+00 0.000000e+00 -1.000000e+00
    outer loop
      vertex   5.685587e+01 1.072670e+01 -2.000000e+00
      vertex   5.414413e+01 1.072670e+01 -2.000000e+00
      vertex   5.619157e+01 1.093100e+01 -2.000000e+00
    endloop
  endfacet
  facet normal 0.000000e+00 0.000000e+00 -1.000000e+00
    outer loop
      vertex   5.619157e+01 1.093100e+01 -2.000000e+00
      vertex   5.414413e+01 1.072670e+01 -2.000000e+00
      vertex   5.480843e+01 1.093100e+01 -2.000000e+00
    endloop
  endfacet
  facet normal -0.000000e+00 0.000000e+00 -1.000000e+00
    outer loop
      vertex   5.619157e+01 1.093100e+01 -2.000000e+00
      vertex   5.480843e+01 1.093100e+01 -2.000000e+00
      vertex   5.550000e+01 1.100000e+01 -2.000000e+00
    endloop
  endfacet
  facet normal 0.000000e+00 0.000000e+00 -1.000000e+00
    outer loop
      vertex   5.746671e+01 4.604824e+00 -2.000000e+00
      vertex   5.353329e+01 4.604824e+00 -2.000000e+00
      vertex   5.800000e+01 5.050510e+00 -2.000000e+00
    endloop
  endfacet
  facet normal -0.000000e+00 0.000000e+00 -1.000000e+00
    outer loop
      vertex   5.800000e+01 5.050510e+00 -2.000000e+00
      vertex   5.353329e+01 4.604824e+00 -2.000000e+00
      vertex   5.300000e+01 5.050510e+00 -2.000000e+00
    endloop
  endfacet
  facet normal 0.000000e+00 0.000000e+00 -1.000000e+00
    outer loop
      vertex   5.800000e+01 5.050510e+00 -2.000000e+00
      vertex   5.300000e+01 5.050510e+00 -2.000000e+00
      vertex   5.300000e+01 9.949490e+00 -2.000000e+00
    endloop
  endfacet
  facet normal 0.000000e+00 0.000000e+00 -1.000000e+00
    outer loop
      vertex   5.353329e+01 4.604824e+00 -2.000000e+00
      vertex   5.746671e+01 4.604824e+00 -2.000000e+00
      vertex   5.414413e+01 4.273298e+00 -2.000000e+00
    endloop
  endfacet
  facet normal 0.000000e+00 0.000000e+00 -1.000000e+00
    outer loop
      vertex   5.414413e+01 4.273298e+00 -2.000000e+00
      vertex   5.746671e+01 4.604824e+00 -2.000000e+00
      vertex   5.685587e+01 4.273298e+00 -2.000000e+00
    endloop
  endfacet
  facet normal 0.000000e+00 0.000000e+00 -1.000000e+00
    outer loop
      vertex   5.414413e+01 4.273298e+00 -2.000000e+00
      vertex   5.685587e+01 4.273298e+00 -2.000000e+00
      vertex   5.480843e+01 4.069005e+00 -2.000000e+00
    endloop
  endfacet
  facet normal 0.000000e+00 0.000000e+00 -1.000000e+00
    outer loop
      vertex   5.480843e+01 4.069005e+00 -2.000000e+00
      vertex   5.685587e+01 4.273298e+00 -2.000000e+00
      vertex   5.619157e+01 4.069005e+00 -2.000000e+00
    endloop
  endfacet
  facet normal 0.000000e+00 0.000000e+00 -1.000000e+00
    outer loop
      vertex   5.480843e+01 4.069005e+00 -2.000000e+00
      vertex   5.619157e+01 4.069005e+00 -2.000000e+00
      vertex   5.550000e+01 4.000000e+00 -2.000000e+00
    endloop
  endfacet
  facet normal 0.000000e+00 0.000000e+00 -1.000000e+00
    outer loop
      vertex   5.300000e+01 -9.949490e+00 -2.000000e+00
      vertex   5.800000e+01 -9.949490e+00 -2.000000e+00
      vertex   5.353329e+01 -1.039518e+01 -2.000000e+00
    endloop
  endfacet
  facet normal 0.000000e+00 0.000000e+00 -1.000000e+00
    outer loop
      vertex   5.353329e+01 -1.039518e+01 -2.000000e+00
      vertex   5.800000e+01 -9.949490e+00 -2.000000e+00
      vertex   5.746671e+01 -1.039518e+01 -2.000000e+00
    endloop
  endfacet
  facet normal 0.000000e+00 0.000000e+00 -1.000000e+00
    outer loop
      vertex   5.353329e+01 -1.039518e+01 -2.000000e+00
      vertex   5.746671e+01 -1.039518e+01 -2.000000e+00
      vertex   5.414413e+01 -1.072670e+01 -2.000000e+00
    endloop
  endfacet
  facet normal 0.000000e+00 0.000000e+00 -1.000000e+00
    outer loop
      vertex   5.414413e+01 -1.072670e+01 -2.000000e+00
      vertex   5.746671e+01 -1.039518e+01 -2.000000e+00
      vertex   5.685587e+01 -1.072670e+01 -2.000000e+00
    endloop
  endfacet
  facet normal 0.000000e+00 0.000000e+00 -1.000000e+00
    outer loop
      vertex   5.414413e+01 -1.072670e+01 -2.000000e+00
      vertex   5.685587e+01 -1.072670e+01 -2.000000e+00
      vertex   5.480843e+01 -1.093100e+01 -2.000000e+00
    endloop
  endfacet
  facet normal 0.000000e+00 0.000000e+00 -1.000000e+00
    outer loop
      vertex   5.480843e+01 -1.093100e+01 -2.000000e+00
      vertex   5.685587e+01 -1.072670e+01 -2.000000e+00
      vertex   5.619157e+01 -1.093100e+01 -2.000000e+00
    endloop
  endfacet
  facet normal 0.000000e+00 0.000000e+00 -1.000000e+00
    outer loop
      vertex   5.480843e+01 -1.093100e+01 -2.000000e+00
      vertex   5.619157e+01 -1.093100e+01 -2.000000e+00
      vertex   5.550000e+01 -1.100000e+01 -2.000000e+00
    endloop
  endfacet
  facet normal 0.000000e+00 0.000000e+00 -1.000000e+00
    outer loop
      vertex   -5.500000e+01 -1.800000e+01 -2.000000e+00
      vertex   -5.506762e+01 -1.799924e+01 -2.000000e+00
      vertex   -5.463151e+01 -1.777071e+01 -2.000000e+00
    endloop
  endfacet
  facet normal 0.000000e+00 0.000000e+00 -1.000000e+00
    outer loop
      vertex   -5.463151e+01 -1.777071e+01 -2.000000e+00
      vertex   -5.506762e+01 -1.799924e+01 -2.000000e+00
      vertex   -5.513521e+01 -1.799695e+01 -2.000000e+00
    endloop
  endfacet
  facet normal 0.000000e+00 0.000000e+00 -1.000000e+00
    outer loop
      vertex   -5.463151e+01 -1.777071e+01 -2.000000e+00
      vertex   -5.513521e+01 -1.799695e+01 -2.000000e+00
      vertex   -5.520273e+01 -1.799314e+01 -2.000000e+00
    endloop
  endfacet
  facet normal 9.914449e-01 -1.305262e-01 5.870533e-16
    outer loop
      vertex   -2.899261e+01 1.275882e+01 -8.000000e+00
      vertex   -2.899261e+01 1.275882e+01 -2.000000e+00
      vertex   -2.902668e+01 1.250000e+01 -8.000000e+00
    endloop
  endfacet
  facet normal 9.914449e-01 -1.305262e-01 0.000000e+00
    outer loop
      vertex   -2.902668e+01 1.250000e+01 -8.000000e+00
      vertex   -2.899261e+01 1.275882e+01 -2.000000e+00
      vertex   -2.902668e+01 1.250000e+01 -2.000000e+00
    endloop
  endfacet
  facet normal 9.914449e-01 1.305262e-01 -0.000000e+00
    outer loop
      vertex   -2.902668e+01 1.250000e+01 -8.000000e+00
      vertex   -2.902668e+01 1.250000e+01 -2.000000e+00
      vertex   -2.899261e+01 1.224118e+01 -8.000000e+00
    endloop
  endfacet
  facet normal 9.914449e-01 1.305262e-01 -5.870533e-16
    outer loop
      vertex   -2.899261e+01 1.224118e+01 -8.000000e+00
      vertex   -2.902668e+01 1.250000e+01 -2.000000e+00
      vertex   -2.899261e+01 1.224118e+01 -2.000000e+00
    endloop
  endfacet
  facet normal 9.238795e-01 3.826834e-01 -5.470466e-16
    outer loop
      vertex   -2.899261e+01 1.224118e+01 -8.000000e+00
      vertex   -2.899261e+01 1.224118e+01 -2.000000e+00
      vertex   -2.889271e+01 1.200000e+01 -8.000000e+00
    endloop
  endfacet
  facet normal 9.238795e-01 3.826834e-01 -0.000000e+00
    outer loop
      vertex   -2.889271e+01 1.200000e+01 -8.000000e+00
      vertex   -2.899261e+01 1.224118e+01 -2.000000e+00
      vertex   -2.889271e+01 1.200000e+01 -2.000000e+00
    endloop
  endfacet
  facet normal 7.933533e-01 6.087614e-01 -0.000000e+00
    outer loop
      vertex   -2.889271e+01 1.200000e+01 -8.000000e+00
      vertex   -2.889271e+01 1.200000e+01 -2.000000e+00
      vertex   -2.873379e+01 1.179289e+01 -8.000000e+00
    endloop
  endfacet
  facet normal 7.933533e-01 6.087614e-01 -0.000000e+00
    outer loop
      vertex   -2.873379e+01 1.179289e+01 -8.000000e+00
      vertex   -2.889271e+01 1.200000e+01 -2.000000e+00
      vertex   -2.873379e+01 1.179289e+01 -2.000000e+00
    endloop
  endfacet
  facet normal 6.087614e-01 7.933533e-01 -0.000000e+00
    outer loop
      vertex   -2.873379e+01 1.179289e+01 -8.000000e+00
      vertex   -2.873379e+01 1.179289e+01 -2.000000e+00
      vertex   -2.852668e+01 1.163397e+01 -8.000000e+00
    endloop
  endfacet
  facet normal 6.087614e-01 7.933533e-01 -1.255794e-16
    outer loop
      vertex   -2.852668e+01 1.163397e+01 -8.000000e+00
      vertex   -2.873379e+01 1.179289e+01 -2.000000e+00
      vertex   -2.852668e+01 1.163397e+01 -2.000000e+00
    endloop
  endfacet
  facet normal 3.826834e-01 9.238795e-01 4.692918e-17
    outer loop
      vertex   -2.852668e+01 1.163397e+01 -8.000000e+00
      vertex   -2.852668e+01 1.163397e+01 -2.000000e+00
      vertex   -2.828550e+01 1.153407e+01 -8.000000e+00
    endloop
  endfacet
  facet normal 3.826834e-01 9.238795e-01 -0.000000e+00
    outer loop
      vertex   -2.828550e+01 1.153407e+01 -8.000000e+00
      vertex   -2.852668e+01 1.163397e+01 -2.000000e+00
      vertex   -2.828550e+01 1.153407e+01 -2.000000e+00
    endloop
  endfacet
  facet normal 1.305262e-01 9.914449e-01 -0.000000e+00
    outer loop
      vertex   -2.828550e+01 1.153407e+01 -8.000000e+00
      vertex   -2.828550e+01 1.153407e+01 -2.000000e+00
      vertex   -2.802668e+01 1.150000e+01 -8.000000e+00
    endloop
  endfacet
  facet normal 1.305262e-01 9.914449e-01 -0.000000e+00
    outer loop
      vertex   -2.802668e+01 1.150000e+01 -8.000000e+00
      vertex   -2.828550e+01 1.153407e+01 -2.000000e+00
      vertex   -2.802668e+01 1.150000e+01 -2.000000e+00
    endloop
  endfacet
  facet normal -1.305262e-01 9.914449e-01 0.000000e+00
    outer loop
      vertex   -2.802668e+01 1.150000e+01 -8.000000e+00
      vertex   -2.802668e+01 1.150000e+01 -2.000000e+00
      vertex   -2.776786e+01 1.153407e+01 -8.000000e+00
    endloop
  endfacet
  facet normal -1.305262e-01 9.914449e-01 0.000000e+00
    outer loop
      vertex   -2.776786e+01 1.153407e+01 -8.000000e+00
      vertex   -2.802668e+01 1.150000e+01 -2.000000e+00
      vertex   -2.776786e+01 1.153407e+01 -2.000000e+00
    endloop
  endfacet
  facet normal -3.826834e-01 9.238795e-01 0.000000e+00
    outer loop
      vertex   -2.776786e+01 1.153407e+01 -8.000000e+00
      vertex   -2.776786e+01 1.153407e+01 -2.000000e+00
      vertex   -2.752668e+01 1.163397e+01 -8.000000e+00
    endloop
  endfacet
  facet normal -3.826834e-01 9.238795e-01 2.265941e-16
    outer loop
      vertex   -2.752668e+01 1.163397e+01 -8.000000e+00
      vertex   -2.776786e+01 1.153407e+01 -2.000000e+00
      vertex   -2.752668e+01 1.163397e+01 -2.000000e+00
    endloop
  endfacet
  facet normal -6.087614e-01 7.933533e-01 3.604592e-16
    outer loop
      vertex   -2.752668e+01 1.163397e+01 -8.000000e+00
      vertex   -2.752668e+01 1.163397e+01 -2.000000e+00
      vertex   -2.731958e+01 1.179289e+01 -8.000000e+00
    endloop
  endfacet
  facet normal -6.087614e-01 7.933533e-01 3.604592e-16
    outer loop
      vertex   -2.731958e+01 1.179289e+01 -8.000000e+00
      vertex   -2.752668e+01 1.163397e+01 -2.000000e+00
      vertex   -2.731958e+01 1.179289e+01 -2.000000e+00
    endloop
  endfacet
  facet normal -7.933533e-01 6.087614e-01 4.697595e-16
    outer loop
      vertex   -2.731958e+01 1.179289e+01 -8.000000e+00
      vertex   -2.731958e+01 1.179289e+01 -2.000000e+00
      vertex   -2.716066e+01 1.200000e+01 -8.000000e+00
    endloop
  endfacet
  facet normal -7.933533e-01 6.087614e-01 0.000000e+00
    outer loop
      vertex   -2.716066e+01 1.200000e+01 -8.000000e+00
      vertex   -2.731958e+01 1.179289e+01 -2.000000e+00
      vertex   -2.716066e+01 1.200000e+01 -2.000000e+00
    endloop
  endfacet
  facet normal -9.238795e-01 3.826834e-01 0.000000e+00
    outer loop
      vertex   -2.716066e+01 1.200000e+01 -8.000000e+00
      vertex   -2.716066e+01 1.200000e+01 -2.000000e+00
      vertex   -2.706076e+01 1.224118e+01 -8.000000e+00
    endloop
  endfacet
  facet normal -9.238795e-01 3.826834e-01 0.000000e+00
    outer loop
      vertex   -2.706076e+01 1.224118e+01 -8.000000e+00
      vertex   -2.716066e+01 1.200000e+01 -2.000000e+00
      vertex   -2.706076e+01 1.224118e+01 -2.000000e+00
    endloop
  endfacet
  facet normal -9.914449e-01 1.305262e-01 0.000000e+00
    outer loop
      vertex   -2.706076e+01 1.224118e+01 -8.000000e+00
      vertex   -2.706076e+01 1.224118e+01 -2.000000e+00
      vertex   -2.702668e+01 1.250000e+01 -8.000000e+00
    endloop
  endfacet
  facet normal -9.914449e-01 1.305262e-01 0.000000e+00
    outer loop
      vertex   -2.702668e+01 1.250000e+01 -8.000000e+00
      vertex   -2.706076e+01 1.224118e+01 -2.000000e+00
      vertex   -2.702668e+01 1.250000e+01 -2.000000e+00
    endloop
  endfacet
  facet normal -9.914449e-01 -1.305262e-01 0.000000e+00
    outer loop
      vertex   -2.702668e+01 1.250000e+01 -8.000000e+00
      vertex   -2.702668e+01 1.250000e+01 -2.000000e+00
      vertex   -2.706076e+01 1.275882e+01 -8.000000e+00
    endloop
  endfacet
  facet normal -9.914449e-01 -1.305262e-01 0.000000e+00
    outer loop
      vertex   -2.706076e+01 1.275882e+01 -8.000000e+00
      vertex   -2.702668e+01 1.250000e+01 -2.000000e+00
      vertex   -2.706076e+01 1.275882e+01 -2.000000e+00
    endloop
  endfacet
  facet normal -9.238795e-01 -3.826834e-01 0.000000e+00
    outer loop
      vertex   -2.706076e+01 1.275882e+01 -8.000000e+00
      vertex   -2.706076e+01 1.275882e+01 -2.000000e+00
      vertex   -2.716066e+01 1.300000e+01 -8.000000e+00
    endloop
  endfacet
  facet normal -9.238795e-01 -3.826834e-01 0.000000e+00
    outer loop
      vertex   -2.716066e+01 1.300000e+01 -8.000000e+00
      vertex   -2.706076e+01 1.275882e+01 -2.000000e+00
      vertex   -2.716066e+01 1.300000e+01 -2.000000e+00
    endloop
  endfacet
  facet normal -7.933533e-01 -6.087614e-01 0.000000e+00
    outer loop
      vertex   -2.716066e+01 1.300000e+01 -8.000000e+00
      vertex   -2.716066e+01 1.300000e+01 -2.000000e+00
      vertex   -2.731958e+01 1.320711e+01 -8.000000e+00
    endloop
  endfacet
  facet normal -7.933533e-01 -6.087614e-01 -4.697595e-16
    outer loop
      vertex   -2.731958e+01 1.320711e+01 -8.000000e+00
      vertex   -2.716066e+01 1.300000e+01 -2.000000e+00
      vertex   -2.731958e+01 1.320711e+01 -2.000000e+00
    endloop
  endfacet
  facet normal -6.087614e-01 -7.933533e-01 -3.604592e-16
    outer loop
      vertex   -2.731958e+01 1.320711e+01 -8.000000e+00
      vertex   -2.731958e+01 1.320711e+01 -2.000000e+00
      vertex   -2.752668e+01 1.336603e+01 -8.000000e+00
    endloop
  endfacet
  facet normal -6.087614e-01 -7.933533e-01 -3.604592e-16
    outer loop
      vertex   -2.752668e+01 1.336603e+01 -8.000000e+00
      vertex   -2.731958e+01 1.320711e+01 -2.000000e+00
      vertex   -2.752668e+01 1.336603e+01 -2.000000e+00
    endloop
  endfacet
  facet normal -3.826834e-01 -9.238795e-01 -2.265941e-16
    outer loop
      vertex   -2.752668e+01 1.336603e+01 -8.000000e+00
      vertex   -2.752668e+01 1.336603e+01 -2.000000e+00
      vertex   -2.776786e+01 1.346593e+01 -8.000000e+00
    endloop
  endfacet
  facet normal -3.826834e-01 -9.238795e-01 0.000000e+00
    outer loop
      vertex   -2.776786e+01 1.346593e+01 -8.000000e+00
      vertex   -2.752668e+01 1.336603e+01 -2.000000e+00
      vertex   -2.776786e+01 1.346593e+01 -2.000000e+00
    endloop
  endfacet
  facet normal -1.305262e-01 -9.914449e-01 0.000000e+00
    outer loop
      vertex   -2.776786e+01 1.346593e+01 -8.000000e+00
      vertex   -2.776786e+01 1.346593e+01 -2.000000e+00
      vertex   -2.802668e+01 1.350000e+01 -8.000000e+00
    endloop
  endfacet
  facet normal -1.305262e-01 -9.914449e-01 0.000000e+00
    outer loop
      vertex   -2.802668e+01 1.350000e+01 -8.000000e+00
      vertex   -2.776786e+01 1.346593e+01 -2.000000e+00
      vertex   -2.802668e+01 1.350000e+01 -2.000000e+00
    endloop
  endfacet
  facet normal 1.305262e-01 -9.914449e-01 0.000000e+00
    outer loop
      vertex   -2.802668e+01 1.350000e+01 -8.000000e+00
      vertex   -2.802668e+01 1.350000e+01 -2.000000e+00
      vertex   -2.828550e+01 1.346593e+01 -8.000000e+00
    endloop
  endfacet
  facet normal 1.305262e-01 -9.914449e-01 0.000000e+00
    outer loop
      vertex   -2.828550e+01 1.346593e+01 -8.000000e+00
      vertex   -2.802668e+01 1.350000e+01 -2.000000e+00
      vertex   -2.828550e+01 1.346593e+01 -2.000000e+00
    endloop
  endfacet
  facet normal 3.826834e-01 -9.238795e-01 0.000000e+00
    outer loop
      vertex   -2.828550e+01 1.346593e+01 -8.000000e+00
      vertex   -2.828550e+01 1.346593e+01 -2.000000e+00
      vertex   -2.852668e+01 1.336603e+01 -8.000000e+00
    endloop
  endfacet
  facet normal 3.826834e-01 -9.238795e-01 -4.692918e-17
    outer loop
      vertex   -2.852668e+01 1.336603e+01 -8.000000e+00
      vertex   -2.828550e+01 1.346593e+01 -2.000000e+00
      vertex   -2.852668e+01 1.336603e+01 -2.000000e+00
    endloop
  endfacet
  facet normal 6.087614e-01 -7.933533e-01 1.255794e-16
    outer loop
      vertex   -2.852668e+01 1.336603e+01 -8.000000e+00
      vertex   -2.852668e+01 1.336603e+01 -2.000000e+00
      vertex   -2.873379e+01 1.320711e+01 -8.000000e+00
    endloop
  endfacet
  facet normal 6.087614e-01 -7.933533e-01 0.000000e+00
    outer loop
      vertex   -2.873379e+01 1.320711e+01 -8.000000e+00
      vertex   -2.852668e+01 1.336603e+01 -2.000000e+00
      vertex   -2.873379e+01 1.320711e+01 -2.000000e+00
    endloop
  endfacet
  facet normal 7.933533e-01 -6.087614e-01 0.000000e+00
    outer loop
      vertex   -2.873379e+01 1.320711e+01 -8.000000e+00
      vertex   -2.873379e+01 1.320711e+01 -2.000000e+00
      vertex   -2.889271e+01 1.300000e+01 -8.000000e+00
    endloop
  endfacet
  facet normal 7.933533e-01 -6.087614e-01 0.000000e+00
    outer loop
      vertex   -2.889271e+01 1.300000e+01 -8.000000e+00
      vertex   -2.873379e+01 1.320711e+01 -2.000000e+00
      vertex   -2.889271e+01 1.300000e+01 -2.000000e+00
    endloop
  endfacet
  facet normal 9.238795e-01 -3.826834e-01 0.000000e+00
    outer loop
      vertex   -2.889271e+01 1.300000e+01 -8.000000e+00
      vertex   -2.889271e+01 1.300000e+01 -2.000000e+00
      vertex   -2.899261e+01 1.275882e+01 -8.000000e+00
    endloop
  endfacet
  facet normal 9.238795e-01 -3.826834e-01 5.470466e-16
    outer loop
      vertex   -2.899261e+01 1.275882e+01 -8.000000e+00
      vertex   -2.889271e+01 1.300000e+01 -2.000000e+00
      vertex   -2.899261e+01 1.275882e+01 -2.000000e+00
    endloop
  endfacet
  facet normal -9.932384e-01 -1.160929e-01 0.000000e+00
    outer loop
      vertex   -3.094582e+01 1.180815e+01 -8.000000e+00
      vertex   -3.094582e+01 1.180815e+01 -2.000000e+00
      vertex   -3.102668e+01 1.250000e+01 -8.000000e+00
    endloop
  endfacet
  facet normal -9.932384e-01 -1.160929e-01 0.000000e+00
    outer loop
      vertex   -3.102668e+01 1.250000e+01 -8.000000e+00
      vertex   -3.094582e+01 1.180815e+01 -2.000000e+00
      vertex   -3.102668e+01 1.250000e+01 -2.000000e+00
    endloop
  endfacet
  facet normal -9.932384e-01 1.160929e-01 0.000000e+00
    outer loop
      vertex   -3.102668e+01 1.250000e+01 -8.000000e+00
      vertex   -3.102668e+01 1.250000e+01 -2.000000e+00
      vertex   -3.094582e+01 1.319185e+01 -8.000000e+00
    endloop
  endfacet
  facet normal -9.932384e-01 1.160929e-01 0.000000e+00
    outer loop
      vertex   -3.094582e+01 1.319185e+01 -8.000000e+00
      vertex   -3.102668e+01 1.250000e+01 -2.000000e+00
      vertex   -3.094582e+01 1.319185e+01 -2.000000e+00
    endloop
  endfacet
  facet normal -9.396926e-01 3.420201e-01 0.000000e+00
    outer loop
      vertex   -3.094582e+01 1.319185e+01 -8.000000e+00
      vertex   -3.094582e+01 1.319185e+01 -2.000000e+00
      vertex   -3.070758e+01 1.384640e+01 -8.000000e+00
    endloop
  endfacet
  facet normal -9.396926e-01 3.420201e-01 0.000000e+00
    outer loop
      vertex   -3.070758e+01 1.384640e+01 -8.000000e+00
      vertex   -3.094582e+01 1.319185e+01 -2.000000e+00
      vertex   -3.070758e+01 1.384640e+01 -2.000000e+00
    endloop
  endfacet
  facet normal -8.354878e-01 5.495090e-01 0.000000e+00
    outer loop
      vertex   -3.070758e+01 1.384640e+01 -8.000000e+00
      vertex   -3.070758e+01 1.384640e+01 -2.000000e+00
      vertex   -3.032482e+01 1.442836e+01 -8.000000e+00
    endloop
  endfacet
  facet normal -8.354878e-01 5.495090e-01 0.000000e+00
    outer loop
      vertex   -3.032482e+01 1.442836e+01 -8.000000e+00
      vertex   -3.070758e+01 1.384640e+01 -2.000000e+00
      vertex   -3.032482e+01 1.442836e+01 -2.000000e+00
    endloop
  endfacet
  facet normal -6.862416e-01 7.273736e-01 0.000000e+00
    outer loop
      vertex   -3.032482e+01 1.442836e+01 -8.000000e+00
      vertex   -3.032482e+01 1.442836e+01 -2.000000e+00
      vertex   -2.981816e+01 1.490637e+01 -8.000000e+00
    endloop
  endfacet
  facet normal -6.862416e-01 7.273736e-01 0.000000e+00
    outer loop
      vertex   -2.981816e+01 1.490637e+01 -8.000000e+00
      vertex   -3.032482e+01 1.442836e+01 -2.000000e+00
      vertex   -2.981816e+01 1.490637e+01 -2.000000e+00
    endloop
  endfacet
  facet normal -5.000000e-01 8.660254e-01 0.000000e+00
    outer loop
      vertex   -2.981816e+01 1.490637e+01 -8.000000e+00
      vertex   -2.981816e+01 1.490637e+01 -2.000000e+00
      vertex   -2.921492e+01 1.525465e+01 -8.000000e+00
    endloop
  endfacet
  facet normal -5.000000e-01 8.660254e-01 0.000000e+00
    outer loop
      vertex   -2.921492e+01 1.525465e+01 -8.000000e+00
      vertex   -2.981816e+01 1.490637e+01 -2.000000e+00
      vertex   -2.921492e+01 1.525465e+01 -2.000000e+00
    endloop
  endfacet
  facet normal -2.868032e-01 9.579895e-01 0.000000e+00
    outer loop
      vertex   -2.921492e+01 1.525465e+01 -8.000000e+00
      vertex   -2.921492e+01 1.525465e+01 -2.000000e+00
      vertex   -2.854763e+01 1.545442e+01 -8.000000e+00
    endloop
  endfacet
  facet normal -2.868032e-01 9.579895e-01 0.000000e+00
    outer loop
      vertex   -2.854763e+01 1.545442e+01 -8.000000e+00
      vertex   -2.921492e+01 1.525465e+01 -2.000000e+00
      vertex   -2.854763e+01 1.545442e+01 -2.000000e+00
    endloop
  endfacet
  facet normal -5.814483e-02 9.983082e-01 0.000000e+00
    outer loop
      vertex   -2.854763e+01 1.545442e+01 -8.000000e+00
      vertex   -2.854763e+01 1.545442e+01 -2.000000e+00
      vertex   -2.785225e+01 1.549492e+01 -8.000000e+00
    endloop
  endfacet
  facet normal -5.814483e-02 9.983082e-01 0.000000e+00
    outer loop
      vertex   -2.785225e+01 1.549492e+01 -8.000000e+00
      vertex   -2.854763e+01 1.545442e+01 -2.000000e+00
      vertex   -2.785225e+01 1.549492e+01 -2.000000e+00
    endloop
  endfacet
  facet normal 1.736482e-01 9.848078e-01 -0.000000e+00
    outer loop
      vertex   -2.785225e+01 1.549492e+01 -8.000000e+00
      vertex   -2.785225e+01 1.549492e+01 -2.000000e+00
      vertex   -2.716627e+01 1.537397e+01 -8.000000e+00
    endloop
  endfacet
  facet normal 1.736482e-01 9.848078e-01 -0.000000e+00
    outer loop
      vertex   -2.716627e+01 1.537397e+01 -8.000000e+00
      vertex   -2.785225e+01 1.549492e+01 -2.000000e+00
      vertex   -2.716627e+01 1.537397e+01 -2.000000e+00
    endloop
  endfacet
  facet normal 3.960798e-01 9.182161e-01 -0.000000e+00
    outer loop
      vertex   -2.716627e+01 1.537397e+01 -8.000000e+00
      vertex   -2.716627e+01 1.537397e+01 -2.000000e+00
      vertex   -2.652668e+01 1.509808e+01 -8.000000e+00
    endloop
  endfacet
  facet normal 3.960798e-01 9.182161e-01 3.091668e-16
    outer loop
      vertex   -2.652668e+01 1.509808e+01 -8.000000e+00
      vertex   -2.716627e+01 1.537397e+01 -2.000000e+00
      vertex   -2.652668e+01 1.509808e+01 -2.000000e+00
    endloop
  endfacet
  facet normal 5.971586e-01 8.021232e-01 1.213634e-16
    outer loop
      vertex   -2.652668e+01 1.509808e+01 -8.000000e+00
      vertex   -2.652668e+01 1.509808e+01 -2.000000e+00
      vertex   -2.596796e+01 1.468212e+01 -8.000000e+00
    endloop
  endfacet
  facet normal 5.971586e-01 8.021232e-01 -0.000000e+00
    outer loop
      vertex   -2.596796e+01 1.468212e+01 -8.000000e+00
      vertex   -2.652668e+01 1.509808e+01 -2.000000e+00
      vertex   -2.596796e+01 1.468212e+01 -2.000000e+00
    endloop
  endfacet
  facet normal 7.660444e-01 6.427876e-01 -0.000000e+00
    outer loop
      vertex   -2.596796e+01 1.468212e+01 -8.000000e+00
      vertex   -2.596796e+01 1.468212e+01 -2.000000e+00
      vertex   -2.552022e+01 1.414853e+01 -8.000000e+00
    endloop
  endfacet
  facet normal 7.660444e-01 6.427876e-01 -0.000000e+00
    outer loop
      vertex   -2.552022e+01 1.414853e+01 -8.000000e+00
      vertex   -2.596796e+01 1.468212e+01 -2.000000e+00
      vertex   -2.552022e+01 1.414853e+01 -2.000000e+00
    endloop
  endfacet
  facet normal 8.936326e-01 4.487992e-01 -0.000000e+00
    outer loop
      vertex   -2.552022e+01 1.414853e+01 -8.000000e+00
      vertex   -2.552022e+01 1.414853e+01 -2.000000e+00
      vertex   -2.520761e+01 1.352606e+01 -8.000000e+00
    endloop
  endfacet
  facet normal 8.936326e-01 4.487992e-01 -0.000000e+00
    outer loop
      vertex   -2.520761e+01 1.352606e+01 -8.000000e+00
      vertex   -2.552022e+01 1.414853e+01 -2.000000e+00
      vertex   -2.520761e+01 1.352606e+01 -2.000000e+00
    endloop
  endfacet
  facet normal 9.730449e-01 2.306159e-01 -0.000000e+00
    outer loop
      vertex   -2.520761e+01 1.352606e+01 -8.000000e+00
      vertex   -2.520761e+01 1.352606e+01 -2.000000e+00
      vertex   -2.504697e+01 1.284828e+01 -8.000000e+00
    endloop
  endfacet
  facet normal 9.730449e-01 2.306159e-01 -0.000000e+00
    outer loop
      vertex   -2.504697e+01 1.284828e+01 -8.000000e+00
      vertex   -2.520761e+01 1.352606e+01 -2.000000e+00
      vertex   -2.504697e+01 1.284828e+01 -2.000000e+00
    endloop
  endfacet
  facet normal 1.000000e+00 0.000000e+00 -0.000000e+00
    outer loop
      vertex   -2.504697e+01 1.284828e+01 -8.000000e+00
      vertex   -2.504697e+01 1.284828e+01 -2.000000e+00
      vertex   -2.504697e+01 1.215172e+01 -8.000000e+00
    endloop
  endfacet
  facet normal 1.000000e+00 0.000000e+00 0.000000e+00
    outer loop
      vertex   -2.504697e+01 1.215172e+01 -8.000000e+00
      vertex   -2.504697e+01 1.284828e+01 -2.000000e+00
      vertex   -2.504697e+01 1.215172e+01 -2.000000e+00
    endloop
  endfacet
  facet normal 9.730449e-01 -2.306159e-01 0.000000e+00
    outer loop
      vertex   -2.504697e+01 1.215172e+01 -8.000000e+00
      vertex   -2.504697e+01 1.215172e+01 -2.000000e+00
      vertex   -2.520761e+01 1.147394e+01 -8.000000e+00
    endloop
  endfacet
  facet normal 9.730449e-01 -2.306159e-01 0.000000e+00
    outer loop
      vertex   -2.520761e+01 1.147394e+01 -8.000000e+00
      vertex   -2.504697e+01 1.215172e+01 -2.000000e+00
      vertex   -2.520761e+01 1.147394e+01 -2.000000e+00
    endloop
  endfacet
  facet normal 8.936326e-01 -4.487992e-01 0.000000e+00
    outer loop
      vertex   -2.520761e+01 1.147394e+01 -8.000000e+00
      vertex   -2.520761e+01 1.147394e+01 -2.000000e+00
      vertex   -2.552022e+01 1.085147e+01 -8.000000e+00
    endloop
  endfacet
  facet normal 8.936326e-01 -4.487992e-01 0.000000e+00
    outer loop
      vertex   -2.552022e+01 1.085147e+01 -8.000000e+00
      vertex   -2.520761e+01 1.147394e+01 -2.000000e+00
      vertex   -2.552022e+01 1.085147e+01 -2.000000e+00
    endloop
  endfacet
  facet normal 7.660444e-01 -6.427876e-01 0.000000e+00
    outer loop
      vertex   -2.552022e+01 1.085147e+01 -8.000000e+00
      vertex   -2.552022e+01 1.085147e+01 -2.000000e+00
      vertex   -2.596796e+01 1.031788e+01 -8.000000e+00
    endloop
  endfacet
  facet normal 7.660444e-01 -6.427876e-01 0.000000e+00
    outer loop
      vertex   -2.596796e+01 1.031788e+01 -8.000000e+00
      vertex   -2.552022e+01 1.085147e+01 -2.000000e+00
      vertex   -2.596796e+01 1.031788e+01 -2.000000e+00
    endloop
  endfacet
  facet normal 5.971586e-01 -8.021232e-01 0.000000e+00
    outer loop
      vertex   -2.596796e+01 1.031788e+01 -8.000000e+00
      vertex   -2.596796e+01 1.031788e+01 -2.000000e+00
      vertex   -2.652668e+01 9.901924e+00 -8.000000e+00
    endloop
  endfacet
  facet normal 5.971586e-01 -8.021232e-01 1.161127e-16
    outer loop
      vertex   -2.652668e+01 9.901924e+00 -8.000000e+00
      vertex   -2.596796e+01 1.031788e+01 -2.000000e+00
      vertex   -2.652668e+01 9.901924e+00 -2.000000e+00
    endloop
  endfacet
  facet normal 3.960798e-01 -9.182161e-01 -3.732024e-17
    outer loop
      vertex   -2.652668e+01 9.901924e+00 -8.000000e+00
      vertex   -2.652668e+01 9.901924e+00 -2.000000e+00
      vertex   -2.716627e+01 9.626031e+00 -8.000000e+00
    endloop
  endfacet
  facet normal 3.960798e-01 -9.182161e-01 0.000000e+00
    outer loop
      vertex   -2.716627e+01 9.626031e+00 -8.000000e+00
      vertex   -2.652668e+01 9.901924e+00 -2.000000e+00
      vertex   -2.716627e+01 9.626031e+00 -2.000000e+00
    endloop
  endfacet
  facet normal 1.736482e-01 -9.848078e-01 0.000000e+00
    outer loop
      vertex   -2.716627e+01 9.626031e+00 -8.000000e+00
      vertex   -2.716627e+01 9.626031e+00 -2.000000e+00
      vertex   -2.785225e+01 9.505076e+00 -8.000000e+00
    endloop
  endfacet
  facet normal 1.736482e-01 -9.848078e-01 0.000000e+00
    outer loop
      vertex   -2.785225e+01 9.505076e+00 -8.000000e+00
      vertex   -2.716627e+01 9.626031e+00 -2.000000e+00
      vertex   -2.785225e+01 9.505076e+00 -2.000000e+00
    endloop
  endfacet
  facet normal -5.814483e-02 -9.983082e-01 0.000000e+00
    outer loop
      vertex   -2.785225e+01 9.505076e+00 -8.000000e+00
      vertex   -2.785225e+01 9.505076e+00 -2.000000e+00
      vertex   -2.854763e+01 9.545577e+00 -8.000000e+00
    endloop
  endfacet
  facet normal -5.814483e-02 -9.983082e-01 0.000000e+00
    outer loop
      vertex   -2.854763e+01 9.545577e+00 -8.000000e+00
      vertex   -2.785225e+01 9.505076e+00 -2.000000e+00
      vertex   -2.854763e+01 9.545577e+00 -2.000000e+00
    endloop
  endfacet
  facet normal -2.868032e-01 -9.579895e-01 0.000000e+00
    outer loop
      vertex   -2.854763e+01 9.545577e+00 -8.000000e+00
      vertex   -2.854763e+01 9.545577e+00 -2.000000e+00
      vertex   -2.921492e+01 9.745352e+00 -8.000000e+00
    endloop
  endfacet
  facet normal -2.868032e-01 -9.579895e-01 0.000000e+00
    outer loop
      vertex   -2.921492e+01 9.745352e+00 -8.000000e+00
      vertex   -2.854763e+01 9.545577e+00 -2.000000e+00
      vertex   -2.921492e+01 9.745352e+00 -2.000000e+00
    endloop
  endfacet
  facet normal -5.000000e-01 -8.660254e-01 0.000000e+00
    outer loop
      vertex   -2.921492e+01 9.745352e+00 -8.000000e+00
      vertex   -2.921492e+01 9.745352e+00 -2.000000e+00
      vertex   -2.981816e+01 1.009363e+01 -8.000000e+00
    endloop
  endfacet
  facet normal -5.000000e-01 -8.660254e-01 0.000000e+00
    outer loop
      vertex   -2.981816e+01 1.009363e+01 -8.000000e+00
      vertex   -2.921492e+01 9.745352e+00 -2.000000e+00
      vertex   -2.981816e+01 1.009363e+01 -2.000000e+00
    endloop
  endfacet
  facet normal -6.862416e-01 -7.273736e-01 0.000000e+00
    outer loop
      vertex   -2.981816e+01 1.009363e+01 -8.000000e+00
      vertex   -2.981816e+01 1.009363e+01 -2.000000e+00
      vertex   -3.032482e+01 1.057164e+01 -8.000000e+00
    endloop
  endfacet
  facet normal -6.862416e-01 -7.273736e-01 0.000000e+00
    outer loop
      vertex   -3.032482e+01 1.057164e+01 -8.000000e+00
      vertex   -2.981816e+01 1.009363e+01 -2.000000e+00
      vertex   -3.032482e+01 1.057164e+01 -2.000000e+00
    endloop
  endfacet
  facet normal -8.354878e-01 -5.495090e-01 0.000000e+00
    outer loop
      vertex   -3.032482e+01 1.057164e+01 -8.000000e+00
      vertex   -3.032482e+01 1.057164e+01 -2.000000e+00
      vertex   -3.070758e+01 1.115360e+01 -8.000000e+00
    endloop
  endfacet
  facet normal -8.354878e-01 -5.495090e-01 0.000000e+00
    outer loop
      vertex   -3.070758e+01 1.115360e+01 -8.000000e+00
      vertex   -3.032482e+01 1.057164e+01 -2.000000e+00
      vertex   -3.070758e+01 1.115360e+01 -2.000000e+00
    endloop
  endfacet
  facet normal -9.396926e-01 -3.420201e-01 0.000000e+00
    outer loop
      vertex   -3.070758e+01 1.115360e+01 -8.000000e+00
      vertex   -3.070758e+01 1.115360e+01 -2.000000e+00
      vertex   -3.094582e+01 1.180815e+01 -8.000000e+00
    endloop
  endfacet
  facet normal -9.396926e-01 -3.420201e-01 0.000000e+00
    outer loop
      vertex   -3.094582e+01 1.180815e+01 -8.000000e+00
      vertex   -3.070758e+01 1.115360e+01 -2.000000e+00
      vertex   -3.094582e+01 1.180815e+01 -2.000000e+00
    endloop
  endfacet
  facet normal -0.000000e+00 0.000000e+00 -1.000000e+00
    outer loop
      vertex   -2.899261e+01 1.224118e+01 -8.000000e+00
      vertex   -3.094582e+01 1.180815e+01 -8.000000e+00
      vertex   -2.902668e+01 1.250000e+01 -8.000000e+00
    endloop
  endfacet
  facet normal -0.000000e+00 0.000000e+00 -1.000000e+00
    outer loop
      vertex   -2.902668e+01 1.250000e+01 -8.000000e+00
      vertex   -3.094582e+01 1.180815e+01 -8.000000e+00
      vertex   -3.102668e+01 1.250000e+01 -8.000000e+00
    endloop
  endfacet
  facet normal 0.000000e+00 0.000000e+00 -1.000000e+00
    outer loop
      vertex   -2.902668e+01 1.250000e+01 -8.000000e+00
      vertex   -3.102668e+01 1.250000e+01 -8.000000e+00
      vertex   -3.094582e+01 1.319185e+01 -8.000000e+00
    endloop
  endfacet
  facet normal 0.000000e+00 0.000000e+00 -1.000000e+00
    outer loop
      vertex   -3.094582e+01 1.180815e+01 -8.000000e+00
      vertex   -2.899261e+01 1.224118e+01 -8.000000e+00
      vertex   -3.070758e+01 1.115360e+01 -8.000000e+00
    endloop
  endfacet
  facet normal 0.000000e+00 0.000000e+00 -1.000000e+00
    outer loop
      vertex   -3.070758e+01 1.115360e+01 -8.000000e+00
      vertex   -2.899261e+01 1.224118e+01 -8.000000e+00
      vertex   -2.889271e+01 1.200000e+01 -8.000000e+00
    endloop
  endfacet
  facet normal 0.000000e+00 0.000000e+00 -1.000000e+00
    outer loop
      vertex   -3.070758e+01 1.115360e+01 -8.000000e+00
      vertex   -2.889271e+01 1.200000e+01 -8.000000e+00
      vertex   -3.032482e+01 1.057164e+01 -8.000000e+00
    endloop
  endfacet
  facet normal 0.000000e+00 0.000000e+00 -1.000000e+00
    outer loop
      vertex   -3.032482e+01 1.057164e+01 -8.000000e+00
      vertex   -2.889271e+01 1.200000e+01 -8.000000e+00
      vertex   -2.873379e+01 1.179289e+01 -8.000000e+00
    endloop
  endfacet
  facet normal 0.000000e+00 0.000000e+00 -1.000000e+00
    outer loop
      vertex   -3.032482e+01 1.057164e+01 -8.000000e+00
      vertex   -2.873379e+01 1.179289e+01 -8.000000e+00
      vertex   -2.981816e+01 1.009363e+01 -8.000000e+00
    endloop
  endfacet
  facet normal 0.000000e+00 0.000000e+00 -1.000000e+00
    outer loop
      vertex   -2.981816e+01 1.009363e+01 -8.000000e+00
      vertex   -2.873379e+01 1.179289e+01 -8.000000e+00
      vertex   -2.852668e+01 1.163397e+01 -8.000000e+00
    endloop
  endfacet
  facet normal 0.000000e+00 0.000000e+00 -1.000000e+00
    outer loop
      vertex   -2.981816e+01 1.009363e+01 -8.000000e+00
      vertex   -2.852668e+01 1.163397e+01 -8.000000e+00
      vertex   -2.921492e+01 9.745352e+00 -8.000000e+00
    endloop
  endfacet
  facet normal 0.000000e+00 0.000000e+00 -1.000000e+00
    outer loop
      vertex   -2.921492e+01 9.745352e+00 -8.000000e+00
      vertex   -2.852668e+01 1.163397e+01 -8.000000e+00
      vertex   -2.828550e+01 1.153407e+01 -8.000000e+00
    endloop
  endfacet
  facet normal 0.000000e+00 0.000000e+00 -1.000000e+00
    outer loop
      vertex   -2.921492e+01 9.745352e+00 -8.000000e+00
      vertex   -2.828550e+01 1.153407e+01 -8.000000e+00
      vertex   -2.854763e+01 9.545577e+00 -8.000000e+00
    endloop
  endfacet
  facet normal 0.000000e+00 0.000000e+00 -1.000000e+00
    outer loop
      vertex   -2.854763e+01 9.545577e+00 -8.000000e+00
      vertex   -2.828550e+01 1.153407e+01 -8.000000e+00
      vertex   -2.802668e+01 1.150000e+01 -8.000000e+00
    endloop
  endfacet
  facet normal 0.000000e+00 0.000000e+00 -1.000000e+00
    outer loop
      vertex   -2.854763e+01 9.545577e+00 -8.000000e+00
      vertex   -2.802668e+01 1.150000e+01 -8.000000e+00
      vertex   -2.785225e+01 9.505076e+00 -8.000000e+00
    endloop
  endfacet
  facet normal 0.000000e+00 0.000000e+00 -1.000000e+00
    outer loop
      vertex   -2.785225e+01 9.505076e+00 -8.000000e+00
      vertex   -2.802668e+01 1.150000e+01 -8.000000e+00
      vertex   -2.776786e+01 1.153407e+01 -8.000000e+00
    endloop
  endfacet
  facet normal 0.000000e+00 0.000000e+00 -1.000000e+00
    outer loop
      vertex   -2.785225e+01 9.505076e+00 -8.000000e+00
      vertex   -2.776786e+01 1.153407e+01 -8.000000e+00
      vertex   -2.716627e+01 9.626031e+00 -8.000000e+00
    endloop
  endfacet
  facet normal 0.000000e+00 0.000000e+00 -1.000000e+00
    outer loop
      vertex   -2.716627e+01 9.626031e+00 -8.000000e+00
      vertex   -2.776786e+01 1.153407e+01 -8.000000e+00
      vertex   -2.752668e+01 1.163397e+01 -8.000000e+00
    endloop
  endfacet
  facet normal 0.000000e+00 0.000000e+00 -1.000000e+00
    outer loop
      vertex   -2.716627e+01 9.626031e+00 -8.000000e+00
      vertex   -2.752668e+01 1.163397e+01 -8.000000e+00
      vertex   -2.652668e+01 9.901924e+00 -8.000000e+00
    endloop
  endfacet
  facet normal 0.000000e+00 0.000000e+00 -1.000000e+00
    outer loop
      vertex   -2.652668e+01 9.901924e+00 -8.000000e+00
      vertex   -2.752668e+01 1.163397e+01 -8.000000e+00
      vertex   -2.596796e+01 1.031788e+01 -8.000000e+00
    endloop
  endfacet
  facet normal 0.000000e+00 0.000000e+00 -1.000000e+00
    outer loop
      vertex   -2.596796e+01 1.031788e+01 -8.000000e+00
      vertex   -2.752668e+01 1.163397e+01 -8.000000e+00
      vertex   -2.731958e+01 1.179289e+01 -8.000000e+00
    endloop
  endfacet
  facet normal 0.000000e+00 0.000000e+00 -1.000000e+00
    outer loop
      vertex   -2.596796e+01 1.031788e+01 -8.000000e+00
      vertex   -2.731958e+01 1.179289e+01 -8.000000e+00
      vertex   -2.552022e+01 1.085147e+01 -8.000000e+00
    endloop
  endfacet
  facet normal 0.000000e+00 0.000000e+00 -1.000000e+00
    outer loop
      vertex   -2.552022e+01 1.085147e+01 -8.000000e+00
      vertex   -2.731958e+01 1.179289e+01 -8.000000e+00
      vertex   -2.716066e+01 1.200000e+01 -8.000000e+00
    endloop
  endfacet
  facet normal 0.000000e+00 0.000000e+00 -1.000000e+00
    outer loop
      vertex   -2.552022e+01 1.085147e+01 -8.000000e+00
      vertex   -2.716066e+01 1.200000e+01 -8.000000e+00
      vertex   -2.520761e+01 1.147394e+01 -8.000000e+00
    endloop
  endfacet
  facet normal 0.000000e+00 0.000000e+00 -1.000000e+00
    outer loop
      vertex   -2.520761e+01 1.147394e+01 -8.000000e+00
      vertex   -2.716066e+01 1.200000e+01 -8.000000e+00
      vertex   -2.706076e+01 1.224118e+01 -8.000000e+00
    endloop
  endfacet
  facet normal 0.000000e+00 0.000000e+00 -1.000000e+00
    outer loop
      vertex   -2.520761e+01 1.147394e+01 -8.000000e+00
      vertex   -2.706076e+01 1.224118e+01 -8.000000e+00
      vertex   -2.504697e+01 1.215172e+01 -8.000000e+00
    endloop
  endfacet
  facet normal 0.000000e+00 0.000000e+00 -1.000000e+00
    outer loop
      vertex   -2.504697e+01 1.215172e+01 -8.000000e+00
      vertex   -2.706076e+01 1.224118e+01 -8.000000e+00
      vertex   -2.702668e+01 1.250000e+01 -8.000000e+00
    endloop
  endfacet
  facet normal 0.000000e+00 0.000000e+00 -1.000000e+00
    outer loop
      vertex   -2.504697e+01 1.215172e+01 -8.000000e+00
      vertex   -2.702668e+01 1.250000e+01 -8.000000e+00
      vertex   -2.504697e+01 1.284828e+01 -8.000000e+00
    endloop
  endfacet
  facet normal 0.000000e+00 0.000000e+00 -1.000000e+00
    outer loop
      vertex   -2.504697e+01 1.284828e+01 -8.000000e+00
      vertex   -2.702668e+01 1.250000e+01 -8.000000e+00
      vertex   -2.706076e+01 1.275882e+01 -8.000000e+00
    endloop
  endfacet
  facet normal -0.000000e+00 0.000000e+00 -1.000000e+00
    outer loop
      vertex   -2.504697e+01 1.284828e+01 -8.000000e+00
      vertex   -2.706076e+01 1.275882e+01 -8.000000e+00
      vertex   -2.520761e+01 1.352606e+01 -8.000000e+00
    endloop
  endfacet
  facet normal 0.000000e+00 0.000000e+00 -1.000000e+00
    outer loop
      vertex   -2.520761e+01 1.352606e+01 -8.000000e+00
      vertex   -2.706076e+01 1.275882e+01 -8.000000e+00
      vertex   -2.716066e+01 1.300000e+01 -8.000000e+00
    endloop
  endfacet
  facet normal -0.000000e+00 0.000000e+00 -1.000000e+00
    outer loop
      vertex   -2.520761e+01 1.352606e+01 -8.000000e+00
      vertex   -2.716066e+01 1.300000e+01 -8.000000e+00
      vertex   -2.552022e+01 1.414853e+01 -8.000000e+00
    endloop
  endfacet
  facet normal 0.000000e+00 0.000000e+00 -1.000000e+00
    outer loop
      vertex   -2.552022e+01 1.414853e+01 -8.000000e+00
      vertex   -2.716066e+01 1.300000e+01 -8.000000e+00
      vertex   -2.731958e+01 1.320711e+01 -8.000000e+00
    endloop
  endfacet
  facet normal -0.000000e+00 0.000000e+00 -1.000000e+00
    outer loop
      vertex   -2.552022e+01 1.414853e+01 -8.000000e+00
      vertex   -2.731958e+01 1.320711e+01 -8.000000e+00
      vertex   -2.596796e+01 1.468212e+01 -8.000000e+00
    endloop
  endfacet
  facet normal 0.000000e+00 0.000000e+00 -1.000000e+00
    outer loop
      vertex   -2.596796e+01 1.468212e+01 -8.000000e+00
      vertex   -2.731958e+01 1.320711e+01 -8.000000e+00
      vertex   -2.752668e+01 1.336603e+01 -8.000000e+00
    endloop
  endfacet
  facet normal -0.000000e+00 0.000000e+00 -1.000000e+00
    outer loop
      vertex   -2.596796e+01 1.468212e+01 -8.000000e+00
      vertex   -2.752668e+01 1.336603e+01 -8.000000e+00
      vertex   -2.652668e+01 1.509808e+01 -8.000000e+00
    endloop
  endfacet
  facet normal -0.000000e+00 0.000000e+00 -1.000000e+00
    outer loop
      vertex   -2.652668e+01 1.509808e+01 -8.000000e+00
      vertex   -2.752668e+01 1.336603e+01 -8.000000e+00
      vertex   -2.716627e+01 1.537397e+01 -8.000000e+00
    endloop
  endfacet
  facet normal 0.000000e+00 0.000000e+00 -1.000000e+00
    outer loop
      vertex   -2.716627e+01 1.537397e+01 -8.000000e+00
      vertex   -2.752668e+01 1.336603e+01 -8.000000e+00
      vertex   -2.776786e+01 1.346593e+01 -8.000000e+00
    endloop
  endfacet
  facet normal -0.000000e+00 0.000000e+00 -1.000000e+00
    outer loop
      vertex   -2.716627e+01 1.537397e+01 -8.000000e+00
      vertex   -2.776786e+01 1.346593e+01 -8.000000e+00
      vertex   -2.785225e+01 1.549492e+01 -8.000000e+00
    endloop
  endfacet
  facet normal 0.000000e+00 -0.000000e+00 -1.000000e+00
    outer loop
      vertex   -2.785225e+01 1.549492e+01 -8.000000e+00
      vertex   -2.776786e+01 1.346593e+01 -8.000000e+00
      vertex   -2.802668e+01 1.350000e+01 -8.000000e+00
    endloop
  endfacet
  facet normal 0.000000e+00 0.000000e+00 -1.000000e+00
    outer loop
      vertex   -2.785225e+01 1.549492e+01 -8.000000e+00
      vertex   -2.802668e+01 1.350000e+01 -8.000000e+00
      vertex   -2.854763e+01 1.545442e+01 -8.000000e+00
    endloop
  endfacet
  facet normal 0.000000e+00 0.000000e+00 -1.000000e+00
    outer loop
      vertex   -2.854763e+01 1.545442e+01 -8.000000e+00
      vertex   -2.802668e+01 1.350000e+01 -8.000000e+00
      vertex   -2.828550e+01 1.346593e+01 -8.000000e+00
    endloop
  endfacet
  facet normal 0.000000e+00 -0.000000e+00 -1.000000e+00
    outer loop
      vertex   -2.854763e+01 1.545442e+01 -8.000000e+00
      vertex   -2.828550e+01 1.346593e+01 -8.000000e+00
      vertex   -2.921492e+01 1.525465e+01 -8.000000e+00
    endloop
  endfacet
  facet normal 0.000000e+00 0.000000e+00 -1.000000e+00
    outer loop
      vertex   -2.921492e+01 1.525465e+01 -8.000000e+00
      vertex   -2.828550e+01 1.346593e+01 -8.000000e+00
      vertex   -2.852668e+01 1.336603e+01 -8.000000e+00
    endloop
  endfacet
  facet normal 0.000000e+00 -0.000000e+00 -1.000000e+00
    outer loop
      vertex   -2.921492e+01 1.525465e+01 -8.000000e+00
      vertex   -2.852668e+01 1.336603e+01 -8.000000e+00
      vertex   -2.981816e+01 1.490637e+01 -8.000000e+00
    endloop
  endfacet
  facet normal 0.000000e+00 0.000000e+00 -1.000000e+00
    outer loop
      vertex   -2.981816e+01 1.490637e+01 -8.000000e+00
      vertex   -2.852668e+01 1.336603e+01 -8.000000e+00
      vertex   -2.873379e+01 1.320711e+01 -8.000000e+00
    endloop
  endfacet
  facet normal 0.000000e+00 -0.000000e+00 -1.000000e+00
    outer loop
      vertex   -2.981816e+01 1.490637e+01 -8.000000e+00
      vertex   -2.873379e+01 1.320711e+01 -8.000000e+00
      vertex   -3.032482e+01 1.442836e+01 -8.000000e+00
    endloop
  endfacet
  facet normal 0.000000e+00 0.000000e+00 -1.000000e+00
    outer loop
      vertex   -3.032482e+01 1.442836e+01 -8.000000e+00
      vertex   -2.873379e+01 1.320711e+01 -8.000000e+00
      vertex   -2.889271e+01 1.300000e+01 -8.000000e+00
    endloop
  endfacet
  facet normal 0.000000e+00 -0.000000e+00 -1.000000e+00
    outer loop
      vertex   -3.032482e+01 1.442836e+01 -8.000000e+00
      vertex   -2.889271e+01 1.300000e+01 -8.000000e+00
      vertex   -3.070758e+01 1.384640e+01 -8.000000e+00
    endloop
  endfacet
  facet normal 0.000000e+00 0.000000e+00 -1.000000e+00
    outer loop
      vertex   -3.070758e+01 1.384640e+01 -8.000000e+00
      vertex   -2.889271e+01 1.300000e+01 -8.000000e+00
      vertex   -2.899261e+01 1.275882e+01 -8.000000e+00
    endloop
  endfacet
  facet normal 0.000000e+00 -0.000000e+00 -1.000000e+00
    outer loop
      vertex   -3.070758e+01 1.384640e+01 -8.000000e+00
      vertex   -2.899261e+01 1.275882e+01 -8.000000e+00
      vertex   -3.094582e+01 1.319185e+01 -8.000000e+00
    endloop
  endfacet
  facet normal 0.000000e+00 0.000000e+00 -1.000000e+00
    outer loop
      vertex   -3.094582e+01 1.319185e+01 -8.000000e+00
      vertex   -2.899261e+01 1.275882e+01 -8.000000e+00
      vertex   -2.902668e+01 1.250000e+01 -8.000000e+00
    endloop
  endfacet
  facet normal 0.000000e+00 -0.000000e+00 -1.000000e+00
    outer loop
      vertex   -2.899261e+01 -1.224118e+01 -2.000000e+00
      vertex   -2.706076e+01 -1.224118e+01 -2.000000e+00
      vertex   -2.902668e+01 -1.250000e+01 -2.000000e+00
    endloop
  endfacet
  facet normal 0.000000e+00 0.000000e+00 -1.000000e+00
    outer loop
      vertex   -2.902668e+01 -1.250000e+01 -2.000000e+00
      vertex   -2.706076e+01 -1.224118e+01 -2.000000e+00
      vertex   -2.702668e+01 -1.250000e+01 -2.000000e+00
    endloop
  endfacet
  facet normal 0.000000e+00 0.000000e+00 -1.000000e+00
    outer loop
      vertex   -2.902668e+01 -1.250000e+01 -2.000000e+00
      vertex   -2.702668e+01 -1.250000e+01 -2.000000e+00
      vertex   -2.899261e+01 -1.275882e+01 -2.000000e+00
    endloop
  endfacet
  facet normal 0.000000e+00 0.000000e+00 -1.000000e+00
    outer loop
      vertex   -2.899261e+01 -1.275882e+01 -2.000000e+00
      vertex   -2.702668e+01 -1.250000e+01 -2.000000e+00
      vertex   -2.706076e+01 -1.275882e+01 -2.000000e+00
    endloop
  endfacet
  facet normal 0.000000e+00 0.000000e+00 -1.000000e+00
    outer loop
      vertex   -2.899261e+01 -1.275882e+01 -2.000000e+00
      vertex   -2.706076e+01 -1.275882e+01 -2.000000e+00
      vertex   -2.889271e+01 -1.300000e+01 -2.000000e+00
    endloop
  endfacet
  facet normal 0.000000e+00 0.000000e+00 -1.000000e+00
    outer loop
      vertex   -2.889271e+01 -1.300000e+01 -2.000000e+00
      vertex   -2.706076e+01 -1.275882e+01 -2.000000e+00
      vertex   -2.716066e+01 -1.300000e+01 -2.000000e+00
    endloop
  endfacet
  facet normal 0.000000e+00 0.000000e+00 -1.000000e+00
    outer loop
      vertex   -2.889271e+01 -1.300000e+01 -2.000000e+00
      vertex   -2.716066e+01 -1.300000e+01 -2.000000e+00
      vertex   -2.873379e+01 -1.320711e+01 -2.000000e+00
    endloop
  endfacet
  facet normal 0.000000e+00 0.000000e+00 -1.000000e+00
    outer loop
      vertex   -2.873379e+01 -1.320711e+01 -2.000000e+00
      vertex   -2.716066e+01 -1.300000e+01 -2.000000e+00
      vertex   -2.731958e+01 -1.320711e+01 -2.000000e+00
    endloop
  endfacet
  facet normal 0.000000e+00 0.000000e+00 -1.000000e+00
    outer loop
      vertex   -2.873379e+01 -1.320711e+01 -2.000000e+00
      vertex   -2.731958e+01 -1.320711e+01 -2.000000e+00
      vertex   -2.852668e+01 -1.336603e+01 -2.000000e+00
    endloop
  endfacet
  facet normal 0.000000e+00 0.000000e+00 -1.000000e+00
    outer loop
      vertex   -2.852668e+01 -1.336603e+01 -2.000000e+00
      vertex   -2.731958e+01 -1.320711e+01 -2.000000e+00
      vertex   -2.752668e+01 -1.336603e+01 -2.000000e+00
    endloop
  endfacet
  facet normal 0.000000e+00 0.000000e+00 -1.000000e+00
    outer loop
      vertex   -2.852668e+01 -1.336603e+01 -2.000000e+00
      vertex   -2.752668e+01 -1.336603e+01 -2.000000e+00
      vertex   -2.828550e+01 -1.346593e+01 -2.000000e+00
    endloop
  endfacet
  facet normal 0.000000e+00 0.000000e+00 -1.000000e+00
    outer loop
      vertex   -2.828550e+01 -1.346593e+01 -2.000000e+00
      vertex   -2.752668e+01 -1.336603e+01 -2.000000e+00
      vertex   -2.776786e+01 -1.346593e+01 -2.000000e+00
    endloop
  endfacet
  facet normal 0.000000e+00 0.000000e+00 -1.000000e+00
    outer loop
      vertex   -2.828550e+01 -1.346593e+01 -2.000000e+00
      vertex   -2.776786e+01 -1.346593e+01 -2.000000e+00
      vertex   -2.802668e+01 -1.350000e+01 -2.000000e+00
    endloop
  endfacet
  facet normal 0.000000e+00 0.000000e+00 -1.000000e+00
    outer loop
      vertex   -2.706076e+01 -1.224118e+01 -2.000000e+00
      vertex   -2.899261e+01 -1.224118e+01 -2.000000e+00
      vertex   -2.716066e+01 -1.200000e+01 -2.000000e+00
    endloop
  endfacet
  facet normal -0.000000e+00 0.000000e+00 -1.000000e+00
    outer loop
      vertex   -2.716066e+01 -1.200000e+01 -2.000000e+00
      vertex   -2.899261e+01 -1.224118e+01 -2.000000e+00
      vertex   -2.889271e+01 -1.200000e+01 -2.000000e+00
    endloop
  endfacet
  facet normal 0.000000e+00 0.000000e+00 -1.000000e+00
    outer loop
      vertex   -2.716066e+01 -1.200000e+01 -2.000000e+00
      vertex   -2.889271e+01 -1.200000e+01 -2.000000e+00
      vertex   -2.731958e+01 -1.179289e+01 -2.000000e+00
    endloop
  endfacet
  facet normal -0.000000e+00 0.000000e+00 -1.000000e+00
    outer loop
      vertex   -2.731958e+01 -1.179289e+01 -2.000000e+00
      vertex   -2.889271e+01 -1.200000e+01 -2.000000e+00
      vertex   -2.873379e+01 -1.179289e+01 -2.000000e+00
    endloop
  endfacet
  facet normal 0.000000e+00 0.000000e+00 -1.000000e+00
    outer loop
      vertex   -2.731958e+01 -1.179289e+01 -2.000000e+00
      vertex   -2.873379e+01 -1.179289e+01 -2.000000e+00
      vertex   -2.752668e+01 -1.163397e+01 -2.000000e+00
    endloop
  endfacet
  facet normal -0.000000e+00 0.000000e+00 -1.000000e+00
    outer loop
      vertex   -2.752668e+01 -1.163397e+01 -2.000000e+00
      vertex   -2.873379e+01 -1.179289e+01 -2.000000e+00
      vertex   -2.852668e+01 -1.163397e+01 -2.000000e+00
    endloop
  endfacet
  facet normal 0.000000e+00 0.000000e+00 -1.000000e+00
    outer loop
      vertex   -2.752668e+01 -1.163397e+01 -2.000000e+00
      vertex   -2.852668e+01 -1.163397e+01 -2.000000e+00
      vertex   -2.776786e+01 -1.153407e+01 -2.000000e+00
    endloop
  endfacet
  facet normal -0.000000e+00 0.000000e+00 -1.000000e+00
    outer loop
      vertex   -2.776786e+01 -1.153407e+01 -2.000000e+00
      vertex   -2.852668e+01 -1.163397e+01 -2.000000e+00
      vertex   -2.828550e+01 -1.153407e+01 -2.000000e+00
    endloop
  endfacet
  facet normal 0.000000e+00 0.000000e+00 -1.000000e+00
    outer loop
      vertex   -2.776786e+01 -1.153407e+01 -2.000000e+00
      vertex   -2.828550e+01 -1.153407e+01 -2.000000e+00
      vertex   -2.802668e+01 -1.150000e+01 -2.000000e+00
    endloop
  endfacet
  facet normal 0.000000e+00 -0.000000e+00 1.000000e+00
    outer loop
      vertex   -5.300814e+01 -1.532180e+01 0.000000e+00
      vertex   -5.300362e+01 -1.524828e+01 0.000000e+00
      vertex   -5.366552e+01 -1.547818e+01 0.000000e+00
    endloop
  endfacet
  facet normal 0.000000e+00 0.000000e+00 1.000000e+00
    outer loop
      vertex   -5.366552e+01 -1.547818e+01 0.000000e+00
      vertex   -5.300362e+01 -1.524828e+01 0.000000e+00
      vertex   -5.300090e+01 -1.517467e+01 0.000000e+00
    endloop
  endfacet
  facet normal 0.000000e+00 0.000000e+00 1.000000e+00
    outer loop
      vertex   -5.366552e+01 -1.547818e+01 0.000000e+00
      vertex   -5.300090e+01 -1.517467e+01 0.000000e+00
      vertex   -5.300000e+01 -1.510102e+01 0.000000e+00
    endloop
  endfacet
  facet normal 0.000000e+00 0.000000e+00 1.000000e+00
    outer loop
      vertex   -5.300000e+01 -9.681149e+00 0.000000e+00
      vertex   -5.302668e+01 -1.250000e+01 0.000000e+00
      vertex   -5.300000e+01 -1.510102e+01 0.000000e+00
    endloop
  endfacet
  facet normal 0.000000e+00 0.000000e+00 1.000000e+00
    outer loop
      vertex   -5.300000e+01 -1.510102e+01 0.000000e+00
      vertex   -5.302668e+01 -1.250000e+01 0.000000e+00
      vertex   -5.306076e+01 -1.275882e+01 0.000000e+00
    endloop
  endfacet
  facet normal 0.000000e+00 0.000000e+00 1.000000e+00
    outer loop
      vertex   -5.300000e+01 -1.510102e+01 0.000000e+00
      vertex   -5.306076e+01 -1.275882e+01 0.000000e+00
      vertex   -5.316066e+01 -1.300000e+01 0.000000e+00
    endloop
  endfacet
  facet normal 0.000000e+00 0.000000e+00 1.000000e+00
    outer loop
      vertex   -5.365693e+01 -9.522873e+00 0.000000e+00
      vertex   -5.352668e+01 -1.163397e+01 0.000000e+00
      vertex   -5.300000e+01 -9.681149e+00 0.000000e+00
    endloop
  endfacet
  facet normal 0.000000e+00 0.000000e+00 1.000000e+00
    outer loop
      vertex   -5.300000e+01 -9.681149e+00 0.000000e+00
      vertex   -5.352668e+01 -1.163397e+01 0.000000e+00
      vertex   -5.331958e+01 -1.179289e+01 0.000000e+00
    endloop
  endfacet
  facet normal 0.000000e+00 0.000000e+00 1.000000e+00
    outer loop
      vertex   -5.300000e+01 -9.681149e+00 0.000000e+00
      vertex   -5.331958e+01 -1.179289e+01 0.000000e+00
      vertex   -5.316066e+01 -1.200000e+01 0.000000e+00
    endloop
  endfacet
  facet normal 0.000000e+00 0.000000e+00 1.000000e+00
    outer loop
      vertex   -5.433262e+01 -9.515641e+00 0.000000e+00
      vertex   -5.402668e+01 -1.150000e+01 0.000000e+00
      vertex   -5.365693e+01 -9.522873e+00 0.000000e+00
    endloop
  endfacet
  facet normal 0.000000e+00 0.000000e+00 1.000000e+00
    outer loop
      vertex   -5.365693e+01 -9.522873e+00 0.000000e+00
      vertex   -5.402668e+01 -1.150000e+01 0.000000e+00
      vertex   -5.376786e+01 -1.153407e+01 0.000000e+00
    endloop
  endfacet
  facet normal 0.000000e+00 0.000000e+00 1.000000e+00
    outer loop
      vertex   -5.365693e+01 -9.522873e+00 0.000000e+00
      vertex   -5.376786e+01 -1.153407e+01 0.000000e+00
      vertex   -5.352668e+01 -1.163397e+01 0.000000e+00
    endloop
  endfacet
  facet normal 0.000000e+00 0.000000e+00 1.000000e+00
    outer loop
      vertex   -5.402668e+01 -1.150000e+01 0.000000e+00
      vertex   -5.433262e+01 -9.515641e+00 0.000000e+00
      vertex   -5.428550e+01 -1.153407e+01 0.000000e+00
    endloop
  endfacet
  facet normal 0.000000e+00 0.000000e+00 1.000000e+00
    outer loop
      vertex   -5.428550e+01 -1.153407e+01 0.000000e+00
      vertex   -5.433262e+01 -9.515641e+00 0.000000e+00
      vertex   -5.499279e+01 -9.659819e+00 0.000000e+00
    endloop
  endfacet
  facet normal 0.000000e+00 0.000000e+00 1.000000e+00
    outer loop
      vertex   -5.428550e+01 -1.153407e+01 0.000000e+00
      vertex   -5.499279e+01 -9.659819e+00 0.000000e+00
      vertex   -5.452668e+01 -1.163397e+01 0.000000e+00
    endloop
  endfacet
  facet normal 0.000000e+00 0.000000e+00 1.000000e+00
    outer loop
      vertex   -5.452668e+01 -1.163397e+01 0.000000e+00
      vertex   -5.499279e+01 -9.659819e+00 0.000000e+00
      vertex   -5.473379e+01 -1.179289e+01 0.000000e+00
    endloop
  endfacet
  facet normal 0.000000e+00 0.000000e+00 1.000000e+00
    outer loop
      vertex   -5.473379e+01 -1.179289e+01 0.000000e+00
      vertex   -5.499279e+01 -9.659819e+00 0.000000e+00
      vertex   -5.560395e+01 -9.948093e+00 0.000000e+00
    endloop
  endfacet
  facet normal 0.000000e+00 0.000000e+00 1.000000e+00
    outer loop
      vertex   -5.473379e+01 -1.179289e+01 0.000000e+00
      vertex   -5.560395e+01 -9.948093e+00 0.000000e+00
      vertex   -5.489271e+01 -1.200000e+01 0.000000e+00
    endloop
  endfacet
  facet normal 0.000000e+00 0.000000e+00 1.000000e+00
    outer loop
      vertex   -5.489271e+01 -1.200000e+01 0.000000e+00
      vertex   -5.560395e+01 -9.948093e+00 0.000000e+00
      vertex   -5.613508e+01 -1.036584e+01 0.000000e+00
    endloop
  endfacet
  facet normal 0.000000e+00 0.000000e+00 1.000000e+00
    outer loop
      vertex   -5.489271e+01 -1.200000e+01 0.000000e+00
      vertex   -5.613508e+01 -1.036584e+01 0.000000e+00
      vertex   -5.499261e+01 -1.224118e+01 0.000000e+00
    endloop
  endfacet
  facet normal 0.000000e+00 0.000000e+00 1.000000e+00
    outer loop
      vertex   -5.499261e+01 -1.224118e+01 0.000000e+00
      vertex   -5.613508e+01 -1.036584e+01 0.000000e+00
      vertex   -5.655925e+01 -1.089186e+01 0.000000e+00
    endloop
  endfacet
  facet normal 0.000000e+00 0.000000e+00 1.000000e+00
    outer loop
      vertex   -5.499261e+01 -1.224118e+01 0.000000e+00
      vertex   -5.655925e+01 -1.089186e+01 0.000000e+00
      vertex   -5.685492e+01 -1.149947e+01 0.000000e+00
    endloop
  endfacet
  facet normal 0.000000e+00 0.000000e+00 1.000000e+00
    outer loop
      vertex   -5.499261e+01 -1.224118e+01 0.000000e+00
      vertex   -5.685492e+01 -1.149947e+01 0.000000e+00
      vertex   -5.502668e+01 -1.250000e+01 0.000000e+00
    endloop
  endfacet
  facet normal 0.000000e+00 0.000000e+00 1.000000e+00
    outer loop
      vertex   -5.502668e+01 -1.250000e+01 0.000000e+00
      vertex   -5.685492e+01 -1.149947e+01 0.000000e+00
      vertex   -5.700711e+01 -1.215784e+01 0.000000e+00
    endloop
  endfacet
  facet normal 0.000000e+00 0.000000e+00 1.000000e+00
    outer loop
      vertex   -5.502668e+01 -1.250000e+01 0.000000e+00
      vertex   -5.700711e+01 -1.215784e+01 0.000000e+00
      vertex   -5.700808e+01 -1.283357e+01 0.000000e+00
    endloop
  endfacet
  facet normal -0.000000e+00 0.000000e+00 1.000000e+00
    outer loop
      vertex   -5.700808e+01 -1.283357e+01 0.000000e+00
      vertex   -5.685780e+01 -1.349237e+01 0.000000e+00
      vertex   -5.502668e+01 -1.250000e+01 0.000000e+00
    endloop
  endfacet
  facet normal 0.000000e+00 0.000000e+00 1.000000e+00
    outer loop
      vertex   -5.502668e+01 -1.250000e+01 0.000000e+00
      vertex   -5.685780e+01 -1.349237e+01 0.000000e+00
      vertex   -5.499261e+01 -1.275882e+01 0.000000e+00
    endloop
  endfacet
  facet normal 0.000000e+00 0.000000e+00 1.000000e+00
    outer loop
      vertex   -5.499261e+01 -1.275882e+01 0.000000e+00
      vertex   -5.685780e+01 -1.349237e+01 0.000000e+00
      vertex   -5.656387e+01 -1.410083e+01 0.000000e+00
    endloop
  endfacet
  facet normal 0.000000e+00 0.000000e+00 1.000000e+00
    outer loop
      vertex   -5.499261e+01 -1.275882e+01 0.000000e+00
      vertex   -5.656387e+01 -1.410083e+01 0.000000e+00
      vertex   -5.614123e+01 -1.462807e+01 0.000000e+00
    endloop
  endfacet
  facet normal 0.000000e+00 0.000000e+00 1.000000e+00
    outer loop
      vertex   -5.499261e+01 -1.275882e+01 0.000000e+00
      vertex   -5.614123e+01 -1.462807e+01 0.000000e+00
      vertex   -5.489271e+01 -1.300000e+01 0.000000e+00
    endloop
  endfacet
  facet normal 0.000000e+00 0.000000e+00 1.000000e+00
    outer loop
      vertex   -5.489271e+01 -1.300000e+01 0.000000e+00
      vertex   -5.614123e+01 -1.462807e+01 0.000000e+00
      vertex   -5.561130e+01 -1.504735e+01 0.000000e+00
    endloop
  endfacet
  facet normal 0.000000e+00 0.000000e+00 1.000000e+00
    outer loop
      vertex   -5.489271e+01 -1.300000e+01 0.000000e+00
      vertex   -5.561130e+01 -1.504735e+01 0.000000e+00
      vertex   -5.473379e+01 -1.320711e+01 0.000000e+00
    endloop
  endfacet
  facet normal 0.000000e+00 0.000000e+00 1.000000e+00
    outer loop
      vertex   -5.473379e+01 -1.320711e+01 0.000000e+00
      vertex   -5.561130e+01 -1.504735e+01 0.000000e+00
      vertex   -5.500098e+01 -1.533738e+01 0.000000e+00
    endloop
  endfacet
  facet normal 0.000000e+00 0.000000e+00 1.000000e+00
    outer loop
      vertex   -5.473379e+01 -1.320711e+01 0.000000e+00
      vertex   -5.500098e+01 -1.533738e+01 0.000000e+00
      vertex   -5.452668e+01 -1.336603e+01 0.000000e+00
    endloop
  endfacet
  facet normal 0.000000e+00 0.000000e+00 1.000000e+00
    outer loop
      vertex   -5.452668e+01 -1.336603e+01 0.000000e+00
      vertex   -5.500098e+01 -1.533738e+01 0.000000e+00
      vertex   -5.428550e+01 -1.346593e+01 0.000000e+00
    endloop
  endfacet
  facet normal 0.000000e+00 0.000000e+00 1.000000e+00
    outer loop
      vertex   -5.428550e+01 -1.346593e+01 0.000000e+00
      vertex   -5.500098e+01 -1.533738e+01 0.000000e+00
      vertex   -5.434123e+01 -1.548346e+01 0.000000e+00
    endloop
  endfacet
  facet normal 0.000000e+00 0.000000e+00 1.000000e+00
    outer loop
      vertex   -5.428550e+01 -1.346593e+01 0.000000e+00
      vertex   -5.434123e+01 -1.548346e+01 0.000000e+00
      vertex   -5.402668e+01 -1.350000e+01 0.000000e+00
    endloop
  endfacet
  facet normal 0.000000e+00 0.000000e+00 1.000000e+00
    outer loop
      vertex   -5.402668e+01 -1.350000e+01 0.000000e+00
      vertex   -5.434123e+01 -1.548346e+01 0.000000e+00
      vertex   -5.366552e+01 -1.547818e+01 0.000000e+00
    endloop
  endfacet
  facet normal -0.000000e+00 0.000000e+00 1.000000e+00
    outer loop
      vertex   -5.402668e+01 -1.350000e+01 0.000000e+00
      vertex   -5.366552e+01 -1.547818e+01 0.000000e+00
      vertex   -5.376786e+01 -1.346593e+01 0.000000e+00
    endloop
  endfacet
  facet normal 0.000000e+00 0.000000e+00 1.000000e+00
    outer loop
      vertex   -5.376786e+01 -1.346593e+01 0.000000e+00
      vertex   -5.366552e+01 -1.547818e+01 0.000000e+00
      vertex   -5.300000e+01 -1.510102e+01 0.000000e+00
    endloop
  endfacet
  facet normal -0.000000e+00 0.000000e+00 1.000000e+00
    outer loop
      vertex   -5.376786e+01 -1.346593e+01 0.000000e+00
      vertex   -5.300000e+01 -1.510102e+01 0.000000e+00
      vertex   -5.352668e+01 -1.336603e+01 0.000000e+00
    endloop
  endfacet
  facet normal -0.000000e+00 0.000000e+00 1.000000e+00
    outer loop
      vertex   -5.352668e+01 -1.336603e+01 0.000000e+00
      vertex   -5.300000e+01 -1.510102e+01 0.000000e+00
      vertex   -5.331958e+01 -1.320711e+01 0.000000e+00
    endloop
  endfacet
  facet normal -0.000000e+00 0.000000e+00 1.000000e+00
    outer loop
      vertex   -5.331958e+01 -1.320711e+01 0.000000e+00
      vertex   -5.300000e+01 -1.510102e+01 0.000000e+00
      vertex   -5.316066e+01 -1.300000e+01 0.000000e+00
    endloop
  endfacet
  facet normal -0.000000e+00 0.000000e+00 1.000000e+00
    outer loop
      vertex   -5.316066e+01 -1.200000e+01 0.000000e+00
      vertex   -5.306076e+01 -1.224118e+01 0.000000e+00
      vertex   -5.300000e+01 -9.681149e+00 0.000000e+00
    endloop
  endfacet
  facet normal 0.000000e+00 0.000000e+00 1.000000e+00
    outer loop
      vertex   -5.300000e+01 -9.681149e+00 0.000000e+00
      vertex   -5.306076e+01 -1.224118e+01 0.000000e+00
      vertex   -5.302668e+01 -1.250000e+01 0.000000e+00
    endloop
  endfacet
  facet normal 9.914449e-01 -1.305262e-01 0.000000e+00
    outer loop
      vertex   -5.499261e+01 -1.224118e+01 -8.000000e+00
      vertex   -5.499261e+01 -1.224118e+01 -4.000000e+00
      vertex   -5.502668e+01 -1.250000e+01 -8.000000e+00
    endloop
  endfacet
  facet normal 9.914449e-01 -1.305262e-01 0.000000e+00
    outer loop
      vertex   -5.502668e+01 -1.250000e+01 -8.000000e+00
      vertex   -5.499261e+01 -1.224118e+01 -4.000000e+00
      vertex   -5.502668e+01 -1.250000e+01 -4.000000e+00
    endloop
  endfacet
  facet normal 9.914449e-01 1.305262e-01 -0.000000e+00
    outer loop
      vertex   -5.502668e+01 -1.250000e+01 -8.000000e+00
      vertex   -5.502668e+01 -1.250000e+01 -4.000000e+00
      vertex   -5.499261e+01 -1.275882e+01 -8.000000e+00
    endloop
  endfacet
  facet normal 9.914449e-01 1.305262e-01 -0.000000e+00
    outer loop
      vertex   -5.499261e+01 -1.275882e+01 -8.000000e+00
      vertex   -5.502668e+01 -1.250000e+01 -4.000000e+00
      vertex   -5.499261e+01 -1.275882e+01 -4.000000e+00
    endloop
  endfacet
  facet normal 9.238795e-01 3.826834e-01 -0.000000e+00
    outer loop
      vertex   -5.499261e+01 -1.275882e+01 -8.000000e+00
      vertex   -5.499261e+01 -1.275882e+01 -4.000000e+00
      vertex   -5.489271e+01 -1.300000e+01 -8.000000e+00
    endloop
  endfacet
  facet normal 9.238795e-01 3.826834e-01 -0.000000e+00
    outer loop
      vertex   -5.489271e+01 -1.300000e+01 -8.000000e+00
      vertex   -5.499261e+01 -1.275882e+01 -4.000000e+00
      vertex   -5.489271e+01 -1.300000e+01 -4.000000e+00
    endloop
  endfacet
  facet normal 7.933533e-01 6.087614e-01 -0.000000e+00
    outer loop
      vertex   -5.489271e+01 -1.300000e+01 -8.000000e+00
      vertex   -5.489271e+01 -1.300000e+01 -4.000000e+00
      vertex   -5.473379e+01 -1.320711e+01 -8.000000e+00
    endloop
  endfacet
  facet normal 7.933533e-01 6.087614e-01 -0.000000e+00
    outer loop
      vertex   -5.473379e+01 -1.320711e+01 -8.000000e+00
      vertex   -5.489271e+01 -1.300000e+01 -4.000000e+00
      vertex   -5.473379e+01 -1.320711e+01 -4.000000e+00
    endloop
  endfacet
  facet normal 6.087614e-01 7.933533e-01 -0.000000e+00
    outer loop
      vertex   -5.473379e+01 -1.320711e+01 -8.000000e+00
      vertex   -5.473379e+01 -1.320711e+01 -4.000000e+00
      vertex   -5.452668e+01 -1.336603e+01 -8.000000e+00
    endloop
  endfacet
  facet normal 6.087614e-01 7.933533e-01 -0.000000e+00
    outer loop
      vertex   -5.452668e+01 -1.336603e+01 -8.000000e+00
      vertex   -5.473379e+01 -1.320711e+01 -4.000000e+00
      vertex   -5.452668e+01 -1.336603e+01 -4.000000e+00
    endloop
  endfacet
  facet normal 3.826834e-01 9.238795e-01 -0.000000e+00
    outer loop
      vertex   -5.452668e+01 -1.336603e+01 -8.000000e+00
      vertex   -5.452668e+01 -1.336603e+01 -4.000000e+00
      vertex   -5.428550e+01 -1.346593e+01 -8.000000e+00
    endloop
  endfacet
  facet normal 3.826834e-01 9.238795e-01 4.102849e-16
    outer loop
      vertex   -5.428550e+01 -1.346593e+01 -8.000000e+00
      vertex   -5.452668e+01 -1.336603e+01 -4.000000e+00
      vertex   -5.428550e+01 -1.346593e+01 -4.000000e+00
    endloop
  endfacet
  facet normal 1.305262e-01 9.914449e-01 4.402900e-16
    outer loop
      vertex   -5.428550e+01 -1.346593e+01 -8.000000e+00
      vertex   -5.428550e+01 -1.346593e+01 -4.000000e+00
      vertex   -5.402668e+01 -1.350000e+01 -8.000000e+00
    endloop
  endfacet
  facet normal 1.305262e-01 9.914449e-01 -0.000000e+00
    outer loop
      vertex   -5.402668e+01 -1.350000e+01 -8.000000e+00
      vertex   -5.428550e+01 -1.346593e+01 -4.000000e+00
      vertex   -5.402668e+01 -1.350000e+01 -4.000000e+00
    endloop
  endfacet
  facet normal -1.305262e-01 9.914449e-01 0.000000e+00
    outer loop
      vertex   -5.402668e+01 -1.350000e+01 -8.000000e+00
      vertex   -5.402668e+01 -1.350000e+01 -4.000000e+00
      vertex   -5.376786e+01 -1.346593e+01 -8.000000e+00
    endloop
  endfacet
  facet normal -1.305262e-01 9.914449e-01 4.402900e-16
    outer loop
      vertex   -5.376786e+01 -1.346593e+01 -8.000000e+00
      vertex   -5.402668e+01 -1.350000e+01 -4.000000e+00
      vertex   -5.376786e+01 -1.346593e+01 -4.000000e+00
    endloop
  endfacet
  facet normal -3.826834e-01 9.238795e-01 4.102849e-16
    outer loop
      vertex   -5.376786e+01 -1.346593e+01 -8.000000e+00
      vertex   -5.376786e+01 -1.346593e+01 -4.000000e+00
      vertex   -5.352668e+01 -1.336603e+01 -8.000000e+00
    endloop
  endfacet
  facet normal -3.826834e-01 9.238795e-01 0.000000e+00
    outer loop
      vertex   -5.352668e+01 -1.336603e+01 -8.000000e+00
      vertex   -5.376786e+01 -1.346593e+01 -4.000000e+00
      vertex   -5.352668e+01 -1.336603e+01 -4.000000e+00
    endloop
  endfacet
  facet normal -6.087614e-01 7.933533e-01 0.000000e+00
    outer loop
      vertex   -5.352668e+01 -1.336603e+01 -8.000000e+00
      vertex   -5.352668e+01 -1.336603e+01 -4.000000e+00
      vertex   -5.331958e+01 -1.320711e+01 -8.000000e+00
    endloop
  endfacet
  facet normal -6.087614e-01 7.933533e-01 -3.523197e-16
    outer loop
      vertex   -5.331958e+01 -1.320711e+01 -8.000000e+00
      vertex   -5.352668e+01 -1.336603e+01 -4.000000e+00
      vertex   -5.331958e+01 -1.320711e+01 -4.000000e+00
    endloop
  endfacet
  facet normal -7.933533e-01 6.087614e-01 -2.703444e-16
    outer loop
      vertex   -5.331958e+01 -1.320711e+01 -8.000000e+00
      vertex   -5.331958e+01 -1.320711e+01 -4.000000e+00
      vertex   -5.316066e+01 -1.300000e+01 -8.000000e+00
    endloop
  endfacet
  facet normal -7.933533e-01 6.087614e-01 0.000000e+00
    outer loop
      vertex   -5.316066e+01 -1.300000e+01 -8.000000e+00
      vertex   -5.331958e+01 -1.320711e+01 -4.000000e+00
      vertex   -5.316066e+01 -1.300000e+01 -4.000000e+00
    endloop
  endfacet
  facet normal -9.238795e-01 3.826834e-01 0.000000e+00
    outer loop
      vertex   -5.316066e+01 -1.300000e+01 -8.000000e+00
      vertex   -5.316066e+01 -1.300000e+01 -4.000000e+00
      vertex   -5.306076e+01 -1.275882e+01 -8.000000e+00
    endloop
  endfacet
  facet normal -9.238795e-01 3.826834e-01 0.000000e+00
    outer loop
      vertex   -5.306076e+01 -1.275882e+01 -8.000000e+00
      vertex   -5.316066e+01 -1.300000e+01 -4.000000e+00
      vertex   -5.306076e+01 -1.275882e+01 -4.000000e+00
    endloop
  endfacet
  facet normal -9.914449e-01 1.305262e-01 0.000000e+00
    outer loop
      vertex   -5.306076e+01 -1.275882e+01 -8.000000e+00
      vertex   -5.306076e+01 -1.275882e+01 -4.000000e+00
      vertex   -5.302668e+01 -1.250000e+01 -8.000000e+00
    endloop
  endfacet
  facet normal -9.914449e-01 1.305262e-01 0.000000e+00
    outer loop
      vertex   -5.302668e+01 -1.250000e+01 -8.000000e+00
      vertex   -5.306076e+01 -1.275882e+01 -4.000000e+00
      vertex   -5.302668e+01 -1.250000e+01 -4.000000e+00
    endloop
  endfacet
  facet normal -9.914449e-01 -1.305262e-01 0.000000e+00
    outer loop
      vertex   -5.302668e+01 -1.250000e+01 -8.000000e+00
      vertex   -5.302668e+01 -1.250000e+01 -4.000000e+00
      vertex   -5.306076e+01 -1.224118e+01 -8.000000e+00
    endloop
  endfacet
  facet normal -9.914449e-01 -1.305262e-01 5.796527e-17
    outer loop
      vertex   -5.306076e+01 -1.224118e+01 -8.000000e+00
      vertex   -5.302668e+01 -1.250000e+01 -4.000000e+00
      vertex   -5.306076e+01 -1.224118e+01 -4.000000e+00
    endloop
  endfacet
  facet normal -9.238795e-01 -3.826834e-01 1.699456e-16
    outer loop
      vertex   -5.306076e+01 -1.224118e+01 -8.000000e+00
      vertex   -5.306076e+01 -1.224118e+01 -4.000000e+00
      vertex   -5.316066e+01 -1.200000e+01 -8.000000e+00
    endloop
  endfacet
  facet normal -9.238795e-01 -3.826834e-01 0.000000e+00
    outer loop
      vertex   -5.316066e+01 -1.200000e+01 -8.000000e+00
      vertex   -5.306076e+01 -1.224118e+01 -4.000000e+00
      vertex   -5.316066e+01 -1.200000e+01 -4.000000e+00
    endloop
  endfacet
  facet normal -7.933533e-01 -6.087614e-01 0.000000e+00
    outer loop
      vertex   -5.316066e+01 -1.200000e+01 -8.000000e+00
      vertex   -5.316066e+01 -1.200000e+01 -4.000000e+00
      vertex   -5.331958e+01 -1.179289e+01 -8.000000e+00
    endloop
  endfacet
  facet normal -7.933533e-01 -6.087614e-01 0.000000e+00
    outer loop
      vertex   -5.331958e+01 -1.179289e+01 -8.000000e+00
      vertex   -5.316066e+01 -1.200000e+01 -4.000000e+00
      vertex   -5.331958e+01 -1.179289e+01 -4.000000e+00
    endloop
  endfacet
  facet normal -6.087614e-01 -7.933533e-01 0.000000e+00
    outer loop
      vertex   -5.331958e+01 -1.179289e+01 -8.000000e+00
      vertex   -5.331958e+01 -1.179289e+01 -4.000000e+00
      vertex   -5.352668e+01 -1.163397e+01 -8.000000e+00
    endloop
  endfacet
  facet normal -6.087614e-01 -7.933533e-01 0.000000e+00
    outer loop
      vertex   -5.352668e+01 -1.163397e+01 -8.000000e+00
      vertex   -5.331958e+01 -1.179289e+01 -4.000000e+00
      vertex   -5.352668e+01 -1.163397e+01 -4.000000e+00
    endloop
  endfacet
  facet normal -3.826834e-01 -9.238795e-01 0.000000e+00
    outer loop
      vertex   -5.352668e+01 -1.163397e+01 -8.000000e+00
      vertex   -5.352668e+01 -1.163397e+01 -4.000000e+00
      vertex   -5.376786e+01 -1.153407e+01 -8.000000e+00
    endloop
  endfacet
  facet normal -3.826834e-01 -9.238795e-01 4.102849e-16
    outer loop
      vertex   -5.376786e+01 -1.153407e+01 -8.000000e+00
      vertex   -5.352668e+01 -1.163397e+01 -4.000000e+00
      vertex   -5.376786e+01 -1.153407e+01 -4.000000e+00
    endloop
  endfacet
  facet normal -1.305262e-01 -9.914449e-01 4.402900e-16
    outer loop
      vertex   -5.376786e+01 -1.153407e+01 -8.000000e+00
      vertex   -5.376786e+01 -1.153407e+01 -4.000000e+00
      vertex   -5.402668e+01 -1.150000e+01 -8.000000e+00
    endloop
  endfacet
  facet normal -1.305262e-01 -9.914449e-01 0.000000e+00
    outer loop
      vertex   -5.402668e+01 -1.150000e+01 -8.000000e+00
      vertex   -5.376786e+01 -1.153407e+01 -4.000000e+00
      vertex   -5.402668e+01 -1.150000e+01 -4.000000e+00
    endloop
  endfacet
  facet normal 1.305262e-01 -9.914449e-01 0.000000e+00
    outer loop
      vertex   -5.402668e+01 -1.150000e+01 -8.000000e+00
      vertex   -5.402668e+01 -1.150000e+01 -4.000000e+00
      vertex   -5.428550e+01 -1.153407e+01 -8.000000e+00
    endloop
  endfacet
  facet normal 1.305262e-01 -9.914449e-01 4.402900e-16
    outer loop
      vertex   -5.428550e+01 -1.153407e+01 -8.000000e+00
      vertex   -5.402668e+01 -1.150000e+01 -4.000000e+00
      vertex   -5.428550e+01 -1.153407e+01 -4.000000e+00
    endloop
  endfacet
  facet normal 3.826834e-01 -9.238795e-01 4.102849e-16
    outer loop
      vertex   -5.428550e+01 -1.153407e+01 -8.000000e+00
      vertex   -5.428550e+01 -1.153407e+01 -4.000000e+00
      vertex   -5.452668e+01 -1.163397e+01 -8.000000e+00
    endloop
  endfacet
  facet normal 3.826834e-01 -9.238795e-01 0.000000e+00
    outer loop
      vertex   -5.452668e+01 -1.163397e+01 -8.000000e+00
      vertex   -5.428550e+01 -1.153407e+01 -4.000000e+00
      vertex   -5.452668e+01 -1.163397e+01 -4.000000e+00
    endloop
  endfacet
  facet normal 6.087614e-01 -7.933533e-01 0.000000e+00
    outer loop
      vertex   -5.452668e+01 -1.163397e+01 -8.000000e+00
      vertex   -5.452668e+01 -1.163397e+01 -4.000000e+00
      vertex   -5.473379e+01 -1.179289e+01 -8.000000e+00
    endloop
  endfacet
  facet normal 6.087614e-01 -7.933533e-01 0.000000e+00
    outer loop
      vertex   -5.473379e+01 -1.179289e+01 -8.000000e+00
      vertex   -5.452668e+01 -1.163397e+01 -4.000000e+00
      vertex   -5.473379e+01 -1.179289e+01 -4.000000e+00
    endloop
  endfacet
  facet normal 7.933533e-01 -6.087614e-01 0.000000e+00
    outer loop
      vertex   -5.473379e+01 -1.179289e+01 -8.000000e+00
      vertex   -5.473379e+01 -1.179289e+01 -4.000000e+00
      vertex   -5.489271e+01 -1.200000e+01 -8.000000e+00
    endloop
  endfacet
  facet normal 7.933533e-01 -6.087614e-01 0.000000e+00
    outer loop
      vertex   -5.489271e+01 -1.200000e+01 -8.000000e+00
      vertex   -5.473379e+01 -1.179289e+01 -4.000000e+00
      vertex   -5.489271e+01 -1.200000e+01 -4.000000e+00
    endloop
  endfacet
  facet normal 9.238795e-01 -3.826834e-01 0.000000e+00
    outer loop
      vertex   -5.489271e+01 -1.200000e+01 -8.000000e+00
      vertex   -5.489271e+01 -1.200000e+01 -4.000000e+00
      vertex   -5.499261e+01 -1.224118e+01 -8.000000e+00
    endloop
  endfacet
  facet normal 9.238795e-01 -3.826834e-01 0.000000e+00
    outer loop
      vertex   -5.499261e+01 -1.224118e+01 -8.000000e+00
      vertex   -5.489271e+01 -1.200000e+01 -4.000000e+00
      vertex   -5.499261e+01 -1.224118e+01 -4.000000e+00
    endloop
  endfacet
  facet normal 9.914449e-01 1.305262e-01 0.000000e+00
    outer loop
      vertex   -5.499261e+01 -1.275882e+01 0.000000e+00
      vertex   -5.499261e+01 -1.275882e+01 -4.000000e+00
      vertex   -5.502668e+01 -1.250000e+01 0.000000e+00
    endloop
  endfacet
  facet normal 9.914449e-01 1.305262e-01 0.000000e+00
    outer loop
      vertex   -5.502668e+01 -1.250000e+01 0.000000e+00
      vertex   -5.499261e+01 -1.275882e+01 -4.000000e+00
      vertex   -5.502668e+01 -1.250000e+01 -4.000000e+00
    endloop
  endfacet
  facet normal 9.914449e-01 -1.305262e-01 0.000000e+00
    outer loop
      vertex   -5.502668e+01 -1.250000e+01 0.000000e+00
      vertex   -5.502668e+01 -1.250000e+01 -4.000000e+00
      vertex   -5.499261e+01 -1.224118e+01 0.000000e+00
    endloop
  endfacet
  facet normal 9.914449e-01 -1.305262e-01 0.000000e+00
    outer loop
      vertex   -5.499261e+01 -1.224118e+01 0.000000e+00
      vertex   -5.502668e+01 -1.250000e+01 -4.000000e+00
      vertex   -5.499261e+01 -1.224118e+01 -4.000000e+00
    endloop
  endfacet
  facet normal 9.238795e-01 -3.826834e-01 0.000000e+00
    outer loop
      vertex   -5.499261e+01 -1.224118e+01 0.000000e+00
      vertex   -5.499261e+01 -1.224118e+01 -4.000000e+00
      vertex   -5.489271e+01 -1.200000e+01 0.000000e+00
    endloop
  endfacet
  facet normal 9.238795e-01 -3.826834e-01 0.000000e+00
    outer loop
      vertex   -5.489271e+01 -1.200000e+01 0.000000e+00
      vertex   -5.499261e+01 -1.224118e+01 -4.000000e+00
      vertex   -5.489271e+01 -1.200000e+01 -4.000000e+00
    endloop
  endfacet
  facet normal 7.933533e-01 -6.087614e-01 0.000000e+00
    outer loop
      vertex   -5.489271e+01 -1.200000e+01 0.000000e+00
      vertex   -5.489271e+01 -1.200000e+01 -4.000000e+00
      vertex   -5.473379e+01 -1.179289e+01 0.000000e+00
    endloop
  endfacet
  facet normal 7.933533e-01 -6.087614e-01 0.000000e+00
    outer loop
      vertex   -5.473379e+01 -1.179289e+01 0.000000e+00
      vertex   -5.489271e+01 -1.200000e+01 -4.000000e+00
      vertex   -5.473379e+01 -1.179289e+01 -4.000000e+00
    endloop
  endfacet
  facet normal 6.087614e-01 -7.933533e-01 0.000000e+00
    outer loop
      vertex   -5.473379e+01 -1.179289e+01 0.000000e+00
      vertex   -5.473379e+01 -1.179289e+01 -4.000000e+00
      vertex   -5.452668e+01 -1.163397e+01 0.000000e+00
    endloop
  endfacet
  facet normal 6.087614e-01 -7.933533e-01 0.000000e+00
    outer loop
      vertex   -5.452668e+01 -1.163397e+01 0.000000e+00
      vertex   -5.473379e+01 -1.179289e+01 -4.000000e+00
      vertex   -5.452668e+01 -1.163397e+01 -4.000000e+00
    endloop
  endfacet
  facet normal 3.826834e-01 -9.238795e-01 0.000000e+00
    outer loop
      vertex   -5.452668e+01 -1.163397e+01 0.000000e+00
      vertex   -5.452668e+01 -1.163397e+01 -4.000000e+00
      vertex   -5.428550e+01 -1.153407e+01 0.000000e+00
    endloop
  endfacet
  facet normal 3.826834e-01 -9.238795e-01 -4.102849e-16
    outer loop
      vertex   -5.428550e+01 -1.153407e+01 0.000000e+00
      vertex   -5.452668e+01 -1.163397e+01 -4.000000e+00
      vertex   -5.428550e+01 -1.153407e+01 -4.000000e+00
    endloop
  endfacet
  facet normal 1.305262e-01 -9.914449e-01 -4.402900e-16
    outer loop
      vertex   -5.428550e+01 -1.153407e+01 0.000000e+00
      vertex   -5.428550e+01 -1.153407e+01 -4.000000e+00
      vertex   -5.402668e+01 -1.150000e+01 0.000000e+00
    endloop
  endfacet
  facet normal 1.305262e-01 -9.914449e-01 0.000000e+00
    outer loop
      vertex   -5.402668e+01 -1.150000e+01 0.000000e+00
      vertex   -5.428550e+01 -1.153407e+01 -4.000000e+00
      vertex   -5.402668e+01 -1.150000e+01 -4.000000e+00
    endloop
  endfacet
  facet normal -1.305262e-01 -9.914449e-01 -0.000000e+00
    outer loop
      vertex   -5.402668e+01 -1.150000e+01 0.000000e+00
      vertex   -5.402668e+01 -1.150000e+01 -4.000000e+00
      vertex   -5.376786e+01 -1.153407e+01 0.000000e+00
    endloop
  endfacet
  facet normal -1.305262e-01 -9.914449e-01 -4.402900e-16
    outer loop
      vertex   -5.376786e+01 -1.153407e+01 0.000000e+00
      vertex   -5.402668e+01 -1.150000e+01 -4.000000e+00
      vertex   -5.376786e+01 -1.153407e+01 -4.000000e+00
    endloop
  endfacet
  facet normal -3.826834e-01 -9.238795e-01 -4.102849e-16
    outer loop
      vertex   -5.376786e+01 -1.153407e+01 0.000000e+00
      vertex   -5.376786e+01 -1.153407e+01 -4.000000e+00
      vertex   -5.352668e+01 -1.163397e+01 0.000000e+00
    endloop
  endfacet
  facet normal -3.826834e-01 -9.238795e-01 -0.000000e+00
    outer loop
      vertex   -5.352668e+01 -1.163397e+01 0.000000e+00
      vertex   -5.376786e+01 -1.153407e+01 -4.000000e+00
      vertex   -5.352668e+01 -1.163397e+01 -4.000000e+00
    endloop
  endfacet
  facet normal -6.087614e-01 -7.933533e-01 -0.000000e+00
    outer loop
      vertex   -5.352668e+01 -1.163397e+01 0.000000e+00
      vertex   -5.352668e+01 -1.163397e+01 -4.000000e+00
      vertex   -5.331958e+01 -1.179289e+01 0.000000e+00
    endloop
  endfacet
  facet normal -6.087614e-01 -7.933533e-01 7.046393e-16
    outer loop
      vertex   -5.331958e+01 -1.179289e+01 0.000000e+00
      vertex   -5.352668e+01 -1.163397e+01 -4.000000e+00
      vertex   -5.331958e+01 -1.179289e+01 -4.000000e+00
    endloop
  endfacet
  facet normal -7.933533e-01 -6.087614e-01 5.406888e-16
    outer loop
      vertex   -5.331958e+01 -1.179289e+01 0.000000e+00
      vertex   -5.331958e+01 -1.179289e+01 -4.000000e+00
      vertex   -5.316066e+01 -1.200000e+01 0.000000e+00
    endloop
  endfacet
  facet normal -7.933533e-01 -6.087614e-01 -0.000000e+00
    outer loop
      vertex   -5.316066e+01 -1.200000e+01 0.000000e+00
      vertex   -5.331958e+01 -1.179289e+01 -4.000000e+00
      vertex   -5.316066e+01 -1.200000e+01 -4.000000e+00
    endloop
  endfacet
  facet normal -9.238795e-01 -3.826834e-01 -0.000000e+00
    outer loop
      vertex   -5.316066e+01 -1.200000e+01 0.000000e+00
      vertex   -5.316066e+01 -1.200000e+01 -4.000000e+00
      vertex   -5.306076e+01 -1.224118e+01 0.000000e+00
    endloop
  endfacet
  facet normal -9.238795e-01 -3.826834e-01 -0.000000e+00
    outer loop
      vertex   -5.306076e+01 -1.224118e+01 0.000000e+00
      vertex   -5.316066e+01 -1.200000e+01 -4.000000e+00
      vertex   -5.306076e+01 -1.224118e+01 -4.000000e+00
    endloop
  endfacet
  facet normal -9.914449e-01 -1.305262e-01 -0.000000e+00
    outer loop
      vertex   -5.306076e+01 -1.224118e+01 0.000000e+00
      vertex   -5.306076e+01 -1.224118e+01 -4.000000e+00
      vertex   -5.302668e+01 -1.250000e+01 0.000000e+00
    endloop
  endfacet
  facet normal -9.914449e-01 -1.305262e-01 -0.000000e+00
    outer loop
      vertex   -5.302668e+01 -1.250000e+01 0.000000e+00
      vertex   -5.306076e+01 -1.224118e+01 -4.000000e+00
      vertex   -5.302668e+01 -1.250000e+01 -4.000000e+00
    endloop
  endfacet
  facet normal -9.914449e-01 1.305262e-01 0.000000e+00
    outer loop
      vertex   -5.302668e+01 -1.250000e+01 0.000000e+00
      vertex   -5.302668e+01 -1.250000e+01 -4.000000e+00
      vertex   -5.306076e+01 -1.275882e+01 0.000000e+00
    endloop
  endfacet
  facet normal -9.914449e-01 1.305262e-01 -5.796527e-17
    outer loop
      vertex   -5.306076e+01 -1.275882e+01 0.000000e+00
      vertex   -5.302668e+01 -1.250000e+01 -4.000000e+00
      vertex   -5.306076e+01 -1.275882e+01 -4.000000e+00
    endloop
  endfacet
  facet normal -9.238795e-01 3.826834e-01 -1.699456e-16
    outer loop
      vertex   -5.306076e+01 -1.275882e+01 0.000000e+00
      vertex   -5.306076e+01 -1.275882e+01 -4.000000e+00
      vertex   -5.316066e+01 -1.300000e+01 0.000000e+00
    endloop
  endfacet
  facet normal -9.238795e-01 3.826834e-01 0.000000e+00
    outer loop
      vertex   -5.316066e+01 -1.300000e+01 0.000000e+00
      vertex   -5.306076e+01 -1.275882e+01 -4.000000e+00
      vertex   -5.316066e+01 -1.300000e+01 -4.000000e+00
    endloop
  endfacet
  facet normal -7.933533e-01 6.087614e-01 0.000000e+00
    outer loop
      vertex   -5.316066e+01 -1.300000e+01 0.000000e+00
      vertex   -5.316066e+01 -1.300000e+01 -4.000000e+00
      vertex   -5.331958e+01 -1.320711e+01 0.000000e+00
    endloop
  endfacet
  facet normal -7.933533e-01 6.087614e-01 0.000000e+00
    outer loop
      vertex   -5.331958e+01 -1.320711e+01 0.000000e+00
      vertex   -5.316066e+01 -1.300000e+01 -4.000000e+00
      vertex   -5.331958e+01 -1.320711e+01 -4.000000e+00
    endloop
  endfacet
  facet normal -6.087614e-01 7.933533e-01 0.000000e+00
    outer loop
      vertex   -5.331958e+01 -1.320711e+01 0.000000e+00
      vertex   -5.331958e+01 -1.320711e+01 -4.000000e+00
      vertex   -5.352668e+01 -1.336603e+01 0.000000e+00
    endloop
  endfacet
  facet normal -6.087614e-01 7.933533e-01 0.000000e+00
    outer loop
      vertex   -5.352668e+01 -1.336603e+01 0.000000e+00
      vertex   -5.331958e+01 -1.320711e+01 -4.000000e+00
      vertex   -5.352668e+01 -1.336603e+01 -4.000000e+00
    endloop
  endfacet
  facet normal -3.826834e-01 9.238795e-01 0.000000e+00
    outer loop
      vertex   -5.352668e+01 -1.336603e+01 0.000000e+00
      vertex   -5.352668e+01 -1.336603e+01 -4.000000e+00
      vertex   -5.376786e+01 -1.346593e+01 0.000000e+00
    endloop
  endfacet
  facet normal -3.826834e-01 9.238795e-01 -4.102849e-16
    outer loop
      vertex   -5.376786e+01 -1.346593e+01 0.000000e+00
      vertex   -5.352668e+01 -1.336603e+01 -4.000000e+00
      vertex   -5.376786e+01 -1.346593e+01 -4.000000e+00
    endloop
  endfacet
  facet normal -1.305262e-01 9.914449e-01 -4.402900e-16
    outer loop
      vertex   -5.376786e+01 -1.346593e+01 0.000000e+00
      vertex   -5.376786e+01 -1.346593e+01 -4.000000e+00
      vertex   -5.402668e+01 -1.350000e+01 0.000000e+00
    endloop
  endfacet
  facet normal -1.305262e-01 9.914449e-01 0.000000e+00
    outer loop
      vertex   -5.402668e+01 -1.350000e+01 0.000000e+00
      vertex   -5.376786e+01 -1.346593e+01 -4.000000e+00
      vertex   -5.402668e+01 -1.350000e+01 -4.000000e+00
    endloop
  endfacet
  facet normal 1.305262e-01 9.914449e-01 0.000000e+00
    outer loop
      vertex   -5.402668e+01 -1.350000e+01 0.000000e+00
      vertex   -5.402668e+01 -1.350000e+01 -4.000000e+00
      vertex   -5.428550e+01 -1.346593e+01 0.000000e+00
    endloop
  endfacet
  facet normal 1.305262e-01 9.914449e-01 -4.402900e-16
    outer loop
      vertex   -5.428550e+01 -1.346593e+01 0.000000e+00
      vertex   -5.402668e+01 -1.350000e+01 -4.000000e+00
      vertex   -5.428550e+01 -1.346593e+01 -4.000000e+00
    endloop
  endfacet
  facet normal 3.826834e-01 9.238795e-01 -4.102849e-16
    outer loop
      vertex   -5.428550e+01 -1.346593e+01 0.000000e+00
      vertex   -5.428550e+01 -1.346593e+01 -4.000000e+00
      vertex   -5.452668e+01 -1.336603e+01 0.000000e+00
    endloop
  endfacet
  facet normal 3.826834e-01 9.238795e-01 0.000000e+00
    outer loop
      vertex   -5.452668e+01 -1.336603e+01 0.000000e+00
      vertex   -5.428550e+01 -1.346593e+01 -4.000000e+00
      vertex   -5.452668e+01 -1.336603e+01 -4.000000e+00
    endloop
  endfacet
  facet normal 6.087614e-01 7.933533e-01 0.000000e+00
    outer loop
      vertex   -5.452668e+01 -1.336603e+01 0.000000e+00
      vertex   -5.452668e+01 -1.336603e+01 -4.000000e+00
      vertex   -5.473379e+01 -1.320711e+01 0.000000e+00
    endloop
  endfacet
  facet normal 6.087614e-01 7.933533e-01 0.000000e+00
    outer loop
      vertex   -5.473379e+01 -1.320711e+01 0.000000e+00
      vertex   -5.452668e+01 -1.336603e+01 -4.000000e+00
      vertex   -5.473379e+01 -1.320711e+01 -4.000000e+00
    endloop
  endfacet
  facet normal 7.933533e-01 6.087614e-01 0.000000e+00
    outer loop
      vertex   -5.473379e+01 -1.320711e+01 0.000000e+00
      vertex   -5.473379e+01 -1.320711e+01 -4.000000e+00
      vertex   -5.489271e+01 -1.300000e+01 0.000000e+00
    endloop
  endfacet
  facet normal 7.933533e-01 6.087614e-01 0.000000e+00
    outer loop
      vertex   -5.489271e+01 -1.300000e+01 0.000000e+00
      vertex   -5.473379e+01 -1.320711e+01 -4.000000e+00
      vertex   -5.489271e+01 -1.300000e+01 -4.000000e+00
    endloop
  endfacet
  facet normal 9.238795e-01 3.826834e-01 0.000000e+00
    outer loop
      vertex   -5.489271e+01 -1.300000e+01 0.000000e+00
      vertex   -5.489271e+01 -1.300000e+01 -4.000000e+00
      vertex   -5.499261e+01 -1.275882e+01 0.000000e+00
    endloop
  endfacet
  facet normal 9.238795e-01 3.826834e-01 0.000000e+00
    outer loop
      vertex   -5.499261e+01 -1.275882e+01 0.000000e+00
      vertex   -5.489271e+01 -1.300000e+01 -4.000000e+00
      vertex   -5.499261e+01 -1.275882e+01 -4.000000e+00
    endloop
  endfacet
  facet normal 3.132803e-01 -9.496607e-01 -8.434681e-16
    outer loop
      vertex   -5.300814e+01 -1.532180e+01 0.000000e+00
      vertex   -5.316627e+01 -1.537397e+01 -8.000000e+00
      vertex   -5.300814e+01 -1.532180e+01 -2.000000e+00
    endloop
  endfacet
  facet normal 3.960786e-01 -9.182133e-01 -2.455686e-03
    outer loop
      vertex   -5.300814e+01 -1.532180e+01 -2.000000e+00
      vertex   -5.316627e+01 -1.537397e+01 -8.000000e+00
      vertex   -5.252668e+01 -1.509808e+01 -8.000000e+00
    endloop
  endfacet
  facet normal 4.417772e-01 -8.971226e-01 1.997687e-03
    outer loop
      vertex   -5.300814e+01 -1.532180e+01 -2.000000e+00
      vertex   -5.252668e+01 -1.509808e+01 -8.000000e+00
      vertex   -5.241093e+01 -1.502771e+01 -2.000000e+00
    endloop
  endfacet
  facet normal 5.971573e-01 -8.021214e-01 -2.114102e-03
    outer loop
      vertex   -5.241093e+01 -1.502771e+01 -2.000000e+00
      vertex   -5.252668e+01 -1.509808e+01 -8.000000e+00
      vertex   -5.196796e+01 -1.468212e+01 -8.000000e+00
    endloop
  endfacet
  facet normal 6.287413e-01 -7.776128e-01 1.629355e-03
    outer loop
      vertex   -5.241093e+01 -1.502771e+01 -2.000000e+00
      vertex   -5.196796e+01 -1.468212e+01 -8.000000e+00
      vertex   -5.189328e+01 -1.460916e+01 -2.000000e+00
    endloop
  endfacet
  facet normal 7.660433e-01 -6.427867e-01 -1.719034e-03
    outer loop
      vertex   -5.189328e+01 -1.460916e+01 -2.000000e+00
      vertex   -5.196796e+01 -1.468212e+01 -8.000000e+00
      vertex   -5.152022e+01 -1.414853e+01 -8.000000e+00
    endloop
  endfacet
  facet normal 7.847474e-01 -6.198145e-01 1.207560e-03
    outer loop
      vertex   -5.189328e+01 -1.460916e+01 -2.000000e+00
      vertex   -5.152022e+01 -1.414853e+01 -8.000000e+00
      vertex   -5.148067e+01 -1.408676e+01 -2.000000e+00
    endloop
  endfacet
  facet normal 8.936319e-01 -4.487988e-01 -1.270524e-03
    outer loop
      vertex   -5.148067e+01 -1.408676e+01 -2.000000e+00
      vertex   -5.152022e+01 -1.414853e+01 -8.000000e+00
      vertex   -5.120761e+01 -1.352606e+01 -8.000000e+00
    endloop
  endfacet
  facet normal 9.021140e-01 -4.314973e-01 7.323457e-04
    outer loop
      vertex   -5.148067e+01 -1.408676e+01 -2.000000e+00
      vertex   -5.120761e+01 -1.352606e+01 -8.000000e+00
      vertex   -5.119343e+01 -1.348624e+01 -2.000000e+00
    endloop
  endfacet
  facet normal 9.730446e-01 -2.306158e-01 -7.686191e-04
    outer loop
      vertex   -5.119343e+01 -1.348624e+01 -2.000000e+00
      vertex   -5.120761e+01 -1.352606e+01 -8.000000e+00
      vertex   -5.104697e+01 -1.284828e+01 -8.000000e+00
    endloop
  endfacet
  facet normal 9.750618e-01 -2.219336e-01 2.037638e-04
    outer loop
      vertex   -5.119343e+01 -1.348624e+01 -2.000000e+00
      vertex   -5.104697e+01 -1.284828e+01 -8.000000e+00
      vertex   -5.104569e+01 -1.283715e+01 -2.000000e+00
    endloop
  endfacet
  facet normal 9.999989e-01 -1.442211e-03 -2.106982e-04
    outer loop
      vertex   -5.104569e+01 -1.283715e+01 -2.000000e+00
      vertex   -5.104697e+01 -1.284828e+01 -8.000000e+00
      vertex   -5.104473e+01 -1.217145e+01 -2.000000e+00
    endloop
  endfacet
  facet normal 9.999999e-01 0.000000e+00 -3.733858e-04
    outer loop
      vertex   -5.104473e+01 -1.217145e+01 -2.000000e+00
      vertex   -5.104697e+01 -1.284828e+01 -8.000000e+00
      vertex   -5.104697e+01 -1.215172e+01 -8.000000e+00
    endloop
  endfacet
  facet normal 9.756978e-01 2.191202e-01 3.563515e-04
    outer loop
      vertex   -5.104473e+01 -1.217145e+01 -2.000000e+00
      vertex   -5.104697e+01 -1.215172e+01 -8.000000e+00
      vertex   -5.119059e+01 -1.152194e+01 -2.000000e+00
    endloop
  endfacet
  facet normal 9.730445e-01 2.306158e-01 -9.137791e-04
    outer loop
      vertex   -5.119059e+01 -1.152194e+01 -2.000000e+00
      vertex   -5.104697e+01 -1.215172e+01 -8.000000e+00
      vertex   -5.120761e+01 -1.147394e+01 -8.000000e+00
    endloop
  endfacet
  facet normal 9.033547e-01 4.288933e-01 8.700741e-04
    outer loop
      vertex   -5.119059e+01 -1.152194e+01 -2.000000e+00
      vertex   -5.120761e+01 -1.147394e+01 -8.000000e+00
      vertex   -5.147610e+01 -1.092059e+01 -2.000000e+00
    endloop
  endfacet
  facet normal 8.936318e-01 4.487987e-01 -1.400817e-03
    outer loop
      vertex   -5.147610e+01 -1.092059e+01 -2.000000e+00
      vertex   -5.120761e+01 -1.147394e+01 -8.000000e+00
      vertex   -5.152022e+01 -1.085147e+01 -8.000000e+00
    endloop
  endfacet
  facet normal 7.865319e-01 6.175483e-01 1.330414e-03
    outer loop
      vertex   -5.147610e+01 -1.092059e+01 -2.000000e+00
      vertex   -5.152022e+01 -1.085147e+01 -8.000000e+00
      vertex   -5.188720e+01 -1.039700e+01 -2.000000e+00
    endloop
  endfacet
  facet normal 7.660432e-01 6.427865e-01 -1.834446e-03
    outer loop
      vertex   -5.188720e+01 -1.039700e+01 -2.000000e+00
      vertex   -5.152022e+01 -1.085147e+01 -8.000000e+00
      vertex   -5.196796e+01 -1.031788e+01 -8.000000e+00
    endloop
  endfacet
  facet normal 6.309816e-01 7.757959e-01 1.737322e-03
    outer loop
      vertex   -5.188720e+01 -1.039700e+01 -2.000000e+00
      vertex   -5.196796e+01 -1.031788e+01 -8.000000e+00
      vertex   -5.240364e+01 -9.976958e+00 -2.000000e+00
    endloop
  endfacet
  facet normal 5.971571e-01 8.021212e-01 -2.214621e-03
    outer loop
      vertex   -5.240364e+01 -9.976958e+00 -2.000000e+00
      vertex   -5.196796e+01 -1.031788e+01 -8.000000e+00
      vertex   -5.252668e+01 -9.901924e+00 -8.000000e+00
    endloop
  endfacet
  facet normal 4.443630e-01 8.958444e-01 2.090755e-03
    outer loop
      vertex   -5.240364e+01 -9.976958e+00 -2.000000e+00
      vertex   -5.252668e+01 -9.901924e+00 -8.000000e+00
      vertex   -5.300000e+01 -9.681149e+00 -2.000000e+00
    endloop
  endfacet
  facet normal 3.960785e-01 9.182131e-01 -2.541301e-03
    outer loop
      vertex   -5.300000e+01 -9.681149e+00 -2.000000e+00
      vertex   -5.252668e+01 -9.901924e+00 -8.000000e+00
      vertex   -5.316627e+01 -9.626031e+00 -8.000000e+00
    endloop
  endfacet
  facet normal 3.146496e-01 9.492079e-01 -0.000000e+00
    outer loop
      vertex   -5.300000e+01 -9.681149e+00 -2.000000e+00
      vertex   -5.316627e+01 -9.626031e+00 -8.000000e+00
      vertex   -5.300000e+01 -9.681149e+00 0.000000e+00
    endloop
  endfacet
  facet normal 2.342287e-01 9.721798e-01 1.829751e-03
    outer loop
      vertex   -5.300000e+01 -9.681149e+00 0.000000e+00
      vertex   -5.316627e+01 -9.626031e+00 -8.000000e+00
      vertex   -5.365693e+01 -9.522873e+00 0.000000e+00
    endloop
  endfacet
  facet normal 1.736478e-01 9.848057e-01 -2.048629e-03
    outer loop
      vertex   -5.365693e+01 -9.522873e+00 0.000000e+00
      vertex   -5.316627e+01 -9.626031e+00 -8.000000e+00
      vertex   -5.385225e+01 -9.505076e+00 -8.000000e+00
    endloop
  endfacet
  facet normal 1.070281e-02 9.999408e-01 1.963257e-03
    outer loop
      vertex   -5.365693e+01 -9.522873e+00 0.000000e+00
      vertex   -5.385225e+01 -9.505076e+00 -8.000000e+00
      vertex   -5.433262e+01 -9.515641e+00 0.000000e+00
    endloop
  endfacet
  facet normal -5.814469e-02 9.983058e-01 -2.172990e-03
    outer loop
      vertex   -5.433262e+01 -9.515641e+00 0.000000e+00
      vertex   -5.385225e+01 -9.505076e+00 -8.000000e+00
      vertex   -5.454763e+01 -9.545577e+00 -8.000000e+00
    endloop
  endfacet
  facet normal -2.133659e-01 9.769701e-01 2.078472e-03
    outer loop
      vertex   -5.433262e+01 -9.515641e+00 0.000000e+00
      vertex   -5.454763e+01 -9.545577e+00 -8.000000e+00
      vertex   -5.499279e+01 -9.659819e+00 0.000000e+00
    endloop
  endfacet
  facet normal -2.868025e-01 9.579870e-01 -2.279057e-03
    outer loop
      vertex   -5.499279e+01 -9.659819e+00 0.000000e+00
      vertex   -5.454763e+01 -9.545577e+00 -8.000000e+00
      vertex   -5.521492e+01 -9.745352e+00 -8.000000e+00
    endloop
  endfacet
  facet normal -4.266095e-01 9.044333e-01 2.175390e-03
    outer loop
      vertex   -5.499279e+01 -9.659819e+00 0.000000e+00
      vertex   -5.521492e+01 -9.745352e+00 -8.000000e+00
      vertex   -5.560395e+01 -9.948093e+00 0.000000e+00
    endloop
  endfacet
  facet normal -4.999986e-01 8.660230e-01 -2.366823e-03
    outer loop
      vertex   -5.560395e+01 -9.948093e+00 0.000000e+00
      vertex   -5.521492e+01 -9.745352e+00 -8.000000e+00
      vertex   -5.581816e+01 -1.009363e+01 -8.000000e+00
    endloop
  endfacet
  facet normal -6.182092e-01 7.860104e-01 2.254005e-03
    outer loop
      vertex   -5.560395e+01 -9.948093e+00 0.000000e+00
      vertex   -5.581816e+01 -1.009363e+01 -8.000000e+00
      vertex   -5.613508e+01 -1.036584e+01 0.000000e+00
    endloop
  endfacet
  facet normal -6.862396e-01 7.273715e-01 -2.436286e-03
    outer loop
      vertex   -5.613508e+01 -1.036584e+01 0.000000e+00
      vertex   -5.581816e+01 -1.009363e+01 -8.000000e+00
      vertex   -5.632482e+01 -1.057164e+01 -8.000000e+00
    endloop
  endfacet
  facet normal -7.784442e-01 6.277096e-01 2.314314e-03
    outer loop
      vertex   -5.613508e+01 -1.036584e+01 0.000000e+00
      vertex   -5.632482e+01 -1.057164e+01 -8.000000e+00
      vertex   -5.655925e+01 -1.089186e+01 0.000000e+00
    endloop
  endfacet
  facet normal -8.354852e-01 5.495073e-01 -2.487441e-03
    outer loop
      vertex   -5.655925e+01 -1.089186e+01 0.000000e+00
      vertex   -5.632482e+01 -1.057164e+01 -8.000000e+00
      vertex   -5.670758e+01 -1.115360e+01 -8.000000e+00
    endloop
  endfacet
  facet normal -8.991851e-01 4.375622e-01 2.356314e-03
    outer loop
      vertex   -5.655925e+01 -1.089186e+01 0.000000e+00
      vertex   -5.670758e+01 -1.115360e+01 -8.000000e+00
      vertex   -5.685492e+01 -1.149947e+01 0.000000e+00
    endloop
  endfacet
  facet normal -9.396896e-01 3.420191e-01 -2.520285e-03
    outer loop
      vertex   -5.685492e+01 -1.149947e+01 0.000000e+00
      vertex   -5.670758e+01 -1.115360e+01 -8.000000e+00
      vertex   -5.694582e+01 -1.180815e+01 -8.000000e+00
    endloop
  endfacet
  facet normal -9.743061e-01 2.252153e-01 2.380003e-03
    outer loop
      vertex   -5.685492e+01 -1.149947e+01 0.000000e+00
      vertex   -5.694582e+01 -1.180815e+01 -8.000000e+00
      vertex   -5.700711e+01 -1.215784e+01 0.000000e+00
    endloop
  endfacet
  facet normal -9.932352e-01 1.160925e-01 -2.534818e-03
    outer loop
      vertex   -5.700711e+01 -1.215784e+01 0.000000e+00
      vertex   -5.694582e+01 -1.180815e+01 -8.000000e+00
      vertex   -5.702668e+01 -1.250000e+01 -8.000000e+00
    endloop
  endfacet
  facet normal -9.999961e-01 1.442207e-03 2.385380e-03
    outer loop
      vertex   -5.700711e+01 -1.215784e+01 0.000000e+00
      vertex   -5.702668e+01 -1.250000e+01 -8.000000e+00
      vertex   -5.700808e+01 -1.283357e+01 0.000000e+00
    endloop
  endfacet
  facet normal -9.932352e-01 -1.160925e-01 -2.531039e-03
    outer loop
      vertex   -5.700808e+01 -1.283357e+01 0.000000e+00
      vertex   -5.702668e+01 -1.250000e+01 -8.000000e+00
      vertex   -5.694582e+01 -1.319185e+01 -8.000000e+00
    endloop
  endfacet
  facet normal -9.749517e-01 -2.224041e-01 2.372444e-03
    outer loop
      vertex   -5.700808e+01 -1.283357e+01 0.000000e+00
      vertex   -5.694582e+01 -1.319185e+01 -8.000000e+00
      vertex   -5.685780e+01 -1.349237e+01 0.000000e+00
    endloop
  endfacet
  facet normal -9.396897e-01 -3.420191e-01 -2.508947e-03
    outer loop
      vertex   -5.685780e+01 -1.349237e+01 0.000000e+00
      vertex   -5.694582e+01 -1.319185e+01 -8.000000e+00
      vertex   -5.670758e+01 -1.384640e+01 -8.000000e+00
    endloop
  endfacet
  facet normal -9.004435e-01 -4.349668e-01 2.341197e-03
    outer loop
      vertex   -5.685780e+01 -1.349237e+01 0.000000e+00
      vertex   -5.670758e+01 -1.384640e+01 -8.000000e+00
      vertex   -5.656387e+01 -1.410083e+01 0.000000e+00
    endloop
  endfacet
  facet normal -8.354853e-01 -5.495073e-01 -2.468545e-03
    outer loop
      vertex   -5.656387e+01 -1.410083e+01 0.000000e+00
      vertex   -5.670758e+01 -1.384640e+01 -8.000000e+00
      vertex   -5.632482e+01 -1.442836e+01 -8.000000e+00
    endloop
  endfacet
  facet normal -7.802516e-01 -6.254616e-01 2.291639e-03
    outer loop
      vertex   -5.656387e+01 -1.410083e+01 0.000000e+00
      vertex   -5.632482e+01 -1.442836e+01 -8.000000e+00
      vertex   -5.614123e+01 -1.462807e+01 0.000000e+00
    endloop
  endfacet
  facet normal -6.862396e-01 -7.273715e-01 -2.409833e-03
    outer loop
      vertex   -5.614123e+01 -1.462807e+01 0.000000e+00
      vertex   -5.632482e+01 -1.442836e+01 -8.000000e+00
      vertex   -5.581816e+01 -1.490637e+01 -8.000000e+00
    endloop
  endfacet
  facet normal -6.204738e-01 -7.842240e-01 2.223774e-03
    outer loop
      vertex   -5.614123e+01 -1.462807e+01 0.000000e+00
      vertex   -5.581816e+01 -1.490637e+01 -8.000000e+00
      vertex   -5.561130e+01 -1.504735e+01 0.000000e+00
    endloop
  endfacet
  facet normal -4.999986e-01 -8.660230e-01 -2.332815e-03
    outer loop
      vertex   -5.561130e+01 -1.504735e+01 0.000000e+00
      vertex   -5.581816e+01 -1.490637e+01 -8.000000e+00
      vertex   -5.521492e+01 -1.525465e+01 -8.000000e+00
    endloop
  endfacet
  facet normal -4.292166e-01 -9.031991e-01 2.137604e-03
    outer loop
      vertex   -5.561130e+01 -1.504735e+01 0.000000e+00
      vertex   -5.521492e+01 -1.525465e+01 -8.000000e+00
      vertex   -5.500098e+01 -1.533738e+01 0.000000e+00
    endloop
  endfacet
  facet normal -2.868025e-01 -9.579871e-01 -2.237494e-03
    outer loop
      vertex   -5.500098e+01 -1.533738e+01 0.000000e+00
      vertex   -5.521492e+01 -1.525465e+01 -8.000000e+00
      vertex   -5.454763e+01 -1.545442e+01 -8.000000e+00
    endloop
  endfacet
  facet normal -2.161831e-01 -9.763507e-01 2.033133e-03
    outer loop
      vertex   -5.500098e+01 -1.533738e+01 0.000000e+00
      vertex   -5.454763e+01 -1.545442e+01 -8.000000e+00
      vertex   -5.434123e+01 -1.548346e+01 0.000000e+00
    endloop
  endfacet
  facet normal -5.814470e-02 -9.983059e-01 -2.123875e-03
    outer loop
      vertex   -5.434123e+01 -1.548346e+01 0.000000e+00
      vertex   -5.454763e+01 -1.545442e+01 -8.000000e+00
      vertex   -5.385225e+01 -1.549492e+01 -8.000000e+00
    endloop
  endfacet
  facet normal 7.818518e-03 -9.999676e-01 1.910367e-03
    outer loop
      vertex   -5.434123e+01 -1.548346e+01 0.000000e+00
      vertex   -5.385225e+01 -1.549492e+01 -8.000000e+00
      vertex   -5.366552e+01 -1.547818e+01 0.000000e+00
    endloop
  endfacet
  facet normal 1.736478e-01 -9.848058e-01 -1.991964e-03
    outer loop
      vertex   -5.366552e+01 -1.547818e+01 0.000000e+00
      vertex   -5.385225e+01 -1.549492e+01 -8.000000e+00
      vertex   -5.316627e+01 -1.537397e+01 -8.000000e+00
    endloop
  endfacet
  facet normal 2.314235e-01 -9.728515e-01 1.769312e-03
    outer loop
      vertex   -5.366552e+01 -1.547818e+01 0.000000e+00
      vertex   -5.316627e+01 -1.537397e+01 -8.000000e+00
      vertex   -5.300814e+01 -1.532180e+01 0.000000e+00
    endloop
  endfacet
  facet normal -0.000000e+00 0.000000e+00 -1.000000e+00
    outer loop
      vertex   -5.499261e+01 -1.275882e+01 -8.000000e+00
      vertex   -5.694582e+01 -1.319185e+01 -8.000000e+00
      vertex   -5.502668e+01 -1.250000e+01 -8.000000e+00
    endloop
  endfacet
  facet normal -0.000000e+00 0.000000e+00 -1.000000e+00
    outer loop
      vertex   -5.502668e+01 -1.250000e+01 -8.000000e+00
      vertex   -5.694582e+01 -1.319185e+01 -8.000000e+00
      vertex   -5.702668e+01 -1.250000e+01 -8.000000e+00
    endloop
  endfacet
  facet normal 0.000000e+00 0.000000e+00 -1.000000e+00
    outer loop
      vertex   -5.502668e+01 -1.250000e+01 -8.000000e+00
      vertex   -5.702668e+01 -1.250000e+01 -8.000000e+00
      vertex   -5.694582e+01 -1.180815e+01 -8.000000e+00
    endloop
  endfacet
  facet normal 0.000000e+00 0.000000e+00 -1.000000e+00
    outer loop
      vertex   -5.694582e+01 -1.319185e+01 -8.000000e+00
      vertex   -5.499261e+01 -1.275882e+01 -8.000000e+00
      vertex   -5.670758e+01 -1.384640e+01 -8.000000e+00
    endloop
  endfacet
  facet normal 0.000000e+00 0.000000e+00 -1.000000e+00
    outer loop
      vertex   -5.670758e+01 -1.384640e+01 -8.000000e+00
      vertex   -5.499261e+01 -1.275882e+01 -8.000000e+00
      vertex   -5.489271e+01 -1.300000e+01 -8.000000e+00
    endloop
  endfacet
  facet normal 0.000000e+00 0.000000e+00 -1.000000e+00
    outer loop
      vertex   -5.670758e+01 -1.384640e+01 -8.000000e+00
      vertex   -5.489271e+01 -1.300000e+01 -8.000000e+00
      vertex   -5.632482e+01 -1.442836e+01 -8.000000e+00
    endloop
  endfacet
  facet normal 0.000000e+00 0.000000e+00 -1.000000e+00
    outer loop
      vertex   -5.632482e+01 -1.442836e+01 -8.000000e+00
      vertex   -5.489271e+01 -1.300000e+01 -8.000000e+00
      vertex   -5.473379e+01 -1.320711e+01 -8.000000e+00
    endloop
  endfacet
  facet normal 0.000000e+00 0.000000e+00 -1.000000e+00
    outer loop
      vertex   -5.632482e+01 -1.442836e+01 -8.000000e+00
      vertex   -5.473379e+01 -1.320711e+01 -8.000000e+00
      vertex   -5.581816e+01 -1.490637e+01 -8.000000e+00
    endloop
  endfacet
  facet normal 0.000000e+00 0.000000e+00 -1.000000e+00
    outer loop
      vertex   -5.581816e+01 -1.490637e+01 -8.000000e+00
      vertex   -5.473379e+01 -1.320711e+01 -8.000000e+00
      vertex   -5.452668e+01 -1.336603e+01 -8.000000e+00
    endloop
  endfacet
  facet normal 0.000000e+00 0.000000e+00 -1.000000e+00
    outer loop
      vertex   -5.581816e+01 -1.490637e+01 -8.000000e+00
      vertex   -5.452668e+01 -1.336603e+01 -8.000000e+00
      vertex   -5.521492e+01 -1.525465e+01 -8.000000e+00
    endloop
  endfacet
  facet normal 0.000000e+00 0.000000e+00 -1.000000e+00
    outer loop
      vertex   -5.521492e+01 -1.525465e+01 -8.000000e+00
      vertex   -5.452668e+01 -1.336603e+01 -8.000000e+00
      vertex   -5.428550e+01 -1.346593e+01 -8.000000e+00
    endloop
  endfacet
  facet normal 0.000000e+00 0.000000e+00 -1.000000e+00
    outer loop
      vertex   -5.521492e+01 -1.525465e+01 -8.000000e+00
      vertex   -5.428550e+01 -1.346593e+01 -8.000000e+00
      vertex   -5.454763e+01 -1.545442e+01 -8.000000e+00
    endloop
  endfacet
  facet normal 0.000000e+00 0.000000e+00 -1.000000e+00
    outer loop
      vertex   -5.454763e+01 -1.545442e+01 -8.000000e+00
      vertex   -5.428550e+01 -1.346593e+01 -8.000000e+00
      vertex   -5.402668e+01 -1.350000e+01 -8.000000e+00
    endloop
  endfacet
  facet normal 0.000000e+00 0.000000e+00 -1.000000e+00
    outer loop
      vertex   -5.454763e+01 -1.545442e+01 -8.000000e+00
      vertex   -5.402668e+01 -1.350000e+01 -8.000000e+00
      vertex   -5.385225e+01 -1.549492e+01 -8.000000e+00
    endloop
  endfacet
  facet normal 0.000000e+00 0.000000e+00 -1.000000e+00
    outer loop
      vertex   -5.385225e+01 -1.549492e+01 -8.000000e+00
      vertex   -5.402668e+01 -1.350000e+01 -8.000000e+00
      vertex   -5.376786e+01 -1.346593e+01 -8.000000e+00
    endloop
  endfacet
  facet normal 0.000000e+00 0.000000e+00 -1.000000e+00
    outer loop
      vertex   -5.385225e+01 -1.549492e+01 -8.000000e+00
      vertex   -5.376786e+01 -1.346593e+01 -8.000000e+00
      vertex   -5.316627e+01 -1.537397e+01 -8.000000e+00
    endloop
  endfacet
  facet normal 0.000000e+00 0.000000e+00 -1.000000e+00
    outer loop
      vertex   -5.316627e+01 -1.537397e+01 -8.000000e+00
      vertex   -5.376786e+01 -1.346593e+01 -8.000000e+00
      vertex   -5.352668e+01 -1.336603e+01 -8.000000e+00
    endloop
  endfacet
  facet normal 0.000000e+00 0.000000e+00 -1.000000e+00
    outer loop
      vertex   -5.316627e+01 -1.537397e+01 -8.000000e+00
      vertex   -5.352668e+01 -1.336603e+01 -8.000000e+00
      vertex   -5.252668e+01 -1.509808e+01 -8.000000e+00
    endloop
  endfacet
  facet normal 0.000000e+00 0.000000e+00 -1.000000e+00
    outer loop
      vertex   -5.252668e+01 -1.509808e+01 -8.000000e+00
      vertex   -5.352668e+01 -1.336603e+01 -8.000000e+00
      vertex   -5.196796e+01 -1.468212e+01 -8.000000e+00
    endloop
  endfacet
  facet normal 0.000000e+00 0.000000e+00 -1.000000e+00
    outer loop
      vertex   -5.196796e+01 -1.468212e+01 -8.000000e+00
      vertex   -5.352668e+01 -1.336603e+01 -8.000000e+00
      vertex   -5.331958e+01 -1.320711e+01 -8.000000e+00
    endloop
  endfacet
  facet normal 0.000000e+00 0.000000e+00 -1.000000e+00
    outer loop
      vertex   -5.196796e+01 -1.468212e+01 -8.000000e+00
      vertex   -5.331958e+01 -1.320711e+01 -8.000000e+00
      vertex   -5.152022e+01 -1.414853e+01 -8.000000e+00
    endloop
  endfacet
  facet normal 0.000000e+00 0.000000e+00 -1.000000e+00
    outer loop
      vertex   -5.152022e+01 -1.414853e+01 -8.000000e+00
      vertex   -5.331958e+01 -1.320711e+01 -8.000000e+00
      vertex   -5.316066e+01 -1.300000e+01 -8.000000e+00
    endloop
  endfacet
  facet normal 0.000000e+00 0.000000e+00 -1.000000e+00
    outer loop
      vertex   -5.152022e+01 -1.414853e+01 -8.000000e+00
      vertex   -5.316066e+01 -1.300000e+01 -8.000000e+00
      vertex   -5.120761e+01 -1.352606e+01 -8.000000e+00
    endloop
  endfacet
  facet normal 0.000000e+00 0.000000e+00 -1.000000e+00
    outer loop
      vertex   -5.120761e+01 -1.352606e+01 -8.000000e+00
      vertex   -5.316066e+01 -1.300000e+01 -8.000000e+00
      vertex   -5.306076e+01 -1.275882e+01 -8.000000e+00
    endloop
  endfacet
  facet normal 0.000000e+00 0.000000e+00 -1.000000e+00
    outer loop
      vertex   -5.120761e+01 -1.352606e+01 -8.000000e+00
      vertex   -5.306076e+01 -1.275882e+01 -8.000000e+00
      vertex   -5.104697e+01 -1.284828e+01 -8.000000e+00
    endloop
  endfacet
  facet normal 0.000000e+00 0.000000e+00 -1.000000e+00
    outer loop
      vertex   -5.104697e+01 -1.284828e+01 -8.000000e+00
      vertex   -5.306076e+01 -1.275882e+01 -8.000000e+00
      vertex   -5.302668e+01 -1.250000e+01 -8.000000e+00
    endloop
  endfacet
  facet normal 0.000000e+00 0.000000e+00 -1.000000e+00
    outer loop
      vertex   -5.104697e+01 -1.284828e+01 -8.000000e+00
      vertex   -5.302668e+01 -1.250000e+01 -8.000000e+00
      vertex   -5.104697e+01 -1.215172e+01 -8.000000e+00
    endloop
  endfacet
  facet normal 0.000000e+00 0.000000e+00 -1.000000e+00
    outer loop
      vertex   -5.104697e+01 -1.215172e+01 -8.000000e+00
      vertex   -5.302668e+01 -1.250000e+01 -8.000000e+00
      vertex   -5.306076e+01 -1.224118e+01 -8.000000e+00
    endloop
  endfacet
  facet normal -0.000000e+00 0.000000e+00 -1.000000e+00
    outer loop
      vertex   -5.104697e+01 -1.215172e+01 -8.000000e+00
      vertex   -5.306076e+01 -1.224118e+01 -8.000000e+00
      vertex   -5.120761e+01 -1.147394e+01 -8.000000e+00
    endloop
  endfacet
  facet normal 0.000000e+00 0.000000e+00 -1.000000e+00
    outer loop
      vertex   -5.120761e+01 -1.147394e+01 -8.000000e+00
      vertex   -5.306076e+01 -1.224118e+01 -8.000000e+00
      vertex   -5.316066e+01 -1.200000e+01 -8.000000e+00
    endloop
  endfacet
  facet normal -0.000000e+00 0.000000e+00 -1.000000e+00
    outer loop
      vertex   -5.120761e+01 -1.147394e+01 -8.000000e+00
      vertex   -5.316066e+01 -1.200000e+01 -8.000000e+00
      vertex   -5.152022e+01 -1.085147e+01 -8.000000e+00
    endloop
  endfacet
  facet normal 0.000000e+00 0.000000e+00 -1.000000e+00
    outer loop
      vertex   -5.152022e+01 -1.085147e+01 -8.000000e+00
      vertex   -5.316066e+01 -1.200000e+01 -8.000000e+00
      vertex   -5.331958e+01 -1.179289e+01 -8.000000e+00
    endloop
  endfacet
  facet normal -0.000000e+00 0.000000e+00 -1.000000e+00
    outer loop
      vertex   -5.152022e+01 -1.085147e+01 -8.000000e+00
      vertex   -5.331958e+01 -1.179289e+01 -8.000000e+00
      vertex   -5.196796e+01 -1.031788e+01 -8.000000e+00
    endloop
  endfacet
  facet normal 0.000000e+00 0.000000e+00 -1.000000e+00
    outer loop
      vertex   -5.196796e+01 -1.031788e+01 -8.000000e+00
      vertex   -5.331958e+01 -1.179289e+01 -8.000000e+00
      vertex   -5.352668e+01 -1.163397e+01 -8.000000e+00
    endloop
  endfacet
  facet normal -0.000000e+00 0.000000e+00 -1.000000e+00
    outer loop
      vertex   -5.196796e+01 -1.031788e+01 -8.000000e+00
      vertex   -5.352668e+01 -1.163397e+01 -8.000000e+00
      vertex   -5.252668e+01 -9.901924e+00 -8.000000e+00
    endloop
  endfacet
  facet normal -0.000000e+00 0.000000e+00 -1.000000e+00
    outer loop
      vertex   -5.252668e+01 -9.901924e+00 -8.000000e+00
      vertex   -5.352668e+01 -1.163397e+01 -8.000000e+00
      vertex   -5.316627e+01 -9.626031e+00 -8.000000e+00
    endloop
  endfacet
  facet normal 0.000000e+00 0.000000e+00 -1.000000e+00
    outer loop
      vertex   -5.316627e+01 -9.626031e+00 -8.000000e+00
      vertex   -5.352668e+01 -1.163397e+01 -8.000000e+00
      vertex   -5.376786e+01 -1.153407e+01 -8.000000e+00
    endloop
  endfacet
  facet normal -0.000000e+00 0.000000e+00 -1.000000e+00
    outer loop
      vertex   -5.316627e+01 -9.626031e+00 -8.000000e+00
      vertex   -5.376786e+01 -1.153407e+01 -8.000000e+00
      vertex   -5.385225e+01 -9.505076e+00 -8.000000e+00
    endloop
  endfacet
  facet normal 0.000000e+00 -0.000000e+00 -1.000000e+00
    outer loop
      vertex   -5.385225e+01 -9.505076e+00 -8.000000e+00
      vertex   -5.376786e+01 -1.153407e+01 -8.000000e+00
      vertex   -5.402668e+01 -1.150000e+01 -8.000000e+00
    endloop
  endfacet
  facet normal 0.000000e+00 0.000000e+00 -1.000000e+00
    outer loop
      vertex   -5.385225e+01 -9.505076e+00 -8.000000e+00
      vertex   -5.402668e+01 -1.150000e+01 -8.000000e+00
      vertex   -5.454763e+01 -9.545577e+00 -8.000000e+00
    endloop
  endfacet
  facet normal 0.000000e+00 0.000000e+00 -1.000000e+00
    outer loop
      vertex   -5.454763e+01 -9.545577e+00 -8.000000e+00
      vertex   -5.402668e+01 -1.150000e+01 -8.000000e+00
      vertex   -5.428550e+01 -1.153407e+01 -8.000000e+00
    endloop
  endfacet
  facet normal 0.000000e+00 -0.000000e+00 -1.000000e+00
    outer loop
      vertex   -5.454763e+01 -9.545577e+00 -8.000000e+00
      vertex   -5.428550e+01 -1.153407e+01 -8.000000e+00
      vertex   -5.521492e+01 -9.745352e+00 -8.000000e+00
    endloop
  endfacet
  facet normal 0.000000e+00 0.000000e+00 -1.000000e+00
    outer loop
      vertex   -5.521492e+01 -9.745352e+00 -8.000000e+00
      vertex   -5.428550e+01 -1.153407e+01 -8.000000e+00
      vertex   -5.452668e+01 -1.163397e+01 -8.000000e+00
    endloop
  endfacet
  facet normal 0.000000e+00 -0.000000e+00 -1.000000e+00
    outer loop
      vertex   -5.521492e+01 -9.745352e+00 -8.000000e+00
      vertex   -5.452668e+01 -1.163397e+01 -8.000000e+00
      vertex   -5.581816e+01 -1.009363e+01 -8.000000e+00
    endloop
  endfacet
  facet normal 0.000000e+00 0.000000e+00 -1.000000e+00
    outer loop
      vertex   -5.581816e+01 -1.009363e+01 -8.000000e+00
      vertex   -5.452668e+01 -1.163397e+01 -8.000000e+00
      vertex   -5.473379e+01 -1.179289e+01 -8.000000e+00
    endloop
  endfacet
  facet normal 0.000000e+00 -0.000000e+00 -1.000000e+00
    outer loop
      vertex   -5.581816e+01 -1.009363e+01 -8.000000e+00
      vertex   -5.473379e+01 -1.179289e+01 -8.000000e+00
      vertex   -5.632482e+01 -1.057164e+01 -8.000000e+00
    endloop
  endfacet
  facet normal 0.000000e+00 0.000000e+00 -1.000000e+00
    outer loop
      vertex   -5.632482e+01 -1.057164e+01 -8.000000e+00
      vertex   -5.473379e+01 -1.179289e+01 -8.000000e+00
      vertex   -5.489271e+01 -1.200000e+01 -8.000000e+00
    endloop
  endfacet
  facet normal 0.000000e+00 -0.000000e+00 -1.000000e+00
    outer loop
      vertex   -5.632482e+01 -1.057164e+01 -8.000000e+00
      vertex   -5.489271e+01 -1.200000e+01 -8.000000e+00
      vertex   -5.670758e+01 -1.115360e+01 -8.000000e+00
    endloop
  endfacet
  facet normal 0.000000e+00 0.000000e+00 -1.000000e+00
    outer loop
      vertex   -5.670758e+01 -1.115360e+01 -8.000000e+00
      vertex   -5.489271e+01 -1.200000e+01 -8.000000e+00
      vertex   -5.499261e+01 -1.224118e+01 -8.000000e+00
    endloop
  endfacet
  facet normal 0.000000e+00 -0.000000e+00 -1.000000e+00
    outer loop
      vertex   -5.670758e+01 -1.115360e+01 -8.000000e+00
      vertex   -5.499261e+01 -1.224118e+01 -8.000000e+00
      vertex   -5.694582e+01 -1.180815e+01 -8.000000e+00
    endloop
  endfacet
  facet normal 0.000000e+00 0.000000e+00 -1.000000e+00
    outer loop
      vertex   -5.694582e+01 -1.180815e+01 -8.000000e+00
      vertex   -5.499261e+01 -1.224118e+01 -8.000000e+00
      vertex   -5.502668e+01 -1.250000e+01 -8.000000e+00
    endloop
  endfacet
  facet normal -9.999246e-01 1.227636e-02 0.000000e+00
    outer loop
      vertex   -5.300000e+01 -1.510102e+01 0.000000e+00
      vertex   -5.300090e+01 -1.517467e+01 0.000000e+00
      vertex   -5.300000e+01 -1.510102e+01 8.000000e+00
    endloop
  endfacet
  facet normal -9.993218e-01 3.682169e-02 -2.260466e-04
    outer loop
      vertex   -5.300000e+01 -1.510102e+01 8.000000e+00
      vertex   -5.300090e+01 -1.517467e+01 0.000000e+00
      vertex   -5.300362e+01 -1.524828e+01 0.000000e+00
    endloop
  endfacet
  facet normal -9.981164e-01 6.134481e-02 -6.780035e-04
    outer loop
      vertex   -5.300000e+01 -1.510102e+01 8.000000e+00
      vertex   -5.300362e+01 -1.524828e+01 0.000000e+00
      vertex   -5.300814e+01 -1.532180e+01 0.000000e+00
    endloop
  endfacet
  facet normal -9.941194e-01 1.082712e-01 -1.977121e-03
    outer loop
      vertex   -5.300000e+01 -1.510102e+01 8.000000e+00
      vertex   -5.300814e+01 -1.532180e+01 0.000000e+00
      vertex   -5.307034e+01 -1.574683e+01 8.000000e+00
    endloop
  endfacet
  facet normal -9.894605e-01 1.448032e-01 1.251906e-16
    outer loop
      vertex   -5.307034e+01 -1.574683e+01 8.000000e+00
      vertex   -5.300814e+01 -1.532180e+01 0.000000e+00
      vertex   -5.300814e+01 -1.532180e+01 -2.000000e+00
    endloop
  endfacet
  facet normal -9.845501e-01 1.750983e-01 1.318173e-03
    outer loop
      vertex   -5.307034e+01 -1.574683e+01 8.000000e+00
      vertex   -5.300814e+01 -1.532180e+01 -2.000000e+00
      vertex   -5.311547e+01 -1.592533e+01 -2.000000e+00
    endloop
  endfacet
  facet normal -9.475053e-01 3.197370e-01 -1.430877e-03
    outer loop
      vertex   -5.307034e+01 -1.574683e+01 8.000000e+00
      vertex   -5.311547e+01 -1.592533e+01 -2.000000e+00
      vertex   -5.327805e+01 -1.636236e+01 8.000000e+00
    endloop
  endfacet
  facet normal -9.284052e-01 3.715677e-01 1.144767e-03
    outer loop
      vertex   -5.327805e+01 -1.636236e+01 8.000000e+00
      vertex   -5.311547e+01 -1.592533e+01 -2.000000e+00
      vertex   -5.334324e+01 -1.649445e+01 -2.000000e+00
    endloop
  endfacet
  facet normal -8.564611e-01 5.162101e-01 -1.234892e-03
    outer loop
      vertex   -5.327805e+01 -1.636236e+01 8.000000e+00
      vertex   -5.334324e+01 -1.649445e+01 -2.000000e+00
      vertex   -5.361339e+01 -1.691874e+01 8.000000e+00
    endloop
  endfacet
  facet normal -8.334970e-01 5.525232e-01 9.262100e-04
    outer loop
      vertex   -5.361339e+01 -1.691874e+01 8.000000e+00
      vertex   -5.334324e+01 -1.649445e+01 -2.000000e+00
      vertex   -5.368194e+01 -1.700539e+01 -2.000000e+00
    endloop
  endfacet
  facet normal -7.252568e-01 6.884778e-01 -9.937719e-04
    outer loop
      vertex   -5.361339e+01 -1.691874e+01 8.000000e+00
      vertex   -5.368194e+01 -1.700539e+01 -2.000000e+00
      vertex   -5.406065e+01 -1.738989e+01 8.000000e+00
    endloop
  endfacet
  facet normal -7.037882e-01 7.104096e-01 6.625356e-04
    outer loop
      vertex   -5.406065e+01 -1.738989e+01 8.000000e+00
      vertex   -5.368194e+01 -1.700539e+01 -2.000000e+00
      vertex   -5.411742e+01 -1.743681e+01 -2.000000e+00
    endloop
  endfacet
  facet normal -5.600445e-01 8.284623e-01 -7.075534e-04
    outer loop
      vertex   -5.406065e+01 -1.738989e+01 8.000000e+00
      vertex   -5.411742e+01 -1.743681e+01 -2.000000e+00
      vertex   -5.459884e+01 -1.775371e+01 8.000000e+00
    endloop
  endfacet
  facet normal -5.446943e-01 8.386346e-01 3.537834e-04
    outer loop
      vertex   -5.459884e+01 -1.775371e+01 8.000000e+00
      vertex   -5.411742e+01 -1.743681e+01 -2.000000e+00
      vertex   -5.463151e+01 -1.777071e+01 -2.000000e+00
    endloop
  endfacet
  facet normal -3.685711e-01 9.295995e-01 -3.762794e-04
    outer loop
      vertex   -5.459884e+01 -1.775371e+01 8.000000e+00
      vertex   -5.463151e+01 -1.777071e+01 -2.000000e+00
      vertex   -5.520273e+01 -1.799314e+01 8.000000e+00
    endloop
  endfacet
  facet normal -3.628580e-01 9.318444e-01 5.156523e-16
    outer loop
      vertex   -5.520273e+01 -1.799314e+01 8.000000e+00
      vertex   -5.463151e+01 -1.777071e+01 -2.000000e+00
      vertex   -5.520273e+01 -1.799314e+01 -2.000000e+00
    endloop
  endfacet
  facet normal 0.000000e+00 -0.000000e+00 -1.000000e+00
    outer loop
      vertex   -2.899261e+01 1.275882e+01 -2.000000e+00
      vertex   -2.706076e+01 1.275882e+01 -2.000000e+00
      vertex   -2.902668e+01 1.250000e+01 -2.000000e+00
    endloop
  endfacet
  facet normal 0.000000e+00 0.000000e+00 -1.000000e+00
    outer loop
      vertex   -2.902668e+01 1.250000e+01 -2.000000e+00
      vertex   -2.706076e+01 1.275882e+01 -2.000000e+00
      vertex   -2.702668e+01 1.250000e+01 -2.000000e+00
    endloop
  endfacet
  facet normal 0.000000e+00 0.000000e+00 -1.000000e+00
    outer loop
      vertex   -2.902668e+01 1.250000e+01 -2.000000e+00
      vertex   -2.702668e+01 1.250000e+01 -2.000000e+00
      vertex   -2.899261e+01 1.224118e+01 -2.000000e+00
    endloop
  endfacet
  facet normal 0.000000e+00 0.000000e+00 -1.000000e+00
    outer loop
      vertex   -2.899261e+01 1.224118e+01 -2.000000e+00
      vertex   -2.702668e+01 1.250000e+01 -2.000000e+00
      vertex   -2.706076e+01 1.224118e+01 -2.000000e+00
    endloop
  endfacet
  facet normal 0.000000e+00 0.000000e+00 -1.000000e+00
    outer loop
      vertex   -2.899261e+01 1.224118e+01 -2.000000e+00
      vertex   -2.706076e+01 1.224118e+01 -2.000000e+00
      vertex   -2.889271e+01 1.200000e+01 -2.000000e+00
    endloop
  endfacet
  facet normal 0.000000e+00 0.000000e+00 -1.000000e+00
    outer loop
      vertex   -2.889271e+01 1.200000e+01 -2.000000e+00
      vertex   -2.706076e+01 1.224118e+01 -2.000000e+00
      vertex   -2.716066e+01 1.200000e+01 -2.000000e+00
    endloop
  endfacet
  facet normal 0.000000e+00 0.000000e+00 -1.000000e+00
    outer loop
      vertex   -2.889271e+01 1.200000e+01 -2.000000e+00
      vertex   -2.716066e+01 1.200000e+01 -2.000000e+00
      vertex   -2.873379e+01 1.179289e+01 -2.000000e+00
    endloop
  endfacet
  facet normal 0.000000e+00 0.000000e+00 -1.000000e+00
    outer loop
      vertex   -2.873379e+01 1.179289e+01 -2.000000e+00
      vertex   -2.716066e+01 1.200000e+01 -2.000000e+00
      vertex   -2.731958e+01 1.179289e+01 -2.000000e+00
    endloop
  endfacet
  facet normal 0.000000e+00 0.000000e+00 -1.000000e+00
    outer loop
      vertex   -2.873379e+01 1.179289e+01 -2.000000e+00
      vertex   -2.731958e+01 1.179289e+01 -2.000000e+00
      vertex   -2.852668e+01 1.163397e+01 -2.000000e+00
    endloop
  endfacet
  facet normal 0.000000e+00 0.000000e+00 -1.000000e+00
    outer loop
      vertex   -2.852668e+01 1.163397e+01 -2.000000e+00
      vertex   -2.731958e+01 1.179289e+01 -2.000000e+00
      vertex   -2.752668e+01 1.163397e+01 -2.000000e+00
    endloop
  endfacet
  facet normal 0.000000e+00 0.000000e+00 -1.000000e+00
    outer loop
      vertex   -2.852668e+01 1.163397e+01 -2.000000e+00
      vertex   -2.752668e+01 1.163397e+01 -2.000000e+00
      vertex   -2.828550e+01 1.153407e+01 -2.000000e+00
    endloop
  endfacet
  facet normal 0.000000e+00 0.000000e+00 -1.000000e+00
    outer loop
      vertex   -2.828550e+01 1.153407e+01 -2.000000e+00
      vertex   -2.752668e+01 1.163397e+01 -2.000000e+00
      vertex   -2.776786e+01 1.153407e+01 -2.000000e+00
    endloop
  endfacet
  facet normal 0.000000e+00 0.000000e+00 -1.000000e+00
    outer loop
      vertex   -2.828550e+01 1.153407e+01 -2.000000e+00
      vertex   -2.776786e+01 1.153407e+01 -2.000000e+00
      vertex   -2.802668e+01 1.150000e+01 -2.000000e+00
    endloop
  endfacet
  facet normal 0.000000e+00 0.000000e+00 -1.000000e+00
    outer loop
      vertex   -2.706076e+01 1.275882e+01 -2.000000e+00
      vertex   -2.899261e+01 1.275882e+01 -2.000000e+00
      vertex   -2.716066e+01 1.300000e+01 -2.000000e+00
    endloop
  endfacet
  facet normal -0.000000e+00 0.000000e+00 -1.000000e+00
    outer loop
      vertex   -2.716066e+01 1.300000e+01 -2.000000e+00
      vertex   -2.899261e+01 1.275882e+01 -2.000000e+00
      vertex   -2.889271e+01 1.300000e+01 -2.000000e+00
    endloop
  endfacet
  facet normal 0.000000e+00 0.000000e+00 -1.000000e+00
    outer loop
      vertex   -2.716066e+01 1.300000e+01 -2.000000e+00
      vertex   -2.889271e+01 1.300000e+01 -2.000000e+00
      vertex   -2.731958e+01 1.320711e+01 -2.000000e+00
    endloop
  endfacet
  facet normal -0.000000e+00 0.000000e+00 -1.000000e+00
    outer loop
      vertex   -2.731958e+01 1.320711e+01 -2.000000e+00
      vertex   -2.889271e+01 1.300000e+01 -2.000000e+00
      vertex   -2.873379e+01 1.320711e+01 -2.000000e+00
    endloop
  endfacet
  facet normal 0.000000e+00 0.000000e+00 -1.000000e+00
    outer loop
      vertex   -2.731958e+01 1.320711e+01 -2.000000e+00
      vertex   -2.873379e+01 1.320711e+01 -2.000000e+00
      vertex   -2.752668e+01 1.336603e+01 -2.000000e+00
    endloop
  endfacet
  facet normal -0.000000e+00 0.000000e+00 -1.000000e+00
    outer loop
      vertex   -2.752668e+01 1.336603e+01 -2.000000e+00
      vertex   -2.873379e+01 1.320711e+01 -2.000000e+00
      vertex   -2.852668e+01 1.336603e+01 -2.000000e+00
    endloop
  endfacet
  facet normal 0.000000e+00 0.000000e+00 -1.000000e+00
    outer loop
      vertex   -2.752668e+01 1.336603e+01 -2.000000e+00
      vertex   -2.852668e+01 1.336603e+01 -2.000000e+00
      vertex   -2.776786e+01 1.346593e+01 -2.000000e+00
    endloop
  endfacet
  facet normal -0.000000e+00 0.000000e+00 -1.000000e+00
    outer loop
      vertex   -2.776786e+01 1.346593e+01 -2.000000e+00
      vertex   -2.852668e+01 1.336603e+01 -2.000000e+00
      vertex   -2.828550e+01 1.346593e+01 -2.000000e+00
    endloop
  endfacet
  facet normal 0.000000e+00 0.000000e+00 -1.000000e+00
    outer loop
      vertex   -2.776786e+01 1.346593e+01 -2.000000e+00
      vertex   -2.828550e+01 1.346593e+01 -2.000000e+00
      vertex   -2.802668e+01 1.350000e+01 -2.000000e+00
    endloop
  endfacet
  facet normal 2.314235e-01 9.728515e-01 1.769312e-03
    outer loop
      vertex   -5.366552e+01 1.547818e+01 0.000000e+00
      vertex   -5.300814e+01 1.532180e+01 0.000000e+00
      vertex   -5.316627e+01 1.537397e+01 -8.000000e+00
    endloop
  endfacet
  facet normal 3.132803e-01 9.496607e-01 0.000000e+00
    outer loop
      vertex   -5.316627e+01 1.537397e+01 -8.000000e+00
      vertex   -5.300814e+01 1.532180e+01 0.000000e+00
      vertex   -5.300814e+01 1.532180e+01 -2.000000e+00
    endloop
  endfacet
  facet normal 3.960786e-01 9.182133e-01 -2.455686e-03
    outer loop
      vertex   -5.316627e+01 1.537397e+01 -8.000000e+00
      vertex   -5.300814e+01 1.532180e+01 -2.000000e+00
      vertex   -5.252668e+01 1.509808e+01 -8.000000e+00
    endloop
  endfacet
  facet normal 4.417772e-01 8.971226e-01 1.997687e-03
    outer loop
      vertex   -5.252668e+01 1.509808e+01 -8.000000e+00
      vertex   -5.300814e+01 1.532180e+01 -2.000000e+00
      vertex   -5.241093e+01 1.502771e+01 -2.000000e+00
    endloop
  endfacet
  facet normal 5.971573e-01 8.021214e-01 -2.114102e-03
    outer loop
      vertex   -5.252668e+01 1.509808e+01 -8.000000e+00
      vertex   -5.241093e+01 1.502771e+01 -2.000000e+00
      vertex   -5.196796e+01 1.468212e+01 -8.000000e+00
    endloop
  endfacet
  facet normal 6.287413e-01 7.776128e-01 1.629355e-03
    outer loop
      vertex   -5.196796e+01 1.468212e+01 -8.000000e+00
      vertex   -5.241093e+01 1.502771e+01 -2.000000e+00
      vertex   -5.189328e+01 1.460916e+01 -2.000000e+00
    endloop
  endfacet
  facet normal 7.660433e-01 6.427867e-01 -1.719034e-03
    outer loop
      vertex   -5.196796e+01 1.468212e+01 -8.000000e+00
      vertex   -5.189328e+01 1.460916e+01 -2.000000e+00
      vertex   -5.152022e+01 1.414853e+01 -8.000000e+00
    endloop
  endfacet
  facet normal 7.847474e-01 6.198145e-01 1.207560e-03
    outer loop
      vertex   -5.152022e+01 1.414853e+01 -8.000000e+00
      vertex   -5.189328e+01 1.460916e+01 -2.000000e+00
      vertex   -5.148067e+01 1.408676e+01 -2.000000e+00
    endloop
  endfacet
  facet normal 8.936319e-01 4.487988e-01 -1.270524e-03
    outer loop
      vertex   -5.152022e+01 1.414853e+01 -8.000000e+00
      vertex   -5.148067e+01 1.408676e+01 -2.000000e+00
      vertex   -5.120761e+01 1.352606e+01 -8.000000e+00
    endloop
  endfacet
  facet normal 9.021140e-01 4.314973e-01 7.323457e-04
    outer loop
      vertex   -5.120761e+01 1.352606e+01 -8.000000e+00
      vertex   -5.148067e+01 1.408676e+01 -2.000000e+00
      vertex   -5.119343e+01 1.348624e+01 -2.000000e+00
    endloop
  endfacet
  facet normal 9.730446e-01 2.306158e-01 -7.686191e-04
    outer loop
      vertex   -5.120761e+01 1.352606e+01 -8.000000e+00
      vertex   -5.119343e+01 1.348624e+01 -2.000000e+00
      vertex   -5.104697e+01 1.284828e+01 -8.000000e+00
    endloop
  endfacet
  facet normal 9.750618e-01 2.219336e-01 2.037638e-04
    outer loop
      vertex   -5.104697e+01 1.284828e+01 -8.000000e+00
      vertex   -5.119343e+01 1.348624e+01 -2.000000e+00
      vertex   -5.104569e+01 1.283715e+01 -2.000000e+00
    endloop
  endfacet
  facet normal 9.999989e-01 1.442211e-03 -2.106982e-04
    outer loop
      vertex   -5.104697e+01 1.284828e+01 -8.000000e+00
      vertex   -5.104569e+01 1.283715e+01 -2.000000e+00
      vertex   -5.104473e+01 1.217145e+01 -2.000000e+00
    endloop
  endfacet
  facet normal 9.999999e-01 0.000000e+00 -3.733858e-04
    outer loop
      vertex   -5.104697e+01 1.284828e+01 -8.000000e+00
      vertex   -5.104473e+01 1.217145e+01 -2.000000e+00
      vertex   -5.104697e+01 1.215172e+01 -8.000000e+00
    endloop
  endfacet
  facet normal 9.756978e-01 -2.191202e-01 3.563515e-04
    outer loop
      vertex   -5.104697e+01 1.215172e+01 -8.000000e+00
      vertex   -5.104473e+01 1.217145e+01 -2.000000e+00
      vertex   -5.119059e+01 1.152194e+01 -2.000000e+00
    endloop
  endfacet
  facet normal 9.730445e-01 -2.306158e-01 -9.137791e-04
    outer loop
      vertex   -5.104697e+01 1.215172e+01 -8.000000e+00
      vertex   -5.119059e+01 1.152194e+01 -2.000000e+00
      vertex   -5.120761e+01 1.147394e+01 -8.000000e+00
    endloop
  endfacet
  facet normal 9.033547e-01 -4.288933e-01 8.700741e-04
    outer loop
      vertex   -5.120761e+01 1.147394e+01 -8.000000e+00
      vertex   -5.119059e+01 1.152194e+01 -2.000000e+00
      vertex   -5.147610e+01 1.092059e+01 -2.000000e+00
    endloop
  endfacet
  facet normal 8.936318e-01 -4.487987e-01 -1.400817e-03
    outer loop
      vertex   -5.120761e+01 1.147394e+01 -8.000000e+00
      vertex   -5.147610e+01 1.092059e+01 -2.000000e+00
      vertex   -5.152022e+01 1.085147e+01 -8.000000e+00
    endloop
  endfacet
  facet normal 7.865319e-01 -6.175483e-01 1.330414e-03
    outer loop
      vertex   -5.152022e+01 1.085147e+01 -8.000000e+00
      vertex   -5.147610e+01 1.092059e+01 -2.000000e+00
      vertex   -5.188720e+01 1.039700e+01 -2.000000e+00
    endloop
  endfacet
  facet normal 7.660432e-01 -6.427865e-01 -1.834446e-03
    outer loop
      vertex   -5.152022e+01 1.085147e+01 -8.000000e+00
      vertex   -5.188720e+01 1.039700e+01 -2.000000e+00
      vertex   -5.196796e+01 1.031788e+01 -8.000000e+00
    endloop
  endfacet
  facet normal 6.309816e-01 -7.757959e-01 1.737322e-03
    outer loop
      vertex   -5.196796e+01 1.031788e+01 -8.000000e+00
      vertex   -5.188720e+01 1.039700e+01 -2.000000e+00
      vertex   -5.240364e+01 9.976958e+00 -2.000000e+00
    endloop
  endfacet
  facet normal 5.971571e-01 -8.021212e-01 -2.214621e-03
    outer loop
      vertex   -5.196796e+01 1.031788e+01 -8.000000e+00
      vertex   -5.240364e+01 9.976958e+00 -2.000000e+00
      vertex   -5.252668e+01 9.901924e+00 -8.000000e+00
    endloop
  endfacet
  facet normal 4.443630e-01 -8.958444e-01 2.090755e-03
    outer loop
      vertex   -5.252668e+01 9.901924e+00 -8.000000e+00
      vertex   -5.240364e+01 9.976958e+00 -2.000000e+00
      vertex   -5.300000e+01 9.681149e+00 -2.000000e+00
    endloop
  endfacet
  facet normal 3.960785e-01 -9.182131e-01 -2.541301e-03
    outer loop
      vertex   -5.252668e+01 9.901924e+00 -8.000000e+00
      vertex   -5.300000e+01 9.681149e+00 -2.000000e+00
      vertex   -5.316627e+01 9.626031e+00 -8.000000e+00
    endloop
  endfacet
  facet normal 3.146496e-01 -9.492079e-01 0.000000e+00
    outer loop
      vertex   -5.316627e+01 9.626031e+00 -8.000000e+00
      vertex   -5.300000e+01 9.681149e+00 -2.000000e+00
      vertex   -5.300000e+01 9.681149e+00 0.000000e+00
    endloop
  endfacet
  facet normal 2.342287e-01 -9.721798e-01 1.829751e-03
    outer loop
      vertex   -5.316627e+01 9.626031e+00 -8.000000e+00
      vertex   -5.300000e+01 9.681149e+00 0.000000e+00
      vertex   -5.365693e+01 9.522873e+00 0.000000e+00
    endloop
  endfacet
  facet normal 1.736478e-01 -9.848057e-01 -2.048629e-03
    outer loop
      vertex   -5.316627e+01 9.626031e+00 -8.000000e+00
      vertex   -5.365693e+01 9.522873e+00 0.000000e+00
      vertex   -5.385225e+01 9.505076e+00 -8.000000e+00
    endloop
  endfacet
  facet normal 1.070281e-02 -9.999408e-01 1.963257e-03
    outer loop
      vertex   -5.385225e+01 9.505076e+00 -8.000000e+00
      vertex   -5.365693e+01 9.522873e+00 0.000000e+00
      vertex   -5.433262e+01 9.515641e+00 0.000000e+00
    endloop
  endfacet
  facet normal -5.814469e-02 -9.983058e-01 -2.172990e-03
    outer loop
      vertex   -5.385225e+01 9.505076e+00 -8.000000e+00
      vertex   -5.433262e+01 9.515641e+00 0.000000e+00
      vertex   -5.454763e+01 9.545577e+00 -8.000000e+00
    endloop
  endfacet
  facet normal -2.133659e-01 -9.769701e-01 2.078472e-03
    outer loop
      vertex   -5.454763e+01 9.545577e+00 -8.000000e+00
      vertex   -5.433262e+01 9.515641e+00 0.000000e+00
      vertex   -5.499279e+01 9.659819e+00 0.000000e+00
    endloop
  endfacet
  facet normal -2.868025e-01 -9.579870e-01 -2.279057e-03
    outer loop
      vertex   -5.454763e+01 9.545577e+00 -8.000000e+00
      vertex   -5.499279e+01 9.659819e+00 0.000000e+00
      vertex   -5.521492e+01 9.745352e+00 -8.000000e+00
    endloop
  endfacet
  facet normal -4.266095e-01 -9.044333e-01 2.175390e-03
    outer loop
      vertex   -5.521492e+01 9.745352e+00 -8.000000e+00
      vertex   -5.499279e+01 9.659819e+00 0.000000e+00
      vertex   -5.560395e+01 9.948093e+00 0.000000e+00
    endloop
  endfacet
  facet normal -4.999986e-01 -8.660230e-01 -2.366823e-03
    outer loop
      vertex   -5.521492e+01 9.745352e+00 -8.000000e+00
      vertex   -5.560395e+01 9.948093e+00 0.000000e+00
      vertex   -5.581816e+01 1.009363e+01 -8.000000e+00
    endloop
  endfacet
  facet normal -6.182092e-01 -7.860104e-01 2.254005e-03
    outer loop
      vertex   -5.581816e+01 1.009363e+01 -8.000000e+00
      vertex   -5.560395e+01 9.948093e+00 0.000000e+00
      vertex   -5.613508e+01 1.036584e+01 0.000000e+00
    endloop
  endfacet
  facet normal -6.862396e-01 -7.273715e-01 -2.436286e-03
    outer loop
      vertex   -5.581816e+01 1.009363e+01 -8.000000e+00
      vertex   -5.613508e+01 1.036584e+01 0.000000e+00
      vertex   -5.632482e+01 1.057164e+01 -8.000000e+00
    endloop
  endfacet
  facet normal -7.784442e-01 -6.277096e-01 2.314314e-03
    outer loop
      vertex   -5.632482e+01 1.057164e+01 -8.000000e+00
      vertex   -5.613508e+01 1.036584e+01 0.000000e+00
      vertex   -5.655925e+01 1.089186e+01 0.000000e+00
    endloop
  endfacet
  facet normal -8.354852e-01 -5.495073e-01 -2.487441e-03
    outer loop
      vertex   -5.632482e+01 1.057164e+01 -8.000000e+00
      vertex   -5.655925e+01 1.089186e+01 0.000000e+00
      vertex   -5.670758e+01 1.115360e+01 -8.000000e+00
    endloop
  endfacet
  facet normal -8.991851e-01 -4.375622e-01 2.356314e-03
    outer loop
      vertex   -5.670758e+01 1.115360e+01 -8.000000e+00
      vertex   -5.655925e+01 1.089186e+01 0.000000e+00
      vertex   -5.685492e+01 1.149947e+01 0.000000e+00
    endloop
  endfacet
  facet normal -9.396896e-01 -3.420191e-01 -2.520285e-03
    outer loop
      vertex   -5.670758e+01 1.115360e+01 -8.000000e+00
      vertex   -5.685492e+01 1.149947e+01 0.000000e+00
      vertex   -5.694582e+01 1.180815e+01 -8.000000e+00
    endloop
  endfacet
  facet normal -9.743061e-01 -2.252153e-01 2.380003e-03
    outer loop
      vertex   -5.694582e+01 1.180815e+01 -8.000000e+00
      vertex   -5.685492e+01 1.149947e+01 0.000000e+00
      vertex   -5.700711e+01 1.215784e+01 0.000000e+00
    endloop
  endfacet
  facet normal -9.932352e-01 -1.160925e-01 -2.534818e-03
    outer loop
      vertex   -5.694582e+01 1.180815e+01 -8.000000e+00
      vertex   -5.700711e+01 1.215784e+01 0.000000e+00
      vertex   -5.702668e+01 1.250000e+01 -8.000000e+00
    endloop
  endfacet
  facet normal -9.999961e-01 -1.442207e-03 2.385380e-03
    outer loop
      vertex   -5.702668e+01 1.250000e+01 -8.000000e+00
      vertex   -5.700711e+01 1.215784e+01 0.000000e+00
      vertex   -5.700808e+01 1.283357e+01 0.000000e+00
    endloop
  endfacet
  facet normal -9.932352e-01 1.160925e-01 -2.531039e-03
    outer loop
      vertex   -5.702668e+01 1.250000e+01 -8.000000e+00
      vertex   -5.700808e+01 1.283357e+01 0.000000e+00
      vertex   -5.694582e+01 1.319185e+01 -8.000000e+00
    endloop
  endfacet
  facet normal -9.749517e-01 2.224041e-01 2.372444e-03
    outer loop
      vertex   -5.694582e+01 1.319185e+01 -8.000000e+00
      vertex   -5.700808e+01 1.283357e+01 0.000000e+00
      vertex   -5.685780e+01 1.349237e+01 0.000000e+00
    endloop
  endfacet
  facet normal -9.396897e-01 3.420191e-01 -2.508947e-03
    outer loop
      vertex   -5.694582e+01 1.319185e+01 -8.000000e+00
      vertex   -5.685780e+01 1.349237e+01 0.000000e+00
      vertex   -5.670758e+01 1.384640e+01 -8.000000e+00
    endloop
  endfacet
  facet normal -9.004435e-01 4.349668e-01 2.341197e-03
    outer loop
      vertex   -5.670758e+01 1.384640e+01 -8.000000e+00
      vertex   -5.685780e+01 1.349237e+01 0.000000e+00
      vertex   -5.656387e+01 1.410083e+01 0.000000e+00
    endloop
  endfacet
  facet normal -8.354853e-01 5.495073e-01 -2.468545e-03
    outer loop
      vertex   -5.670758e+01 1.384640e+01 -8.000000e+00
      vertex   -5.656387e+01 1.410083e+01 0.000000e+00
      vertex   -5.632482e+01 1.442836e+01 -8.000000e+00
    endloop
  endfacet
  facet normal -7.802516e-01 6.254616e-01 2.291639e-03
    outer loop
      vertex   -5.632482e+01 1.442836e+01 -8.000000e+00
      vertex   -5.656387e+01 1.410083e+01 0.000000e+00
      vertex   -5.614123e+01 1.462807e+01 0.000000e+00
    endloop
  endfacet
  facet normal -6.862396e-01 7.273715e-01 -2.409833e-03
    outer loop
      vertex   -5.632482e+01 1.442836e+01 -8.000000e+00
      vertex   -5.614123e+01 1.462807e+01 0.000000e+00
      vertex   -5.581816e+01 1.490637e+01 -8.000000e+00
    endloop
  endfacet
  facet normal -6.204738e-01 7.842240e-01 2.223774e-03
    outer loop
      vertex   -5.581816e+01 1.490637e+01 -8.000000e+00
      vertex   -5.614123e+01 1.462807e+01 0.000000e+00
      vertex   -5.561130e+01 1.504735e+01 0.000000e+00
    endloop
  endfacet
  facet normal -4.999986e-01 8.660230e-01 -2.332815e-03
    outer loop
      vertex   -5.581816e+01 1.490637e+01 -8.000000e+00
      vertex   -5.561130e+01 1.504735e+01 0.000000e+00
      vertex   -5.521492e+01 1.525465e+01 -8.000000e+00
    endloop
  endfacet
  facet normal -4.292166e-01 9.031991e-01 2.137604e-03
    outer loop
      vertex   -5.521492e+01 1.525465e+01 -8.000000e+00
      vertex   -5.561130e+01 1.504735e+01 0.000000e+00
      vertex   -5.500098e+01 1.533738e+01 0.000000e+00
    endloop
  endfacet
  facet normal -2.868025e-01 9.579871e-01 -2.237494e-03
    outer loop
      vertex   -5.521492e+01 1.525465e+01 -8.000000e+00
      vertex   -5.500098e+01 1.533738e+01 0.000000e+00
      vertex   -5.454763e+01 1.545442e+01 -8.000000e+00
    endloop
  endfacet
  facet normal -2.161831e-01 9.763507e-01 2.033133e-03
    outer loop
      vertex   -5.454763e+01 1.545442e+01 -8.000000e+00
      vertex   -5.500098e+01 1.533738e+01 0.000000e+00
      vertex   -5.434123e+01 1.548346e+01 0.000000e+00
    endloop
  endfacet
  facet normal -5.814470e-02 9.983059e-01 -2.123875e-03
    outer loop
      vertex   -5.454763e+01 1.545442e+01 -8.000000e+00
      vertex   -5.434123e+01 1.548346e+01 0.000000e+00
      vertex   -5.385225e+01 1.549492e+01 -8.000000e+00
    endloop
  endfacet
  facet normal 7.818518e-03 9.999676e-01 1.910367e-03
    outer loop
      vertex   -5.385225e+01 1.549492e+01 -8.000000e+00
      vertex   -5.434123e+01 1.548346e+01 0.000000e+00
      vertex   -5.366552e+01 1.547818e+01 0.000000e+00
    endloop
  endfacet
  facet normal 1.736478e-01 9.848058e-01 -1.991964e-03
    outer loop
      vertex   -5.385225e+01 1.549492e+01 -8.000000e+00
      vertex   -5.366552e+01 1.547818e+01 0.000000e+00
      vertex   -5.316627e+01 1.537397e+01 -8.000000e+00
    endloop
  endfacet
  facet normal 9.914449e-01 -1.305262e-01 0.000000e+00
    outer loop
      vertex   -5.499261e+01 1.275882e+01 -8.000000e+00
      vertex   -5.499261e+01 1.275882e+01 -4.000000e+00
      vertex   -5.502668e+01 1.250000e+01 -8.000000e+00
    endloop
  endfacet
  facet normal 9.914449e-01 -1.305262e-01 0.000000e+00
    outer loop
      vertex   -5.502668e+01 1.250000e+01 -8.000000e+00
      vertex   -5.499261e+01 1.275882e+01 -4.000000e+00
      vertex   -5.502668e+01 1.250000e+01 -4.000000e+00
    endloop
  endfacet
  facet normal 9.914449e-01 1.305262e-01 -0.000000e+00
    outer loop
      vertex   -5.502668e+01 1.250000e+01 -8.000000e+00
      vertex   -5.502668e+01 1.250000e+01 -4.000000e+00
      vertex   -5.499261e+01 1.224118e+01 -8.000000e+00
    endloop
  endfacet
  facet normal 9.914449e-01 1.305262e-01 -0.000000e+00
    outer loop
      vertex   -5.499261e+01 1.224118e+01 -8.000000e+00
      vertex   -5.502668e+01 1.250000e+01 -4.000000e+00
      vertex   -5.499261e+01 1.224118e+01 -4.000000e+00
    endloop
  endfacet
  facet normal 9.238795e-01 3.826834e-01 -0.000000e+00
    outer loop
      vertex   -5.499261e+01 1.224118e+01 -8.000000e+00
      vertex   -5.499261e+01 1.224118e+01 -4.000000e+00
      vertex   -5.489271e+01 1.200000e+01 -8.000000e+00
    endloop
  endfacet
  facet normal 9.238795e-01 3.826834e-01 -0.000000e+00
    outer loop
      vertex   -5.489271e+01 1.200000e+01 -8.000000e+00
      vertex   -5.499261e+01 1.224118e+01 -4.000000e+00
      vertex   -5.489271e+01 1.200000e+01 -4.000000e+00
    endloop
  endfacet
  facet normal 7.933533e-01 6.087614e-01 -0.000000e+00
    outer loop
      vertex   -5.489271e+01 1.200000e+01 -8.000000e+00
      vertex   -5.489271e+01 1.200000e+01 -4.000000e+00
      vertex   -5.473379e+01 1.179289e+01 -8.000000e+00
    endloop
  endfacet
  facet normal 7.933533e-01 6.087614e-01 -0.000000e+00
    outer loop
      vertex   -5.473379e+01 1.179289e+01 -8.000000e+00
      vertex   -5.489271e+01 1.200000e+01 -4.000000e+00
      vertex   -5.473379e+01 1.179289e+01 -4.000000e+00
    endloop
  endfacet
  facet normal 6.087614e-01 7.933533e-01 -0.000000e+00
    outer loop
      vertex   -5.473379e+01 1.179289e+01 -8.000000e+00
      vertex   -5.473379e+01 1.179289e+01 -4.000000e+00
      vertex   -5.452668e+01 1.163397e+01 -8.000000e+00
    endloop
  endfacet
  facet normal 6.087614e-01 7.933533e-01 -0.000000e+00
    outer loop
      vertex   -5.452668e+01 1.163397e+01 -8.000000e+00
      vertex   -5.473379e+01 1.179289e+01 -4.000000e+00
      vertex   -5.452668e+01 1.163397e+01 -4.000000e+00
    endloop
  endfacet
  facet normal 3.826834e-01 9.238795e-01 -0.000000e+00
    outer loop
      vertex   -5.452668e+01 1.163397e+01 -8.000000e+00
      vertex   -5.452668e+01 1.163397e+01 -4.000000e+00
      vertex   -5.428550e+01 1.153407e+01 -8.000000e+00
    endloop
  endfacet
  facet normal 3.826834e-01 9.238795e-01 4.102849e-16
    outer loop
      vertex   -5.428550e+01 1.153407e+01 -8.000000e+00
      vertex   -5.452668e+01 1.163397e+01 -4.000000e+00
      vertex   -5.428550e+01 1.153407e+01 -4.000000e+00
    endloop
  endfacet
  facet normal 1.305262e-01 9.914449e-01 4.402900e-16
    outer loop
      vertex   -5.428550e+01 1.153407e+01 -8.000000e+00
      vertex   -5.428550e+01 1.153407e+01 -4.000000e+00
      vertex   -5.402668e+01 1.150000e+01 -8.000000e+00
    endloop
  endfacet
  facet normal 1.305262e-01 9.914449e-01 -0.000000e+00
    outer loop
      vertex   -5.402668e+01 1.150000e+01 -8.000000e+00
      vertex   -5.428550e+01 1.153407e+01 -4.000000e+00
      vertex   -5.402668e+01 1.150000e+01 -4.000000e+00
    endloop
  endfacet
  facet normal -1.305262e-01 9.914449e-01 0.000000e+00
    outer loop
      vertex   -5.402668e+01 1.150000e+01 -8.000000e+00
      vertex   -5.402668e+01 1.150000e+01 -4.000000e+00
      vertex   -5.376786e+01 1.153407e+01 -8.000000e+00
    endloop
  endfacet
  facet normal -1.305262e-01 9.914449e-01 4.402900e-16
    outer loop
      vertex   -5.376786e+01 1.153407e+01 -8.000000e+00
      vertex   -5.402668e+01 1.150000e+01 -4.000000e+00
      vertex   -5.376786e+01 1.153407e+01 -4.000000e+00
    endloop
  endfacet
  facet normal -3.826834e-01 9.238795e-01 4.102849e-16
    outer loop
      vertex   -5.376786e+01 1.153407e+01 -8.000000e+00
      vertex   -5.376786e+01 1.153407e+01 -4.000000e+00
      vertex   -5.352668e+01 1.163397e+01 -8.000000e+00
    endloop
  endfacet
  facet normal -3.826834e-01 9.238795e-01 0.000000e+00
    outer loop
      vertex   -5.352668e+01 1.163397e+01 -8.000000e+00
      vertex   -5.376786e+01 1.153407e+01 -4.000000e+00
      vertex   -5.352668e+01 1.163397e+01 -4.000000e+00
    endloop
  endfacet
  facet normal -6.087614e-01 7.933533e-01 0.000000e+00
    outer loop
      vertex   -5.352668e+01 1.163397e+01 -8.000000e+00
      vertex   -5.352668e+01 1.163397e+01 -4.000000e+00
      vertex   -5.331958e+01 1.179289e+01 -8.000000e+00
    endloop
  endfacet
  facet normal -6.087614e-01 7.933533e-01 -3.523197e-16
    outer loop
      vertex   -5.331958e+01 1.179289e+01 -8.000000e+00
      vertex   -5.352668e+01 1.163397e+01 -4.000000e+00
      vertex   -5.331958e+01 1.179289e+01 -4.000000e+00
    endloop
  endfacet
  facet normal -7.933533e-01 6.087614e-01 -2.703444e-16
    outer loop
      vertex   -5.331958e+01 1.179289e+01 -8.000000e+00
      vertex   -5.331958e+01 1.179289e+01 -4.000000e+00
      vertex   -5.316066e+01 1.200000e+01 -8.000000e+00
    endloop
  endfacet
  facet normal -7.933533e-01 6.087614e-01 0.000000e+00
    outer loop
      vertex   -5.316066e+01 1.200000e+01 -8.000000e+00
      vertex   -5.331958e+01 1.179289e+01 -4.000000e+00
      vertex   -5.316066e+01 1.200000e+01 -4.000000e+00
    endloop
  endfacet
  facet normal -9.238795e-01 3.826834e-01 0.000000e+00
    outer loop
      vertex   -5.316066e+01 1.200000e+01 -8.000000e+00
      vertex   -5.316066e+01 1.200000e+01 -4.000000e+00
      vertex   -5.306076e+01 1.224118e+01 -8.000000e+00
    endloop
  endfacet
  facet normal -9.238795e-01 3.826834e-01 0.000000e+00
    outer loop
      vertex   -5.306076e+01 1.224118e+01 -8.000000e+00
      vertex   -5.316066e+01 1.200000e+01 -4.000000e+00
      vertex   -5.306076e+01 1.224118e+01 -4.000000e+00
    endloop
  endfacet
  facet normal -9.914449e-01 1.305262e-01 0.000000e+00
    outer loop
      vertex   -5.306076e+01 1.224118e+01 -8.000000e+00
      vertex   -5.306076e+01 1.224118e+01 -4.000000e+00
      vertex   -5.302668e+01 1.250000e+01 -8.000000e+00
    endloop
  endfacet
  facet normal -9.914449e-01 1.305262e-01 0.000000e+00
    outer loop
      vertex   -5.302668e+01 1.250000e+01 -8.000000e+00
      vertex   -5.306076e+01 1.224118e+01 -4.000000e+00
      vertex   -5.302668e+01 1.250000e+01 -4.000000e+00
    endloop
  endfacet
  facet normal -9.914449e-01 -1.305262e-01 0.000000e+00
    outer loop
      vertex   -5.302668e+01 1.250000e+01 -8.000000e+00
      vertex   -5.302668e+01 1.250000e+01 -4.000000e+00
      vertex   -5.306076e+01 1.275882e+01 -8.000000e+00
    endloop
  endfacet
  facet normal -9.914449e-01 -1.305262e-01 5.796527e-17
    outer loop
      vertex   -5.306076e+01 1.275882e+01 -8.000000e+00
      vertex   -5.302668e+01 1.250000e+01 -4.000000e+00
      vertex   -5.306076e+01 1.275882e+01 -4.000000e+00
    endloop
  endfacet
  facet normal -9.238795e-01 -3.826834e-01 1.699456e-16
    outer loop
      vertex   -5.306076e+01 1.275882e+01 -8.000000e+00
      vertex   -5.306076e+01 1.275882e+01 -4.000000e+00
      vertex   -5.316066e+01 1.300000e+01 -8.000000e+00
    endloop
  endfacet
  facet normal -9.238795e-01 -3.826834e-01 0.000000e+00
    outer loop
      vertex   -5.316066e+01 1.300000e+01 -8.000000e+00
      vertex   -5.306076e+01 1.275882e+01 -4.000000e+00
      vertex   -5.316066e+01 1.300000e+01 -4.000000e+00
    endloop
  endfacet
  facet normal -7.933533e-01 -6.087614e-01 0.000000e+00
    outer loop
      vertex   -5.316066e+01 1.300000e+01 -8.000000e+00
      vertex   -5.316066e+01 1.300000e+01 -4.000000e+00
      vertex   -5.331958e+01 1.320711e+01 -8.000000e+00
    endloop
  endfacet
  facet normal -7.933533e-01 -6.087614e-01 0.000000e+00
    outer loop
      vertex   -5.331958e+01 1.320711e+01 -8.000000e+00
      vertex   -5.316066e+01 1.300000e+01 -4.000000e+00
      vertex   -5.331958e+01 1.320711e+01 -4.000000e+00
    endloop
  endfacet
  facet normal -6.087614e-01 -7.933533e-01 0.000000e+00
    outer loop
      vertex   -5.331958e+01 1.320711e+01 -8.000000e+00
      vertex   -5.331958e+01 1.320711e+01 -4.000000e+00
      vertex   -5.352668e+01 1.336603e+01 -8.000000e+00
    endloop
  endfacet
  facet normal -6.087614e-01 -7.933533e-01 0.000000e+00
    outer loop
      vertex   -5.352668e+01 1.336603e+01 -8.000000e+00
      vertex   -5.331958e+01 1.320711e+01 -4.000000e+00
      vertex   -5.352668e+01 1.336603e+01 -4.000000e+00
    endloop
  endfacet
  facet normal -3.826834e-01 -9.238795e-01 0.000000e+00
    outer loop
      vertex   -5.352668e+01 1.336603e+01 -8.000000e+00
      vertex   -5.352668e+01 1.336603e+01 -4.000000e+00
      vertex   -5.376786e+01 1.346593e+01 -8.000000e+00
    endloop
  endfacet
  facet normal -3.826834e-01 -9.238795e-01 4.102849e-16
    outer loop
      vertex   -5.376786e+01 1.346593e+01 -8.000000e+00
      vertex   -5.352668e+01 1.336603e+01 -4.000000e+00
      vertex   -5.376786e+01 1.346593e+01 -4.000000e+00
    endloop
  endfacet
  facet normal -1.305262e-01 -9.914449e-01 4.402900e-16
    outer loop
      vertex   -5.376786e+01 1.346593e+01 -8.000000e+00
      vertex   -5.376786e+01 1.346593e+01 -4.000000e+00
      vertex   -5.402668e+01 1.350000e+01 -8.000000e+00
    endloop
  endfacet
  facet normal -1.305262e-01 -9.914449e-01 0.000000e+00
    outer loop
      vertex   -5.402668e+01 1.350000e+01 -8.000000e+00
      vertex   -5.376786e+01 1.346593e+01 -4.000000e+00
      vertex   -5.402668e+01 1.350000e+01 -4.000000e+00
    endloop
  endfacet
  facet normal 1.305262e-01 -9.914449e-01 0.000000e+00
    outer loop
      vertex   -5.402668e+01 1.350000e+01 -8.000000e+00
      vertex   -5.402668e+01 1.350000e+01 -4.000000e+00
      vertex   -5.428550e+01 1.346593e+01 -8.000000e+00
    endloop
  endfacet
  facet normal 1.305262e-01 -9.914449e-01 4.402900e-16
    outer loop
      vertex   -5.428550e+01 1.346593e+01 -8.000000e+00
      vertex   -5.402668e+01 1.350000e+01 -4.000000e+00
      vertex   -5.428550e+01 1.346593e+01 -4.000000e+00
    endloop
  endfacet
  facet normal 3.826834e-01 -9.238795e-01 4.102849e-16
    outer loop
      vertex   -5.428550e+01 1.346593e+01 -8.000000e+00
      vertex   -5.428550e+01 1.346593e+01 -4.000000e+00
      vertex   -5.452668e+01 1.336603e+01 -8.000000e+00
    endloop
  endfacet
  facet normal 3.826834e-01 -9.238795e-01 0.000000e+00
    outer loop
      vertex   -5.452668e+01 1.336603e+01 -8.000000e+00
      vertex   -5.428550e+01 1.346593e+01 -4.000000e+00
      vertex   -5.452668e+01 1.336603e+01 -4.000000e+00
    endloop
  endfacet
  facet normal 6.087614e-01 -7.933533e-01 0.000000e+00
    outer loop
      vertex   -5.452668e+01 1.336603e+01 -8.000000e+00
      vertex   -5.452668e+01 1.336603e+01 -4.000000e+00
      vertex   -5.473379e+01 1.320711e+01 -8.000000e+00
    endloop
  endfacet
  facet normal 6.087614e-01 -7.933533e-01 0.000000e+00
    outer loop
      vertex   -5.473379e+01 1.320711e+01 -8.000000e+00
      vertex   -5.452668e+01 1.336603e+01 -4.000000e+00
      vertex   -5.473379e+01 1.320711e+01 -4.000000e+00
    endloop
  endfacet
  facet normal 7.933533e-01 -6.087614e-01 0.000000e+00
    outer loop
      vertex   -5.473379e+01 1.320711e+01 -8.000000e+00
      vertex   -5.473379e+01 1.320711e+01 -4.000000e+00
      vertex   -5.489271e+01 1.300000e+01 -8.000000e+00
    endloop
  endfacet
  facet normal 7.933533e-01 -6.087614e-01 0.000000e+00
    outer loop
      vertex   -5.489271e+01 1.300000e+01 -8.000000e+00
      vertex   -5.473379e+01 1.320711e+01 -4.000000e+00
      vertex   -5.489271e+01 1.300000e+01 -4.000000e+00
    endloop
  endfacet
  facet normal 9.238795e-01 -3.826834e-01 0.000000e+00
    outer loop
      vertex   -5.489271e+01 1.300000e+01 -8.000000e+00
      vertex   -5.489271e+01 1.300000e+01 -4.000000e+00
      vertex   -5.499261e+01 1.275882e+01 -8.000000e+00
    endloop
  endfacet
  facet normal 9.238795e-01 -3.826834e-01 0.000000e+00
    outer loop
      vertex   -5.499261e+01 1.275882e+01 -8.000000e+00
      vertex   -5.489271e+01 1.300000e+01 -4.000000e+00
      vertex   -5.499261e+01 1.275882e+01 -4.000000e+00
    endloop
  endfacet
  facet normal 9.914449e-01 1.305262e-01 0.000000e+00
    outer loop
      vertex   -5.499261e+01 1.224118e+01 0.000000e+00
      vertex   -5.499261e+01 1.224118e+01 -4.000000e+00
      vertex   -5.502668e+01 1.250000e+01 0.000000e+00
    endloop
  endfacet
  facet normal 9.914449e-01 1.305262e-01 0.000000e+00
    outer loop
      vertex   -5.502668e+01 1.250000e+01 0.000000e+00
      vertex   -5.499261e+01 1.224118e+01 -4.000000e+00
      vertex   -5.502668e+01 1.250000e+01 -4.000000e+00
    endloop
  endfacet
  facet normal 9.914449e-01 -1.305262e-01 0.000000e+00
    outer loop
      vertex   -5.502668e+01 1.250000e+01 0.000000e+00
      vertex   -5.502668e+01 1.250000e+01 -4.000000e+00
      vertex   -5.499261e+01 1.275882e+01 0.000000e+00
    endloop
  endfacet
  facet normal 9.914449e-01 -1.305262e-01 0.000000e+00
    outer loop
      vertex   -5.499261e+01 1.275882e+01 0.000000e+00
      vertex   -5.502668e+01 1.250000e+01 -4.000000e+00
      vertex   -5.499261e+01 1.275882e+01 -4.000000e+00
    endloop
  endfacet
  facet normal 9.238795e-01 -3.826834e-01 0.000000e+00
    outer loop
      vertex   -5.499261e+01 1.275882e+01 0.000000e+00
      vertex   -5.499261e+01 1.275882e+01 -4.000000e+00
      vertex   -5.489271e+01 1.300000e+01 0.000000e+00
    endloop
  endfacet
  facet normal 9.238795e-01 -3.826834e-01 0.000000e+00
    outer loop
      vertex   -5.489271e+01 1.300000e+01 0.000000e+00
      vertex   -5.499261e+01 1.275882e+01 -4.000000e+00
      vertex   -5.489271e+01 1.300000e+01 -4.000000e+00
    endloop
  endfacet
  facet normal 7.933533e-01 -6.087614e-01 0.000000e+00
    outer loop
      vertex   -5.489271e+01 1.300000e+01 0.000000e+00
      vertex   -5.489271e+01 1.300000e+01 -4.000000e+00
      vertex   -5.473379e+01 1.320711e+01 0.000000e+00
    endloop
  endfacet
  facet normal 7.933533e-01 -6.087614e-01 0.000000e+00
    outer loop
      vertex   -5.473379e+01 1.320711e+01 0.000000e+00
      vertex   -5.489271e+01 1.300000e+01 -4.000000e+00
      vertex   -5.473379e+01 1.320711e+01 -4.000000e+00
    endloop
  endfacet
  facet normal 6.087614e-01 -7.933533e-01 0.000000e+00
    outer loop
      vertex   -5.473379e+01 1.320711e+01 0.000000e+00
      vertex   -5.473379e+01 1.320711e+01 -4.000000e+00
      vertex   -5.452668e+01 1.336603e+01 0.000000e+00
    endloop
  endfacet
  facet normal 6.087614e-01 -7.933533e-01 0.000000e+00
    outer loop
      vertex   -5.452668e+01 1.336603e+01 0.000000e+00
      vertex   -5.473379e+01 1.320711e+01 -4.000000e+00
      vertex   -5.452668e+01 1.336603e+01 -4.000000e+00
    endloop
  endfacet
  facet normal 3.826834e-01 -9.238795e-01 0.000000e+00
    outer loop
      vertex   -5.452668e+01 1.336603e+01 0.000000e+00
      vertex   -5.452668e+01 1.336603e+01 -4.000000e+00
      vertex   -5.428550e+01 1.346593e+01 0.000000e+00
    endloop
  endfacet
  facet normal 3.826834e-01 -9.238795e-01 -4.102849e-16
    outer loop
      vertex   -5.428550e+01 1.346593e+01 0.000000e+00
      vertex   -5.452668e+01 1.336603e+01 -4.000000e+00
      vertex   -5.428550e+01 1.346593e+01 -4.000000e+00
    endloop
  endfacet
  facet normal 1.305262e-01 -9.914449e-01 -4.402900e-16
    outer loop
      vertex   -5.428550e+01 1.346593e+01 0.000000e+00
      vertex   -5.428550e+01 1.346593e+01 -4.000000e+00
      vertex   -5.402668e+01 1.350000e+01 0.000000e+00
    endloop
  endfacet
  facet normal 1.305262e-01 -9.914449e-01 0.000000e+00
    outer loop
      vertex   -5.402668e+01 1.350000e+01 0.000000e+00
      vertex   -5.428550e+01 1.346593e+01 -4.000000e+00
      vertex   -5.402668e+01 1.350000e+01 -4.000000e+00
    endloop
  endfacet
  facet normal -1.305262e-01 -9.914449e-01 -0.000000e+00
    outer loop
      vertex   -5.402668e+01 1.350000e+01 0.000000e+00
      vertex   -5.402668e+01 1.350000e+01 -4.000000e+00
      vertex   -5.376786e+01 1.346593e+01 0.000000e+00
    endloop
  endfacet
  facet normal -1.305262e-01 -9.914449e-01 -4.402900e-16
    outer loop
      vertex   -5.376786e+01 1.346593e+01 0.000000e+00
      vertex   -5.402668e+01 1.350000e+01 -4.000000e+00
      vertex   -5.376786e+01 1.346593e+01 -4.000000e+00
    endloop
  endfacet
  facet normal -3.826834e-01 -9.238795e-01 -4.102849e-16
    outer loop
      vertex   -5.376786e+01 1.346593e+01 0.000000e+00
      vertex   -5.376786e+01 1.346593e+01 -4.000000e+00
      vertex   -5.352668e+01 1.336603e+01 0.000000e+00
    endloop
  endfacet
  facet normal -3.826834e-01 -9.238795e-01 -0.000000e+00
    outer loop
      vertex   -5.352668e+01 1.336603e+01 0.000000e+00
      vertex   -5.376786e+01 1.346593e+01 -4.000000e+00
      vertex   -5.352668e+01 1.336603e+01 -4.000000e+00
    endloop
  endfacet
  facet normal -6.087614e-01 -7.933533e-01 -0.000000e+00
    outer loop
      vertex   -5.352668e+01 1.336603e+01 0.000000e+00
      vertex   -5.352668e+01 1.336603e+01 -4.000000e+00
      vertex   -5.331958e+01 1.320711e+01 0.000000e+00
    endloop
  endfacet
  facet normal -6.087614e-01 -7.933533e-01 7.046393e-16
    outer loop
      vertex   -5.331958e+01 1.320711e+01 0.000000e+00
      vertex   -5.352668e+01 1.336603e+01 -4.000000e+00
      vertex   -5.331958e+01 1.320711e+01 -4.000000e+00
    endloop
  endfacet
  facet normal -7.933533e-01 -6.087614e-01 5.406888e-16
    outer loop
      vertex   -5.331958e+01 1.320711e+01 0.000000e+00
      vertex   -5.331958e+01 1.320711e+01 -4.000000e+00
      vertex   -5.316066e+01 1.300000e+01 0.000000e+00
    endloop
  endfacet
  facet normal -7.933533e-01 -6.087614e-01 -0.000000e+00
    outer loop
      vertex   -5.316066e+01 1.300000e+01 0.000000e+00
      vertex   -5.331958e+01 1.320711e+01 -4.000000e+00
      vertex   -5.316066e+01 1.300000e+01 -4.000000e+00
    endloop
  endfacet
  facet normal -9.238795e-01 -3.826834e-01 -0.000000e+00
    outer loop
      vertex   -5.316066e+01 1.300000e+01 0.000000e+00
      vertex   -5.316066e+01 1.300000e+01 -4.000000e+00
      vertex   -5.306076e+01 1.275882e+01 0.000000e+00
    endloop
  endfacet
  facet normal -9.238795e-01 -3.826834e-01 -0.000000e+00
    outer loop
      vertex   -5.306076e+01 1.275882e+01 0.000000e+00
      vertex   -5.316066e+01 1.300000e+01 -4.000000e+00
      vertex   -5.306076e+01 1.275882e+01 -4.000000e+00
    endloop
  endfacet
  facet normal -9.914449e-01 -1.305262e-01 -0.000000e+00
    outer loop
      vertex   -5.306076e+01 1.275882e+01 0.000000e+00
      vertex   -5.306076e+01 1.275882e+01 -4.000000e+00
      vertex   -5.302668e+01 1.250000e+01 0.000000e+00
    endloop
  endfacet
  facet normal -9.914449e-01 -1.305262e-01 -0.000000e+00
    outer loop
      vertex   -5.302668e+01 1.250000e+01 0.000000e+00
      vertex   -5.306076e+01 1.275882e+01 -4.000000e+00
      vertex   -5.302668e+01 1.250000e+01 -4.000000e+00
    endloop
  endfacet
  facet normal -9.914449e-01 1.305262e-01 0.000000e+00
    outer loop
      vertex   -5.302668e+01 1.250000e+01 0.000000e+00
      vertex   -5.302668e+01 1.250000e+01 -4.000000e+00
      vertex   -5.306076e+01 1.224118e+01 0.000000e+00
    endloop
  endfacet
  facet normal -9.914449e-01 1.305262e-01 -5.796527e-17
    outer loop
      vertex   -5.306076e+01 1.224118e+01 0.000000e+00
      vertex   -5.302668e+01 1.250000e+01 -4.000000e+00
      vertex   -5.306076e+01 1.224118e+01 -4.000000e+00
    endloop
  endfacet
  facet normal -9.238795e-01 3.826834e-01 -1.699456e-16
    outer loop
      vertex   -5.306076e+01 1.224118e+01 0.000000e+00
      vertex   -5.306076e+01 1.224118e+01 -4.000000e+00
      vertex   -5.316066e+01 1.200000e+01 0.000000e+00
    endloop
  endfacet
  facet normal -9.238795e-01 3.826834e-01 0.000000e+00
    outer loop
      vertex   -5.316066e+01 1.200000e+01 0.000000e+00
      vertex   -5.306076e+01 1.224118e+01 -4.000000e+00
      vertex   -5.316066e+01 1.200000e+01 -4.000000e+00
    endloop
  endfacet
  facet normal -7.933533e-01 6.087614e-01 0.000000e+00
    outer loop
      vertex   -5.316066e+01 1.200000e+01 0.000000e+00
      vertex   -5.316066e+01 1.200000e+01 -4.000000e+00
      vertex   -5.331958e+01 1.179289e+01 0.000000e+00
    endloop
  endfacet
  facet normal -7.933533e-01 6.087614e-01 0.000000e+00
    outer loop
      vertex   -5.331958e+01 1.179289e+01 0.000000e+00
      vertex   -5.316066e+01 1.200000e+01 -4.000000e+00
      vertex   -5.331958e+01 1.179289e+01 -4.000000e+00
    endloop
  endfacet
  facet normal -6.087614e-01 7.933533e-01 0.000000e+00
    outer loop
      vertex   -5.331958e+01 1.179289e+01 0.000000e+00
      vertex   -5.331958e+01 1.179289e+01 -4.000000e+00
      vertex   -5.352668e+01 1.163397e+01 0.000000e+00
    endloop
  endfacet
  facet normal -6.087614e-01 7.933533e-01 0.000000e+00
    outer loop
      vertex   -5.352668e+01 1.163397e+01 0.000000e+00
      vertex   -5.331958e+01 1.179289e+01 -4.000000e+00
      vertex   -5.352668e+01 1.163397e+01 -4.000000e+00
    endloop
  endfacet
  facet normal -3.826834e-01 9.238795e-01 0.000000e+00
    outer loop
      vertex   -5.352668e+01 1.163397e+01 0.000000e+00
      vertex   -5.352668e+01 1.163397e+01 -4.000000e+00
      vertex   -5.376786e+01 1.153407e+01 0.000000e+00
    endloop
  endfacet
  facet normal -3.826834e-01 9.238795e-01 -4.102849e-16
    outer loop
      vertex   -5.376786e+01 1.153407e+01 0.000000e+00
      vertex   -5.352668e+01 1.163397e+01 -4.000000e+00
      vertex   -5.376786e+01 1.153407e+01 -4.000000e+00
    endloop
  endfacet
  facet normal -1.305262e-01 9.914449e-01 -4.402900e-16
    outer loop
      vertex   -5.376786e+01 1.153407e+01 0.000000e+00
      vertex   -5.376786e+01 1.153407e+01 -4.000000e+00
      vertex   -5.402668e+01 1.150000e+01 0.000000e+00
    endloop
  endfacet
  facet normal -1.305262e-01 9.914449e-01 0.000000e+00
    outer loop
      vertex   -5.402668e+01 1.150000e+01 0.000000e+00
      vertex   -5.376786e+01 1.153407e+01 -4.000000e+00
      vertex   -5.402668e+01 1.150000e+01 -4.000000e+00
    endloop
  endfacet
  facet normal 1.305262e-01 9.914449e-01 0.000000e+00
    outer loop
      vertex   -5.402668e+01 1.150000e+01 0.000000e+00
      vertex   -5.402668e+01 1.150000e+01 -4.000000e+00
      vertex   -5.428550e+01 1.153407e+01 0.000000e+00
    endloop
  endfacet
  facet normal 1.305262e-01 9.914449e-01 -4.402900e-16
    outer loop
      vertex   -5.428550e+01 1.153407e+01 0.000000e+00
      vertex   -5.402668e+01 1.150000e+01 -4.000000e+00
      vertex   -5.428550e+01 1.153407e+01 -4.000000e+00
    endloop
  endfacet
  facet normal 3.826834e-01 9.238795e-01 -4.102849e-16
    outer loop
      vertex   -5.428550e+01 1.153407e+01 0.000000e+00
      vertex   -5.428550e+01 1.153407e+01 -4.000000e+00
      vertex   -5.452668e+01 1.163397e+01 0.000000e+00
    endloop
  endfacet
  facet normal 3.826834e-01 9.238795e-01 0.000000e+00
    outer loop
      vertex   -5.452668e+01 1.163397e+01 0.000000e+00
      vertex   -5.428550e+01 1.153407e+01 -4.000000e+00
      vertex   -5.452668e+01 1.163397e+01 -4.000000e+00
    endloop
  endfacet
  facet normal 6.087614e-01 7.933533e-01 0.000000e+00
    outer loop
      vertex   -5.452668e+01 1.163397e+01 0.000000e+00
      vertex   -5.452668e+01 1.163397e+01 -4.000000e+00
      vertex   -5.473379e+01 1.179289e+01 0.000000e+00
    endloop
  endfacet
  facet normal 6.087614e-01 7.933533e-01 0.000000e+00
    outer loop
      vertex   -5.473379e+01 1.179289e+01 0.000000e+00
      vertex   -5.452668e+01 1.163397e+01 -4.000000e+00
      vertex   -5.473379e+01 1.179289e+01 -4.000000e+00
    endloop
  endfacet
  facet normal 7.933533e-01 6.087614e-01 0.000000e+00
    outer loop
      vertex   -5.473379e+01 1.179289e+01 0.000000e+00
      vertex   -5.473379e+01 1.179289e+01 -4.000000e+00
      vertex   -5.489271e+01 1.200000e+01 0.000000e+00
    endloop
  endfacet
  facet normal 7.933533e-01 6.087614e-01 0.000000e+00
    outer loop
      vertex   -5.489271e+01 1.200000e+01 0.000000e+00
      vertex   -5.473379e+01 1.179289e+01 -4.000000e+00
      vertex   -5.489271e+01 1.200000e+01 -4.000000e+00
    endloop
  endfacet
  facet normal 9.238795e-01 3.826834e-01 0.000000e+00
    outer loop
      vertex   -5.489271e+01 1.200000e+01 0.000000e+00
      vertex   -5.489271e+01 1.200000e+01 -4.000000e+00
      vertex   -5.499261e+01 1.224118e+01 0.000000e+00
    endloop
  endfacet
  facet normal 9.238795e-01 3.826834e-01 0.000000e+00
    outer loop
      vertex   -5.499261e+01 1.224118e+01 0.000000e+00
      vertex   -5.489271e+01 1.200000e+01 -4.000000e+00
      vertex   -5.499261e+01 1.224118e+01 -4.000000e+00
    endloop
  endfacet
  facet normal 0.000000e+00 0.000000e+00 1.000000e+00
    outer loop
      vertex   -5.300090e+01 1.517467e+01 0.000000e+00
      vertex   -5.366552e+01 1.547818e+01 0.000000e+00
      vertex   -5.300000e+01 1.510102e+01 0.000000e+00
    endloop
  endfacet
  facet normal 0.000000e+00 0.000000e+00 1.000000e+00
    outer loop
      vertex   -5.300000e+01 1.510102e+01 0.000000e+00
      vertex   -5.366552e+01 1.547818e+01 0.000000e+00
      vertex   -5.376786e+01 1.346593e+01 0.000000e+00
    endloop
  endfacet
  facet normal 0.000000e+00 0.000000e+00 1.000000e+00
    outer loop
      vertex   -5.300000e+01 1.510102e+01 0.000000e+00
      vertex   -5.376786e+01 1.346593e+01 0.000000e+00
      vertex   -5.352668e+01 1.336603e+01 0.000000e+00
    endloop
  endfacet
  facet normal 0.000000e+00 0.000000e+00 1.000000e+00
    outer loop
      vertex   -5.300090e+01 1.517467e+01 0.000000e+00
      vertex   -5.300362e+01 1.524828e+01 0.000000e+00
      vertex   -5.366552e+01 1.547818e+01 0.000000e+00
    endloop
  endfacet
  facet normal 0.000000e+00 0.000000e+00 1.000000e+00
    outer loop
      vertex   -5.366552e+01 1.547818e+01 0.000000e+00
      vertex   -5.300362e+01 1.524828e+01 0.000000e+00
      vertex   -5.300814e+01 1.532180e+01 0.000000e+00
    endloop
  endfacet
  facet normal 0.000000e+00 -0.000000e+00 1.000000e+00
    outer loop
      vertex   -5.376786e+01 1.346593e+01 0.000000e+00
      vertex   -5.366552e+01 1.547818e+01 0.000000e+00
      vertex   -5.402668e+01 1.350000e+01 0.000000e+00
    endloop
  endfacet
  facet normal 0.000000e+00 -0.000000e+00 1.000000e+00
    outer loop
      vertex   -5.402668e+01 1.350000e+01 0.000000e+00
      vertex   -5.366552e+01 1.547818e+01 0.000000e+00
      vertex   -5.434123e+01 1.548346e+01 0.000000e+00
    endloop
  endfacet
  facet normal 0.000000e+00 0.000000e+00 1.000000e+00
    outer loop
      vertex   -5.402668e+01 1.350000e+01 0.000000e+00
      vertex   -5.434123e+01 1.548346e+01 0.000000e+00
      vertex   -5.428550e+01 1.346593e+01 0.000000e+00
    endloop
  endfacet
  facet normal 0.000000e+00 0.000000e+00 1.000000e+00
    outer loop
      vertex   -5.428550e+01 1.346593e+01 0.000000e+00
      vertex   -5.434123e+01 1.548346e+01 0.000000e+00
      vertex   -5.500098e+01 1.533738e+01 0.000000e+00
    endloop
  endfacet
  facet normal 0.000000e+00 0.000000e+00 1.000000e+00
    outer loop
      vertex   -5.428550e+01 1.346593e+01 0.000000e+00
      vertex   -5.500098e+01 1.533738e+01 0.000000e+00
      vertex   -5.452668e+01 1.336603e+01 0.000000e+00
    endloop
  endfacet
  facet normal 0.000000e+00 0.000000e+00 1.000000e+00
    outer loop
      vertex   -5.452668e+01 1.336603e+01 0.000000e+00
      vertex   -5.500098e+01 1.533738e+01 0.000000e+00
      vertex   -5.473379e+01 1.320711e+01 0.000000e+00
    endloop
  endfacet
  facet normal 0.000000e+00 0.000000e+00 1.000000e+00
    outer loop
      vertex   -5.473379e+01 1.320711e+01 0.000000e+00
      vertex   -5.500098e+01 1.533738e+01 0.000000e+00
      vertex   -5.561130e+01 1.504735e+01 0.000000e+00
    endloop
  endfacet
  facet normal 0.000000e+00 0.000000e+00 1.000000e+00
    outer loop
      vertex   -5.473379e+01 1.320711e+01 0.000000e+00
      vertex   -5.561130e+01 1.504735e+01 0.000000e+00
      vertex   -5.489271e+01 1.300000e+01 0.000000e+00
    endloop
  endfacet
  facet normal 0.000000e+00 0.000000e+00 1.000000e+00
    outer loop
      vertex   -5.489271e+01 1.300000e+01 0.000000e+00
      vertex   -5.561130e+01 1.504735e+01 0.000000e+00
      vertex   -5.614123e+01 1.462807e+01 0.000000e+00
    endloop
  endfacet
  facet normal 0.000000e+00 0.000000e+00 1.000000e+00
    outer loop
      vertex   -5.489271e+01 1.300000e+01 0.000000e+00
      vertex   -5.614123e+01 1.462807e+01 0.000000e+00
      vertex   -5.499261e+01 1.275882e+01 0.000000e+00
    endloop
  endfacet
  facet normal 0.000000e+00 0.000000e+00 1.000000e+00
    outer loop
      vertex   -5.499261e+01 1.275882e+01 0.000000e+00
      vertex   -5.614123e+01 1.462807e+01 0.000000e+00
      vertex   -5.656387e+01 1.410083e+01 0.000000e+00
    endloop
  endfacet
  facet normal 0.000000e+00 0.000000e+00 1.000000e+00
    outer loop
      vertex   -5.499261e+01 1.275882e+01 0.000000e+00
      vertex   -5.656387e+01 1.410083e+01 0.000000e+00
      vertex   -5.685780e+01 1.349237e+01 0.000000e+00
    endloop
  endfacet
  facet normal 0.000000e+00 0.000000e+00 1.000000e+00
    outer loop
      vertex   -5.499261e+01 1.275882e+01 0.000000e+00
      vertex   -5.685780e+01 1.349237e+01 0.000000e+00
      vertex   -5.502668e+01 1.250000e+01 0.000000e+00
    endloop
  endfacet
  facet normal 0.000000e+00 0.000000e+00 1.000000e+00
    outer loop
      vertex   -5.502668e+01 1.250000e+01 0.000000e+00
      vertex   -5.685780e+01 1.349237e+01 0.000000e+00
      vertex   -5.700808e+01 1.283357e+01 0.000000e+00
    endloop
  endfacet
  facet normal 0.000000e+00 0.000000e+00 1.000000e+00
    outer loop
      vertex   -5.502668e+01 1.250000e+01 0.000000e+00
      vertex   -5.700808e+01 1.283357e+01 0.000000e+00
      vertex   -5.700711e+01 1.215784e+01 0.000000e+00
    endloop
  endfacet
  facet normal -0.000000e+00 0.000000e+00 1.000000e+00
    outer loop
      vertex   -5.700711e+01 1.215784e+01 0.000000e+00
      vertex   -5.685492e+01 1.149947e+01 0.000000e+00
      vertex   -5.502668e+01 1.250000e+01 0.000000e+00
    endloop
  endfacet
  facet normal 0.000000e+00 0.000000e+00 1.000000e+00
    outer loop
      vertex   -5.502668e+01 1.250000e+01 0.000000e+00
      vertex   -5.685492e+01 1.149947e+01 0.000000e+00
      vertex   -5.499261e+01 1.224118e+01 0.000000e+00
    endloop
  endfacet
  facet normal 0.000000e+00 0.000000e+00 1.000000e+00
    outer loop
      vertex   -5.499261e+01 1.224118e+01 0.000000e+00
      vertex   -5.685492e+01 1.149947e+01 0.000000e+00
      vertex   -5.655925e+01 1.089186e+01 0.000000e+00
    endloop
  endfacet
  facet normal 0.000000e+00 0.000000e+00 1.000000e+00
    outer loop
      vertex   -5.499261e+01 1.224118e+01 0.000000e+00
      vertex   -5.655925e+01 1.089186e+01 0.000000e+00
      vertex   -5.613508e+01 1.036584e+01 0.000000e+00
    endloop
  endfacet
  facet normal 0.000000e+00 0.000000e+00 1.000000e+00
    outer loop
      vertex   -5.499261e+01 1.224118e+01 0.000000e+00
      vertex   -5.613508e+01 1.036584e+01 0.000000e+00
      vertex   -5.489271e+01 1.200000e+01 0.000000e+00
    endloop
  endfacet
  facet normal 0.000000e+00 0.000000e+00 1.000000e+00
    outer loop
      vertex   -5.489271e+01 1.200000e+01 0.000000e+00
      vertex   -5.613508e+01 1.036584e+01 0.000000e+00
      vertex   -5.560395e+01 9.948093e+00 0.000000e+00
    endloop
  endfacet
  facet normal 0.000000e+00 0.000000e+00 1.000000e+00
    outer loop
      vertex   -5.489271e+01 1.200000e+01 0.000000e+00
      vertex   -5.560395e+01 9.948093e+00 0.000000e+00
      vertex   -5.473379e+01 1.179289e+01 0.000000e+00
    endloop
  endfacet
  facet normal 0.000000e+00 0.000000e+00 1.000000e+00
    outer loop
      vertex   -5.473379e+01 1.179289e+01 0.000000e+00
      vertex   -5.560395e+01 9.948093e+00 0.000000e+00
      vertex   -5.499279e+01 9.659819e+00 0.000000e+00
    endloop
  endfacet
  facet normal 0.000000e+00 0.000000e+00 1.000000e+00
    outer loop
      vertex   -5.473379e+01 1.179289e+01 0.000000e+00
      vertex   -5.499279e+01 9.659819e+00 0.000000e+00
      vertex   -5.452668e+01 1.163397e+01 0.000000e+00
    endloop
  endfacet
  facet normal 0.000000e+00 0.000000e+00 1.000000e+00
    outer loop
      vertex   -5.452668e+01 1.163397e+01 0.000000e+00
      vertex   -5.499279e+01 9.659819e+00 0.000000e+00
      vertex   -5.428550e+01 1.153407e+01 0.000000e+00
    endloop
  endfacet
  facet normal 0.000000e+00 0.000000e+00 1.000000e+00
    outer loop
      vertex   -5.428550e+01 1.153407e+01 0.000000e+00
      vertex   -5.499279e+01 9.659819e+00 0.000000e+00
      vertex   -5.433262e+01 9.515641e+00 0.000000e+00
    endloop
  endfacet
  facet normal 0.000000e+00 0.000000e+00 1.000000e+00
    outer loop
      vertex   -5.428550e+01 1.153407e+01 0.000000e+00
      vertex   -5.433262e+01 9.515641e+00 0.000000e+00
      vertex   -5.402668e+01 1.150000e+01 0.000000e+00
    endloop
  endfacet
  facet normal 0.000000e+00 0.000000e+00 1.000000e+00
    outer loop
      vertex   -5.402668e+01 1.150000e+01 0.000000e+00
      vertex   -5.433262e+01 9.515641e+00 0.000000e+00
      vertex   -5.365693e+01 9.522873e+00 0.000000e+00
    endloop
  endfacet
  facet normal -0.000000e+00 0.000000e+00 1.000000e+00
    outer loop
      vertex   -5.402668e+01 1.150000e+01 0.000000e+00
      vertex   -5.365693e+01 9.522873e+00 0.000000e+00
      vertex   -5.376786e+01 1.153407e+01 0.000000e+00
    endloop
  endfacet
  facet normal -0.000000e+00 0.000000e+00 1.000000e+00
    outer loop
      vertex   -5.376786e+01 1.153407e+01 0.000000e+00
      vertex   -5.365693e+01 9.522873e+00 0.000000e+00
      vertex   -5.352668e+01 1.163397e+01 0.000000e+00
    endloop
  endfacet
  facet normal 0.000000e+00 0.000000e+00 1.000000e+00
    outer loop
      vertex   -5.352668e+01 1.163397e+01 0.000000e+00
      vertex   -5.365693e+01 9.522873e+00 0.000000e+00
      vertex   -5.300000e+01 9.681149e+00 0.000000e+00
    endloop
  endfacet
  facet normal -0.000000e+00 0.000000e+00 1.000000e+00
    outer loop
      vertex   -5.352668e+01 1.163397e+01 0.000000e+00
      vertex   -5.300000e+01 9.681149e+00 0.000000e+00
      vertex   -5.331958e+01 1.179289e+01 0.000000e+00
    endloop
  endfacet
  facet normal -0.000000e+00 0.000000e+00 1.000000e+00
    outer loop
      vertex   -5.331958e+01 1.179289e+01 0.000000e+00
      vertex   -5.300000e+01 9.681149e+00 0.000000e+00
      vertex   -5.316066e+01 1.200000e+01 0.000000e+00
    endloop
  endfacet
  facet normal -0.000000e+00 0.000000e+00 1.000000e+00
    outer loop
      vertex   -5.316066e+01 1.200000e+01 0.000000e+00
      vertex   -5.300000e+01 9.681149e+00 0.000000e+00
      vertex   -5.306076e+01 1.224118e+01 0.000000e+00
    endloop
  endfacet
  facet normal -0.000000e+00 0.000000e+00 1.000000e+00
    outer loop
      vertex   -5.306076e+01 1.224118e+01 0.000000e+00
      vertex   -5.300000e+01 9.681149e+00 0.000000e+00
      vertex   -5.302668e+01 1.250000e+01 0.000000e+00
    endloop
  endfacet
  facet normal -0.000000e+00 0.000000e+00 1.000000e+00
    outer loop
      vertex   -5.302668e+01 1.250000e+01 0.000000e+00
      vertex   -5.300000e+01 9.681149e+00 0.000000e+00
      vertex   -5.300000e+01 1.510102e+01 0.000000e+00
    endloop
  endfacet
  facet normal 0.000000e+00 -0.000000e+00 1.000000e+00
    outer loop
      vertex   -5.302668e+01 1.250000e+01 0.000000e+00
      vertex   -5.300000e+01 1.510102e+01 0.000000e+00
      vertex   -5.306076e+01 1.275882e+01 0.000000e+00
    endloop
  endfacet
  facet normal 0.000000e+00 -0.000000e+00 1.000000e+00
    outer loop
      vertex   -5.306076e+01 1.275882e+01 0.000000e+00
      vertex   -5.300000e+01 1.510102e+01 0.000000e+00
      vertex   -5.316066e+01 1.300000e+01 0.000000e+00
    endloop
  endfacet
  facet normal 0.000000e+00 -0.000000e+00 1.000000e+00
    outer loop
      vertex   -5.316066e+01 1.300000e+01 0.000000e+00
      vertex   -5.300000e+01 1.510102e+01 0.000000e+00
      vertex   -5.331958e+01 1.320711e+01 0.000000e+00
    endloop
  endfacet
  facet normal 0.000000e+00 -0.000000e+00 1.000000e+00
    outer loop
      vertex   -5.331958e+01 1.320711e+01 0.000000e+00
      vertex   -5.300000e+01 1.510102e+01 0.000000e+00
      vertex   -5.352668e+01 1.336603e+01 0.000000e+00
    endloop
  endfacet
  facet normal -0.000000e+00 0.000000e+00 -1.000000e+00
    outer loop
      vertex   -5.499261e+01 1.224118e+01 -8.000000e+00
      vertex   -5.694582e+01 1.180815e+01 -8.000000e+00
      vertex   -5.502668e+01 1.250000e+01 -8.000000e+00
    endloop
  endfacet
  facet normal -0.000000e+00 0.000000e+00 -1.000000e+00
    outer loop
      vertex   -5.502668e+01 1.250000e+01 -8.000000e+00
      vertex   -5.694582e+01 1.180815e+01 -8.000000e+00
      vertex   -5.702668e+01 1.250000e+01 -8.000000e+00
    endloop
  endfacet
  facet normal 0.000000e+00 0.000000e+00 -1.000000e+00
    outer loop
      vertex   -5.502668e+01 1.250000e+01 -8.000000e+00
      vertex   -5.702668e+01 1.250000e+01 -8.000000e+00
      vertex   -5.694582e+01 1.319185e+01 -8.000000e+00
    endloop
  endfacet
  facet normal 0.000000e+00 0.000000e+00 -1.000000e+00
    outer loop
      vertex   -5.694582e+01 1.180815e+01 -8.000000e+00
      vertex   -5.499261e+01 1.224118e+01 -8.000000e+00
      vertex   -5.670758e+01 1.115360e+01 -8.000000e+00
    endloop
  endfacet
  facet normal 0.000000e+00 0.000000e+00 -1.000000e+00
    outer loop
      vertex   -5.670758e+01 1.115360e+01 -8.000000e+00
      vertex   -5.499261e+01 1.224118e+01 -8.000000e+00
      vertex   -5.489271e+01 1.200000e+01 -8.000000e+00
    endloop
  endfacet
  facet normal 0.000000e+00 0.000000e+00 -1.000000e+00
    outer loop
      vertex   -5.670758e+01 1.115360e+01 -8.000000e+00
      vertex   -5.489271e+01 1.200000e+01 -8.000000e+00
      vertex   -5.632482e+01 1.057164e+01 -8.000000e+00
    endloop
  endfacet
  facet normal 0.000000e+00 0.000000e+00 -1.000000e+00
    outer loop
      vertex   -5.632482e+01 1.057164e+01 -8.000000e+00
      vertex   -5.489271e+01 1.200000e+01 -8.000000e+00
      vertex   -5.473379e+01 1.179289e+01 -8.000000e+00
    endloop
  endfacet
  facet normal 0.000000e+00 0.000000e+00 -1.000000e+00
    outer loop
      vertex   -5.632482e+01 1.057164e+01 -8.000000e+00
      vertex   -5.473379e+01 1.179289e+01 -8.000000e+00
      vertex   -5.581816e+01 1.009363e+01 -8.000000e+00
    endloop
  endfacet
  facet normal 0.000000e+00 0.000000e+00 -1.000000e+00
    outer loop
      vertex   -5.581816e+01 1.009363e+01 -8.000000e+00
      vertex   -5.473379e+01 1.179289e+01 -8.000000e+00
      vertex   -5.452668e+01 1.163397e+01 -8.000000e+00
    endloop
  endfacet
  facet normal 0.000000e+00 0.000000e+00 -1.000000e+00
    outer loop
      vertex   -5.581816e+01 1.009363e+01 -8.000000e+00
      vertex   -5.452668e+01 1.163397e+01 -8.000000e+00
      vertex   -5.521492e+01 9.745352e+00 -8.000000e+00
    endloop
  endfacet
  facet normal 0.000000e+00 0.000000e+00 -1.000000e+00
    outer loop
      vertex   -5.521492e+01 9.745352e+00 -8.000000e+00
      vertex   -5.452668e+01 1.163397e+01 -8.000000e+00
      vertex   -5.428550e+01 1.153407e+01 -8.000000e+00
    endloop
  endfacet
  facet normal 0.000000e+00 0.000000e+00 -1.000000e+00
    outer loop
      vertex   -5.521492e+01 9.745352e+00 -8.000000e+00
      vertex   -5.428550e+01 1.153407e+01 -8.000000e+00
      vertex   -5.454763e+01 9.545577e+00 -8.000000e+00
    endloop
  endfacet
  facet normal 0.000000e+00 0.000000e+00 -1.000000e+00
    outer loop
      vertex   -5.454763e+01 9.545577e+00 -8.000000e+00
      vertex   -5.428550e+01 1.153407e+01 -8.000000e+00
      vertex   -5.402668e+01 1.150000e+01 -8.000000e+00
    endloop
  endfacet
  facet normal 0.000000e+00 0.000000e+00 -1.000000e+00
    outer loop
      vertex   -5.454763e+01 9.545577e+00 -8.000000e+00
      vertex   -5.402668e+01 1.150000e+01 -8.000000e+00
      vertex   -5.385225e+01 9.505076e+00 -8.000000e+00
    endloop
  endfacet
  facet normal 0.000000e+00 0.000000e+00 -1.000000e+00
    outer loop
      vertex   -5.385225e+01 9.505076e+00 -8.000000e+00
      vertex   -5.402668e+01 1.150000e+01 -8.000000e+00
      vertex   -5.376786e+01 1.153407e+01 -8.000000e+00
    endloop
  endfacet
  facet normal 0.000000e+00 0.000000e+00 -1.000000e+00
    outer loop
      vertex   -5.385225e+01 9.505076e+00 -8.000000e+00
      vertex   -5.376786e+01 1.153407e+01 -8.000000e+00
      vertex   -5.316627e+01 9.626031e+00 -8.000000e+00
    endloop
  endfacet
  facet normal 0.000000e+00 0.000000e+00 -1.000000e+00
    outer loop
      vertex   -5.316627e+01 9.626031e+00 -8.000000e+00
      vertex   -5.376786e+01 1.153407e+01 -8.000000e+00
      vertex   -5.352668e+01 1.163397e+01 -8.000000e+00
    endloop
  endfacet
  facet normal 0.000000e+00 0.000000e+00 -1.000000e+00
    outer loop
      vertex   -5.316627e+01 9.626031e+00 -8.000000e+00
      vertex   -5.352668e+01 1.163397e+01 -8.000000e+00
      vertex   -5.252668e+01 9.901924e+00 -8.000000e+00
    endloop
  endfacet
  facet normal 0.000000e+00 0.000000e+00 -1.000000e+00
    outer loop
      vertex   -5.252668e+01 9.901924e+00 -8.000000e+00
      vertex   -5.352668e+01 1.163397e+01 -8.000000e+00
      vertex   -5.196796e+01 1.031788e+01 -8.000000e+00
    endloop
  endfacet
  facet normal 0.000000e+00 0.000000e+00 -1.000000e+00
    outer loop
      vertex   -5.196796e+01 1.031788e+01 -8.000000e+00
      vertex   -5.352668e+01 1.163397e+01 -8.000000e+00
      vertex   -5.331958e+01 1.179289e+01 -8.000000e+00
    endloop
  endfacet
  facet normal 0.000000e+00 0.000000e+00 -1.000000e+00
    outer loop
      vertex   -5.196796e+01 1.031788e+01 -8.000000e+00
      vertex   -5.331958e+01 1.179289e+01 -8.000000e+00
      vertex   -5.152022e+01 1.085147e+01 -8.000000e+00
    endloop
  endfacet
  facet normal 0.000000e+00 0.000000e+00 -1.000000e+00
    outer loop
      vertex   -5.152022e+01 1.085147e+01 -8.000000e+00
      vertex   -5.331958e+01 1.179289e+01 -8.000000e+00
      vertex   -5.316066e+01 1.200000e+01 -8.000000e+00
    endloop
  endfacet
  facet normal 0.000000e+00 0.000000e+00 -1.000000e+00
    outer loop
      vertex   -5.152022e+01 1.085147e+01 -8.000000e+00
      vertex   -5.316066e+01 1.200000e+01 -8.000000e+00
      vertex   -5.120761e+01 1.147394e+01 -8.000000e+00
    endloop
  endfacet
  facet normal 0.000000e+00 0.000000e+00 -1.000000e+00
    outer loop
      vertex   -5.120761e+01 1.147394e+01 -8.000000e+00
      vertex   -5.316066e+01 1.200000e+01 -8.000000e+00
      vertex   -5.306076e+01 1.224118e+01 -8.000000e+00
    endloop
  endfacet
  facet normal 0.000000e+00 0.000000e+00 -1.000000e+00
    outer loop
      vertex   -5.120761e+01 1.147394e+01 -8.000000e+00
      vertex   -5.306076e+01 1.224118e+01 -8.000000e+00
      vertex   -5.104697e+01 1.215172e+01 -8.000000e+00
    endloop
  endfacet
  facet normal 0.000000e+00 0.000000e+00 -1.000000e+00
    outer loop
      vertex   -5.104697e+01 1.215172e+01 -8.000000e+00
      vertex   -5.306076e+01 1.224118e+01 -8.000000e+00
      vertex   -5.302668e+01 1.250000e+01 -8.000000e+00
    endloop
  endfacet
  facet normal 0.000000e+00 0.000000e+00 -1.000000e+00
    outer loop
      vertex   -5.104697e+01 1.215172e+01 -8.000000e+00
      vertex   -5.302668e+01 1.250000e+01 -8.000000e+00
      vertex   -5.104697e+01 1.284828e+01 -8.000000e+00
    endloop
  endfacet
  facet normal 0.000000e+00 0.000000e+00 -1.000000e+00
    outer loop
      vertex   -5.104697e+01 1.284828e+01 -8.000000e+00
      vertex   -5.302668e+01 1.250000e+01 -8.000000e+00
      vertex   -5.306076e+01 1.275882e+01 -8.000000e+00
    endloop
  endfacet
  facet normal -0.000000e+00 0.000000e+00 -1.000000e+00
    outer loop
      vertex   -5.104697e+01 1.284828e+01 -8.000000e+00
      vertex   -5.306076e+01 1.275882e+01 -8.000000e+00
      vertex   -5.120761e+01 1.352606e+01 -8.000000e+00
    endloop
  endfacet
  facet normal 0.000000e+00 0.000000e+00 -1.000000e+00
    outer loop
      vertex   -5.120761e+01 1.352606e+01 -8.000000e+00
      vertex   -5.306076e+01 1.275882e+01 -8.000000e+00
      vertex   -5.316066e+01 1.300000e+01 -8.000000e+00
    endloop
  endfacet
  facet normal -0.000000e+00 0.000000e+00 -1.000000e+00
    outer loop
      vertex   -5.120761e+01 1.352606e+01 -8.000000e+00
      vertex   -5.316066e+01 1.300000e+01 -8.000000e+00
      vertex   -5.152022e+01 1.414853e+01 -8.000000e+00
    endloop
  endfacet
  facet normal 0.000000e+00 0.000000e+00 -1.000000e+00
    outer loop
      vertex   -5.152022e+01 1.414853e+01 -8.000000e+00
      vertex   -5.316066e+01 1.300000e+01 -8.000000e+00
      vertex   -5.331958e+01 1.320711e+01 -8.000000e+00
    endloop
  endfacet
  facet normal -0.000000e+00 0.000000e+00 -1.000000e+00
    outer loop
      vertex   -5.152022e+01 1.414853e+01 -8.000000e+00
      vertex   -5.331958e+01 1.320711e+01 -8.000000e+00
      vertex   -5.196796e+01 1.468212e+01 -8.000000e+00
    endloop
  endfacet
  facet normal 0.000000e+00 0.000000e+00 -1.000000e+00
    outer loop
      vertex   -5.196796e+01 1.468212e+01 -8.000000e+00
      vertex   -5.331958e+01 1.320711e+01 -8.000000e+00
      vertex   -5.352668e+01 1.336603e+01 -8.000000e+00
    endloop
  endfacet
  facet normal -0.000000e+00 0.000000e+00 -1.000000e+00
    outer loop
      vertex   -5.196796e+01 1.468212e+01 -8.000000e+00
      vertex   -5.352668e+01 1.336603e+01 -8.000000e+00
      vertex   -5.252668e+01 1.509808e+01 -8.000000e+00
    endloop
  endfacet
  facet normal -0.000000e+00 0.000000e+00 -1.000000e+00
    outer loop
      vertex   -5.252668e+01 1.509808e+01 -8.000000e+00
      vertex   -5.352668e+01 1.336603e+01 -8.000000e+00
      vertex   -5.316627e+01 1.537397e+01 -8.000000e+00
    endloop
  endfacet
  facet normal 0.000000e+00 0.000000e+00 -1.000000e+00
    outer loop
      vertex   -5.316627e+01 1.537397e+01 -8.000000e+00
      vertex   -5.352668e+01 1.336603e+01 -8.000000e+00
      vertex   -5.376786e+01 1.346593e+01 -8.000000e+00
    endloop
  endfacet
  facet normal -0.000000e+00 0.000000e+00 -1.000000e+00
    outer loop
      vertex   -5.316627e+01 1.537397e+01 -8.000000e+00
      vertex   -5.376786e+01 1.346593e+01 -8.000000e+00
      vertex   -5.385225e+01 1.549492e+01 -8.000000e+00
    endloop
  endfacet
  facet normal 0.000000e+00 -0.000000e+00 -1.000000e+00
    outer loop
      vertex   -5.385225e+01 1.549492e+01 -8.000000e+00
      vertex   -5.376786e+01 1.346593e+01 -8.000000e+00
      vertex   -5.402668e+01 1.350000e+01 -8.000000e+00
    endloop
  endfacet
  facet normal 0.000000e+00 0.000000e+00 -1.000000e+00
    outer loop
      vertex   -5.385225e+01 1.549492e+01 -8.000000e+00
      vertex   -5.402668e+01 1.350000e+01 -8.000000e+00
      vertex   -5.454763e+01 1.545442e+01 -8.000000e+00
    endloop
  endfacet
  facet normal 0.000000e+00 0.000000e+00 -1.000000e+00
    outer loop
      vertex   -5.454763e+01 1.545442e+01 -8.000000e+00
      vertex   -5.402668e+01 1.350000e+01 -8.000000e+00
      vertex   -5.428550e+01 1.346593e+01 -8.000000e+00
    endloop
  endfacet
  facet normal 0.000000e+00 -0.000000e+00 -1.000000e+00
    outer loop
      vertex   -5.454763e+01 1.545442e+01 -8.000000e+00
      vertex   -5.428550e+01 1.346593e+01 -8.000000e+00
      vertex   -5.521492e+01 1.525465e+01 -8.000000e+00
    endloop
  endfacet
  facet normal 0.000000e+00 0.000000e+00 -1.000000e+00
    outer loop
      vertex   -5.521492e+01 1.525465e+01 -8.000000e+00
      vertex   -5.428550e+01 1.346593e+01 -8.000000e+00
      vertex   -5.452668e+01 1.336603e+01 -8.000000e+00
    endloop
  endfacet
  facet normal 0.000000e+00 -0.000000e+00 -1.000000e+00
    outer loop
      vertex   -5.521492e+01 1.525465e+01 -8.000000e+00
      vertex   -5.452668e+01 1.336603e+01 -8.000000e+00
      vertex   -5.581816e+01 1.490637e+01 -8.000000e+00
    endloop
  endfacet
  facet normal 0.000000e+00 0.000000e+00 -1.000000e+00
    outer loop
      vertex   -5.581816e+01 1.490637e+01 -8.000000e+00
      vertex   -5.452668e+01 1.336603e+01 -8.000000e+00
      vertex   -5.473379e+01 1.320711e+01 -8.000000e+00
    endloop
  endfacet
  facet normal 0.000000e+00 -0.000000e+00 -1.000000e+00
    outer loop
      vertex   -5.581816e+01 1.490637e+01 -8.000000e+00
      vertex   -5.473379e+01 1.320711e+01 -8.000000e+00
      vertex   -5.632482e+01 1.442836e+01 -8.000000e+00
    endloop
  endfacet
  facet normal 0.000000e+00 0.000000e+00 -1.000000e+00
    outer loop
      vertex   -5.632482e+01 1.442836e+01 -8.000000e+00
      vertex   -5.473379e+01 1.320711e+01 -8.000000e+00
      vertex   -5.489271e+01 1.300000e+01 -8.000000e+00
    endloop
  endfacet
  facet normal 0.000000e+00 -0.000000e+00 -1.000000e+00
    outer loop
      vertex   -5.632482e+01 1.442836e+01 -8.000000e+00
      vertex   -5.489271e+01 1.300000e+01 -8.000000e+00
      vertex   -5.670758e+01 1.384640e+01 -8.000000e+00
    endloop
  endfacet
  facet normal 0.000000e+00 0.000000e+00 -1.000000e+00
    outer loop
      vertex   -5.670758e+01 1.384640e+01 -8.000000e+00
      vertex   -5.489271e+01 1.300000e+01 -8.000000e+00
      vertex   -5.499261e+01 1.275882e+01 -8.000000e+00
    endloop
  endfacet
  facet normal 0.000000e+00 -0.000000e+00 -1.000000e+00
    outer loop
      vertex   -5.670758e+01 1.384640e+01 -8.000000e+00
      vertex   -5.499261e+01 1.275882e+01 -8.000000e+00
      vertex   -5.694582e+01 1.319185e+01 -8.000000e+00
    endloop
  endfacet
  facet normal 0.000000e+00 0.000000e+00 -1.000000e+00
    outer loop
      vertex   -5.694582e+01 1.319185e+01 -8.000000e+00
      vertex   -5.499261e+01 1.275882e+01 -8.000000e+00
      vertex   -5.502668e+01 1.250000e+01 -8.000000e+00
    endloop
  endfacet
  facet normal -1.000000e+00 0.000000e+00 0.000000e+00
    outer loop
      vertex   -5.300000e+01 -1.510102e+01 0.000000e+00
      vertex   -5.300000e+01 -1.510102e+01 8.000000e+00
      vertex   -5.300000e+01 -9.681149e+00 0.000000e+00
    endloop
  endfacet
  facet normal -1.000000e+00 0.000000e+00 0.000000e+00
    outer loop
      vertex   -5.300000e+01 -9.681149e+00 0.000000e+00
      vertex   -5.300000e+01 -1.510102e+01 8.000000e+00
      vertex   -5.300000e+01 1.510102e+01 8.000000e+00
    endloop
  endfacet
  facet normal -1.000000e+00 0.000000e+00 0.000000e+00
    outer loop
      vertex   -5.300000e+01 -9.681149e+00 0.000000e+00
      vertex   -5.300000e+01 1.510102e+01 8.000000e+00
      vertex   -5.300000e+01 9.681149e+00 0.000000e+00
    endloop
  endfacet
  facet normal -1.000000e+00 0.000000e+00 0.000000e+00
    outer loop
      vertex   -5.300000e+01 9.681149e+00 0.000000e+00
      vertex   -5.300000e+01 1.510102e+01 8.000000e+00
      vertex   -5.300000e+01 1.510102e+01 0.000000e+00
    endloop
  endfacet
  facet normal -1.000000e+00 -0.000000e+00 0.000000e+00
    outer loop
      vertex   -5.300000e+01 9.681149e+00 -2.000000e+00
      vertex   -5.300000e+01 -9.681149e+00 -2.000000e+00
      vertex   -5.300000e+01 9.681149e+00 0.000000e+00
    endloop
  endfacet
  facet normal -1.000000e+00 -0.000000e+00 0.000000e+00
    outer loop
      vertex   -5.300000e+01 9.681149e+00 0.000000e+00
      vertex   -5.300000e+01 -9.681149e+00 -2.000000e+00
      vertex   -5.300000e+01 -9.681149e+00 0.000000e+00
    endloop
  endfacet
  facet normal 1.000000e+00 0.000000e+00 0.000000e+00
    outer loop
      vertex   -6.000000e+00 -5.000000e+00 -3.000000e+01
      vertex   -6.000000e+00 5.000000e+00 -3.000000e+01
      vertex   -6.000000e+00 -5.000000e+00 0.000000e+00
    endloop
  endfacet
  facet normal 1.000000e+00 -0.000000e+00 0.000000e+00
    outer loop
      vertex   -6.000000e+00 -5.000000e+00 0.000000e+00
      vertex   -6.000000e+00 5.000000e+00 -3.000000e+01
      vertex   -6.000000e+00 5.000000e+00 0.000000e+00
    endloop
  endfacet
  facet normal -7.401487e-16 -1.000000e+00 0.000000e+00
    outer loop
      vertex   -6.000000e+00 5.000000e+00 -3.000000e+01
      vertex   6.000000e+00 5.000000e+00 -3.000000e+01
      vertex   -6.000000e+00 5.000000e+00 0.000000e+00
    endloop
  endfacet
  facet normal -7.401487e-16 -1.000000e+00 0.000000e+00
    outer loop
      vertex   -6.000000e+00 5.000000e+00 0.000000e+00
      vertex   6.000000e+00 5.000000e+00 -3.000000e+01
      vertex   6.000000e+00 5.000000e+00 0.000000e+00
    endloop
  endfacet
  facet normal -4.416564e-16 -9.945219e-01 -1.045285e-01
    outer loop
      vertex   -5.800000e+01 3.668054e+00 -1.472033e+01
      vertex   -6.000000e+01 3.668054e+00 -1.472033e+01
      vertex   -5.800000e+01 3.750000e+00 -1.550000e+01
    endloop
  endfacet
  facet normal -0.000000e+00 -9.945219e-01 -1.045285e-01
    outer loop
      vertex   -5.800000e+01 3.750000e+00 -1.550000e+01
      vertex   -6.000000e+01 3.668054e+00 -1.472033e+01
      vertex   -6.000000e+01 3.750000e+00 -1.550000e+01
    endloop
  endfacet
  facet normal 0.000000e+00 -9.945219e-01 1.045285e-01
    outer loop
      vertex   -5.800000e+01 3.750000e+00 -1.550000e+01
      vertex   -6.000000e+01 3.750000e+00 -1.550000e+01
      vertex   -5.800000e+01 3.668054e+00 -1.627967e+01
    endloop
  endfacet
  facet normal 4.416564e-16 -9.945219e-01 1.045285e-01
    outer loop
      vertex   -5.800000e+01 3.668054e+00 -1.627967e+01
      vertex   -6.000000e+01 3.750000e+00 -1.550000e+01
      vertex   -6.000000e+01 3.668054e+00 -1.627967e+01
    endloop
  endfacet
  facet normal 4.223539e-16 -9.510565e-01 3.090170e-01
    outer loop
      vertex   -5.800000e+01 3.668054e+00 -1.627967e+01
      vertex   -6.000000e+01 3.668054e+00 -1.627967e+01
      vertex   -5.800000e+01 3.425795e+00 -1.702526e+01
    endloop
  endfacet
  facet normal -3.377475e-16 -9.510565e-01 3.090170e-01
    outer loop
      vertex   -5.800000e+01 3.425795e+00 -1.702526e+01
      vertex   -6.000000e+01 3.668054e+00 -1.627967e+01
      vertex   -6.000000e+01 3.425795e+00 -1.702526e+01
    endloop
  endfacet
  facet normal -6.958822e-16 -8.660254e-01 5.000000e-01
    outer loop
      vertex   -5.800000e+01 3.425795e+00 -1.702526e+01
      vertex   -6.000000e+01 3.425795e+00 -1.702526e+01
      vertex   -5.800000e+01 3.033814e+00 -1.770419e+01
    endloop
  endfacet
  facet normal 0.000000e+00 -8.660254e-01 5.000000e-01
    outer loop
      vertex   -5.800000e+01 3.033814e+00 -1.770419e+01
      vertex   -6.000000e+01 3.425795e+00 -1.702526e+01
      vertex   -6.000000e+01 3.033814e+00 -1.770419e+01
    endloop
  endfacet
  facet normal 0.000000e+00 -7.431448e-01 6.691306e-01
    outer loop
      vertex   -5.800000e+01 3.033814e+00 -1.770419e+01
      vertex   -6.000000e+01 3.033814e+00 -1.770419e+01
      vertex   -5.800000e+01 2.509240e+00 -1.828679e+01
    endloop
  endfacet
  facet normal -8.585921e-16 -7.431448e-01 6.691306e-01
    outer loop
      vertex   -5.800000e+01 2.509240e+00 -1.828679e+01
      vertex   -6.000000e+01 3.033814e+00 -1.770419e+01
      vertex   -6.000000e+01 2.509240e+00 -1.828679e+01
    endloop
  endfacet
  facet normal -1.176074e-15 -5.877853e-01 8.090170e-01
    outer loop
      vertex   -5.800000e+01 2.509240e+00 -1.828679e+01
      vertex   -6.000000e+01 2.509240e+00 -1.828679e+01
      vertex   -5.800000e+01 1.875000e+00 -1.874760e+01
    endloop
  endfacet
  facet normal 9.136018e-16 -5.877853e-01 8.090170e-01
    outer loop
      vertex   -5.800000e+01 1.875000e+00 -1.874760e+01
      vertex   -6.000000e+01 2.509240e+00 -1.828679e+01
      vertex   -6.000000e+01 1.875000e+00 -1.874760e+01
    endloop
  endfacet
  facet normal 6.321957e-16 -4.067366e-01 9.135455e-01
    outer loop
      vertex   -5.800000e+01 1.875000e+00 -1.874760e+01
      vertex   -6.000000e+01 1.875000e+00 -1.874760e+01
      vertex   -5.800000e+01 1.158814e+00 -1.906646e+01
    endloop
  endfacet
  facet normal 0.000000e+00 -4.067366e-01 9.135455e-01
    outer loop
      vertex   -5.800000e+01 1.158814e+00 -1.906646e+01
      vertex   -6.000000e+01 1.875000e+00 -1.874760e+01
      vertex   -6.000000e+01 1.158814e+00 -1.906646e+01
    endloop
  endfacet
  facet normal 0.000000e+00 -2.079117e-01 9.781476e-01
    outer loop
      vertex   -5.800000e+01 1.158814e+00 -1.906646e+01
      vertex   -6.000000e+01 1.158814e+00 -1.906646e+01
      vertex   -5.800000e+01 3.919817e-01 -1.922946e+01
    endloop
  endfacet
  facet normal 1.731213e-16 -2.079117e-01 9.781476e-01
    outer loop
      vertex   -5.800000e+01 3.919817e-01 -1.922946e+01
      vertex   -6.000000e+01 1.158814e+00 -1.906646e+01
      vertex   -6.000000e+01 3.919817e-01 -1.922946e+01
    endloop
  endfacet
  facet normal 0.000000e+00 0.000000e+00 1.000000e+00
    outer loop
      vertex   -5.800000e+01 3.919817e-01 -1.922946e+01
      vertex   -6.000000e+01 3.919817e-01 -1.922946e+01
      vertex   -5.800000e+01 -3.919817e-01 -1.922946e+01
    endloop
  endfacet
  facet normal 0.000000e+00 0.000000e+00 1.000000e+00
    outer loop
      vertex   -5.800000e+01 -3.919817e-01 -1.922946e+01
      vertex   -6.000000e+01 3.919817e-01 -1.922946e+01
      vertex   -6.000000e+01 -3.919817e-01 -1.922946e+01
    endloop
  endfacet
  facet normal -2.596819e-16 2.079117e-01 9.781476e-01
    outer loop
      vertex   -5.800000e+01 -3.919817e-01 -1.922946e+01
      vertex   -6.000000e+01 -3.919817e-01 -1.922946e+01
      vertex   -5.800000e+01 -1.158814e+00 -1.906646e+01
    endloop
  endfacet
  facet normal 0.000000e+00 2.079117e-01 9.781476e-01
    outer loop
      vertex   -5.800000e+01 -1.158814e+00 -1.906646e+01
      vertex   -6.000000e+01 -3.919817e-01 -1.922946e+01
      vertex   -6.000000e+01 -1.158814e+00 -1.906646e+01
    endloop
  endfacet
  facet normal 0.000000e+00 4.067366e-01 9.135455e-01
    outer loop
      vertex   -5.800000e+01 -1.158814e+00 -1.906646e+01
      vertex   -6.000000e+01 -1.158814e+00 -1.906646e+01
      vertex   -5.800000e+01 -1.875000e+00 -1.874760e+01
    endloop
  endfacet
  facet normal -3.612547e-16 4.067366e-01 9.135455e-01
    outer loop
      vertex   -5.800000e+01 -1.875000e+00 -1.874760e+01
      vertex   -6.000000e+01 -1.158814e+00 -1.906646e+01
      vertex   -6.000000e+01 -1.875000e+00 -1.874760e+01
    endloop
  endfacet
  facet normal -5.220582e-16 5.877853e-01 8.090170e-01
    outer loop
      vertex   -5.800000e+01 -1.875000e+00 -1.874760e+01
      vertex   -6.000000e+01 -1.875000e+00 -1.874760e+01
      vertex   -5.800000e+01 -2.509240e+00 -1.828679e+01
    endloop
  endfacet
  facet normal -5.220582e-16 5.877853e-01 8.090170e-01
    outer loop
      vertex   -5.800000e+01 -2.509240e+00 -1.828679e+01
      vertex   -6.000000e+01 -1.875000e+00 -1.874760e+01
      vertex   -6.000000e+01 -2.509240e+00 -1.828679e+01
    endloop
  endfacet
  facet normal -6.600452e-16 7.431448e-01 6.691306e-01
    outer loop
      vertex   -5.800000e+01 -2.509240e+00 -1.828679e+01
      vertex   -6.000000e+01 -2.509240e+00 -1.828679e+01
      vertex   -5.800000e+01 -3.033814e+00 -1.770419e+01
    endloop
  endfacet
  facet normal 0.000000e+00 7.431448e-01 6.691306e-01
    outer loop
      vertex   -5.800000e+01 -3.033814e+00 -1.770419e+01
      vertex   -6.000000e+01 -2.509240e+00 -1.828679e+01
      vertex   -6.000000e+01 -3.033814e+00 -1.770419e+01
    endloop
  endfacet
  facet normal 0.000000e+00 8.660254e-01 5.000000e-01
    outer loop
      vertex   -5.800000e+01 -3.033814e+00 -1.770419e+01
      vertex   -6.000000e+01 -3.033814e+00 -1.770419e+01
      vertex   -5.800000e+01 -3.425795e+00 -1.702526e+01
    endloop
  endfacet
  facet normal 8.881784e-16 8.660254e-01 5.000000e-01
    outer loop
      vertex   -5.800000e+01 -3.425795e+00 -1.702526e+01
      vertex   -6.000000e+01 -3.033814e+00 -1.770419e+01
      vertex   -6.000000e+01 -3.425795e+00 -1.702526e+01
    endloop
  endfacet
  facet normal 5.489245e-16 9.510565e-01 3.090170e-01
    outer loop
      vertex   -5.800000e+01 -3.425795e+00 -1.702526e+01
      vertex   -6.000000e+01 -3.425795e+00 -1.702526e+01
      vertex   -5.800000e+01 -3.668054e+00 -1.627967e+01
    endloop
  endfacet
  facet normal 3.377475e-16 9.510565e-01 3.090170e-01
    outer loop
      vertex   -5.800000e+01 -3.668054e+00 -1.627967e+01
      vertex   -6.000000e+01 -3.425795e+00 -1.702526e+01
      vertex   -6.000000e+01 -3.668054e+00 -1.627967e+01
    endloop
  endfacet
  facet normal -3.514837e-17 9.945219e-01 1.045285e-01
    outer loop
      vertex   -5.800000e+01 -3.668054e+00 -1.627967e+01
      vertex   -6.000000e+01 -3.668054e+00 -1.627967e+01
      vertex   -5.800000e+01 -3.750000e+00 -1.550000e+01
    endloop
  endfacet
  facet normal 0.000000e+00 9.945219e-01 1.045285e-01
    outer loop
      vertex   -5.800000e+01 -3.750000e+00 -1.550000e+01
      vertex   -6.000000e+01 -3.668054e+00 -1.627967e+01
      vertex   -6.000000e+01 -3.750000e+00 -1.550000e+01
    endloop
  endfacet
  facet normal 0.000000e+00 9.945219e-01 -1.045285e-01
    outer loop
      vertex   -5.800000e+01 -3.750000e+00 -1.550000e+01
      vertex   -6.000000e+01 -3.750000e+00 -1.550000e+01
      vertex   -5.800000e+01 -3.668054e+00 -1.472033e+01
    endloop
  endfacet
  facet normal 1.279883e-16 9.945219e-01 -1.045285e-01
    outer loop
      vertex   -5.800000e+01 -3.668054e+00 -1.472033e+01
      vertex   -6.000000e+01 -3.750000e+00 -1.550000e+01
      vertex   -6.000000e+01 -3.668054e+00 -1.472033e+01
    endloop
  endfacet
  facet normal -6.328526e-17 9.510565e-01 -3.090170e-01
    outer loop
      vertex   -5.800000e+01 -3.668054e+00 -1.472033e+01
      vertex   -6.000000e+01 -3.668054e+00 -1.472033e+01
      vertex   -5.800000e+01 -3.425795e+00 -1.397474e+01
    endloop
  endfacet
  facet normal -2.744622e-16 9.510565e-01 -3.090170e-01
    outer loop
      vertex   -5.800000e+01 -3.425795e+00 -1.397474e+01
      vertex   -6.000000e+01 -3.668054e+00 -1.472033e+01
      vertex   -6.000000e+01 -3.425795e+00 -1.397474e+01
    endloop
  endfacet
  facet normal -4.440892e-16 8.660254e-01 -5.000000e-01
    outer loop
      vertex   -5.800000e+01 -3.425795e+00 -1.397474e+01
      vertex   -6.000000e+01 -3.425795e+00 -1.397474e+01
      vertex   -5.800000e+01 -3.033814e+00 -1.329581e+01
    endloop
  endfacet
  facet normal 0.000000e+00 8.660254e-01 -5.000000e-01
    outer loop
      vertex   -5.800000e+01 -3.033814e+00 -1.329581e+01
      vertex   -6.000000e+01 -3.425795e+00 -1.397474e+01
      vertex   -6.000000e+01 -3.033814e+00 -1.329581e+01
    endloop
  endfacet
  facet normal 0.000000e+00 7.431448e-01 -6.691306e-01
    outer loop
      vertex   -5.800000e+01 -3.033814e+00 -1.329581e+01
      vertex   -6.000000e+01 -3.033814e+00 -1.329581e+01
      vertex   -5.800000e+01 -2.509240e+00 -1.271321e+01
    endloop
  endfacet
  facet normal 6.600452e-16 7.431448e-01 -6.691306e-01
    outer loop
      vertex   -5.800000e+01 -2.509240e+00 -1.271321e+01
      vertex   -6.000000e+01 -3.033814e+00 -1.329581e+01
      vertex   -6.000000e+01 -2.509240e+00 -1.271321e+01
    endloop
  endfacet
  facet normal 5.220582e-16 5.877853e-01 -8.090170e-01
    outer loop
      vertex   -5.800000e+01 -2.509240e+00 -1.271321e+01
      vertex   -6.000000e+01 -2.509240e+00 -1.271321e+01
      vertex   -5.800000e+01 -1.875000e+00 -1.225240e+01
    endloop
  endfacet
  facet normal 5.220582e-16 5.877853e-01 -8.090170e-01
    outer loop
      vertex   -5.800000e+01 -1.875000e+00 -1.225240e+01
      vertex   -6.000000e+01 -2.509240e+00 -1.271321e+01
      vertex   -6.000000e+01 -1.875000e+00 -1.225240e+01
    endloop
  endfacet
  facet normal 3.612547e-16 4.067366e-01 -9.135455e-01
    outer loop
      vertex   -5.800000e+01 -1.875000e+00 -1.225240e+01
      vertex   -6.000000e+01 -1.875000e+00 -1.225240e+01
      vertex   -5.800000e+01 -1.158814e+00 -1.193354e+01
    endloop
  endfacet
  facet normal 0.000000e+00 4.067366e-01 -9.135455e-01
    outer loop
      vertex   -5.800000e+01 -1.158814e+00 -1.193354e+01
      vertex   -6.000000e+01 -1.875000e+00 -1.225240e+01
      vertex   -6.000000e+01 -1.158814e+00 -1.193354e+01
    endloop
  endfacet
  facet normal 0.000000e+00 2.079117e-01 -9.781476e-01
    outer loop
      vertex   -5.800000e+01 -1.158814e+00 -1.193354e+01
      vertex   -6.000000e+01 -1.158814e+00 -1.193354e+01
      vertex   -5.800000e+01 -3.919817e-01 -1.177054e+01
    endloop
  endfacet
  facet normal 2.596819e-16 2.079117e-01 -9.781476e-01
    outer loop
      vertex   -5.800000e+01 -3.919817e-01 -1.177054e+01
      vertex   -6.000000e+01 -1.158814e+00 -1.193354e+01
      vertex   -6.000000e+01 -3.919817e-01 -1.177054e+01
    endloop
  endfacet
  facet normal 0.000000e+00 0.000000e+00 -1.000000e+00
    outer loop
      vertex   -5.800000e+01 -3.919817e-01 -1.177054e+01
      vertex   -6.000000e+01 -3.919817e-01 -1.177054e+01
      vertex   -5.800000e+01 3.919817e-01 -1.177054e+01
    endloop
  endfacet
  facet normal -0.000000e+00 0.000000e+00 -1.000000e+00
    outer loop
      vertex   -5.800000e+01 3.919817e-01 -1.177054e+01
      vertex   -6.000000e+01 -3.919817e-01 -1.177054e+01
      vertex   -6.000000e+01 3.919817e-01 -1.177054e+01
    endloop
  endfacet
  facet normal -1.731213e-16 -2.079117e-01 -9.781476e-01
    outer loop
      vertex   -5.800000e+01 3.919817e-01 -1.177054e+01
      vertex   -6.000000e+01 3.919817e-01 -1.177054e+01
      vertex   -5.800000e+01 1.158814e+00 -1.193354e+01
    endloop
  endfacet
  facet normal -0.000000e+00 -2.079117e-01 -9.781476e-01
    outer loop
      vertex   -5.800000e+01 1.158814e+00 -1.193354e+01
      vertex   -6.000000e+01 3.919817e-01 -1.177054e+01
      vertex   -6.000000e+01 1.158814e+00 -1.193354e+01
    endloop
  endfacet
  facet normal -0.000000e+00 -4.067366e-01 -9.135455e-01
    outer loop
      vertex   -5.800000e+01 1.158814e+00 -1.193354e+01
      vertex   -6.000000e+01 1.158814e+00 -1.193354e+01
      vertex   -5.800000e+01 1.875000e+00 -1.225240e+01
    endloop
  endfacet
  facet normal -6.321957e-16 -4.067366e-01 -9.135455e-01
    outer loop
      vertex   -5.800000e+01 1.875000e+00 -1.225240e+01
      vertex   -6.000000e+01 1.158814e+00 -1.193354e+01
      vertex   -6.000000e+01 1.875000e+00 -1.225240e+01
    endloop
  endfacet
  facet normal -9.136018e-16 -5.877853e-01 -8.090170e-01
    outer loop
      vertex   -5.800000e+01 1.875000e+00 -1.225240e+01
      vertex   -6.000000e+01 1.875000e+00 -1.225240e+01
      vertex   -5.800000e+01 2.509240e+00 -1.271321e+01
    endloop
  endfacet
  facet normal 4.575223e-16 -5.877853e-01 -8.090170e-01
    outer loop
      vertex   -5.800000e+01 2.509240e+00 -1.271321e+01
      vertex   -6.000000e+01 1.875000e+00 -1.225240e+01
      vertex   -6.000000e+01 2.509240e+00 -1.271321e+01
    endloop
  endfacet
  facet normal 2.642848e-16 -7.431448e-01 -6.691306e-01
    outer loop
      vertex   -5.800000e+01 2.509240e+00 -1.271321e+01
      vertex   -6.000000e+01 2.509240e+00 -1.271321e+01
      vertex   -5.800000e+01 3.033814e+00 -1.329581e+01
    endloop
  endfacet
  facet normal -0.000000e+00 -7.431448e-01 -6.691306e-01
    outer loop
      vertex   -5.800000e+01 3.033814e+00 -1.329581e+01
      vertex   -6.000000e+01 2.509240e+00 -1.271321e+01
      vertex   -6.000000e+01 3.033814e+00 -1.329581e+01
    endloop
  endfacet
  facet normal -0.000000e+00 -8.660254e-01 -5.000000e-01
    outer loop
      vertex   -5.800000e+01 3.033814e+00 -1.329581e+01
      vertex   -6.000000e+01 3.033814e+00 -1.329581e+01
      vertex   -5.800000e+01 3.425795e+00 -1.397474e+01
    endloop
  endfacet
  facet normal 2.517929e-16 -8.660254e-01 -5.000000e-01
    outer loop
      vertex   -5.800000e+01 3.425795e+00 -1.397474e+01
      vertex   -6.000000e+01 3.033814e+00 -1.329581e+01
      vertex   -6.000000e+01 3.425795e+00 -1.397474e+01
    endloop
  endfacet
  facet normal 6.328526e-17 -9.510565e-01 -3.090170e-01
    outer loop
      vertex   -5.800000e+01 3.425795e+00 -1.397474e+01
      vertex   -6.000000e+01 3.425795e+00 -1.397474e+01
      vertex   -5.800000e+01 3.668054e+00 -1.472033e+01
    endloop
  endfacet
  facet normal -4.223539e-16 -9.510565e-01 -3.090170e-01
    outer loop
      vertex   -5.800000e+01 3.668054e+00 -1.472033e+01
      vertex   -6.000000e+01 3.425795e+00 -1.397474e+01
      vertex   -6.000000e+01 3.668054e+00 -1.472033e+01
    endloop
  endfacet
  facet normal -1.000000e+00 -1.999112e-15 2.336627e-16
    outer loop
      vertex   5.800000e+01 -2.930156e+00 -3.270487e+01
      vertex   5.800000e+01 -3.011021e+00 -3.339672e+01
      vertex   5.800000e+01 -1.800000e+01 -4.000000e+01
    endloop
  endfacet
  facet normal -1.000000e+00 -1.803317e-15 -2.107776e-16
    outer loop
      vertex   5.800000e+01 -1.800000e+01 -4.000000e+01
      vertex   5.800000e+01 -3.011021e+00 -3.339672e+01
      vertex   5.800000e+01 -2.930156e+00 -3.408857e+01
    endloop
  endfacet
  facet normal -1.000000e+00 -1.650369e-15 -6.006851e-16
    outer loop
      vertex   5.800000e+01 -1.800000e+01 -4.000000e+01
      vertex   5.800000e+01 -2.930156e+00 -3.408857e+01
      vertex   5.800000e+01 -2.691919e+00 -3.474312e+01
    endloop
  endfacet
  facet normal -1.000000e+00 -1.514566e-15 -9.961455e-16
    outer loop
      vertex   5.800000e+01 -2.691919e+00 -3.474312e+01
      vertex   5.800000e+01 -2.309155e+00 -3.532508e+01
      vertex   5.800000e+01 -1.800000e+01 -4.000000e+01
    endloop
  endfacet
  facet normal -1.000000e+00 -1.376623e-15 -1.459135e-15
    outer loop
      vertex   5.800000e+01 -1.800000e+01 -4.000000e+01
      vertex   5.800000e+01 -2.309155e+00 -3.532508e+01
      vertex   5.800000e+01 -1.802497e+00 -3.580309e+01
    endloop
  endfacet
  facet normal -1.000000e+00 -1.211148e-15 -2.097769e-15
    outer loop
      vertex   5.800000e+01 -1.800000e+01 -4.000000e+01
      vertex   5.800000e+01 -1.802497e+00 -3.580309e+01
      vertex   5.800000e+01 -1.199261e+00 -3.615137e+01
    endloop
  endfacet
  facet normal -1.000000e+00 -9.583779e-16 -3.201205e-15
    outer loop
      vertex   5.800000e+01 -1.199261e+00 -3.615137e+01
      vertex   5.800000e+01 -5.319660e-01 -3.635115e+01
      vertex   5.800000e+01 -1.800000e+01 -4.000000e+01
    endloop
  endfacet
  facet normal -1.000000e+00 -3.547550e-16 -6.090908e-15
    outer loop
      vertex   5.800000e+01 -1.800000e+01 -4.000000e+01
      vertex   5.800000e+01 -5.319660e-01 -3.635115e+01
      vertex   5.800000e+01 1.634130e-01 -3.639165e+01
    endloop
  endfacet
  facet normal -1.000000e+00 -7.894919e-16 -3.902567e-15
    outer loop
      vertex   5.800000e+01 -1.800000e+01 -4.000000e+01
      vertex   5.800000e+01 1.634130e-01 -3.639165e+01
      vertex   5.800000e+01 1.800000e+01 -4.000000e+01
    endloop
  endfacet
  facet normal -1.000000e+00 0.000000e+00 0.000000e+00
    outer loop
      vertex   5.800000e+01 1.800000e+01 -4.000000e+01
      vertex   5.800000e+01 1.634130e-01 -3.639165e+01
      vertex   5.800000e+01 8.493882e-01 -3.627069e+01
    endloop
  endfacet
  facet normal -1.000000e+00 0.000000e+00 0.000000e+00
    outer loop
      vertex   5.800000e+01 1.800000e+01 -4.000000e+01
      vertex   5.800000e+01 8.493882e-01 -3.627069e+01
      vertex   5.800000e+01 1.488979e+00 -3.599480e+01
    endloop
  endfacet
  facet normal -1.000000e+00 0.000000e+00 0.000000e+00
    outer loop
      vertex   5.800000e+01 1.488979e+00 -3.599480e+01
      vertex   5.800000e+01 2.047703e+00 -3.557884e+01
      vertex   5.800000e+01 1.800000e+01 -4.000000e+01
    endloop
  endfacet
  facet normal -1.000000e+00 0.000000e+00 0.000000e+00
    outer loop
      vertex   5.800000e+01 1.800000e+01 -4.000000e+01
      vertex   5.800000e+01 2.047703e+00 -3.557884e+01
      vertex   5.800000e+01 2.495442e+00 -3.504525e+01
    endloop
  endfacet
  facet normal -1.000000e+00 0.000000e+00 0.000000e+00
    outer loop
      vertex   5.800000e+01 1.800000e+01 -4.000000e+01
      vertex   5.800000e+01 2.495442e+00 -3.504525e+01
      vertex   5.800000e+01 2.808056e+00 -3.442278e+01
    endloop
  endfacet
  facet normal -1.000000e+00 0.000000e+00 0.000000e+00
    outer loop
      vertex   5.800000e+01 2.808056e+00 -3.442278e+01
      vertex   5.800000e+01 2.968694e+00 -3.374500e+01
      vertex   5.800000e+01 1.800000e+01 -4.000000e+01
    endloop
  endfacet
  facet normal -1.000000e+00 0.000000e+00 0.000000e+00
    outer loop
      vertex   5.800000e+01 1.800000e+01 -4.000000e+01
      vertex   5.800000e+01 2.968694e+00 -3.374500e+01
      vertex   5.800000e+01 2.968694e+00 -3.304844e+01
    endloop
  endfacet
  facet normal -1.000000e+00 0.000000e+00 0.000000e+00
    outer loop
      vertex   5.800000e+01 1.800000e+01 -4.000000e+01
      vertex   5.800000e+01 2.968694e+00 -3.304844e+01
      vertex   5.800000e+01 2.808056e+00 -3.237066e+01
    endloop
  endfacet
  facet normal -1.000000e+00 0.000000e+00 0.000000e+00
    outer loop
      vertex   5.800000e+01 2.808056e+00 -3.237066e+01
      vertex   5.800000e+01 2.495442e+00 -3.174820e+01
      vertex   5.800000e+01 1.800000e+01 -4.000000e+01
    endloop
  endfacet
  facet normal -1.000000e+00 0.000000e+00 0.000000e+00
    outer loop
      vertex   5.800000e+01 1.800000e+01 -4.000000e+01
      vertex   5.800000e+01 2.495442e+00 -3.174820e+01
      vertex   5.800000e+01 9.949490e+00 -2.000000e+00
    endloop
  endfacet
  facet normal -1.000000e+00 0.000000e+00 0.000000e+00
    outer loop
      vertex   5.800000e+01 1.800000e+01 -4.000000e+01
      vertex   5.800000e+01 9.949490e+00 -2.000000e+00
      vertex   5.800000e+01 1.800000e+01 8.000000e+00
    endloop
  endfacet
  facet normal -1.000000e+00 -8.826058e-16 7.105427e-16
    outer loop
      vertex   5.800000e+01 1.800000e+01 8.000000e+00
      vertex   5.800000e+01 9.949490e+00 -2.000000e+00
      vertex   5.800000e+01 9.949490e+00 8.000000e+00
    endloop
  endfacet
  facet normal -1.000000e+00 0.000000e+00 0.000000e+00
    outer loop
      vertex   5.800000e+01 2.495442e+00 -3.174820e+01
      vertex   5.800000e+01 2.047703e+00 -3.121460e+01
      vertex   5.800000e+01 9.949490e+00 -2.000000e+00
    endloop
  endfacet
  facet normal -1.000000e+00 0.000000e+00 0.000000e+00
    outer loop
      vertex   5.800000e+01 9.949490e+00 -2.000000e+00
      vertex   5.800000e+01 2.047703e+00 -3.121460e+01
      vertex   5.800000e+01 1.488979e+00 -3.079865e+01
    endloop
  endfacet
  facet normal -1.000000e+00 -0.000000e+00 0.000000e+00
    outer loop
      vertex   5.800000e+01 9.949490e+00 -2.000000e+00
      vertex   5.800000e+01 1.488979e+00 -3.079865e+01
      vertex   5.800000e+01 5.050510e+00 -2.000000e+00
    endloop
  endfacet
  facet normal -1.000000e+00 0.000000e+00 0.000000e+00
    outer loop
      vertex   5.800000e+01 5.050510e+00 -2.000000e+00
      vertex   5.800000e+01 1.488979e+00 -3.079865e+01
      vertex   5.800000e+01 8.493882e-01 -3.052275e+01
    endloop
  endfacet
  facet normal -1.000000e+00 0.000000e+00 0.000000e+00
    outer loop
      vertex   5.800000e+01 5.050510e+00 -2.000000e+00
      vertex   5.800000e+01 8.493882e-01 -3.052275e+01
      vertex   5.800000e+01 1.634130e-01 -3.040180e+01
    endloop
  endfacet
  facet normal -1.000000e+00 -2.110310e-15 3.631210e-16
    outer loop
      vertex   5.800000e+01 5.050510e+00 -2.000000e+00
      vertex   5.800000e+01 1.634130e-01 -3.040180e+01
      vertex   5.800000e+01 -5.050510e+00 -2.000000e+00
    endloop
  endfacet
  facet normal -1.000000e+00 -4.325071e-17 7.425860e-16
    outer loop
      vertex   5.800000e+01 -5.050510e+00 -2.000000e+00
      vertex   5.800000e+01 1.634130e-01 -3.040180e+01
      vertex   5.800000e+01 -5.319660e-01 -3.044230e+01
    endloop
  endfacet
  facet normal -1.000000e+00 -2.141857e-16 7.154300e-16
    outer loop
      vertex   5.800000e+01 -5.050510e+00 -2.000000e+00
      vertex   5.800000e+01 -5.319660e-01 -3.044230e+01
      vertex   5.800000e+01 -1.199261e+00 -3.064207e+01
    endloop
  endfacet
  facet normal -1.000000e+00 -3.987275e-16 6.906163e-16
    outer loop
      vertex   5.800000e+01 -1.199261e+00 -3.064207e+01
      vertex   5.800000e+01 -1.802497e+00 -3.099035e+01
      vertex   5.800000e+01 -5.050510e+00 -2.000000e+00
    endloop
  endfacet
  facet normal -1.000000e+00 0.000000e+00 7.352888e-16
    outer loop
      vertex   5.800000e+01 -5.050510e+00 -2.000000e+00
      vertex   5.800000e+01 -1.802497e+00 -3.099035e+01
      vertex   5.800000e+01 -9.949490e+00 -2.000000e+00
    endloop
  endfacet
  facet normal -1.000000e+00 -5.483292e-16 5.811950e-16
    outer loop
      vertex   5.800000e+01 -9.949490e+00 -2.000000e+00
      vertex   5.800000e+01 -1.802497e+00 -3.099035e+01
      vertex   5.800000e+01 -2.309155e+00 -3.146836e+01
    endloop
  endfacet
  facet normal -1.000000e+00 -7.888498e-16 5.188346e-16
    outer loop
      vertex   5.800000e+01 -9.949490e+00 -2.000000e+00
      vertex   5.800000e+01 -2.309155e+00 -3.146836e+01
      vertex   5.800000e+01 -2.691919e+00 -3.205032e+01
    endloop
  endfacet
  facet normal -1.000000e+00 -1.977058e-15 2.318658e-16
    outer loop
      vertex   5.800000e+01 -9.949490e+00 -2.000000e+00
      vertex   5.800000e+01 -2.691919e+00 -3.205032e+01
      vertex   5.800000e+01 -1.800000e+01 -4.000000e+01
    endloop
  endfacet
  facet normal -1.000000e+00 -2.289371e-15 8.332630e-16
    outer loop
      vertex   5.800000e+01 -1.800000e+01 -4.000000e+01
      vertex   5.800000e+01 -2.691919e+00 -3.205032e+01
      vertex   5.800000e+01 -2.930156e+00 -3.270487e+01
    endloop
  endfacet
  facet normal -1.000000e+00 -1.406873e-15 -4.998218e-31
    outer loop
      vertex   5.800000e+01 -5.050510e+00 8.000000e+00
      vertex   5.800000e+01 5.050510e+00 8.000000e+00
      vertex   5.800000e+01 -5.050510e+00 -2.000000e+00
    endloop
  endfacet
  facet normal -1.000000e+00 -2.110310e-15 7.105427e-16
    outer loop
      vertex   5.800000e+01 -5.050510e+00 -2.000000e+00
      vertex   5.800000e+01 5.050510e+00 8.000000e+00
      vertex   5.800000e+01 5.050510e+00 -2.000000e+00
    endloop
  endfacet
  facet normal -1.000000e+00 -8.826058e-16 0.000000e+00
    outer loop
      vertex   5.800000e+01 -1.800000e+01 -4.000000e+01
      vertex   5.800000e+01 -1.800000e+01 8.000000e+00
      vertex   5.800000e+01 -9.949490e+00 -2.000000e+00
    endloop
  endfacet
  facet normal -1.000000e+00 -8.826058e-16 3.135646e-31
    outer loop
      vertex   5.800000e+01 -9.949490e+00 -2.000000e+00
      vertex   5.800000e+01 -1.800000e+01 8.000000e+00
      vertex   5.800000e+01 -9.949490e+00 8.000000e+00
    endloop
  endfacet
  facet normal 6.412703e-01 -7.673151e-01 1.577115e-16
    outer loop
      vertex   5.800000e+01 5.050510e+00 -2.000000e+00
      vertex   5.800000e+01 5.050510e+00 8.000000e+00
      vertex   5.746671e+01 4.604824e+00 -2.000000e+00
    endloop
  endfacet
  facet normal 6.412703e-01 -7.673151e-01 -4.674230e-17
    outer loop
      vertex   5.746671e+01 4.604824e+00 -2.000000e+00
      vertex   5.800000e+01 5.050510e+00 8.000000e+00
      vertex   5.746671e+01 4.604824e+00 8.000000e+00
    endloop
  endfacet
  facet normal 4.770120e-01 -8.788968e-01 1.294329e-16
    outer loop
      vertex   5.746671e+01 4.604824e+00 -2.000000e+00
      vertex   5.746671e+01 4.604824e+00 8.000000e+00
      vertex   5.685587e+01 4.273298e+00 -2.000000e+00
    endloop
  endfacet
  facet normal 4.770120e-01 -8.788968e-01 -1.047523e-16
    outer loop
      vertex   5.685587e+01 4.273298e+00 -2.000000e+00
      vertex   5.746671e+01 4.604824e+00 8.000000e+00
      vertex   5.685587e+01 4.273298e+00 8.000000e+00
    endloop
  endfacet
  facet normal 2.939446e-01 -9.558225e-01 4.582210e-17
    outer loop
      vertex   5.685587e+01 4.273298e+00 -2.000000e+00
      vertex   5.685587e+01 4.273298e+00 8.000000e+00
      vertex   5.619157e+01 4.069005e+00 -2.000000e+00
    endloop
  endfacet
  facet normal 2.939446e-01 -9.558225e-01 -3.907199e-17
    outer loop
      vertex   5.619157e+01 4.069005e+00 -2.000000e+00
      vertex   5.685587e+01 4.273298e+00 8.000000e+00
      vertex   5.619157e+01 4.069005e+00 8.000000e+00
    endloop
  endfacet
  facet normal 9.928652e-02 -9.950589e-01 1.062107e-16
    outer loop
      vertex   5.619157e+01 4.069005e+00 -2.000000e+00
      vertex   5.619157e+01 4.069005e+00 8.000000e+00
      vertex   5.550000e+01 4.000000e+00 -2.000000e+00
    endloop
  endfacet
  facet normal 9.928652e-02 -9.950589e-01 -7.054731e-17
    outer loop
      vertex   5.550000e+01 4.000000e+00 -2.000000e+00
      vertex   5.619157e+01 4.069005e+00 8.000000e+00
      vertex   5.550000e+01 4.000000e+00 8.000000e+00
    endloop
  endfacet
  facet normal -9.928652e-02 -9.950589e-01 7.054731e-17
    outer loop
      vertex   5.550000e+01 4.000000e+00 -2.000000e+00
      vertex   5.550000e+01 4.000000e+00 8.000000e+00
      vertex   5.480843e+01 4.069005e+00 -2.000000e+00
    endloop
  endfacet
  facet normal -9.928652e-02 -9.950589e-01 -8.837898e-17
    outer loop
      vertex   5.480843e+01 4.069005e+00 -2.000000e+00
      vertex   5.550000e+01 4.000000e+00 8.000000e+00
      vertex   5.480843e+01 4.069005e+00 8.000000e+00
    endloop
  endfacet
  facet normal -2.939446e-01 -9.558225e-01 -8.489409e-17
    outer loop
      vertex   5.480843e+01 4.069005e+00 -2.000000e+00
      vertex   5.480843e+01 4.069005e+00 8.000000e+00
      vertex   5.414413e+01 4.273298e+00 -2.000000e+00
    endloop
  endfacet
  facet normal -2.939446e-01 -9.558225e-01 -1.697882e-16
    outer loop
      vertex   5.414413e+01 4.273298e+00 -2.000000e+00
      vertex   5.480843e+01 4.069005e+00 8.000000e+00
      vertex   5.414413e+01 4.273298e+00 8.000000e+00
    endloop
  endfacet
  facet normal -4.770120e-01 -8.788968e-01 -1.561234e-16
    outer loop
      vertex   5.414413e+01 4.273298e+00 -2.000000e+00
      vertex   5.414413e+01 4.273298e+00 8.000000e+00
      vertex   5.353329e+01 4.604824e+00 -2.000000e+00
    endloop
  endfacet
  facet normal -4.770120e-01 -8.788968e-01 0.000000e+00
    outer loop
      vertex   5.353329e+01 4.604824e+00 -2.000000e+00
      vertex   5.414413e+01 4.273298e+00 8.000000e+00
      vertex   5.353329e+01 4.604824e+00 8.000000e+00
    endloop
  endfacet
  facet normal -6.412703e-01 -7.673151e-01 0.000000e+00
    outer loop
      vertex   5.353329e+01 4.604824e+00 -2.000000e+00
      vertex   5.353329e+01 4.604824e+00 8.000000e+00
      vertex   5.300000e+01 5.050510e+00 -2.000000e+00
    endloop
  endfacet
  facet normal -6.412703e-01 -7.673151e-01 0.000000e+00
    outer loop
      vertex   5.300000e+01 5.050510e+00 -2.000000e+00
      vertex   5.353329e+01 4.604824e+00 8.000000e+00
      vertex   5.300000e+01 5.050510e+00 8.000000e+00
    endloop
  endfacet
  facet normal 1.000000e+00 0.000000e+00 0.000000e+00
    outer loop
      vertex   5.300000e+01 5.050510e+00 8.000000e+00
      vertex   5.300000e+01 -5.050510e+00 8.000000e+00
      vertex   5.300000e+01 5.050510e+00 -2.000000e+00
    endloop
  endfacet
  facet normal 1.000000e+00 0.000000e+00 0.000000e+00
    outer loop
      vertex   5.300000e+01 5.050510e+00 -2.000000e+00
      vertex   5.300000e+01 -5.050510e+00 8.000000e+00
      vertex   5.300000e+01 -5.050510e+00 -2.000000e+00
    endloop
  endfacet
  facet normal 1.000000e+00 0.000000e+00 0.000000e+00
    outer loop
      vertex   5.300000e+01 9.949490e+00 -2.000000e+00
      vertex   5.300000e+01 1.800000e+01 -2.000000e+00
      vertex   5.300000e+01 9.949490e+00 8.000000e+00
    endloop
  endfacet
  facet normal 1.000000e+00 -0.000000e+00 0.000000e+00
    outer loop
      vertex   5.300000e+01 9.949490e+00 8.000000e+00
      vertex   5.300000e+01 1.800000e+01 -2.000000e+00
      vertex   5.300000e+01 1.800000e+01 8.000000e+00
    endloop
  endfacet
  facet normal 6.412703e-01 -7.673151e-01 2.726051e-16
    outer loop
      vertex   5.800000e+01 -9.949490e+00 -2.000000e+00
      vertex   5.800000e+01 -9.949490e+00 8.000000e+00
      vertex   5.746671e+01 -1.039518e+01 -2.000000e+00
    endloop
  endfacet
  facet normal 6.412703e-01 -7.673151e-01 2.726051e-16
    outer loop
      vertex   5.746671e+01 -1.039518e+01 -2.000000e+00
      vertex   5.800000e+01 -9.949490e+00 8.000000e+00
      vertex   5.746671e+01 -1.039518e+01 8.000000e+00
    endloop
  endfacet
  facet normal 4.770120e-01 -8.788968e-01 3.122469e-16
    outer loop
      vertex   5.746671e+01 -1.039518e+01 -2.000000e+00
      vertex   5.746671e+01 -1.039518e+01 8.000000e+00
      vertex   5.685587e+01 -1.072670e+01 -2.000000e+00
    endloop
  endfacet
  facet normal 4.770120e-01 -8.788968e-01 0.000000e+00
    outer loop
      vertex   5.685587e+01 -1.072670e+01 -2.000000e+00
      vertex   5.746671e+01 -1.039518e+01 8.000000e+00
      vertex   5.685587e+01 -1.072670e+01 8.000000e+00
    endloop
  endfacet
  facet normal 2.939446e-01 -9.558225e-01 0.000000e+00
    outer loop
      vertex   5.685587e+01 -1.072670e+01 -2.000000e+00
      vertex   5.685587e+01 -1.072670e+01 8.000000e+00
      vertex   5.619157e+01 -1.093100e+01 -2.000000e+00
    endloop
  endfacet
  facet normal 2.939446e-01 -9.558225e-01 0.000000e+00
    outer loop
      vertex   5.619157e+01 -1.093100e+01 -2.000000e+00
      vertex   5.685587e+01 -1.072670e+01 8.000000e+00
      vertex   5.619157e+01 -1.093100e+01 8.000000e+00
    endloop
  endfacet
  facet normal 9.928652e-02 -9.950589e-01 0.000000e+00
    outer loop
      vertex   5.619157e+01 -1.093100e+01 -2.000000e+00
      vertex   5.619157e+01 -1.093100e+01 8.000000e+00
      vertex   5.550000e+01 -1.100000e+01 -2.000000e+00
    endloop
  endfacet
  facet normal 9.928652e-02 -9.950589e-01 0.000000e+00
    outer loop
      vertex   5.550000e+01 -1.100000e+01 -2.000000e+00
      vertex   5.619157e+01 -1.093100e+01 8.000000e+00
      vertex   5.550000e+01 -1.100000e+01 8.000000e+00
    endloop
  endfacet
  facet normal -9.928652e-02 -9.950589e-01 0.000000e+00
    outer loop
      vertex   5.550000e+01 -1.100000e+01 -2.000000e+00
      vertex   5.550000e+01 -1.100000e+01 8.000000e+00
      vertex   5.480843e+01 -1.093100e+01 -2.000000e+00
    endloop
  endfacet
  facet normal -9.928652e-02 -9.950589e-01 0.000000e+00
    outer loop
      vertex   5.480843e+01 -1.093100e+01 -2.000000e+00
      vertex   5.550000e+01 -1.100000e+01 8.000000e+00
      vertex   5.480843e+01 -1.093100e+01 8.000000e+00
    endloop
  endfacet
  facet normal -2.939446e-01 -9.558225e-01 0.000000e+00
    outer loop
      vertex   5.480843e+01 -1.093100e+01 -2.000000e+00
      vertex   5.480843e+01 -1.093100e+01 8.000000e+00
      vertex   5.414413e+01 -1.072670e+01 -2.000000e+00
    endloop
  endfacet
  facet normal -2.939446e-01 -9.558225e-01 0.000000e+00
    outer loop
      vertex   5.414413e+01 -1.072670e+01 -2.000000e+00
      vertex   5.480843e+01 -1.093100e+01 8.000000e+00
      vertex   5.414413e+01 -1.072670e+01 8.000000e+00
    endloop
  endfacet
  facet normal -4.770120e-01 -8.788968e-01 0.000000e+00
    outer loop
      vertex   5.414413e+01 -1.072670e+01 -2.000000e+00
      vertex   5.414413e+01 -1.072670e+01 8.000000e+00
      vertex   5.353329e+01 -1.039518e+01 -2.000000e+00
    endloop
  endfacet
  facet normal -4.770120e-01 -8.788968e-01 0.000000e+00
    outer loop
      vertex   5.353329e+01 -1.039518e+01 -2.000000e+00
      vertex   5.414413e+01 -1.072670e+01 8.000000e+00
      vertex   5.353329e+01 -1.039518e+01 8.000000e+00
    endloop
  endfacet
  facet normal -6.412703e-01 -7.673151e-01 0.000000e+00
    outer loop
      vertex   5.353329e+01 -1.039518e+01 -2.000000e+00
      vertex   5.353329e+01 -1.039518e+01 8.000000e+00
      vertex   5.300000e+01 -9.949490e+00 -2.000000e+00
    endloop
  endfacet
  facet normal -6.412703e-01 -7.673151e-01 0.000000e+00
    outer loop
      vertex   5.300000e+01 -9.949490e+00 -2.000000e+00
      vertex   5.353329e+01 -1.039518e+01 8.000000e+00
      vertex   5.300000e+01 -9.949490e+00 8.000000e+00
    endloop
  endfacet
  facet normal 1.000000e+00 0.000000e+00 0.000000e+00
    outer loop
      vertex   5.300000e+01 -9.949490e+00 8.000000e+00
      vertex   5.300000e+01 -1.800000e+01 8.000000e+00
      vertex   5.300000e+01 -9.949490e+00 -2.000000e+00
    endloop
  endfacet
  facet normal 1.000000e+00 0.000000e+00 0.000000e+00
    outer loop
      vertex   5.300000e+01 -9.949490e+00 -2.000000e+00
      vertex   5.300000e+01 -1.800000e+01 8.000000e+00
      vertex   5.300000e+01 -1.800000e+01 -2.000000e+00
    endloop
  endfacet
  facet normal 0.000000e+00 0.000000e+00 -1.000000e+00
    outer loop
      vertex   5.300000e+01 9.949490e+00 8.000000e+00
      vertex   5.300000e+01 1.800000e+01 8.000000e+00
      vertex   5.353329e+01 1.039518e+01 8.000000e+00
    endloop
  endfacet
  facet normal 0.000000e+00 0.000000e+00 -1.000000e+00
    outer loop
      vertex   5.353329e+01 1.039518e+01 8.000000e+00
      vertex   5.300000e+01 1.800000e+01 8.000000e+00
      vertex   5.414413e+01 1.072670e+01 8.000000e+00
    endloop
  endfacet
  facet normal 0.000000e+00 0.000000e+00 -1.000000e+00
    outer loop
      vertex   5.414413e+01 1.072670e+01 8.000000e+00
      vertex   5.300000e+01 1.800000e+01 8.000000e+00
      vertex   5.480843e+01 1.093100e+01 8.000000e+00
    endloop
  endfacet
  facet normal 0.000000e+00 0.000000e+00 -1.000000e+00
    outer loop
      vertex   5.480843e+01 1.093100e+01 8.000000e+00
      vertex   5.300000e+01 1.800000e+01 8.000000e+00
      vertex   5.550000e+01 1.100000e+01 8.000000e+00
    endloop
  endfacet
  facet normal 0.000000e+00 0.000000e+00 -1.000000e+00
    outer loop
      vertex   5.550000e+01 1.100000e+01 8.000000e+00
      vertex   5.300000e+01 1.800000e+01 8.000000e+00
      vertex   5.800000e+01 1.800000e+01 8.000000e+00
    endloop
  endfacet
  facet normal 0.000000e+00 0.000000e+00 -1.000000e+00
    outer loop
      vertex   5.550000e+01 1.100000e+01 8.000000e+00
      vertex   5.800000e+01 1.800000e+01 8.000000e+00
      vertex   5.619157e+01 1.093100e+01 8.000000e+00
    endloop
  endfacet
  facet normal 0.000000e+00 0.000000e+00 -1.000000e+00
    outer loop
      vertex   5.619157e+01 1.093100e+01 8.000000e+00
      vertex   5.800000e+01 1.800000e+01 8.000000e+00
      vertex   5.685587e+01 1.072670e+01 8.000000e+00
    endloop
  endfacet
  facet normal 0.000000e+00 0.000000e+00 -1.000000e+00
    outer loop
      vertex   5.685587e+01 1.072670e+01 8.000000e+00
      vertex   5.800000e+01 1.800000e+01 8.000000e+00
      vertex   5.746671e+01 1.039518e+01 8.000000e+00
    endloop
  endfacet
  facet normal 0.000000e+00 0.000000e+00 -1.000000e+00
    outer loop
      vertex   5.746671e+01 1.039518e+01 8.000000e+00
      vertex   5.800000e+01 1.800000e+01 8.000000e+00
      vertex   5.800000e+01 9.949490e+00 8.000000e+00
    endloop
  endfacet
  facet normal 0.000000e+00 -0.000000e+00 -1.000000e+00
    outer loop
      vertex   5.800000e+01 5.050510e+00 8.000000e+00
      vertex   5.800000e+01 -5.050510e+00 8.000000e+00
      vertex   5.746671e+01 4.604824e+00 8.000000e+00
    endloop
  endfacet
  facet normal 0.000000e+00 0.000000e+00 -1.000000e+00
    outer loop
      vertex   5.746671e+01 4.604824e+00 8.000000e+00
      vertex   5.800000e+01 -5.050510e+00 8.000000e+00
      vertex   5.746671e+01 -4.604824e+00 8.000000e+00
    endloop
  endfacet
  facet normal 0.000000e+00 -0.000000e+00 -1.000000e+00
    outer loop
      vertex   5.746671e+01 4.604824e+00 8.000000e+00
      vertex   5.746671e+01 -4.604824e+00 8.000000e+00
      vertex   5.685587e+01 4.273298e+00 8.000000e+00
    endloop
  endfacet
  facet normal 0.000000e+00 0.000000e+00 -1.000000e+00
    outer loop
      vertex   5.685587e+01 4.273298e+00 8.000000e+00
      vertex   5.746671e+01 -4.604824e+00 8.000000e+00
      vertex   5.685587e+01 -4.273298e+00 8.000000e+00
    endloop
  endfacet
  facet normal 0.000000e+00 -0.000000e+00 -1.000000e+00
    outer loop
      vertex   5.685587e+01 4.273298e+00 8.000000e+00
      vertex   5.685587e+01 -4.273298e+00 8.000000e+00
      vertex   5.619157e+01 4.069005e+00 8.000000e+00
    endloop
  endfacet
  facet normal 0.000000e+00 0.000000e+00 -1.000000e+00
    outer loop
      vertex   5.619157e+01 4.069005e+00 8.000000e+00
      vertex   5.685587e+01 -4.273298e+00 8.000000e+00
      vertex   5.619157e+01 -4.069005e+00 8.000000e+00
    endloop
  endfacet
  facet normal 0.000000e+00 -0.000000e+00 -1.000000e+00
    outer loop
      vertex   5.619157e+01 4.069005e+00 8.000000e+00
      vertex   5.619157e+01 -4.069005e+00 8.000000e+00
      vertex   5.550000e+01 4.000000e+00 8.000000e+00
    endloop
  endfacet
  facet normal 0.000000e+00 0.000000e+00 -1.000000e+00
    outer loop
      vertex   5.550000e+01 4.000000e+00 8.000000e+00
      vertex   5.619157e+01 -4.069005e+00 8.000000e+00
      vertex   5.550000e+01 -4.000000e+00 8.000000e+00
    endloop
  endfacet
  facet normal 0.000000e+00 -0.000000e+00 -1.000000e+00
    outer loop
      vertex   5.550000e+01 4.000000e+00 8.000000e+00
      vertex   5.550000e+01 -4.000000e+00 8.000000e+00
      vertex   5.480843e+01 -4.069005e+00 8.000000e+00
    endloop
  endfacet
  facet normal -0.000000e+00 0.000000e+00 -1.000000e+00
    outer loop
      vertex   5.550000e+01 4.000000e+00 8.000000e+00
      vertex   5.480843e+01 -4.069005e+00 8.000000e+00
      vertex   5.480843e+01 4.069005e+00 8.000000e+00
    endloop
  endfacet
  facet normal 0.000000e+00 -0.000000e+00 -1.000000e+00
    outer loop
      vertex   5.480843e+01 4.069005e+00 8.000000e+00
      vertex   5.480843e+01 -4.069005e+00 8.000000e+00
      vertex   5.414413e+01 -4.273298e+00 8.000000e+00
    endloop
  endfacet
  facet normal -0.000000e+00 0.000000e+00 -1.000000e+00
    outer loop
      vertex   5.480843e+01 4.069005e+00 8.000000e+00
      vertex   5.414413e+01 -4.273298e+00 8.000000e+00
      vertex   5.414413e+01 4.273298e+00 8.000000e+00
    endloop
  endfacet
  facet normal 0.000000e+00 -0.000000e+00 -1.000000e+00
    outer loop
      vertex   5.414413e+01 4.273298e+00 8.000000e+00
      vertex   5.414413e+01 -4.273298e+00 8.000000e+00
      vertex   5.353329e+01 -4.604824e+00 8.000000e+00
    endloop
  endfacet
  facet normal -0.000000e+00 0.000000e+00 -1.000000e+00
    outer loop
      vertex   5.414413e+01 4.273298e+00 8.000000e+00
      vertex   5.353329e+01 -4.604824e+00 8.000000e+00
      vertex   5.353329e+01 4.604824e+00 8.000000e+00
    endloop
  endfacet
  facet normal 0.000000e+00 -0.000000e+00 -1.000000e+00
    outer loop
      vertex   5.353329e+01 4.604824e+00 8.000000e+00
      vertex   5.353329e+01 -4.604824e+00 8.000000e+00
      vertex   5.300000e+01 -5.050510e+00 8.000000e+00
    endloop
  endfacet
  facet normal -0.000000e+00 0.000000e+00 -1.000000e+00
    outer loop
      vertex   5.353329e+01 4.604824e+00 8.000000e+00
      vertex   5.300000e+01 -5.050510e+00 8.000000e+00
      vertex   5.300000e+01 5.050510e+00 8.000000e+00
    endloop
  endfacet
  facet normal 5.632782e-02 9.984078e-01 3.004758e-03
    outer loop
      vertex   -5.513521e+01 -1.799695e+01 -2.000000e+00
      vertex   -5.566756e+01 -1.792478e+01 -1.600000e+01
      vertex   -5.520273e+01 -1.799314e+01 -2.000000e+00
    endloop
  endfacet
  facet normal 1.454962e-01 9.893588e-01 0.000000e+00
    outer loop
      vertex   -5.520273e+01 -1.799314e+01 -2.000000e+00
      vertex   -5.566756e+01 -1.792478e+01 -1.600000e+01
      vertex   -5.566756e+01 -1.792478e+01 -4.000000e+00
    endloop
  endfacet
  facet normal 1.454962e-01 9.893588e-01 -2.067625e-16
    outer loop
      vertex   -5.520273e+01 -1.799314e+01 -2.000000e+00
      vertex   -5.566756e+01 -1.792478e+01 -4.000000e+00
      vertex   -5.520273e+01 -1.799314e+01 8.000000e+00
    endloop
  endfacet
  facet normal 1.741066e-01 9.847262e-01 -1.134635e-03
    outer loop
      vertex   -5.520273e+01 -1.799314e+01 8.000000e+00
      vertex   -5.566756e+01 -1.792478e+01 -4.000000e+00
      vertex   -5.583589e+01 -1.788120e+01 8.000000e+00
    endloop
  endfacet
  facet normal 3.302788e-01 9.438826e-01 1.204403e-03
    outer loop
      vertex   -5.583589e+01 -1.788120e+01 8.000000e+00
      vertex   -5.566756e+01 -1.792478e+01 -4.000000e+00
      vertex   -5.630165e+01 -1.770291e+01 -4.000000e+00
    endloop
  endfacet
  facet normal 3.799446e-01 9.250087e-01 -1.003713e-03
    outer loop
      vertex   -5.583589e+01 -1.788120e+01 8.000000e+00
      vertex   -5.630165e+01 -1.770291e+01 -4.000000e+00
      vertex   -5.643065e+01 -1.763690e+01 8.000000e+00
    endloop
  endfacet
  facet normal 5.320318e-01 8.467237e-01 1.061832e-03
    outer loop
      vertex   -5.643065e+01 -1.763690e+01 8.000000e+00
      vertex   -5.630165e+01 -1.770291e+01 -4.000000e+00
      vertex   -5.687047e+01 -1.734549e+01 -4.000000e+00
    endloop
  endfacet
  facet normal 5.683298e-01 8.228004e-01 -8.494952e-04
    outer loop
      vertex   -5.643065e+01 -1.763690e+01 8.000000e+00
      vertex   -5.687047e+01 -1.734549e+01 -4.000000e+00
      vertex   -5.695969e+01 -1.727148e+01 8.000000e+00
    endloop
  endfacet
  facet normal 7.071065e-01 7.071065e-01 8.959723e-04
    outer loop
      vertex   -5.695969e+01 -1.727148e+01 8.000000e+00
      vertex   -5.687047e+01 -1.734549e+01 -4.000000e+00
      vertex   -5.734549e+01 -1.687047e+01 -4.000000e+00
    endloop
  endfacet
  facet normal 7.306085e-01 6.827963e-01 -6.719976e-04
    outer loop
      vertex   -5.695969e+01 -1.727148e+01 8.000000e+00
      vertex   -5.734549e+01 -1.687047e+01 -4.000000e+00
      vertex   -5.739872e+01 -1.680171e+01 8.000000e+00
    endloop
  endfacet
  facet normal 8.467240e-01 5.320319e-01 7.068407e-04
    outer loop
      vertex   -5.739872e+01 -1.680171e+01 8.000000e+00
      vertex   -5.734549e+01 -1.687047e+01 -4.000000e+00
      vertex   -5.770291e+01 -1.630165e+01 -4.000000e+00
    endloop
  endfacet
  facet normal 8.593263e-01 5.114276e-01 -4.712364e-04
    outer loop
      vertex   -5.739872e+01 -1.680171e+01 8.000000e+00
      vertex   -5.770291e+01 -1.630165e+01 -4.000000e+00
      vertex   -5.772755e+01 -1.624918e+01 8.000000e+00
    endloop
  endfacet
  facet normal 9.438832e-01 3.302790e-01 4.944546e-04
    outer loop
      vertex   -5.772755e+01 -1.624918e+01 8.000000e+00
      vertex   -5.770291e+01 -1.630165e+01 -4.000000e+00
      vertex   -5.792478e+01 -1.566756e+01 -4.000000e+00
    endloop
  endfacet
  facet normal 9.485704e-01 3.165661e-01 -2.472302e-04
    outer loop
      vertex   -5.772755e+01 -1.624918e+01 8.000000e+00
      vertex   -5.792478e+01 -1.566756e+01 -4.000000e+00
      vertex   -5.793110e+01 -1.563927e+01 8.000000e+00
    endloop
  endfacet
  facet normal 9.942414e-01 1.071629e-01 2.704311e-04
    outer loop
      vertex   -5.793110e+01 -1.563927e+01 8.000000e+00
      vertex   -5.792478e+01 -1.566756e+01 -4.000000e+00
      vertex   -5.800000e+01 -1.500000e+01 8.000000e+00
    endloop
  endfacet
  facet normal 9.937122e-01 1.119645e-01 0.000000e+00
    outer loop
      vertex   -5.800000e+01 -1.500000e+01 8.000000e+00
      vertex   -5.792478e+01 -1.566756e+01 -4.000000e+00
      vertex   -5.792478e+01 -1.566756e+01 -1.600000e+01
    endloop
  endfacet
  facet normal 9.937122e-01 1.119645e-01 0.000000e+00
    outer loop
      vertex   -5.800000e+01 -1.500000e+01 8.000000e+00
      vertex   -5.792478e+01 -1.566756e+01 -1.600000e+01
      vertex   -5.800000e+01 -1.500000e+01 -4.000000e+01
    endloop
  endfacet
  facet normal 9.937122e-01 1.119645e-01 0.000000e+00
    outer loop
      vertex   -5.800000e+01 -1.500000e+01 -4.000000e+01
      vertex   -5.792478e+01 -1.566756e+01 -1.600000e+01
      vertex   -5.792478e+01 -1.566756e+01 -2.800000e+01
    endloop
  endfacet
  facet normal 9.937122e-01 1.119645e-01 0.000000e+00
    outer loop
      vertex   -5.800000e+01 -1.500000e+01 -4.000000e+01
      vertex   -5.792478e+01 -1.566756e+01 -2.800000e+01
      vertex   -5.792478e+01 -1.566756e+01 -4.000000e+01
    endloop
  endfacet
  facet normal 9.438833e-01 3.302791e-01 -0.000000e+00
    outer loop
      vertex   -5.792478e+01 -1.566756e+01 -4.000000e+01
      vertex   -5.792478e+01 -1.566756e+01 -2.800000e+01
      vertex   -5.770291e+01 -1.630165e+01 -4.000000e+01
    endloop
  endfacet
  facet normal 9.438833e-01 3.302791e-01 -0.000000e+00
    outer loop
      vertex   -5.770291e+01 -1.630165e+01 -4.000000e+01
      vertex   -5.792478e+01 -1.566756e+01 -2.800000e+01
      vertex   -5.770291e+01 -1.630165e+01 -2.800000e+01
    endloop
  endfacet
  facet normal 8.467242e-01 5.320321e-01 -0.000000e+00
    outer loop
      vertex   -5.770291e+01 -1.630165e+01 -4.000000e+01
      vertex   -5.770291e+01 -1.630165e+01 -2.800000e+01
      vertex   -5.734549e+01 -1.687047e+01 -4.000000e+01
    endloop
  endfacet
  facet normal 8.467242e-01 5.320321e-01 -1.575131e-16
    outer loop
      vertex   -5.734549e+01 -1.687047e+01 -4.000000e+01
      vertex   -5.770291e+01 -1.630165e+01 -2.800000e+01
      vertex   -5.734549e+01 -1.687047e+01 -2.800000e+01
    endloop
  endfacet
  facet normal 7.071068e-01 7.071068e-01 -2.093457e-16
    outer loop
      vertex   -5.734549e+01 -1.687047e+01 -4.000000e+01
      vertex   -5.734549e+01 -1.687047e+01 -2.800000e+01
      vertex   -5.687047e+01 -1.734549e+01 -4.000000e+01
    endloop
  endfacet
  facet normal 7.071068e-01 7.071068e-01 -0.000000e+00
    outer loop
      vertex   -5.687047e+01 -1.734549e+01 -4.000000e+01
      vertex   -5.734549e+01 -1.687047e+01 -2.800000e+01
      vertex   -5.687047e+01 -1.734549e+01 -2.800000e+01
    endloop
  endfacet
  facet normal 5.320321e-01 8.467242e-01 -0.000000e+00
    outer loop
      vertex   -5.687047e+01 -1.734549e+01 -4.000000e+01
      vertex   -5.687047e+01 -1.734549e+01 -2.800000e+01
      vertex   -5.630165e+01 -1.770291e+01 -4.000000e+01
    endloop
  endfacet
  facet normal 5.320321e-01 8.467242e-01 -2.506807e-16
    outer loop
      vertex   -5.630165e+01 -1.770291e+01 -4.000000e+01
      vertex   -5.687047e+01 -1.734549e+01 -2.800000e+01
      vertex   -5.630165e+01 -1.770291e+01 -2.800000e+01
    endloop
  endfacet
  facet normal 3.302791e-01 9.438833e-01 -2.794456e-16
    outer loop
      vertex   -5.630165e+01 -1.770291e+01 -4.000000e+01
      vertex   -5.630165e+01 -1.770291e+01 -2.800000e+01
      vertex   -5.566756e+01 -1.792478e+01 -4.000000e+01
    endloop
  endfacet
  facet normal 3.302791e-01 9.438833e-01 -2.794456e-16
    outer loop
      vertex   -5.566756e+01 -1.792478e+01 -4.000000e+01
      vertex   -5.630165e+01 -1.770291e+01 -2.800000e+01
      vertex   -5.566756e+01 -1.792478e+01 -2.800000e+01
    endloop
  endfacet
  facet normal 1.119645e-01 9.937122e-01 -2.941979e-16
    outer loop
      vertex   -5.566756e+01 -1.792478e+01 -4.000000e+01
      vertex   -5.566756e+01 -1.792478e+01 -2.800000e+01
      vertex   -5.500000e+01 -1.800000e+01 -4.000000e+01
    endloop
  endfacet
  facet normal 1.119645e-01 9.937122e-01 0.000000e+00
    outer loop
      vertex   -5.500000e+01 -1.800000e+01 -4.000000e+01
      vertex   -5.566756e+01 -1.792478e+01 -2.800000e+01
      vertex   -5.566756e+01 -1.792478e+01 -1.600000e+01
    endloop
  endfacet
  facet normal 1.187575e-01 9.929233e-01 1.914200e-04
    outer loop
      vertex   -5.500000e+01 -1.800000e+01 -4.000000e+01
      vertex   -5.566756e+01 -1.792478e+01 -1.600000e+01
      vertex   -5.506762e+01 -1.799924e+01 -2.000000e+00
    endloop
  endfacet
  facet normal 3.380805e-02 9.994209e-01 3.866294e-03
    outer loop
      vertex   -5.506762e+01 -1.799924e+01 -2.000000e+00
      vertex   -5.566756e+01 -1.792478e+01 -1.600000e+01
      vertex   -5.513521e+01 -1.799695e+01 -2.000000e+00
    endloop
  endfacet
  facet normal 1.127134e-02 9.999365e-01 0.000000e+00
    outer loop
      vertex   -5.506762e+01 -1.799924e+01 -2.000000e+00
      vertex   -5.500000e+01 -1.800000e+01 -2.000000e+00
      vertex   -5.500000e+01 -1.800000e+01 -4.000000e+01
    endloop
  endfacet
  facet normal 3.302791e-01 9.438833e-01 0.000000e+00
    outer loop
      vertex   -5.630165e+01 -1.770291e+01 -4.000000e+00
      vertex   -5.566756e+01 -1.792478e+01 -4.000000e+00
      vertex   -5.566756e+01 -1.792478e+01 -1.600000e+01
    endloop
  endfacet
  facet normal 3.302791e-01 9.438833e-01 0.000000e+00
    outer loop
      vertex   -5.566756e+01 -1.792478e+01 -1.600000e+01
      vertex   -5.566756e+01 -1.792478e+01 -2.800000e+01
      vertex   -5.630165e+01 -1.770291e+01 -1.600000e+01
    endloop
  endfacet
  facet normal 3.302791e-01 9.438833e-01 0.000000e+00
    outer loop
      vertex   -5.630165e+01 -1.770291e+01 -1.600000e+01
      vertex   -5.566756e+01 -1.792478e+01 -2.800000e+01
      vertex   -5.630165e+01 -1.770291e+01 -2.800000e+01
    endloop
  endfacet
  facet normal 5.320321e-01 8.467242e-01 0.000000e+00
    outer loop
      vertex   -5.630165e+01 -1.770291e+01 -1.600000e+01
      vertex   -5.630165e+01 -1.770291e+01 -2.800000e+01
      vertex   -5.687047e+01 -1.734549e+01 -1.600000e+01
    endloop
  endfacet
  facet normal 5.320321e-01 8.467242e-01 0.000000e+00
    outer loop
      vertex   -5.687047e+01 -1.734549e+01 -1.600000e+01
      vertex   -5.630165e+01 -1.770291e+01 -2.800000e+01
      vertex   -5.687047e+01 -1.734549e+01 -2.800000e+01
    endloop
  endfacet
  facet normal 7.071068e-01 7.071068e-01 0.000000e+00
    outer loop
      vertex   -5.687047e+01 -1.734549e+01 -1.600000e+01
      vertex   -5.687047e+01 -1.734549e+01 -2.800000e+01
      vertex   -5.734549e+01 -1.687047e+01 -1.600000e+01
    endloop
  endfacet
  facet normal 7.071068e-01 7.071068e-01 0.000000e+00
    outer loop
      vertex   -5.734549e+01 -1.687047e+01 -1.600000e+01
      vertex   -5.687047e+01 -1.734549e+01 -2.800000e+01
      vertex   -5.734549e+01 -1.687047e+01 -2.800000e+01
    endloop
  endfacet
  facet normal 8.467242e-01 5.320321e-01 0.000000e+00
    outer loop
      vertex   -5.734549e+01 -1.687047e+01 -1.600000e+01
      vertex   -5.734549e+01 -1.687047e+01 -2.800000e+01
      vertex   -5.770291e+01 -1.630165e+01 -1.600000e+01
    endloop
  endfacet
  facet normal 8.467242e-01 5.320321e-01 0.000000e+00
    outer loop
      vertex   -5.770291e+01 -1.630165e+01 -1.600000e+01
      vertex   -5.734549e+01 -1.687047e+01 -2.800000e+01
      vertex   -5.770291e+01 -1.630165e+01 -2.800000e+01
    endloop
  endfacet
  facet normal 9.438833e-01 3.302791e-01 0.000000e+00
    outer loop
      vertex   -5.770291e+01 -1.630165e+01 -1.600000e+01
      vertex   -5.770291e+01 -1.630165e+01 -2.800000e+01
      vertex   -5.792478e+01 -1.566756e+01 -1.600000e+01
    endloop
  endfacet
  facet normal 9.438833e-01 3.302791e-01 0.000000e+00
    outer loop
      vertex   -5.792478e+01 -1.566756e+01 -1.600000e+01
      vertex   -5.770291e+01 -1.630165e+01 -2.800000e+01
      vertex   -5.792478e+01 -1.566756e+01 -2.800000e+01
    endloop
  endfacet
  facet normal 5.320321e-01 8.467242e-01 2.513393e-16
    outer loop
      vertex   -5.687047e+01 -1.734549e+01 -4.000000e+00
      vertex   -5.630165e+01 -1.770291e+01 -4.000000e+00
      vertex   -5.630165e+01 -1.770291e+01 -1.600000e+01
    endloop
  endfacet
  facet normal 3.302791e-01 9.438833e-01 2.794456e-16
    outer loop
      vertex   -5.630165e+01 -1.770291e+01 -1.600000e+01
      vertex   -5.630165e+01 -1.770291e+01 -4.000000e+00
      vertex   -5.566756e+01 -1.792478e+01 -1.600000e+01
    endloop
  endfacet
  facet normal 5.320321e-01 8.467242e-01 0.000000e+00
    outer loop
      vertex   -5.687047e+01 -1.734549e+01 -4.000000e+00
      vertex   -5.630165e+01 -1.770291e+01 -1.600000e+01
      vertex   -5.687047e+01 -1.734549e+01 -1.600000e+01
    endloop
  endfacet
  facet normal 7.071068e-01 7.071068e-01 0.000000e+00
    outer loop
      vertex   -5.734549e+01 -1.687047e+01 -4.000000e+00
      vertex   -5.687047e+01 -1.734549e+01 -4.000000e+00
      vertex   -5.687047e+01 -1.734549e+01 -1.600000e+01
    endloop
  endfacet
  facet normal 7.071068e-01 7.071068e-01 2.093457e-16
    outer loop
      vertex   -5.734549e+01 -1.687047e+01 -4.000000e+00
      vertex   -5.687047e+01 -1.734549e+01 -1.600000e+01
      vertex   -5.734549e+01 -1.687047e+01 -1.600000e+01
    endloop
  endfacet
  facet normal 8.467242e-01 5.320321e-01 1.549352e-16
    outer loop
      vertex   -5.770291e+01 -1.630165e+01 -4.000000e+00
      vertex   -5.734549e+01 -1.687047e+01 -4.000000e+00
      vertex   -5.734549e+01 -1.687047e+01 -1.600000e+01
    endloop
  endfacet
  facet normal 8.467242e-01 5.320321e-01 0.000000e+00
    outer loop
      vertex   -5.770291e+01 -1.630165e+01 -4.000000e+00
      vertex   -5.734549e+01 -1.687047e+01 -1.600000e+01
      vertex   -5.770291e+01 -1.630165e+01 -1.600000e+01
    endloop
  endfacet
  facet normal 9.438833e-01 3.302791e-01 0.000000e+00
    outer loop
      vertex   -5.792478e+01 -1.566756e+01 -4.000000e+00
      vertex   -5.770291e+01 -1.630165e+01 -4.000000e+00
      vertex   -5.770291e+01 -1.630165e+01 -1.600000e+01
    endloop
  endfacet
  facet normal 9.438833e-01 3.302791e-01 0.000000e+00
    outer loop
      vertex   -5.792478e+01 -1.566756e+01 -4.000000e+00
      vertex   -5.770291e+01 -1.630165e+01 -1.600000e+01
      vertex   -5.792478e+01 -1.566756e+01 -1.600000e+01
    endloop
  endfacet
  facet normal -9.981164e-01 -6.134481e-02 -6.780035e-04
    outer loop
      vertex   -5.300362e+01 1.524828e+01 0.000000e+00
      vertex   -5.300000e+01 1.510102e+01 8.000000e+00
      vertex   -5.300814e+01 1.532180e+01 0.000000e+00
    endloop
  endfacet
  facet normal -9.941194e-01 -1.082712e-01 -1.977121e-03
    outer loop
      vertex   -5.300814e+01 1.532180e+01 0.000000e+00
      vertex   -5.300000e+01 1.510102e+01 8.000000e+00
      vertex   -5.307034e+01 1.574683e+01 8.000000e+00
    endloop
  endfacet
  facet normal -9.894605e-01 -1.448032e-01 -0.000000e+00
    outer loop
      vertex   -5.300814e+01 1.532180e+01 0.000000e+00
      vertex   -5.307034e+01 1.574683e+01 8.000000e+00
      vertex   -5.300814e+01 1.532180e+01 -2.000000e+00
    endloop
  endfacet
  facet normal -9.845501e-01 -1.750983e-01 1.318173e-03
    outer loop
      vertex   -5.300814e+01 1.532180e+01 -2.000000e+00
      vertex   -5.307034e+01 1.574683e+01 8.000000e+00
      vertex   -5.311547e+01 1.592533e+01 -2.000000e+00
    endloop
  endfacet
  facet normal -9.475053e-01 -3.197370e-01 -1.430877e-03
    outer loop
      vertex   -5.311547e+01 1.592533e+01 -2.000000e+00
      vertex   -5.307034e+01 1.574683e+01 8.000000e+00
      vertex   -5.327805e+01 1.636236e+01 8.000000e+00
    endloop
  endfacet
  facet normal -9.284052e-01 -3.715677e-01 1.144767e-03
    outer loop
      vertex   -5.311547e+01 1.592533e+01 -2.000000e+00
      vertex   -5.327805e+01 1.636236e+01 8.000000e+00
      vertex   -5.334324e+01 1.649445e+01 -2.000000e+00
    endloop
  endfacet
  facet normal -8.564611e-01 -5.162101e-01 -1.234892e-03
    outer loop
      vertex   -5.334324e+01 1.649445e+01 -2.000000e+00
      vertex   -5.327805e+01 1.636236e+01 8.000000e+00
      vertex   -5.361339e+01 1.691874e+01 8.000000e+00
    endloop
  endfacet
  facet normal -8.334970e-01 -5.525232e-01 9.262100e-04
    outer loop
      vertex   -5.334324e+01 1.649445e+01 -2.000000e+00
      vertex   -5.361339e+01 1.691874e+01 8.000000e+00
      vertex   -5.368194e+01 1.700539e+01 -2.000000e+00
    endloop
  endfacet
  facet normal -7.252568e-01 -6.884778e-01 -9.937719e-04
    outer loop
      vertex   -5.368194e+01 1.700539e+01 -2.000000e+00
      vertex   -5.361339e+01 1.691874e+01 8.000000e+00
      vertex   -5.406065e+01 1.738989e+01 8.000000e+00
    endloop
  endfacet
  facet normal -7.037882e-01 -7.104096e-01 6.625356e-04
    outer loop
      vertex   -5.368194e+01 1.700539e+01 -2.000000e+00
      vertex   -5.406065e+01 1.738989e+01 8.000000e+00
      vertex   -5.411742e+01 1.743681e+01 -2.000000e+00
    endloop
  endfacet
  facet normal -5.600445e-01 -8.284623e-01 -7.075534e-04
    outer loop
      vertex   -5.411742e+01 1.743681e+01 -2.000000e+00
      vertex   -5.406065e+01 1.738989e+01 8.000000e+00
      vertex   -5.459884e+01 1.775371e+01 8.000000e+00
    endloop
  endfacet
  facet normal -5.446943e-01 -8.386346e-01 3.537834e-04
    outer loop
      vertex   -5.411742e+01 1.743681e+01 -2.000000e+00
      vertex   -5.459884e+01 1.775371e+01 8.000000e+00
      vertex   -5.463151e+01 1.777071e+01 -2.000000e+00
    endloop
  endfacet
  facet normal -3.685711e-01 -9.295995e-01 -3.762794e-04
    outer loop
      vertex   -5.463151e+01 1.777071e+01 -2.000000e+00
      vertex   -5.459884e+01 1.775371e+01 8.000000e+00
      vertex   -5.520273e+01 1.799314e+01 8.000000e+00
    endloop
  endfacet
  facet normal -3.628580e-01 -9.318444e-01 0.000000e+00
    outer loop
      vertex   -5.463151e+01 1.777071e+01 -2.000000e+00
      vertex   -5.520273e+01 1.799314e+01 8.000000e+00
      vertex   -5.520273e+01 1.799314e+01 -2.000000e+00
    endloop
  endfacet
  facet normal -9.993218e-01 -3.682169e-02 -2.260466e-04
    outer loop
      vertex   -5.300362e+01 1.524828e+01 0.000000e+00
      vertex   -5.300090e+01 1.517467e+01 0.000000e+00
      vertex   -5.300000e+01 1.510102e+01 8.000000e+00
    endloop
  endfacet
  facet normal -9.999246e-01 -1.227636e-02 -0.000000e+00
    outer loop
      vertex   -5.300000e+01 1.510102e+01 8.000000e+00
      vertex   -5.300090e+01 1.517467e+01 0.000000e+00
      vertex   -5.300000e+01 1.510102e+01 0.000000e+00
    endloop
  endfacet
  facet normal -0.000000e+00 -0.000000e+00 -1.000000e+00
    outer loop
      vertex   -5.459884e+01 1.775371e+01 8.000000e+00
      vertex   -5.459884e+01 -1.775371e+01 8.000000e+00
      vertex   -5.520273e+01 1.799314e+01 8.000000e+00
    endloop
  endfacet
  facet normal 0.000000e+00 -0.000000e+00 -1.000000e+00
    outer loop
      vertex   -5.520273e+01 1.799314e+01 8.000000e+00
      vertex   -5.459884e+01 -1.775371e+01 8.000000e+00
      vertex   -5.583589e+01 -1.788120e+01 8.000000e+00
    endloop
  endfacet
  facet normal 0.000000e+00 0.000000e+00 -1.000000e+00
    outer loop
      vertex   -5.520273e+01 1.799314e+01 8.000000e+00
      vertex   -5.583589e+01 -1.788120e+01 8.000000e+00
      vertex   -5.583589e+01 1.788120e+01 8.000000e+00
    endloop
  endfacet
  facet normal 0.000000e+00 -0.000000e+00 -1.000000e+00
    outer loop
      vertex   -5.583589e+01 1.788120e+01 8.000000e+00
      vertex   -5.583589e+01 -1.788120e+01 8.000000e+00
      vertex   -5.643065e+01 -1.763690e+01 8.000000e+00
    endloop
  endfacet
  facet normal 0.000000e+00 0.000000e+00 -1.000000e+00
    outer loop
      vertex   -5.583589e+01 1.788120e+01 8.000000e+00
      vertex   -5.643065e+01 -1.763690e+01 8.000000e+00
      vertex   -5.643065e+01 1.763690e+01 8.000000e+00
    endloop
  endfacet
  facet normal 0.000000e+00 -0.000000e+00 -1.000000e+00
    outer loop
      vertex   -5.643065e+01 1.763690e+01 8.000000e+00
      vertex   -5.643065e+01 -1.763690e+01 8.000000e+00
      vertex   -5.695969e+01 -1.727148e+01 8.000000e+00
    endloop
  endfacet
  facet normal 0.000000e+00 0.000000e+00 -1.000000e+00
    outer loop
      vertex   -5.643065e+01 1.763690e+01 8.000000e+00
      vertex   -5.695969e+01 -1.727148e+01 8.000000e+00
      vertex   -5.695969e+01 1.727148e+01 8.000000e+00
    endloop
  endfacet
  facet normal 0.000000e+00 -0.000000e+00 -1.000000e+00
    outer loop
      vertex   -5.695969e+01 1.727148e+01 8.000000e+00
      vertex   -5.695969e+01 -1.727148e+01 8.000000e+00
      vertex   -5.739872e+01 -1.680171e+01 8.000000e+00
    endloop
  endfacet
  facet normal 0.000000e+00 0.000000e+00 -1.000000e+00
    outer loop
      vertex   -5.695969e+01 1.727148e+01 8.000000e+00
      vertex   -5.739872e+01 -1.680171e+01 8.000000e+00
      vertex   -5.800000e+01 -1.500000e+01 8.000000e+00
    endloop
  endfacet
  facet normal 0.000000e+00 0.000000e+00 -1.000000e+00
    outer loop
      vertex   -5.800000e+01 -1.500000e+01 8.000000e+00
      vertex   -5.739872e+01 -1.680171e+01 8.000000e+00
      vertex   -5.772755e+01 -1.624918e+01 8.000000e+00
    endloop
  endfacet
  facet normal 0.000000e+00 0.000000e+00 -1.000000e+00
    outer loop
      vertex   -5.800000e+01 -1.500000e+01 8.000000e+00
      vertex   -5.772755e+01 -1.624918e+01 8.000000e+00
      vertex   -5.793110e+01 -1.563927e+01 8.000000e+00
    endloop
  endfacet
  facet normal 0.000000e+00 0.000000e+00 -1.000000e+00
    outer loop
      vertex   -5.459884e+01 -1.775371e+01 8.000000e+00
      vertex   -5.459884e+01 1.775371e+01 8.000000e+00
      vertex   -5.406065e+01 -1.738989e+01 8.000000e+00
    endloop
  endfacet
  facet normal 0.000000e+00 0.000000e+00 -1.000000e+00
    outer loop
      vertex   -5.406065e+01 -1.738989e+01 8.000000e+00
      vertex   -5.459884e+01 1.775371e+01 8.000000e+00
      vertex   -5.406065e+01 1.738989e+01 8.000000e+00
    endloop
  endfacet
  facet normal 0.000000e+00 0.000000e+00 -1.000000e+00
    outer loop
      vertex   -5.406065e+01 -1.738989e+01 8.000000e+00
      vertex   -5.406065e+01 1.738989e+01 8.000000e+00
      vertex   -5.361339e+01 -1.691874e+01 8.000000e+00
    endloop
  endfacet
  facet normal 0.000000e+00 0.000000e+00 -1.000000e+00
    outer loop
      vertex   -5.361339e+01 -1.691874e+01 8.000000e+00
      vertex   -5.406065e+01 1.738989e+01 8.000000e+00
      vertex   -5.300000e+01 -1.510102e+01 8.000000e+00
    endloop
  endfacet
  facet normal 0.000000e+00 0.000000e+00 -1.000000e+00
    outer loop
      vertex   -5.361339e+01 -1.691874e+01 8.000000e+00
      vertex   -5.300000e+01 -1.510102e+01 8.000000e+00
      vertex   -5.327805e+01 -1.636236e+01 8.000000e+00
    endloop
  endfacet
  facet normal 0.000000e+00 0.000000e+00 -1.000000e+00
    outer loop
      vertex   -5.327805e+01 -1.636236e+01 8.000000e+00
      vertex   -5.300000e+01 -1.510102e+01 8.000000e+00
      vertex   -5.307034e+01 -1.574683e+01 8.000000e+00
    endloop
  endfacet
  facet normal 0.000000e+00 0.000000e+00 -1.000000e+00
    outer loop
      vertex   -5.406065e+01 1.738989e+01 8.000000e+00
      vertex   -5.361339e+01 1.691874e+01 8.000000e+00
      vertex   -5.300000e+01 -1.510102e+01 8.000000e+00
    endloop
  endfacet
  facet normal 0.000000e+00 0.000000e+00 -1.000000e+00
    outer loop
      vertex   -5.300000e+01 -1.510102e+01 8.000000e+00
      vertex   -5.361339e+01 1.691874e+01 8.000000e+00
      vertex   -5.300000e+01 1.510102e+01 8.000000e+00
    endloop
  endfacet
  facet normal 0.000000e+00 0.000000e+00 -1.000000e+00
    outer loop
      vertex   -5.300000e+01 1.510102e+01 8.000000e+00
      vertex   -5.361339e+01 1.691874e+01 8.000000e+00
      vertex   -5.327805e+01 1.636236e+01 8.000000e+00
    endloop
  endfacet
  facet normal 0.000000e+00 0.000000e+00 -1.000000e+00
    outer loop
      vertex   -5.300000e+01 1.510102e+01 8.000000e+00
      vertex   -5.327805e+01 1.636236e+01 8.000000e+00
      vertex   -5.307034e+01 1.574683e+01 8.000000e+00
    endloop
  endfacet
  facet normal 0.000000e+00 0.000000e+00 -1.000000e+00
    outer loop
      vertex   -5.459884e+01 -1.775371e+01 8.000000e+00
      vertex   -5.520273e+01 -1.799314e+01 8.000000e+00
      vertex   -5.583589e+01 -1.788120e+01 8.000000e+00
    endloop
  endfacet
  facet normal 0.000000e+00 0.000000e+00 -1.000000e+00
    outer loop
      vertex   -5.695969e+01 1.727148e+01 8.000000e+00
      vertex   -5.800000e+01 -1.500000e+01 8.000000e+00
      vertex   -5.739872e+01 1.680171e+01 8.000000e+00
    endloop
  endfacet
  facet normal 0.000000e+00 0.000000e+00 -1.000000e+00
    outer loop
      vertex   -5.739872e+01 1.680171e+01 8.000000e+00
      vertex   -5.800000e+01 -1.500000e+01 8.000000e+00
      vertex   -5.800000e+01 1.500000e+01 8.000000e+00
    endloop
  endfacet
  facet normal 0.000000e+00 0.000000e+00 -1.000000e+00
    outer loop
      vertex   -5.739872e+01 1.680171e+01 8.000000e+00
      vertex   -5.800000e+01 1.500000e+01 8.000000e+00
      vertex   -5.772755e+01 1.624918e+01 8.000000e+00
    endloop
  endfacet
  facet normal 0.000000e+00 0.000000e+00 -1.000000e+00
    outer loop
      vertex   -5.772755e+01 1.624918e+01 8.000000e+00
      vertex   -5.800000e+01 1.500000e+01 8.000000e+00
      vertex   -5.793110e+01 1.563927e+01 8.000000e+00
    endloop
  endfacet
  facet normal 4.934325e-16 1.000000e+00 0.000000e+00
    outer loop
      vertex   -5.500000e+01 -1.800000e+01 -2.000000e+00
      vertex   5.300000e+01 -1.800000e+01 -2.000000e+00
      vertex   -5.500000e+01 -1.800000e+01 -4.000000e+01
    endloop
  endfacet
  facet normal 5.030391e-16 1.000000e+00 -2.730311e-17
    outer loop
      vertex   -5.500000e+01 -1.800000e+01 -4.000000e+01
      vertex   5.300000e+01 -1.800000e+01 -2.000000e+00
      vertex   5.800000e+01 -1.800000e+01 -4.000000e+01
    endloop
  endfacet
  facet normal 7.105427e-16 1.000000e+00 -0.000000e+00
    outer loop
      vertex   5.800000e+01 -1.800000e+01 -4.000000e+01
      vertex   5.300000e+01 -1.800000e+01 -2.000000e+00
      vertex   5.800000e+01 -1.800000e+01 8.000000e+00
    endloop
  endfacet
  facet normal 7.105427e-16 1.000000e+00 0.000000e+00
    outer loop
      vertex   5.800000e+01 -1.800000e+01 8.000000e+00
      vertex   5.300000e+01 -1.800000e+01 -2.000000e+00
      vertex   5.300000e+01 -1.800000e+01 8.000000e+00
    endloop
  endfacet
  facet normal 1.000000e+00 -0.000000e+00 0.000000e+00
    outer loop
      vertex   -5.800000e+01 3.668054e+00 -1.627967e+01
      vertex   -5.800000e+01 1.500000e+01 -4.000000e+01
      vertex   -5.800000e+01 3.750000e+00 -1.550000e+01
    endloop
  endfacet
  facet normal 1.000000e+00 -0.000000e+00 0.000000e+00
    outer loop
      vertex   -5.800000e+01 3.750000e+00 -1.550000e+01
      vertex   -5.800000e+01 1.500000e+01 -4.000000e+01
      vertex   -5.800000e+01 1.500000e+01 8.000000e+00
    endloop
  endfacet
  facet normal 1.000000e+00 0.000000e+00 -0.000000e+00
    outer loop
      vertex   -5.800000e+01 3.750000e+00 -1.550000e+01
      vertex   -5.800000e+01 1.500000e+01 8.000000e+00
      vertex   -5.800000e+01 3.668054e+00 -1.472033e+01
    endloop
  endfacet
  facet normal 1.000000e+00 0.000000e+00 -0.000000e+00
    outer loop
      vertex   -5.800000e+01 3.668054e+00 -1.472033e+01
      vertex   -5.800000e+01 1.500000e+01 8.000000e+00
      vertex   -5.800000e+01 3.425795e+00 -1.397474e+01
    endloop
  endfacet
  facet normal 1.000000e+00 0.000000e+00 -0.000000e+00
    outer loop
      vertex   -5.800000e+01 3.425795e+00 -1.397474e+01
      vertex   -5.800000e+01 1.500000e+01 8.000000e+00
      vertex   -5.800000e+01 3.033814e+00 -1.329581e+01
    endloop
  endfacet
  facet normal 1.000000e+00 0.000000e+00 -0.000000e+00
    outer loop
      vertex   -5.800000e+01 3.033814e+00 -1.329581e+01
      vertex   -5.800000e+01 1.500000e+01 8.000000e+00
      vertex   -5.800000e+01 2.509240e+00 -1.271321e+01
    endloop
  endfacet
  facet normal 1.000000e+00 0.000000e+00 -0.000000e+00
    outer loop
      vertex   -5.800000e+01 2.509240e+00 -1.271321e+01
      vertex   -5.800000e+01 1.500000e+01 8.000000e+00
      vertex   -5.800000e+01 1.875000e+00 -1.225240e+01
    endloop
  endfacet
  facet normal 1.000000e+00 0.000000e+00 -0.000000e+00
    outer loop
      vertex   -5.800000e+01 1.875000e+00 -1.225240e+01
      vertex   -5.800000e+01 1.500000e+01 8.000000e+00
      vertex   -5.800000e+01 1.158814e+00 -1.193354e+01
    endloop
  endfacet
  facet normal 1.000000e+00 0.000000e+00 -0.000000e+00
    outer loop
      vertex   -5.800000e+01 1.158814e+00 -1.193354e+01
      vertex   -5.800000e+01 1.500000e+01 8.000000e+00
      vertex   -5.800000e+01 3.919817e-01 -1.177054e+01
    endloop
  endfacet
  facet normal 1.000000e+00 0.000000e+00 -0.000000e+00
    outer loop
      vertex   -5.800000e+01 3.919817e-01 -1.177054e+01
      vertex   -5.800000e+01 1.500000e+01 8.000000e+00
      vertex   -5.800000e+01 -1.500000e+01 8.000000e+00
    endloop
  endfacet
  facet normal 1.000000e+00 0.000000e+00 0.000000e+00
    outer loop
      vertex   -5.800000e+01 3.919817e-01 -1.177054e+01
      vertex   -5.800000e+01 -1.500000e+01 8.000000e+00
      vertex   -5.800000e+01 -3.919817e-01 -1.177054e+01
    endloop
  endfacet
  facet normal 1.000000e+00 0.000000e+00 0.000000e+00
    outer loop
      vertex   -5.800000e+01 -3.919817e-01 -1.177054e+01
      vertex   -5.800000e+01 -1.500000e+01 8.000000e+00
      vertex   -5.800000e+01 -1.158814e+00 -1.193354e+01
    endloop
  endfacet
  facet normal 1.000000e+00 0.000000e+00 0.000000e+00
    outer loop
      vertex   -5.800000e+01 -1.158814e+00 -1.193354e+01
      vertex   -5.800000e+01 -1.500000e+01 8.000000e+00
      vertex   -5.800000e+01 -1.875000e+00 -1.225240e+01
    endloop
  endfacet
  facet normal 1.000000e+00 0.000000e+00 0.000000e+00
    outer loop
      vertex   -5.800000e+01 -1.875000e+00 -1.225240e+01
      vertex   -5.800000e+01 -1.500000e+01 8.000000e+00
      vertex   -5.800000e+01 -2.509240e+00 -1.271321e+01
    endloop
  endfacet
  facet normal 1.000000e+00 0.000000e+00 0.000000e+00
    outer loop
      vertex   -5.800000e+01 -2.509240e+00 -1.271321e+01
      vertex   -5.800000e+01 -1.500000e+01 8.000000e+00
      vertex   -5.800000e+01 -3.033814e+00 -1.329581e+01
    endloop
  endfacet
  facet normal 1.000000e+00 0.000000e+00 0.000000e+00
    outer loop
      vertex   -5.800000e+01 -3.033814e+00 -1.329581e+01
      vertex   -5.800000e+01 -1.500000e+01 8.000000e+00
      vertex   -5.800000e+01 -3.425795e+00 -1.397474e+01
    endloop
  endfacet
  facet normal 1.000000e+00 0.000000e+00 0.000000e+00
    outer loop
      vertex   -5.800000e+01 -3.425795e+00 -1.397474e+01
      vertex   -5.800000e+01 -1.500000e+01 8.000000e+00
      vertex   -5.800000e+01 -3.668054e+00 -1.472033e+01
    endloop
  endfacet
  facet normal 1.000000e+00 0.000000e+00 0.000000e+00
    outer loop
      vertex   -5.800000e+01 -3.668054e+00 -1.472033e+01
      vertex   -5.800000e+01 -1.500000e+01 8.000000e+00
      vertex   -5.800000e+01 -3.750000e+00 -1.550000e+01
    endloop
  endfacet
  facet normal 1.000000e+00 0.000000e+00 0.000000e+00
    outer loop
      vertex   -5.800000e+01 -3.750000e+00 -1.550000e+01
      vertex   -5.800000e+01 -1.500000e+01 8.000000e+00
      vertex   -5.800000e+01 -1.500000e+01 -4.000000e+01
    endloop
  endfacet
  facet normal 1.000000e+00 0.000000e+00 0.000000e+00
    outer loop
      vertex   -5.800000e+01 -3.750000e+00 -1.550000e+01
      vertex   -5.800000e+01 -1.500000e+01 -4.000000e+01
      vertex   -5.800000e+01 -3.668054e+00 -1.627967e+01
    endloop
  endfacet
  facet normal 1.000000e+00 0.000000e+00 0.000000e+00
    outer loop
      vertex   -5.800000e+01 -3.668054e+00 -1.627967e+01
      vertex   -5.800000e+01 -1.500000e+01 -4.000000e+01
      vertex   -5.800000e+01 -3.425795e+00 -1.702526e+01
    endloop
  endfacet
  facet normal 1.000000e+00 0.000000e+00 0.000000e+00
    outer loop
      vertex   -5.800000e+01 -3.425795e+00 -1.702526e+01
      vertex   -5.800000e+01 -1.500000e+01 -4.000000e+01
      vertex   -5.800000e+01 -3.033814e+00 -1.770419e+01
    endloop
  endfacet
  facet normal 1.000000e+00 0.000000e+00 0.000000e+00
    outer loop
      vertex   -5.800000e+01 -3.033814e+00 -1.770419e+01
      vertex   -5.800000e+01 -1.500000e+01 -4.000000e+01
      vertex   -5.800000e+01 -2.509240e+00 -1.828679e+01
    endloop
  endfacet
  facet normal 1.000000e+00 0.000000e+00 0.000000e+00
    outer loop
      vertex   -5.800000e+01 -2.509240e+00 -1.828679e+01
      vertex   -5.800000e+01 -1.500000e+01 -4.000000e+01
      vertex   -5.800000e+01 -1.875000e+00 -1.874760e+01
    endloop
  endfacet
  facet normal 1.000000e+00 0.000000e+00 0.000000e+00
    outer loop
      vertex   -5.800000e+01 -1.875000e+00 -1.874760e+01
      vertex   -5.800000e+01 -1.500000e+01 -4.000000e+01
      vertex   -5.800000e+01 -1.158814e+00 -1.906646e+01
    endloop
  endfacet
  facet normal 1.000000e+00 0.000000e+00 0.000000e+00
    outer loop
      vertex   -5.800000e+01 -1.158814e+00 -1.906646e+01
      vertex   -5.800000e+01 -1.500000e+01 -4.000000e+01
      vertex   -5.800000e+01 -3.919817e-01 -1.922946e+01
    endloop
  endfacet
  facet normal 1.000000e+00 0.000000e+00 0.000000e+00
    outer loop
      vertex   -5.800000e+01 -3.919817e-01 -1.922946e+01
      vertex   -5.800000e+01 -1.500000e+01 -4.000000e+01
      vertex   -5.800000e+01 1.500000e+01 -4.000000e+01
    endloop
  endfacet
  facet normal 1.000000e+00 -0.000000e+00 0.000000e+00
    outer loop
      vertex   -5.800000e+01 -3.919817e-01 -1.922946e+01
      vertex   -5.800000e+01 1.500000e+01 -4.000000e+01
      vertex   -5.800000e+01 3.919817e-01 -1.922946e+01
    endloop
  endfacet
  facet normal 1.000000e+00 -0.000000e+00 0.000000e+00
    outer loop
      vertex   -5.800000e+01 3.919817e-01 -1.922946e+01
      vertex   -5.800000e+01 1.500000e+01 -4.000000e+01
      vertex   -5.800000e+01 1.158814e+00 -1.906646e+01
    endloop
  endfacet
  facet normal 1.000000e+00 -0.000000e+00 0.000000e+00
    outer loop
      vertex   -5.800000e+01 1.158814e+00 -1.906646e+01
      vertex   -5.800000e+01 1.500000e+01 -4.000000e+01
      vertex   -5.800000e+01 1.875000e+00 -1.874760e+01
    endloop
  endfacet
  facet normal 1.000000e+00 -0.000000e+00 0.000000e+00
    outer loop
      vertex   -5.800000e+01 1.875000e+00 -1.874760e+01
      vertex   -5.800000e+01 1.500000e+01 -4.000000e+01
      vertex   -5.800000e+01 2.509240e+00 -1.828679e+01
    endloop
  endfacet
  facet normal 1.000000e+00 -0.000000e+00 0.000000e+00
    outer loop
      vertex   -5.800000e+01 2.509240e+00 -1.828679e+01
      vertex   -5.800000e+01 1.500000e+01 -4.000000e+01
      vertex   -5.800000e+01 3.033814e+00 -1.770419e+01
    endloop
  endfacet
  facet normal 1.000000e+00 -0.000000e+00 0.000000e+00
    outer loop
      vertex   -5.800000e+01 3.033814e+00 -1.770419e+01
      vertex   -5.800000e+01 1.500000e+01 -4.000000e+01
      vertex   -5.800000e+01 3.425795e+00 -1.702526e+01
    endloop
  endfacet
  facet normal 1.000000e+00 -0.000000e+00 0.000000e+00
    outer loop
      vertex   -5.800000e+01 3.425795e+00 -1.702526e+01
      vertex   -5.800000e+01 1.500000e+01 -4.000000e+01
      vertex   -5.800000e+01 3.668054e+00 -1.627967e+01
    endloop
  endfacet
  facet normal 1.119645e-01 -9.937122e-01 0.000000e+00
    outer loop
      vertex   -5.500000e+01 1.800000e+01 -4.000000e+01
      vertex   -5.500000e+01 1.800000e+01 -2.000000e+00
      vertex   -5.566756e+01 1.792478e+01 -1.600000e+01
    endloop
  endfacet
  facet normal 1.127121e-02 -9.999248e-01 4.834740e-03
    outer loop
      vertex   -5.566756e+01 1.792478e+01 -1.600000e+01
      vertex   -5.500000e+01 1.800000e+01 -2.000000e+00
      vertex   -5.506762e+01 1.799924e+01 -2.000000e+00
    endloop
  endfacet
  facet normal 3.380805e-02 -9.994209e-01 3.866294e-03
    outer loop
      vertex   -5.566756e+01 1.792478e+01 -1.600000e+01
      vertex   -5.506762e+01 1.799924e+01 -2.000000e+00
      vertex   -5.513521e+01 1.799695e+01 -2.000000e+00
    endloop
  endfacet
  facet normal 5.632782e-02 -9.984078e-01 3.004758e-03
    outer loop
      vertex   -5.513521e+01 1.799695e+01 -2.000000e+00
      vertex   -5.520273e+01 1.799314e+01 -2.000000e+00
      vertex   -5.566756e+01 1.792478e+01 -1.600000e+01
    endloop
  endfacet
  facet normal 1.454962e-01 -9.893588e-01 0.000000e+00
    outer loop
      vertex   -5.566756e+01 1.792478e+01 -1.600000e+01
      vertex   -5.520273e+01 1.799314e+01 -2.000000e+00
      vertex   -5.566756e+01 1.792478e+01 -4.000000e+00
    endloop
  endfacet
  facet normal 3.302791e-01 -9.438833e-01 0.000000e+00
    outer loop
      vertex   -5.566756e+01 1.792478e+01 -1.600000e+01
      vertex   -5.566756e+01 1.792478e+01 -4.000000e+00
      vertex   -5.630165e+01 1.770291e+01 -1.600000e+01
    endloop
  endfacet
  facet normal 3.302791e-01 -9.438833e-01 2.794456e-16
    outer loop
      vertex   -5.630165e+01 1.770291e+01 -1.600000e+01
      vertex   -5.566756e+01 1.792478e+01 -4.000000e+00
      vertex   -5.630165e+01 1.770291e+01 -4.000000e+00
    endloop
  endfacet
  facet normal 5.320321e-01 -8.467242e-01 2.506807e-16
    outer loop
      vertex   -5.630165e+01 1.770291e+01 -1.600000e+01
      vertex   -5.630165e+01 1.770291e+01 -4.000000e+00
      vertex   -5.687047e+01 1.734549e+01 -1.600000e+01
    endloop
  endfacet
  facet normal 5.320321e-01 -8.467242e-01 0.000000e+00
    outer loop
      vertex   -5.687047e+01 1.734549e+01 -1.600000e+01
      vertex   -5.630165e+01 1.770291e+01 -4.000000e+00
      vertex   -5.687047e+01 1.734549e+01 -4.000000e+00
    endloop
  endfacet
  facet normal 7.071068e-01 -7.071068e-01 0.000000e+00
    outer loop
      vertex   -5.687047e+01 1.734549e+01 -1.600000e+01
      vertex   -5.687047e+01 1.734549e+01 -4.000000e+00
      vertex   -5.734549e+01 1.687047e+01 -1.600000e+01
    endloop
  endfacet
  facet normal 7.071068e-01 -7.071068e-01 2.093457e-16
    outer loop
      vertex   -5.734549e+01 1.687047e+01 -1.600000e+01
      vertex   -5.687047e+01 1.734549e+01 -4.000000e+00
      vertex   -5.734549e+01 1.687047e+01 -4.000000e+00
    endloop
  endfacet
  facet normal 8.467242e-01 -5.320321e-01 1.575131e-16
    outer loop
      vertex   -5.734549e+01 1.687047e+01 -1.600000e+01
      vertex   -5.734549e+01 1.687047e+01 -4.000000e+00
      vertex   -5.770291e+01 1.630165e+01 -1.600000e+01
    endloop
  endfacet
  facet normal 8.467242e-01 -5.320321e-01 0.000000e+00
    outer loop
      vertex   -5.770291e+01 1.630165e+01 -1.600000e+01
      vertex   -5.734549e+01 1.687047e+01 -4.000000e+00
      vertex   -5.770291e+01 1.630165e+01 -4.000000e+00
    endloop
  endfacet
  facet normal 9.438833e-01 -3.302791e-01 0.000000e+00
    outer loop
      vertex   -5.770291e+01 1.630165e+01 -1.600000e+01
      vertex   -5.770291e+01 1.630165e+01 -4.000000e+00
      vertex   -5.792478e+01 1.566756e+01 -1.600000e+01
    endloop
  endfacet
  facet normal 9.438833e-01 -3.302791e-01 0.000000e+00
    outer loop
      vertex   -5.792478e+01 1.566756e+01 -1.600000e+01
      vertex   -5.770291e+01 1.630165e+01 -4.000000e+00
      vertex   -5.792478e+01 1.566756e+01 -4.000000e+00
    endloop
  endfacet
  facet normal 9.937122e-01 -1.119645e-01 0.000000e+00
    outer loop
      vertex   -5.792478e+01 1.566756e+01 -1.600000e+01
      vertex   -5.792478e+01 1.566756e+01 -4.000000e+00
      vertex   -5.800000e+01 1.500000e+01 -4.000000e+01
    endloop
  endfacet
  facet normal 9.922613e-01 -1.241669e-01 2.293052e-04
    outer loop
      vertex   -5.800000e+01 1.500000e+01 -4.000000e+01
      vertex   -5.792478e+01 1.566756e+01 -4.000000e+00
      vertex   -5.793110e+01 1.563927e+01 8.000000e+00
    endloop
  endfacet
  facet normal 9.942415e-01 -1.071629e-01 0.000000e+00
    outer loop
      vertex   -5.800000e+01 1.500000e+01 -4.000000e+01
      vertex   -5.793110e+01 1.563927e+01 8.000000e+00
      vertex   -5.800000e+01 1.500000e+01 8.000000e+00
    endloop
  endfacet
  facet normal 1.454962e-01 -9.893588e-01 0.000000e+00
    outer loop
      vertex   -5.520273e+01 1.799314e+01 -2.000000e+00
      vertex   -5.520273e+01 1.799314e+01 8.000000e+00
      vertex   -5.566756e+01 1.792478e+01 -4.000000e+00
    endloop
  endfacet
  facet normal 1.741066e-01 -9.847262e-01 -1.134635e-03
    outer loop
      vertex   -5.566756e+01 1.792478e+01 -4.000000e+00
      vertex   -5.520273e+01 1.799314e+01 8.000000e+00
      vertex   -5.583589e+01 1.788120e+01 8.000000e+00
    endloop
  endfacet
  facet normal 3.302788e-01 -9.438826e-01 1.204403e-03
    outer loop
      vertex   -5.566756e+01 1.792478e+01 -4.000000e+00
      vertex   -5.583589e+01 1.788120e+01 8.000000e+00
      vertex   -5.630165e+01 1.770291e+01 -4.000000e+00
    endloop
  endfacet
  facet normal 3.799446e-01 -9.250087e-01 -1.003713e-03
    outer loop
      vertex   -5.630165e+01 1.770291e+01 -4.000000e+00
      vertex   -5.583589e+01 1.788120e+01 8.000000e+00
      vertex   -5.643065e+01 1.763690e+01 8.000000e+00
    endloop
  endfacet
  facet normal 5.320318e-01 -8.467237e-01 1.061832e-03
    outer loop
      vertex   -5.630165e+01 1.770291e+01 -4.000000e+00
      vertex   -5.643065e+01 1.763690e+01 8.000000e+00
      vertex   -5.687047e+01 1.734549e+01 -4.000000e+00
    endloop
  endfacet
  facet normal 5.683298e-01 -8.228004e-01 -8.494952e-04
    outer loop
      vertex   -5.687047e+01 1.734549e+01 -4.000000e+00
      vertex   -5.643065e+01 1.763690e+01 8.000000e+00
      vertex   -5.695969e+01 1.727148e+01 8.000000e+00
    endloop
  endfacet
  facet normal 7.071065e-01 -7.071065e-01 8.959723e-04
    outer loop
      vertex   -5.687047e+01 1.734549e+01 -4.000000e+00
      vertex   -5.695969e+01 1.727148e+01 8.000000e+00
      vertex   -5.734549e+01 1.687047e+01 -4.000000e+00
    endloop
  endfacet
  facet normal 7.306085e-01 -6.827963e-01 -6.719976e-04
    outer loop
      vertex   -5.734549e+01 1.687047e+01 -4.000000e+00
      vertex   -5.695969e+01 1.727148e+01 8.000000e+00
      vertex   -5.739872e+01 1.680171e+01 8.000000e+00
    endloop
  endfacet
  facet normal 8.467240e-01 -5.320319e-01 7.068407e-04
    outer loop
      vertex   -5.734549e+01 1.687047e+01 -4.000000e+00
      vertex   -5.739872e+01 1.680171e+01 8.000000e+00
      vertex   -5.770291e+01 1.630165e+01 -4.000000e+00
    endloop
  endfacet
  facet normal 8.593263e-01 -5.114276e-01 -4.712364e-04
    outer loop
      vertex   -5.770291e+01 1.630165e+01 -4.000000e+00
      vertex   -5.739872e+01 1.680171e+01 8.000000e+00
      vertex   -5.772755e+01 1.624918e+01 8.000000e+00
    endloop
  endfacet
  facet normal 9.438832e-01 -3.302790e-01 4.944546e-04
    outer loop
      vertex   -5.770291e+01 1.630165e+01 -4.000000e+00
      vertex   -5.772755e+01 1.624918e+01 8.000000e+00
      vertex   -5.792478e+01 1.566756e+01 -4.000000e+00
    endloop
  endfacet
  facet normal 9.485704e-01 -3.165661e-01 -2.472302e-04
    outer loop
      vertex   -5.792478e+01 1.566756e+01 -4.000000e+00
      vertex   -5.772755e+01 1.624918e+01 8.000000e+00
      vertex   -5.793110e+01 1.563927e+01 8.000000e+00
    endloop
  endfacet
  facet normal 9.937122e-01 -1.119645e-01 0.000000e+00
    outer loop
      vertex   -5.792478e+01 1.566756e+01 -1.600000e+01
      vertex   -5.800000e+01 1.500000e+01 -4.000000e+01
      vertex   -5.792478e+01 1.566756e+01 -2.800000e+01
    endloop
  endfacet
  facet normal 9.937122e-01 -1.119645e-01 0.000000e+00
    outer loop
      vertex   -5.792478e+01 1.566756e+01 -2.800000e+01
      vertex   -5.800000e+01 1.500000e+01 -4.000000e+01
      vertex   -5.792478e+01 1.566756e+01 -4.000000e+01
    endloop
  endfacet
  facet normal 9.438833e-01 -3.302791e-01 0.000000e+00
    outer loop
      vertex   -5.792478e+01 1.566756e+01 -2.800000e+01
      vertex   -5.792478e+01 1.566756e+01 -4.000000e+01
      vertex   -5.770291e+01 1.630165e+01 -2.800000e+01
    endloop
  endfacet
  facet normal 9.438833e-01 -3.302791e-01 0.000000e+00
    outer loop
      vertex   -5.770291e+01 1.630165e+01 -2.800000e+01
      vertex   -5.792478e+01 1.566756e+01 -4.000000e+01
      vertex   -5.770291e+01 1.630165e+01 -4.000000e+01
    endloop
  endfacet
  facet normal 8.467242e-01 -5.320321e-01 0.000000e+00
    outer loop
      vertex   -5.770291e+01 1.630165e+01 -2.800000e+01
      vertex   -5.770291e+01 1.630165e+01 -4.000000e+01
      vertex   -5.734549e+01 1.687047e+01 -2.800000e+01
    endloop
  endfacet
  facet normal 8.467242e-01 -5.320321e-01 -1.575131e-16
    outer loop
      vertex   -5.734549e+01 1.687047e+01 -2.800000e+01
      vertex   -5.770291e+01 1.630165e+01 -4.000000e+01
      vertex   -5.734549e+01 1.687047e+01 -4.000000e+01
    endloop
  endfacet
  facet normal 7.071068e-01 -7.071068e-01 -2.093457e-16
    outer loop
      vertex   -5.734549e+01 1.687047e+01 -2.800000e+01
      vertex   -5.734549e+01 1.687047e+01 -4.000000e+01
      vertex   -5.687047e+01 1.734549e+01 -2.800000e+01
    endloop
  endfacet
  facet normal 7.071068e-01 -7.071068e-01 0.000000e+00
    outer loop
      vertex   -5.687047e+01 1.734549e+01 -2.800000e+01
      vertex   -5.734549e+01 1.687047e+01 -4.000000e+01
      vertex   -5.687047e+01 1.734549e+01 -4.000000e+01
    endloop
  endfacet
  facet normal 5.320321e-01 -8.467242e-01 0.000000e+00
    outer loop
      vertex   -5.687047e+01 1.734549e+01 -2.800000e+01
      vertex   -5.687047e+01 1.734549e+01 -4.000000e+01
      vertex   -5.630165e+01 1.770291e+01 -2.800000e+01
    endloop
  endfacet
  facet normal 5.320321e-01 -8.467242e-01 -2.506807e-16
    outer loop
      vertex   -5.630165e+01 1.770291e+01 -2.800000e+01
      vertex   -5.687047e+01 1.734549e+01 -4.000000e+01
      vertex   -5.630165e+01 1.770291e+01 -4.000000e+01
    endloop
  endfacet
  facet normal 3.302791e-01 -9.438833e-01 -2.794456e-16
    outer loop
      vertex   -5.630165e+01 1.770291e+01 -2.800000e+01
      vertex   -5.630165e+01 1.770291e+01 -4.000000e+01
      vertex   -5.566756e+01 1.792478e+01 -2.800000e+01
    endloop
  endfacet
  facet normal 3.302791e-01 -9.438833e-01 -2.794456e-16
    outer loop
      vertex   -5.566756e+01 1.792478e+01 -2.800000e+01
      vertex   -5.630165e+01 1.770291e+01 -4.000000e+01
      vertex   -5.566756e+01 1.792478e+01 -4.000000e+01
    endloop
  endfacet
  facet normal 1.119645e-01 -9.937122e-01 -2.941979e-16
    outer loop
      vertex   -5.566756e+01 1.792478e+01 -2.800000e+01
      vertex   -5.566756e+01 1.792478e+01 -4.000000e+01
      vertex   -5.500000e+01 1.800000e+01 -4.000000e+01
    endloop
  endfacet
  facet normal 1.119645e-01 -9.937122e-01 0.000000e+00
    outer loop
      vertex   -5.566756e+01 1.792478e+01 -2.800000e+01
      vertex   -5.500000e+01 1.800000e+01 -4.000000e+01
      vertex   -5.566756e+01 1.792478e+01 -1.600000e+01
    endloop
  endfacet
  facet normal 3.302791e-01 -9.438833e-01 0.000000e+00
    outer loop
      vertex   -5.630165e+01 1.770291e+01 -2.800000e+01
      vertex   -5.566756e+01 1.792478e+01 -2.800000e+01
      vertex   -5.566756e+01 1.792478e+01 -1.600000e+01
    endloop
  endfacet
  facet normal 3.302791e-01 -9.438833e-01 0.000000e+00
    outer loop
      vertex   -5.630165e+01 1.770291e+01 -2.800000e+01
      vertex   -5.566756e+01 1.792478e+01 -1.600000e+01
      vertex   -5.630165e+01 1.770291e+01 -1.600000e+01
    endloop
  endfacet
  facet normal 5.320321e-01 -8.467242e-01 0.000000e+00
    outer loop
      vertex   -5.687047e+01 1.734549e+01 -2.800000e+01
      vertex   -5.630165e+01 1.770291e+01 -2.800000e+01
      vertex   -5.630165e+01 1.770291e+01 -1.600000e+01
    endloop
  endfacet
  facet normal 5.320321e-01 -8.467242e-01 0.000000e+00
    outer loop
      vertex   -5.687047e+01 1.734549e+01 -2.800000e+01
      vertex   -5.630165e+01 1.770291e+01 -1.600000e+01
      vertex   -5.687047e+01 1.734549e+01 -1.600000e+01
    endloop
  endfacet
  facet normal 7.071068e-01 -7.071068e-01 0.000000e+00
    outer loop
      vertex   -5.734549e+01 1.687047e+01 -2.800000e+01
      vertex   -5.687047e+01 1.734549e+01 -2.800000e+01
      vertex   -5.687047e+01 1.734549e+01 -1.600000e+01
    endloop
  endfacet
  facet normal 7.071068e-01 -7.071068e-01 0.000000e+00
    outer loop
      vertex   -5.734549e+01 1.687047e+01 -2.800000e+01
      vertex   -5.687047e+01 1.734549e+01 -1.600000e+01
      vertex   -5.734549e+01 1.687047e+01 -1.600000e+01
    endloop
  endfacet
  facet normal 8.467242e-01 -5.320321e-01 0.000000e+00
    outer loop
      vertex   -5.770291e+01 1.630165e+01 -2.800000e+01
      vertex   -5.734549e+01 1.687047e+01 -2.800000e+01
      vertex   -5.734549e+01 1.687047e+01 -1.600000e+01
    endloop
  endfacet
  facet normal 8.467242e-01 -5.320321e-01 0.000000e+00
    outer loop
      vertex   -5.770291e+01 1.630165e+01 -2.800000e+01
      vertex   -5.734549e+01 1.687047e+01 -1.600000e+01
      vertex   -5.770291e+01 1.630165e+01 -1.600000e+01
    endloop
  endfacet
  facet normal 9.438833e-01 -3.302791e-01 0.000000e+00
    outer loop
      vertex   -5.792478e+01 1.566756e+01 -2.800000e+01
      vertex   -5.770291e+01 1.630165e+01 -2.800000e+01
      vertex   -5.770291e+01 1.630165e+01 -1.600000e+01
    endloop
  endfacet
  facet normal 9.438833e-01 -3.302791e-01 0.000000e+00
    outer loop
      vertex   -5.792478e+01 1.566756e+01 -2.800000e+01
      vertex   -5.770291e+01 1.630165e+01 -1.600000e+01
      vertex   -5.792478e+01 1.566756e+01 -1.600000e+01
    endloop
  endfacet
  facet normal 0.000000e+00 -1.000000e+00 0.000000e+00
    outer loop
      vertex   -5.500000e+01 1.800000e+01 -2.000000e+00
      vertex   -5.500000e+01 1.800000e+01 -4.000000e+01
      vertex   5.300000e+01 1.800000e+01 -2.000000e+00
    endloop
  endfacet
  facet normal 0.000000e+00 -1.000000e+00 -0.000000e+00
    outer loop
      vertex   5.300000e+01 1.800000e+01 -2.000000e+00
      vertex   -5.500000e+01 1.800000e+01 -4.000000e+01
      vertex   5.800000e+01 1.800000e+01 -4.000000e+01
    endloop
  endfacet
  facet normal 0.000000e+00 -1.000000e+00 0.000000e+00
    outer loop
      vertex   5.300000e+01 1.800000e+01 -2.000000e+00
      vertex   5.800000e+01 1.800000e+01 -4.000000e+01
      vertex   5.800000e+01 1.800000e+01 8.000000e+00
    endloop
  endfacet
  facet normal -0.000000e+00 -1.000000e+00 0.000000e+00
    outer loop
      vertex   5.800000e+01 1.800000e+01 8.000000e+00
      vertex   5.300000e+01 1.800000e+01 8.000000e+00
      vertex   5.300000e+01 1.800000e+01 -2.000000e+00
    endloop
  endfacet
  facet normal 6.412703e-01 7.673151e-01 2.726051e-16
    outer loop
      vertex   5.800000e+01 -5.050510e+00 8.000000e+00
      vertex   5.800000e+01 -5.050510e+00 -2.000000e+00
      vertex   5.746671e+01 -4.604824e+00 8.000000e+00
    endloop
  endfacet
  facet normal 6.412703e-01 7.673151e-01 6.815127e-17
    outer loop
      vertex   5.746671e+01 -4.604824e+00 8.000000e+00
      vertex   5.800000e+01 -5.050510e+00 -2.000000e+00
      vertex   5.746671e+01 -4.604824e+00 -2.000000e+00
    endloop
  endfacet
  facet normal 4.770120e-01 8.788968e-01 7.806172e-17
    outer loop
      vertex   5.746671e+01 -4.604824e+00 8.000000e+00
      vertex   5.746671e+01 -4.604824e+00 -2.000000e+00
      vertex   5.685587e+01 -4.273298e+00 8.000000e+00
    endloop
  endfacet
  facet normal 4.770120e-01 8.788968e-01 7.806172e-17
    outer loop
      vertex   5.685587e+01 -4.273298e+00 8.000000e+00
      vertex   5.746671e+01 -4.604824e+00 -2.000000e+00
      vertex   5.685587e+01 -4.273298e+00 -2.000000e+00
    endloop
  endfacet
  facet normal 2.939446e-01 9.558225e-01 8.489409e-17
    outer loop
      vertex   5.685587e+01 -4.273298e+00 8.000000e+00
      vertex   5.685587e+01 -4.273298e+00 -2.000000e+00
      vertex   5.619157e+01 -4.069005e+00 8.000000e+00
    endloop
  endfacet
  facet normal 2.939446e-01 9.558225e-01 0.000000e+00
    outer loop
      vertex   5.619157e+01 -4.069005e+00 8.000000e+00
      vertex   5.685587e+01 -4.273298e+00 -2.000000e+00
      vertex   5.619157e+01 -4.069005e+00 -2.000000e+00
    endloop
  endfacet
  facet normal 9.928652e-02 9.950589e-01 0.000000e+00
    outer loop
      vertex   5.619157e+01 -4.069005e+00 8.000000e+00
      vertex   5.619157e+01 -4.069005e+00 -2.000000e+00
      vertex   5.550000e+01 -4.000000e+00 8.000000e+00
    endloop
  endfacet
  facet normal 9.928652e-02 9.950589e-01 -7.054731e-17
    outer loop
      vertex   5.550000e+01 -4.000000e+00 8.000000e+00
      vertex   5.619157e+01 -4.069005e+00 -2.000000e+00
      vertex   5.550000e+01 -4.000000e+00 -2.000000e+00
    endloop
  endfacet
  facet normal -9.928652e-02 9.950589e-01 7.054731e-17
    outer loop
      vertex   5.550000e+01 -4.000000e+00 8.000000e+00
      vertex   5.550000e+01 -4.000000e+00 -2.000000e+00
      vertex   5.480843e+01 -4.069005e+00 8.000000e+00
    endloop
  endfacet
  facet normal -9.928652e-02 9.950589e-01 0.000000e+00
    outer loop
      vertex   5.480843e+01 -4.069005e+00 8.000000e+00
      vertex   5.550000e+01 -4.000000e+00 -2.000000e+00
      vertex   5.480843e+01 -4.069005e+00 -2.000000e+00
    endloop
  endfacet
  facet normal -2.939446e-01 9.558225e-01 0.000000e+00
    outer loop
      vertex   5.480843e+01 -4.069005e+00 8.000000e+00
      vertex   5.480843e+01 -4.069005e+00 -2.000000e+00
      vertex   5.414413e+01 -4.273298e+00 8.000000e+00
    endloop
  endfacet
  facet normal -2.939446e-01 9.558225e-01 -8.489409e-17
    outer loop
      vertex   5.414413e+01 -4.273298e+00 8.000000e+00
      vertex   5.480843e+01 -4.069005e+00 -2.000000e+00
      vertex   5.414413e+01 -4.273298e+00 -2.000000e+00
    endloop
  endfacet
  facet normal -4.770120e-01 8.788968e-01 -7.806172e-17
    outer loop
      vertex   5.414413e+01 -4.273298e+00 8.000000e+00
      vertex   5.414413e+01 -4.273298e+00 -2.000000e+00
      vertex   5.353329e+01 -4.604824e+00 8.000000e+00
    endloop
  endfacet
  facet normal -4.770120e-01 8.788968e-01 0.000000e+00
    outer loop
      vertex   5.353329e+01 -4.604824e+00 8.000000e+00
      vertex   5.414413e+01 -4.273298e+00 -2.000000e+00
      vertex   5.353329e+01 -4.604824e+00 -2.000000e+00
    endloop
  endfacet
  facet normal -6.412703e-01 7.673151e-01 0.000000e+00
    outer loop
      vertex   5.353329e+01 -4.604824e+00 8.000000e+00
      vertex   5.353329e+01 -4.604824e+00 -2.000000e+00
      vertex   5.300000e+01 -5.050510e+00 8.000000e+00
    endloop
  endfacet
  facet normal -6.412703e-01 7.673151e-01 0.000000e+00
    outer loop
      vertex   5.300000e+01 -5.050510e+00 8.000000e+00
      vertex   5.353329e+01 -4.604824e+00 -2.000000e+00
      vertex   5.300000e+01 -5.050510e+00 -2.000000e+00
    endloop
  endfacet
  facet normal 6.412703e-01 7.673151e-01 -4.674230e-17
    outer loop
      vertex   5.800000e+01 9.949490e+00 8.000000e+00
      vertex   5.800000e+01 9.949490e+00 -2.000000e+00
      vertex   5.746671e+01 1.039518e+01 8.000000e+00
    endloop
  endfacet
  facet normal 6.412703e-01 7.673151e-01 -1.830448e-16
    outer loop
      vertex   5.746671e+01 1.039518e+01 8.000000e+00
      vertex   5.800000e+01 9.949490e+00 -2.000000e+00
      vertex   5.746671e+01 1.039518e+01 -2.000000e+00
    endloop
  endfacet
  facet normal 4.770120e-01 8.788968e-01 -2.669055e-17
    outer loop
      vertex   5.746671e+01 1.039518e+01 8.000000e+00
      vertex   5.746671e+01 1.039518e+01 -2.000000e+00
      vertex   5.685587e+01 1.072670e+01 8.000000e+00
    endloop
  endfacet
  facet normal 4.770120e-01 8.788968e-01 -2.669055e-17
    outer loop
      vertex   5.685587e+01 1.072670e+01 8.000000e+00
      vertex   5.746671e+01 1.039518e+01 -2.000000e+00
      vertex   5.685587e+01 1.072670e+01 -2.000000e+00
    endloop
  endfacet
  facet normal 2.939446e-01 9.558225e-01 1.307162e-16
    outer loop
      vertex   5.685587e+01 1.072670e+01 8.000000e+00
      vertex   5.685587e+01 1.072670e+01 -2.000000e+00
      vertex   5.619157e+01 1.093100e+01 8.000000e+00
    endloop
  endfacet
  facet normal 2.939446e-01 9.558225e-01 1.307162e-16
    outer loop
      vertex   5.619157e+01 1.093100e+01 8.000000e+00
      vertex   5.685587e+01 1.072670e+01 -2.000000e+00
      vertex   5.619157e+01 1.093100e+01 -2.000000e+00
    endloop
  endfacet
  facet normal 9.928652e-02 9.950589e-01 2.829686e-16
    outer loop
      vertex   5.619157e+01 1.093100e+01 8.000000e+00
      vertex   5.619157e+01 1.093100e+01 -2.000000e+00
      vertex   5.550000e+01 1.100000e+01 8.000000e+00
    endloop
  endfacet
  facet normal 9.928652e-02 9.950589e-01 -7.054731e-17
    outer loop
      vertex   5.550000e+01 1.100000e+01 8.000000e+00
      vertex   5.619157e+01 1.093100e+01 -2.000000e+00
      vertex   5.550000e+01 1.100000e+01 -2.000000e+00
    endloop
  endfacet
  facet normal -9.928652e-02 9.950589e-01 7.054731e-17
    outer loop
      vertex   5.550000e+01 1.100000e+01 8.000000e+00
      vertex   5.550000e+01 1.100000e+01 -2.000000e+00
      vertex   5.480843e+01 1.093100e+01 8.000000e+00
    endloop
  endfacet
  facet normal -9.928652e-02 9.950589e-01 0.000000e+00
    outer loop
      vertex   5.480843e+01 1.093100e+01 8.000000e+00
      vertex   5.550000e+01 1.100000e+01 -2.000000e+00
      vertex   5.480843e+01 1.093100e+01 -2.000000e+00
    endloop
  endfacet
  facet normal -2.939446e-01 9.558225e-01 0.000000e+00
    outer loop
      vertex   5.480843e+01 1.093100e+01 8.000000e+00
      vertex   5.480843e+01 1.093100e+01 -2.000000e+00
      vertex   5.414413e+01 1.072670e+01 8.000000e+00
    endloop
  endfacet
  facet normal -2.939446e-01 9.558225e-01 0.000000e+00
    outer loop
      vertex   5.414413e+01 1.072670e+01 8.000000e+00
      vertex   5.480843e+01 1.093100e+01 -2.000000e+00
      vertex   5.414413e+01 1.072670e+01 -2.000000e+00
    endloop
  endfacet
  facet normal -4.770120e-01 8.788968e-01 0.000000e+00
    outer loop
      vertex   5.414413e+01 1.072670e+01 8.000000e+00
      vertex   5.414413e+01 1.072670e+01 -2.000000e+00
      vertex   5.353329e+01 1.039518e+01 8.000000e+00
    endloop
  endfacet
  facet normal -4.770120e-01 8.788968e-01 0.000000e+00
    outer loop
      vertex   5.353329e+01 1.039518e+01 8.000000e+00
      vertex   5.414413e+01 1.072670e+01 -2.000000e+00
      vertex   5.353329e+01 1.039518e+01 -2.000000e+00
    endloop
  endfacet
  facet normal -6.412703e-01 7.673151e-01 0.000000e+00
    outer loop
      vertex   5.353329e+01 1.039518e+01 8.000000e+00
      vertex   5.353329e+01 1.039518e+01 -2.000000e+00
      vertex   5.300000e+01 9.949490e+00 8.000000e+00
    endloop
  endfacet
  facet normal -6.412703e-01 7.673151e-01 0.000000e+00
    outer loop
      vertex   5.300000e+01 9.949490e+00 8.000000e+00
      vertex   5.353329e+01 1.039518e+01 -2.000000e+00
      vertex   5.300000e+01 9.949490e+00 -2.000000e+00
    endloop
  endfacet
  facet normal 0.000000e+00 -0.000000e+00 -1.000000e+00
    outer loop
      vertex   5.800000e+01 -9.949490e+00 8.000000e+00
      vertex   5.800000e+01 -1.800000e+01 8.000000e+00
      vertex   5.746671e+01 -1.039518e+01 8.000000e+00
    endloop
  endfacet
  facet normal 0.000000e+00 -0.000000e+00 -1.000000e+00
    outer loop
      vertex   5.746671e+01 -1.039518e+01 8.000000e+00
      vertex   5.800000e+01 -1.800000e+01 8.000000e+00
      vertex   5.685587e+01 -1.072670e+01 8.000000e+00
    endloop
  endfacet
  facet normal 0.000000e+00 -0.000000e+00 -1.000000e+00
    outer loop
      vertex   5.685587e+01 -1.072670e+01 8.000000e+00
      vertex   5.800000e+01 -1.800000e+01 8.000000e+00
      vertex   5.619157e+01 -1.093100e+01 8.000000e+00
    endloop
  endfacet
  facet normal 0.000000e+00 -0.000000e+00 -1.000000e+00
    outer loop
      vertex   5.619157e+01 -1.093100e+01 8.000000e+00
      vertex   5.800000e+01 -1.800000e+01 8.000000e+00
      vertex   5.550000e+01 -1.100000e+01 8.000000e+00
    endloop
  endfacet
  facet normal 0.000000e+00 -0.000000e+00 -1.000000e+00
    outer loop
      vertex   5.550000e+01 -1.100000e+01 8.000000e+00
      vertex   5.800000e+01 -1.800000e+01 8.000000e+00
      vertex   5.300000e+01 -1.800000e+01 8.000000e+00
    endloop
  endfacet
  facet normal -0.000000e+00 0.000000e+00 -1.000000e+00
    outer loop
      vertex   5.550000e+01 -1.100000e+01 8.000000e+00
      vertex   5.300000e+01 -1.800000e+01 8.000000e+00
      vertex   5.480843e+01 -1.093100e+01 8.000000e+00
    endloop
  endfacet
  facet normal -0.000000e+00 0.000000e+00 -1.000000e+00
    outer loop
      vertex   5.480843e+01 -1.093100e+01 8.000000e+00
      vertex   5.300000e+01 -1.800000e+01 8.000000e+00
      vertex   5.414413e+01 -1.072670e+01 8.000000e+00
    endloop
  endfacet
  facet normal -0.000000e+00 0.000000e+00 -1.000000e+00
    outer loop
      vertex   5.414413e+01 -1.072670e+01 8.000000e+00
      vertex   5.300000e+01 -1.800000e+01 8.000000e+00
      vertex   5.353329e+01 -1.039518e+01 8.000000e+00
    endloop
  endfacet
  facet normal -0.000000e+00 0.000000e+00 -1.000000e+00
    outer loop
      vertex   5.353329e+01 -1.039518e+01 8.000000e+00
      vertex   5.300000e+01 -1.800000e+01 8.000000e+00
      vertex   5.300000e+01 -9.949490e+00 8.000000e+00
    endloop
  endfacet
  facet normal 2.960595e-16 -1.000000e+00 0.000000e+00
    outer loop
      vertex   6.000000e+00 -7.000000e+00 -2.000000e+00
      vertex   -6.000000e+00 -7.000000e+00 -2.000000e+00
      vertex   6.000000e+00 -7.000000e+00 -3.000000e+01
    endloop
  endfacet
  facet normal 2.960595e-16 -1.000000e+00 0.000000e+00
    outer loop
      vertex   6.000000e+00 -7.000000e+00 -3.000000e+01
      vertex   -6.000000e+00 -7.000000e+00 -2.000000e+00
      vertex   -6.000000e+00 -7.000000e+00 -3.000000e+01
    endloop
  endfacet
  facet normal 1.000000e+00 0.000000e+00 0.000000e+00
    outer loop
      vertex   -5.100000e+01 1.510102e+01 9.000000e+00
      vertex   -5.100000e+01 -1.510102e+01 9.000000e+00
      vertex   -5.100000e+01 1.510102e+01 0.000000e+00
    endloop
  endfacet
  facet normal 1.000000e+00 0.000000e+00 0.000000e+00
    outer loop
      vertex   -5.100000e+01 1.510102e+01 0.000000e+00
      vertex   -5.100000e+01 -1.510102e+01 9.000000e+00
      vertex   -5.100000e+01 -1.510102e+01 0.000000e+00
    endloop
  endfacet
  facet normal 9.963394e-01 -8.548544e-02 0.000000e+00
    outer loop
      vertex   -5.100000e+01 -1.510102e+01 0.000000e+00
      vertex   -5.100000e+01 -1.510102e+01 9.000000e+00
      vertex   -5.107308e+01 -1.595275e+01 0.000000e+00
    endloop
  endfacet
  facet normal 9.963394e-01 -8.548544e-02 0.000000e+00
    outer loop
      vertex   -5.107308e+01 -1.595275e+01 0.000000e+00
      vertex   -5.100000e+01 -1.510102e+01 9.000000e+00
      vertex   -5.107308e+01 -1.595275e+01 9.000000e+00
    endloop
  endfacet
  facet normal 9.672154e-01 -2.539575e-01 0.000000e+00
    outer loop
      vertex   -5.107308e+01 -1.595275e+01 0.000000e+00
      vertex   -5.107308e+01 -1.595275e+01 9.000000e+00
      vertex   -5.129017e+01 -1.677957e+01 0.000000e+00
    endloop
  endfacet
  facet normal 9.672154e-01 -2.539575e-01 1.002487e-16
    outer loop
      vertex   -5.129017e+01 -1.677957e+01 0.000000e+00
      vertex   -5.107308e+01 -1.595275e+01 9.000000e+00
      vertex   -5.129017e+01 -1.677957e+01 9.000000e+00
    endloop
  endfacet
  facet normal 9.098186e-01 -4.150061e-01 1.638220e-16
    outer loop
      vertex   -5.129017e+01 -1.677957e+01 0.000000e+00
      vertex   -5.129017e+01 -1.677957e+01 9.000000e+00
      vertex   -5.164494e+01 -1.755734e+01 0.000000e+00
    endloop
  endfacet
  facet normal 9.098186e-01 -4.150061e-01 1.638220e-16
    outer loop
      vertex   -5.164494e+01 -1.755734e+01 0.000000e+00
      vertex   -5.129017e+01 -1.677957e+01 9.000000e+00
      vertex   -5.164494e+01 -1.755734e+01 9.000000e+00
    endloop
  endfacet
  facet normal 8.258269e-01 -5.639236e-01 2.226066e-16
    outer loop
      vertex   -5.164494e+01 -1.755734e+01 0.000000e+00
      vertex   -5.164494e+01 -1.755734e+01 9.000000e+00
      vertex   -5.212702e+01 -1.826330e+01 0.000000e+00
    endloop
  endfacet
  facet normal 8.258269e-01 -5.639236e-01 0.000000e+00
    outer loop
      vertex   -5.212702e+01 -1.826330e+01 0.000000e+00
      vertex   -5.164494e+01 -1.755734e+01 9.000000e+00
      vertex   -5.212702e+01 -1.826330e+01 9.000000e+00
    endloop
  endfacet
  facet normal 7.176955e-01 -6.963571e-01 0.000000e+00
    outer loop
      vertex   -5.212702e+01 -1.826330e+01 0.000000e+00
      vertex   -5.212702e+01 -1.826330e+01 9.000000e+00
      vertex   -5.272230e+01 -1.887682e+01 0.000000e+00
    endloop
  endfacet
  facet normal 7.176955e-01 -6.963571e-01 0.000000e+00
    outer loop
      vertex   -5.272230e+01 -1.887682e+01 0.000000e+00
      vertex   -5.212702e+01 -1.826330e+01 9.000000e+00
      vertex   -5.272230e+01 -1.887682e+01 9.000000e+00
    endloop
  endfacet
  facet normal 5.885850e-01 -8.084353e-01 0.000000e+00
    outer loop
      vertex   -5.272230e+01 -1.887682e+01 0.000000e+00
      vertex   -5.272230e+01 -1.887682e+01 9.000000e+00
      vertex   -5.341340e+01 -1.937998e+01 0.000000e+00
    endloop
  endfacet
  facet normal 5.885850e-01 -8.084353e-01 0.000000e+00
    outer loop
      vertex   -5.341340e+01 -1.937998e+01 0.000000e+00
      vertex   -5.272230e+01 -1.887682e+01 9.000000e+00
      vertex   -5.341340e+01 -1.937998e+01 9.000000e+00
    endloop
  endfacet
  facet normal 4.422696e-01 -8.968822e-01 0.000000e+00
    outer loop
      vertex   -5.341340e+01 -1.937998e+01 0.000000e+00
      vertex   -5.341340e+01 -1.937998e+01 9.000000e+00
      vertex   -5.418010e+01 -1.975805e+01 0.000000e+00
    endloop
  endfacet
  facet normal 4.422696e-01 -8.968822e-01 0.000000e+00
    outer loop
      vertex   -5.418010e+01 -1.975805e+01 0.000000e+00
      vertex   -5.341340e+01 -1.937998e+01 9.000000e+00
      vertex   -5.418010e+01 -1.975805e+01 9.000000e+00
    endloop
  endfacet
  facet normal 2.830262e-01 -9.591122e-01 0.000000e+00
    outer loop
      vertex   -5.418010e+01 -1.975805e+01 0.000000e+00
      vertex   -5.418010e+01 -1.975805e+01 9.000000e+00
      vertex   -5.500000e+01 -2.000000e+01 0.000000e+00
    endloop
  endfacet
  facet normal 2.830262e-01 -9.591122e-01 0.000000e+00
    outer loop
      vertex   -5.500000e+01 -2.000000e+01 0.000000e+00
      vertex   -5.418010e+01 -1.975805e+01 9.000000e+00
      vertex   -5.500000e+01 -2.000000e+01 9.000000e+00
    endloop
  endfacet
  facet normal -8.715574e-02 -9.961947e-01 -0.000000e+00
    outer loop
      vertex   -5.500000e+01 -2.000000e+01 9.000000e+00
      vertex   -5.586824e+01 -1.992404e+01 9.000000e+00
      vertex   -5.500000e+01 -2.000000e+01 0.000000e+00
    endloop
  endfacet
  facet normal -8.715574e-02 -9.961947e-01 2.164225e-16
    outer loop
      vertex   -5.500000e+01 -2.000000e+01 0.000000e+00
      vertex   -5.586824e+01 -1.992404e+01 9.000000e+00
      vertex   -5.586824e+01 -1.992404e+01 -7.333333e+00
    endloop
  endfacet
  facet normal -8.715574e-02 -9.961947e-01 0.000000e+00
    outer loop
      vertex   -5.500000e+01 -2.000000e+01 0.000000e+00
      vertex   -5.586824e+01 -1.992404e+01 -7.333333e+00
      vertex   -5.586824e+01 -1.992404e+01 -2.366667e+01
    endloop
  endfacet
  facet normal -2.588190e-01 -9.659258e-01 0.000000e+00
    outer loop
      vertex   -5.586824e+01 -1.992404e+01 -2.366667e+01
      vertex   -5.586824e+01 -1.992404e+01 -7.333333e+00
      vertex   -5.671010e+01 -1.969846e+01 -2.366667e+01
    endloop
  endfacet
  facet normal -2.588190e-01 -9.659258e-01 0.000000e+00
    outer loop
      vertex   -5.586824e+01 -1.992404e+01 -2.366667e+01
      vertex   -5.671010e+01 -1.969846e+01 -2.366667e+01
      vertex   -5.671010e+01 -1.969846e+01 -4.000000e+01
    endloop
  endfacet
  facet normal -4.226183e-01 -9.063078e-01 0.000000e+00
    outer loop
      vertex   -5.671010e+01 -1.969846e+01 -4.000000e+01
      vertex   -5.671010e+01 -1.969846e+01 -2.366667e+01
      vertex   -5.750000e+01 -1.933013e+01 -4.000000e+01
    endloop
  endfacet
  facet normal -4.226183e-01 -9.063078e-01 0.000000e+00
    outer loop
      vertex   -5.750000e+01 -1.933013e+01 -4.000000e+01
      vertex   -5.671010e+01 -1.969846e+01 -2.366667e+01
      vertex   -5.750000e+01 -1.933013e+01 -2.366667e+01
    endloop
  endfacet
  facet normal -5.735764e-01 -8.191520e-01 0.000000e+00
    outer loop
      vertex   -5.750000e+01 -1.933013e+01 -4.000000e+01
      vertex   -5.750000e+01 -1.933013e+01 -2.366667e+01
      vertex   -5.821394e+01 -1.883022e+01 -4.000000e+01
    endloop
  endfacet
  facet normal -5.735764e-01 -8.191520e-01 0.000000e+00
    outer loop
      vertex   -5.821394e+01 -1.883022e+01 -4.000000e+01
      vertex   -5.750000e+01 -1.933013e+01 -2.366667e+01
      vertex   -5.821394e+01 -1.883022e+01 -2.366667e+01
    endloop
  endfacet
  facet normal -7.071068e-01 -7.071068e-01 0.000000e+00
    outer loop
      vertex   -5.821394e+01 -1.883022e+01 -4.000000e+01
      vertex   -5.821394e+01 -1.883022e+01 -2.366667e+01
      vertex   -5.883022e+01 -1.821394e+01 -4.000000e+01
    endloop
  endfacet
  facet normal -7.071068e-01 -7.071068e-01 0.000000e+00
    outer loop
      vertex   -5.883022e+01 -1.821394e+01 -4.000000e+01
      vertex   -5.821394e+01 -1.883022e+01 -2.366667e+01
      vertex   -5.883022e+01 -1.821394e+01 -2.366667e+01
    endloop
  endfacet
  facet normal -8.191520e-01 -5.735764e-01 0.000000e+00
    outer loop
      vertex   -5.883022e+01 -1.821394e+01 -4.000000e+01
      vertex   -5.883022e+01 -1.821394e+01 -2.366667e+01
      vertex   -5.933013e+01 -1.750000e+01 -4.000000e+01
    endloop
  endfacet
  facet normal -8.191520e-01 -5.735764e-01 -1.247604e-16
    outer loop
      vertex   -5.933013e+01 -1.750000e+01 -4.000000e+01
      vertex   -5.883022e+01 -1.821394e+01 -2.366667e+01
      vertex   -5.933013e+01 -1.750000e+01 -2.366667e+01
    endloop
  endfacet
  facet normal -9.063078e-01 -4.226183e-01 -9.192500e-17
    outer loop
      vertex   -5.933013e+01 -1.750000e+01 -4.000000e+01
      vertex   -5.933013e+01 -1.750000e+01 -2.366667e+01
      vertex   -5.969846e+01 -1.671010e+01 -4.000000e+01
    endloop
  endfacet
  facet normal -9.063078e-01 -4.226183e-01 0.000000e+00
    outer loop
      vertex   -5.969846e+01 -1.671010e+01 -4.000000e+01
      vertex   -5.933013e+01 -1.750000e+01 -2.366667e+01
      vertex   -5.969846e+01 -1.671010e+01 -2.366667e+01
    endloop
  endfacet
  facet normal -9.659258e-01 -2.588190e-01 0.000000e+00
    outer loop
      vertex   -5.969846e+01 -1.671010e+01 -4.000000e+01
      vertex   -5.969846e+01 -1.671010e+01 -2.366667e+01
      vertex   -5.992404e+01 -1.586824e+01 -4.000000e+01
    endloop
  endfacet
  facet normal -9.659258e-01 -2.588190e-01 4.202030e-16
    outer loop
      vertex   -5.992404e+01 -1.586824e+01 -4.000000e+01
      vertex   -5.969846e+01 -1.671010e+01 -2.366667e+01
      vertex   -5.992404e+01 -1.586824e+01 -2.366667e+01
    endloop
  endfacet
  facet normal -9.961947e-01 -8.715574e-02 4.333708e-16
    outer loop
      vertex   -5.992404e+01 -1.586824e+01 -4.000000e+01
      vertex   -5.992404e+01 -1.586824e+01 -2.366667e+01
      vertex   -6.000000e+01 -1.500000e+01 -4.000000e+01
    endloop
  endfacet
  facet normal -9.961947e-01 -8.715574e-02 -9.748761e-18
    outer loop
      vertex   -6.000000e+01 -1.500000e+01 -4.000000e+01
      vertex   -5.992404e+01 -1.586824e+01 -2.366667e+01
      vertex   -5.992404e+01 -1.586824e+01 -7.333333e+00
    endloop
  endfacet
  facet normal -9.961947e-01 -8.715574e-02 0.000000e+00
    outer loop
      vertex   -6.000000e+01 -1.500000e+01 -4.000000e+01
      vertex   -5.992404e+01 -1.586824e+01 -7.333333e+00
      vertex   -6.000000e+01 -1.500000e+01 9.000000e+00
    endloop
  endfacet
  facet normal -9.961947e-01 -8.715574e-02 0.000000e+00
    outer loop
      vertex   -6.000000e+01 -1.500000e+01 9.000000e+00
      vertex   -5.992404e+01 -1.586824e+01 -7.333333e+00
      vertex   -5.992404e+01 -1.586824e+01 9.000000e+00
    endloop
  endfacet
  facet normal -9.659258e-01 -2.588190e-01 -0.000000e+00
    outer loop
      vertex   -5.992404e+01 -1.586824e+01 9.000000e+00
      vertex   -5.992404e+01 -1.586824e+01 -7.333333e+00
      vertex   -5.969846e+01 -1.671010e+01 9.000000e+00
    endloop
  endfacet
  facet normal -9.659258e-01 -2.588190e-01 -0.000000e+00
    outer loop
      vertex   -5.969846e+01 -1.671010e+01 9.000000e+00
      vertex   -5.992404e+01 -1.586824e+01 -7.333333e+00
      vertex   -5.969846e+01 -1.671010e+01 -7.333333e+00
    endloop
  endfacet
  facet normal -9.063078e-01 -4.226183e-01 -0.000000e+00
    outer loop
      vertex   -5.969846e+01 -1.671010e+01 9.000000e+00
      vertex   -5.969846e+01 -1.671010e+01 -7.333333e+00
      vertex   -5.933013e+01 -1.750000e+01 9.000000e+00
    endloop
  endfacet
  facet normal -9.063078e-01 -4.226183e-01 9.192500e-17
    outer loop
      vertex   -5.933013e+01 -1.750000e+01 9.000000e+00
      vertex   -5.969846e+01 -1.671010e+01 -7.333333e+00
      vertex   -5.933013e+01 -1.750000e+01 -7.333333e+00
    endloop
  endfacet
  facet normal -8.191520e-01 -5.735764e-01 1.247604e-16
    outer loop
      vertex   -5.933013e+01 -1.750000e+01 9.000000e+00
      vertex   -5.933013e+01 -1.750000e+01 -7.333333e+00
      vertex   -5.883022e+01 -1.821394e+01 9.000000e+00
    endloop
  endfacet
  facet normal -8.191520e-01 -5.735764e-01 -0.000000e+00
    outer loop
      vertex   -5.883022e+01 -1.821394e+01 9.000000e+00
      vertex   -5.933013e+01 -1.750000e+01 -7.333333e+00
      vertex   -5.883022e+01 -1.821394e+01 -7.333333e+00
    endloop
  endfacet
  facet normal -7.071068e-01 -7.071068e-01 -0.000000e+00
    outer loop
      vertex   -5.883022e+01 -1.821394e+01 9.000000e+00
      vertex   -5.883022e+01 -1.821394e+01 -7.333333e+00
      vertex   -5.821394e+01 -1.883022e+01 9.000000e+00
    endloop
  endfacet
  facet normal -7.071068e-01 -7.071068e-01 -0.000000e+00
    outer loop
      vertex   -5.821394e+01 -1.883022e+01 9.000000e+00
      vertex   -5.883022e+01 -1.821394e+01 -7.333333e+00
      vertex   -5.821394e+01 -1.883022e+01 -7.333333e+00
    endloop
  endfacet
  facet normal -5.735764e-01 -8.191520e-01 -0.000000e+00
    outer loop
      vertex   -5.821394e+01 -1.883022e+01 9.000000e+00
      vertex   -5.821394e+01 -1.883022e+01 -7.333333e+00
      vertex   -5.750000e+01 -1.933013e+01 9.000000e+00
    endloop
  endfacet
  facet normal -5.735764e-01 -8.191520e-01 -0.000000e+00
    outer loop
      vertex   -5.750000e+01 -1.933013e+01 9.000000e+00
      vertex   -5.821394e+01 -1.883022e+01 -7.333333e+00
      vertex   -5.750000e+01 -1.933013e+01 -7.333333e+00
    endloop
  endfacet
  facet normal -4.226183e-01 -9.063078e-01 -0.000000e+00
    outer loop
      vertex   -5.750000e+01 -1.933013e+01 9.000000e+00
      vertex   -5.750000e+01 -1.933013e+01 -7.333333e+00
      vertex   -5.671010e+01 -1.969846e+01 9.000000e+00
    endloop
  endfacet
  facet normal -4.226183e-01 -9.063078e-01 -0.000000e+00
    outer loop
      vertex   -5.671010e+01 -1.969846e+01 9.000000e+00
      vertex   -5.750000e+01 -1.933013e+01 -7.333333e+00
      vertex   -5.671010e+01 -1.969846e+01 -7.333333e+00
    endloop
  endfacet
  facet normal -2.588190e-01 -9.659258e-01 -0.000000e+00
    outer loop
      vertex   -5.671010e+01 -1.969846e+01 9.000000e+00
      vertex   -5.671010e+01 -1.969846e+01 -7.333333e+00
      vertex   -5.586824e+01 -1.992404e+01 9.000000e+00
    endloop
  endfacet
  facet normal -2.588190e-01 -9.659258e-01 2.101015e-16
    outer loop
      vertex   -5.586824e+01 -1.992404e+01 9.000000e+00
      vertex   -5.671010e+01 -1.969846e+01 -7.333333e+00
      vertex   -5.586824e+01 -1.992404e+01 -7.333333e+00
    endloop
  endfacet
  facet normal -2.588190e-01 -9.659258e-01 0.000000e+00
    outer loop
      vertex   -5.671010e+01 -1.969846e+01 -4.000000e+01
      vertex   -5.586824e+01 -1.992404e+01 -4.000000e+01
      vertex   -5.586824e+01 -1.992404e+01 -2.366667e+01
    endloop
  endfacet
  facet normal -8.715574e-02 -9.961947e-01 -0.000000e+00
    outer loop
      vertex   -5.586824e+01 -1.992404e+01 -2.366667e+01
      vertex   -5.586824e+01 -1.992404e+01 -4.000000e+01
      vertex   -5.500000e+01 -2.000000e+01 -4.000000e+01
    endloop
  endfacet
  facet normal -8.715574e-02 -9.961947e-01 8.837252e-17
    outer loop
      vertex   -5.586824e+01 -1.992404e+01 -2.366667e+01
      vertex   -5.500000e+01 -2.000000e+01 -4.000000e+01
      vertex   -5.500000e+01 -2.000000e+01 0.000000e+00
    endloop
  endfacet
  facet normal -2.588190e-01 -9.659258e-01 0.000000e+00
    outer loop
      vertex   -5.671010e+01 -1.969846e+01 -2.366667e+01
      vertex   -5.586824e+01 -1.992404e+01 -7.333333e+00
      vertex   -5.671010e+01 -1.969846e+01 -7.333333e+00
    endloop
  endfacet
  facet normal -4.226183e-01 -9.063078e-01 0.000000e+00
    outer loop
      vertex   -5.750000e+01 -1.933013e+01 -2.366667e+01
      vertex   -5.671010e+01 -1.969846e+01 -2.366667e+01
      vertex   -5.671010e+01 -1.969846e+01 -7.333333e+00
    endloop
  endfacet
  facet normal -4.226183e-01 -9.063078e-01 0.000000e+00
    outer loop
      vertex   -5.750000e+01 -1.933013e+01 -2.366667e+01
      vertex   -5.671010e+01 -1.969846e+01 -7.333333e+00
      vertex   -5.750000e+01 -1.933013e+01 -7.333333e+00
    endloop
  endfacet
  facet normal -5.735764e-01 -8.191520e-01 0.000000e+00
    outer loop
      vertex   -5.821394e+01 -1.883022e+01 -2.366667e+01
      vertex   -5.750000e+01 -1.933013e+01 -2.366667e+01
      vertex   -5.750000e+01 -1.933013e+01 -7.333333e+00
    endloop
  endfacet
  facet normal -5.735764e-01 -8.191520e-01 0.000000e+00
    outer loop
      vertex   -5.821394e+01 -1.883022e+01 -2.366667e+01
      vertex   -5.750000e+01 -1.933013e+01 -7.333333e+00
      vertex   -5.821394e+01 -1.883022e+01 -7.333333e+00
    endloop
  endfacet
  facet normal -7.071068e-01 -7.071068e-01 0.000000e+00
    outer loop
      vertex   -5.883022e+01 -1.821394e+01 -2.366667e+01
      vertex   -5.821394e+01 -1.883022e+01 -2.366667e+01
      vertex   -5.821394e+01 -1.883022e+01 -7.333333e+00
    endloop
  endfacet
  facet normal -7.071068e-01 -7.071068e-01 0.000000e+00
    outer loop
      vertex   -5.883022e+01 -1.821394e+01 -2.366667e+01
      vertex   -5.821394e+01 -1.883022e+01 -7.333333e+00
      vertex   -5.883022e+01 -1.821394e+01 -7.333333e+00
    endloop
  endfacet
  facet normal -8.191520e-01 -5.735764e-01 0.000000e+00
    outer loop
      vertex   -5.933013e+01 -1.750000e+01 -2.366667e+01
      vertex   -5.883022e+01 -1.821394e+01 -2.366667e+01
      vertex   -5.883022e+01 -1.821394e+01 -7.333333e+00
    endloop
  endfacet
  facet normal -8.191520e-01 -5.735764e-01 0.000000e+00
    outer loop
      vertex   -5.933013e+01 -1.750000e+01 -2.366667e+01
      vertex   -5.883022e+01 -1.821394e+01 -7.333333e+00
      vertex   -5.933013e+01 -1.750000e+01 -7.333333e+00
    endloop
  endfacet
  facet normal -9.063078e-01 -4.226183e-01 0.000000e+00
    outer loop
      vertex   -5.969846e+01 -1.671010e+01 -2.366667e+01
      vertex   -5.933013e+01 -1.750000e+01 -2.366667e+01
      vertex   -5.933013e+01 -1.750000e+01 -7.333333e+00
    endloop
  endfacet
  facet normal -9.063078e-01 -4.226183e-01 0.000000e+00
    outer loop
      vertex   -5.969846e+01 -1.671010e+01 -2.366667e+01
      vertex   -5.933013e+01 -1.750000e+01 -7.333333e+00
      vertex   -5.969846e+01 -1.671010e+01 -7.333333e+00
    endloop
  endfacet
  facet normal -9.659258e-01 -2.588190e-01 0.000000e+00
    outer loop
      vertex   -5.992404e+01 -1.586824e+01 -2.366667e+01
      vertex   -5.969846e+01 -1.671010e+01 -2.366667e+01
      vertex   -5.969846e+01 -1.671010e+01 -7.333333e+00
    endloop
  endfacet
  facet normal -9.659258e-01 -2.588190e-01 -2.814826e-17
    outer loop
      vertex   -5.992404e+01 -1.586824e+01 -2.366667e+01
      vertex   -5.969846e+01 -1.671010e+01 -7.333333e+00
      vertex   -5.992404e+01 -1.586824e+01 -7.333333e+00
    endloop
  endfacet
  facet normal 9.914449e-01 1.305262e-01 0.000000e+00
    outer loop
      vertex   5.405111e+01 -7.888229e+00 1.000000e+01
      vertex   5.405111e+01 -7.888229e+00 5.000000e+00
      vertex   5.400000e+01 -7.500000e+00 1.000000e+01
    endloop
  endfacet
  facet normal 9.914449e-01 1.305262e-01 0.000000e+00
    outer loop
      vertex   5.400000e+01 -7.500000e+00 1.000000e+01
      vertex   5.405111e+01 -7.888229e+00 5.000000e+00
      vertex   5.400000e+01 -7.500000e+00 5.000000e+00
    endloop
  endfacet
  facet normal 9.914449e-01 -1.305262e-01 0.000000e+00
    outer loop
      vertex   5.400000e+01 -7.500000e+00 1.000000e+01
      vertex   5.400000e+01 -7.500000e+00 5.000000e+00
      vertex   5.405111e+01 -7.111771e+00 1.000000e+01
    endloop
  endfacet
  facet normal 9.914449e-01 -1.305262e-01 -2.318611e-17
    outer loop
      vertex   5.405111e+01 -7.111771e+00 1.000000e+01
      vertex   5.400000e+01 -7.500000e+00 5.000000e+00
      vertex   5.405111e+01 -7.111771e+00 5.000000e+00
    endloop
  endfacet
  facet normal 9.238795e-01 -3.826834e-01 -6.797823e-17
    outer loop
      vertex   5.405111e+01 -7.111771e+00 1.000000e+01
      vertex   5.405111e+01 -7.111771e+00 5.000000e+00
      vertex   5.420096e+01 -6.750000e+00 1.000000e+01
    endloop
  endfacet
  facet normal 9.238795e-01 -3.826834e-01 0.000000e+00
    outer loop
      vertex   5.420096e+01 -6.750000e+00 1.000000e+01
      vertex   5.405111e+01 -7.111771e+00 5.000000e+00
      vertex   5.420096e+01 -6.750000e+00 5.000000e+00
    endloop
  endfacet
  facet normal 7.933533e-01 -6.087614e-01 0.000000e+00
    outer loop
      vertex   5.420096e+01 -6.750000e+00 1.000000e+01
      vertex   5.420096e+01 -6.750000e+00 5.000000e+00
      vertex   5.443934e+01 -6.439340e+00 1.000000e+01
    endloop
  endfacet
  facet normal 7.933533e-01 -6.087614e-01 2.162755e-16
    outer loop
      vertex   5.443934e+01 -6.439340e+00 1.000000e+01
      vertex   5.420096e+01 -6.750000e+00 5.000000e+00
      vertex   5.443934e+01 -6.439340e+00 5.000000e+00
    endloop
  endfacet
  facet normal 6.087614e-01 -7.933533e-01 2.818557e-16
    outer loop
      vertex   5.443934e+01 -6.439340e+00 1.000000e+01
      vertex   5.443934e+01 -6.439340e+00 5.000000e+00
      vertex   5.475000e+01 -6.200962e+00 1.000000e+01
    endloop
  endfacet
  facet normal 6.087614e-01 -7.933533e-01 0.000000e+00
    outer loop
      vertex   5.475000e+01 -6.200962e+00 1.000000e+01
      vertex   5.443934e+01 -6.439340e+00 5.000000e+00
      vertex   5.475000e+01 -6.200962e+00 5.000000e+00
    endloop
  endfacet
  facet normal 3.826834e-01 -9.238795e-01 0.000000e+00
    outer loop
      vertex   5.475000e+01 -6.200962e+00 1.000000e+01
      vertex   5.475000e+01 -6.200962e+00 5.000000e+00
      vertex   5.511177e+01 -6.051111e+00 1.000000e+01
    endloop
  endfacet
  facet normal 3.826834e-01 -9.238795e-01 0.000000e+00
    outer loop
      vertex   5.511177e+01 -6.051111e+00 1.000000e+01
      vertex   5.475000e+01 -6.200962e+00 5.000000e+00
      vertex   5.511177e+01 -6.051111e+00 5.000000e+00
    endloop
  endfacet
  facet normal 1.305262e-01 -9.914449e-01 0.000000e+00
    outer loop
      vertex   5.511177e+01 -6.051111e+00 1.000000e+01
      vertex   5.511177e+01 -6.051111e+00 5.000000e+00
      vertex   5.550000e+01 -6.000000e+00 1.000000e+01
    endloop
  endfacet
  facet normal 1.305262e-01 -9.914449e-01 0.000000e+00
    outer loop
      vertex   5.550000e+01 -6.000000e+00 1.000000e+01
      vertex   5.511177e+01 -6.051111e+00 5.000000e+00
      vertex   5.550000e+01 -6.000000e+00 5.000000e+00
    endloop
  endfacet
  facet normal -1.305262e-01 -9.914449e-01 -0.000000e+00
    outer loop
      vertex   5.550000e+01 -6.000000e+00 1.000000e+01
      vertex   5.550000e+01 -6.000000e+00 5.000000e+00
      vertex   5.588823e+01 -6.051111e+00 1.000000e+01
    endloop
  endfacet
  facet normal -1.305262e-01 -9.914449e-01 -0.000000e+00
    outer loop
      vertex   5.588823e+01 -6.051111e+00 1.000000e+01
      vertex   5.550000e+01 -6.000000e+00 5.000000e+00
      vertex   5.588823e+01 -6.051111e+00 5.000000e+00
    endloop
  endfacet
  facet normal -3.826834e-01 -9.238795e-01 -0.000000e+00
    outer loop
      vertex   5.588823e+01 -6.051111e+00 1.000000e+01
      vertex   5.588823e+01 -6.051111e+00 5.000000e+00
      vertex   5.625000e+01 -6.200962e+00 1.000000e+01
    endloop
  endfacet
  facet normal -3.826834e-01 -9.238795e-01 -0.000000e+00
    outer loop
      vertex   5.625000e+01 -6.200962e+00 1.000000e+01
      vertex   5.588823e+01 -6.051111e+00 5.000000e+00
      vertex   5.625000e+01 -6.200962e+00 5.000000e+00
    endloop
  endfacet
  facet normal -6.087614e-01 -7.933533e-01 -0.000000e+00
    outer loop
      vertex   5.625000e+01 -6.200962e+00 1.000000e+01
      vertex   5.625000e+01 -6.200962e+00 5.000000e+00
      vertex   5.656066e+01 -6.439340e+00 1.000000e+01
    endloop
  endfacet
  facet normal -6.087614e-01 -7.933533e-01 2.818557e-16
    outer loop
      vertex   5.656066e+01 -6.439340e+00 1.000000e+01
      vertex   5.625000e+01 -6.200962e+00 5.000000e+00
      vertex   5.656066e+01 -6.439340e+00 5.000000e+00
    endloop
  endfacet
  facet normal -7.933533e-01 -6.087614e-01 2.162755e-16
    outer loop
      vertex   5.656066e+01 -6.439340e+00 1.000000e+01
      vertex   5.656066e+01 -6.439340e+00 5.000000e+00
      vertex   5.679904e+01 -6.750000e+00 1.000000e+01
    endloop
  endfacet
  facet normal -7.933533e-01 -6.087614e-01 -0.000000e+00
    outer loop
      vertex   5.679904e+01 -6.750000e+00 1.000000e+01
      vertex   5.656066e+01 -6.439340e+00 5.000000e+00
      vertex   5.679904e+01 -6.750000e+00 5.000000e+00
    endloop
  endfacet
  facet normal -9.238795e-01 -3.826834e-01 -0.000000e+00
    outer loop
      vertex   5.679904e+01 -6.750000e+00 1.000000e+01
      vertex   5.679904e+01 -6.750000e+00 5.000000e+00
      vertex   5.694889e+01 -7.111771e+00 1.000000e+01
    endloop
  endfacet
  facet normal -9.238795e-01 -3.826834e-01 -0.000000e+00
    outer loop
      vertex   5.694889e+01 -7.111771e+00 1.000000e+01
      vertex   5.679904e+01 -6.750000e+00 5.000000e+00
      vertex   5.694889e+01 -7.111771e+00 5.000000e+00
    endloop
  endfacet
  facet normal -9.914449e-01 -1.305262e-01 -0.000000e+00
    outer loop
      vertex   5.694889e+01 -7.111771e+00 1.000000e+01
      vertex   5.694889e+01 -7.111771e+00 5.000000e+00
      vertex   5.700000e+01 -7.500000e+00 1.000000e+01
    endloop
  endfacet
  facet normal -9.914449e-01 -1.305262e-01 -0.000000e+00
    outer loop
      vertex   5.700000e+01 -7.500000e+00 1.000000e+01
      vertex   5.694889e+01 -7.111771e+00 5.000000e+00
      vertex   5.700000e+01 -7.500000e+00 5.000000e+00
    endloop
  endfacet
  facet normal -9.914449e-01 1.305262e-01 0.000000e+00
    outer loop
      vertex   5.700000e+01 -7.500000e+00 1.000000e+01
      vertex   5.700000e+01 -7.500000e+00 5.000000e+00
      vertex   5.694889e+01 -7.888229e+00 1.000000e+01
    endloop
  endfacet
  facet normal -9.914449e-01 1.305262e-01 -4.637222e-17
    outer loop
      vertex   5.694889e+01 -7.888229e+00 1.000000e+01
      vertex   5.700000e+01 -7.500000e+00 5.000000e+00
      vertex   5.694889e+01 -7.888229e+00 5.000000e+00
    endloop
  endfacet
  facet normal -9.238795e-01 3.826834e-01 -1.359565e-16
    outer loop
      vertex   5.694889e+01 -7.888229e+00 1.000000e+01
      vertex   5.694889e+01 -7.888229e+00 5.000000e+00
      vertex   5.679904e+01 -8.250000e+00 1.000000e+01
    endloop
  endfacet
  facet normal -9.238795e-01 3.826834e-01 0.000000e+00
    outer loop
      vertex   5.679904e+01 -8.250000e+00 1.000000e+01
      vertex   5.694889e+01 -7.888229e+00 5.000000e+00
      vertex   5.679904e+01 -8.250000e+00 5.000000e+00
    endloop
  endfacet
  facet normal -7.933533e-01 6.087614e-01 0.000000e+00
    outer loop
      vertex   5.679904e+01 -8.250000e+00 1.000000e+01
      vertex   5.679904e+01 -8.250000e+00 5.000000e+00
      vertex   5.656066e+01 -8.560660e+00 1.000000e+01
    endloop
  endfacet
  facet normal -7.933533e-01 6.087614e-01 2.162755e-16
    outer loop
      vertex   5.656066e+01 -8.560660e+00 1.000000e+01
      vertex   5.679904e+01 -8.250000e+00 5.000000e+00
      vertex   5.656066e+01 -8.560660e+00 5.000000e+00
    endloop
  endfacet
  facet normal -6.087614e-01 7.933533e-01 2.818557e-16
    outer loop
      vertex   5.656066e+01 -8.560660e+00 1.000000e+01
      vertex   5.656066e+01 -8.560660e+00 5.000000e+00
      vertex   5.625000e+01 -8.799038e+00 1.000000e+01
    endloop
  endfacet
  facet normal -6.087614e-01 7.933533e-01 0.000000e+00
    outer loop
      vertex   5.625000e+01 -8.799038e+00 1.000000e+01
      vertex   5.656066e+01 -8.560660e+00 5.000000e+00
      vertex   5.625000e+01 -8.799038e+00 5.000000e+00
    endloop
  endfacet
  facet normal -3.826834e-01 9.238795e-01 0.000000e+00
    outer loop
      vertex   5.625000e+01 -8.799038e+00 1.000000e+01
      vertex   5.625000e+01 -8.799038e+00 5.000000e+00
      vertex   5.588823e+01 -8.948889e+00 1.000000e+01
    endloop
  endfacet
  facet normal -3.826834e-01 9.238795e-01 0.000000e+00
    outer loop
      vertex   5.588823e+01 -8.948889e+00 1.000000e+01
      vertex   5.625000e+01 -8.799038e+00 5.000000e+00
      vertex   5.588823e+01 -8.948889e+00 5.000000e+00
    endloop
  endfacet
  facet normal -1.305262e-01 9.914449e-01 0.000000e+00
    outer loop
      vertex   5.588823e+01 -8.948889e+00 1.000000e+01
      vertex   5.588823e+01 -8.948889e+00 5.000000e+00
      vertex   5.550000e+01 -9.000000e+00 1.000000e+01
    endloop
  endfacet
  facet normal -1.305262e-01 9.914449e-01 0.000000e+00
    outer loop
      vertex   5.550000e+01 -9.000000e+00 1.000000e+01
      vertex   5.588823e+01 -8.948889e+00 5.000000e+00
      vertex   5.550000e+01 -9.000000e+00 5.000000e+00
    endloop
  endfacet
  facet normal 1.305262e-01 9.914449e-01 0.000000e+00
    outer loop
      vertex   5.550000e+01 -9.000000e+00 1.000000e+01
      vertex   5.550000e+01 -9.000000e+00 5.000000e+00
      vertex   5.511177e+01 -8.948889e+00 1.000000e+01
    endloop
  endfacet
  facet normal 1.305262e-01 9.914449e-01 0.000000e+00
    outer loop
      vertex   5.511177e+01 -8.948889e+00 1.000000e+01
      vertex   5.550000e+01 -9.000000e+00 5.000000e+00
      vertex   5.511177e+01 -8.948889e+00 5.000000e+00
    endloop
  endfacet
  facet normal 3.826834e-01 9.238795e-01 0.000000e+00
    outer loop
      vertex   5.511177e+01 -8.948889e+00 1.000000e+01
      vertex   5.511177e+01 -8.948889e+00 5.000000e+00
      vertex   5.475000e+01 -8.799038e+00 1.000000e+01
    endloop
  endfacet
  facet normal 3.826834e-01 9.238795e-01 3.282279e-16
    outer loop
      vertex   5.475000e+01 -8.799038e+00 1.000000e+01
      vertex   5.511177e+01 -8.948889e+00 5.000000e+00
      vertex   5.475000e+01 -8.799038e+00 5.000000e+00
    endloop
  endfacet
  facet normal 6.087614e-01 7.933533e-01 2.818557e-16
    outer loop
      vertex   5.475000e+01 -8.799038e+00 1.000000e+01
      vertex   5.475000e+01 -8.799038e+00 5.000000e+00
      vertex   5.443934e+01 -8.560660e+00 1.000000e+01
    endloop
  endfacet
  facet normal 6.087614e-01 7.933533e-01 2.818557e-16
    outer loop
      vertex   5.443934e+01 -8.560660e+00 1.000000e+01
      vertex   5.475000e+01 -8.799038e+00 5.000000e+00
      vertex   5.443934e+01 -8.560660e+00 5.000000e+00
    endloop
  endfacet
  facet normal 7.933533e-01 6.087614e-01 2.162755e-16
    outer loop
      vertex   5.443934e+01 -8.560660e+00 1.000000e+01
      vertex   5.443934e+01 -8.560660e+00 5.000000e+00
      vertex   5.420096e+01 -8.250000e+00 1.000000e+01
    endloop
  endfacet
  facet normal 7.933533e-01 6.087614e-01 0.000000e+00
    outer loop
      vertex   5.420096e+01 -8.250000e+00 1.000000e+01
      vertex   5.443934e+01 -8.560660e+00 5.000000e+00
      vertex   5.420096e+01 -8.250000e+00 5.000000e+00
    endloop
  endfacet
  facet normal 9.238795e-01 3.826834e-01 0.000000e+00
    outer loop
      vertex   5.420096e+01 -8.250000e+00 1.000000e+01
      vertex   5.420096e+01 -8.250000e+00 5.000000e+00
      vertex   5.405111e+01 -7.888229e+00 1.000000e+01
    endloop
  endfacet
  facet normal 9.238795e-01 3.826834e-01 0.000000e+00
    outer loop
      vertex   5.405111e+01 -7.888229e+00 1.000000e+01
      vertex   5.420096e+01 -8.250000e+00 5.000000e+00
      vertex   5.405111e+01 -7.888229e+00 5.000000e+00
    endloop
  endfacet
  facet normal 9.914449e-01 -1.305262e-01 0.000000e+00
    outer loop
      vertex   5.405111e+01 -7.111771e+00 0.000000e+00
      vertex   5.405111e+01 -7.111771e+00 5.000000e+00
      vertex   5.400000e+01 -7.500000e+00 0.000000e+00
    endloop
  endfacet
  facet normal 9.914449e-01 -1.305262e-01 0.000000e+00
    outer loop
      vertex   5.400000e+01 -7.500000e+00 0.000000e+00
      vertex   5.405111e+01 -7.111771e+00 5.000000e+00
      vertex   5.400000e+01 -7.500000e+00 5.000000e+00
    endloop
  endfacet
  facet normal 9.914449e-01 1.305262e-01 -0.000000e+00
    outer loop
      vertex   5.400000e+01 -7.500000e+00 0.000000e+00
      vertex   5.400000e+01 -7.500000e+00 5.000000e+00
      vertex   5.405111e+01 -7.888229e+00 0.000000e+00
    endloop
  endfacet
  facet normal 9.914449e-01 1.305262e-01 2.318611e-17
    outer loop
      vertex   5.405111e+01 -7.888229e+00 0.000000e+00
      vertex   5.400000e+01 -7.500000e+00 5.000000e+00
      vertex   5.405111e+01 -7.888229e+00 5.000000e+00
    endloop
  endfacet
  facet normal 9.238795e-01 3.826834e-01 6.797823e-17
    outer loop
      vertex   5.405111e+01 -7.888229e+00 0.000000e+00
      vertex   5.405111e+01 -7.888229e+00 5.000000e+00
      vertex   5.420096e+01 -8.250000e+00 0.000000e+00
    endloop
  endfacet
  facet normal 9.238795e-01 3.826834e-01 -0.000000e+00
    outer loop
      vertex   5.420096e+01 -8.250000e+00 0.000000e+00
      vertex   5.405111e+01 -7.888229e+00 5.000000e+00
      vertex   5.420096e+01 -8.250000e+00 5.000000e+00
    endloop
  endfacet
  facet normal 7.933533e-01 6.087614e-01 -0.000000e+00
    outer loop
      vertex   5.420096e+01 -8.250000e+00 0.000000e+00
      vertex   5.420096e+01 -8.250000e+00 5.000000e+00
      vertex   5.443934e+01 -8.560660e+00 0.000000e+00
    endloop
  endfacet
  facet normal 7.933533e-01 6.087614e-01 -2.162755e-16
    outer loop
      vertex   5.443934e+01 -8.560660e+00 0.000000e+00
      vertex   5.420096e+01 -8.250000e+00 5.000000e+00
      vertex   5.443934e+01 -8.560660e+00 5.000000e+00
    endloop
  endfacet
  facet normal 6.087614e-01 7.933533e-01 -2.818557e-16
    outer loop
      vertex   5.443934e+01 -8.560660e+00 0.000000e+00
      vertex   5.443934e+01 -8.560660e+00 5.000000e+00
      vertex   5.475000e+01 -8.799038e+00 0.000000e+00
    endloop
  endfacet
  facet normal 6.087614e-01 7.933533e-01 -0.000000e+00
    outer loop
      vertex   5.475000e+01 -8.799038e+00 0.000000e+00
      vertex   5.443934e+01 -8.560660e+00 5.000000e+00
      vertex   5.475000e+01 -8.799038e+00 5.000000e+00
    endloop
  endfacet
  facet normal 3.826834e-01 9.238795e-01 -0.000000e+00
    outer loop
      vertex   5.475000e+01 -8.799038e+00 0.000000e+00
      vertex   5.475000e+01 -8.799038e+00 5.000000e+00
      vertex   5.511177e+01 -8.948889e+00 0.000000e+00
    endloop
  endfacet
  facet normal 3.826834e-01 9.238795e-01 -0.000000e+00
    outer loop
      vertex   5.511177e+01 -8.948889e+00 0.000000e+00
      vertex   5.475000e+01 -8.799038e+00 5.000000e+00
      vertex   5.511177e+01 -8.948889e+00 5.000000e+00
    endloop
  endfacet
  facet normal 1.305262e-01 9.914449e-01 -0.000000e+00
    outer loop
      vertex   5.511177e+01 -8.948889e+00 0.000000e+00
      vertex   5.511177e+01 -8.948889e+00 5.000000e+00
      vertex   5.550000e+01 -9.000000e+00 0.000000e+00
    endloop
  endfacet
  facet normal 1.305262e-01 9.914449e-01 -0.000000e+00
    outer loop
      vertex   5.550000e+01 -9.000000e+00 0.000000e+00
      vertex   5.511177e+01 -8.948889e+00 5.000000e+00
      vertex   5.550000e+01 -9.000000e+00 5.000000e+00
    endloop
  endfacet
  facet normal -1.305262e-01 9.914449e-01 0.000000e+00
    outer loop
      vertex   5.550000e+01 -9.000000e+00 0.000000e+00
      vertex   5.550000e+01 -9.000000e+00 5.000000e+00
      vertex   5.588823e+01 -8.948889e+00 0.000000e+00
    endloop
  endfacet
  facet normal -1.305262e-01 9.914449e-01 0.000000e+00
    outer loop
      vertex   5.588823e+01 -8.948889e+00 0.000000e+00
      vertex   5.550000e+01 -9.000000e+00 5.000000e+00
      vertex   5.588823e+01 -8.948889e+00 5.000000e+00
    endloop
  endfacet
  facet normal -3.826834e-01 9.238795e-01 0.000000e+00
    outer loop
      vertex   5.588823e+01 -8.948889e+00 0.000000e+00
      vertex   5.588823e+01 -8.948889e+00 5.000000e+00
      vertex   5.625000e+01 -8.799038e+00 0.000000e+00
    endloop
  endfacet
  facet normal -3.826834e-01 9.238795e-01 0.000000e+00
    outer loop
      vertex   5.625000e+01 -8.799038e+00 0.000000e+00
      vertex   5.588823e+01 -8.948889e+00 5.000000e+00
      vertex   5.625000e+01 -8.799038e+00 5.000000e+00
    endloop
  endfacet
  facet normal -6.087614e-01 7.933533e-01 0.000000e+00
    outer loop
      vertex   5.625000e+01 -8.799038e+00 0.000000e+00
      vertex   5.625000e+01 -8.799038e+00 5.000000e+00
      vertex   5.656066e+01 -8.560660e+00 0.000000e+00
    endloop
  endfacet
  facet normal -6.087614e-01 7.933533e-01 -2.818557e-16
    outer loop
      vertex   5.656066e+01 -8.560660e+00 0.000000e+00
      vertex   5.625000e+01 -8.799038e+00 5.000000e+00
      vertex   5.656066e+01 -8.560660e+00 5.000000e+00
    endloop
  endfacet
  facet normal -7.933533e-01 6.087614e-01 -2.162755e-16
    outer loop
      vertex   5.656066e+01 -8.560660e+00 0.000000e+00
      vertex   5.656066e+01 -8.560660e+00 5.000000e+00
      vertex   5.679904e+01 -8.250000e+00 0.000000e+00
    endloop
  endfacet
  facet normal -7.933533e-01 6.087614e-01 0.000000e+00
    outer loop
      vertex   5.679904e+01 -8.250000e+00 0.000000e+00
      vertex   5.656066e+01 -8.560660e+00 5.000000e+00
      vertex   5.679904e+01 -8.250000e+00 5.000000e+00
    endloop
  endfacet
  facet normal -9.238795e-01 3.826834e-01 0.000000e+00
    outer loop
      vertex   5.679904e+01 -8.250000e+00 0.000000e+00
      vertex   5.679904e+01 -8.250000e+00 5.000000e+00
      vertex   5.694889e+01 -7.888229e+00 0.000000e+00
    endloop
  endfacet
  facet normal -9.238795e-01 3.826834e-01 0.000000e+00
    outer loop
      vertex   5.694889e+01 -7.888229e+00 0.000000e+00
      vertex   5.679904e+01 -8.250000e+00 5.000000e+00
      vertex   5.694889e+01 -7.888229e+00 5.000000e+00
    endloop
  endfacet
  facet normal -9.914449e-01 1.305262e-01 0.000000e+00
    outer loop
      vertex   5.694889e+01 -7.888229e+00 0.000000e+00
      vertex   5.694889e+01 -7.888229e+00 5.000000e+00
      vertex   5.700000e+01 -7.500000e+00 0.000000e+00
    endloop
  endfacet
  facet normal -9.914449e-01 1.305262e-01 0.000000e+00
    outer loop
      vertex   5.700000e+01 -7.500000e+00 0.000000e+00
      vertex   5.694889e+01 -7.888229e+00 5.000000e+00
      vertex   5.700000e+01 -7.500000e+00 5.000000e+00
    endloop
  endfacet
  facet normal -9.914449e-01 -1.305262e-01 0.000000e+00
    outer loop
      vertex   5.700000e+01 -7.500000e+00 0.000000e+00
      vertex   5.700000e+01 -7.500000e+00 5.000000e+00
      vertex   5.694889e+01 -7.111771e+00 0.000000e+00
    endloop
  endfacet
  facet normal -9.914449e-01 -1.305262e-01 4.637222e-17
    outer loop
      vertex   5.694889e+01 -7.111771e+00 0.000000e+00
      vertex   5.700000e+01 -7.500000e+00 5.000000e+00
      vertex   5.694889e+01 -7.111771e+00 5.000000e+00
    endloop
  endfacet
  facet normal -9.238795e-01 -3.826834e-01 1.359565e-16
    outer loop
      vertex   5.694889e+01 -7.111771e+00 0.000000e+00
      vertex   5.694889e+01 -7.111771e+00 5.000000e+00
      vertex   5.679904e+01 -6.750000e+00 0.000000e+00
    endloop
  endfacet
  facet normal -9.238795e-01 -3.826834e-01 0.000000e+00
    outer loop
      vertex   5.679904e+01 -6.750000e+00 0.000000e+00
      vertex   5.694889e+01 -7.111771e+00 5.000000e+00
      vertex   5.679904e+01 -6.750000e+00 5.000000e+00
    endloop
  endfacet
  facet normal -7.933533e-01 -6.087614e-01 0.000000e+00
    outer loop
      vertex   5.679904e+01 -6.750000e+00 0.000000e+00
      vertex   5.679904e+01 -6.750000e+00 5.000000e+00
      vertex   5.656066e+01 -6.439340e+00 0.000000e+00
    endloop
  endfacet
  facet normal -7.933533e-01 -6.087614e-01 -2.162755e-16
    outer loop
      vertex   5.656066e+01 -6.439340e+00 0.000000e+00
      vertex   5.679904e+01 -6.750000e+00 5.000000e+00
      vertex   5.656066e+01 -6.439340e+00 5.000000e+00
    endloop
  endfacet
  facet normal -6.087614e-01 -7.933533e-01 -2.818557e-16
    outer loop
      vertex   5.656066e+01 -6.439340e+00 0.000000e+00
      vertex   5.656066e+01 -6.439340e+00 5.000000e+00
      vertex   5.625000e+01 -6.200962e+00 0.000000e+00
    endloop
  endfacet
  facet normal -6.087614e-01 -7.933533e-01 0.000000e+00
    outer loop
      vertex   5.625000e+01 -6.200962e+00 0.000000e+00
      vertex   5.656066e+01 -6.439340e+00 5.000000e+00
      vertex   5.625000e+01 -6.200962e+00 5.000000e+00
    endloop
  endfacet
  facet normal -3.826834e-01 -9.238795e-01 0.000000e+00
    outer loop
      vertex   5.625000e+01 -6.200962e+00 0.000000e+00
      vertex   5.625000e+01 -6.200962e+00 5.000000e+00
      vertex   5.588823e+01 -6.051111e+00 0.000000e+00
    endloop
  endfacet
  facet normal -3.826834e-01 -9.238795e-01 0.000000e+00
    outer loop
      vertex   5.588823e+01 -6.051111e+00 0.000000e+00
      vertex   5.625000e+01 -6.200962e+00 5.000000e+00
      vertex   5.588823e+01 -6.051111e+00 5.000000e+00
    endloop
  endfacet
  facet normal -1.305262e-01 -9.914449e-01 0.000000e+00
    outer loop
      vertex   5.588823e+01 -6.051111e+00 0.000000e+00
      vertex   5.588823e+01 -6.051111e+00 5.000000e+00
      vertex   5.550000e+01 -6.000000e+00 0.000000e+00
    endloop
  endfacet
  facet normal -1.305262e-01 -9.914449e-01 0.000000e+00
    outer loop
      vertex   5.550000e+01 -6.000000e+00 0.000000e+00
      vertex   5.588823e+01 -6.051111e+00 5.000000e+00
      vertex   5.550000e+01 -6.000000e+00 5.000000e+00
    endloop
  endfacet
  facet normal 1.305262e-01 -9.914449e-01 0.000000e+00
    outer loop
      vertex   5.550000e+01 -6.000000e+00 0.000000e+00
      vertex   5.550000e+01 -6.000000e+00 5.000000e+00
      vertex   5.511177e+01 -6.051111e+00 0.000000e+00
    endloop
  endfacet
  facet normal 1.305262e-01 -9.914449e-01 0.000000e+00
    outer loop
      vertex   5.511177e+01 -6.051111e+00 0.000000e+00
      vertex   5.550000e+01 -6.000000e+00 5.000000e+00
      vertex   5.511177e+01 -6.051111e+00 5.000000e+00
    endloop
  endfacet
  facet normal 3.826834e-01 -9.238795e-01 0.000000e+00
    outer loop
      vertex   5.511177e+01 -6.051111e+00 0.000000e+00
      vertex   5.511177e+01 -6.051111e+00 5.000000e+00
      vertex   5.475000e+01 -6.200962e+00 0.000000e+00
    endloop
  endfacet
  facet normal 3.826834e-01 -9.238795e-01 -3.282279e-16
    outer loop
      vertex   5.475000e+01 -6.200962e+00 0.000000e+00
      vertex   5.511177e+01 -6.051111e+00 5.000000e+00
      vertex   5.475000e+01 -6.200962e+00 5.000000e+00
    endloop
  endfacet
  facet normal 6.087614e-01 -7.933533e-01 -2.818557e-16
    outer loop
      vertex   5.475000e+01 -6.200962e+00 0.000000e+00
      vertex   5.475000e+01 -6.200962e+00 5.000000e+00
      vertex   5.443934e+01 -6.439340e+00 0.000000e+00
    endloop
  endfacet
  facet normal 6.087614e-01 -7.933533e-01 -2.818557e-16
    outer loop
      vertex   5.443934e+01 -6.439340e+00 0.000000e+00
      vertex   5.475000e+01 -6.200962e+00 5.000000e+00
      vertex   5.443934e+01 -6.439340e+00 5.000000e+00
    endloop
  endfacet
  facet normal 7.933533e-01 -6.087614e-01 -2.162755e-16
    outer loop
      vertex   5.443934e+01 -6.439340e+00 0.000000e+00
      vertex   5.443934e+01 -6.439340e+00 5.000000e+00
      vertex   5.420096e+01 -6.750000e+00 0.000000e+00
    endloop
  endfacet
  facet normal 7.933533e-01 -6.087614e-01 0.000000e+00
    outer loop
      vertex   5.420096e+01 -6.750000e+00 0.000000e+00
      vertex   5.443934e+01 -6.439340e+00 5.000000e+00
      vertex   5.420096e+01 -6.750000e+00 5.000000e+00
    endloop
  endfacet
  facet normal 9.238795e-01 -3.826834e-01 0.000000e+00
    outer loop
      vertex   5.420096e+01 -6.750000e+00 0.000000e+00
      vertex   5.420096e+01 -6.750000e+00 5.000000e+00
      vertex   5.405111e+01 -7.111771e+00 0.000000e+00
    endloop
  endfacet
  facet normal 9.238795e-01 -3.826834e-01 0.000000e+00
    outer loop
      vertex   5.405111e+01 -7.111771e+00 0.000000e+00
      vertex   5.420096e+01 -6.750000e+00 5.000000e+00
      vertex   5.405111e+01 -7.111771e+00 5.000000e+00
    endloop
  endfacet
  facet normal 9.914449e-01 1.305262e-01 0.000000e+00
    outer loop
      vertex   5.405111e+01 7.111771e+00 1.000000e+01
      vertex   5.405111e+01 7.111771e+00 5.000000e+00
      vertex   5.400000e+01 7.500000e+00 1.000000e+01
    endloop
  endfacet
  facet normal 9.914449e-01 1.305262e-01 0.000000e+00
    outer loop
      vertex   5.400000e+01 7.500000e+00 1.000000e+01
      vertex   5.405111e+01 7.111771e+00 5.000000e+00
      vertex   5.400000e+01 7.500000e+00 5.000000e+00
    endloop
  endfacet
  facet normal 9.914449e-01 -1.305262e-01 0.000000e+00
    outer loop
      vertex   5.400000e+01 7.500000e+00 1.000000e+01
      vertex   5.400000e+01 7.500000e+00 5.000000e+00
      vertex   5.405111e+01 7.888229e+00 1.000000e+01
    endloop
  endfacet
  facet normal 9.914449e-01 -1.305262e-01 -2.318611e-17
    outer loop
      vertex   5.405111e+01 7.888229e+00 1.000000e+01
      vertex   5.400000e+01 7.500000e+00 5.000000e+00
      vertex   5.405111e+01 7.888229e+00 5.000000e+00
    endloop
  endfacet
  facet normal 9.238795e-01 -3.826834e-01 -6.797823e-17
    outer loop
      vertex   5.405111e+01 7.888229e+00 1.000000e+01
      vertex   5.405111e+01 7.888229e+00 5.000000e+00
      vertex   5.420096e+01 8.250000e+00 1.000000e+01
    endloop
  endfacet
  facet normal 9.238795e-01 -3.826834e-01 -1.359565e-16
    outer loop
      vertex   5.420096e+01 8.250000e+00 1.000000e+01
      vertex   5.405111e+01 7.888229e+00 5.000000e+00
      vertex   5.420096e+01 8.250000e+00 5.000000e+00
    endloop
  endfacet
  facet normal 7.933533e-01 -6.087614e-01 -2.162755e-16
    outer loop
      vertex   5.420096e+01 8.250000e+00 1.000000e+01
      vertex   5.420096e+01 8.250000e+00 5.000000e+00
      vertex   5.443934e+01 8.560660e+00 1.000000e+01
    endloop
  endfacet
  facet normal 7.933533e-01 -6.087614e-01 0.000000e+00
    outer loop
      vertex   5.443934e+01 8.560660e+00 1.000000e+01
      vertex   5.420096e+01 8.250000e+00 5.000000e+00
      vertex   5.443934e+01 8.560660e+00 5.000000e+00
    endloop
  endfacet
  facet normal 6.087614e-01 -7.933533e-01 0.000000e+00
    outer loop
      vertex   5.443934e+01 8.560660e+00 1.000000e+01
      vertex   5.443934e+01 8.560660e+00 5.000000e+00
      vertex   5.475000e+01 8.799038e+00 1.000000e+01
    endloop
  endfacet
  facet normal 6.087614e-01 -7.933533e-01 8.651020e-16
    outer loop
      vertex   5.475000e+01 8.799038e+00 1.000000e+01
      vertex   5.443934e+01 8.560660e+00 5.000000e+00
      vertex   5.475000e+01 8.799038e+00 5.000000e+00
    endloop
  endfacet
  facet normal 3.826834e-01 -9.238795e-01 5.438259e-16
    outer loop
      vertex   5.475000e+01 8.799038e+00 1.000000e+01
      vertex   5.475000e+01 8.799038e+00 5.000000e+00
      vertex   5.511177e+01 8.948889e+00 1.000000e+01
    endloop
  endfacet
  facet normal 3.826834e-01 -9.238795e-01 0.000000e+00
    outer loop
      vertex   5.511177e+01 8.948889e+00 1.000000e+01
      vertex   5.475000e+01 8.799038e+00 5.000000e+00
      vertex   5.511177e+01 8.948889e+00 5.000000e+00
    endloop
  endfacet
  facet normal 1.305262e-01 -9.914449e-01 0.000000e+00
    outer loop
      vertex   5.511177e+01 8.948889e+00 1.000000e+01
      vertex   5.511177e+01 8.948889e+00 5.000000e+00
      vertex   5.550000e+01 9.000000e+00 1.000000e+01
    endloop
  endfacet
  facet normal 1.305262e-01 -9.914449e-01 0.000000e+00
    outer loop
      vertex   5.550000e+01 9.000000e+00 1.000000e+01
      vertex   5.511177e+01 8.948889e+00 5.000000e+00
      vertex   5.550000e+01 9.000000e+00 5.000000e+00
    endloop
  endfacet
  facet normal -1.305262e-01 -9.914449e-01 -0.000000e+00
    outer loop
      vertex   5.550000e+01 9.000000e+00 1.000000e+01
      vertex   5.550000e+01 9.000000e+00 5.000000e+00
      vertex   5.588823e+01 8.948889e+00 1.000000e+01
    endloop
  endfacet
  facet normal -1.305262e-01 -9.914449e-01 -0.000000e+00
    outer loop
      vertex   5.588823e+01 8.948889e+00 1.000000e+01
      vertex   5.550000e+01 9.000000e+00 5.000000e+00
      vertex   5.588823e+01 8.948889e+00 5.000000e+00
    endloop
  endfacet
  facet normal -3.826834e-01 -9.238795e-01 -0.000000e+00
    outer loop
      vertex   5.588823e+01 8.948889e+00 1.000000e+01
      vertex   5.588823e+01 8.948889e+00 5.000000e+00
      vertex   5.625000e+01 8.799038e+00 1.000000e+01
    endloop
  endfacet
  facet normal -3.826834e-01 -9.238795e-01 -0.000000e+00
    outer loop
      vertex   5.625000e+01 8.799038e+00 1.000000e+01
      vertex   5.588823e+01 8.948889e+00 5.000000e+00
      vertex   5.625000e+01 8.799038e+00 5.000000e+00
    endloop
  endfacet
  facet normal -6.087614e-01 -7.933533e-01 -0.000000e+00
    outer loop
      vertex   5.625000e+01 8.799038e+00 1.000000e+01
      vertex   5.625000e+01 8.799038e+00 5.000000e+00
      vertex   5.656066e+01 8.560660e+00 1.000000e+01
    endloop
  endfacet
  facet normal -6.087614e-01 -7.933533e-01 -0.000000e+00
    outer loop
      vertex   5.656066e+01 8.560660e+00 1.000000e+01
      vertex   5.625000e+01 8.799038e+00 5.000000e+00
      vertex   5.656066e+01 8.560660e+00 5.000000e+00
    endloop
  endfacet
  facet normal -7.933533e-01 -6.087614e-01 -0.000000e+00
    outer loop
      vertex   5.656066e+01 8.560660e+00 1.000000e+01
      vertex   5.656066e+01 8.560660e+00 5.000000e+00
      vertex   5.679904e+01 8.250000e+00 1.000000e+01
    endloop
  endfacet
  facet normal -7.933533e-01 -6.087614e-01 -2.162755e-16
    outer loop
      vertex   5.679904e+01 8.250000e+00 1.000000e+01
      vertex   5.656066e+01 8.560660e+00 5.000000e+00
      vertex   5.679904e+01 8.250000e+00 5.000000e+00
    endloop
  endfacet
  facet normal -9.238795e-01 -3.826834e-01 -1.359565e-16
    outer loop
      vertex   5.679904e+01 8.250000e+00 1.000000e+01
      vertex   5.679904e+01 8.250000e+00 5.000000e+00
      vertex   5.694889e+01 7.888229e+00 1.000000e+01
    endloop
  endfacet
  facet normal -9.238795e-01 -3.826834e-01 -0.000000e+00
    outer loop
      vertex   5.694889e+01 7.888229e+00 1.000000e+01
      vertex   5.679904e+01 8.250000e+00 5.000000e+00
      vertex   5.694889e+01 7.888229e+00 5.000000e+00
    endloop
  endfacet
  facet normal -9.914449e-01 -1.305262e-01 -0.000000e+00
    outer loop
      vertex   5.694889e+01 7.888229e+00 1.000000e+01
      vertex   5.694889e+01 7.888229e+00 5.000000e+00
      vertex   5.700000e+01 7.500000e+00 1.000000e+01
    endloop
  endfacet
  facet normal -9.914449e-01 -1.305262e-01 -0.000000e+00
    outer loop
      vertex   5.700000e+01 7.500000e+00 1.000000e+01
      vertex   5.694889e+01 7.888229e+00 5.000000e+00
      vertex   5.700000e+01 7.500000e+00 5.000000e+00
    endloop
  endfacet
  facet normal -9.914449e-01 1.305262e-01 0.000000e+00
    outer loop
      vertex   5.700000e+01 7.500000e+00 1.000000e+01
      vertex   5.700000e+01 7.500000e+00 5.000000e+00
      vertex   5.694889e+01 7.111771e+00 1.000000e+01
    endloop
  endfacet
  facet normal -9.914449e-01 1.305262e-01 -2.318611e-17
    outer loop
      vertex   5.694889e+01 7.111771e+00 1.000000e+01
      vertex   5.700000e+01 7.500000e+00 5.000000e+00
      vertex   5.694889e+01 7.111771e+00 5.000000e+00
    endloop
  endfacet
  facet normal -9.238795e-01 3.826834e-01 -6.797823e-17
    outer loop
      vertex   5.694889e+01 7.111771e+00 1.000000e+01
      vertex   5.694889e+01 7.111771e+00 5.000000e+00
      vertex   5.679904e+01 6.750000e+00 1.000000e+01
    endloop
  endfacet
  facet normal -9.238795e-01 3.826834e-01 -6.797823e-17
    outer loop
      vertex   5.679904e+01 6.750000e+00 1.000000e+01
      vertex   5.694889e+01 7.111771e+00 5.000000e+00
      vertex   5.679904e+01 6.750000e+00 5.000000e+00
    endloop
  endfacet
  facet normal -7.933533e-01 6.087614e-01 -1.081378e-16
    outer loop
      vertex   5.679904e+01 6.750000e+00 1.000000e+01
      vertex   5.679904e+01 6.750000e+00 5.000000e+00
      vertex   5.656066e+01 6.439340e+00 1.000000e+01
    endloop
  endfacet
  facet normal -7.933533e-01 6.087614e-01 0.000000e+00
    outer loop
      vertex   5.656066e+01 6.439340e+00 1.000000e+01
      vertex   5.679904e+01 6.750000e+00 5.000000e+00
      vertex   5.656066e+01 6.439340e+00 5.000000e+00
    endloop
  endfacet
  facet normal -6.087614e-01 7.933533e-01 0.000000e+00
    outer loop
      vertex   5.656066e+01 6.439340e+00 1.000000e+01
      vertex   5.656066e+01 6.439340e+00 5.000000e+00
      vertex   5.625000e+01 6.200962e+00 1.000000e+01
    endloop
  endfacet
  facet normal -6.087614e-01 7.933533e-01 8.651020e-16
    outer loop
      vertex   5.625000e+01 6.200962e+00 1.000000e+01
      vertex   5.656066e+01 6.439340e+00 5.000000e+00
      vertex   5.625000e+01 6.200962e+00 5.000000e+00
    endloop
  endfacet
  facet normal -3.826834e-01 9.238795e-01 5.438259e-16
    outer loop
      vertex   5.625000e+01 6.200962e+00 1.000000e+01
      vertex   5.625000e+01 6.200962e+00 5.000000e+00
      vertex   5.588823e+01 6.051111e+00 1.000000e+01
    endloop
  endfacet
  facet normal -3.826834e-01 9.238795e-01 1.641140e-16
    outer loop
      vertex   5.588823e+01 6.051111e+00 1.000000e+01
      vertex   5.625000e+01 6.200962e+00 5.000000e+00
      vertex   5.588823e+01 6.051111e+00 5.000000e+00
    endloop
  endfacet
  facet normal -1.305262e-01 9.914449e-01 1.761160e-16
    outer loop
      vertex   5.588823e+01 6.051111e+00 1.000000e+01
      vertex   5.588823e+01 6.051111e+00 5.000000e+00
      vertex   5.550000e+01 6.000000e+00 1.000000e+01
    endloop
  endfacet
  facet normal -1.305262e-01 9.914449e-01 0.000000e+00
    outer loop
      vertex   5.550000e+01 6.000000e+00 1.000000e+01
      vertex   5.588823e+01 6.051111e+00 5.000000e+00
      vertex   5.550000e+01 6.000000e+00 5.000000e+00
    endloop
  endfacet
  facet normal 1.305262e-01 9.914449e-01 0.000000e+00
    outer loop
      vertex   5.550000e+01 6.000000e+00 1.000000e+01
      vertex   5.550000e+01 6.000000e+00 5.000000e+00
      vertex   5.511177e+01 6.051111e+00 1.000000e+01
    endloop
  endfacet
  facet normal 1.305262e-01 9.914449e-01 3.522320e-16
    outer loop
      vertex   5.511177e+01 6.051111e+00 1.000000e+01
      vertex   5.550000e+01 6.000000e+00 5.000000e+00
      vertex   5.511177e+01 6.051111e+00 5.000000e+00
    endloop
  endfacet
  facet normal 3.826834e-01 9.238795e-01 3.282279e-16
    outer loop
      vertex   5.511177e+01 6.051111e+00 1.000000e+01
      vertex   5.511177e+01 6.051111e+00 5.000000e+00
      vertex   5.475000e+01 6.200962e+00 1.000000e+01
    endloop
  endfacet
  facet normal 3.826834e-01 9.238795e-01 1.641140e-16
    outer loop
      vertex   5.475000e+01 6.200962e+00 1.000000e+01
      vertex   5.511177e+01 6.051111e+00 5.000000e+00
      vertex   5.475000e+01 6.200962e+00 5.000000e+00
    endloop
  endfacet
  facet normal 6.087614e-01 7.933533e-01 1.409279e-16
    outer loop
      vertex   5.475000e+01 6.200962e+00 1.000000e+01
      vertex   5.475000e+01 6.200962e+00 5.000000e+00
      vertex   5.443934e+01 6.439340e+00 1.000000e+01
    endloop
  endfacet
  facet normal 6.087614e-01 7.933533e-01 1.409279e-16
    outer loop
      vertex   5.443934e+01 6.439340e+00 1.000000e+01
      vertex   5.475000e+01 6.200962e+00 5.000000e+00
      vertex   5.443934e+01 6.439340e+00 5.000000e+00
    endloop
  endfacet
  facet normal 7.933533e-01 6.087614e-01 1.081378e-16
    outer loop
      vertex   5.443934e+01 6.439340e+00 1.000000e+01
      vertex   5.443934e+01 6.439340e+00 5.000000e+00
      vertex   5.420096e+01 6.750000e+00 1.000000e+01
    endloop
  endfacet
  facet normal 7.933533e-01 6.087614e-01 -1.081378e-16
    outer loop
      vertex   5.420096e+01 6.750000e+00 1.000000e+01
      vertex   5.443934e+01 6.439340e+00 5.000000e+00
      vertex   5.420096e+01 6.750000e+00 5.000000e+00
    endloop
  endfacet
  facet normal 9.238795e-01 3.826834e-01 -6.797823e-17
    outer loop
      vertex   5.420096e+01 6.750000e+00 1.000000e+01
      vertex   5.420096e+01 6.750000e+00 5.000000e+00
      vertex   5.405111e+01 7.111771e+00 1.000000e+01
    endloop
  endfacet
  facet normal 9.238795e-01 3.826834e-01 0.000000e+00
    outer loop
      vertex   5.405111e+01 7.111771e+00 1.000000e+01
      vertex   5.420096e+01 6.750000e+00 5.000000e+00
      vertex   5.405111e+01 7.111771e+00 5.000000e+00
    endloop
  endfacet
  facet normal 9.914449e-01 -1.305262e-01 0.000000e+00
    outer loop
      vertex   5.405111e+01 7.888229e+00 0.000000e+00
      vertex   5.405111e+01 7.888229e+00 5.000000e+00
      vertex   5.400000e+01 7.500000e+00 0.000000e+00
    endloop
  endfacet
  facet normal 9.914449e-01 -1.305262e-01 0.000000e+00
    outer loop
      vertex   5.400000e+01 7.500000e+00 0.000000e+00
      vertex   5.405111e+01 7.888229e+00 5.000000e+00
      vertex   5.400000e+01 7.500000e+00 5.000000e+00
    endloop
  endfacet
  facet normal 9.914449e-01 1.305262e-01 -0.000000e+00
    outer loop
      vertex   5.400000e+01 7.500000e+00 0.000000e+00
      vertex   5.400000e+01 7.500000e+00 5.000000e+00
      vertex   5.405111e+01 7.111771e+00 0.000000e+00
    endloop
  endfacet
  facet normal 9.914449e-01 1.305262e-01 2.318611e-17
    outer loop
      vertex   5.405111e+01 7.111771e+00 0.000000e+00
      vertex   5.400000e+01 7.500000e+00 5.000000e+00
      vertex   5.405111e+01 7.111771e+00 5.000000e+00
    endloop
  endfacet
  facet normal 9.238795e-01 3.826834e-01 6.797823e-17
    outer loop
      vertex   5.405111e+01 7.111771e+00 0.000000e+00
      vertex   5.405111e+01 7.111771e+00 5.000000e+00
      vertex   5.420096e+01 6.750000e+00 0.000000e+00
    endloop
  endfacet
  facet normal 9.238795e-01 3.826834e-01 6.797823e-17
    outer loop
      vertex   5.420096e+01 6.750000e+00 0.000000e+00
      vertex   5.405111e+01 7.111771e+00 5.000000e+00
      vertex   5.420096e+01 6.750000e+00 5.000000e+00
    endloop
  endfacet
  facet normal 7.933533e-01 6.087614e-01 1.081378e-16
    outer loop
      vertex   5.420096e+01 6.750000e+00 0.000000e+00
      vertex   5.420096e+01 6.750000e+00 5.000000e+00
      vertex   5.443934e+01 6.439340e+00 0.000000e+00
    endloop
  endfacet
  facet normal 7.933533e-01 6.087614e-01 -1.081378e-16
    outer loop
      vertex   5.443934e+01 6.439340e+00 0.000000e+00
      vertex   5.420096e+01 6.750000e+00 5.000000e+00
      vertex   5.443934e+01 6.439340e+00 5.000000e+00
    endloop
  endfacet
  facet normal 6.087614e-01 7.933533e-01 -1.409279e-16
    outer loop
      vertex   5.443934e+01 6.439340e+00 0.000000e+00
      vertex   5.443934e+01 6.439340e+00 5.000000e+00
      vertex   5.475000e+01 6.200962e+00 0.000000e+00
    endloop
  endfacet
  facet normal 6.087614e-01 7.933533e-01 -8.651020e-16
    outer loop
      vertex   5.475000e+01 6.200962e+00 0.000000e+00
      vertex   5.443934e+01 6.439340e+00 5.000000e+00
      vertex   5.475000e+01 6.200962e+00 5.000000e+00
    endloop
  endfacet
  facet normal 3.826834e-01 9.238795e-01 -5.438259e-16
    outer loop
      vertex   5.475000e+01 6.200962e+00 0.000000e+00
      vertex   5.475000e+01 6.200962e+00 5.000000e+00
      vertex   5.511177e+01 6.051111e+00 0.000000e+00
    endloop
  endfacet
  facet normal 3.826834e-01 9.238795e-01 -1.641140e-16
    outer loop
      vertex   5.511177e+01 6.051111e+00 0.000000e+00
      vertex   5.475000e+01 6.200962e+00 5.000000e+00
      vertex   5.511177e+01 6.051111e+00 5.000000e+00
    endloop
  endfacet
  facet normal 1.305262e-01 9.914449e-01 -1.761160e-16
    outer loop
      vertex   5.511177e+01 6.051111e+00 0.000000e+00
      vertex   5.511177e+01 6.051111e+00 5.000000e+00
      vertex   5.550000e+01 6.000000e+00 0.000000e+00
    endloop
  endfacet
  facet normal 1.305262e-01 9.914449e-01 -0.000000e+00
    outer loop
      vertex   5.550000e+01 6.000000e+00 0.000000e+00
      vertex   5.511177e+01 6.051111e+00 5.000000e+00
      vertex   5.550000e+01 6.000000e+00 5.000000e+00
    endloop
  endfacet
  facet normal -1.305262e-01 9.914449e-01 0.000000e+00
    outer loop
      vertex   5.550000e+01 6.000000e+00 0.000000e+00
      vertex   5.550000e+01 6.000000e+00 5.000000e+00
      vertex   5.588823e+01 6.051111e+00 0.000000e+00
    endloop
  endfacet
  facet normal -1.305262e-01 9.914449e-01 -1.761160e-16
    outer loop
      vertex   5.588823e+01 6.051111e+00 0.000000e+00
      vertex   5.550000e+01 6.000000e+00 5.000000e+00
      vertex   5.588823e+01 6.051111e+00 5.000000e+00
    endloop
  endfacet
  facet normal -3.826834e-01 9.238795e-01 -1.641140e-16
    outer loop
      vertex   5.588823e+01 6.051111e+00 0.000000e+00
      vertex   5.588823e+01 6.051111e+00 5.000000e+00
      vertex   5.625000e+01 6.200962e+00 0.000000e+00
    endloop
  endfacet
  facet normal -3.826834e-01 9.238795e-01 0.000000e+00
    outer loop
      vertex   5.625000e+01 6.200962e+00 0.000000e+00
      vertex   5.588823e+01 6.051111e+00 5.000000e+00
      vertex   5.625000e+01 6.200962e+00 5.000000e+00
    endloop
  endfacet
  facet normal -6.087614e-01 7.933533e-01 0.000000e+00
    outer loop
      vertex   5.625000e+01 6.200962e+00 0.000000e+00
      vertex   5.625000e+01 6.200962e+00 5.000000e+00
      vertex   5.656066e+01 6.439340e+00 0.000000e+00
    endloop
  endfacet
  facet normal -6.087614e-01 7.933533e-01 0.000000e+00
    outer loop
      vertex   5.656066e+01 6.439340e+00 0.000000e+00
      vertex   5.625000e+01 6.200962e+00 5.000000e+00
      vertex   5.656066e+01 6.439340e+00 5.000000e+00
    endloop
  endfacet
  facet normal -7.933533e-01 6.087614e-01 0.000000e+00
    outer loop
      vertex   5.656066e+01 6.439340e+00 0.000000e+00
      vertex   5.656066e+01 6.439340e+00 5.000000e+00
      vertex   5.679904e+01 6.750000e+00 0.000000e+00
    endloop
  endfacet
  facet normal -7.933533e-01 6.087614e-01 1.081378e-16
    outer loop
      vertex   5.679904e+01 6.750000e+00 0.000000e+00
      vertex   5.656066e+01 6.439340e+00 5.000000e+00
      vertex   5.679904e+01 6.750000e+00 5.000000e+00
    endloop
  endfacet
  facet normal -9.238795e-01 3.826834e-01 6.797823e-17
    outer loop
      vertex   5.679904e+01 6.750000e+00 0.000000e+00
      vertex   5.679904e+01 6.750000e+00 5.000000e+00
      vertex   5.694889e+01 7.111771e+00 0.000000e+00
    endloop
  endfacet
  facet normal -9.238795e-01 3.826834e-01 0.000000e+00
    outer loop
      vertex   5.694889e+01 7.111771e+00 0.000000e+00
      vertex   5.679904e+01 6.750000e+00 5.000000e+00
      vertex   5.694889e+01 7.111771e+00 5.000000e+00
    endloop
  endfacet
  facet normal -9.914449e-01 1.305262e-01 0.000000e+00
    outer loop
      vertex   5.694889e+01 7.111771e+00 0.000000e+00
      vertex   5.694889e+01 7.111771e+00 5.000000e+00
      vertex   5.700000e+01 7.500000e+00 0.000000e+00
    endloop
  endfacet
  facet normal -9.914449e-01 1.305262e-01 0.000000e+00
    outer loop
      vertex   5.700000e+01 7.500000e+00 0.000000e+00
      vertex   5.694889e+01 7.111771e+00 5.000000e+00
      vertex   5.700000e+01 7.500000e+00 5.000000e+00
    endloop
  endfacet
  facet normal -9.914449e-01 -1.305262e-01 0.000000e+00
    outer loop
      vertex   5.700000e+01 7.500000e+00 0.000000e+00
      vertex   5.700000e+01 7.500000e+00 5.000000e+00
      vertex   5.694889e+01 7.888229e+00 0.000000e+00
    endloop
  endfacet
  facet normal -9.914449e-01 -1.305262e-01 2.318611e-17
    outer loop
      vertex   5.694889e+01 7.888229e+00 0.000000e+00
      vertex   5.700000e+01 7.500000e+00 5.000000e+00
      vertex   5.694889e+01 7.888229e+00 5.000000e+00
    endloop
  endfacet
  facet normal -9.238795e-01 -3.826834e-01 6.797823e-17
    outer loop
      vertex   5.694889e+01 7.888229e+00 0.000000e+00
      vertex   5.694889e+01 7.888229e+00 5.000000e+00
      vertex   5.679904e+01 8.250000e+00 0.000000e+00
    endloop
  endfacet
  facet normal -9.238795e-01 -3.826834e-01 1.359565e-16
    outer loop
      vertex   5.679904e+01 8.250000e+00 0.000000e+00
      vertex   5.694889e+01 7.888229e+00 5.000000e+00
      vertex   5.679904e+01 8.250000e+00 5.000000e+00
    endloop
  endfacet
  facet normal -7.933533e-01 -6.087614e-01 2.162755e-16
    outer loop
      vertex   5.679904e+01 8.250000e+00 0.000000e+00
      vertex   5.679904e+01 8.250000e+00 5.000000e+00
      vertex   5.656066e+01 8.560660e+00 0.000000e+00
    endloop
  endfacet
  facet normal -7.933533e-01 -6.087614e-01 0.000000e+00
    outer loop
      vertex   5.656066e+01 8.560660e+00 0.000000e+00
      vertex   5.679904e+01 8.250000e+00 5.000000e+00
      vertex   5.656066e+01 8.560660e+00 5.000000e+00
    endloop
  endfacet
  facet normal -6.087614e-01 -7.933533e-01 0.000000e+00
    outer loop
      vertex   5.656066e+01 8.560660e+00 0.000000e+00
      vertex   5.656066e+01 8.560660e+00 5.000000e+00
      vertex   5.625000e+01 8.799038e+00 0.000000e+00
    endloop
  endfacet
  facet normal -6.087614e-01 -7.933533e-01 -8.651020e-16
    outer loop
      vertex   5.625000e+01 8.799038e+00 0.000000e+00
      vertex   5.656066e+01 8.560660e+00 5.000000e+00
      vertex   5.625000e+01 8.799038e+00 5.000000e+00
    endloop
  endfacet
  facet normal -3.826834e-01 -9.238795e-01 -5.438259e-16
    outer loop
      vertex   5.625000e+01 8.799038e+00 0.000000e+00
      vertex   5.625000e+01 8.799038e+00 5.000000e+00
      vertex   5.588823e+01 8.948889e+00 0.000000e+00
    endloop
  endfacet
  facet normal -3.826834e-01 -9.238795e-01 0.000000e+00
    outer loop
      vertex   5.588823e+01 8.948889e+00 0.000000e+00
      vertex   5.625000e+01 8.799038e+00 5.000000e+00
      vertex   5.588823e+01 8.948889e+00 5.000000e+00
    endloop
  endfacet
  facet normal -1.305262e-01 -9.914449e-01 0.000000e+00
    outer loop
      vertex   5.588823e+01 8.948889e+00 0.000000e+00
      vertex   5.588823e+01 8.948889e+00 5.000000e+00
      vertex   5.550000e+01 9.000000e+00 0.000000e+00
    endloop
  endfacet
  facet normal -1.305262e-01 -9.914449e-01 0.000000e+00
    outer loop
      vertex   5.550000e+01 9.000000e+00 0.000000e+00
      vertex   5.588823e+01 8.948889e+00 5.000000e+00
      vertex   5.550000e+01 9.000000e+00 5.000000e+00
    endloop
  endfacet
  facet normal 1.305262e-01 -9.914449e-01 0.000000e+00
    outer loop
      vertex   5.550000e+01 9.000000e+00 0.000000e+00
      vertex   5.550000e+01 9.000000e+00 5.000000e+00
      vertex   5.511177e+01 8.948889e+00 0.000000e+00
    endloop
  endfacet
  facet normal 1.305262e-01 -9.914449e-01 -3.522320e-16
    outer loop
      vertex   5.511177e+01 8.948889e+00 0.000000e+00
      vertex   5.550000e+01 9.000000e+00 5.000000e+00
      vertex   5.511177e+01 8.948889e+00 5.000000e+00
    endloop
  endfacet
  facet normal 3.826834e-01 -9.238795e-01 -3.282279e-16
    outer loop
      vertex   5.511177e+01 8.948889e+00 0.000000e+00
      vertex   5.511177e+01 8.948889e+00 5.000000e+00
      vertex   5.475000e+01 8.799038e+00 0.000000e+00
    endloop
  endfacet
  facet normal 3.826834e-01 -9.238795e-01 0.000000e+00
    outer loop
      vertex   5.475000e+01 8.799038e+00 0.000000e+00
      vertex   5.511177e+01 8.948889e+00 5.000000e+00
      vertex   5.475000e+01 8.799038e+00 5.000000e+00
    endloop
  endfacet
  facet normal 6.087614e-01 -7.933533e-01 0.000000e+00
    outer loop
      vertex   5.475000e+01 8.799038e+00 0.000000e+00
      vertex   5.475000e+01 8.799038e+00 5.000000e+00
      vertex   5.443934e+01 8.560660e+00 0.000000e+00
    endloop
  endfacet
  facet normal 6.087614e-01 -7.933533e-01 0.000000e+00
    outer loop
      vertex   5.443934e+01 8.560660e+00 0.000000e+00
      vertex   5.475000e+01 8.799038e+00 5.000000e+00
      vertex   5.443934e+01 8.560660e+00 5.000000e+00
    endloop
  endfacet
  facet normal 7.933533e-01 -6.087614e-01 0.000000e+00
    outer loop
      vertex   5.443934e+01 8.560660e+00 0.000000e+00
      vertex   5.443934e+01 8.560660e+00 5.000000e+00
      vertex   5.420096e+01 8.250000e+00 0.000000e+00
    endloop
  endfacet
  facet normal 7.933533e-01 -6.087614e-01 2.162755e-16
    outer loop
      vertex   5.420096e+01 8.250000e+00 0.000000e+00
      vertex   5.443934e+01 8.560660e+00 5.000000e+00
      vertex   5.420096e+01 8.250000e+00 5.000000e+00
    endloop
  endfacet
  facet normal 9.238795e-01 -3.826834e-01 1.359565e-16
    outer loop
      vertex   5.420096e+01 8.250000e+00 0.000000e+00
      vertex   5.420096e+01 8.250000e+00 5.000000e+00
      vertex   5.405111e+01 7.888229e+00 0.000000e+00
    endloop
  endfacet
  facet normal 9.238795e-01 -3.826834e-01 0.000000e+00
    outer loop
      vertex   5.405111e+01 7.888229e+00 0.000000e+00
      vertex   5.420096e+01 8.250000e+00 5.000000e+00
      vertex   5.405111e+01 7.888229e+00 5.000000e+00
    endloop
  endfacet
  facet normal 0.000000e+00 -0.000000e+00 1.000000e+00
    outer loop
      vertex   5.405111e+01 7.111771e+00 0.000000e+00
      vertex   5.694889e+01 7.111771e+00 0.000000e+00
      vertex   5.400000e+01 7.500000e+00 0.000000e+00
    endloop
  endfacet
  facet normal -0.000000e+00 0.000000e+00 1.000000e+00
    outer loop
      vertex   5.400000e+01 7.500000e+00 0.000000e+00
      vertex   5.694889e+01 7.111771e+00 0.000000e+00
      vertex   5.700000e+01 7.500000e+00 0.000000e+00
    endloop
  endfacet
  facet normal 0.000000e+00 0.000000e+00 1.000000e+00
    outer loop
      vertex   5.400000e+01 7.500000e+00 0.000000e+00
      vertex   5.700000e+01 7.500000e+00 0.000000e+00
      vertex   5.405111e+01 7.888229e+00 0.000000e+00
    endloop
  endfacet
  facet normal 0.000000e+00 0.000000e+00 1.000000e+00
    outer loop
      vertex   5.405111e+01 7.888229e+00 0.000000e+00
      vertex   5.700000e+01 7.500000e+00 0.000000e+00
      vertex   5.694889e+01 7.888229e+00 0.000000e+00
    endloop
  endfacet
  facet normal -0.000000e+00 0.000000e+00 1.000000e+00
    outer loop
      vertex   5.405111e+01 7.888229e+00 0.000000e+00
      vertex   5.694889e+01 7.888229e+00 0.000000e+00
      vertex   5.420096e+01 8.250000e+00 0.000000e+00
    endloop
  endfacet
  facet normal -0.000000e+00 0.000000e+00 1.000000e+00
    outer loop
      vertex   5.420096e+01 8.250000e+00 0.000000e+00
      vertex   5.694889e+01 7.888229e+00 0.000000e+00
      vertex   5.679904e+01 8.250000e+00 0.000000e+00
    endloop
  endfacet
  facet normal 0.000000e+00 0.000000e+00 1.000000e+00
    outer loop
      vertex   5.420096e+01 8.250000e+00 0.000000e+00
      vertex   5.679904e+01 8.250000e+00 0.000000e+00
      vertex   5.443934e+01 8.560660e+00 0.000000e+00
    endloop
  endfacet
  facet normal -0.000000e+00 0.000000e+00 1.000000e+00
    outer loop
      vertex   5.443934e+01 8.560660e+00 0.000000e+00
      vertex   5.679904e+01 8.250000e+00 0.000000e+00
      vertex   5.656066e+01 8.560660e+00 0.000000e+00
    endloop
  endfacet
  facet normal 0.000000e+00 0.000000e+00 1.000000e+00
    outer loop
      vertex   5.443934e+01 8.560660e+00 0.000000e+00
      vertex   5.656066e+01 8.560660e+00 0.000000e+00
      vertex   5.475000e+01 8.799038e+00 0.000000e+00
    endloop
  endfacet
  facet normal -0.000000e+00 0.000000e+00 1.000000e+00
    outer loop
      vertex   5.475000e+01 8.799038e+00 0.000000e+00
      vertex   5.656066e+01 8.560660e+00 0.000000e+00
      vertex   5.625000e+01 8.799038e+00 0.000000e+00
    endloop
  endfacet
  facet normal 0.000000e+00 0.000000e+00 1.000000e+00
    outer loop
      vertex   5.475000e+01 8.799038e+00 0.000000e+00
      vertex   5.625000e+01 8.799038e+00 0.000000e+00
      vertex   5.511177e+01 8.948889e+00 0.000000e+00
    endloop
  endfacet
  facet normal 0.000000e+00 0.000000e+00 1.000000e+00
    outer loop
      vertex   5.511177e+01 8.948889e+00 0.000000e+00
      vertex   5.625000e+01 8.799038e+00 0.000000e+00
      vertex   5.588823e+01 8.948889e+00 0.000000e+00
    endloop
  endfacet
  facet normal -0.000000e+00 0.000000e+00 1.000000e+00
    outer loop
      vertex   5.511177e+01 8.948889e+00 0.000000e+00
      vertex   5.588823e+01 8.948889e+00 0.000000e+00
      vertex   5.550000e+01 9.000000e+00 0.000000e+00
    endloop
  endfacet
  facet normal 0.000000e+00 0.000000e+00 1.000000e+00
    outer loop
      vertex   5.694889e+01 7.111771e+00 0.000000e+00
      vertex   5.405111e+01 7.111771e+00 0.000000e+00
      vertex   5.679904e+01 6.750000e+00 0.000000e+00
    endloop
  endfacet
  facet normal 0.000000e+00 0.000000e+00 1.000000e+00
    outer loop
      vertex   5.679904e+01 6.750000e+00 0.000000e+00
      vertex   5.405111e+01 7.111771e+00 0.000000e+00
      vertex   5.420096e+01 6.750000e+00 0.000000e+00
    endloop
  endfacet
  facet normal 0.000000e+00 0.000000e+00 1.000000e+00
    outer loop
      vertex   5.679904e+01 6.750000e+00 0.000000e+00
      vertex   5.420096e+01 6.750000e+00 0.000000e+00
      vertex   5.656066e+01 6.439340e+00 0.000000e+00
    endloop
  endfacet
  facet normal 0.000000e+00 0.000000e+00 1.000000e+00
    outer loop
      vertex   5.656066e+01 6.439340e+00 0.000000e+00
      vertex   5.420096e+01 6.750000e+00 0.000000e+00
      vertex   5.443934e+01 6.439340e+00 0.000000e+00
    endloop
  endfacet
  facet normal 0.000000e+00 0.000000e+00 1.000000e+00
    outer loop
      vertex   5.656066e+01 6.439340e+00 0.000000e+00
      vertex   5.443934e+01 6.439340e+00 0.000000e+00
      vertex   5.625000e+01 6.200962e+00 0.000000e+00
    endloop
  endfacet
  facet normal 0.000000e+00 0.000000e+00 1.000000e+00
    outer loop
      vertex   5.625000e+01 6.200962e+00 0.000000e+00
      vertex   5.443934e+01 6.439340e+00 0.000000e+00
      vertex   5.475000e+01 6.200962e+00 0.000000e+00
    endloop
  endfacet
  facet normal 0.000000e+00 0.000000e+00 1.000000e+00
    outer loop
      vertex   5.625000e+01 6.200962e+00 0.000000e+00
      vertex   5.475000e+01 6.200962e+00 0.000000e+00
      vertex   5.588823e+01 6.051111e+00 0.000000e+00
    endloop
  endfacet
  facet normal 0.000000e+00 0.000000e+00 1.000000e+00
    outer loop
      vertex   5.588823e+01 6.051111e+00 0.000000e+00
      vertex   5.475000e+01 6.200962e+00 0.000000e+00
      vertex   5.511177e+01 6.051111e+00 0.000000e+00
    endloop
  endfacet
  facet normal 0.000000e+00 0.000000e+00 1.000000e+00
    outer loop
      vertex   5.588823e+01 6.051111e+00 0.000000e+00
      vertex   5.511177e+01 6.051111e+00 0.000000e+00
      vertex   5.550000e+01 6.000000e+00 0.000000e+00
    endloop
  endfacet
  facet normal 0.000000e+00 -0.000000e+00 1.000000e+00
    outer loop
      vertex   5.405111e+01 -7.888229e+00 0.000000e+00
      vertex   5.694889e+01 -7.888229e+00 0.000000e+00
      vertex   5.400000e+01 -7.500000e+00 0.000000e+00
    endloop
  endfacet
  facet normal -0.000000e+00 0.000000e+00 1.000000e+00
    outer loop
      vertex   5.400000e+01 -7.500000e+00 0.000000e+00
      vertex   5.694889e+01 -7.888229e+00 0.000000e+00
      vertex   5.700000e+01 -7.500000e+00 0.000000e+00
    endloop
  endfacet
  facet normal 0.000000e+00 0.000000e+00 1.000000e+00
    outer loop
      vertex   5.400000e+01 -7.500000e+00 0.000000e+00
      vertex   5.700000e+01 -7.500000e+00 0.000000e+00
      vertex   5.405111e+01 -7.111771e+00 0.000000e+00
    endloop
  endfacet
  facet normal 0.000000e+00 0.000000e+00 1.000000e+00
    outer loop
      vertex   5.405111e+01 -7.111771e+00 0.000000e+00
      vertex   5.700000e+01 -7.500000e+00 0.000000e+00
      vertex   5.694889e+01 -7.111771e+00 0.000000e+00
    endloop
  endfacet
  facet normal -0.000000e+00 0.000000e+00 1.000000e+00
    outer loop
      vertex   5.405111e+01 -7.111771e+00 0.000000e+00
      vertex   5.694889e+01 -7.111771e+00 0.000000e+00
      vertex   5.420096e+01 -6.750000e+00 0.000000e+00
    endloop
  endfacet
  facet normal -0.000000e+00 0.000000e+00 1.000000e+00
    outer loop
      vertex   5.420096e+01 -6.750000e+00 0.000000e+00
      vertex   5.694889e+01 -7.111771e+00 0.000000e+00
      vertex   5.679904e+01 -6.750000e+00 0.000000e+00
    endloop
  endfacet
  facet normal 0.000000e+00 0.000000e+00 1.000000e+00
    outer loop
      vertex   5.420096e+01 -6.750000e+00 0.000000e+00
      vertex   5.679904e+01 -6.750000e+00 0.000000e+00
      vertex   5.443934e+01 -6.439340e+00 0.000000e+00
    endloop
  endfacet
  facet normal -0.000000e+00 0.000000e+00 1.000000e+00
    outer loop
      vertex   5.443934e+01 -6.439340e+00 0.000000e+00
      vertex   5.679904e+01 -6.750000e+00 0.000000e+00
      vertex   5.656066e+01 -6.439340e+00 0.000000e+00
    endloop
  endfacet
  facet normal 0.000000e+00 0.000000e+00 1.000000e+00
    outer loop
      vertex   5.443934e+01 -6.439340e+00 0.000000e+00
      vertex   5.656066e+01 -6.439340e+00 0.000000e+00
      vertex   5.475000e+01 -6.200962e+00 0.000000e+00
    endloop
  endfacet
  facet normal 0.000000e+00 0.000000e+00 1.000000e+00
    outer loop
      vertex   5.475000e+01 -6.200962e+00 0.000000e+00
      vertex   5.656066e+01 -6.439340e+00 0.000000e+00
      vertex   5.625000e+01 -6.200962e+00 0.000000e+00
    endloop
  endfacet
  facet normal -0.000000e+00 0.000000e+00 1.000000e+00
    outer loop
      vertex   5.475000e+01 -6.200962e+00 0.000000e+00
      vertex   5.625000e+01 -6.200962e+00 0.000000e+00
      vertex   5.511177e+01 -6.051111e+00 0.000000e+00
    endloop
  endfacet
  facet normal -0.000000e+00 0.000000e+00 1.000000e+00
    outer loop
      vertex   5.511177e+01 -6.051111e+00 0.000000e+00
      vertex   5.625000e+01 -6.200962e+00 0.000000e+00
      vertex   5.588823e+01 -6.051111e+00 0.000000e+00
    endloop
  endfacet
  facet normal 0.000000e+00 0.000000e+00 1.000000e+00
    outer loop
      vertex   5.511177e+01 -6.051111e+00 0.000000e+00
      vertex   5.588823e+01 -6.051111e+00 0.000000e+00
      vertex   5.550000e+01 -6.000000e+00 0.000000e+00
    endloop
  endfacet
  facet normal 0.000000e+00 0.000000e+00 1.000000e+00
    outer loop
      vertex   5.694889e+01 -7.888229e+00 0.000000e+00
      vertex   5.405111e+01 -7.888229e+00 0.000000e+00
      vertex   5.679904e+01 -8.250000e+00 0.000000e+00
    endloop
  endfacet
  facet normal 0.000000e+00 0.000000e+00 1.000000e+00
    outer loop
      vertex   5.679904e+01 -8.250000e+00 0.000000e+00
      vertex   5.405111e+01 -7.888229e+00 0.000000e+00
      vertex   5.420096e+01 -8.250000e+00 0.000000e+00
    endloop
  endfacet
  facet normal 0.000000e+00 0.000000e+00 1.000000e+00
    outer loop
      vertex   5.679904e+01 -8.250000e+00 0.000000e+00
      vertex   5.420096e+01 -8.250000e+00 0.000000e+00
      vertex   5.656066e+01 -8.560660e+00 0.000000e+00
    endloop
  endfacet
  facet normal 0.000000e+00 0.000000e+00 1.000000e+00
    outer loop
      vertex   5.656066e+01 -8.560660e+00 0.000000e+00
      vertex   5.420096e+01 -8.250000e+00 0.000000e+00
      vertex   5.443934e+01 -8.560660e+00 0.000000e+00
    endloop
  endfacet
  facet normal 0.000000e+00 0.000000e+00 1.000000e+00
    outer loop
      vertex   5.656066e+01 -8.560660e+00 0.000000e+00
      vertex   5.443934e+01 -8.560660e+00 0.000000e+00
      vertex   5.625000e+01 -8.799038e+00 0.000000e+00
    endloop
  endfacet
  facet normal 0.000000e+00 0.000000e+00 1.000000e+00
    outer loop
      vertex   5.625000e+01 -8.799038e+00 0.000000e+00
      vertex   5.443934e+01 -8.560660e+00 0.000000e+00
      vertex   5.475000e+01 -8.799038e+00 0.000000e+00
    endloop
  endfacet
  facet normal 0.000000e+00 0.000000e+00 1.000000e+00
    outer loop
      vertex   5.625000e+01 -8.799038e+00 0.000000e+00
      vertex   5.475000e+01 -8.799038e+00 0.000000e+00
      vertex   5.588823e+01 -8.948889e+00 0.000000e+00
    endloop
  endfacet
  facet normal 0.000000e+00 0.000000e+00 1.000000e+00
    outer loop
      vertex   5.588823e+01 -8.948889e+00 0.000000e+00
      vertex   5.475000e+01 -8.799038e+00 0.000000e+00
      vertex   5.511177e+01 -8.948889e+00 0.000000e+00
    endloop
  endfacet
  facet normal 0.000000e+00 0.000000e+00 1.000000e+00
    outer loop
      vertex   5.588823e+01 -8.948889e+00 0.000000e+00
      vertex   5.511177e+01 -8.948889e+00 0.000000e+00
      vertex   5.550000e+01 -9.000000e+00 0.000000e+00
    endloop
  endfacet
  facet normal -1.000000e+00 0.000000e+00 0.000000e+00
    outer loop
      vertex   6.000000e+00 5.000000e+00 -3.000000e+01
      vertex   6.000000e+00 -5.000000e+00 -3.000000e+01
      vertex   6.000000e+00 5.000000e+00 0.000000e+00
    endloop
  endfacet
  facet normal -1.000000e+00 -0.000000e+00 0.000000e+00
    outer loop
      vertex   6.000000e+00 5.000000e+00 0.000000e+00
      vertex   6.000000e+00 -5.000000e+00 -3.000000e+01
      vertex   6.000000e+00 -5.000000e+00 0.000000e+00
    endloop
  endfacet
  facet normal -3.700743e-16 1.000000e+00 0.000000e+00
    outer loop
      vertex   6.000000e+00 -5.000000e+00 -3.000000e+01
      vertex   -6.000000e+00 -5.000000e+00 -3.000000e+01
      vertex   6.000000e+00 -5.000000e+00 0.000000e+00
    endloop
  endfacet
  facet normal -3.700743e-16 1.000000e+00 0.000000e+00
    outer loop
      vertex   6.000000e+00 -5.000000e+00 0.000000e+00
      vertex   -6.000000e+00 -5.000000e+00 -3.000000e+01
      vertex   -6.000000e+00 -5.000000e+00 0.000000e+00
    endloop
  endfacet
  facet normal 1.000000e+00 9.056631e-15 -1.948187e-14
    outer loop
      vertex   6.000000e+01 -2.930156e+00 -3.408857e+01
      vertex   6.000000e+01 -3.011021e+00 -3.339672e+01
      vertex   6.000000e+01 -1.800000e+01 -4.000000e+01
    endloop
  endfacet
  facet normal 1.000000e+00 -9.040396e-15 2.159711e-14
    outer loop
      vertex   6.000000e+01 -1.800000e+01 -4.000000e+01
      vertex   6.000000e+01 -3.011021e+00 -3.339672e+01
      vertex   6.000000e+01 -2.930156e+00 -3.270487e+01
    endloop
  endfacet
  facet normal 1.000000e+00 1.717028e-15 -6.249472e-16
    outer loop
      vertex   6.000000e+01 -1.800000e+01 -4.000000e+01
      vertex   6.000000e+01 -2.930156e+00 -3.270487e+01
      vertex   6.000000e+01 -2.691919e+00 -3.205032e+01
    endloop
  endfacet
  facet normal 1.000000e+00 1.171089e-15 4.263256e-16
    outer loop
      vertex   6.000000e+01 -1.800000e+01 -4.000000e+01
      vertex   6.000000e+01 -2.691919e+00 -3.205032e+01
      vertex   6.000000e+01 -1.800000e+01 1.000000e+01
    endloop
  endfacet
  facet normal 1.000000e+00 0.000000e+00 0.000000e+00
    outer loop
      vertex   6.000000e+01 -1.800000e+01 1.000000e+01
      vertex   6.000000e+01 -2.691919e+00 -3.205032e+01
      vertex   6.000000e+01 -2.309155e+00 -3.146836e+01
    endloop
  endfacet
  facet normal 1.000000e+00 0.000000e+00 0.000000e+00
    outer loop
      vertex   6.000000e+01 -1.800000e+01 1.000000e+01
      vertex   6.000000e+01 -2.309155e+00 -3.146836e+01
      vertex   6.000000e+01 -1.802497e+00 -3.099035e+01
    endloop
  endfacet
  facet normal 1.000000e+00 0.000000e+00 -0.000000e+00
    outer loop
      vertex   6.000000e+01 -1.802497e+00 -3.099035e+01
      vertex   6.000000e+01 -1.199261e+00 -3.064207e+01
      vertex   6.000000e+01 -1.800000e+01 1.000000e+01
    endloop
  endfacet
  facet normal 1.000000e+00 0.000000e+00 0.000000e+00
    outer loop
      vertex   6.000000e+01 -1.800000e+01 1.000000e+01
      vertex   6.000000e+01 -1.199261e+00 -3.064207e+01
      vertex   6.000000e+01 -5.319660e-01 -3.044230e+01
    endloop
  endfacet
  facet normal 1.000000e+00 0.000000e+00 0.000000e+00
    outer loop
      vertex   6.000000e+01 -1.800000e+01 1.000000e+01
      vertex   6.000000e+01 -5.319660e-01 -3.044230e+01
      vertex   6.000000e+01 1.634130e-01 -3.040180e+01
    endloop
  endfacet
  facet normal 1.000000e+00 -0.000000e+00 0.000000e+00
    outer loop
      vertex   6.000000e+01 -1.800000e+01 1.000000e+01
      vertex   6.000000e+01 1.634130e-01 -3.040180e+01
      vertex   6.000000e+01 1.800000e+01 1.000000e+01
    endloop
  endfacet
  facet normal 1.000000e+00 0.000000e+00 0.000000e+00
    outer loop
      vertex   6.000000e+01 1.800000e+01 1.000000e+01
      vertex   6.000000e+01 1.634130e-01 -3.040180e+01
      vertex   6.000000e+01 8.493882e-01 -3.052275e+01
    endloop
  endfacet
  facet normal 1.000000e+00 0.000000e+00 0.000000e+00
    outer loop
      vertex   6.000000e+01 1.800000e+01 1.000000e+01
      vertex   6.000000e+01 8.493882e-01 -3.052275e+01
      vertex   6.000000e+01 1.488979e+00 -3.079865e+01
    endloop
  endfacet
  facet normal 1.000000e+00 -0.000000e+00 0.000000e+00
    outer loop
      vertex   6.000000e+01 1.488979e+00 -3.079865e+01
      vertex   6.000000e+01 2.047703e+00 -3.121460e+01
      vertex   6.000000e+01 1.800000e+01 1.000000e+01
    endloop
  endfacet
  facet normal 1.000000e+00 0.000000e+00 0.000000e+00
    outer loop
      vertex   6.000000e+01 1.800000e+01 1.000000e+01
      vertex   6.000000e+01 2.047703e+00 -3.121460e+01
      vertex   6.000000e+01 2.495442e+00 -3.174820e+01
    endloop
  endfacet
  facet normal 1.000000e+00 0.000000e+00 0.000000e+00
    outer loop
      vertex   6.000000e+01 1.800000e+01 1.000000e+01
      vertex   6.000000e+01 2.495442e+00 -3.174820e+01
      vertex   6.000000e+01 1.800000e+01 -4.000000e+01
    endloop
  endfacet
  facet normal 1.000000e+00 0.000000e+00 0.000000e+00
    outer loop
      vertex   6.000000e+01 1.800000e+01 -4.000000e+01
      vertex   6.000000e+01 2.495442e+00 -3.174820e+01
      vertex   6.000000e+01 2.808056e+00 -3.237066e+01
    endloop
  endfacet
  facet normal 1.000000e+00 0.000000e+00 0.000000e+00
    outer loop
      vertex   6.000000e+01 1.800000e+01 -4.000000e+01
      vertex   6.000000e+01 2.808056e+00 -3.237066e+01
      vertex   6.000000e+01 2.968694e+00 -3.304844e+01
    endloop
  endfacet
  facet normal 1.000000e+00 0.000000e+00 0.000000e+00
    outer loop
      vertex   6.000000e+01 2.968694e+00 -3.304844e+01
      vertex   6.000000e+01 2.968694e+00 -3.374500e+01
      vertex   6.000000e+01 1.800000e+01 -4.000000e+01
    endloop
  endfacet
  facet normal 1.000000e+00 0.000000e+00 0.000000e+00
    outer loop
      vertex   6.000000e+01 1.800000e+01 -4.000000e+01
      vertex   6.000000e+01 2.968694e+00 -3.374500e+01
      vertex   6.000000e+01 2.808056e+00 -3.442278e+01
    endloop
  endfacet
  facet normal 1.000000e+00 0.000000e+00 0.000000e+00
    outer loop
      vertex   6.000000e+01 1.800000e+01 -4.000000e+01
      vertex   6.000000e+01 2.808056e+00 -3.442278e+01
      vertex   6.000000e+01 2.495442e+00 -3.504525e+01
    endloop
  endfacet
  facet normal 1.000000e+00 0.000000e+00 0.000000e+00
    outer loop
      vertex   6.000000e+01 2.495442e+00 -3.504525e+01
      vertex   6.000000e+01 2.047703e+00 -3.557884e+01
      vertex   6.000000e+01 1.800000e+01 -4.000000e+01
    endloop
  endfacet
  facet normal 1.000000e+00 0.000000e+00 0.000000e+00
    outer loop
      vertex   6.000000e+01 1.800000e+01 -4.000000e+01
      vertex   6.000000e+01 2.047703e+00 -3.557884e+01
      vertex   6.000000e+01 1.488979e+00 -3.599480e+01
    endloop
  endfacet
  facet normal 1.000000e+00 0.000000e+00 0.000000e+00
    outer loop
      vertex   6.000000e+01 1.800000e+01 -4.000000e+01
      vertex   6.000000e+01 1.488979e+00 -3.599480e+01
      vertex   6.000000e+01 8.493882e-01 -3.627069e+01
    endloop
  endfacet
  facet normal 1.000000e+00 0.000000e+00 0.000000e+00
    outer loop
      vertex   6.000000e+01 8.493882e-01 -3.627069e+01
      vertex   6.000000e+01 1.634130e-01 -3.639165e+01
      vertex   6.000000e+01 1.800000e+01 -4.000000e+01
    endloop
  endfacet
  facet normal 1.000000e+00 5.921189e-16 2.926925e-15
    outer loop
      vertex   6.000000e+01 1.800000e+01 -4.000000e+01
      vertex   6.000000e+01 1.634130e-01 -3.639165e+01
      vertex   6.000000e+01 -1.800000e+01 -4.000000e+01
    endloop
  endfacet
  facet normal 1.000000e+00 2.660662e-16 4.568181e-15
    outer loop
      vertex   6.000000e+01 -1.800000e+01 -4.000000e+01
      vertex   6.000000e+01 1.634130e-01 -3.639165e+01
      vertex   6.000000e+01 -5.319660e-01 -3.635115e+01
    endloop
  endfacet
  facet normal 1.000000e+00 7.187834e-16 2.400904e-15
    outer loop
      vertex   6.000000e+01 -1.800000e+01 -4.000000e+01
      vertex   6.000000e+01 -5.319660e-01 -3.635115e+01
      vertex   6.000000e+01 -1.199261e+00 -3.615137e+01
    endloop
  endfacet
  facet normal 1.000000e+00 9.083606e-16 1.573327e-15
    outer loop
      vertex   6.000000e+01 -1.199261e+00 -3.615137e+01
      vertex   6.000000e+01 -1.802497e+00 -3.580309e+01
      vertex   6.000000e+01 -1.800000e+01 -4.000000e+01
    endloop
  endfacet
  facet normal 1.000000e+00 1.032467e-15 1.094351e-15
    outer loop
      vertex   6.000000e+01 -1.800000e+01 -4.000000e+01
      vertex   6.000000e+01 -1.802497e+00 -3.580309e+01
      vertex   6.000000e+01 -2.309155e+00 -3.532508e+01
    endloop
  endfacet
  facet normal 1.000000e+00 1.135924e-15 7.471091e-16
    outer loop
      vertex   6.000000e+01 -1.800000e+01 -4.000000e+01
      vertex   6.000000e+01 -2.309155e+00 -3.532508e+01
      vertex   6.000000e+01 -2.691919e+00 -3.474312e+01
    endloop
  endfacet
  facet normal 1.000000e+00 1.237777e-15 4.505139e-16
    outer loop
      vertex   6.000000e+01 -2.691919e+00 -3.474312e+01
      vertex   6.000000e+01 -2.930156e+00 -3.408857e+01
      vertex   6.000000e+01 -1.800000e+01 -4.000000e+01
    endloop
  endfacet
  facet normal 0.000000e+00 0.000000e+00 1.000000e+00
    outer loop
      vertex   5.100000e+01 1.500000e+01 0.000000e+00
      vertex   6.000000e+00 5.000000e+00 0.000000e+00
      vertex   5.100000e+01 -1.500000e+01 0.000000e+00
    endloop
  endfacet
  facet normal 0.000000e+00 0.000000e+00 1.000000e+00
    outer loop
      vertex   5.100000e+01 -1.500000e+01 0.000000e+00
      vertex   6.000000e+00 5.000000e+00 0.000000e+00
      vertex   6.000000e+00 -5.000000e+00 0.000000e+00
    endloop
  endfacet
  facet normal 0.000000e+00 0.000000e+00 1.000000e+00
    outer loop
      vertex   5.100000e+01 -1.500000e+01 0.000000e+00
      vertex   6.000000e+00 -5.000000e+00 0.000000e+00
      vertex   5.107596e+01 -1.586824e+01 0.000000e+00
    endloop
  endfacet
  facet normal 0.000000e+00 0.000000e+00 1.000000e+00
    outer loop
      vertex   5.107596e+01 -1.586824e+01 0.000000e+00
      vertex   6.000000e+00 -5.000000e+00 0.000000e+00
      vertex   5.130154e+01 -1.671010e+01 0.000000e+00
    endloop
  endfacet
  facet normal 0.000000e+00 0.000000e+00 1.000000e+00
    outer loop
      vertex   5.130154e+01 -1.671010e+01 0.000000e+00
      vertex   6.000000e+00 -5.000000e+00 0.000000e+00
      vertex   5.166987e+01 -1.750000e+01 0.000000e+00
    endloop
  endfacet
  facet normal 0.000000e+00 0.000000e+00 1.000000e+00
    outer loop
      vertex   5.166987e+01 -1.750000e+01 0.000000e+00
      vertex   6.000000e+00 -5.000000e+00 0.000000e+00
      vertex   5.216978e+01 -1.821394e+01 0.000000e+00
    endloop
  endfacet
  facet normal 0.000000e+00 0.000000e+00 1.000000e+00
    outer loop
      vertex   5.216978e+01 -1.821394e+01 0.000000e+00
      vertex   6.000000e+00 -5.000000e+00 0.000000e+00
      vertex   -5.212702e+01 -1.826330e+01 0.000000e+00
    endloop
  endfacet
  facet normal 0.000000e+00 0.000000e+00 1.000000e+00
    outer loop
      vertex   5.216978e+01 -1.821394e+01 0.000000e+00
      vertex   -5.212702e+01 -1.826330e+01 0.000000e+00
      vertex   -5.272230e+01 -1.887682e+01 0.000000e+00
    endloop
  endfacet
  facet normal 0.000000e+00 -0.000000e+00 1.000000e+00
    outer loop
      vertex   5.100000e+01 1.500000e+01 0.000000e+00
      vertex   5.107596e+01 1.586824e+01 0.000000e+00
      vertex   6.000000e+00 5.000000e+00 0.000000e+00
    endloop
  endfacet
  facet normal 0.000000e+00 0.000000e+00 1.000000e+00
    outer loop
      vertex   6.000000e+00 5.000000e+00 0.000000e+00
      vertex   5.107596e+01 1.586824e+01 0.000000e+00
      vertex   5.130154e+01 1.671010e+01 0.000000e+00
    endloop
  endfacet
  facet normal 0.000000e+00 0.000000e+00 1.000000e+00
    outer loop
      vertex   6.000000e+00 5.000000e+00 0.000000e+00
      vertex   5.130154e+01 1.671010e+01 0.000000e+00
      vertex   5.166987e+01 1.750000e+01 0.000000e+00
    endloop
  endfacet
  facet normal 0.000000e+00 -0.000000e+00 1.000000e+00
    outer loop
      vertex   5.166987e+01 1.750000e+01 0.000000e+00
      vertex   5.216978e+01 1.821394e+01 0.000000e+00
      vertex   6.000000e+00 5.000000e+00 0.000000e+00
    endloop
  endfacet
  facet normal 0.000000e+00 -0.000000e+00 1.000000e+00
    outer loop
      vertex   6.000000e+00 5.000000e+00 0.000000e+00
      vertex   5.216978e+01 1.821394e+01 0.000000e+00
      vertex   -5.212702e+01 1.826330e+01 0.000000e+00
    endloop
  endfacet
  facet normal 0.000000e+00 0.000000e+00 1.000000e+00
    outer loop
      vertex   6.000000e+00 5.000000e+00 0.000000e+00
      vertex   -5.212702e+01 1.826330e+01 0.000000e+00
      vertex   -6.000000e+00 5.000000e+00 0.000000e+00
    endloop
  endfacet
  facet normal 0.000000e+00 0.000000e+00 1.000000e+00
    outer loop
      vertex   -6.000000e+00 5.000000e+00 0.000000e+00
      vertex   -5.212702e+01 1.826330e+01 0.000000e+00
      vertex   -5.164494e+01 1.755734e+01 0.000000e+00
    endloop
  endfacet
  facet normal 0.000000e+00 0.000000e+00 1.000000e+00
    outer loop
      vertex   -6.000000e+00 5.000000e+00 0.000000e+00
      vertex   -5.164494e+01 1.755734e+01 0.000000e+00
      vertex   -5.129017e+01 1.677957e+01 0.000000e+00
    endloop
  endfacet
  facet normal -0.000000e+00 -0.000000e+00 1.000000e+00
    outer loop
      vertex   -5.212702e+01 1.826330e+01 0.000000e+00
      vertex   5.216978e+01 1.821394e+01 0.000000e+00
      vertex   -5.272230e+01 1.887682e+01 0.000000e+00
    endloop
  endfacet
  facet normal 0.000000e+00 0.000000e+00 1.000000e+00
    outer loop
      vertex   -5.272230e+01 1.887682e+01 0.000000e+00
      vertex   5.216978e+01 1.821394e+01 0.000000e+00
      vertex   5.278606e+01 1.883022e+01 0.000000e+00
    endloop
  endfacet
  facet normal -0.000000e+00 -0.000000e+00 1.000000e+00
    outer loop
      vertex   -5.272230e+01 1.887682e+01 0.000000e+00
      vertex   5.278606e+01 1.883022e+01 0.000000e+00
      vertex   -5.341340e+01 1.937998e+01 0.000000e+00
    endloop
  endfacet
  facet normal 0.000000e+00 0.000000e+00 1.000000e+00
    outer loop
      vertex   -5.341340e+01 1.937998e+01 0.000000e+00
      vertex   5.278606e+01 1.883022e+01 0.000000e+00
      vertex   5.350000e+01 1.933013e+01 0.000000e+00
    endloop
  endfacet
  facet normal -0.000000e+00 -0.000000e+00 1.000000e+00
    outer loop
      vertex   -5.341340e+01 1.937998e+01 0.000000e+00
      vertex   5.350000e+01 1.933013e+01 0.000000e+00
      vertex   -5.418010e+01 1.975805e+01 0.000000e+00
    endloop
  endfacet
  facet normal 0.000000e+00 0.000000e+00 1.000000e+00
    outer loop
      vertex   -5.418010e+01 1.975805e+01 0.000000e+00
      vertex   5.350000e+01 1.933013e+01 0.000000e+00
      vertex   5.428990e+01 1.969846e+01 0.000000e+00
    endloop
  endfacet
  facet normal -0.000000e+00 -0.000000e+00 1.000000e+00
    outer loop
      vertex   -5.418010e+01 1.975805e+01 0.000000e+00
      vertex   5.428990e+01 1.969846e+01 0.000000e+00
      vertex   -5.500000e+01 2.000000e+01 0.000000e+00
    endloop
  endfacet
  facet normal 0.000000e+00 0.000000e+00 1.000000e+00
    outer loop
      vertex   -5.500000e+01 2.000000e+01 0.000000e+00
      vertex   5.428990e+01 1.969846e+01 0.000000e+00
      vertex   5.513176e+01 1.992404e+01 0.000000e+00
    endloop
  endfacet
  facet normal -0.000000e+00 0.000000e+00 1.000000e+00
    outer loop
      vertex   -5.500000e+01 2.000000e+01 0.000000e+00
      vertex   5.513176e+01 1.992404e+01 0.000000e+00
      vertex   5.600000e+01 2.000000e+01 0.000000e+00
    endloop
  endfacet
  facet normal 0.000000e+00 0.000000e+00 1.000000e+00
    outer loop
      vertex   -5.129017e+01 1.677957e+01 0.000000e+00
      vertex   -5.107308e+01 1.595275e+01 0.000000e+00
      vertex   -6.000000e+00 5.000000e+00 0.000000e+00
    endloop
  endfacet
  facet normal 0.000000e+00 0.000000e+00 1.000000e+00
    outer loop
      vertex   -6.000000e+00 5.000000e+00 0.000000e+00
      vertex   -5.107308e+01 1.595275e+01 0.000000e+00
      vertex   -5.100000e+01 1.510102e+01 0.000000e+00
    endloop
  endfacet
  facet normal 0.000000e+00 0.000000e+00 1.000000e+00
    outer loop
      vertex   -6.000000e+00 5.000000e+00 0.000000e+00
      vertex   -5.100000e+01 1.510102e+01 0.000000e+00
      vertex   -5.100000e+01 -1.510102e+01 0.000000e+00
    endloop
  endfacet
  facet normal 0.000000e+00 0.000000e+00 1.000000e+00
    outer loop
      vertex   -6.000000e+00 5.000000e+00 0.000000e+00
      vertex   -5.100000e+01 -1.510102e+01 0.000000e+00
      vertex   -6.000000e+00 -5.000000e+00 0.000000e+00
    endloop
  endfacet
  facet normal 0.000000e+00 0.000000e+00 1.000000e+00
    outer loop
      vertex   -6.000000e+00 -5.000000e+00 0.000000e+00
      vertex   -5.100000e+01 -1.510102e+01 0.000000e+00
      vertex   -5.107308e+01 -1.595275e+01 0.000000e+00
    endloop
  endfacet
  facet normal 0.000000e+00 0.000000e+00 1.000000e+00
    outer loop
      vertex   -6.000000e+00 -5.000000e+00 0.000000e+00
      vertex   -5.107308e+01 -1.595275e+01 0.000000e+00
      vertex   -5.129017e+01 -1.677957e+01 0.000000e+00
    endloop
  endfacet
  facet normal -0.000000e+00 0.000000e+00 1.000000e+00
    outer loop
      vertex   -5.129017e+01 -1.677957e+01 0.000000e+00
      vertex   -5.164494e+01 -1.755734e+01 0.000000e+00
      vertex   -6.000000e+00 -5.000000e+00 0.000000e+00
    endloop
  endfacet
  facet normal 0.000000e+00 0.000000e+00 1.000000e+00
    outer loop
      vertex   -6.000000e+00 -5.000000e+00 0.000000e+00
      vertex   -5.164494e+01 -1.755734e+01 0.000000e+00
      vertex   -5.212702e+01 -1.826330e+01 0.000000e+00
    endloop
  endfacet
  facet normal -0.000000e+00 0.000000e+00 1.000000e+00
    outer loop
      vertex   -6.000000e+00 -5.000000e+00 0.000000e+00
      vertex   -5.212702e+01 -1.826330e+01 0.000000e+00
      vertex   6.000000e+00 -5.000000e+00 0.000000e+00
    endloop
  endfacet
  facet normal 0.000000e+00 0.000000e+00 1.000000e+00
    outer loop
      vertex   5.216978e+01 -1.821394e+01 0.000000e+00
      vertex   -5.272230e+01 -1.887682e+01 0.000000e+00
      vertex   5.278606e+01 -1.883022e+01 0.000000e+00
    endloop
  endfacet
  facet normal 0.000000e+00 0.000000e+00 1.000000e+00
    outer loop
      vertex   5.278606e+01 -1.883022e+01 0.000000e+00
      vertex   -5.272230e+01 -1.887682e+01 0.000000e+00
      vertex   -5.341340e+01 -1.937998e+01 0.000000e+00
    endloop
  endfacet
  facet normal 0.000000e+00 0.000000e+00 1.000000e+00
    outer loop
      vertex   5.278606e+01 -1.883022e+01 0.000000e+00
      vertex   -5.341340e+01 -1.937998e+01 0.000000e+00
      vertex   5.350000e+01 -1.933013e+01 0.000000e+00
    endloop
  endfacet
  facet normal 0.000000e+00 0.000000e+00 1.000000e+00
    outer loop
      vertex   5.350000e+01 -1.933013e+01 0.000000e+00
      vertex   -5.341340e+01 -1.937998e+01 0.000000e+00
      vertex   -5.418010e+01 -1.975805e+01 0.000000e+00
    endloop
  endfacet
  facet normal 0.000000e+00 0.000000e+00 1.000000e+00
    outer loop
      vertex   5.350000e+01 -1.933013e+01 0.000000e+00
      vertex   -5.418010e+01 -1.975805e+01 0.000000e+00
      vertex   5.428990e+01 -1.969846e+01 0.000000e+00
    endloop
  endfacet
  facet normal 0.000000e+00 0.000000e+00 1.000000e+00
    outer loop
      vertex   5.428990e+01 -1.969846e+01 0.000000e+00
      vertex   -5.418010e+01 -1.975805e+01 0.000000e+00
      vertex   -5.500000e+01 -2.000000e+01 0.000000e+00
    endloop
  endfacet
  facet normal 0.000000e+00 0.000000e+00 1.000000e+00
    outer loop
      vertex   5.428990e+01 -1.969846e+01 0.000000e+00
      vertex   -5.500000e+01 -2.000000e+01 0.000000e+00
      vertex   5.513176e+01 -1.992404e+01 0.000000e+00
    endloop
  endfacet
  facet normal 0.000000e+00 0.000000e+00 1.000000e+00
    outer loop
      vertex   5.513176e+01 -1.992404e+01 0.000000e+00
      vertex   -5.500000e+01 -2.000000e+01 0.000000e+00
      vertex   5.600000e+01 -2.000000e+01 0.000000e+00
    endloop
  endfacet
  facet normal 0.000000e+00 -0.000000e+00 -1.000000e+00
    outer loop
      vertex   6.000000e+01 1.800000e+01 -4.000000e+01
      vertex   6.000000e+01 -1.800000e+01 -4.000000e+01
      vertex   5.800000e+01 -1.800000e+01 -4.000000e+01
    endloop
  endfacet
  facet normal 0.000000e+00 0.000000e+00 -1.000000e+00
    outer loop
      vertex   5.800000e+01 -1.800000e+01 -4.000000e+01
      vertex   6.000000e+01 -1.800000e+01 -4.000000e+01
      vertex   5.993185e+01 -1.851764e+01 -4.000000e+01
    endloop
  endfacet
  facet normal 0.000000e+00 0.000000e+00 -1.000000e+00
    outer loop
      vertex   5.800000e+01 -1.800000e+01 -4.000000e+01
      vertex   5.993185e+01 -1.851764e+01 -4.000000e+01
      vertex   5.973205e+01 -1.900000e+01 -4.000000e+01
    endloop
  endfacet
  facet normal -0.000000e+00 0.000000e+00 -1.000000e+00
    outer loop
      vertex   5.973205e+01 -1.900000e+01 -4.000000e+01
      vertex   5.941421e+01 -1.941421e+01 -4.000000e+01
      vertex   5.800000e+01 -1.800000e+01 -4.000000e+01
    endloop
  endfacet
  facet normal 0.000000e+00 0.000000e+00 -1.000000e+00
    outer loop
      vertex   5.800000e+01 -1.800000e+01 -4.000000e+01
      vertex   5.941421e+01 -1.941421e+01 -4.000000e+01
      vertex   5.800000e+01 -2.000000e+01 -4.000000e+01
    endloop
  endfacet
  facet normal 0.000000e+00 -0.000000e+00 -1.000000e+00
    outer loop
      vertex   5.800000e+01 -1.800000e+01 -4.000000e+01
      vertex   5.800000e+01 -2.000000e+01 -4.000000e+01
      vertex   -5.500000e+01 -2.000000e+01 -4.000000e+01
    endloop
  endfacet
  facet normal 0.000000e+00 0.000000e+00 -1.000000e+00
    outer loop
      vertex   5.941421e+01 -1.941421e+01 -4.000000e+01
      vertex   5.900000e+01 -1.973205e+01 -4.000000e+01
      vertex   5.800000e+01 -2.000000e+01 -4.000000e+01
    endloop
  endfacet
  facet normal 0.000000e+00 0.000000e+00 -1.000000e+00
    outer loop
      vertex   5.800000e+01 -2.000000e+01 -4.000000e+01
      vertex   5.900000e+01 -1.973205e+01 -4.000000e+01
      vertex   5.851764e+01 -1.993185e+01 -4.000000e+01
    endloop
  endfacet
  facet normal -0.000000e+00 0.000000e+00 -1.000000e+00
    outer loop
      vertex   5.800000e+01 -1.800000e+01 -4.000000e+01
      vertex   -5.500000e+01 -2.000000e+01 -4.000000e+01
      vertex   -5.500000e+01 -1.800000e+01 -4.000000e+01
    endloop
  endfacet
  facet normal 0.000000e+00 -0.000000e+00 -1.000000e+00
    outer loop
      vertex   -5.500000e+01 -1.800000e+01 -4.000000e+01
      vertex   -5.500000e+01 -2.000000e+01 -4.000000e+01
      vertex   -5.586824e+01 -1.992404e+01 -4.000000e+01
    endloop
  endfacet
  facet normal 0.000000e+00 0.000000e+00 -1.000000e+00
    outer loop
      vertex   -5.500000e+01 -1.800000e+01 -4.000000e+01
      vertex   -5.586824e+01 -1.992404e+01 -4.000000e+01
      vertex   -5.671010e+01 -1.969846e+01 -4.000000e+01
    endloop
  endfacet
  facet normal 0.000000e+00 0.000000e+00 -1.000000e+00
    outer loop
      vertex   -5.671010e+01 -1.969846e+01 -4.000000e+01
      vertex   -5.750000e+01 -1.933013e+01 -4.000000e+01
      vertex   -5.500000e+01 -1.800000e+01 -4.000000e+01
    endloop
  endfacet
  facet normal 0.000000e+00 0.000000e+00 -1.000000e+00
    outer loop
      vertex   -5.500000e+01 -1.800000e+01 -4.000000e+01
      vertex   -5.750000e+01 -1.933013e+01 -4.000000e+01
      vertex   -5.821394e+01 -1.883022e+01 -4.000000e+01
    endloop
  endfacet
  facet normal -0.000000e+00 0.000000e+00 -1.000000e+00
    outer loop
      vertex   -5.500000e+01 -1.800000e+01 -4.000000e+01
      vertex   -5.821394e+01 -1.883022e+01 -4.000000e+01
      vertex   -5.566756e+01 -1.792478e+01 -4.000000e+01
    endloop
  endfacet
  facet normal 0.000000e+00 0.000000e+00 -1.000000e+00
    outer loop
      vertex   -5.566756e+01 -1.792478e+01 -4.000000e+01
      vertex   -5.821394e+01 -1.883022e+01 -4.000000e+01
      vertex   -5.883022e+01 -1.821394e+01 -4.000000e+01
    endloop
  endfacet
  facet normal -0.000000e+00 0.000000e+00 -1.000000e+00
    outer loop
      vertex   -5.566756e+01 -1.792478e+01 -4.000000e+01
      vertex   -5.883022e+01 -1.821394e+01 -4.000000e+01
      vertex   -5.630165e+01 -1.770291e+01 -4.000000e+01
    endloop
  endfacet
  facet normal -0.000000e+00 0.000000e+00 -1.000000e+00
    outer loop
      vertex   -5.630165e+01 -1.770291e+01 -4.000000e+01
      vertex   -5.883022e+01 -1.821394e+01 -4.000000e+01
      vertex   -5.687047e+01 -1.734549e+01 -4.000000e+01
    endloop
  endfacet
  facet normal 0.000000e+00 0.000000e+00 -1.000000e+00
    outer loop
      vertex   -5.687047e+01 -1.734549e+01 -4.000000e+01
      vertex   -5.883022e+01 -1.821394e+01 -4.000000e+01
      vertex   -5.933013e+01 -1.750000e+01 -4.000000e+01
    endloop
  endfacet
  facet normal -0.000000e+00 0.000000e+00 -1.000000e+00
    outer loop
      vertex   -5.687047e+01 -1.734549e+01 -4.000000e+01
      vertex   -5.933013e+01 -1.750000e+01 -4.000000e+01
      vertex   -5.734549e+01 -1.687047e+01 -4.000000e+01
    endloop
  endfacet
  facet normal -0.000000e+00 0.000000e+00 -1.000000e+00
    outer loop
      vertex   -5.734549e+01 -1.687047e+01 -4.000000e+01
      vertex   -5.933013e+01 -1.750000e+01 -4.000000e+01
      vertex   -5.969846e+01 -1.671010e+01 -4.000000e+01
    endloop
  endfacet
  facet normal 0.000000e+00 0.000000e+00 -1.000000e+00
    outer loop
      vertex   -5.734549e+01 -1.687047e+01 -4.000000e+01
      vertex   -5.969846e+01 -1.671010e+01 -4.000000e+01
      vertex   -5.770291e+01 -1.630165e+01 -4.000000e+01
    endloop
  endfacet
  facet normal -0.000000e+00 0.000000e+00 -1.000000e+00
    outer loop
      vertex   -5.770291e+01 -1.630165e+01 -4.000000e+01
      vertex   -5.969846e+01 -1.671010e+01 -4.000000e+01
      vertex   -5.992404e+01 -1.586824e+01 -4.000000e+01
    endloop
  endfacet
  facet normal 0.000000e+00 0.000000e+00 -1.000000e+00
    outer loop
      vertex   -5.770291e+01 -1.630165e+01 -4.000000e+01
      vertex   -5.992404e+01 -1.586824e+01 -4.000000e+01
      vertex   -5.792478e+01 -1.566756e+01 -4.000000e+01
    endloop
  endfacet
  facet normal -0.000000e+00 0.000000e+00 -1.000000e+00
    outer loop
      vertex   -5.792478e+01 -1.566756e+01 -4.000000e+01
      vertex   -5.992404e+01 -1.586824e+01 -4.000000e+01
      vertex   -6.000000e+01 -1.500000e+01 -4.000000e+01
    endloop
  endfacet
  facet normal 0.000000e+00 0.000000e+00 -1.000000e+00
    outer loop
      vertex   -5.792478e+01 -1.566756e+01 -4.000000e+01
      vertex   -6.000000e+01 -1.500000e+01 -4.000000e+01
      vertex   -5.800000e+01 -1.500000e+01 -4.000000e+01
    endloop
  endfacet
  facet normal 0.000000e+00 0.000000e+00 -1.000000e+00
    outer loop
      vertex   -5.800000e+01 -1.500000e+01 -4.000000e+01
      vertex   -6.000000e+01 -1.500000e+01 -4.000000e+01
      vertex   -5.800000e+01 1.500000e+01 -4.000000e+01
    endloop
  endfacet
  facet normal -0.000000e+00 0.000000e+00 -1.000000e+00
    outer loop
      vertex   -5.800000e+01 1.500000e+01 -4.000000e+01
      vertex   -6.000000e+01 -1.500000e+01 -4.000000e+01
      vertex   -6.000000e+01 1.500000e+01 -4.000000e+01
    endloop
  endfacet
  facet normal 0.000000e+00 0.000000e+00 -1.000000e+00
    outer loop
      vertex   -5.800000e+01 1.500000e+01 -4.000000e+01
      vertex   -6.000000e+01 1.500000e+01 -4.000000e+01
      vertex   -5.792478e+01 1.566756e+01 -4.000000e+01
    endloop
  endfacet
  facet normal -0.000000e+00 0.000000e+00 -1.000000e+00
    outer loop
      vertex   -5.792478e+01 1.566756e+01 -4.000000e+01
      vertex   -6.000000e+01 1.500000e+01 -4.000000e+01
      vertex   -5.992404e+01 1.586824e+01 -4.000000e+01
    endloop
  endfacet
  facet normal 0.000000e+00 0.000000e+00 -1.000000e+00
    outer loop
      vertex   -5.792478e+01 1.566756e+01 -4.000000e+01
      vertex   -5.992404e+01 1.586824e+01 -4.000000e+01
      vertex   -5.770291e+01 1.630165e+01 -4.000000e+01
    endloop
  endfacet
  facet normal -0.000000e+00 0.000000e+00 -1.000000e+00
    outer loop
      vertex   -5.770291e+01 1.630165e+01 -4.000000e+01
      vertex   -5.992404e+01 1.586824e+01 -4.000000e+01
      vertex   -5.969846e+01 1.671010e+01 -4.000000e+01
    endloop
  endfacet
  facet normal 0.000000e+00 0.000000e+00 -1.000000e+00
    outer loop
      vertex   -5.770291e+01 1.630165e+01 -4.000000e+01
      vertex   -5.969846e+01 1.671010e+01 -4.000000e+01
      vertex   -5.734549e+01 1.687047e+01 -4.000000e+01
    endloop
  endfacet
  facet normal -0.000000e+00 0.000000e+00 -1.000000e+00
    outer loop
      vertex   -5.734549e+01 1.687047e+01 -4.000000e+01
      vertex   -5.969846e+01 1.671010e+01 -4.000000e+01
      vertex   -5.933013e+01 1.750000e+01 -4.000000e+01
    endloop
  endfacet
  facet normal 0.000000e+00 0.000000e+00 -1.000000e+00
    outer loop
      vertex   -5.734549e+01 1.687047e+01 -4.000000e+01
      vertex   -5.933013e+01 1.750000e+01 -4.000000e+01
      vertex   -5.687047e+01 1.734549e+01 -4.000000e+01
    endloop
  endfacet
  facet normal 0.000000e+00 0.000000e+00 -1.000000e+00
    outer loop
      vertex   -5.687047e+01 1.734549e+01 -4.000000e+01
      vertex   -5.933013e+01 1.750000e+01 -4.000000e+01
      vertex   -5.883022e+01 1.821394e+01 -4.000000e+01
    endloop
  endfacet
  facet normal 0.000000e+00 0.000000e+00 -1.000000e+00
    outer loop
      vertex   -5.687047e+01 1.734549e+01 -4.000000e+01
      vertex   -5.883022e+01 1.821394e+01 -4.000000e+01
      vertex   -5.630165e+01 1.770291e+01 -4.000000e+01
    endloop
  endfacet
  facet normal 0.000000e+00 0.000000e+00 -1.000000e+00
    outer loop
      vertex   -5.630165e+01 1.770291e+01 -4.000000e+01
      vertex   -5.883022e+01 1.821394e+01 -4.000000e+01
      vertex   -5.566756e+01 1.792478e+01 -4.000000e+01
    endloop
  endfacet
  facet normal 0.000000e+00 0.000000e+00 -1.000000e+00
    outer loop
      vertex   -5.566756e+01 1.792478e+01 -4.000000e+01
      vertex   -5.883022e+01 1.821394e+01 -4.000000e+01
      vertex   -5.821394e+01 1.883022e+01 -4.000000e+01
    endloop
  endfacet
  facet normal 0.000000e+00 0.000000e+00 -1.000000e+00
    outer loop
      vertex   -5.566756e+01 1.792478e+01 -4.000000e+01
      vertex   -5.821394e+01 1.883022e+01 -4.000000e+01
      vertex   -5.500000e+01 1.800000e+01 -4.000000e+01
    endloop
  endfacet
  facet normal 0.000000e+00 0.000000e+00 -1.000000e+00
    outer loop
      vertex   -5.500000e+01 1.800000e+01 -4.000000e+01
      vertex   -5.821394e+01 1.883022e+01 -4.000000e+01
      vertex   -5.750000e+01 1.933013e+01 -4.000000e+01
    endloop
  endfacet
  facet normal 0.000000e+00 0.000000e+00 -1.000000e+00
    outer loop
      vertex   -5.500000e+01 1.800000e+01 -4.000000e+01
      vertex   -5.750000e+01 1.933013e+01 -4.000000e+01
      vertex   -5.671010e+01 1.969846e+01 -4.000000e+01
    endloop
  endfacet
  facet normal 0.000000e+00 0.000000e+00 -1.000000e+00
    outer loop
      vertex   -5.671010e+01 1.969846e+01 -4.000000e+01
      vertex   -5.586824e+01 1.992404e+01 -4.000000e+01
      vertex   -5.500000e+01 1.800000e+01 -4.000000e+01
    endloop
  endfacet
  facet normal 0.000000e+00 0.000000e+00 -1.000000e+00
    outer loop
      vertex   -5.500000e+01 1.800000e+01 -4.000000e+01
      vertex   -5.586824e+01 1.992404e+01 -4.000000e+01
      vertex   -5.500000e+01 2.000000e+01 -4.000000e+01
    endloop
  endfacet
  facet normal 0.000000e+00 0.000000e+00 -1.000000e+00
    outer loop
      vertex   -5.500000e+01 1.800000e+01 -4.000000e+01
      vertex   -5.500000e+01 2.000000e+01 -4.000000e+01
      vertex   5.800000e+01 1.800000e+01 -4.000000e+01
    endloop
  endfacet
  facet normal 0.000000e+00 0.000000e+00 -1.000000e+00
    outer loop
      vertex   5.800000e+01 1.800000e+01 -4.000000e+01
      vertex   -5.500000e+01 2.000000e+01 -4.000000e+01
      vertex   5.800000e+01 2.000000e+01 -4.000000e+01
    endloop
  endfacet
  facet normal 0.000000e+00 0.000000e+00 -1.000000e+00
    outer loop
      vertex   5.800000e+01 1.800000e+01 -4.000000e+01
      vertex   5.800000e+01 2.000000e+01 -4.000000e+01
      vertex   5.941421e+01 1.941421e+01 -4.000000e+01
    endloop
  endfacet
  facet normal 0.000000e+00 0.000000e+00 -1.000000e+00
    outer loop
      vertex   5.941421e+01 1.941421e+01 -4.000000e+01
      vertex   5.800000e+01 2.000000e+01 -4.000000e+01
      vertex   5.900000e+01 1.973205e+01 -4.000000e+01
    endloop
  endfacet
  facet normal 0.000000e+00 0.000000e+00 -1.000000e+00
    outer loop
      vertex   5.900000e+01 1.973205e+01 -4.000000e+01
      vertex   5.800000e+01 2.000000e+01 -4.000000e+01
      vertex   5.851764e+01 1.993185e+01 -4.000000e+01
    endloop
  endfacet
  facet normal 0.000000e+00 -0.000000e+00 -1.000000e+00
    outer loop
      vertex   5.941421e+01 1.941421e+01 -4.000000e+01
      vertex   5.973205e+01 1.900000e+01 -4.000000e+01
      vertex   5.800000e+01 1.800000e+01 -4.000000e+01
    endloop
  endfacet
  facet normal 0.000000e+00 0.000000e+00 -1.000000e+00
    outer loop
      vertex   5.800000e+01 1.800000e+01 -4.000000e+01
      vertex   5.973205e+01 1.900000e+01 -4.000000e+01
      vertex   5.993185e+01 1.851764e+01 -4.000000e+01
    endloop
  endfacet
  facet normal 0.000000e+00 0.000000e+00 -1.000000e+00
    outer loop
      vertex   5.800000e+01 1.800000e+01 -4.000000e+01
      vertex   5.993185e+01 1.851764e+01 -4.000000e+01
      vertex   6.000000e+01 1.800000e+01 -4.000000e+01
    endloop
  endfacet
  facet normal 0.000000e+00 0.000000e+00 -1.000000e+00
    outer loop
      vertex   5.800000e+01 1.800000e+01 -4.000000e+01
      vertex   6.000000e+01 1.800000e+01 -4.000000e+01
      vertex   5.800000e+01 -1.800000e+01 -4.000000e+01
    endloop
  endfacet
endsolid
