solid ASCII
  facet normal 0.000000e+00 0.000000e+00 -1.000000e+00
    outer loop
      vertex   4.000000e+00 4.000000e+00 0.000000e+00
      vertex   4.850000e+01 0.000000e+00 0.000000e+00
      vertex   4.000000e+00 -4.000000e+00 0.000000e+00
    endloop
  endfacet
  facet normal 0.000000e+00 0.000000e+00 -1.000000e+00
    outer loop
      vertex   4.000000e+00 -4.000000e+00 0.000000e+00
      vertex   4.850000e+01 0.000000e+00 0.000000e+00
      vertex   4.841151e+01 -2.928357e+00 0.000000e+00
    endloop
  endfacet
  facet normal 0.000000e+00 0.000000e+00 -1.000000e+00
    outer loop
      vertex   4.000000e+00 -4.000000e+00 0.000000e+00
      vertex   4.841151e+01 -2.928357e+00 0.000000e+00
      vertex   4.814638e+01 -5.846029e+00 0.000000e+00
    endloop
  endfacet
  facet normal 0.000000e+00 0.000000e+00 -1.000000e+00
    outer loop
      vertex   -4.000000e+00 4.000000e+00 0.000000e+00
      vertex   2.969768e-15 4.850000e+01 0.000000e+00
      vertex   4.000000e+00 4.000000e+00 0.000000e+00
    endloop
  endfacet
  facet normal 0.000000e+00 0.000000e+00 -1.000000e+00
    outer loop
      vertex   4.000000e+00 4.000000e+00 0.000000e+00
      vertex   2.969768e-15 4.850000e+01 0.000000e+00
      vertex   2.928357e+00 4.841151e+01 0.000000e+00
    endloop
  endfacet
  facet normal 0.000000e+00 0.000000e+00 -1.000000e+00
    outer loop
      vertex   4.000000e+00 4.000000e+00 0.000000e+00
      vertex   2.928357e+00 4.841151e+01 0.000000e+00
      vertex   5.846029e+00 4.814638e+01 0.000000e+00
    endloop
  endfacet
  facet normal 0.000000e+00 0.000000e+00 -1.000000e+00
    outer loop
      vertex   -4.000000e+00 -4.000000e+00 0.000000e+00
      vertex   -4.850000e+01 -5.939537e-15 0.000000e+00
      vertex   -4.000000e+00 4.000000e+00 0.000000e+00
    endloop
  endfacet
  facet normal 0.000000e+00 0.000000e+00 -1.000000e+00
    outer loop
      vertex   -4.000000e+00 4.000000e+00 0.000000e+00
      vertex   -4.850000e+01 -5.939537e-15 0.000000e+00
      vertex   -4.841151e+01 2.928357e+00 0.000000e+00
    endloop
  endfacet
  facet normal -0.000000e+00 0.000000e+00 -1.000000e+00
    outer loop
      vertex   -4.000000e+00 4.000000e+00 0.000000e+00
      vertex   -4.841151e+01 2.928357e+00 0.000000e+00
      vertex   -4.814638e+01 5.846029e+00 0.000000e+00
    endloop
  endfacet
  facet normal -0.000000e+00 0.000000e+00 -1.000000e+00
    outer loop
      vertex   4.000000e+00 -4.000000e+00 0.000000e+00
      vertex   2.969768e-15 -4.850000e+01 0.000000e+00
      vertex   -4.000000e+00 -4.000000e+00 0.000000e+00
    endloop
  endfacet
  facet normal 0.000000e+00 0.000000e+00 -1.000000e+00
    outer loop
      vertex   -4.000000e+00 -4.000000e+00 0.000000e+00
      vertex   2.969768e-15 -4.850000e+01 0.000000e+00
      vertex   -2.928357e+00 -4.841151e+01 0.000000e+00
    endloop
  endfacet
  facet normal 0.000000e+00 -0.000000e+00 -1.000000e+00
    outer loop
      vertex   -4.000000e+00 -4.000000e+00 0.000000e+00
      vertex   -2.928357e+00 -4.841151e+01 0.000000e+00
      vertex   -5.846029e+00 -4.814638e+01 0.000000e+00
    endloop
  endfacet
  facet normal 0.000000e+00 0.000000e+00 -1.000000e+00
    outer loop
      vertex   -4.814638e+01 5.846029e+00 0.000000e+00
      vertex   -4.770557e+01 8.742369e+00 0.000000e+00
      vertex   -4.000000e+00 4.000000e+00 0.000000e+00
    endloop
  endfacet
  facet normal 0.000000e+00 0.000000e+00 -1.000000e+00
    outer loop
      vertex   -4.000000e+00 4.000000e+00 0.000000e+00
      vertex   -4.770557e+01 8.742369e+00 0.000000e+00
      vertex   -4.709068e+01 1.160681e+01 0.000000e+00
    endloop
  endfacet
  facet normal 0.000000e+00 0.000000e+00 -1.000000e+00
    outer loop
      vertex   -4.000000e+00 4.000000e+00 0.000000e+00
      vertex   -4.709068e+01 1.160681e+01 0.000000e+00
      vertex   -4.630396e+01 1.442890e+01 0.000000e+00
    endloop
  endfacet
  facet normal 0.000000e+00 0.000000e+00 -1.000000e+00
    outer loop
      vertex   -4.630396e+01 1.442890e+01 0.000000e+00
      vertex   -4.534829e+01 1.719834e+01 0.000000e+00
      vertex   -4.000000e+00 4.000000e+00 0.000000e+00
    endloop
  endfacet
  facet normal 0.000000e+00 0.000000e+00 -1.000000e+00
    outer loop
      vertex   -4.000000e+00 4.000000e+00 0.000000e+00
      vertex   -4.534829e+01 1.719834e+01 0.000000e+00
      vertex   -4.422714e+01 1.990502e+01 0.000000e+00
    endloop
  endfacet
  facet normal 0.000000e+00 0.000000e+00 -1.000000e+00
    outer loop
      vertex   -4.000000e+00 4.000000e+00 0.000000e+00
      vertex   -4.422714e+01 1.990502e+01 0.000000e+00
      vertex   -4.294462e+01 2.253907e+01 0.000000e+00
    endloop
  endfacet
  facet normal 0.000000e+00 0.000000e+00 -1.000000e+00
    outer loop
      vertex   -4.294462e+01 2.253907e+01 0.000000e+00
      vertex   -4.150539e+01 2.509088e+01 0.000000e+00
      vertex   -4.000000e+00 4.000000e+00 0.000000e+00
    endloop
  endfacet
  facet normal 0.000000e+00 0.000000e+00 -1.000000e+00
    outer loop
      vertex   -4.000000e+00 4.000000e+00 0.000000e+00
      vertex   -4.150539e+01 2.509088e+01 0.000000e+00
      vertex   -3.991472e+01 2.755114e+01 0.000000e+00
    endloop
  endfacet
  facet normal 0.000000e+00 0.000000e+00 -1.000000e+00
    outer loop
      vertex   -4.000000e+00 4.000000e+00 0.000000e+00
      vertex   -3.991472e+01 2.755114e+01 0.000000e+00
      vertex   -3.817840e+01 2.991087e+01 0.000000e+00
    endloop
  endfacet
  facet normal 0.000000e+00 0.000000e+00 -1.000000e+00
    outer loop
      vertex   -3.817840e+01 2.991087e+01 0.000000e+00
      vertex   -3.630277e+01 3.216145e+01 0.000000e+00
      vertex   -4.000000e+00 4.000000e+00 0.000000e+00
    endloop
  endfacet
  facet normal 0.000000e+00 0.000000e+00 -1.000000e+00
    outer loop
      vertex   -4.000000e+00 4.000000e+00 0.000000e+00
      vertex   -3.630277e+01 3.216145e+01 0.000000e+00
      vertex   -3.429468e+01 3.429468e+01 0.000000e+00
    endloop
  endfacet
  facet normal 0.000000e+00 0.000000e+00 -1.000000e+00
    outer loop
      vertex   -4.000000e+00 4.000000e+00 0.000000e+00
      vertex   -3.429468e+01 3.429468e+01 0.000000e+00
      vertex   -3.216145e+01 3.630277e+01 0.000000e+00
    endloop
  endfacet
  facet normal 0.000000e+00 0.000000e+00 -1.000000e+00
    outer loop
      vertex   -3.216145e+01 3.630277e+01 0.000000e+00
      vertex   -2.991087e+01 3.817840e+01 0.000000e+00
      vertex   -4.000000e+00 4.000000e+00 0.000000e+00
    endloop
  endfacet
  facet normal 0.000000e+00 0.000000e+00 -1.000000e+00
    outer loop
      vertex   -4.000000e+00 4.000000e+00 0.000000e+00
      vertex   -2.991087e+01 3.817840e+01 0.000000e+00
      vertex   -2.755114e+01 3.991472e+01 0.000000e+00
    endloop
  endfacet
  facet normal 0.000000e+00 0.000000e+00 -1.000000e+00
    outer loop
      vertex   -4.000000e+00 4.000000e+00 0.000000e+00
      vertex   -2.755114e+01 3.991472e+01 0.000000e+00
      vertex   -2.509088e+01 4.150539e+01 0.000000e+00
    endloop
  endfacet
  facet normal 0.000000e+00 0.000000e+00 -1.000000e+00
    outer loop
      vertex   -2.509088e+01 4.150539e+01 0.000000e+00
      vertex   -2.253907e+01 4.294462e+01 0.000000e+00
      vertex   -4.000000e+00 4.000000e+00 0.000000e+00
    endloop
  endfacet
  facet normal 0.000000e+00 0.000000e+00 -1.000000e+00
    outer loop
      vertex   -4.000000e+00 4.000000e+00 0.000000e+00
      vertex   -2.253907e+01 4.294462e+01 0.000000e+00
      vertex   -1.990502e+01 4.422714e+01 0.000000e+00
    endloop
  endfacet
  facet normal 0.000000e+00 0.000000e+00 -1.000000e+00
    outer loop
      vertex   -4.000000e+00 4.000000e+00 0.000000e+00
      vertex   -1.990502e+01 4.422714e+01 0.000000e+00
      vertex   -1.719834e+01 4.534829e+01 0.000000e+00
    endloop
  endfacet
  facet normal 0.000000e+00 0.000000e+00 -1.000000e+00
    outer loop
      vertex   -1.719834e+01 4.534829e+01 0.000000e+00
      vertex   -1.442890e+01 4.630396e+01 0.000000e+00
      vertex   -4.000000e+00 4.000000e+00 0.000000e+00
    endloop
  endfacet
  facet normal 0.000000e+00 0.000000e+00 -1.000000e+00
    outer loop
      vertex   -4.000000e+00 4.000000e+00 0.000000e+00
      vertex   -1.442890e+01 4.630396e+01 0.000000e+00
      vertex   -1.160681e+01 4.709068e+01 0.000000e+00
    endloop
  endfacet
  facet normal 0.000000e+00 0.000000e+00 -1.000000e+00
    outer loop
      vertex   -4.000000e+00 4.000000e+00 0.000000e+00
      vertex   -1.160681e+01 4.709068e+01 0.000000e+00
      vertex   -8.742369e+00 4.770557e+01 0.000000e+00
    endloop
  endfacet
  facet normal 0.000000e+00 0.000000e+00 -1.000000e+00
    outer loop
      vertex   -8.742369e+00 4.770557e+01 0.000000e+00
      vertex   -5.846029e+00 4.814638e+01 0.000000e+00
      vertex   -4.000000e+00 4.000000e+00 0.000000e+00
    endloop
  endfacet
  facet normal 0.000000e+00 0.000000e+00 -1.000000e+00
    outer loop
      vertex   -4.000000e+00 4.000000e+00 0.000000e+00
      vertex   -5.846029e+00 4.814638e+01 0.000000e+00
      vertex   -2.928357e+00 4.841151e+01 0.000000e+00
    endloop
  endfacet
  facet normal 0.000000e+00 0.000000e+00 -1.000000e+00
    outer loop
      vertex   -4.000000e+00 4.000000e+00 0.000000e+00
      vertex   -2.928357e+00 4.841151e+01 0.000000e+00
      vertex   2.969768e-15 4.850000e+01 0.000000e+00
    endloop
  endfacet
  facet normal 0.000000e+00 -0.000000e+00 -1.000000e+00
    outer loop
      vertex   5.846029e+00 4.814638e+01 0.000000e+00
      vertex   8.742369e+00 4.770557e+01 0.000000e+00
      vertex   4.000000e+00 4.000000e+00 0.000000e+00
    endloop
  endfacet
  facet normal 0.000000e+00 0.000000e+00 -1.000000e+00
    outer loop
      vertex   4.000000e+00 4.000000e+00 0.000000e+00
      vertex   8.742369e+00 4.770557e+01 0.000000e+00
      vertex   1.160681e+01 4.709068e+01 0.000000e+00
    endloop
  endfacet
  facet normal 0.000000e+00 0.000000e+00 -1.000000e+00
    outer loop
      vertex   4.000000e+00 4.000000e+00 0.000000e+00
      vertex   1.160681e+01 4.709068e+01 0.000000e+00
      vertex   1.442890e+01 4.630396e+01 0.000000e+00
    endloop
  endfacet
  facet normal 0.000000e+00 -0.000000e+00 -1.000000e+00
    outer loop
      vertex   1.442890e+01 4.630396e+01 0.000000e+00
      vertex   1.719834e+01 4.534829e+01 0.000000e+00
      vertex   4.000000e+00 4.000000e+00 0.000000e+00
    endloop
  endfacet
  facet normal 0.000000e+00 0.000000e+00 -1.000000e+00
    outer loop
      vertex   4.000000e+00 4.000000e+00 0.000000e+00
      vertex   1.719834e+01 4.534829e+01 0.000000e+00
      vertex   1.990502e+01 4.422714e+01 0.000000e+00
    endloop
  endfacet
  facet normal 0.000000e+00 0.000000e+00 -1.000000e+00
    outer loop
      vertex   4.000000e+00 4.000000e+00 0.000000e+00
      vertex   1.990502e+01 4.422714e+01 0.000000e+00
      vertex   2.253907e+01 4.294462e+01 0.000000e+00
    endloop
  endfacet
  facet normal 0.000000e+00 -0.000000e+00 -1.000000e+00
    outer loop
      vertex   2.253907e+01 4.294462e+01 0.000000e+00
      vertex   2.509088e+01 4.150539e+01 0.000000e+00
      vertex   4.000000e+00 4.000000e+00 0.000000e+00
    endloop
  endfacet
  facet normal 0.000000e+00 0.000000e+00 -1.000000e+00
    outer loop
      vertex   4.000000e+00 4.000000e+00 0.000000e+00
      vertex   2.509088e+01 4.150539e+01 0.000000e+00
      vertex   2.755114e+01 3.991472e+01 0.000000e+00
    endloop
  endfacet
  facet normal 0.000000e+00 0.000000e+00 -1.000000e+00
    outer loop
      vertex   4.000000e+00 4.000000e+00 0.000000e+00
      vertex   2.755114e+01 3.991472e+01 0.000000e+00
      vertex   2.991087e+01 3.817840e+01 0.000000e+00
    endloop
  endfacet
  facet normal 0.000000e+00 -0.000000e+00 -1.000000e+00
    outer loop
      vertex   2.991087e+01 3.817840e+01 0.000000e+00
      vertex   3.216145e+01 3.630277e+01 0.000000e+00
      vertex   4.000000e+00 4.000000e+00 0.000000e+00
    endloop
  endfacet
  facet normal 0.000000e+00 0.000000e+00 -1.000000e+00
    outer loop
      vertex   4.000000e+00 4.000000e+00 0.000000e+00
      vertex   3.216145e+01 3.630277e+01 0.000000e+00
      vertex   3.429468e+01 3.429468e+01 0.000000e+00
    endloop
  endfacet
  facet normal 0.000000e+00 0.000000e+00 -1.000000e+00
    outer loop
      vertex   4.000000e+00 4.000000e+00 0.000000e+00
      vertex   3.429468e+01 3.429468e+01 0.000000e+00
      vertex   3.630277e+01 3.216145e+01 0.000000e+00
    endloop
  endfacet
  facet normal 0.000000e+00 -0.000000e+00 -1.000000e+00
    outer loop
      vertex   3.630277e+01 3.216145e+01 0.000000e+00
      vertex   3.817840e+01 2.991087e+01 0.000000e+00
      vertex   4.000000e+00 4.000000e+00 0.000000e+00
    endloop
  endfacet
  facet normal 0.000000e+00 0.000000e+00 -1.000000e+00
    outer loop
      vertex   4.000000e+00 4.000000e+00 0.000000e+00
      vertex   3.817840e+01 2.991087e+01 0.000000e+00
      vertex   3.991472e+01 2.755114e+01 0.000000e+00
    endloop
  endfacet
  facet normal 0.000000e+00 0.000000e+00 -1.000000e+00
    outer loop
      vertex   4.000000e+00 4.000000e+00 0.000000e+00
      vertex   3.991472e+01 2.755114e+01 0.000000e+00
      vertex   4.150539e+01 2.509088e+01 0.000000e+00
    endloop
  endfacet
  facet normal 0.000000e+00 -0.000000e+00 -1.000000e+00
    outer loop
      vertex   4.150539e+01 2.509088e+01 0.000000e+00
      vertex   4.294462e+01 2.253907e+01 0.000000e+00
      vertex   4.000000e+00 4.000000e+00 0.000000e+00
    endloop
  endfacet
  facet normal 0.000000e+00 0.000000e+00 -1.000000e+00
    outer loop
      vertex   4.000000e+00 4.000000e+00 0.000000e+00
      vertex   4.294462e+01 2.253907e+01 0.000000e+00
      vertex   4.422714e+01 1.990502e+01 0.000000e+00
    endloop
  endfacet
  facet normal 0.000000e+00 0.000000e+00 -1.000000e+00
    outer loop
      vertex   4.000000e+00 4.000000e+00 0.000000e+00
      vertex   4.422714e+01 1.990502e+01 0.000000e+00
      vertex   4.534829e+01 1.719834e+01 0.000000e+00
    endloop
  endfacet
  facet normal 0.000000e+00 -0.000000e+00 -1.000000e+00
    outer loop
      vertex   4.534829e+01 1.719834e+01 0.000000e+00
      vertex   4.630396e+01 1.442890e+01 0.000000e+00
      vertex   4.000000e+00 4.000000e+00 0.000000e+00
    endloop
  endfacet
  facet normal 0.000000e+00 0.000000e+00 -1.000000e+00
    outer loop
      vertex   4.000000e+00 4.000000e+00 0.000000e+00
      vertex   4.630396e+01 1.442890e+01 0.000000e+00
      vertex   4.709068e+01 1.160681e+01 0.000000e+00
    endloop
  endfacet
  facet normal 0.000000e+00 0.000000e+00 -1.000000e+00
    outer loop
      vertex   4.000000e+00 4.000000e+00 0.000000e+00
      vertex   4.709068e+01 1.160681e+01 0.000000e+00
      vertex   4.770557e+01 8.742369e+00 0.000000e+00
    endloop
  endfacet
  facet normal 0.000000e+00 -0.000000e+00 -1.000000e+00
    outer loop
      vertex   4.770557e+01 8.742369e+00 0.000000e+00
      vertex   4.814638e+01 5.846029e+00 0.000000e+00
      vertex   4.000000e+00 4.000000e+00 0.000000e+00
    endloop
  endfacet
  facet normal 0.000000e+00 0.000000e+00 -1.000000e+00
    outer loop
      vertex   4.000000e+00 4.000000e+00 0.000000e+00
      vertex   4.814638e+01 5.846029e+00 0.000000e+00
      vertex   4.841151e+01 2.928357e+00 0.000000e+00
    endloop
  endfacet
  facet normal 0.000000e+00 0.000000e+00 -1.000000e+00
    outer loop
      vertex   4.000000e+00 4.000000e+00 0.000000e+00
      vertex   4.841151e+01 2.928357e+00 0.000000e+00
      vertex   4.850000e+01 0.000000e+00 0.000000e+00
    endloop
  endfacet
  facet normal -0.000000e+00 0.000000e+00 -1.000000e+00
    outer loop
      vertex   4.814638e+01 -5.846029e+00 0.000000e+00
      vertex   4.770557e+01 -8.742369e+00 0.000000e+00
      vertex   4.000000e+00 -4.000000e+00 0.000000e+00
    endloop
  endfacet
  facet normal 0.000000e+00 0.000000e+00 -1.000000e+00
    outer loop
      vertex   4.000000e+00 -4.000000e+00 0.000000e+00
      vertex   4.770557e+01 -8.742369e+00 0.000000e+00
      vertex   4.709068e+01 -1.160681e+01 0.000000e+00
    endloop
  endfacet
  facet normal 0.000000e+00 0.000000e+00 -1.000000e+00
    outer loop
      vertex   4.000000e+00 -4.000000e+00 0.000000e+00
      vertex   4.709068e+01 -1.160681e+01 0.000000e+00
      vertex   4.630396e+01 -1.442890e+01 0.000000e+00
    endloop
  endfacet
  facet normal -0.000000e+00 0.000000e+00 -1.000000e+00
    outer loop
      vertex   4.630396e+01 -1.442890e+01 0.000000e+00
      vertex   4.534829e+01 -1.719834e+01 0.000000e+00
      vertex   4.000000e+00 -4.000000e+00 0.000000e+00
    endloop
  endfacet
  facet normal 0.000000e+00 0.000000e+00 -1.000000e+00
    outer loop
      vertex   4.000000e+00 -4.000000e+00 0.000000e+00
      vertex   4.534829e+01 -1.719834e+01 0.000000e+00
      vertex   4.422714e+01 -1.990502e+01 0.000000e+00
    endloop
  endfacet
  facet normal 0.000000e+00 0.000000e+00 -1.000000e+00
    outer loop
      vertex   4.000000e+00 -4.000000e+00 0.000000e+00
      vertex   4.422714e+01 -1.990502e+01 0.000000e+00
      vertex   4.294462e+01 -2.253907e+01 0.000000e+00
    endloop
  endfacet
  facet normal -0.000000e+00 0.000000e+00 -1.000000e+00
    outer loop
      vertex   4.294462e+01 -2.253907e+01 0.000000e+00
      vertex   4.150539e+01 -2.509088e+01 0.000000e+00
      vertex   4.000000e+00 -4.000000e+00 0.000000e+00
    endloop
  endfacet
  facet normal 0.000000e+00 0.000000e+00 -1.000000e+00
    outer loop
      vertex   4.000000e+00 -4.000000e+00 0.000000e+00
      vertex   4.150539e+01 -2.509088e+01 0.000000e+00
      vertex   3.991472e+01 -2.755114e+01 0.000000e+00
    endloop
  endfacet
  facet normal 0.000000e+00 0.000000e+00 -1.000000e+00
    outer loop
      vertex   4.000000e+00 -4.000000e+00 0.000000e+00
      vertex   3.991472e+01 -2.755114e+01 0.000000e+00
      vertex   3.817840e+01 -2.991087e+01 0.000000e+00
    endloop
  endfacet
  facet normal -0.000000e+00 0.000000e+00 -1.000000e+00
    outer loop
      vertex   3.817840e+01 -2.991087e+01 0.000000e+00
      vertex   3.630277e+01 -3.216145e+01 0.000000e+00
      vertex   4.000000e+00 -4.000000e+00 0.000000e+00
    endloop
  endfacet
  facet normal 0.000000e+00 0.000000e+00 -1.000000e+00
    outer loop
      vertex   4.000000e+00 -4.000000e+00 0.000000e+00
      vertex   3.630277e+01 -3.216145e+01 0.000000e+00
      vertex   3.429468e+01 -3.429468e+01 0.000000e+00
    endloop
  endfacet
  facet normal 0.000000e+00 0.000000e+00 -1.000000e+00
    outer loop
      vertex   4.000000e+00 -4.000000e+00 0.000000e+00
      vertex   3.429468e+01 -3.429468e+01 0.000000e+00
      vertex   3.216145e+01 -3.630277e+01 0.000000e+00
    endloop
  endfacet
  facet normal -0.000000e+00 0.000000e+00 -1.000000e+00
    outer loop
      vertex   3.216145e+01 -3.630277e+01 0.000000e+00
      vertex   2.991087e+01 -3.817840e+01 0.000000e+00
      vertex   4.000000e+00 -4.000000e+00 0.000000e+00
    endloop
  endfacet
  facet normal 0.000000e+00 0.000000e+00 -1.000000e+00
    outer loop
      vertex   4.000000e+00 -4.000000e+00 0.000000e+00
      vertex   2.991087e+01 -3.817840e+01 0.000000e+00
      vertex   2.755114e+01 -3.991472e+01 0.000000e+00
    endloop
  endfacet
  facet normal 0.000000e+00 0.000000e+00 -1.000000e+00
    outer loop
      vertex   4.000000e+00 -4.000000e+00 0.000000e+00
      vertex   2.755114e+01 -3.991472e+01 0.000000e+00
      vertex   2.509088e+01 -4.150539e+01 0.000000e+00
    endloop
  endfacet
  facet normal -0.000000e+00 0.000000e+00 -1.000000e+00
    outer loop
      vertex   2.509088e+01 -4.150539e+01 0.000000e+00
      vertex   2.253907e+01 -4.294462e+01 0.000000e+00
      vertex   4.000000e+00 -4.000000e+00 0.000000e+00
    endloop
  endfacet
  facet normal 0.000000e+00 0.000000e+00 -1.000000e+00
    outer loop
      vertex   4.000000e+00 -4.000000e+00 0.000000e+00
      vertex   2.253907e+01 -4.294462e+01 0.000000e+00
      vertex   1.990502e+01 -4.422714e+01 0.000000e+00
    endloop
  endfacet
  facet normal 0.000000e+00 0.000000e+00 -1.000000e+00
    outer loop
      vertex   4.000000e+00 -4.000000e+00 0.000000e+00
      vertex   1.990502e+01 -4.422714e+01 0.000000e+00
      vertex   1.719834e+01 -4.534829e+01 0.000000e+00
    endloop
  endfacet
  facet normal -0.000000e+00 0.000000e+00 -1.000000e+00
    outer loop
      vertex   1.719834e+01 -4.534829e+01 0.000000e+00
      vertex   1.442890e+01 -4.630396e+01 0.000000e+00
      vertex   4.000000e+00 -4.000000e+00 0.000000e+00
    endloop
  endfacet
  facet normal 0.000000e+00 0.000000e+00 -1.000000e+00
    outer loop
      vertex   4.000000e+00 -4.000000e+00 0.000000e+00
      vertex   1.442890e+01 -4.630396e+01 0.000000e+00
      vertex   1.160681e+01 -4.709068e+01 0.000000e+00
    endloop
  endfacet
  facet normal 0.000000e+00 0.000000e+00 -1.000000e+00
    outer loop
      vertex   4.000000e+00 -4.000000e+00 0.000000e+00
      vertex   1.160681e+01 -4.709068e+01 0.000000e+00
      vertex   8.742369e+00 -4.770557e+01 0.000000e+00
    endloop
  endfacet
  facet normal -0.000000e+00 0.000000e+00 -1.000000e+00
    outer loop
      vertex   8.742369e+00 -4.770557e+01 0.000000e+00
      vertex   5.846029e+00 -4.814638e+01 0.000000e+00
      vertex   4.000000e+00 -4.000000e+00 0.000000e+00
    endloop
  endfacet
  facet normal 0.000000e+00 -0.000000e+00 -1.000000e+00
    outer loop
      vertex   4.000000e+00 -4.000000e+00 0.000000e+00
      vertex   5.846029e+00 -4.814638e+01 0.000000e+00
      vertex   2.928357e+00 -4.841151e+01 0.000000e+00
    endloop
  endfacet
  facet normal 0.000000e+00 0.000000e+00 -1.000000e+00
    outer loop
      vertex   4.000000e+00 -4.000000e+00 0.000000e+00
      vertex   2.928357e+00 -4.841151e+01 0.000000e+00
      vertex   2.969768e-15 -4.850000e+01 0.000000e+00
    endloop
  endfacet
  facet normal 0.000000e+00 0.000000e+00 -1.000000e+00
    outer loop
      vertex   -5.846029e+00 -4.814638e+01 0.000000e+00
      vertex   -8.742369e+00 -4.770557e+01 0.000000e+00
      vertex   -4.000000e+00 -4.000000e+00 0.000000e+00
    endloop
  endfacet
  facet normal 0.000000e+00 0.000000e+00 -1.000000e+00
    outer loop
      vertex   -4.000000e+00 -4.000000e+00 0.000000e+00
      vertex   -8.742369e+00 -4.770557e+01 0.000000e+00
      vertex   -1.160681e+01 -4.709068e+01 0.000000e+00
    endloop
  endfacet
  facet normal 0.000000e+00 0.000000e+00 -1.000000e+00
    outer loop
      vertex   -4.000000e+00 -4.000000e+00 0.000000e+00
      vertex   -1.160681e+01 -4.709068e+01 0.000000e+00
      vertex   -1.442890e+01 -4.630396e+01 0.000000e+00
    endloop
  endfacet
  facet normal 0.000000e+00 0.000000e+00 -1.000000e+00
    outer loop
      vertex   -1.442890e+01 -4.630396e+01 0.000000e+00
      vertex   -1.719834e+01 -4.534829e+01 0.000000e+00
      vertex   -4.000000e+00 -4.000000e+00 0.000000e+00
    endloop
  endfacet
  facet normal 0.000000e+00 0.000000e+00 -1.000000e+00
    outer loop
      vertex   -4.000000e+00 -4.000000e+00 0.000000e+00
      vertex   -1.719834e+01 -4.534829e+01 0.000000e+00
      vertex   -1.990502e+01 -4.422714e+01 0.000000e+00
    endloop
  endfacet
  facet normal 0.000000e+00 0.000000e+00 -1.000000e+00
    outer loop
      vertex   -4.000000e+00 -4.000000e+00 0.000000e+00
      vertex   -1.990502e+01 -4.422714e+01 0.000000e+00
      vertex   -2.253907e+01 -4.294462e+01 0.000000e+00
    endloop
  endfacet
  facet normal 0.000000e+00 0.000000e+00 -1.000000e+00
    outer loop
      vertex   -2.253907e+01 -4.294462e+01 0.000000e+00
      vertex   -2.509088e+01 -4.150539e+01 0.000000e+00
      vertex   -4.000000e+00 -4.000000e+00 0.000000e+00
    endloop
  endfacet
  facet normal 0.000000e+00 0.000000e+00 -1.000000e+00
    outer loop
      vertex   -4.000000e+00 -4.000000e+00 0.000000e+00
      vertex   -2.509088e+01 -4.150539e+01 0.000000e+00
      vertex   -2.755114e+01 -3.991472e+01 0.000000e+00
    endloop
  endfacet
  facet normal 0.000000e+00 0.000000e+00 -1.000000e+00
    outer loop
      vertex   -4.000000e+00 -4.000000e+00 0.000000e+00
      vertex   -2.755114e+01 -3.991472e+01 0.000000e+00
      vertex   -2.991087e+01 -3.817840e+01 0.000000e+00
    endloop
  endfacet
  facet normal 0.000000e+00 0.000000e+00 -1.000000e+00
    outer loop
      vertex   -2.991087e+01 -3.817840e+01 0.000000e+00
      vertex   -3.216145e+01 -3.630277e+01 0.000000e+00
      vertex   -4.000000e+00 -4.000000e+00 0.000000e+00
    endloop
  endfacet
  facet normal 0.000000e+00 0.000000e+00 -1.000000e+00
    outer loop
      vertex   -4.000000e+00 -4.000000e+00 0.000000e+00
      vertex   -3.216145e+01 -3.630277e+01 0.000000e+00
      vertex   -3.429468e+01 -3.429468e+01 0.000000e+00
    endloop
  endfacet
  facet normal 0.000000e+00 0.000000e+00 -1.000000e+00
    outer loop
      vertex   -4.000000e+00 -4.000000e+00 0.000000e+00
      vertex   -3.429468e+01 -3.429468e+01 0.000000e+00
      vertex   -3.630277e+01 -3.216145e+01 0.000000e+00
    endloop
  endfacet
  facet normal 0.000000e+00 0.000000e+00 -1.000000e+00
    outer loop
      vertex   -3.630277e+01 -3.216145e+01 0.000000e+00
      vertex   -3.817840e+01 -2.991087e+01 0.000000e+00
      vertex   -4.000000e+00 -4.000000e+00 0.000000e+00
    endloop
  endfacet
  facet normal 0.000000e+00 0.000000e+00 -1.000000e+00
    outer loop
      vertex   -4.000000e+00 -4.000000e+00 0.000000e+00
      vertex   -3.817840e+01 -2.991087e+01 0.000000e+00
      vertex   -3.991472e+01 -2.755114e+01 0.000000e+00
    endloop
  endfacet
  facet normal 0.000000e+00 0.000000e+00 -1.000000e+00
    outer loop
      vertex   -4.000000e+00 -4.000000e+00 0.000000e+00
      vertex   -3.991472e+01 -2.755114e+01 0.000000e+00
      vertex   -4.150539e+01 -2.509088e+01 0.000000e+00
    endloop
  endfacet
  facet normal 0.000000e+00 0.000000e+00 -1.000000e+00
    outer loop
      vertex   -4.150539e+01 -2.509088e+01 0.000000e+00
      vertex   -4.294462e+01 -2.253907e+01 0.000000e+00
      vertex   -4.000000e+00 -4.000000e+00 0.000000e+00
    endloop
  endfacet
  facet normal 0.000000e+00 0.000000e+00 -1.000000e+00
    outer loop
      vertex   -4.000000e+00 -4.000000e+00 0.000000e+00
      vertex   -4.294462e+01 -2.253907e+01 0.000000e+00
      vertex   -4.422714e+01 -1.990502e+01 0.000000e+00
    endloop
  endfacet
  facet normal 0.000000e+00 0.000000e+00 -1.000000e+00
    outer loop
      vertex   -4.000000e+00 -4.000000e+00 0.000000e+00
      vertex   -4.422714e+01 -1.990502e+01 0.000000e+00
      vertex   -4.534829e+01 -1.719834e+01 0.000000e+00
    endloop
  endfacet
  facet normal 0.000000e+00 0.000000e+00 -1.000000e+00
    outer loop
      vertex   -4.534829e+01 -1.719834e+01 0.000000e+00
      vertex   -4.630396e+01 -1.442890e+01 0.000000e+00
      vertex   -4.000000e+00 -4.000000e+00 0.000000e+00
    endloop
  endfacet
  facet normal 0.000000e+00 0.000000e+00 -1.000000e+00
    outer loop
      vertex   -4.000000e+00 -4.000000e+00 0.000000e+00
      vertex   -4.630396e+01 -1.442890e+01 0.000000e+00
      vertex   -4.709068e+01 -1.160681e+01 0.000000e+00
    endloop
  endfacet
  facet normal 0.000000e+00 0.000000e+00 -1.000000e+00
    outer loop
      vertex   -4.000000e+00 -4.000000e+00 0.000000e+00
      vertex   -4.709068e+01 -1.160681e+01 0.000000e+00
      vertex   -4.770557e+01 -8.742369e+00 0.000000e+00
    endloop
  endfacet
  facet normal 0.000000e+00 0.000000e+00 -1.000000e+00
    outer loop
      vertex   -4.770557e+01 -8.742369e+00 0.000000e+00
      vertex   -4.814638e+01 -5.846029e+00 0.000000e+00
      vertex   -4.000000e+00 -4.000000e+00 0.000000e+00
    endloop
  endfacet
  facet normal -0.000000e+00 0.000000e+00 -1.000000e+00
    outer loop
      vertex   -4.000000e+00 -4.000000e+00 0.000000e+00
      vertex   -4.814638e+01 -5.846029e+00 0.000000e+00
      vertex   -4.841151e+01 -2.928357e+00 0.000000e+00
    endloop
  endfacet
  facet normal 0.000000e+00 0.000000e+00 -1.000000e+00
    outer loop
      vertex   -4.000000e+00 -4.000000e+00 0.000000e+00
      vertex   -4.841151e+01 -2.928357e+00 0.000000e+00
      vertex   -4.850000e+01 -5.939537e-15 0.000000e+00
    endloop
  endfacet
  facet normal -1.305252e-01 -3.944055e-03 -9.914372e-01
    outer loop
      vertex   -4.841151e+01 -2.928357e+00 0.000000e+00
      vertex   -4.879903e+01 -2.951798e+00 5.111126e-02
      vertex   -4.850000e+01 -5.939537e-15 0.000000e+00
    endloop
  endfacet
  facet normal -1.305252e-01 -3.944055e-03 -9.914372e-01
    outer loop
      vertex   -4.850000e+01 -5.939537e-15 0.000000e+00
      vertex   -4.879903e+01 -2.951798e+00 5.111126e-02
      vertex   -4.888823e+01 5.987081e-15 5.111126e-02
    endloop
  endfacet
  facet normal -1.305252e-01 3.944055e-03 -9.914372e-01
    outer loop
      vertex   -4.850000e+01 -5.939537e-15 0.000000e+00
      vertex   -4.888823e+01 5.987081e-15 5.111126e-02
      vertex   -4.841151e+01 2.928357e+00 0.000000e+00
    endloop
  endfacet
  facet normal -1.305252e-01 3.944055e-03 -9.914372e-01
    outer loop
      vertex   -4.841151e+01 2.928357e+00 0.000000e+00
      vertex   -4.888823e+01 5.987081e-15 5.111126e-02
      vertex   -4.879903e+01 2.951798e+00 5.111126e-02
    endloop
  endfacet
  facet normal -1.300535e-01 1.174274e-02 -9.914374e-01
    outer loop
      vertex   -4.841151e+01 2.928357e+00 0.000000e+00
      vertex   -4.879903e+01 2.951798e+00 5.111126e-02
      vertex   -4.853853e+01 5.836972e+00 5.111126e-02
    endloop
  endfacet
  facet normal -3.812758e-01 3.442603e-02 -9.238201e-01
    outer loop
      vertex   -4.853853e+01 5.836972e+00 5.111126e-02
      vertex   -4.879903e+01 2.951798e+00 5.111126e-02
      vertex   -4.916015e+01 2.973641e+00 2.009619e-01
    endloop
  endfacet
  facet normal -3.812758e-01 3.442603e-02 -9.238201e-01
    outer loop
      vertex   -4.853853e+01 5.836972e+00 5.111126e-02
      vertex   -4.916015e+01 2.973641e+00 2.009619e-01
      vertex   -4.889771e+01 5.880166e+00 2.009619e-01
    endloop
  endfacet
  facet normal -6.064626e-01 5.475851e-02 -7.932242e-01
    outer loop
      vertex   -4.889771e+01 5.880166e+00 2.009619e-01
      vertex   -4.916015e+01 2.973641e+00 2.009619e-01
      vertex   -4.947024e+01 2.992398e+00 4.393398e-01
    endloop
  endfacet
  facet normal -6.064626e-01 5.475851e-02 -7.932242e-01
    outer loop
      vertex   -4.889771e+01 5.880166e+00 2.009619e-01
      vertex   -4.947024e+01 2.992398e+00 4.393398e-01
      vertex   -4.920615e+01 5.917257e+00 4.393398e-01
    endloop
  endfacet
  facet normal -7.902676e-01 7.135457e-02 -6.085932e-01
    outer loop
      vertex   -4.920615e+01 5.917257e+00 4.393398e-01
      vertex   -4.947024e+01 2.992398e+00 4.393398e-01
      vertex   -4.970818e+01 3.006791e+00 7.500000e-01
    endloop
  endfacet
  facet normal -7.902676e-01 7.135457e-02 -6.085932e-01
    outer loop
      vertex   -4.920615e+01 5.917257e+00 4.393398e-01
      vertex   -4.970818e+01 3.006791e+00 7.500000e-01
      vertex   -4.944282e+01 5.945718e+00 7.500000e-01
    endloop
  endfacet
  facet normal -9.201956e-01 8.308598e-02 -3.825400e-01
    outer loop
      vertex   -4.944282e+01 5.945718e+00 7.500000e-01
      vertex   -4.970818e+01 3.006791e+00 7.500000e-01
      vertex   -4.985776e+01 3.015839e+00 1.111771e+00
    endloop
  endfacet
  facet normal -9.201956e-01 8.308598e-02 -3.825400e-01
    outer loop
      vertex   -4.944282e+01 5.945718e+00 7.500000e-01
      vertex   -4.985776e+01 3.015839e+00 1.111771e+00
      vertex   -4.959160e+01 5.963609e+00 1.111771e+00
    endloop
  endfacet
  facet normal -9.874354e-01 8.915718e-02 -1.304699e-01
    outer loop
      vertex   -4.959160e+01 5.963609e+00 1.111771e+00
      vertex   -4.985776e+01 3.015839e+00 1.111771e+00
      vertex   -4.990878e+01 3.018925e+00 1.500000e+00
    endloop
  endfacet
  facet normal -9.874354e-01 8.915718e-02 -1.304699e-01
    outer loop
      vertex   -4.959160e+01 5.963609e+00 1.111771e+00
      vertex   -4.990878e+01 3.018925e+00 1.500000e+00
      vertex   -4.964235e+01 5.969711e+00 1.500000e+00
    endloop
  endfacet
  facet normal -9.874354e-01 8.915718e-02 1.304699e-01
    outer loop
      vertex   -4.964235e+01 5.969711e+00 1.500000e+00
      vertex   -4.990878e+01 3.018925e+00 1.500000e+00
      vertex   -4.985776e+01 3.015839e+00 1.888229e+00
    endloop
  endfacet
  facet normal -9.874354e-01 8.915718e-02 1.304699e-01
    outer loop
      vertex   -4.964235e+01 5.969711e+00 1.500000e+00
      vertex   -4.985776e+01 3.015839e+00 1.888229e+00
      vertex   -4.959160e+01 5.963609e+00 1.888229e+00
    endloop
  endfacet
  facet normal -9.201956e-01 8.308598e-02 3.825400e-01
    outer loop
      vertex   -4.959160e+01 5.963609e+00 1.888229e+00
      vertex   -4.985776e+01 3.015839e+00 1.888229e+00
      vertex   -4.970818e+01 3.006791e+00 2.250000e+00
    endloop
  endfacet
  facet normal -9.201956e-01 8.308598e-02 3.825400e-01
    outer loop
      vertex   -4.959160e+01 5.963609e+00 1.888229e+00
      vertex   -4.970818e+01 3.006791e+00 2.250000e+00
      vertex   -4.944282e+01 5.945718e+00 2.250000e+00
    endloop
  endfacet
  facet normal -7.902676e-01 7.135457e-02 6.085932e-01
    outer loop
      vertex   -4.944282e+01 5.945718e+00 2.250000e+00
      vertex   -4.970818e+01 3.006791e+00 2.250000e+00
      vertex   -4.947024e+01 2.992398e+00 2.560660e+00
    endloop
  endfacet
  facet normal -7.902676e-01 7.135457e-02 6.085932e-01
    outer loop
      vertex   -4.944282e+01 5.945718e+00 2.250000e+00
      vertex   -4.947024e+01 2.992398e+00 2.560660e+00
      vertex   -4.920615e+01 5.917257e+00 2.560660e+00
    endloop
  endfacet
  facet normal -6.064626e-01 5.475851e-02 7.932242e-01
    outer loop
      vertex   -4.920615e+01 5.917257e+00 2.560660e+00
      vertex   -4.947024e+01 2.992398e+00 2.560660e+00
      vertex   -4.916015e+01 2.973641e+00 2.799038e+00
    endloop
  endfacet
  facet normal -6.064626e-01 5.475851e-02 7.932242e-01
    outer loop
      vertex   -4.920615e+01 5.917257e+00 2.560660e+00
      vertex   -4.916015e+01 2.973641e+00 2.799038e+00
      vertex   -4.889771e+01 5.880166e+00 2.799038e+00
    endloop
  endfacet
  facet normal -3.812758e-01 3.442603e-02 9.238201e-01
    outer loop
      vertex   -4.889771e+01 5.880166e+00 2.799038e+00
      vertex   -4.916015e+01 2.973641e+00 2.799038e+00
      vertex   -4.879903e+01 2.951798e+00 2.948889e+00
    endloop
  endfacet
  facet normal -3.812758e-01 3.442603e-02 9.238201e-01
    outer loop
      vertex   -4.889771e+01 5.880166e+00 2.799038e+00
      vertex   -4.879903e+01 2.951798e+00 2.948889e+00
      vertex   -4.853853e+01 5.836972e+00 2.948889e+00
    endloop
  endfacet
  facet normal -1.300535e-01 1.174274e-02 9.914374e-01
    outer loop
      vertex   -4.853853e+01 5.836972e+00 2.948889e+00
      vertex   -4.879903e+01 2.951798e+00 2.948889e+00
      vertex   -4.841151e+01 2.928357e+00 3.000000e+00
    endloop
  endfacet
  facet normal -1.295021e-01 1.176808e-02 9.915093e-01
    outer loop
      vertex   -4.853853e+01 5.836972e+00 2.948889e+00
      vertex   -4.841151e+01 2.928357e+00 3.000000e+00
      vertex   -4.814638e+01 5.846029e+00 3.000000e+00
    endloop
  endfacet
  facet normal -1.300535e-01 -1.174274e-02 -9.914374e-01
    outer loop
      vertex   -4.879903e+01 -2.951798e+00 5.111126e-02
      vertex   -4.841151e+01 -2.928357e+00 0.000000e+00
      vertex   -4.853853e+01 -5.836972e+00 5.111126e-02
    endloop
  endfacet
  facet normal -1.295021e-01 -1.176808e-02 -9.915093e-01
    outer loop
      vertex   -4.853853e+01 -5.836972e+00 5.111126e-02
      vertex   -4.841151e+01 -2.928357e+00 0.000000e+00
      vertex   -4.814638e+01 -5.846029e+00 0.000000e+00
    endloop
  endfacet
  facet normal -1.296629e-01 -1.954354e-02 -9.913655e-01
    outer loop
      vertex   -4.853853e+01 -5.836972e+00 5.111126e-02
      vertex   -4.814638e+01 -5.846029e+00 0.000000e+00
      vertex   -4.810257e+01 -8.729330e+00 5.111126e-02
    endloop
  endfacet
  facet normal -1.282934e-01 -1.952590e-02 -9.915440e-01
    outer loop
      vertex   -4.810257e+01 -8.729330e+00 5.111126e-02
      vertex   -4.814638e+01 -5.846029e+00 0.000000e+00
      vertex   -4.770557e+01 -8.742369e+00 0.000000e+00
    endloop
  endfacet
  facet normal -1.285218e-01 -2.731816e-02 -9.913303e-01
    outer loop
      vertex   -4.810257e+01 -8.729330e+00 5.111126e-02
      vertex   -4.770557e+01 -8.742369e+00 0.000000e+00
      vertex   -4.749443e+01 -1.159044e+01 5.111126e-02
    endloop
  endfacet
  facet normal -1.266276e-01 -2.718218e-02 -9.915778e-01
    outer loop
      vertex   -4.749443e+01 -1.159044e+01 5.111126e-02
      vertex   -4.770557e+01 -8.742369e+00 0.000000e+00
      vertex   -4.709068e+01 -1.160681e+01 0.000000e+00
    endloop
  endfacet
  facet normal -1.269099e-01 -3.502491e-02 -9.912957e-01
    outer loop
      vertex   -4.749443e+01 -1.159044e+01 5.111126e-02
      vertex   -4.709068e+01 -1.160681e+01 0.000000e+00
      vertex   -4.671626e+01 -1.441006e+01 5.111126e-02
    endloop
  endfacet
  facet normal -1.245124e-01 -3.471042e-02 -9.916107e-01
    outer loop
      vertex   -4.671626e+01 -1.441006e+01 5.111126e-02
      vertex   -4.709068e+01 -1.160681e+01 0.000000e+00
      vertex   -4.630396e+01 -1.442890e+01 0.000000e+00
    endloop
  endfacet
  facet normal -1.248312e-01 -4.263497e-02 -9.912615e-01
    outer loop
      vertex   -4.671626e+01 -1.441006e+01 5.111126e-02
      vertex   -4.630396e+01 -1.442890e+01 0.000000e+00
      vertex   -4.577086e+01 -1.717809e+01 5.111126e-02
    endloop
  endfacet
  facet normal -1.219568e-01 -4.208469e-02 -9.916428e-01
    outer loop
      vertex   -4.577086e+01 -1.717809e+01 5.111126e-02
      vertex   -4.630396e+01 -1.442890e+01 0.000000e+00
      vertex   -4.534829e+01 -1.719834e+01 0.000000e+00
    endloop
  endfacet
  facet normal -1.222916e-01 -5.011981e-02 -9.912279e-01
    outer loop
      vertex   -4.577086e+01 -1.717809e+01 5.111126e-02
      vertex   -4.534829e+01 -1.719834e+01 0.000000e+00
      vertex   -4.466162e+01 -1.988463e+01 5.111126e-02
    endloop
  endfacet
  facet normal -1.189716e-01 -4.927965e-02 -9.916740e-01
    outer loop
      vertex   -4.466162e+01 -1.988463e+01 5.111126e-02
      vertex   -4.534829e+01 -1.719834e+01 0.000000e+00
      vertex   -4.422714e+01 -1.990502e+01 0.000000e+00
    endloop
  endfacet
  facet normal -1.192987e-01 -5.745121e-02 -9.911948e-01
    outer loop
      vertex   -4.466162e+01 -1.988463e+01 5.111126e-02
      vertex   -4.422714e+01 -1.990502e+01 0.000000e+00
      vertex   -4.339250e+01 -2.251999e+01 5.111126e-02
    endloop
  endfacet
  facet normal -1.155688e-01 -5.627068e-02 -9.917043e-01
    outer loop
      vertex   -4.339250e+01 -2.251999e+01 5.111126e-02
      vertex   -4.422714e+01 -1.990502e+01 0.000000e+00
      vertex   -4.294462e+01 -2.253907e+01 0.000000e+00
    endloop
  endfacet
  facet normal -1.158619e-01 -6.460145e-02 -9.911623e-01
    outer loop
      vertex   -4.339250e+01 -2.251999e+01 5.111126e-02
      vertex   -4.294462e+01 -2.253907e+01 0.000000e+00
      vertex   -4.196804e+01 -2.507474e+01 5.111126e-02
    endloop
  endfacet
  facet normal -1.117619e-01 -6.303394e-02 -9.917338e-01
    outer loop
      vertex   -4.196804e+01 -2.507474e+01 5.111126e-02
      vertex   -4.294462e+01 -2.253907e+01 0.000000e+00
      vertex   -4.150539e+01 -2.509088e+01 0.000000e+00
    endloop
  endfacet
  facet normal -1.119923e-01 -7.154338e-02 -9.911303e-01
    outer loop
      vertex   -4.196804e+01 -2.507474e+01 5.111126e-02
      vertex   -4.150539e+01 -2.509088e+01 0.000000e+00
      vertex   -4.039335e+01 -2.753972e+01 5.111126e-02
    endloop
  endfacet
  facet normal -1.075658e-01 -6.954646e-02 -9.917625e-01
    outer loop
      vertex   -4.039335e+01 -2.753972e+01 5.111126e-02
      vertex   -4.150539e+01 -2.509088e+01 0.000000e+00
      vertex   -3.991472e+01 -2.755114e+01 0.000000e+00
    endloop
  endfacet
  facet normal -1.077026e-01 -7.825052e-02 -9.910989e-01
    outer loop
      vertex   -4.039335e+01 -2.753972e+01 5.111126e-02
      vertex   -3.991472e+01 -2.755114e+01 0.000000e+00
      vertex   -3.867406e+01 -2.990612e+01 5.111126e-02
    endloop
  endfacet
  facet normal -1.029964e-01 -7.578620e-02 -9.917904e-01
    outer loop
      vertex   -3.867406e+01 -2.990612e+01 5.111126e-02
      vertex   -3.991472e+01 -2.755114e+01 0.000000e+00
      vertex   -3.817840e+01 -2.991087e+01 0.000000e+00
    endloop
  endfacet
  facet normal -1.030073e-01 -8.469720e-02 -9.910681e-01
    outer loop
      vertex   -3.867406e+01 -2.990612e+01 5.111126e-02
      vertex   -3.817840e+01 -2.991087e+01 0.000000e+00
      vertex   -3.681633e+01 -3.216546e+01 5.111126e-02
    endloop
  endfacet
  facet normal -9.807118e-02 -8.173213e-02 -9.918175e-01
    outer loop
      vertex   -3.681633e+01 -3.216546e+01 5.111126e-02
      vertex   -3.817840e+01 -2.991087e+01 0.000000e+00
      vertex   -3.630277e+01 -3.216145e+01 0.000000e+00
    endloop
  endfacet
  facet normal -9.792232e-02 -9.085864e-02 -9.910378e-01
    outer loop
      vertex   -3.681633e+01 -3.216546e+01 5.111126e-02
      vertex   -3.630277e+01 -3.216145e+01 0.000000e+00
      vertex   -3.482681e+01 -3.430966e+01 5.111126e-02
    endloop
  endfacet
  facet normal -9.280855e-02 -8.736430e-02 -9.918438e-01
    outer loop
      vertex   -3.482681e+01 -3.430966e+01 5.111126e-02
      vertex   -3.630277e+01 -3.216145e+01 0.000000e+00
      vertex   -3.429468e+01 -3.429468e+01 0.000000e+00
    endloop
  endfacet
  facet normal -9.246521e-02 -9.671103e-02 -9.910082e-01
    outer loop
      vertex   -3.482681e+01 -3.430966e+01 5.111126e-02
      vertex   -3.429468e+01 -3.429468e+01 0.000000e+00
      vertex   -3.271261e+01 -3.633103e+01 5.111126e-02
    endloop
  endfacet
  facet normal -8.722812e-02 -9.266389e-02 -9.918693e-01
    outer loop
      vertex   -3.271261e+01 -3.633103e+01 5.111126e-02
      vertex   -3.429468e+01 -3.429468e+01 0.000000e+00
      vertex   -3.216145e+01 -3.630277e+01 0.000000e+00
    endloop
  endfacet
  facet normal -8.665495e-02 -1.022317e-01 -9.909791e-01
    outer loop
      vertex   -3.271261e+01 -3.633103e+01 5.111126e-02
      vertex   -3.216145e+01 -3.630277e+01 0.000000e+00
      vertex   -3.048131e+01 -3.822236e+01 5.111126e-02
    endloop
  endfacet
  facet normal -8.135052e-02 -9.761327e-02 -9.918940e-01
    outer loop
      vertex   -3.048131e+01 -3.822236e+01 5.111126e-02
      vertex   -3.216145e+01 -3.630277e+01 0.000000e+00
      vertex   -2.991087e+01 -3.817840e+01 0.000000e+00
    endloop
  endfacet
  facet normal -8.051193e-02 -1.073990e-01 -9.909507e-01
    outer loop
      vertex   -3.048131e+01 -3.822236e+01 5.111126e-02
      vertex   -2.991087e+01 -3.817840e+01 0.000000e+00
      vertex   -2.814090e+01 -3.997685e+01 5.111126e-02
    endloop
  endfacet
  facet normal -7.519731e-02 -1.021961e-01 -9.919180e-01
    outer loop
      vertex   -2.814090e+01 -3.997685e+01 5.111126e-02
      vertex   -2.991087e+01 -3.817840e+01 0.000000e+00
      vertex   -2.755114e+01 -3.991472e+01 0.000000e+00
    endloop
  endfacet
  facet normal -7.405785e-02 -1.121929e-01 -9.909229e-01
    outer loop
      vertex   -2.814090e+01 -3.997685e+01 5.111126e-02
      vertex   -2.755114e+01 -3.991472e+01 0.000000e+00
      vertex   -2.569975e+01 -4.158824e+01 5.111126e-02
    endloop
  endfacet
  facet normal -6.879098e-02 -1.063973e-01 -9.919412e-01
    outer loop
      vertex   -2.569975e+01 -4.158824e+01 5.111126e-02
      vertex   -2.755114e+01 -3.991472e+01 0.000000e+00
      vertex   -2.509088e+01 -4.150539e+01 0.000000e+00
    endloop
  endfacet
  facet normal -6.731570e-02 -1.165942e-01 -9.908957e-01
    outer loop
      vertex   -2.569975e+01 -4.158824e+01 5.111126e-02
      vertex   -2.509088e+01 -4.150539e+01 0.000000e+00
      vertex   -2.316660e+01 -4.305076e+01 5.111126e-02
    endloop
  endfacet
  facet normal -6.215480e-02 -1.102032e-01 -9.919637e-01
    outer loop
      vertex   -2.316660e+01 -4.305076e+01 5.111126e-02
      vertex   -2.509088e+01 -4.150539e+01 0.000000e+00
      vertex   -2.253907e+01 -4.294462e+01 0.000000e+00
    endloop
  endfacet
  facet normal -6.030959e-02 -1.205856e-01 -9.908692e-01
    outer loop
      vertex   -2.316660e+01 -4.305076e+01 5.111126e-02
      vertex   -2.253907e+01 -4.294462e+01 0.000000e+00
      vertex   -2.055052e+01 -4.435916e+01 5.111126e-02
    endloop
  endfacet
  facet normal -5.531276e-02 -1.136014e-01 -9.919855e-01
    outer loop
      vertex   -2.055052e+01 -4.435916e+01 5.111126e-02
      vertex   -2.253907e+01 -4.294462e+01 0.000000e+00
      vertex   -1.990502e+01 -4.422714e+01 0.000000e+00
    endloop
  endfacet
  facet normal -5.306472e-02 -1.241511e-01 -9.908434e-01
    outer loop
      vertex   -2.055052e+01 -4.435916e+01 5.111126e-02
      vertex   -1.990502e+01 -4.422714e+01 0.000000e+00
      vertex   -1.786088e+01 -4.550877e+01 5.111126e-02
    endloop
  endfacet
  facet normal -4.828951e-02 -1.165812e-01 -9.920065e-01
    outer loop
      vertex   -1.786088e+01 -4.550877e+01 5.111126e-02
      vertex   -1.990502e+01 -4.422714e+01 0.000000e+00
      vertex   -1.719834e+01 -4.534829e+01 0.000000e+00
    endloop
  endfacet
  facet normal -4.560728e-02 -1.272762e-01 -9.908182e-01
    outer loop
      vertex   -1.786088e+01 -4.550877e+01 5.111126e-02
      vertex   -1.719834e+01 -4.534829e+01 0.000000e+00
      vertex   -1.510729e+01 -4.649547e+01 5.111126e-02
    endloop
  endfacet
  facet normal -4.111027e-02 -1.191330e-01 -9.920268e-01
    outer loop
      vertex   -1.510729e+01 -4.649547e+01 5.111126e-02
      vertex   -1.719834e+01 -4.534829e+01 0.000000e+00
      vertex   -1.442890e+01 -4.630396e+01 0.000000e+00
    endloop
  endfacet
  facet normal -3.796433e-02 -1.299481e-01 -9.907937e-01
    outer loop
      vertex   -1.510729e+01 -4.649547e+01 5.111126e-02
      vertex   -1.442890e+01 -4.630396e+01 0.000000e+00
      vertex   -1.229963e+01 -4.731573e+01 5.111126e-02
    endloop
  endfacet
  facet normal -3.380071e-02 -1.212491e-01 -9.920465e-01
    outer loop
      vertex   -1.229963e+01 -4.731573e+01 5.111126e-02
      vertex   -1.442890e+01 -4.630396e+01 0.000000e+00
      vertex   -1.160681e+01 -4.709068e+01 0.000000e+00
    endloop
  endfacet
  facet normal -3.016370e-02 -1.321558e-01 -9.907699e-01
    outer loop
      vertex   -1.229963e+01 -4.731573e+01 5.111126e-02
      vertex   -1.160681e+01 -4.709068e+01 0.000000e+00
      vertex   -9.447939e+00 -4.796661e+01 5.111126e-02
    endloop
  endfacet
  facet normal -2.638690e-02 -1.229229e-01 -9.920654e-01
    outer loop
      vertex   -9.447939e+00 -4.796661e+01 5.111126e-02
      vertex   -1.160681e+01 -4.709068e+01 0.000000e+00
      vertex   -8.742369e+00 -4.770557e+01 0.000000e+00
    endloop
  endfacet
  facet normal -2.223392e-02 -1.338898e-01 -9.907468e-01
    outer loop
      vertex   -9.447939e+00 -4.796661e+01 5.111126e-02
      vertex   -8.742369e+00 -4.770557e+01 0.000000e+00
      vertex   -6.562427e+00 -4.844578e+01 5.111126e-02
    endloop
  endfacet
  facet normal -1.889522e-02 -1.241496e-01 -9.920836e-01
    outer loop
      vertex   -6.562427e+00 -4.844578e+01 5.111126e-02
      vertex   -8.742369e+00 -4.770557e+01 0.000000e+00
      vertex   -5.846029e+00 -4.814638e+01 0.000000e+00
    endloop
  endfacet
  facet normal -1.420406e-02 -1.351426e-01 -9.907243e-01
    outer loop
      vertex   -6.562427e+00 -4.844578e+01 5.111126e-02
      vertex   -5.846029e+00 -4.814638e+01 0.000000e+00
      vertex   -3.653422e+00 -4.875153e+01 5.111126e-02
    endloop
  endfacet
  facet normal -1.135224e-02 -1.249260e-01 -9.921011e-01
    outer loop
      vertex   -3.653422e+00 -4.875153e+01 5.111126e-02
      vertex   -5.846029e+00 -4.814638e+01 0.000000e+00
      vertex   -2.928357e+00 -4.841151e+01 0.000000e+00
    endloop
  endfacet
  facet normal -6.103644e-03 -1.359082e-01 -9.907026e-01
    outer loop
      vertex   -3.653422e+00 -4.875153e+01 5.111126e-02
      vertex   -2.928357e+00 -4.841151e+01 0.000000e+00
      vertex   -7.313389e-01 -4.888276e+01 5.111126e-02
    endloop
  endfacet
  facet normal -3.784662e-03 -1.252502e-01 -9.921180e-01
    outer loop
      vertex   -7.313389e-01 -4.888276e+01 5.111126e-02
      vertex   -2.928357e+00 -4.841151e+01 0.000000e+00
      vertex   2.969768e-15 -4.850000e+01 0.000000e+00
    endloop
  endfacet
  facet normal 2.037441e-03 -1.361828e-01 -9.906816e-01
    outer loop
      vertex   -7.313389e-01 -4.888276e+01 5.111126e-02
      vertex   2.969768e-15 -4.850000e+01 0.000000e+00
      vertex   2.193362e+00 -4.883900e+01 5.111126e-02
    endloop
  endfacet
  facet normal 3.780793e-03 -1.251221e-01 -9.921341e-01
    outer loop
      vertex   2.193362e+00 -4.883900e+01 5.111126e-02
      vertex   2.969768e-15 -4.850000e+01 0.000000e+00
      vertex   2.928357e+00 -4.841151e+01 0.000000e+00
    endloop
  endfacet
  facet normal 1.018910e-02 -1.359641e-01 -9.906614e-01
    outer loop
      vertex   2.193362e+00 -4.883900e+01 5.111126e-02
      vertex   2.928357e+00 -4.841151e+01 0.000000e+00
      vertex   5.110211e+00 -4.862041e+01 5.111126e-02
    endloop
  endfacet
  facet normal 1.131745e-02 -1.245431e-01 -9.921496e-01
    outer loop
      vertex   5.110211e+00 -4.862041e+01 5.111126e-02
      vertex   2.928357e+00 -4.841151e+01 0.000000e+00
      vertex   5.846029e+00 -4.814638e+01 0.000000e+00
    endloop
  endfacet
  facet normal 1.832113e-02 -1.352520e-01 -9.906418e-01
    outer loop
      vertex   5.110211e+00 -4.862041e+01 5.111126e-02
      vertex   5.846029e+00 -4.814638e+01 0.000000e+00
      vertex   8.008767e+00 -4.822778e+01 5.111126e-02
    endloop
  endfacet
  facet normal 1.879881e-02 -1.235161e-01 -9.921645e-01
    outer loop
      vertex   8.008767e+00 -4.822778e+01 5.111126e-02
      vertex   5.846029e+00 -4.814638e+01 0.000000e+00
      vertex   8.742369e+00 -4.770557e+01 0.000000e+00
    endloop
  endfacet
  facet normal 2.640332e-02 -1.340480e-01 -9.906230e-01
    outer loop
      vertex   8.008767e+00 -4.822778e+01 5.111126e-02
      vertex   8.742369e+00 -4.770557e+01 0.000000e+00
      vertex   1.087865e+01 -4.766250e+01 5.111126e-02
    endloop
  endfacet
  facet normal 2.619858e-02 -1.220455e-01 -9.921787e-01
    outer loop
      vertex   1.087865e+01 -4.766250e+01 5.111126e-02
      vertex   8.742369e+00 -4.770557e+01 0.000000e+00
      vertex   1.160681e+01 -4.709068e+01 0.000000e+00
    endloop
  endfacet
  facet normal 3.440561e-02 -1.323557e-01 -9.906050e-01
    outer loop
      vertex   1.087865e+01 -4.766250e+01 5.111126e-02
      vertex   1.160681e+01 -4.709068e+01 0.000000e+00
      vertex   1.370960e+01 -4.692660e+01 5.111126e-02
    endloop
  endfacet
  facet normal 3.349081e-02 -1.201374e-01 -9.921922e-01
    outer loop
      vertex   1.370960e+01 -4.692660e+01 5.111126e-02
      vertex   1.160681e+01 -4.709068e+01 0.000000e+00
      vertex   1.442890e+01 -4.630396e+01 0.000000e+00
    endloop
  endfacet
  facet normal 4.229815e-02 -1.301803e-01 -9.905877e-01
    outer loop
      vertex   1.370960e+01 -4.692660e+01 5.111126e-02
      vertex   1.442890e+01 -4.630396e+01 0.000000e+00
      vertex   1.649147e+01 -4.602272e+01 5.111126e-02
    endloop
  endfacet
  facet normal 4.064997e-02 -1.177991e-01 -9.922051e-01
    outer loop
      vertex   1.649147e+01 -4.602272e+01 5.111126e-02
      vertex   1.442890e+01 -4.630396e+01 0.000000e+00
      vertex   1.719834e+01 -4.534829e+01 0.000000e+00
    endloop
  endfacet
  facet normal 5.005147e-02 -1.275291e-01 -9.905711e-01
    outer loop
      vertex   1.649147e+01 -4.602272e+01 5.111126e-02
      vertex   1.719834e+01 -4.534829e+01 0.000000e+00
      vertex   1.921430e+01 -4.495408e+01 5.111126e-02
    endloop
  endfacet
  facet normal 4.765103e-02 -1.150398e-01 -9.922173e-01
    outer loop
      vertex   1.921430e+01 -4.495408e+01 5.111126e-02
      vertex   1.719834e+01 -4.534829e+01 0.000000e+00
      vertex   1.990502e+01 -4.422714e+01 0.000000e+00
    endloop
  endfacet
  facet normal 5.763657e-02 -1.244109e-01 -9.905554e-01
    outer loop
      vertex   1.921430e+01 -4.495408e+01 5.111126e-02
      vertex   1.990502e+01 -4.422714e+01 0.000000e+00
      vertex   2.186835e+01 -4.372453e+01 5.111126e-02
    endloop
  endfacet
  facet normal 5.446953e-02 -1.118696e-01 -9.922289e-01
    outer loop
      vertex   2.186835e+01 -4.372453e+01 5.111126e-02
      vertex   1.990502e+01 -4.422714e+01 0.000000e+00
      vertex   2.253907e+01 -4.294462e+01 0.000000e+00
    endloop
  endfacet
  facet normal 6.502502e-02 -1.208367e-01 -9.905404e-01
    outer loop
      vertex   2.186835e+01 -4.372453e+01 5.111126e-02
      vertex   2.253907e+01 -4.294462e+01 0.000000e+00
      vertex   2.444411e+01 -4.233845e+01 5.111126e-02
    endloop
  endfacet
  facet normal 6.108169e-02 -1.083005e-01 -9.922399e-01
    outer loop
      vertex   2.444411e+01 -4.233845e+01 5.111126e-02
      vertex   2.253907e+01 -4.294462e+01 0.000000e+00
      vertex   2.509088e+01 -4.150539e+01 0.000000e+00
    endloop
  endfacet
  facet normal 7.218912e-02 -1.168190e-01 -9.905262e-01
    outer loop
      vertex   2.444411e+01 -4.233845e+01 5.111126e-02
      vertex   2.509088e+01 -4.150539e+01 0.000000e+00
      vertex   2.693238e+01 -4.080081e+01 5.111126e-02
    endloop
  endfacet
  facet normal 6.746447e-02 -1.043456e-01 -9.922502e-01
    outer loop
      vertex   2.693238e+01 -4.080081e+01 5.111126e-02
      vertex   2.509088e+01 -4.150539e+01 0.000000e+00
      vertex   2.755114e+01 -3.991472e+01 0.000000e+00
    endloop
  endfacet
  facet normal 7.910194e-02 -1.123719e-01 -9.905127e-01
    outer loop
      vertex   2.693238e+01 -4.080081e+01 5.111126e-02
      vertex   2.755114e+01 -3.991472e+01 0.000000e+00
      vertex   2.932423e+01 -3.911711e+01 5.111126e-02
    endloop
  endfacet
  facet normal 7.359564e-02 -1.000194e-01 -9.922600e-01
    outer loop
      vertex   2.932423e+01 -3.911711e+01 5.111126e-02
      vertex   2.755114e+01 -3.991472e+01 0.000000e+00
      vertex   2.991087e+01 -3.817840e+01 0.000000e+00
    endloop
  endfacet
  facet normal 8.573749e-02 -1.075114e-01 -9.905001e-01
    outer loop
      vertex   2.932423e+01 -3.911711e+01 5.111126e-02
      vertex   2.991087e+01 -3.817840e+01 0.000000e+00
      vertex   3.161111e+01 -3.729339e+01 5.111126e-02
    endloop
  endfacet
  facet normal 7.945388e-02 -9.533748e-02 -9.922690e-01
    outer loop
      vertex   3.161111e+01 -3.729339e+01 5.111126e-02
      vertex   2.991087e+01 -3.817840e+01 0.000000e+00
      vertex   3.216145e+01 -3.630277e+01 0.000000e+00
    endloop
  endfacet
  facet normal 9.207078e-02 -1.022550e-01 -9.904882e-01
    outer loop
      vertex   3.161111e+01 -3.729339e+01 5.111126e-02
      vertex   3.216145e+01 -3.630277e+01 0.000000e+00
      vertex   3.378483e+01 -3.533616e+01 5.111126e-02
    endloop
  endfacet
  facet normal 8.501884e-02 -9.031693e-02 -9.922775e-01
    outer loop
      vertex   3.378483e+01 -3.533616e+01 5.111126e-02
      vertex   3.216145e+01 -3.630277e+01 0.000000e+00
      vertex   3.429468e+01 -3.429468e+01 0.000000e+00
    endloop
  endfacet
  facet normal 9.807795e-02 -9.662157e-02 -9.904772e-01
    outer loop
      vertex   3.378483e+01 -3.533616e+01 5.111126e-02
      vertex   3.429468e+01 -3.429468e+01 0.000000e+00
      vertex   3.583761e+01 -3.325244e+01 5.111126e-02
    endloop
  endfacet
  facet normal 9.027119e-02 -8.497579e-02 -9.922854e-01
    outer loop
      vertex   3.583761e+01 -3.325244e+01 5.111126e-02
      vertex   3.429468e+01 -3.429468e+01 0.000000e+00
      vertex   3.630277e+01 -3.216145e+01 0.000000e+00
    endloop
  endfacet
  facet normal 1.037363e-01 -9.063170e-02 -9.904669e-01
    outer loop
      vertex   3.583761e+01 -3.325244e+01 5.111126e-02
      vertex   3.630277e+01 -3.216145e+01 0.000000e+00
      vertex   3.776210e+01 -3.104968e+01 5.111126e-02
    endloop
  endfacet
  facet normal 9.519271e-02 -7.933323e-02 -9.922926e-01
    outer loop
      vertex   3.776210e+01 -3.104968e+01 5.111126e-02
      vertex   3.630277e+01 -3.216145e+01 0.000000e+00
      vertex   3.817840e+01 -2.991087e+01 0.000000e+00
    endloop
  endfacet
  facet normal 1.090245e-01 -8.430717e-02 -9.904574e-01
    outer loop
      vertex   3.776210e+01 -3.104968e+01 5.111126e-02
      vertex   3.817840e+01 -2.991087e+01 0.000000e+00
      vertex   3.955141e+01 -2.873578e+01 5.111126e-02
    endloop
  endfacet
  facet normal 9.976632e-02 -7.340945e-02 -9.922992e-01
    outer loop
      vertex   3.955141e+01 -2.873578e+01 5.111126e-02
      vertex   3.817840e+01 -2.991087e+01 0.000000e+00
      vertex   3.991472e+01 -2.755114e+01 0.000000e+00
    endloop
  endfacet
  facet normal 1.139226e-01 -7.767112e-02 -9.904488e-01
    outer loop
      vertex   3.955141e+01 -2.873578e+01 5.111126e-02
      vertex   3.991472e+01 -2.755114e+01 0.000000e+00
      vertex   4.119913e+01 -2.631901e+01 5.111126e-02
    endloop
  endfacet
  facet normal 1.039762e-01 -6.722562e-02 -9.923052e-01
    outer loop
      vertex   4.119913e+01 -2.631901e+01 5.111126e-02
      vertex   3.991472e+01 -2.755114e+01 0.000000e+00
      vertex   4.150539e+01 -2.509088e+01 0.000000e+00
    endloop
  endfacet
  facet normal 1.184120e-01 -7.074789e-02 -9.904410e-01
    outer loop
      vertex   4.119913e+01 -2.631901e+01 5.111126e-02
      vertex   4.150539e+01 -2.509088e+01 0.000000e+00
      vertex   4.269938e+01 -2.380802e+01 5.111126e-02
    endloop
  endfacet
  facet normal 1.078077e-01 -6.080375e-02 -9.923106e-01
    outer loop
      vertex   4.269938e+01 -2.380802e+01 5.111126e-02
      vertex   4.150539e+01 -2.509088e+01 0.000000e+00
      vertex   4.294462e+01 -2.253907e+01 0.000000e+00
    endloop
  endfacet
  facet normal 1.224758e-01 -6.356292e-02 -9.904340e-01
    outer loop
      vertex   4.269938e+01 -2.380802e+01 5.111126e-02
      vertex   4.294462e+01 -2.253907e+01 0.000000e+00
      vertex   4.404677e+01 -2.121181e+01 5.111126e-02
    endloop
  endfacet
  facet normal 1.112477e-01 -5.416670e-02 -9.923154e-01
    outer loop
      vertex   4.404677e+01 -2.121181e+01 5.111126e-02
      vertex   4.294462e+01 -2.253907e+01 0.000000e+00
      vertex   4.422714e+01 -1.990502e+01 0.000000e+00
    endloop
  endfacet
  facet normal 1.260985e-01 -5.614267e-02 -9.904278e-01
    outer loop
      vertex   4.404677e+01 -2.121181e+01 5.111126e-02
      vertex   4.422714e+01 -1.990502e+01 0.000000e+00
      vertex   4.523649e+01 -1.853966e+01 5.111126e-02
    endloop
  endfacet
  facet normal 1.142841e-01 -4.733802e-02 -9.923196e-01
    outer loop
      vertex   4.523649e+01 -1.853966e+01 5.111126e-02
      vertex   4.422714e+01 -1.990502e+01 0.000000e+00
      vertex   4.534829e+01 -1.719834e+01 0.000000e+00
    endloop
  endfacet
  facet normal 1.292664e-01 -4.851451e-02 -9.904224e-01
    outer loop
      vertex   4.523649e+01 -1.853966e+01 5.111126e-02
      vertex   4.534829e+01 -1.719834e+01 0.000000e+00
      vertex   4.626427e+01 -1.580115e+01 5.111126e-02
    endloop
  endfacet
  facet normal 1.169065e-01 -4.034194e-02 -9.923232e-01
    outer loop
      vertex   4.626427e+01 -1.580115e+01 5.111126e-02
      vertex   4.534829e+01 -1.719834e+01 0.000000e+00
      vertex   4.630396e+01 -1.442890e+01 0.000000e+00
    endloop
  endfacet
  facet normal 1.319676e-01 -4.070662e-02 -9.904178e-01
    outer loop
      vertex   4.626427e+01 -1.580115e+01 5.111126e-02
      vertex   4.630396e+01 -1.442890e+01 0.000000e+00
      vertex   4.712644e+01 -1.300607e+01 5.111126e-02
    endloop
  endfacet
  facet normal 1.191059e-01 -3.320325e-02 -9.923262e-01
    outer loop
      vertex   4.712644e+01 -1.300607e+01 5.111126e-02
      vertex   4.630396e+01 -1.442890e+01 0.000000e+00
      vertex   4.709068e+01 -1.160681e+01 0.000000e+00
    endloop
  endfacet
  facet normal 1.341918e-01 -3.274788e-02 -9.904141e-01
    outer loop
      vertex   4.712644e+01 -1.300607e+01 5.111126e-02
      vertex   4.709068e+01 -1.160681e+01 0.000000e+00
      vertex   4.781990e+01 -1.016443e+01 5.111126e-02
    endloop
  endfacet
  facet normal 1.208745e-01 -2.594721e-02 -9.923286e-01
    outer loop
      vertex   4.781990e+01 -1.016443e+01 5.111126e-02
      vertex   4.709068e+01 -1.160681e+01 0.000000e+00
      vertex   4.770557e+01 -8.742369e+00 0.000000e+00
    endloop
  endfacet
  facet normal 1.359305e-01 -2.466775e-02 -9.904112e-01
    outer loop
      vertex   4.781990e+01 -1.016443e+01 5.111126e-02
      vertex   4.770557e+01 -8.742369e+00 0.000000e+00
      vertex   4.834219e+01 -7.286412e+00 5.111126e-02
    endloop
  endfacet
  facet normal 1.222064e-01 -1.859948e-02 -9.923304e-01
    outer loop
      vertex   4.834219e+01 -7.286412e+00 5.111126e-02
      vertex   4.770557e+01 -8.742369e+00 0.000000e+00
      vertex   4.814638e+01 -5.846029e+00 0.000000e+00
    endloop
  endfacet
  facet normal 1.371772e-01 -1.649616e-02 -9.904092e-01
    outer loop
      vertex   4.834219e+01 -7.286412e+00 5.111126e-02
      vertex   4.814638e+01 -5.846029e+00 0.000000e+00
      vertex   4.869142e+01 -4.382307e+00 5.111126e-02
    endloop
  endfacet
  facet normal 1.230969e-01 -1.118603e-02 -9.923316e-01
    outer loop
      vertex   4.869142e+01 -4.382307e+00 5.111126e-02
      vertex   4.814638e+01 -5.846029e+00 0.000000e+00
      vertex   4.841151e+01 -2.928357e+00 0.000000e+00
    endloop
  endfacet
  facet normal 1.379271e-01 -8.263404e-03 -9.904079e-01
    outer loop
      vertex   4.869142e+01 -4.382307e+00 5.111126e-02
      vertex   4.841151e+01 -2.928357e+00 0.000000e+00
      vertex   4.886635e+01 -1.462514e+00 5.111126e-02
    endloop
  endfacet
  facet normal 1.235429e-01 -3.733074e-03 -9.923322e-01
    outer loop
      vertex   4.886635e+01 -1.462514e+00 5.111126e-02
      vertex   4.841151e+01 -2.928357e+00 0.000000e+00
      vertex   4.850000e+01 0.000000e+00 0.000000e+00
    endloop
  endfacet
  facet normal 1.381774e-01 0.000000e+00 -9.904075e-01
    outer loop
      vertex   4.886635e+01 -1.462514e+00 5.111126e-02
      vertex   4.850000e+01 0.000000e+00 0.000000e+00
      vertex   4.886635e+01 1.462514e+00 5.111126e-02
    endloop
  endfacet
  facet normal 1.235429e-01 3.733074e-03 -9.923322e-01
    outer loop
      vertex   4.886635e+01 1.462514e+00 5.111126e-02
      vertex   4.850000e+01 0.000000e+00 0.000000e+00
      vertex   4.841151e+01 2.928357e+00 0.000000e+00
    endloop
  endfacet
  facet normal 1.379271e-01 8.263404e-03 -9.904079e-01
    outer loop
      vertex   4.886635e+01 1.462514e+00 5.111126e-02
      vertex   4.841151e+01 2.928357e+00 0.000000e+00
      vertex   4.869142e+01 4.382307e+00 5.111126e-02
    endloop
  endfacet
  facet normal 1.230969e-01 1.118603e-02 -9.923316e-01
    outer loop
      vertex   4.869142e+01 4.382307e+00 5.111126e-02
      vertex   4.841151e+01 2.928357e+00 0.000000e+00
      vertex   4.814638e+01 5.846029e+00 0.000000e+00
    endloop
  endfacet
  facet normal 1.371772e-01 1.649616e-02 -9.904092e-01
    outer loop
      vertex   4.869142e+01 4.382307e+00 5.111126e-02
      vertex   4.814638e+01 5.846029e+00 0.000000e+00
      vertex   4.834219e+01 7.286412e+00 5.111126e-02
    endloop
  endfacet
  facet normal 1.222064e-01 1.859948e-02 -9.923304e-01
    outer loop
      vertex   4.834219e+01 7.286412e+00 5.111126e-02
      vertex   4.814638e+01 5.846029e+00 0.000000e+00
      vertex   4.770557e+01 8.742369e+00 0.000000e+00
    endloop
  endfacet
  facet normal 1.359305e-01 2.466775e-02 -9.904112e-01
    outer loop
      vertex   4.834219e+01 7.286412e+00 5.111126e-02
      vertex   4.770557e+01 8.742369e+00 0.000000e+00
      vertex   4.781990e+01 1.016443e+01 5.111126e-02
    endloop
  endfacet
  facet normal 1.208745e-01 2.594721e-02 -9.923286e-01
    outer loop
      vertex   4.781990e+01 1.016443e+01 5.111126e-02
      vertex   4.770557e+01 8.742369e+00 0.000000e+00
      vertex   4.709068e+01 1.160681e+01 0.000000e+00
    endloop
  endfacet
  facet normal 1.341918e-01 3.274788e-02 -9.904141e-01
    outer loop
      vertex   4.781990e+01 1.016443e+01 5.111126e-02
      vertex   4.709068e+01 1.160681e+01 0.000000e+00
      vertex   4.712644e+01 1.300607e+01 5.111126e-02
    endloop
  endfacet
  facet normal 1.191059e-01 3.320325e-02 -9.923262e-01
    outer loop
      vertex   4.712644e+01 1.300607e+01 5.111126e-02
      vertex   4.709068e+01 1.160681e+01 0.000000e+00
      vertex   4.630396e+01 1.442890e+01 0.000000e+00
    endloop
  endfacet
  facet normal 1.319676e-01 4.070662e-02 -9.904178e-01
    outer loop
      vertex   4.712644e+01 1.300607e+01 5.111126e-02
      vertex   4.630396e+01 1.442890e+01 0.000000e+00
      vertex   4.626427e+01 1.580115e+01 5.111126e-02
    endloop
  endfacet
  facet normal 1.169065e-01 4.034194e-02 -9.923232e-01
    outer loop
      vertex   4.626427e+01 1.580115e+01 5.111126e-02
      vertex   4.630396e+01 1.442890e+01 0.000000e+00
      vertex   4.534829e+01 1.719834e+01 0.000000e+00
    endloop
  endfacet
  facet normal 1.292664e-01 4.851451e-02 -9.904224e-01
    outer loop
      vertex   4.626427e+01 1.580115e+01 5.111126e-02
      vertex   4.534829e+01 1.719834e+01 0.000000e+00
      vertex   4.523649e+01 1.853966e+01 5.111126e-02
    endloop
  endfacet
  facet normal 1.142841e-01 4.733802e-02 -9.923196e-01
    outer loop
      vertex   4.523649e+01 1.853966e+01 5.111126e-02
      vertex   4.534829e+01 1.719834e+01 0.000000e+00
      vertex   4.422714e+01 1.990502e+01 0.000000e+00
    endloop
  endfacet
  facet normal 1.260985e-01 5.614267e-02 -9.904278e-01
    outer loop
      vertex   4.523649e+01 1.853966e+01 5.111126e-02
      vertex   4.422714e+01 1.990502e+01 0.000000e+00
      vertex   4.404677e+01 2.121181e+01 5.111126e-02
    endloop
  endfacet
  facet normal 1.112477e-01 5.416670e-02 -9.923154e-01
    outer loop
      vertex   4.404677e+01 2.121181e+01 5.111126e-02
      vertex   4.422714e+01 1.990502e+01 0.000000e+00
      vertex   4.294462e+01 2.253907e+01 0.000000e+00
    endloop
  endfacet
  facet normal 1.224758e-01 6.356292e-02 -9.904340e-01
    outer loop
      vertex   4.404677e+01 2.121181e+01 5.111126e-02
      vertex   4.294462e+01 2.253907e+01 0.000000e+00
      vertex   4.269938e+01 2.380802e+01 5.111126e-02
    endloop
  endfacet
  facet normal 1.078077e-01 6.080375e-02 -9.923106e-01
    outer loop
      vertex   4.269938e+01 2.380802e+01 5.111126e-02
      vertex   4.294462e+01 2.253907e+01 0.000000e+00
      vertex   4.150539e+01 2.509088e+01 0.000000e+00
    endloop
  endfacet
  facet normal 1.184120e-01 7.074789e-02 -9.904410e-01
    outer loop
      vertex   4.269938e+01 2.380802e+01 5.111126e-02
      vertex   4.150539e+01 2.509088e+01 0.000000e+00
      vertex   4.119913e+01 2.631901e+01 5.111126e-02
    endloop
  endfacet
  facet normal 1.039762e-01 6.722562e-02 -9.923052e-01
    outer loop
      vertex   4.119913e+01 2.631901e+01 5.111126e-02
      vertex   4.150539e+01 2.509088e+01 0.000000e+00
      vertex   3.991472e+01 2.755114e+01 0.000000e+00
    endloop
  endfacet
  facet normal 1.139226e-01 7.767112e-02 -9.904488e-01
    outer loop
      vertex   4.119913e+01 2.631901e+01 5.111126e-02
      vertex   3.991472e+01 2.755114e+01 0.000000e+00
      vertex   3.955141e+01 2.873578e+01 5.111126e-02
    endloop
  endfacet
  facet normal 9.976632e-02 7.340945e-02 -9.922992e-01
    outer loop
      vertex   3.955141e+01 2.873578e+01 5.111126e-02
      vertex   3.991472e+01 2.755114e+01 0.000000e+00
      vertex   3.817840e+01 2.991087e+01 0.000000e+00
    endloop
  endfacet
  facet normal 1.090245e-01 8.430717e-02 -9.904574e-01
    outer loop
      vertex   3.955141e+01 2.873578e+01 5.111126e-02
      vertex   3.817840e+01 2.991087e+01 0.000000e+00
      vertex   3.776210e+01 3.104968e+01 5.111126e-02
    endloop
  endfacet
  facet normal 9.519271e-02 7.933323e-02 -9.922926e-01
    outer loop
      vertex   3.776210e+01 3.104968e+01 5.111126e-02
      vertex   3.817840e+01 2.991087e+01 0.000000e+00
      vertex   3.630277e+01 3.216145e+01 0.000000e+00
    endloop
  endfacet
  facet normal 1.037363e-01 9.063170e-02 -9.904669e-01
    outer loop
      vertex   3.776210e+01 3.104968e+01 5.111126e-02
      vertex   3.630277e+01 3.216145e+01 0.000000e+00
      vertex   3.583761e+01 3.325244e+01 5.111126e-02
    endloop
  endfacet
  facet normal 9.027119e-02 8.497579e-02 -9.922854e-01
    outer loop
      vertex   3.583761e+01 3.325244e+01 5.111126e-02
      vertex   3.630277e+01 3.216145e+01 0.000000e+00
      vertex   3.429468e+01 3.429468e+01 0.000000e+00
    endloop
  endfacet
  facet normal 9.807795e-02 9.662157e-02 -9.904772e-01
    outer loop
      vertex   3.583761e+01 3.325244e+01 5.111126e-02
      vertex   3.429468e+01 3.429468e+01 0.000000e+00
      vertex   3.378483e+01 3.533616e+01 5.111126e-02
    endloop
  endfacet
  facet normal 8.501884e-02 9.031693e-02 -9.922775e-01
    outer loop
      vertex   3.378483e+01 3.533616e+01 5.111126e-02
      vertex   3.429468e+01 3.429468e+01 0.000000e+00
      vertex   3.216145e+01 3.630277e+01 0.000000e+00
    endloop
  endfacet
  facet normal 9.207078e-02 1.022550e-01 -9.904882e-01
    outer loop
      vertex   3.378483e+01 3.533616e+01 5.111126e-02
      vertex   3.216145e+01 3.630277e+01 0.000000e+00
      vertex   3.161111e+01 3.729339e+01 5.111126e-02
    endloop
  endfacet
  facet normal 7.945388e-02 9.533748e-02 -9.922690e-01
    outer loop
      vertex   3.161111e+01 3.729339e+01 5.111126e-02
      vertex   3.216145e+01 3.630277e+01 0.000000e+00
      vertex   2.991087e+01 3.817840e+01 0.000000e+00
    endloop
  endfacet
  facet normal 8.573749e-02 1.075114e-01 -9.905001e-01
    outer loop
      vertex   3.161111e+01 3.729339e+01 5.111126e-02
      vertex   2.991087e+01 3.817840e+01 0.000000e+00
      vertex   2.932423e+01 3.911711e+01 5.111126e-02
    endloop
  endfacet
  facet normal 7.359564e-02 1.000194e-01 -9.922600e-01
    outer loop
      vertex   2.932423e+01 3.911711e+01 5.111126e-02
      vertex   2.991087e+01 3.817840e+01 0.000000e+00
      vertex   2.755114e+01 3.991472e+01 0.000000e+00
    endloop
  endfacet
  facet normal 7.910194e-02 1.123719e-01 -9.905127e-01
    outer loop
      vertex   2.932423e+01 3.911711e+01 5.111126e-02
      vertex   2.755114e+01 3.991472e+01 0.000000e+00
      vertex   2.693238e+01 4.080081e+01 5.111126e-02
    endloop
  endfacet
  facet normal 6.746447e-02 1.043456e-01 -9.922502e-01
    outer loop
      vertex   2.693238e+01 4.080081e+01 5.111126e-02
      vertex   2.755114e+01 3.991472e+01 0.000000e+00
      vertex   2.509088e+01 4.150539e+01 0.000000e+00
    endloop
  endfacet
  facet normal 7.218912e-02 1.168190e-01 -9.905262e-01
    outer loop
      vertex   2.693238e+01 4.080081e+01 5.111126e-02
      vertex   2.509088e+01 4.150539e+01 0.000000e+00
      vertex   2.444411e+01 4.233845e+01 5.111126e-02
    endloop
  endfacet
  facet normal 6.108169e-02 1.083005e-01 -9.922399e-01
    outer loop
      vertex   2.444411e+01 4.233845e+01 5.111126e-02
      vertex   2.509088e+01 4.150539e+01 0.000000e+00
      vertex   2.253907e+01 4.294462e+01 0.000000e+00
    endloop
  endfacet
  facet normal 6.502502e-02 1.208367e-01 -9.905404e-01
    outer loop
      vertex   2.444411e+01 4.233845e+01 5.111126e-02
      vertex   2.253907e+01 4.294462e+01 0.000000e+00
      vertex   2.186835e+01 4.372453e+01 5.111126e-02
    endloop
  endfacet
  facet normal 5.446953e-02 1.118696e-01 -9.922289e-01
    outer loop
      vertex   2.186835e+01 4.372453e+01 5.111126e-02
      vertex   2.253907e+01 4.294462e+01 0.000000e+00
      vertex   1.990502e+01 4.422714e+01 0.000000e+00
    endloop
  endfacet
  facet normal 5.763657e-02 1.244109e-01 -9.905554e-01
    outer loop
      vertex   2.186835e+01 4.372453e+01 5.111126e-02
      vertex   1.990502e+01 4.422714e+01 0.000000e+00
      vertex   1.921430e+01 4.495408e+01 5.111126e-02
    endloop
  endfacet
  facet normal 4.765103e-02 1.150398e-01 -9.922173e-01
    outer loop
      vertex   1.921430e+01 4.495408e+01 5.111126e-02
      vertex   1.990502e+01 4.422714e+01 0.000000e+00
      vertex   1.719834e+01 4.534829e+01 0.000000e+00
    endloop
  endfacet
  facet normal 5.005147e-02 1.275291e-01 -9.905711e-01
    outer loop
      vertex   1.921430e+01 4.495408e+01 5.111126e-02
      vertex   1.719834e+01 4.534829e+01 0.000000e+00
      vertex   1.649147e+01 4.602272e+01 5.111126e-02
    endloop
  endfacet
  facet normal 4.064997e-02 1.177991e-01 -9.922051e-01
    outer loop
      vertex   1.649147e+01 4.602272e+01 5.111126e-02
      vertex   1.719834e+01 4.534829e+01 0.000000e+00
      vertex   1.442890e+01 4.630396e+01 0.000000e+00
    endloop
  endfacet
  facet normal 4.229815e-02 1.301803e-01 -9.905877e-01
    outer loop
      vertex   1.649147e+01 4.602272e+01 5.111126e-02
      vertex   1.442890e+01 4.630396e+01 0.000000e+00
      vertex   1.370960e+01 4.692660e+01 5.111126e-02
    endloop
  endfacet
  facet normal 3.349081e-02 1.201374e-01 -9.921922e-01
    outer loop
      vertex   1.370960e+01 4.692660e+01 5.111126e-02
      vertex   1.442890e+01 4.630396e+01 0.000000e+00
      vertex   1.160681e+01 4.709068e+01 0.000000e+00
    endloop
  endfacet
  facet normal 3.440561e-02 1.323557e-01 -9.906050e-01
    outer loop
      vertex   1.370960e+01 4.692660e+01 5.111126e-02
      vertex   1.160681e+01 4.709068e+01 0.000000e+00
      vertex   1.087865e+01 4.766250e+01 5.111126e-02
    endloop
  endfacet
  facet normal 2.619858e-02 1.220455e-01 -9.921787e-01
    outer loop
      vertex   1.087865e+01 4.766250e+01 5.111126e-02
      vertex   1.160681e+01 4.709068e+01 0.000000e+00
      vertex   8.742369e+00 4.770557e+01 0.000000e+00
    endloop
  endfacet
  facet normal 2.640332e-02 1.340480e-01 -9.906230e-01
    outer loop
      vertex   1.087865e+01 4.766250e+01 5.111126e-02
      vertex   8.742369e+00 4.770557e+01 0.000000e+00
      vertex   8.008767e+00 4.822778e+01 5.111126e-02
    endloop
  endfacet
  facet normal 1.879881e-02 1.235161e-01 -9.921645e-01
    outer loop
      vertex   8.008767e+00 4.822778e+01 5.111126e-02
      vertex   8.742369e+00 4.770557e+01 0.000000e+00
      vertex   5.846029e+00 4.814638e+01 0.000000e+00
    endloop
  endfacet
  facet normal 1.832113e-02 1.352520e-01 -9.906418e-01
    outer loop
      vertex   8.008767e+00 4.822778e+01 5.111126e-02
      vertex   5.846029e+00 4.814638e+01 0.000000e+00
      vertex   5.110211e+00 4.862041e+01 5.111126e-02
    endloop
  endfacet
  facet normal 1.131745e-02 1.245431e-01 -9.921496e-01
    outer loop
      vertex   5.110211e+00 4.862041e+01 5.111126e-02
      vertex   5.846029e+00 4.814638e+01 0.000000e+00
      vertex   2.928357e+00 4.841151e+01 0.000000e+00
    endloop
  endfacet
  facet normal 1.018910e-02 1.359641e-01 -9.906614e-01
    outer loop
      vertex   5.110211e+00 4.862041e+01 5.111126e-02
      vertex   2.928357e+00 4.841151e+01 0.000000e+00
      vertex   2.193362e+00 4.883900e+01 5.111126e-02
    endloop
  endfacet
  facet normal 3.780793e-03 1.251221e-01 -9.921341e-01
    outer loop
      vertex   2.193362e+00 4.883900e+01 5.111126e-02
      vertex   2.928357e+00 4.841151e+01 0.000000e+00
      vertex   2.969768e-15 4.850000e+01 0.000000e+00
    endloop
  endfacet
  facet normal 2.037441e-03 1.361828e-01 -9.906816e-01
    outer loop
      vertex   2.193362e+00 4.883900e+01 5.111126e-02
      vertex   2.969768e-15 4.850000e+01 0.000000e+00
      vertex   -7.313389e-01 4.888276e+01 5.111126e-02
    endloop
  endfacet
  facet normal -3.784662e-03 1.252502e-01 -9.921180e-01
    outer loop
      vertex   -7.313389e-01 4.888276e+01 5.111126e-02
      vertex   2.969768e-15 4.850000e+01 0.000000e+00
      vertex   -2.928357e+00 4.841151e+01 0.000000e+00
    endloop
  endfacet
  facet normal -6.103644e-03 1.359082e-01 -9.907026e-01
    outer loop
      vertex   -7.313389e-01 4.888276e+01 5.111126e-02
      vertex   -2.928357e+00 4.841151e+01 0.000000e+00
      vertex   -3.653422e+00 4.875153e+01 5.111126e-02
    endloop
  endfacet
  facet normal -1.135224e-02 1.249260e-01 -9.921011e-01
    outer loop
      vertex   -3.653422e+00 4.875153e+01 5.111126e-02
      vertex   -2.928357e+00 4.841151e+01 0.000000e+00
      vertex   -5.846029e+00 4.814638e+01 0.000000e+00
    endloop
  endfacet
  facet normal -1.420406e-02 1.351426e-01 -9.907243e-01
    outer loop
      vertex   -3.653422e+00 4.875153e+01 5.111126e-02
      vertex   -5.846029e+00 4.814638e+01 0.000000e+00
      vertex   -6.562427e+00 4.844578e+01 5.111126e-02
    endloop
  endfacet
  facet normal -1.889522e-02 1.241496e-01 -9.920836e-01
    outer loop
      vertex   -6.562427e+00 4.844578e+01 5.111126e-02
      vertex   -5.846029e+00 4.814638e+01 0.000000e+00
      vertex   -8.742369e+00 4.770557e+01 0.000000e+00
    endloop
  endfacet
  facet normal -2.223392e-02 1.338898e-01 -9.907468e-01
    outer loop
      vertex   -6.562427e+00 4.844578e+01 5.111126e-02
      vertex   -8.742369e+00 4.770557e+01 0.000000e+00
      vertex   -9.447939e+00 4.796661e+01 5.111126e-02
    endloop
  endfacet
  facet normal -2.638690e-02 1.229229e-01 -9.920654e-01
    outer loop
      vertex   -9.447939e+00 4.796661e+01 5.111126e-02
      vertex   -8.742369e+00 4.770557e+01 0.000000e+00
      vertex   -1.160681e+01 4.709068e+01 0.000000e+00
    endloop
  endfacet
  facet normal -3.016370e-02 1.321558e-01 -9.907699e-01
    outer loop
      vertex   -9.447939e+00 4.796661e+01 5.111126e-02
      vertex   -1.160681e+01 4.709068e+01 0.000000e+00
      vertex   -1.229963e+01 4.731573e+01 5.111126e-02
    endloop
  endfacet
  facet normal -3.380071e-02 1.212491e-01 -9.920465e-01
    outer loop
      vertex   -1.229963e+01 4.731573e+01 5.111126e-02
      vertex   -1.160681e+01 4.709068e+01 0.000000e+00
      vertex   -1.442890e+01 4.630396e+01 0.000000e+00
    endloop
  endfacet
  facet normal -3.796433e-02 1.299481e-01 -9.907937e-01
    outer loop
      vertex   -1.229963e+01 4.731573e+01 5.111126e-02
      vertex   -1.442890e+01 4.630396e+01 0.000000e+00
      vertex   -1.510729e+01 4.649547e+01 5.111126e-02
    endloop
  endfacet
  facet normal -4.111027e-02 1.191330e-01 -9.920268e-01
    outer loop
      vertex   -1.510729e+01 4.649547e+01 5.111126e-02
      vertex   -1.442890e+01 4.630396e+01 0.000000e+00
      vertex   -1.719834e+01 4.534829e+01 0.000000e+00
    endloop
  endfacet
  facet normal -4.560728e-02 1.272762e-01 -9.908182e-01
    outer loop
      vertex   -1.510729e+01 4.649547e+01 5.111126e-02
      vertex   -1.719834e+01 4.534829e+01 0.000000e+00
      vertex   -1.786088e+01 4.550877e+01 5.111126e-02
    endloop
  endfacet
  facet normal -4.828951e-02 1.165812e-01 -9.920065e-01
    outer loop
      vertex   -1.786088e+01 4.550877e+01 5.111126e-02
      vertex   -1.719834e+01 4.534829e+01 0.000000e+00
      vertex   -1.990502e+01 4.422714e+01 0.000000e+00
    endloop
  endfacet
  facet normal -5.306472e-02 1.241511e-01 -9.908434e-01
    outer loop
      vertex   -1.786088e+01 4.550877e+01 5.111126e-02
      vertex   -1.990502e+01 4.422714e+01 0.000000e+00
      vertex   -2.055052e+01 4.435916e+01 5.111126e-02
    endloop
  endfacet
  facet normal -5.531276e-02 1.136014e-01 -9.919855e-01
    outer loop
      vertex   -2.055052e+01 4.435916e+01 5.111126e-02
      vertex   -1.990502e+01 4.422714e+01 0.000000e+00
      vertex   -2.253907e+01 4.294462e+01 0.000000e+00
    endloop
  endfacet
  facet normal -6.030959e-02 1.205856e-01 -9.908692e-01
    outer loop
      vertex   -2.055052e+01 4.435916e+01 5.111126e-02
      vertex   -2.253907e+01 4.294462e+01 0.000000e+00
      vertex   -2.316660e+01 4.305076e+01 5.111126e-02
    endloop
  endfacet
  facet normal -6.215480e-02 1.102032e-01 -9.919637e-01
    outer loop
      vertex   -2.316660e+01 4.305076e+01 5.111126e-02
      vertex   -2.253907e+01 4.294462e+01 0.000000e+00
      vertex   -2.509088e+01 4.150539e+01 0.000000e+00
    endloop
  endfacet
  facet normal -6.731570e-02 1.165942e-01 -9.908957e-01
    outer loop
      vertex   -2.316660e+01 4.305076e+01 5.111126e-02
      vertex   -2.509088e+01 4.150539e+01 0.000000e+00
      vertex   -2.569975e+01 4.158824e+01 5.111126e-02
    endloop
  endfacet
  facet normal -6.879098e-02 1.063973e-01 -9.919412e-01
    outer loop
      vertex   -2.569975e+01 4.158824e+01 5.111126e-02
      vertex   -2.509088e+01 4.150539e+01 0.000000e+00
      vertex   -2.755114e+01 3.991472e+01 0.000000e+00
    endloop
  endfacet
  facet normal -7.405785e-02 1.121929e-01 -9.909229e-01
    outer loop
      vertex   -2.569975e+01 4.158824e+01 5.111126e-02
      vertex   -2.755114e+01 3.991472e+01 0.000000e+00
      vertex   -2.814090e+01 3.997685e+01 5.111126e-02
    endloop
  endfacet
  facet normal -7.519731e-02 1.021961e-01 -9.919180e-01
    outer loop
      vertex   -2.814090e+01 3.997685e+01 5.111126e-02
      vertex   -2.755114e+01 3.991472e+01 0.000000e+00
      vertex   -2.991087e+01 3.817840e+01 0.000000e+00
    endloop
  endfacet
  facet normal -8.051193e-02 1.073990e-01 -9.909507e-01
    outer loop
      vertex   -2.814090e+01 3.997685e+01 5.111126e-02
      vertex   -2.991087e+01 3.817840e+01 0.000000e+00
      vertex   -3.048131e+01 3.822236e+01 5.111126e-02
    endloop
  endfacet
  facet normal -8.135052e-02 9.761327e-02 -9.918940e-01
    outer loop
      vertex   -3.048131e+01 3.822236e+01 5.111126e-02
      vertex   -2.991087e+01 3.817840e+01 0.000000e+00
      vertex   -3.216145e+01 3.630277e+01 0.000000e+00
    endloop
  endfacet
  facet normal -8.665495e-02 1.022317e-01 -9.909791e-01
    outer loop
      vertex   -3.048131e+01 3.822236e+01 5.111126e-02
      vertex   -3.216145e+01 3.630277e+01 0.000000e+00
      vertex   -3.271261e+01 3.633103e+01 5.111126e-02
    endloop
  endfacet
  facet normal -8.722812e-02 9.266389e-02 -9.918693e-01
    outer loop
      vertex   -3.271261e+01 3.633103e+01 5.111126e-02
      vertex   -3.216145e+01 3.630277e+01 0.000000e+00
      vertex   -3.429468e+01 3.429468e+01 0.000000e+00
    endloop
  endfacet
  facet normal -9.246521e-02 9.671103e-02 -9.910082e-01
    outer loop
      vertex   -3.271261e+01 3.633103e+01 5.111126e-02
      vertex   -3.429468e+01 3.429468e+01 0.000000e+00
      vertex   -3.482681e+01 3.430966e+01 5.111126e-02
    endloop
  endfacet
  facet normal -9.280855e-02 8.736430e-02 -9.918438e-01
    outer loop
      vertex   -3.482681e+01 3.430966e+01 5.111126e-02
      vertex   -3.429468e+01 3.429468e+01 0.000000e+00
      vertex   -3.630277e+01 3.216145e+01 0.000000e+00
    endloop
  endfacet
  facet normal -9.792232e-02 9.085864e-02 -9.910378e-01
    outer loop
      vertex   -3.482681e+01 3.430966e+01 5.111126e-02
      vertex   -3.630277e+01 3.216145e+01 0.000000e+00
      vertex   -3.681633e+01 3.216546e+01 5.111126e-02
    endloop
  endfacet
  facet normal -9.807118e-02 8.173213e-02 -9.918175e-01
    outer loop
      vertex   -3.681633e+01 3.216546e+01 5.111126e-02
      vertex   -3.630277e+01 3.216145e+01 0.000000e+00
      vertex   -3.817840e+01 2.991087e+01 0.000000e+00
    endloop
  endfacet
  facet normal -1.030073e-01 8.469720e-02 -9.910681e-01
    outer loop
      vertex   -3.681633e+01 3.216546e+01 5.111126e-02
      vertex   -3.817840e+01 2.991087e+01 0.000000e+00
      vertex   -3.867406e+01 2.990612e+01 5.111126e-02
    endloop
  endfacet
  facet normal -1.029964e-01 7.578620e-02 -9.917904e-01
    outer loop
      vertex   -3.867406e+01 2.990612e+01 5.111126e-02
      vertex   -3.817840e+01 2.991087e+01 0.000000e+00
      vertex   -3.991472e+01 2.755114e+01 0.000000e+00
    endloop
  endfacet
  facet normal -1.077026e-01 7.825052e-02 -9.910989e-01
    outer loop
      vertex   -3.867406e+01 2.990612e+01 5.111126e-02
      vertex   -3.991472e+01 2.755114e+01 0.000000e+00
      vertex   -4.039335e+01 2.753972e+01 5.111126e-02
    endloop
  endfacet
  facet normal -1.075658e-01 6.954646e-02 -9.917625e-01
    outer loop
      vertex   -4.039335e+01 2.753972e+01 5.111126e-02
      vertex   -3.991472e+01 2.755114e+01 0.000000e+00
      vertex   -4.150539e+01 2.509088e+01 0.000000e+00
    endloop
  endfacet
  facet normal -1.119923e-01 7.154338e-02 -9.911303e-01
    outer loop
      vertex   -4.039335e+01 2.753972e+01 5.111126e-02
      vertex   -4.150539e+01 2.509088e+01 0.000000e+00
      vertex   -4.196804e+01 2.507474e+01 5.111126e-02
    endloop
  endfacet
  facet normal -1.117619e-01 6.303394e-02 -9.917338e-01
    outer loop
      vertex   -4.196804e+01 2.507474e+01 5.111126e-02
      vertex   -4.150539e+01 2.509088e+01 0.000000e+00
      vertex   -4.294462e+01 2.253907e+01 0.000000e+00
    endloop
  endfacet
  facet normal -1.158619e-01 6.460145e-02 -9.911623e-01
    outer loop
      vertex   -4.196804e+01 2.507474e+01 5.111126e-02
      vertex   -4.294462e+01 2.253907e+01 0.000000e+00
      vertex   -4.339250e+01 2.251999e+01 5.111126e-02
    endloop
  endfacet
  facet normal -1.155688e-01 5.627068e-02 -9.917043e-01
    outer loop
      vertex   -4.339250e+01 2.251999e+01 5.111126e-02
      vertex   -4.294462e+01 2.253907e+01 0.000000e+00
      vertex   -4.422714e+01 1.990502e+01 0.000000e+00
    endloop
  endfacet
  facet normal -1.192987e-01 5.745121e-02 -9.911948e-01
    outer loop
      vertex   -4.339250e+01 2.251999e+01 5.111126e-02
      vertex   -4.422714e+01 1.990502e+01 0.000000e+00
      vertex   -4.466162e+01 1.988463e+01 5.111126e-02
    endloop
  endfacet
  facet normal -1.189716e-01 4.927965e-02 -9.916740e-01
    outer loop
      vertex   -4.466162e+01 1.988463e+01 5.111126e-02
      vertex   -4.422714e+01 1.990502e+01 0.000000e+00
      vertex   -4.534829e+01 1.719834e+01 0.000000e+00
    endloop
  endfacet
  facet normal -1.222916e-01 5.011981e-02 -9.912279e-01
    outer loop
      vertex   -4.466162e+01 1.988463e+01 5.111126e-02
      vertex   -4.534829e+01 1.719834e+01 0.000000e+00
      vertex   -4.577086e+01 1.717809e+01 5.111126e-02
    endloop
  endfacet
  facet normal -1.219568e-01 4.208469e-02 -9.916428e-01
    outer loop
      vertex   -4.577086e+01 1.717809e+01 5.111126e-02
      vertex   -4.534829e+01 1.719834e+01 0.000000e+00
      vertex   -4.630396e+01 1.442890e+01 0.000000e+00
    endloop
  endfacet
  facet normal -1.248312e-01 4.263497e-02 -9.912615e-01
    outer loop
      vertex   -4.577086e+01 1.717809e+01 5.111126e-02
      vertex   -4.630396e+01 1.442890e+01 0.000000e+00
      vertex   -4.671626e+01 1.441006e+01 5.111126e-02
    endloop
  endfacet
  facet normal -1.245124e-01 3.471042e-02 -9.916107e-01
    outer loop
      vertex   -4.671626e+01 1.441006e+01 5.111126e-02
      vertex   -4.630396e+01 1.442890e+01 0.000000e+00
      vertex   -4.709068e+01 1.160681e+01 0.000000e+00
    endloop
  endfacet
  facet normal -1.269099e-01 3.502491e-02 -9.912957e-01
    outer loop
      vertex   -4.671626e+01 1.441006e+01 5.111126e-02
      vertex   -4.709068e+01 1.160681e+01 0.000000e+00
      vertex   -4.749443e+01 1.159044e+01 5.111126e-02
    endloop
  endfacet
  facet normal -1.266276e-01 2.718218e-02 -9.915778e-01
    outer loop
      vertex   -4.749443e+01 1.159044e+01 5.111126e-02
      vertex   -4.709068e+01 1.160681e+01 0.000000e+00
      vertex   -4.770557e+01 8.742369e+00 0.000000e+00
    endloop
  endfacet
  facet normal -1.285218e-01 2.731816e-02 -9.913303e-01
    outer loop
      vertex   -4.749443e+01 1.159044e+01 5.111126e-02
      vertex   -4.770557e+01 8.742369e+00 0.000000e+00
      vertex   -4.810257e+01 8.729330e+00 5.111126e-02
    endloop
  endfacet
  facet normal -1.282934e-01 1.952590e-02 -9.915440e-01
    outer loop
      vertex   -4.810257e+01 8.729330e+00 5.111126e-02
      vertex   -4.770557e+01 8.742369e+00 0.000000e+00
      vertex   -4.814638e+01 5.846029e+00 0.000000e+00
    endloop
  endfacet
  facet normal -1.296629e-01 1.954354e-02 -9.913655e-01
    outer loop
      vertex   -4.810257e+01 8.729330e+00 5.111126e-02
      vertex   -4.814638e+01 5.846029e+00 0.000000e+00
      vertex   -4.853853e+01 5.836972e+00 5.111126e-02
    endloop
  endfacet
  facet normal -1.295021e-01 1.176808e-02 -9.915093e-01
    outer loop
      vertex   -4.853853e+01 5.836972e+00 5.111126e-02
      vertex   -4.814638e+01 5.846029e+00 0.000000e+00
      vertex   -4.841151e+01 2.928357e+00 0.000000e+00
    endloop
  endfacet
  facet normal -1.305252e-01 3.944055e-03 9.914372e-01
    outer loop
      vertex   -4.841151e+01 2.928357e+00 3.000000e+00
      vertex   -4.879903e+01 2.951798e+00 2.948889e+00
      vertex   -4.850000e+01 5.939537e-15 3.000000e+00
    endloop
  endfacet
  facet normal -1.305252e-01 3.944055e-03 9.914372e-01
    outer loop
      vertex   -4.850000e+01 5.939537e-15 3.000000e+00
      vertex   -4.879903e+01 2.951798e+00 2.948889e+00
      vertex   -4.888823e+01 5.987081e-15 2.948889e+00
    endloop
  endfacet
  facet normal -1.305252e-01 -3.944055e-03 9.914372e-01
    outer loop
      vertex   -4.850000e+01 5.939537e-15 3.000000e+00
      vertex   -4.888823e+01 5.987081e-15 2.948889e+00
      vertex   -4.841151e+01 -2.928357e+00 3.000000e+00
    endloop
  endfacet
  facet normal -1.305252e-01 -3.944055e-03 9.914372e-01
    outer loop
      vertex   -4.841151e+01 -2.928357e+00 3.000000e+00
      vertex   -4.888823e+01 5.987081e-15 2.948889e+00
      vertex   -4.879903e+01 -2.951798e+00 2.948889e+00
    endloop
  endfacet
  facet normal -1.300535e-01 -1.174274e-02 9.914374e-01
    outer loop
      vertex   -4.841151e+01 -2.928357e+00 3.000000e+00
      vertex   -4.879903e+01 -2.951798e+00 2.948889e+00
      vertex   -4.853853e+01 -5.836972e+00 2.948889e+00
    endloop
  endfacet
  facet normal -3.812758e-01 -3.442603e-02 9.238201e-01
    outer loop
      vertex   -4.853853e+01 -5.836972e+00 2.948889e+00
      vertex   -4.879903e+01 -2.951798e+00 2.948889e+00
      vertex   -4.916015e+01 -2.973641e+00 2.799038e+00
    endloop
  endfacet
  facet normal -3.812758e-01 -3.442603e-02 9.238201e-01
    outer loop
      vertex   -4.853853e+01 -5.836972e+00 2.948889e+00
      vertex   -4.916015e+01 -2.973641e+00 2.799038e+00
      vertex   -4.889771e+01 -5.880166e+00 2.799038e+00
    endloop
  endfacet
  facet normal -6.064626e-01 -5.475851e-02 7.932242e-01
    outer loop
      vertex   -4.889771e+01 -5.880166e+00 2.799038e+00
      vertex   -4.916015e+01 -2.973641e+00 2.799038e+00
      vertex   -4.947024e+01 -2.992398e+00 2.560660e+00
    endloop
  endfacet
  facet normal -6.064626e-01 -5.475851e-02 7.932242e-01
    outer loop
      vertex   -4.889771e+01 -5.880166e+00 2.799038e+00
      vertex   -4.947024e+01 -2.992398e+00 2.560660e+00
      vertex   -4.920615e+01 -5.917257e+00 2.560660e+00
    endloop
  endfacet
  facet normal -7.902676e-01 -7.135457e-02 6.085932e-01
    outer loop
      vertex   -4.920615e+01 -5.917257e+00 2.560660e+00
      vertex   -4.947024e+01 -2.992398e+00 2.560660e+00
      vertex   -4.970818e+01 -3.006791e+00 2.250000e+00
    endloop
  endfacet
  facet normal -7.902676e-01 -7.135457e-02 6.085932e-01
    outer loop
      vertex   -4.920615e+01 -5.917257e+00 2.560660e+00
      vertex   -4.970818e+01 -3.006791e+00 2.250000e+00
      vertex   -4.944282e+01 -5.945718e+00 2.250000e+00
    endloop
  endfacet
  facet normal -9.201956e-01 -8.308598e-02 3.825400e-01
    outer loop
      vertex   -4.944282e+01 -5.945718e+00 2.250000e+00
      vertex   -4.970818e+01 -3.006791e+00 2.250000e+00
      vertex   -4.985776e+01 -3.015839e+00 1.888229e+00
    endloop
  endfacet
  facet normal -9.201956e-01 -8.308598e-02 3.825400e-01
    outer loop
      vertex   -4.944282e+01 -5.945718e+00 2.250000e+00
      vertex   -4.985776e+01 -3.015839e+00 1.888229e+00
      vertex   -4.959160e+01 -5.963609e+00 1.888229e+00
    endloop
  endfacet
  facet normal -9.874354e-01 -8.915718e-02 1.304699e-01
    outer loop
      vertex   -4.959160e+01 -5.963609e+00 1.888229e+00
      vertex   -4.985776e+01 -3.015839e+00 1.888229e+00
      vertex   -4.990878e+01 -3.018925e+00 1.500000e+00
    endloop
  endfacet
  facet normal -9.874354e-01 -8.915718e-02 1.304699e-01
    outer loop
      vertex   -4.959160e+01 -5.963609e+00 1.888229e+00
      vertex   -4.990878e+01 -3.018925e+00 1.500000e+00
      vertex   -4.964235e+01 -5.969711e+00 1.500000e+00
    endloop
  endfacet
  facet normal -9.874354e-01 -8.915718e-02 -1.304699e-01
    outer loop
      vertex   -4.964235e+01 -5.969711e+00 1.500000e+00
      vertex   -4.990878e+01 -3.018925e+00 1.500000e+00
      vertex   -4.985776e+01 -3.015839e+00 1.111771e+00
    endloop
  endfacet
  facet normal -9.874354e-01 -8.915718e-02 -1.304699e-01
    outer loop
      vertex   -4.964235e+01 -5.969711e+00 1.500000e+00
      vertex   -4.985776e+01 -3.015839e+00 1.111771e+00
      vertex   -4.959160e+01 -5.963609e+00 1.111771e+00
    endloop
  endfacet
  facet normal -9.201956e-01 -8.308598e-02 -3.825400e-01
    outer loop
      vertex   -4.959160e+01 -5.963609e+00 1.111771e+00
      vertex   -4.985776e+01 -3.015839e+00 1.111771e+00
      vertex   -4.970818e+01 -3.006791e+00 7.500000e-01
    endloop
  endfacet
  facet normal -9.201956e-01 -8.308598e-02 -3.825400e-01
    outer loop
      vertex   -4.959160e+01 -5.963609e+00 1.111771e+00
      vertex   -4.970818e+01 -3.006791e+00 7.500000e-01
      vertex   -4.944282e+01 -5.945718e+00 7.500000e-01
    endloop
  endfacet
  facet normal -7.902676e-01 -7.135457e-02 -6.085932e-01
    outer loop
      vertex   -4.944282e+01 -5.945718e+00 7.500000e-01
      vertex   -4.970818e+01 -3.006791e+00 7.500000e-01
      vertex   -4.947024e+01 -2.992398e+00 4.393398e-01
    endloop
  endfacet
  facet normal -7.902676e-01 -7.135457e-02 -6.085932e-01
    outer loop
      vertex   -4.944282e+01 -5.945718e+00 7.500000e-01
      vertex   -4.947024e+01 -2.992398e+00 4.393398e-01
      vertex   -4.920615e+01 -5.917257e+00 4.393398e-01
    endloop
  endfacet
  facet normal -6.064626e-01 -5.475851e-02 -7.932242e-01
    outer loop
      vertex   -4.920615e+01 -5.917257e+00 4.393398e-01
      vertex   -4.947024e+01 -2.992398e+00 4.393398e-01
      vertex   -4.916015e+01 -2.973641e+00 2.009619e-01
    endloop
  endfacet
  facet normal -6.064626e-01 -5.475851e-02 -7.932242e-01
    outer loop
      vertex   -4.920615e+01 -5.917257e+00 4.393398e-01
      vertex   -4.916015e+01 -2.973641e+00 2.009619e-01
      vertex   -4.889771e+01 -5.880166e+00 2.009619e-01
    endloop
  endfacet
  facet normal -3.812758e-01 -3.442603e-02 -9.238201e-01
    outer loop
      vertex   -4.889771e+01 -5.880166e+00 2.009619e-01
      vertex   -4.916015e+01 -2.973641e+00 2.009619e-01
      vertex   -4.879903e+01 -2.951798e+00 5.111126e-02
    endloop
  endfacet
  facet normal -3.812758e-01 -3.442603e-02 -9.238201e-01
    outer loop
      vertex   -4.889771e+01 -5.880166e+00 2.009619e-01
      vertex   -4.879903e+01 -2.951798e+00 5.111126e-02
      vertex   -4.853853e+01 -5.836972e+00 5.111126e-02
    endloop
  endfacet
  facet normal -1.296629e-01 1.954354e-02 9.913655e-01
    outer loop
      vertex   -4.853853e+01 5.836972e+00 2.948889e+00
      vertex   -4.814638e+01 5.846029e+00 3.000000e+00
      vertex   -4.810257e+01 8.729330e+00 2.948889e+00
    endloop
  endfacet
  facet normal -1.282934e-01 1.952590e-02 9.915440e-01
    outer loop
      vertex   -4.810257e+01 8.729330e+00 2.948889e+00
      vertex   -4.814638e+01 5.846029e+00 3.000000e+00
      vertex   -4.770557e+01 8.742369e+00 3.000000e+00
    endloop
  endfacet
  facet normal -1.285218e-01 2.731816e-02 9.913303e-01
    outer loop
      vertex   -4.810257e+01 8.729330e+00 2.948889e+00
      vertex   -4.770557e+01 8.742369e+00 3.000000e+00
      vertex   -4.749443e+01 1.159044e+01 2.948889e+00
    endloop
  endfacet
  facet normal -1.266276e-01 2.718218e-02 9.915778e-01
    outer loop
      vertex   -4.749443e+01 1.159044e+01 2.948889e+00
      vertex   -4.770557e+01 8.742369e+00 3.000000e+00
      vertex   -4.709068e+01 1.160681e+01 3.000000e+00
    endloop
  endfacet
  facet normal -1.269099e-01 3.502491e-02 9.912957e-01
    outer loop
      vertex   -4.749443e+01 1.159044e+01 2.948889e+00
      vertex   -4.709068e+01 1.160681e+01 3.000000e+00
      vertex   -4.671626e+01 1.441006e+01 2.948889e+00
    endloop
  endfacet
  facet normal -1.245124e-01 3.471042e-02 9.916107e-01
    outer loop
      vertex   -4.671626e+01 1.441006e+01 2.948889e+00
      vertex   -4.709068e+01 1.160681e+01 3.000000e+00
      vertex   -4.630396e+01 1.442890e+01 3.000000e+00
    endloop
  endfacet
  facet normal -1.248312e-01 4.263497e-02 9.912615e-01
    outer loop
      vertex   -4.671626e+01 1.441006e+01 2.948889e+00
      vertex   -4.630396e+01 1.442890e+01 3.000000e+00
      vertex   -4.577086e+01 1.717809e+01 2.948889e+00
    endloop
  endfacet
  facet normal -1.219568e-01 4.208469e-02 9.916428e-01
    outer loop
      vertex   -4.577086e+01 1.717809e+01 2.948889e+00
      vertex   -4.630396e+01 1.442890e+01 3.000000e+00
      vertex   -4.534829e+01 1.719834e+01 3.000000e+00
    endloop
  endfacet
  facet normal -1.222916e-01 5.011981e-02 9.912279e-01
    outer loop
      vertex   -4.577086e+01 1.717809e+01 2.948889e+00
      vertex   -4.534829e+01 1.719834e+01 3.000000e+00
      vertex   -4.466162e+01 1.988463e+01 2.948889e+00
    endloop
  endfacet
  facet normal -1.189716e-01 4.927965e-02 9.916740e-01
    outer loop
      vertex   -4.466162e+01 1.988463e+01 2.948889e+00
      vertex   -4.534829e+01 1.719834e+01 3.000000e+00
      vertex   -4.422714e+01 1.990502e+01 3.000000e+00
    endloop
  endfacet
  facet normal -1.192987e-01 5.745121e-02 9.911948e-01
    outer loop
      vertex   -4.466162e+01 1.988463e+01 2.948889e+00
      vertex   -4.422714e+01 1.990502e+01 3.000000e+00
      vertex   -4.339250e+01 2.251999e+01 2.948889e+00
    endloop
  endfacet
  facet normal -1.155688e-01 5.627068e-02 9.917043e-01
    outer loop
      vertex   -4.339250e+01 2.251999e+01 2.948889e+00
      vertex   -4.422714e+01 1.990502e+01 3.000000e+00
      vertex   -4.294462e+01 2.253907e+01 3.000000e+00
    endloop
  endfacet
  facet normal -1.158619e-01 6.460145e-02 9.911623e-01
    outer loop
      vertex   -4.339250e+01 2.251999e+01 2.948889e+00
      vertex   -4.294462e+01 2.253907e+01 3.000000e+00
      vertex   -4.196804e+01 2.507474e+01 2.948889e+00
    endloop
  endfacet
  facet normal -1.117619e-01 6.303394e-02 9.917338e-01
    outer loop
      vertex   -4.196804e+01 2.507474e+01 2.948889e+00
      vertex   -4.294462e+01 2.253907e+01 3.000000e+00
      vertex   -4.150539e+01 2.509088e+01 3.000000e+00
    endloop
  endfacet
  facet normal -1.119923e-01 7.154338e-02 9.911303e-01
    outer loop
      vertex   -4.196804e+01 2.507474e+01 2.948889e+00
      vertex   -4.150539e+01 2.509088e+01 3.000000e+00
      vertex   -4.039335e+01 2.753972e+01 2.948889e+00
    endloop
  endfacet
  facet normal -1.075658e-01 6.954646e-02 9.917625e-01
    outer loop
      vertex   -4.039335e+01 2.753972e+01 2.948889e+00
      vertex   -4.150539e+01 2.509088e+01 3.000000e+00
      vertex   -3.991472e+01 2.755114e+01 3.000000e+00
    endloop
  endfacet
  facet normal -1.077026e-01 7.825052e-02 9.910989e-01
    outer loop
      vertex   -4.039335e+01 2.753972e+01 2.948889e+00
      vertex   -3.991472e+01 2.755114e+01 3.000000e+00
      vertex   -3.867406e+01 2.990612e+01 2.948889e+00
    endloop
  endfacet
  facet normal -1.029964e-01 7.578620e-02 9.917904e-01
    outer loop
      vertex   -3.867406e+01 2.990612e+01 2.948889e+00
      vertex   -3.991472e+01 2.755114e+01 3.000000e+00
      vertex   -3.817840e+01 2.991087e+01 3.000000e+00
    endloop
  endfacet
  facet normal -1.030073e-01 8.469720e-02 9.910681e-01
    outer loop
      vertex   -3.867406e+01 2.990612e+01 2.948889e+00
      vertex   -3.817840e+01 2.991087e+01 3.000000e+00
      vertex   -3.681633e+01 3.216546e+01 2.948889e+00
    endloop
  endfacet
  facet normal -9.807118e-02 8.173213e-02 9.918175e-01
    outer loop
      vertex   -3.681633e+01 3.216546e+01 2.948889e+00
      vertex   -3.817840e+01 2.991087e+01 3.000000e+00
      vertex   -3.630277e+01 3.216145e+01 3.000000e+00
    endloop
  endfacet
  facet normal -9.792232e-02 9.085864e-02 9.910378e-01
    outer loop
      vertex   -3.681633e+01 3.216546e+01 2.948889e+00
      vertex   -3.630277e+01 3.216145e+01 3.000000e+00
      vertex   -3.482681e+01 3.430966e+01 2.948889e+00
    endloop
  endfacet
  facet normal -9.280855e-02 8.736430e-02 9.918438e-01
    outer loop
      vertex   -3.482681e+01 3.430966e+01 2.948889e+00
      vertex   -3.630277e+01 3.216145e+01 3.000000e+00
      vertex   -3.429468e+01 3.429468e+01 3.000000e+00
    endloop
  endfacet
  facet normal -9.246521e-02 9.671103e-02 9.910082e-01
    outer loop
      vertex   -3.482681e+01 3.430966e+01 2.948889e+00
      vertex   -3.429468e+01 3.429468e+01 3.000000e+00
      vertex   -3.271261e+01 3.633103e+01 2.948889e+00
    endloop
  endfacet
  facet normal -8.722812e-02 9.266389e-02 9.918693e-01
    outer loop
      vertex   -3.271261e+01 3.633103e+01 2.948889e+00
      vertex   -3.429468e+01 3.429468e+01 3.000000e+00
      vertex   -3.216145e+01 3.630277e+01 3.000000e+00
    endloop
  endfacet
  facet normal -8.665495e-02 1.022317e-01 9.909791e-01
    outer loop
      vertex   -3.271261e+01 3.633103e+01 2.948889e+00
      vertex   -3.216145e+01 3.630277e+01 3.000000e+00
      vertex   -3.048131e+01 3.822236e+01 2.948889e+00
    endloop
  endfacet
  facet normal -8.135052e-02 9.761327e-02 9.918940e-01
    outer loop
      vertex   -3.048131e+01 3.822236e+01 2.948889e+00
      vertex   -3.216145e+01 3.630277e+01 3.000000e+00
      vertex   -2.991087e+01 3.817840e+01 3.000000e+00
    endloop
  endfacet
  facet normal -8.051193e-02 1.073990e-01 9.909507e-01
    outer loop
      vertex   -3.048131e+01 3.822236e+01 2.948889e+00
      vertex   -2.991087e+01 3.817840e+01 3.000000e+00
      vertex   -2.814090e+01 3.997685e+01 2.948889e+00
    endloop
  endfacet
  facet normal -7.519731e-02 1.021961e-01 9.919180e-01
    outer loop
      vertex   -2.814090e+01 3.997685e+01 2.948889e+00
      vertex   -2.991087e+01 3.817840e+01 3.000000e+00
      vertex   -2.755114e+01 3.991472e+01 3.000000e+00
    endloop
  endfacet
  facet normal -7.405785e-02 1.121929e-01 9.909229e-01
    outer loop
      vertex   -2.814090e+01 3.997685e+01 2.948889e+00
      vertex   -2.755114e+01 3.991472e+01 3.000000e+00
      vertex   -2.569975e+01 4.158824e+01 2.948889e+00
    endloop
  endfacet
  facet normal -6.879098e-02 1.063973e-01 9.919412e-01
    outer loop
      vertex   -2.569975e+01 4.158824e+01 2.948889e+00
      vertex   -2.755114e+01 3.991472e+01 3.000000e+00
      vertex   -2.509088e+01 4.150539e+01 3.000000e+00
    endloop
  endfacet
  facet normal -6.731570e-02 1.165942e-01 9.908957e-01
    outer loop
      vertex   -2.569975e+01 4.158824e+01 2.948889e+00
      vertex   -2.509088e+01 4.150539e+01 3.000000e+00
      vertex   -2.316660e+01 4.305076e+01 2.948889e+00
    endloop
  endfacet
  facet normal -6.215480e-02 1.102032e-01 9.919637e-01
    outer loop
      vertex   -2.316660e+01 4.305076e+01 2.948889e+00
      vertex   -2.509088e+01 4.150539e+01 3.000000e+00
      vertex   -2.253907e+01 4.294462e+01 3.000000e+00
    endloop
  endfacet
  facet normal -6.030959e-02 1.205856e-01 9.908692e-01
    outer loop
      vertex   -2.316660e+01 4.305076e+01 2.948889e+00
      vertex   -2.253907e+01 4.294462e+01 3.000000e+00
      vertex   -2.055052e+01 4.435916e+01 2.948889e+00
    endloop
  endfacet
  facet normal -5.531276e-02 1.136014e-01 9.919855e-01
    outer loop
      vertex   -2.055052e+01 4.435916e+01 2.948889e+00
      vertex   -2.253907e+01 4.294462e+01 3.000000e+00
      vertex   -1.990502e+01 4.422714e+01 3.000000e+00
    endloop
  endfacet
  facet normal -5.306472e-02 1.241511e-01 9.908434e-01
    outer loop
      vertex   -2.055052e+01 4.435916e+01 2.948889e+00
      vertex   -1.990502e+01 4.422714e+01 3.000000e+00
      vertex   -1.786088e+01 4.550877e+01 2.948889e+00
    endloop
  endfacet
  facet normal -4.828951e-02 1.165812e-01 9.920065e-01
    outer loop
      vertex   -1.786088e+01 4.550877e+01 2.948889e+00
      vertex   -1.990502e+01 4.422714e+01 3.000000e+00
      vertex   -1.719834e+01 4.534829e+01 3.000000e+00
    endloop
  endfacet
  facet normal -4.560728e-02 1.272762e-01 9.908182e-01
    outer loop
      vertex   -1.786088e+01 4.550877e+01 2.948889e+00
      vertex   -1.719834e+01 4.534829e+01 3.000000e+00
      vertex   -1.510729e+01 4.649547e+01 2.948889e+00
    endloop
  endfacet
  facet normal -4.111027e-02 1.191330e-01 9.920268e-01
    outer loop
      vertex   -1.510729e+01 4.649547e+01 2.948889e+00
      vertex   -1.719834e+01 4.534829e+01 3.000000e+00
      vertex   -1.442890e+01 4.630396e+01 3.000000e+00
    endloop
  endfacet
  facet normal -3.796433e-02 1.299481e-01 9.907937e-01
    outer loop
      vertex   -1.510729e+01 4.649547e+01 2.948889e+00
      vertex   -1.442890e+01 4.630396e+01 3.000000e+00
      vertex   -1.229963e+01 4.731573e+01 2.948889e+00
    endloop
  endfacet
  facet normal -3.380071e-02 1.212491e-01 9.920465e-01
    outer loop
      vertex   -1.229963e+01 4.731573e+01 2.948889e+00
      vertex   -1.442890e+01 4.630396e+01 3.000000e+00
      vertex   -1.160681e+01 4.709068e+01 3.000000e+00
    endloop
  endfacet
  facet normal -3.016370e-02 1.321558e-01 9.907699e-01
    outer loop
      vertex   -1.229963e+01 4.731573e+01 2.948889e+00
      vertex   -1.160681e+01 4.709068e+01 3.000000e+00
      vertex   -9.447939e+00 4.796661e+01 2.948889e+00
    endloop
  endfacet
  facet normal -2.638690e-02 1.229229e-01 9.920654e-01
    outer loop
      vertex   -9.447939e+00 4.796661e+01 2.948889e+00
      vertex   -1.160681e+01 4.709068e+01 3.000000e+00
      vertex   -8.742369e+00 4.770557e+01 3.000000e+00
    endloop
  endfacet
  facet normal -2.223392e-02 1.338898e-01 9.907468e-01
    outer loop
      vertex   -9.447939e+00 4.796661e+01 2.948889e+00
      vertex   -8.742369e+00 4.770557e+01 3.000000e+00
      vertex   -6.562427e+00 4.844578e+01 2.948889e+00
    endloop
  endfacet
  facet normal -1.889522e-02 1.241496e-01 9.920836e-01
    outer loop
      vertex   -6.562427e+00 4.844578e+01 2.948889e+00
      vertex   -8.742369e+00 4.770557e+01 3.000000e+00
      vertex   -5.846029e+00 4.814638e+01 3.000000e+00
    endloop
  endfacet
  facet normal -1.420406e-02 1.351426e-01 9.907243e-01
    outer loop
      vertex   -6.562427e+00 4.844578e+01 2.948889e+00
      vertex   -5.846029e+00 4.814638e+01 3.000000e+00
      vertex   -3.653422e+00 4.875153e+01 2.948889e+00
    endloop
  endfacet
  facet normal -1.135224e-02 1.249260e-01 9.921011e-01
    outer loop
      vertex   -3.653422e+00 4.875153e+01 2.948889e+00
      vertex   -5.846029e+00 4.814638e+01 3.000000e+00
      vertex   -2.928357e+00 4.841151e+01 3.000000e+00
    endloop
  endfacet
  facet normal -6.103644e-03 1.359082e-01 9.907026e-01
    outer loop
      vertex   -3.653422e+00 4.875153e+01 2.948889e+00
      vertex   -2.928357e+00 4.841151e+01 3.000000e+00
      vertex   -7.313389e-01 4.888276e+01 2.948889e+00
    endloop
  endfacet
  facet normal -3.784662e-03 1.252502e-01 9.921180e-01
    outer loop
      vertex   -7.313389e-01 4.888276e+01 2.948889e+00
      vertex   -2.928357e+00 4.841151e+01 3.000000e+00
      vertex   2.969768e-15 4.850000e+01 3.000000e+00
    endloop
  endfacet
  facet normal 2.037441e-03 1.361828e-01 9.906816e-01
    outer loop
      vertex   -7.313389e-01 4.888276e+01 2.948889e+00
      vertex   2.969768e-15 4.850000e+01 3.000000e+00
      vertex   2.193362e+00 4.883900e+01 2.948889e+00
    endloop
  endfacet
  facet normal 3.780793e-03 1.251221e-01 9.921341e-01
    outer loop
      vertex   2.193362e+00 4.883900e+01 2.948889e+00
      vertex   2.969768e-15 4.850000e+01 3.000000e+00
      vertex   2.928357e+00 4.841151e+01 3.000000e+00
    endloop
  endfacet
  facet normal 1.018910e-02 1.359641e-01 9.906614e-01
    outer loop
      vertex   2.193362e+00 4.883900e+01 2.948889e+00
      vertex   2.928357e+00 4.841151e+01 3.000000e+00
      vertex   5.110211e+00 4.862041e+01 2.948889e+00
    endloop
  endfacet
  facet normal 1.131745e-02 1.245431e-01 9.921496e-01
    outer loop
      vertex   5.110211e+00 4.862041e+01 2.948889e+00
      vertex   2.928357e+00 4.841151e+01 3.000000e+00
      vertex   5.846029e+00 4.814638e+01 3.000000e+00
    endloop
  endfacet
  facet normal 1.832113e-02 1.352520e-01 9.906418e-01
    outer loop
      vertex   5.110211e+00 4.862041e+01 2.948889e+00
      vertex   5.846029e+00 4.814638e+01 3.000000e+00
      vertex   8.008767e+00 4.822778e+01 2.948889e+00
    endloop
  endfacet
  facet normal 1.879881e-02 1.235161e-01 9.921645e-01
    outer loop
      vertex   8.008767e+00 4.822778e+01 2.948889e+00
      vertex   5.846029e+00 4.814638e+01 3.000000e+00
      vertex   8.742369e+00 4.770557e+01 3.000000e+00
    endloop
  endfacet
  facet normal 2.640332e-02 1.340480e-01 9.906230e-01
    outer loop
      vertex   8.008767e+00 4.822778e+01 2.948889e+00
      vertex   8.742369e+00 4.770557e+01 3.000000e+00
      vertex   1.087865e+01 4.766250e+01 2.948889e+00
    endloop
  endfacet
  facet normal 2.619858e-02 1.220455e-01 9.921787e-01
    outer loop
      vertex   1.087865e+01 4.766250e+01 2.948889e+00
      vertex   8.742369e+00 4.770557e+01 3.000000e+00
      vertex   1.160681e+01 4.709068e+01 3.000000e+00
    endloop
  endfacet
  facet normal 3.440561e-02 1.323557e-01 9.906050e-01
    outer loop
      vertex   1.087865e+01 4.766250e+01 2.948889e+00
      vertex   1.160681e+01 4.709068e+01 3.000000e+00
      vertex   1.370960e+01 4.692660e+01 2.948889e+00
    endloop
  endfacet
  facet normal 3.349081e-02 1.201374e-01 9.921922e-01
    outer loop
      vertex   1.370960e+01 4.692660e+01 2.948889e+00
      vertex   1.160681e+01 4.709068e+01 3.000000e+00
      vertex   1.442890e+01 4.630396e+01 3.000000e+00
    endloop
  endfacet
  facet normal 4.229815e-02 1.301803e-01 9.905877e-01
    outer loop
      vertex   1.370960e+01 4.692660e+01 2.948889e+00
      vertex   1.442890e+01 4.630396e+01 3.000000e+00
      vertex   1.649147e+01 4.602272e+01 2.948889e+00
    endloop
  endfacet
  facet normal 4.064997e-02 1.177991e-01 9.922051e-01
    outer loop
      vertex   1.649147e+01 4.602272e+01 2.948889e+00
      vertex   1.442890e+01 4.630396e+01 3.000000e+00
      vertex   1.719834e+01 4.534829e+01 3.000000e+00
    endloop
  endfacet
  facet normal 5.005147e-02 1.275291e-01 9.905711e-01
    outer loop
      vertex   1.649147e+01 4.602272e+01 2.948889e+00
      vertex   1.719834e+01 4.534829e+01 3.000000e+00
      vertex   1.921430e+01 4.495408e+01 2.948889e+00
    endloop
  endfacet
  facet normal 4.765103e-02 1.150398e-01 9.922173e-01
    outer loop
      vertex   1.921430e+01 4.495408e+01 2.948889e+00
      vertex   1.719834e+01 4.534829e+01 3.000000e+00
      vertex   1.990502e+01 4.422714e+01 3.000000e+00
    endloop
  endfacet
  facet normal 5.763657e-02 1.244109e-01 9.905554e-01
    outer loop
      vertex   1.921430e+01 4.495408e+01 2.948889e+00
      vertex   1.990502e+01 4.422714e+01 3.000000e+00
      vertex   2.186835e+01 4.372453e+01 2.948889e+00
    endloop
  endfacet
  facet normal 5.446953e-02 1.118696e-01 9.922289e-01
    outer loop
      vertex   2.186835e+01 4.372453e+01 2.948889e+00
      vertex   1.990502e+01 4.422714e+01 3.000000e+00
      vertex   2.253907e+01 4.294462e+01 3.000000e+00
    endloop
  endfacet
  facet normal 6.502502e-02 1.208367e-01 9.905404e-01
    outer loop
      vertex   2.186835e+01 4.372453e+01 2.948889e+00
      vertex   2.253907e+01 4.294462e+01 3.000000e+00
      vertex   2.444411e+01 4.233845e+01 2.948889e+00
    endloop
  endfacet
  facet normal 6.108169e-02 1.083005e-01 9.922399e-01
    outer loop
      vertex   2.444411e+01 4.233845e+01 2.948889e+00
      vertex   2.253907e+01 4.294462e+01 3.000000e+00
      vertex   2.509088e+01 4.150539e+01 3.000000e+00
    endloop
  endfacet
  facet normal 7.218912e-02 1.168190e-01 9.905262e-01
    outer loop
      vertex   2.444411e+01 4.233845e+01 2.948889e+00
      vertex   2.509088e+01 4.150539e+01 3.000000e+00
      vertex   2.693238e+01 4.080081e+01 2.948889e+00
    endloop
  endfacet
  facet normal 6.746447e-02 1.043456e-01 9.922502e-01
    outer loop
      vertex   2.693238e+01 4.080081e+01 2.948889e+00
      vertex   2.509088e+01 4.150539e+01 3.000000e+00
      vertex   2.755114e+01 3.991472e+01 3.000000e+00
    endloop
  endfacet
  facet normal 7.910194e-02 1.123719e-01 9.905127e-01
    outer loop
      vertex   2.693238e+01 4.080081e+01 2.948889e+00
      vertex   2.755114e+01 3.991472e+01 3.000000e+00
      vertex   2.932423e+01 3.911711e+01 2.948889e+00
    endloop
  endfacet
  facet normal 7.359564e-02 1.000194e-01 9.922600e-01
    outer loop
      vertex   2.932423e+01 3.911711e+01 2.948889e+00
      vertex   2.755114e+01 3.991472e+01 3.000000e+00
      vertex   2.991087e+01 3.817840e+01 3.000000e+00
    endloop
  endfacet
  facet normal 8.573749e-02 1.075114e-01 9.905001e-01
    outer loop
      vertex   2.932423e+01 3.911711e+01 2.948889e+00
      vertex   2.991087e+01 3.817840e+01 3.000000e+00
      vertex   3.161111e+01 3.729339e+01 2.948889e+00
    endloop
  endfacet
  facet normal 7.945388e-02 9.533748e-02 9.922690e-01
    outer loop
      vertex   3.161111e+01 3.729339e+01 2.948889e+00
      vertex   2.991087e+01 3.817840e+01 3.000000e+00
      vertex   3.216145e+01 3.630277e+01 3.000000e+00
    endloop
  endfacet
  facet normal 9.207078e-02 1.022550e-01 9.904882e-01
    outer loop
      vertex   3.161111e+01 3.729339e+01 2.948889e+00
      vertex   3.216145e+01 3.630277e+01 3.000000e+00
      vertex   3.378483e+01 3.533616e+01 2.948889e+00
    endloop
  endfacet
  facet normal 8.501884e-02 9.031693e-02 9.922775e-01
    outer loop
      vertex   3.378483e+01 3.533616e+01 2.948889e+00
      vertex   3.216145e+01 3.630277e+01 3.000000e+00
      vertex   3.429468e+01 3.429468e+01 3.000000e+00
    endloop
  endfacet
  facet normal 9.807795e-02 9.662157e-02 9.904772e-01
    outer loop
      vertex   3.378483e+01 3.533616e+01 2.948889e+00
      vertex   3.429468e+01 3.429468e+01 3.000000e+00
      vertex   3.583761e+01 3.325244e+01 2.948889e+00
    endloop
  endfacet
  facet normal 9.027119e-02 8.497579e-02 9.922854e-01
    outer loop
      vertex   3.583761e+01 3.325244e+01 2.948889e+00
      vertex   3.429468e+01 3.429468e+01 3.000000e+00
      vertex   3.630277e+01 3.216145e+01 3.000000e+00
    endloop
  endfacet
  facet normal 1.037363e-01 9.063170e-02 9.904669e-01
    outer loop
      vertex   3.583761e+01 3.325244e+01 2.948889e+00
      vertex   3.630277e+01 3.216145e+01 3.000000e+00
      vertex   3.776210e+01 3.104968e+01 2.948889e+00
    endloop
  endfacet
  facet normal 9.519271e-02 7.933323e-02 9.922926e-01
    outer loop
      vertex   3.776210e+01 3.104968e+01 2.948889e+00
      vertex   3.630277e+01 3.216145e+01 3.000000e+00
      vertex   3.817840e+01 2.991087e+01 3.000000e+00
    endloop
  endfacet
  facet normal 1.090245e-01 8.430717e-02 9.904574e-01
    outer loop
      vertex   3.776210e+01 3.104968e+01 2.948889e+00
      vertex   3.817840e+01 2.991087e+01 3.000000e+00
      vertex   3.955141e+01 2.873578e+01 2.948889e+00
    endloop
  endfacet
  facet normal 9.976632e-02 7.340945e-02 9.922992e-01
    outer loop
      vertex   3.955141e+01 2.873578e+01 2.948889e+00
      vertex   3.817840e+01 2.991087e+01 3.000000e+00
      vertex   3.991472e+01 2.755114e+01 3.000000e+00
    endloop
  endfacet
  facet normal 1.139226e-01 7.767112e-02 9.904488e-01
    outer loop
      vertex   3.955141e+01 2.873578e+01 2.948889e+00
      vertex   3.991472e+01 2.755114e+01 3.000000e+00
      vertex   4.119913e+01 2.631901e+01 2.948889e+00
    endloop
  endfacet
  facet normal 1.039762e-01 6.722562e-02 9.923052e-01
    outer loop
      vertex   4.119913e+01 2.631901e+01 2.948889e+00
      vertex   3.991472e+01 2.755114e+01 3.000000e+00
      vertex   4.150539e+01 2.509088e+01 3.000000e+00
    endloop
  endfacet
  facet normal 1.184120e-01 7.074789e-02 9.904410e-01
    outer loop
      vertex   4.119913e+01 2.631901e+01 2.948889e+00
      vertex   4.150539e+01 2.509088e+01 3.000000e+00
      vertex   4.269938e+01 2.380802e+01 2.948889e+00
    endloop
  endfacet
  facet normal 1.078077e-01 6.080375e-02 9.923106e-01
    outer loop
      vertex   4.269938e+01 2.380802e+01 2.948889e+00
      vertex   4.150539e+01 2.509088e+01 3.000000e+00
      vertex   4.294462e+01 2.253907e+01 3.000000e+00
    endloop
  endfacet
  facet normal 1.224758e-01 6.356292e-02 9.904340e-01
    outer loop
      vertex   4.269938e+01 2.380802e+01 2.948889e+00
      vertex   4.294462e+01 2.253907e+01 3.000000e+00
      vertex   4.404677e+01 2.121181e+01 2.948889e+00
    endloop
  endfacet
  facet normal 1.112477e-01 5.416670e-02 9.923154e-01
    outer loop
      vertex   4.404677e+01 2.121181e+01 2.948889e+00
      vertex   4.294462e+01 2.253907e+01 3.000000e+00
      vertex   4.422714e+01 1.990502e+01 3.000000e+00
    endloop
  endfacet
  facet normal 1.260985e-01 5.614267e-02 9.904278e-01
    outer loop
      vertex   4.404677e+01 2.121181e+01 2.948889e+00
      vertex   4.422714e+01 1.990502e+01 3.000000e+00
      vertex   4.523649e+01 1.853966e+01 2.948889e+00
    endloop
  endfacet
  facet normal 1.142841e-01 4.733802e-02 9.923196e-01
    outer loop
      vertex   4.523649e+01 1.853966e+01 2.948889e+00
      vertex   4.422714e+01 1.990502e+01 3.000000e+00
      vertex   4.534829e+01 1.719834e+01 3.000000e+00
    endloop
  endfacet
  facet normal 1.292664e-01 4.851451e-02 9.904224e-01
    outer loop
      vertex   4.523649e+01 1.853966e+01 2.948889e+00
      vertex   4.534829e+01 1.719834e+01 3.000000e+00
      vertex   4.626427e+01 1.580115e+01 2.948889e+00
    endloop
  endfacet
  facet normal 1.169065e-01 4.034194e-02 9.923232e-01
    outer loop
      vertex   4.626427e+01 1.580115e+01 2.948889e+00
      vertex   4.534829e+01 1.719834e+01 3.000000e+00
      vertex   4.630396e+01 1.442890e+01 3.000000e+00
    endloop
  endfacet
  facet normal 1.319676e-01 4.070662e-02 9.904178e-01
    outer loop
      vertex   4.626427e+01 1.580115e+01 2.948889e+00
      vertex   4.630396e+01 1.442890e+01 3.000000e+00
      vertex   4.712644e+01 1.300607e+01 2.948889e+00
    endloop
  endfacet
  facet normal 1.191059e-01 3.320325e-02 9.923262e-01
    outer loop
      vertex   4.712644e+01 1.300607e+01 2.948889e+00
      vertex   4.630396e+01 1.442890e+01 3.000000e+00
      vertex   4.709068e+01 1.160681e+01 3.000000e+00
    endloop
  endfacet
  facet normal 1.341918e-01 3.274788e-02 9.904141e-01
    outer loop
      vertex   4.712644e+01 1.300607e+01 2.948889e+00
      vertex   4.709068e+01 1.160681e+01 3.000000e+00
      vertex   4.781990e+01 1.016443e+01 2.948889e+00
    endloop
  endfacet
  facet normal 1.208745e-01 2.594721e-02 9.923286e-01
    outer loop
      vertex   4.781990e+01 1.016443e+01 2.948889e+00
      vertex   4.709068e+01 1.160681e+01 3.000000e+00
      vertex   4.770557e+01 8.742369e+00 3.000000e+00
    endloop
  endfacet
  facet normal 1.359305e-01 2.466775e-02 9.904112e-01
    outer loop
      vertex   4.781990e+01 1.016443e+01 2.948889e+00
      vertex   4.770557e+01 8.742369e+00 3.000000e+00
      vertex   4.834219e+01 7.286412e+00 2.948889e+00
    endloop
  endfacet
  facet normal 1.222064e-01 1.859948e-02 9.923304e-01
    outer loop
      vertex   4.834219e+01 7.286412e+00 2.948889e+00
      vertex   4.770557e+01 8.742369e+00 3.000000e+00
      vertex   4.814638e+01 5.846029e+00 3.000000e+00
    endloop
  endfacet
  facet normal 1.371772e-01 1.649616e-02 9.904092e-01
    outer loop
      vertex   4.834219e+01 7.286412e+00 2.948889e+00
      vertex   4.814638e+01 5.846029e+00 3.000000e+00
      vertex   4.869142e+01 4.382307e+00 2.948889e+00
    endloop
  endfacet
  facet normal 1.230969e-01 1.118603e-02 9.923316e-01
    outer loop
      vertex   4.869142e+01 4.382307e+00 2.948889e+00
      vertex   4.814638e+01 5.846029e+00 3.000000e+00
      vertex   4.841151e+01 2.928357e+00 3.000000e+00
    endloop
  endfacet
  facet normal 1.379271e-01 8.263404e-03 9.904079e-01
    outer loop
      vertex   4.869142e+01 4.382307e+00 2.948889e+00
      vertex   4.841151e+01 2.928357e+00 3.000000e+00
      vertex   4.886635e+01 1.462514e+00 2.948889e+00
    endloop
  endfacet
  facet normal 1.235429e-01 3.733074e-03 9.923322e-01
    outer loop
      vertex   4.886635e+01 1.462514e+00 2.948889e+00
      vertex   4.841151e+01 2.928357e+00 3.000000e+00
      vertex   4.850000e+01 0.000000e+00 3.000000e+00
    endloop
  endfacet
  facet normal 1.381774e-01 0.000000e+00 9.904075e-01
    outer loop
      vertex   4.886635e+01 1.462514e+00 2.948889e+00
      vertex   4.850000e+01 0.000000e+00 3.000000e+00
      vertex   4.886635e+01 -1.462514e+00 2.948889e+00
    endloop
  endfacet
  facet normal 1.235429e-01 -3.733074e-03 9.923322e-01
    outer loop
      vertex   4.886635e+01 -1.462514e+00 2.948889e+00
      vertex   4.850000e+01 0.000000e+00 3.000000e+00
      vertex   4.841151e+01 -2.928357e+00 3.000000e+00
    endloop
  endfacet
  facet normal 1.379271e-01 -8.263404e-03 9.904079e-01
    outer loop
      vertex   4.886635e+01 -1.462514e+00 2.948889e+00
      vertex   4.841151e+01 -2.928357e+00 3.000000e+00
      vertex   4.869142e+01 -4.382307e+00 2.948889e+00
    endloop
  endfacet
  facet normal 1.230969e-01 -1.118603e-02 9.923316e-01
    outer loop
      vertex   4.869142e+01 -4.382307e+00 2.948889e+00
      vertex   4.841151e+01 -2.928357e+00 3.000000e+00
      vertex   4.814638e+01 -5.846029e+00 3.000000e+00
    endloop
  endfacet
  facet normal 1.371772e-01 -1.649616e-02 9.904092e-01
    outer loop
      vertex   4.869142e+01 -4.382307e+00 2.948889e+00
      vertex   4.814638e+01 -5.846029e+00 3.000000e+00
      vertex   4.834219e+01 -7.286412e+00 2.948889e+00
    endloop
  endfacet
  facet normal 1.222064e-01 -1.859948e-02 9.923304e-01
    outer loop
      vertex   4.834219e+01 -7.286412e+00 2.948889e+00
      vertex   4.814638e+01 -5.846029e+00 3.000000e+00
      vertex   4.770557e+01 -8.742369e+00 3.000000e+00
    endloop
  endfacet
  facet normal 1.359305e-01 -2.466775e-02 9.904112e-01
    outer loop
      vertex   4.834219e+01 -7.286412e+00 2.948889e+00
      vertex   4.770557e+01 -8.742369e+00 3.000000e+00
      vertex   4.781990e+01 -1.016443e+01 2.948889e+00
    endloop
  endfacet
  facet normal 1.208745e-01 -2.594721e-02 9.923286e-01
    outer loop
      vertex   4.781990e+01 -1.016443e+01 2.948889e+00
      vertex   4.770557e+01 -8.742369e+00 3.000000e+00
      vertex   4.709068e+01 -1.160681e+01 3.000000e+00
    endloop
  endfacet
  facet normal 1.341918e-01 -3.274788e-02 9.904141e-01
    outer loop
      vertex   4.781990e+01 -1.016443e+01 2.948889e+00
      vertex   4.709068e+01 -1.160681e+01 3.000000e+00
      vertex   4.712644e+01 -1.300607e+01 2.948889e+00
    endloop
  endfacet
  facet normal 1.191059e-01 -3.320325e-02 9.923262e-01
    outer loop
      vertex   4.712644e+01 -1.300607e+01 2.948889e+00
      vertex   4.709068e+01 -1.160681e+01 3.000000e+00
      vertex   4.630396e+01 -1.442890e+01 3.000000e+00
    endloop
  endfacet
  facet normal 1.319676e-01 -4.070662e-02 9.904178e-01
    outer loop
      vertex   4.712644e+01 -1.300607e+01 2.948889e+00
      vertex   4.630396e+01 -1.442890e+01 3.000000e+00
      vertex   4.626427e+01 -1.580115e+01 2.948889e+00
    endloop
  endfacet
  facet normal 1.169065e-01 -4.034194e-02 9.923232e-01
    outer loop
      vertex   4.626427e+01 -1.580115e+01 2.948889e+00
      vertex   4.630396e+01 -1.442890e+01 3.000000e+00
      vertex   4.534829e+01 -1.719834e+01 3.000000e+00
    endloop
  endfacet
  facet normal 1.292664e-01 -4.851451e-02 9.904224e-01
    outer loop
      vertex   4.626427e+01 -1.580115e+01 2.948889e+00
      vertex   4.534829e+01 -1.719834e+01 3.000000e+00
      vertex   4.523649e+01 -1.853966e+01 2.948889e+00
    endloop
  endfacet
  facet normal 1.142841e-01 -4.733802e-02 9.923196e-01
    outer loop
      vertex   4.523649e+01 -1.853966e+01 2.948889e+00
      vertex   4.534829e+01 -1.719834e+01 3.000000e+00
      vertex   4.422714e+01 -1.990502e+01 3.000000e+00
    endloop
  endfacet
  facet normal 1.260985e-01 -5.614267e-02 9.904278e-01
    outer loop
      vertex   4.523649e+01 -1.853966e+01 2.948889e+00
      vertex   4.422714e+01 -1.990502e+01 3.000000e+00
      vertex   4.404677e+01 -2.121181e+01 2.948889e+00
    endloop
  endfacet
  facet normal 1.112477e-01 -5.416670e-02 9.923154e-01
    outer loop
      vertex   4.404677e+01 -2.121181e+01 2.948889e+00
      vertex   4.422714e+01 -1.990502e+01 3.000000e+00
      vertex   4.294462e+01 -2.253907e+01 3.000000e+00
    endloop
  endfacet
  facet normal 1.224758e-01 -6.356292e-02 9.904340e-01
    outer loop
      vertex   4.404677e+01 -2.121181e+01 2.948889e+00
      vertex   4.294462e+01 -2.253907e+01 3.000000e+00
      vertex   4.269938e+01 -2.380802e+01 2.948889e+00
    endloop
  endfacet
  facet normal 1.078077e-01 -6.080375e-02 9.923106e-01
    outer loop
      vertex   4.269938e+01 -2.380802e+01 2.948889e+00
      vertex   4.294462e+01 -2.253907e+01 3.000000e+00
      vertex   4.150539e+01 -2.509088e+01 3.000000e+00
    endloop
  endfacet
  facet normal 1.184120e-01 -7.074789e-02 9.904410e-01
    outer loop
      vertex   4.269938e+01 -2.380802e+01 2.948889e+00
      vertex   4.150539e+01 -2.509088e+01 3.000000e+00
      vertex   4.119913e+01 -2.631901e+01 2.948889e+00
    endloop
  endfacet
  facet normal 1.039762e-01 -6.722562e-02 9.923052e-01
    outer loop
      vertex   4.119913e+01 -2.631901e+01 2.948889e+00
      vertex   4.150539e+01 -2.509088e+01 3.000000e+00
      vertex   3.991472e+01 -2.755114e+01 3.000000e+00
    endloop
  endfacet
  facet normal 1.139226e-01 -7.767112e-02 9.904488e-01
    outer loop
      vertex   4.119913e+01 -2.631901e+01 2.948889e+00
      vertex   3.991472e+01 -2.755114e+01 3.000000e+00
      vertex   3.955141e+01 -2.873578e+01 2.948889e+00
    endloop
  endfacet
  facet normal 9.976632e-02 -7.340945e-02 9.922992e-01
    outer loop
      vertex   3.955141e+01 -2.873578e+01 2.948889e+00
      vertex   3.991472e+01 -2.755114e+01 3.000000e+00
      vertex   3.817840e+01 -2.991087e+01 3.000000e+00
    endloop
  endfacet
  facet normal 1.090245e-01 -8.430717e-02 9.904574e-01
    outer loop
      vertex   3.955141e+01 -2.873578e+01 2.948889e+00
      vertex   3.817840e+01 -2.991087e+01 3.000000e+00
      vertex   3.776210e+01 -3.104968e+01 2.948889e+00
    endloop
  endfacet
  facet normal 9.519271e-02 -7.933323e-02 9.922926e-01
    outer loop
      vertex   3.776210e+01 -3.104968e+01 2.948889e+00
      vertex   3.817840e+01 -2.991087e+01 3.000000e+00
      vertex   3.630277e+01 -3.216145e+01 3.000000e+00
    endloop
  endfacet
  facet normal 1.037363e-01 -9.063170e-02 9.904669e-01
    outer loop
      vertex   3.776210e+01 -3.104968e+01 2.948889e+00
      vertex   3.630277e+01 -3.216145e+01 3.000000e+00
      vertex   3.583761e+01 -3.325244e+01 2.948889e+00
    endloop
  endfacet
  facet normal 9.027119e-02 -8.497579e-02 9.922854e-01
    outer loop
      vertex   3.583761e+01 -3.325244e+01 2.948889e+00
      vertex   3.630277e+01 -3.216145e+01 3.000000e+00
      vertex   3.429468e+01 -3.429468e+01 3.000000e+00
    endloop
  endfacet
  facet normal 9.807795e-02 -9.662157e-02 9.904772e-01
    outer loop
      vertex   3.583761e+01 -3.325244e+01 2.948889e+00
      vertex   3.429468e+01 -3.429468e+01 3.000000e+00
      vertex   3.378483e+01 -3.533616e+01 2.948889e+00
    endloop
  endfacet
  facet normal 8.501884e-02 -9.031693e-02 9.922775e-01
    outer loop
      vertex   3.378483e+01 -3.533616e+01 2.948889e+00
      vertex   3.429468e+01 -3.429468e+01 3.000000e+00
      vertex   3.216145e+01 -3.630277e+01 3.000000e+00
    endloop
  endfacet
  facet normal 9.207078e-02 -1.022550e-01 9.904882e-01
    outer loop
      vertex   3.378483e+01 -3.533616e+01 2.948889e+00
      vertex   3.216145e+01 -3.630277e+01 3.000000e+00
      vertex   3.161111e+01 -3.729339e+01 2.948889e+00
    endloop
  endfacet
  facet normal 7.945388e-02 -9.533748e-02 9.922690e-01
    outer loop
      vertex   3.161111e+01 -3.729339e+01 2.948889e+00
      vertex   3.216145e+01 -3.630277e+01 3.000000e+00
      vertex   2.991087e+01 -3.817840e+01 3.000000e+00
    endloop
  endfacet
  facet normal 8.573749e-02 -1.075114e-01 9.905001e-01
    outer loop
      vertex   3.161111e+01 -3.729339e+01 2.948889e+00
      vertex   2.991087e+01 -3.817840e+01 3.000000e+00
      vertex   2.932423e+01 -3.911711e+01 2.948889e+00
    endloop
  endfacet
  facet normal 7.359564e-02 -1.000194e-01 9.922600e-01
    outer loop
      vertex   2.932423e+01 -3.911711e+01 2.948889e+00
      vertex   2.991087e+01 -3.817840e+01 3.000000e+00
      vertex   2.755114e+01 -3.991472e+01 3.000000e+00
    endloop
  endfacet
  facet normal 7.910194e-02 -1.123719e-01 9.905127e-01
    outer loop
      vertex   2.932423e+01 -3.911711e+01 2.948889e+00
      vertex   2.755114e+01 -3.991472e+01 3.000000e+00
      vertex   2.693238e+01 -4.080081e+01 2.948889e+00
    endloop
  endfacet
  facet normal 6.746447e-02 -1.043456e-01 9.922502e-01
    outer loop
      vertex   2.693238e+01 -4.080081e+01 2.948889e+00
      vertex   2.755114e+01 -3.991472e+01 3.000000e+00
      vertex   2.509088e+01 -4.150539e+01 3.000000e+00
    endloop
  endfacet
  facet normal 7.218912e-02 -1.168190e-01 9.905262e-01
    outer loop
      vertex   2.693238e+01 -4.080081e+01 2.948889e+00
      vertex   2.509088e+01 -4.150539e+01 3.000000e+00
      vertex   2.444411e+01 -4.233845e+01 2.948889e+00
    endloop
  endfacet
  facet normal 6.108169e-02 -1.083005e-01 9.922399e-01
    outer loop
      vertex   2.444411e+01 -4.233845e+01 2.948889e+00
      vertex   2.509088e+01 -4.150539e+01 3.000000e+00
      vertex   2.253907e+01 -4.294462e+01 3.000000e+00
    endloop
  endfacet
  facet normal 6.502502e-02 -1.208367e-01 9.905404e-01
    outer loop
      vertex   2.444411e+01 -4.233845e+01 2.948889e+00
      vertex   2.253907e+01 -4.294462e+01 3.000000e+00
      vertex   2.186835e+01 -4.372453e+01 2.948889e+00
    endloop
  endfacet
  facet normal 5.446953e-02 -1.118696e-01 9.922289e-01
    outer loop
      vertex   2.186835e+01 -4.372453e+01 2.948889e+00
      vertex   2.253907e+01 -4.294462e+01 3.000000e+00
      vertex   1.990502e+01 -4.422714e+01 3.000000e+00
    endloop
  endfacet
  facet normal 5.763657e-02 -1.244109e-01 9.905554e-01
    outer loop
      vertex   2.186835e+01 -4.372453e+01 2.948889e+00
      vertex   1.990502e+01 -4.422714e+01 3.000000e+00
      vertex   1.921430e+01 -4.495408e+01 2.948889e+00
    endloop
  endfacet
  facet normal 4.765103e-02 -1.150398e-01 9.922173e-01
    outer loop
      vertex   1.921430e+01 -4.495408e+01 2.948889e+00
      vertex   1.990502e+01 -4.422714e+01 3.000000e+00
      vertex   1.719834e+01 -4.534829e+01 3.000000e+00
    endloop
  endfacet
  facet normal 5.005147e-02 -1.275291e-01 9.905711e-01
    outer loop
      vertex   1.921430e+01 -4.495408e+01 2.948889e+00
      vertex   1.719834e+01 -4.534829e+01 3.000000e+00
      vertex   1.649147e+01 -4.602272e+01 2.948889e+00
    endloop
  endfacet
  facet normal 4.064997e-02 -1.177991e-01 9.922051e-01
    outer loop
      vertex   1.649147e+01 -4.602272e+01 2.948889e+00
      vertex   1.719834e+01 -4.534829e+01 3.000000e+00
      vertex   1.442890e+01 -4.630396e+01 3.000000e+00
    endloop
  endfacet
  facet normal 4.229815e-02 -1.301803e-01 9.905877e-01
    outer loop
      vertex   1.649147e+01 -4.602272e+01 2.948889e+00
      vertex   1.442890e+01 -4.630396e+01 3.000000e+00
      vertex   1.370960e+01 -4.692660e+01 2.948889e+00
    endloop
  endfacet
  facet normal 3.349081e-02 -1.201374e-01 9.921922e-01
    outer loop
      vertex   1.370960e+01 -4.692660e+01 2.948889e+00
      vertex   1.442890e+01 -4.630396e+01 3.000000e+00
      vertex   1.160681e+01 -4.709068e+01 3.000000e+00
    endloop
  endfacet
  facet normal 3.440561e-02 -1.323557e-01 9.906050e-01
    outer loop
      vertex   1.370960e+01 -4.692660e+01 2.948889e+00
      vertex   1.160681e+01 -4.709068e+01 3.000000e+00
      vertex   1.087865e+01 -4.766250e+01 2.948889e+00
    endloop
  endfacet
  facet normal 2.619858e-02 -1.220455e-01 9.921787e-01
    outer loop
      vertex   1.087865e+01 -4.766250e+01 2.948889e+00
      vertex   1.160681e+01 -4.709068e+01 3.000000e+00
      vertex   8.742369e+00 -4.770557e+01 3.000000e+00
    endloop
  endfacet
  facet normal 2.640332e-02 -1.340480e-01 9.906230e-01
    outer loop
      vertex   1.087865e+01 -4.766250e+01 2.948889e+00
      vertex   8.742369e+00 -4.770557e+01 3.000000e+00
      vertex   8.008767e+00 -4.822778e+01 2.948889e+00
    endloop
  endfacet
  facet normal 1.879881e-02 -1.235161e-01 9.921645e-01
    outer loop
      vertex   8.008767e+00 -4.822778e+01 2.948889e+00
      vertex   8.742369e+00 -4.770557e+01 3.000000e+00
      vertex   5.846029e+00 -4.814638e+01 3.000000e+00
    endloop
  endfacet
  facet normal 1.832113e-02 -1.352520e-01 9.906418e-01
    outer loop
      vertex   8.008767e+00 -4.822778e+01 2.948889e+00
      vertex   5.846029e+00 -4.814638e+01 3.000000e+00
      vertex   5.110211e+00 -4.862041e+01 2.948889e+00
    endloop
  endfacet
  facet normal 1.131745e-02 -1.245431e-01 9.921496e-01
    outer loop
      vertex   5.110211e+00 -4.862041e+01 2.948889e+00
      vertex   5.846029e+00 -4.814638e+01 3.000000e+00
      vertex   2.928357e+00 -4.841151e+01 3.000000e+00
    endloop
  endfacet
  facet normal 1.018910e-02 -1.359641e-01 9.906614e-01
    outer loop
      vertex   5.110211e+00 -4.862041e+01 2.948889e+00
      vertex   2.928357e+00 -4.841151e+01 3.000000e+00
      vertex   2.193362e+00 -4.883900e+01 2.948889e+00
    endloop
  endfacet
  facet normal 3.780793e-03 -1.251221e-01 9.921341e-01
    outer loop
      vertex   2.193362e+00 -4.883900e+01 2.948889e+00
      vertex   2.928357e+00 -4.841151e+01 3.000000e+00
      vertex   2.969768e-15 -4.850000e+01 3.000000e+00
    endloop
  endfacet
  facet normal 2.037441e-03 -1.361828e-01 9.906816e-01
    outer loop
      vertex   2.193362e+00 -4.883900e+01 2.948889e+00
      vertex   2.969768e-15 -4.850000e+01 3.000000e+00
      vertex   -7.313389e-01 -4.888276e+01 2.948889e+00
    endloop
  endfacet
  facet normal -3.784662e-03 -1.252502e-01 9.921180e-01
    outer loop
      vertex   -7.313389e-01 -4.888276e+01 2.948889e+00
      vertex   2.969768e-15 -4.850000e+01 3.000000e+00
      vertex   -2.928357e+00 -4.841151e+01 3.000000e+00
    endloop
  endfacet
  facet normal -6.103644e-03 -1.359082e-01 9.907026e-01
    outer loop
      vertex   -7.313389e-01 -4.888276e+01 2.948889e+00
      vertex   -2.928357e+00 -4.841151e+01 3.000000e+00
      vertex   -3.653422e+00 -4.875153e+01 2.948889e+00
    endloop
  endfacet
  facet normal -1.135224e-02 -1.249260e-01 9.921011e-01
    outer loop
      vertex   -3.653422e+00 -4.875153e+01 2.948889e+00
      vertex   -2.928357e+00 -4.841151e+01 3.000000e+00
      vertex   -5.846029e+00 -4.814638e+01 3.000000e+00
    endloop
  endfacet
  facet normal -1.420406e-02 -1.351426e-01 9.907243e-01
    outer loop
      vertex   -3.653422e+00 -4.875153e+01 2.948889e+00
      vertex   -5.846029e+00 -4.814638e+01 3.000000e+00
      vertex   -6.562427e+00 -4.844578e+01 2.948889e+00
    endloop
  endfacet
  facet normal -1.889522e-02 -1.241496e-01 9.920836e-01
    outer loop
      vertex   -6.562427e+00 -4.844578e+01 2.948889e+00
      vertex   -5.846029e+00 -4.814638e+01 3.000000e+00
      vertex   -8.742369e+00 -4.770557e+01 3.000000e+00
    endloop
  endfacet
  facet normal -2.223392e-02 -1.338898e-01 9.907468e-01
    outer loop
      vertex   -6.562427e+00 -4.844578e+01 2.948889e+00
      vertex   -8.742369e+00 -4.770557e+01 3.000000e+00
      vertex   -9.447939e+00 -4.796661e+01 2.948889e+00
    endloop
  endfacet
  facet normal -2.638690e-02 -1.229229e-01 9.920654e-01
    outer loop
      vertex   -9.447939e+00 -4.796661e+01 2.948889e+00
      vertex   -8.742369e+00 -4.770557e+01 3.000000e+00
      vertex   -1.160681e+01 -4.709068e+01 3.000000e+00
    endloop
  endfacet
  facet normal -3.016370e-02 -1.321558e-01 9.907699e-01
    outer loop
      vertex   -9.447939e+00 -4.796661e+01 2.948889e+00
      vertex   -1.160681e+01 -4.709068e+01 3.000000e+00
      vertex   -1.229963e+01 -4.731573e+01 2.948889e+00
    endloop
  endfacet
  facet normal -3.380071e-02 -1.212491e-01 9.920465e-01
    outer loop
      vertex   -1.229963e+01 -4.731573e+01 2.948889e+00
      vertex   -1.160681e+01 -4.709068e+01 3.000000e+00
      vertex   -1.442890e+01 -4.630396e+01 3.000000e+00
    endloop
  endfacet
  facet normal -3.796433e-02 -1.299481e-01 9.907937e-01
    outer loop
      vertex   -1.229963e+01 -4.731573e+01 2.948889e+00
      vertex   -1.442890e+01 -4.630396e+01 3.000000e+00
      vertex   -1.510729e+01 -4.649547e+01 2.948889e+00
    endloop
  endfacet
  facet normal -4.111027e-02 -1.191330e-01 9.920268e-01
    outer loop
      vertex   -1.510729e+01 -4.649547e+01 2.948889e+00
      vertex   -1.442890e+01 -4.630396e+01 3.000000e+00
      vertex   -1.719834e+01 -4.534829e+01 3.000000e+00
    endloop
  endfacet
  facet normal -4.560728e-02 -1.272762e-01 9.908182e-01
    outer loop
      vertex   -1.510729e+01 -4.649547e+01 2.948889e+00
      vertex   -1.719834e+01 -4.534829e+01 3.000000e+00
      vertex   -1.786088e+01 -4.550877e+01 2.948889e+00
    endloop
  endfacet
  facet normal -4.828951e-02 -1.165812e-01 9.920065e-01
    outer loop
      vertex   -1.786088e+01 -4.550877e+01 2.948889e+00
      vertex   -1.719834e+01 -4.534829e+01 3.000000e+00
      vertex   -1.990502e+01 -4.422714e+01 3.000000e+00
    endloop
  endfacet
  facet normal -5.306472e-02 -1.241511e-01 9.908434e-01
    outer loop
      vertex   -1.786088e+01 -4.550877e+01 2.948889e+00
      vertex   -1.990502e+01 -4.422714e+01 3.000000e+00
      vertex   -2.055052e+01 -4.435916e+01 2.948889e+00
    endloop
  endfacet
  facet normal -5.531276e-02 -1.136014e-01 9.919855e-01
    outer loop
      vertex   -2.055052e+01 -4.435916e+01 2.948889e+00
      vertex   -1.990502e+01 -4.422714e+01 3.000000e+00
      vertex   -2.253907e+01 -4.294462e+01 3.000000e+00
    endloop
  endfacet
  facet normal -6.030959e-02 -1.205856e-01 9.908692e-01
    outer loop
      vertex   -2.055052e+01 -4.435916e+01 2.948889e+00
      vertex   -2.253907e+01 -4.294462e+01 3.000000e+00
      vertex   -2.316660e+01 -4.305076e+01 2.948889e+00
    endloop
  endfacet
  facet normal -6.215480e-02 -1.102032e-01 9.919637e-01
    outer loop
      vertex   -2.316660e+01 -4.305076e+01 2.948889e+00
      vertex   -2.253907e+01 -4.294462e+01 3.000000e+00
      vertex   -2.509088e+01 -4.150539e+01 3.000000e+00
    endloop
  endfacet
  facet normal -6.731570e-02 -1.165942e-01 9.908957e-01
    outer loop
      vertex   -2.316660e+01 -4.305076e+01 2.948889e+00
      vertex   -2.509088e+01 -4.150539e+01 3.000000e+00
      vertex   -2.569975e+01 -4.158824e+01 2.948889e+00
    endloop
  endfacet
  facet normal -6.879098e-02 -1.063973e-01 9.919412e-01
    outer loop
      vertex   -2.569975e+01 -4.158824e+01 2.948889e+00
      vertex   -2.509088e+01 -4.150539e+01 3.000000e+00
      vertex   -2.755114e+01 -3.991472e+01 3.000000e+00
    endloop
  endfacet
  facet normal -7.405785e-02 -1.121929e-01 9.909229e-01
    outer loop
      vertex   -2.569975e+01 -4.158824e+01 2.948889e+00
      vertex   -2.755114e+01 -3.991472e+01 3.000000e+00
      vertex   -2.814090e+01 -3.997685e+01 2.948889e+00
    endloop
  endfacet
  facet normal -7.519731e-02 -1.021961e-01 9.919180e-01
    outer loop
      vertex   -2.814090e+01 -3.997685e+01 2.948889e+00
      vertex   -2.755114e+01 -3.991472e+01 3.000000e+00
      vertex   -2.991087e+01 -3.817840e+01 3.000000e+00
    endloop
  endfacet
  facet normal -8.051193e-02 -1.073990e-01 9.909507e-01
    outer loop
      vertex   -2.814090e+01 -3.997685e+01 2.948889e+00
      vertex   -2.991087e+01 -3.817840e+01 3.000000e+00
      vertex   -3.048131e+01 -3.822236e+01 2.948889e+00
    endloop
  endfacet
  facet normal -8.135052e-02 -9.761327e-02 9.918940e-01
    outer loop
      vertex   -3.048131e+01 -3.822236e+01 2.948889e+00
      vertex   -2.991087e+01 -3.817840e+01 3.000000e+00
      vertex   -3.216145e+01 -3.630277e+01 3.000000e+00
    endloop
  endfacet
  facet normal -8.665495e-02 -1.022317e-01 9.909791e-01
    outer loop
      vertex   -3.048131e+01 -3.822236e+01 2.948889e+00
      vertex   -3.216145e+01 -3.630277e+01 3.000000e+00
      vertex   -3.271261e+01 -3.633103e+01 2.948889e+00
    endloop
  endfacet
  facet normal -8.722812e-02 -9.266389e-02 9.918693e-01
    outer loop
      vertex   -3.271261e+01 -3.633103e+01 2.948889e+00
      vertex   -3.216145e+01 -3.630277e+01 3.000000e+00
      vertex   -3.429468e+01 -3.429468e+01 3.000000e+00
    endloop
  endfacet
  facet normal -9.246521e-02 -9.671103e-02 9.910082e-01
    outer loop
      vertex   -3.271261e+01 -3.633103e+01 2.948889e+00
      vertex   -3.429468e+01 -3.429468e+01 3.000000e+00
      vertex   -3.482681e+01 -3.430966e+01 2.948889e+00
    endloop
  endfacet
  facet normal -9.280855e-02 -8.736430e-02 9.918438e-01
    outer loop
      vertex   -3.482681e+01 -3.430966e+01 2.948889e+00
      vertex   -3.429468e+01 -3.429468e+01 3.000000e+00
      vertex   -3.630277e+01 -3.216145e+01 3.000000e+00
    endloop
  endfacet
  facet normal -9.792232e-02 -9.085864e-02 9.910378e-01
    outer loop
      vertex   -3.482681e+01 -3.430966e+01 2.948889e+00
      vertex   -3.630277e+01 -3.216145e+01 3.000000e+00
      vertex   -3.681633e+01 -3.216546e+01 2.948889e+00
    endloop
  endfacet
  facet normal -9.807118e-02 -8.173213e-02 9.918175e-01
    outer loop
      vertex   -3.681633e+01 -3.216546e+01 2.948889e+00
      vertex   -3.630277e+01 -3.216145e+01 3.000000e+00
      vertex   -3.817840e+01 -2.991087e+01 3.000000e+00
    endloop
  endfacet
  facet normal -1.030073e-01 -8.469720e-02 9.910681e-01
    outer loop
      vertex   -3.681633e+01 -3.216546e+01 2.948889e+00
      vertex   -3.817840e+01 -2.991087e+01 3.000000e+00
      vertex   -3.867406e+01 -2.990612e+01 2.948889e+00
    endloop
  endfacet
  facet normal -1.029964e-01 -7.578620e-02 9.917904e-01
    outer loop
      vertex   -3.867406e+01 -2.990612e+01 2.948889e+00
      vertex   -3.817840e+01 -2.991087e+01 3.000000e+00
      vertex   -3.991472e+01 -2.755114e+01 3.000000e+00
    endloop
  endfacet
  facet normal -1.077026e-01 -7.825052e-02 9.910989e-01
    outer loop
      vertex   -3.867406e+01 -2.990612e+01 2.948889e+00
      vertex   -3.991472e+01 -2.755114e+01 3.000000e+00
      vertex   -4.039335e+01 -2.753972e+01 2.948889e+00
    endloop
  endfacet
  facet normal -1.075658e-01 -6.954646e-02 9.917625e-01
    outer loop
      vertex   -4.039335e+01 -2.753972e+01 2.948889e+00
      vertex   -3.991472e+01 -2.755114e+01 3.000000e+00
      vertex   -4.150539e+01 -2.509088e+01 3.000000e+00
    endloop
  endfacet
  facet normal -1.119923e-01 -7.154338e-02 9.911303e-01
    outer loop
      vertex   -4.039335e+01 -2.753972e+01 2.948889e+00
      vertex   -4.150539e+01 -2.509088e+01 3.000000e+00
      vertex   -4.196804e+01 -2.507474e+01 2.948889e+00
    endloop
  endfacet
  facet normal -1.117619e-01 -6.303394e-02 9.917338e-01
    outer loop
      vertex   -4.196804e+01 -2.507474e+01 2.948889e+00
      vertex   -4.150539e+01 -2.509088e+01 3.000000e+00
      vertex   -4.294462e+01 -2.253907e+01 3.000000e+00
    endloop
  endfacet
  facet normal -1.158619e-01 -6.460145e-02 9.911623e-01
    outer loop
      vertex   -4.196804e+01 -2.507474e+01 2.948889e+00
      vertex   -4.294462e+01 -2.253907e+01 3.000000e+00
      vertex   -4.339250e+01 -2.251999e+01 2.948889e+00
    endloop
  endfacet
  facet normal -1.155688e-01 -5.627068e-02 9.917043e-01
    outer loop
      vertex   -4.339250e+01 -2.251999e+01 2.948889e+00
      vertex   -4.294462e+01 -2.253907e+01 3.000000e+00
      vertex   -4.422714e+01 -1.990502e+01 3.000000e+00
    endloop
  endfacet
  facet normal -1.192987e-01 -5.745121e-02 9.911948e-01
    outer loop
      vertex   -4.339250e+01 -2.251999e+01 2.948889e+00
      vertex   -4.422714e+01 -1.990502e+01 3.000000e+00
      vertex   -4.466162e+01 -1.988463e+01 2.948889e+00
    endloop
  endfacet
  facet normal -1.189716e-01 -4.927965e-02 9.916740e-01
    outer loop
      vertex   -4.466162e+01 -1.988463e+01 2.948889e+00
      vertex   -4.422714e+01 -1.990502e+01 3.000000e+00
      vertex   -4.534829e+01 -1.719834e+01 3.000000e+00
    endloop
  endfacet
  facet normal -1.222916e-01 -5.011981e-02 9.912279e-01
    outer loop
      vertex   -4.466162e+01 -1.988463e+01 2.948889e+00
      vertex   -4.534829e+01 -1.719834e+01 3.000000e+00
      vertex   -4.577086e+01 -1.717809e+01 2.948889e+00
    endloop
  endfacet
  facet normal -1.219568e-01 -4.208469e-02 9.916428e-01
    outer loop
      vertex   -4.577086e+01 -1.717809e+01 2.948889e+00
      vertex   -4.534829e+01 -1.719834e+01 3.000000e+00
      vertex   -4.630396e+01 -1.442890e+01 3.000000e+00
    endloop
  endfacet
  facet normal -1.248312e-01 -4.263497e-02 9.912615e-01
    outer loop
      vertex   -4.577086e+01 -1.717809e+01 2.948889e+00
      vertex   -4.630396e+01 -1.442890e+01 3.000000e+00
      vertex   -4.671626e+01 -1.441006e+01 2.948889e+00
    endloop
  endfacet
  facet normal -1.245124e-01 -3.471042e-02 9.916107e-01
    outer loop
      vertex   -4.671626e+01 -1.441006e+01 2.948889e+00
      vertex   -4.630396e+01 -1.442890e+01 3.000000e+00
      vertex   -4.709068e+01 -1.160681e+01 3.000000e+00
    endloop
  endfacet
  facet normal -1.269099e-01 -3.502491e-02 9.912957e-01
    outer loop
      vertex   -4.671626e+01 -1.441006e+01 2.948889e+00
      vertex   -4.709068e+01 -1.160681e+01 3.000000e+00
      vertex   -4.749443e+01 -1.159044e+01 2.948889e+00
    endloop
  endfacet
  facet normal -1.266276e-01 -2.718218e-02 9.915778e-01
    outer loop
      vertex   -4.749443e+01 -1.159044e+01 2.948889e+00
      vertex   -4.709068e+01 -1.160681e+01 3.000000e+00
      vertex   -4.770557e+01 -8.742369e+00 3.000000e+00
    endloop
  endfacet
  facet normal -1.285218e-01 -2.731816e-02 9.913303e-01
    outer loop
      vertex   -4.749443e+01 -1.159044e+01 2.948889e+00
      vertex   -4.770557e+01 -8.742369e+00 3.000000e+00
      vertex   -4.810257e+01 -8.729330e+00 2.948889e+00
    endloop
  endfacet
  facet normal -1.282934e-01 -1.952590e-02 9.915440e-01
    outer loop
      vertex   -4.810257e+01 -8.729330e+00 2.948889e+00
      vertex   -4.770557e+01 -8.742369e+00 3.000000e+00
      vertex   -4.814638e+01 -5.846029e+00 3.000000e+00
    endloop
  endfacet
  facet normal -1.296629e-01 -1.954354e-02 9.913655e-01
    outer loop
      vertex   -4.810257e+01 -8.729330e+00 2.948889e+00
      vertex   -4.814638e+01 -5.846029e+00 3.000000e+00
      vertex   -4.853853e+01 -5.836972e+00 2.948889e+00
    endloop
  endfacet
  facet normal -1.295021e-01 -1.176808e-02 9.915093e-01
    outer loop
      vertex   -4.853853e+01 -5.836972e+00 2.948889e+00
      vertex   -4.814638e+01 -5.846029e+00 3.000000e+00
      vertex   -4.841151e+01 -2.928357e+00 3.000000e+00
    endloop
  endfacet
  facet normal -3.826578e-01 1.156270e-02 -9.238178e-01
    outer loop
      vertex   -4.916015e+01 2.973641e+00 2.009619e-01
      vertex   -4.879903e+01 2.951798e+00 5.111126e-02
      vertex   -4.925000e+01 6.031385e-15 2.009619e-01
    endloop
  endfacet
  facet normal -3.826578e-01 1.156270e-02 -9.238178e-01
    outer loop
      vertex   -4.925000e+01 6.031385e-15 2.009619e-01
      vertex   -4.879903e+01 2.951798e+00 5.111126e-02
      vertex   -4.888823e+01 5.987081e-15 5.111126e-02
    endloop
  endfacet
  facet normal -3.826578e-01 -1.156270e-02 -9.238178e-01
    outer loop
      vertex   -4.925000e+01 6.031385e-15 2.009619e-01
      vertex   -4.888823e+01 5.987081e-15 5.111126e-02
      vertex   -4.916015e+01 -2.973641e+00 2.009619e-01
    endloop
  endfacet
  facet normal -3.826578e-01 -1.156270e-02 -9.238178e-01
    outer loop
      vertex   -4.916015e+01 -2.973641e+00 2.009619e-01
      vertex   -4.888823e+01 5.987081e-15 5.111126e-02
      vertex   -4.879903e+01 -2.951798e+00 5.111126e-02
    endloop
  endfacet
  facet normal -6.086585e-01 1.839172e-02 -7.932192e-01
    outer loop
      vertex   -4.947024e+01 2.992398e+00 4.393398e-01
      vertex   -4.916015e+01 2.973641e+00 2.009619e-01
      vertex   -4.956066e+01 6.069430e-15 4.393398e-01
    endloop
  endfacet
  facet normal -6.086585e-01 1.839172e-02 -7.932192e-01
    outer loop
      vertex   -4.956066e+01 6.069430e-15 4.393398e-01
      vertex   -4.916015e+01 2.973641e+00 2.009619e-01
      vertex   -4.925000e+01 6.031385e-15 2.009619e-01
    endloop
  endfacet
  facet normal -6.086585e-01 -1.839172e-02 -7.932192e-01
    outer loop
      vertex   -4.956066e+01 6.069430e-15 4.393398e-01
      vertex   -4.925000e+01 6.031385e-15 2.009619e-01
      vertex   -4.947024e+01 -2.992398e+00 4.393398e-01
    endloop
  endfacet
  facet normal -6.086585e-01 -1.839172e-02 -7.932192e-01
    outer loop
      vertex   -4.947024e+01 -2.992398e+00 4.393398e-01
      vertex   -4.925000e+01 6.031385e-15 2.009619e-01
      vertex   -4.916015e+01 -2.973641e+00 2.009619e-01
    endloop
  endfacet
  facet normal -7.931255e-01 2.396572e-02 -6.085866e-01
    outer loop
      vertex   -4.970818e+01 3.006791e+00 7.500000e-01
      vertex   -4.947024e+01 2.992398e+00 4.393398e-01
      vertex   -4.979904e+01 6.098623e-15 7.500000e-01
    endloop
  endfacet
  facet normal -7.931255e-01 2.396572e-02 -6.085866e-01
    outer loop
      vertex   -4.979904e+01 6.098623e-15 7.500000e-01
      vertex   -4.947024e+01 2.992398e+00 4.393398e-01
      vertex   -4.956066e+01 6.069430e-15 4.393398e-01
    endloop
  endfacet
  facet normal -7.931255e-01 -2.396572e-02 -6.085866e-01
    outer loop
      vertex   -4.979904e+01 6.098623e-15 7.500000e-01
      vertex   -4.956066e+01 6.069430e-15 4.393398e-01
      vertex   -4.970818e+01 -3.006791e+00 7.500000e-01
    endloop
  endfacet
  facet normal -7.931255e-01 -2.396572e-02 -6.085866e-01
    outer loop
      vertex   -4.970818e+01 -3.006791e+00 7.500000e-01
      vertex   -4.956066e+01 6.069430e-15 4.393398e-01
      vertex   -4.947024e+01 -2.992398e+00 4.393398e-01
    endloop
  endfacet
  facet normal -9.235197e-01 2.790582e-02 -3.825344e-01
    outer loop
      vertex   -4.985776e+01 3.015839e+00 1.111771e+00
      vertex   -4.970818e+01 3.006791e+00 7.500000e-01
      vertex   -4.994889e+01 6.116975e-15 1.111771e+00
    endloop
  endfacet
  facet normal -9.235197e-01 2.790582e-02 -3.825344e-01
    outer loop
      vertex   -4.994889e+01 6.116975e-15 1.111771e+00
      vertex   -4.970818e+01 3.006791e+00 7.500000e-01
      vertex   -4.979904e+01 6.098623e-15 7.500000e-01
    endloop
  endfacet
  facet normal -9.235197e-01 -2.790582e-02 -3.825344e-01
    outer loop
      vertex   -4.994889e+01 6.116975e-15 1.111771e+00
      vertex   -4.979904e+01 6.098623e-15 7.500000e-01
      vertex   -4.985776e+01 -3.015839e+00 1.111771e+00
    endloop
  endfacet
  facet normal -9.235197e-01 -2.790582e-02 -3.825344e-01
    outer loop
      vertex   -4.985776e+01 -3.015839e+00 1.111771e+00
      vertex   -4.979904e+01 6.098623e-15 7.500000e-01
      vertex   -4.970818e+01 -3.006791e+00 7.500000e-01
    endloop
  endfacet
  facet normal -9.910002e-01 2.994487e-02 -1.304677e-01
    outer loop
      vertex   -4.990878e+01 3.018925e+00 1.500000e+00
      vertex   -4.985776e+01 3.015839e+00 1.111771e+00
      vertex   -5.000000e+01 6.123234e-15 1.500000e+00
    endloop
  endfacet
  facet normal -9.910002e-01 2.994487e-02 -1.304677e-01
    outer loop
      vertex   -5.000000e+01 6.123234e-15 1.500000e+00
      vertex   -4.985776e+01 3.015839e+00 1.111771e+00
      vertex   -4.994889e+01 6.116975e-15 1.111771e+00
    endloop
  endfacet
  facet normal -9.910002e-01 -2.994487e-02 -1.304677e-01
    outer loop
      vertex   -5.000000e+01 6.123234e-15 1.500000e+00
      vertex   -4.994889e+01 6.116975e-15 1.111771e+00
      vertex   -4.990878e+01 -3.018925e+00 1.500000e+00
    endloop
  endfacet
  facet normal -9.910002e-01 -2.994487e-02 -1.304677e-01
    outer loop
      vertex   -4.990878e+01 -3.018925e+00 1.500000e+00
      vertex   -4.994889e+01 6.116975e-15 1.111771e+00
      vertex   -4.985776e+01 -3.015839e+00 1.111771e+00
    endloop
  endfacet
  facet normal -9.910002e-01 2.994487e-02 1.304677e-01
    outer loop
      vertex   -4.985776e+01 3.015839e+00 1.888229e+00
      vertex   -4.990878e+01 3.018925e+00 1.500000e+00
      vertex   -4.994889e+01 6.116975e-15 1.888229e+00
    endloop
  endfacet
  facet normal -9.910002e-01 2.994487e-02 1.304677e-01
    outer loop
      vertex   -4.994889e+01 6.116975e-15 1.888229e+00
      vertex   -4.990878e+01 3.018925e+00 1.500000e+00
      vertex   -5.000000e+01 6.123234e-15 1.500000e+00
    endloop
  endfacet
  facet normal -9.910002e-01 -2.994487e-02 1.304677e-01
    outer loop
      vertex   -4.994889e+01 6.116975e-15 1.888229e+00
      vertex   -5.000000e+01 6.123234e-15 1.500000e+00
      vertex   -4.985776e+01 -3.015839e+00 1.888229e+00
    endloop
  endfacet
  facet normal -9.910002e-01 -2.994487e-02 1.304677e-01
    outer loop
      vertex   -4.985776e+01 -3.015839e+00 1.888229e+00
      vertex   -5.000000e+01 6.123234e-15 1.500000e+00
      vertex   -4.990878e+01 -3.018925e+00 1.500000e+00
    endloop
  endfacet
  facet normal -9.235197e-01 2.790582e-02 3.825344e-01
    outer loop
      vertex   -4.970818e+01 3.006791e+00 2.250000e+00
      vertex   -4.985776e+01 3.015839e+00 1.888229e+00
      vertex   -4.979904e+01 6.098623e-15 2.250000e+00
    endloop
  endfacet
  facet normal -9.235197e-01 2.790582e-02 3.825344e-01
    outer loop
      vertex   -4.979904e+01 6.098623e-15 2.250000e+00
      vertex   -4.985776e+01 3.015839e+00 1.888229e+00
      vertex   -4.994889e+01 6.116975e-15 1.888229e+00
    endloop
  endfacet
  facet normal -9.235197e-01 -2.790582e-02 3.825344e-01
    outer loop
      vertex   -4.979904e+01 6.098623e-15 2.250000e+00
      vertex   -4.994889e+01 6.116975e-15 1.888229e+00
      vertex   -4.970818e+01 -3.006791e+00 2.250000e+00
    endloop
  endfacet
  facet normal -9.235197e-01 -2.790582e-02 3.825344e-01
    outer loop
      vertex   -4.970818e+01 -3.006791e+00 2.250000e+00
      vertex   -4.994889e+01 6.116975e-15 1.888229e+00
      vertex   -4.985776e+01 -3.015839e+00 1.888229e+00
    endloop
  endfacet
  facet normal -7.931255e-01 2.396572e-02 6.085866e-01
    outer loop
      vertex   -4.947024e+01 2.992398e+00 2.560660e+00
      vertex   -4.970818e+01 3.006791e+00 2.250000e+00
      vertex   -4.956066e+01 6.069430e-15 2.560660e+00
    endloop
  endfacet
  facet normal -7.931255e-01 2.396572e-02 6.085866e-01
    outer loop
      vertex   -4.956066e+01 6.069430e-15 2.560660e+00
      vertex   -4.970818e+01 3.006791e+00 2.250000e+00
      vertex   -4.979904e+01 6.098623e-15 2.250000e+00
    endloop
  endfacet
  facet normal -7.931255e-01 -2.396572e-02 6.085866e-01
    outer loop
      vertex   -4.956066e+01 6.069430e-15 2.560660e+00
      vertex   -4.979904e+01 6.098623e-15 2.250000e+00
      vertex   -4.947024e+01 -2.992398e+00 2.560660e+00
    endloop
  endfacet
  facet normal -7.931255e-01 -2.396572e-02 6.085866e-01
    outer loop
      vertex   -4.947024e+01 -2.992398e+00 2.560660e+00
      vertex   -4.979904e+01 6.098623e-15 2.250000e+00
      vertex   -4.970818e+01 -3.006791e+00 2.250000e+00
    endloop
  endfacet
  facet normal -6.086585e-01 1.839172e-02 7.932192e-01
    outer loop
      vertex   -4.916015e+01 2.973641e+00 2.799038e+00
      vertex   -4.947024e+01 2.992398e+00 2.560660e+00
      vertex   -4.925000e+01 6.031385e-15 2.799038e+00
    endloop
  endfacet
  facet normal -6.086585e-01 1.839172e-02 7.932192e-01
    outer loop
      vertex   -4.925000e+01 6.031385e-15 2.799038e+00
      vertex   -4.947024e+01 2.992398e+00 2.560660e+00
      vertex   -4.956066e+01 6.069430e-15 2.560660e+00
    endloop
  endfacet
  facet normal -6.086585e-01 -1.839172e-02 7.932192e-01
    outer loop
      vertex   -4.925000e+01 6.031385e-15 2.799038e+00
      vertex   -4.956066e+01 6.069430e-15 2.560660e+00
      vertex   -4.916015e+01 -2.973641e+00 2.799038e+00
    endloop
  endfacet
  facet normal -6.086585e-01 -1.839172e-02 7.932192e-01
    outer loop
      vertex   -4.916015e+01 -2.973641e+00 2.799038e+00
      vertex   -4.956066e+01 6.069430e-15 2.560660e+00
      vertex   -4.947024e+01 -2.992398e+00 2.560660e+00
    endloop
  endfacet
  facet normal -3.826578e-01 1.156270e-02 9.238178e-01
    outer loop
      vertex   -4.879903e+01 2.951798e+00 2.948889e+00
      vertex   -4.916015e+01 2.973641e+00 2.799038e+00
      vertex   -4.888823e+01 5.987081e-15 2.948889e+00
    endloop
  endfacet
  facet normal -3.826578e-01 1.156270e-02 9.238178e-01
    outer loop
      vertex   -4.888823e+01 5.987081e-15 2.948889e+00
      vertex   -4.916015e+01 2.973641e+00 2.799038e+00
      vertex   -4.925000e+01 6.031385e-15 2.799038e+00
    endloop
  endfacet
  facet normal -3.826578e-01 -1.156270e-02 9.238178e-01
    outer loop
      vertex   -4.888823e+01 5.987081e-15 2.948889e+00
      vertex   -4.925000e+01 6.031385e-15 2.799038e+00
      vertex   -4.879903e+01 -2.951798e+00 2.948889e+00
    endloop
  endfacet
  facet normal -3.826578e-01 -1.156270e-02 9.238178e-01
    outer loop
      vertex   -4.879903e+01 -2.951798e+00 2.948889e+00
      vertex   -4.925000e+01 6.031385e-15 2.799038e+00
      vertex   -4.916015e+01 -2.973641e+00 2.799038e+00
    endloop
  endfacet
  facet normal -3.785538e-01 -5.705780e-02 -9.238189e-01
    outer loop
      vertex   -4.889771e+01 -5.880166e+00 2.009619e-01
      vertex   -4.853853e+01 -5.836972e+00 5.111126e-02
      vertex   -4.845853e+01 -8.793927e+00 2.009619e-01
    endloop
  endfacet
  facet normal -3.785538e-01 -5.705780e-02 -9.238189e-01
    outer loop
      vertex   -4.845853e+01 -8.793927e+00 2.009619e-01
      vertex   -4.853853e+01 -5.836972e+00 5.111126e-02
      vertex   -4.810257e+01 -8.729330e+00 5.111126e-02
    endloop
  endfacet
  facet normal -3.744639e-01 -7.959477e-02 -9.238189e-01
    outer loop
      vertex   -4.845853e+01 -8.793927e+00 2.009619e-01
      vertex   -4.810257e+01 -8.729330e+00 5.111126e-02
      vertex   -4.784588e+01 -1.167621e+01 2.009619e-01
    endloop
  endfacet
  facet normal -3.744639e-01 -7.959477e-02 -9.238189e-01
    outer loop
      vertex   -4.784588e+01 -1.167621e+01 2.009619e-01
      vertex   -4.810257e+01 -8.729330e+00 5.111126e-02
      vertex   -4.749443e+01 -1.159044e+01 5.111126e-02
    endloop
  endfacet
  facet normal -3.690336e-01 -1.018468e-01 -9.238189e-01
    outer loop
      vertex   -4.784588e+01 -1.167621e+01 2.009619e-01
      vertex   -4.749443e+01 -1.159044e+01 5.111126e-02
      vertex   -4.706196e+01 -1.451669e+01 2.009619e-01
    endloop
  endfacet
  facet normal -3.690336e-01 -1.018468e-01 -9.238189e-01
    outer loop
      vertex   -4.706196e+01 -1.451669e+01 2.009619e-01
      vertex   -4.749443e+01 -1.159044e+01 5.111126e-02
      vertex   -4.671626e+01 -1.441006e+01 5.111126e-02
    endloop
  endfacet
  facet normal -3.622822e-01 -1.237342e-01 -9.238189e-01
    outer loop
      vertex   -4.706196e+01 -1.451669e+01 2.009619e-01
      vertex   -4.671626e+01 -1.441006e+01 5.111126e-02
      vertex   -4.610957e+01 -1.730521e+01 2.009619e-01
    endloop
  endfacet
  facet normal -3.622822e-01 -1.237342e-01 -9.238189e-01
    outer loop
      vertex   -4.610957e+01 -1.730521e+01 2.009619e-01
      vertex   -4.671626e+01 -1.441006e+01 5.111126e-02
      vertex   -4.577086e+01 -1.717809e+01 5.111126e-02
    endloop
  endfacet
  facet normal -3.542339e-01 -1.451788e-01 -9.238189e-01
    outer loop
      vertex   -4.610957e+01 -1.730521e+01 2.009619e-01
      vertex   -4.577086e+01 -1.717809e+01 5.111126e-02
      vertex   -4.499211e+01 -2.003178e+01 2.009619e-01
    endloop
  endfacet
  facet normal -3.542339e-01 -1.451788e-01 -9.238189e-01
    outer loop
      vertex   -4.499211e+01 -2.003178e+01 2.009619e-01
      vertex   -4.577086e+01 -1.717809e+01 5.111126e-02
      vertex   -4.466162e+01 -1.988463e+01 5.111126e-02
    endloop
  endfacet
  facet normal -3.449176e-01 -1.661036e-01 -9.238189e-01
    outer loop
      vertex   -4.499211e+01 -2.003178e+01 2.009619e-01
      vertex   -4.466162e+01 -1.988463e+01 5.111126e-02
      vertex   -4.371360e+01 -2.268664e+01 2.009619e-01
    endloop
  endfacet
  facet normal -3.449176e-01 -1.661036e-01 -9.238189e-01
    outer loop
      vertex   -4.371360e+01 -2.268664e+01 2.009619e-01
      vertex   -4.466162e+01 -1.988463e+01 5.111126e-02
      vertex   -4.339250e+01 -2.251999e+01 5.111126e-02
    endloop
  endfacet
  facet normal -3.343666e-01 -1.864338e-01 -9.238189e-01
    outer loop
      vertex   -4.371360e+01 -2.268664e+01 2.009619e-01
      vertex   -4.339250e+01 -2.251999e+01 5.111126e-02
      vertex   -4.227860e+01 -2.526029e+01 2.009619e-01
    endloop
  endfacet
  facet normal -3.343666e-01 -1.864338e-01 -9.238189e-01
    outer loop
      vertex   -4.227860e+01 -2.526029e+01 2.009619e-01
      vertex   -4.339250e+01 -2.251999e+01 5.111126e-02
      vertex   -4.196804e+01 -2.507474e+01 5.111126e-02
    endloop
  endfacet
  facet normal -3.226186e-01 -2.060966e-01 -9.238189e-01
    outer loop
      vertex   -4.227860e+01 -2.526029e+01 2.009619e-01
      vertex   -4.196804e+01 -2.507474e+01 5.111126e-02
      vertex   -4.069226e+01 -2.774351e+01 2.009619e-01
    endloop
  endfacet
  facet normal -3.226186e-01 -2.060966e-01 -9.238189e-01
    outer loop
      vertex   -4.069226e+01 -2.774351e+01 2.009619e-01
      vertex   -4.196804e+01 -2.507474e+01 5.111126e-02
      vertex   -4.039335e+01 -2.753972e+01 5.111126e-02
    endloop
  endfacet
  facet normal -3.097157e-01 -2.250216e-01 -9.238189e-01
    outer loop
      vertex   -4.069226e+01 -2.774351e+01 2.009619e-01
      vertex   -4.039335e+01 -2.753972e+01 5.111126e-02
      vertex   -3.896025e+01 -3.012742e+01 2.009619e-01
    endloop
  endfacet
  facet normal -3.097157e-01 -2.250216e-01 -9.238189e-01
    outer loop
      vertex   -3.896025e+01 -3.012742e+01 2.009619e-01
      vertex   -4.039335e+01 -2.753972e+01 5.111126e-02
      vertex   -3.867406e+01 -2.990612e+01 5.111126e-02
    endloop
  endfacet
  facet normal -2.957041e-01 -2.431412e-01 -9.238189e-01
    outer loop
      vertex   -3.896025e+01 -3.012742e+01 2.009619e-01
      vertex   -3.867406e+01 -2.990612e+01 5.111126e-02
      vertex   -3.708877e+01 -3.240348e+01 2.009619e-01
    endloop
  endfacet
  facet normal -2.957041e-01 -2.431412e-01 -9.238189e-01
    outer loop
      vertex   -3.708877e+01 -3.240348e+01 2.009619e-01
      vertex   -3.867406e+01 -2.990612e+01 5.111126e-02
      vertex   -3.681633e+01 -3.216546e+01 5.111126e-02
    endloop
  endfacet
  facet normal -2.806340e-01 -2.603903e-01 -9.238189e-01
    outer loop
      vertex   -3.708877e+01 -3.240348e+01 2.009619e-01
      vertex   -3.681633e+01 -3.216546e+01 5.111126e-02
      vertex   -3.508452e+01 -3.456355e+01 2.009619e-01
    endloop
  endfacet
  facet normal -2.806340e-01 -2.603903e-01 -9.238189e-01
    outer loop
      vertex   -3.508452e+01 -3.456355e+01 2.009619e-01
      vertex   -3.681633e+01 -3.216546e+01 5.111126e-02
      vertex   -3.482681e+01 -3.430966e+01 5.111126e-02
    endloop
  endfacet
  facet normal -2.645593e-01 -2.767073e-01 -9.238189e-01
    outer loop
      vertex   -3.508452e+01 -3.456355e+01 2.009619e-01
      vertex   -3.482681e+01 -3.430966e+01 5.111126e-02
      vertex   -3.295468e+01 -3.659988e+01 2.009619e-01
    endloop
  endfacet
  facet normal -2.645593e-01 -2.767073e-01 -9.238189e-01
    outer loop
      vertex   -3.295468e+01 -3.659988e+01 2.009619e-01
      vertex   -3.482681e+01 -3.430966e+01 5.111126e-02
      vertex   -3.271261e+01 -3.633103e+01 5.111126e-02
    endloop
  endfacet
  facet normal -2.475375e-01 -2.920338e-01 -9.238189e-01
    outer loop
      vertex   -3.295468e+01 -3.659988e+01 2.009619e-01
      vertex   -3.271261e+01 -3.633103e+01 5.111126e-02
      vertex   -3.070687e+01 -3.850520e+01 2.009619e-01
    endloop
  endfacet
  facet normal -2.475375e-01 -2.920338e-01 -9.238189e-01
    outer loop
      vertex   -3.070687e+01 -3.850520e+01 2.009619e-01
      vertex   -3.271261e+01 -3.633103e+01 5.111126e-02
      vertex   -3.048131e+01 -3.822236e+01 5.111126e-02
    endloop
  endfacet
  facet normal -2.296296e-01 -3.063149e-01 -9.238189e-01
    outer loop
      vertex   -3.070687e+01 -3.850520e+01 2.009619e-01
      vertex   -3.048131e+01 -3.822236e+01 5.111126e-02
      vertex   -2.834914e+01 -4.027268e+01 2.009619e-01
    endloop
  endfacet
  facet normal -2.296296e-01 -3.063149e-01 -9.238189e-01
    outer loop
      vertex   -2.834914e+01 -4.027268e+01 2.009619e-01
      vertex   -3.048131e+01 -3.822236e+01 5.111126e-02
      vertex   -2.814090e+01 -3.997685e+01 5.111126e-02
    endloop
  endfacet
  facet normal -2.108997e-01 -3.194994e-01 -9.238189e-01
    outer loop
      vertex   -2.834914e+01 -4.027268e+01 2.009619e-01
      vertex   -2.814090e+01 -3.997685e+01 5.111126e-02
      vertex   -2.588993e+01 -4.189599e+01 2.009619e-01
    endloop
  endfacet
  facet normal -2.108997e-01 -3.194994e-01 -9.238189e-01
    outer loop
      vertex   -2.588993e+01 -4.189599e+01 2.009619e-01
      vertex   -2.814090e+01 -3.997685e+01 5.111126e-02
      vertex   -2.569975e+01 -4.158824e+01 5.111126e-02
    endloop
  endfacet
  facet normal -1.914148e-01 -3.315402e-01 -9.238189e-01
    outer loop
      vertex   -2.588993e+01 -4.189599e+01 2.009619e-01
      vertex   -2.569975e+01 -4.158824e+01 5.111126e-02
      vertex   -2.333803e+01 -4.336933e+01 2.009619e-01
    endloop
  endfacet
  facet normal -1.914148e-01 -3.315402e-01 -9.238189e-01
    outer loop
      vertex   -2.333803e+01 -4.336933e+01 2.009619e-01
      vertex   -2.569975e+01 -4.158824e+01 5.111126e-02
      vertex   -2.316660e+01 -4.305076e+01 5.111126e-02
    endloop
  endfacet
  facet normal -1.712447e-01 -3.423942e-01 -9.238189e-01
    outer loop
      vertex   -2.333803e+01 -4.336933e+01 2.009619e-01
      vertex   -2.316660e+01 -4.305076e+01 5.111126e-02
      vertex   -2.070259e+01 -4.468742e+01 2.009619e-01
    endloop
  endfacet
  facet normal -1.712447e-01 -3.423942e-01 -9.238189e-01
    outer loop
      vertex   -2.070259e+01 -4.468742e+01 2.009619e-01
      vertex   -2.316660e+01 -4.305076e+01 5.111126e-02
      vertex   -2.055052e+01 -4.435916e+01 5.111126e-02
    endloop
  endfacet
  facet normal -1.504616e-01 -3.520225e-01 -9.238189e-01
    outer loop
      vertex   -2.070259e+01 -4.468742e+01 2.009619e-01
      vertex   -2.055052e+01 -4.435916e+01 5.111126e-02
      vertex   -1.799305e+01 -4.584553e+01 2.009619e-01
    endloop
  endfacet
  facet normal -1.504616e-01 -3.520225e-01 -9.238189e-01
    outer loop
      vertex   -1.799305e+01 -4.584553e+01 2.009619e-01
      vertex   -2.055052e+01 -4.435916e+01 5.111126e-02
      vertex   -1.786088e+01 -4.550877e+01 5.111126e-02
    endloop
  endfacet
  facet normal -1.291399e-01 -3.603907e-01 -9.238189e-01
    outer loop
      vertex   -1.799305e+01 -4.584553e+01 2.009619e-01
      vertex   -1.786088e+01 -4.550877e+01 5.111126e-02
      vertex   -1.521909e+01 -4.683953e+01 2.009619e-01
    endloop
  endfacet
  facet normal -1.291399e-01 -3.603907e-01 -9.238189e-01
    outer loop
      vertex   -1.521909e+01 -4.683953e+01 2.009619e-01
      vertex   -1.786088e+01 -4.550877e+01 5.111126e-02
      vertex   -1.510729e+01 -4.649547e+01 5.111126e-02
    endloop
  endfacet
  facet normal -1.073559e-01 -3.674687e-01 -9.238189e-01
    outer loop
      vertex   -1.521909e+01 -4.683953e+01 2.009619e-01
      vertex   -1.510729e+01 -4.649547e+01 5.111126e-02
      vertex   -1.239065e+01 -4.766586e+01 2.009619e-01
    endloop
  endfacet
  facet normal -1.073559e-01 -3.674687e-01 -9.238189e-01
    outer loop
      vertex   -1.239065e+01 -4.766586e+01 2.009619e-01
      vertex   -1.510729e+01 -4.649547e+01 5.111126e-02
      vertex   -1.229963e+01 -4.731573e+01 5.111126e-02
    endloop
  endfacet
  facet normal -8.518762e-02 -3.732313e-01 -9.238189e-01
    outer loop
      vertex   -1.239065e+01 -4.766586e+01 2.009619e-01
      vertex   -1.229963e+01 -4.731573e+01 5.111126e-02
      vertex   -9.517854e+00 -4.832156e+01 2.009619e-01
    endloop
  endfacet
  facet normal -8.518762e-02 -3.732313e-01 -9.238189e-01
    outer loop
      vertex   -9.517854e+00 -4.832156e+01 2.009619e-01
      vertex   -1.229963e+01 -4.731573e+01 5.111126e-02
      vertex   -9.447939e+00 -4.796661e+01 5.111126e-02
    endloop
  endfacet
  facet normal -6.271436e-02 -3.776579e-01 -9.238189e-01
    outer loop
      vertex   -9.517854e+00 -4.832156e+01 2.009619e-01
      vertex   -9.447939e+00 -4.796661e+01 5.111126e-02
      vertex   -6.610988e+00 -4.880428e+01 2.009619e-01
    endloop
  endfacet
  facet normal -6.271436e-02 -3.776579e-01 -9.238189e-01
    outer loop
      vertex   -6.610988e+00 -4.880428e+01 2.009619e-01
      vertex   -9.447939e+00 -4.796661e+01 5.111126e-02
      vertex   -6.562427e+00 -4.844578e+01 5.111126e-02
    endloop
  endfacet
  facet normal -4.001660e-02 -3.807325e-01 -9.238189e-01
    outer loop
      vertex   -6.610988e+00 -4.880428e+01 2.009619e-01
      vertex   -6.562427e+00 -4.844578e+01 5.111126e-02
      vertex   -3.680457e+00 -4.911229e+01 2.009619e-01
    endloop
  endfacet
  facet normal -4.001660e-02 -3.807325e-01 -9.238189e-01
    outer loop
      vertex   -3.680457e+00 -4.911229e+01 2.009619e-01
      vertex   -6.562427e+00 -4.844578e+01 5.111126e-02
      vertex   -3.653422e+00 -4.875153e+01 5.111126e-02
    endloop
  endfacet
  facet normal -1.717559e-02 -3.824442e-01 -9.238189e-01
    outer loop
      vertex   -3.680457e+00 -4.911229e+01 2.009619e-01
      vertex   -3.653422e+00 -4.875153e+01 5.111126e-02
      vertex   -7.367508e-01 -4.924449e+01 2.009619e-01
    endloop
  endfacet
  facet normal -1.717559e-02 -3.824442e-01 -9.238189e-01
    outer loop
      vertex   -7.367508e-01 -4.924449e+01 2.009619e-01
      vertex   -3.653422e+00 -4.875153e+01 5.111126e-02
      vertex   -7.313389e-01 -4.888276e+01 5.111126e-02
    endloop
  endfacet
  facet normal 5.726905e-03 -3.827868e-01 -9.238189e-01
    outer loop
      vertex   -7.367508e-01 -4.924449e+01 2.009619e-01
      vertex   -7.313389e-01 -4.888276e+01 5.111126e-02
      vertex   2.209593e+00 -4.920041e+01 2.009619e-01
    endloop
  endfacet
  facet normal 5.726905e-03 -3.827868e-01 -9.238189e-01
    outer loop
      vertex   2.209593e+00 -4.920041e+01 2.009619e-01
      vertex   -7.313389e-01 -4.888276e+01 5.111126e-02
      vertex   2.193362e+00 -4.883900e+01 5.111126e-02
    endloop
  endfacet
  facet normal 2.860890e-02 -3.817592e-01 -9.238189e-01
    outer loop
      vertex   2.209593e+00 -4.920041e+01 2.009619e-01
      vertex   2.193362e+00 -4.883900e+01 5.111126e-02
      vertex   5.148027e+00 -4.898020e+01 2.009619e-01
    endloop
  endfacet
  facet normal 2.860890e-02 -3.817592e-01 -9.238189e-01
    outer loop
      vertex   5.148027e+00 -4.898020e+01 2.009619e-01
      vertex   2.193362e+00 -4.883900e+01 5.111126e-02
      vertex   5.110211e+00 -4.862041e+01 5.111126e-02
    endloop
  endfacet
  facet normal 5.138848e-02 -3.793650e-01 -9.238189e-01
    outer loop
      vertex   5.148027e+00 -4.898020e+01 2.009619e-01
      vertex   5.110211e+00 -4.862041e+01 5.111126e-02
      vertex   8.068032e+00 -4.858466e+01 2.009619e-01
    endloop
  endfacet
  facet normal 5.138848e-02 -3.793650e-01 -9.238189e-01
    outer loop
      vertex   8.068032e+00 -4.858466e+01 2.009619e-01
      vertex   5.110211e+00 -4.862041e+01 5.111126e-02
      vertex   8.008767e+00 -4.822778e+01 5.111126e-02
    endloop
  endfacet
  facet normal 7.398410e-02 -3.756127e-01 -9.238189e-01
    outer loop
      vertex   8.068032e+00 -4.858466e+01 2.009619e-01
      vertex   8.008767e+00 -4.822778e+01 5.111126e-02
      vertex   1.095916e+01 -4.801520e+01 2.009619e-01
    endloop
  endfacet
  facet normal 7.398410e-02 -3.756127e-01 -9.238189e-01
    outer loop
      vertex   1.095916e+01 -4.801520e+01 2.009619e-01
      vertex   8.008767e+00 -4.822778e+01 5.111126e-02
      vertex   1.087865e+01 -4.766250e+01 5.111126e-02
    endloop
  endfacet
  facet normal 9.631488e-02 -3.705159e-01 -9.238189e-01
    outer loop
      vertex   1.095916e+01 -4.801520e+01 2.009619e-01
      vertex   1.087865e+01 -4.766250e+01 5.111126e-02
      vertex   1.381105e+01 -4.727386e+01 2.009619e-01
    endloop
  endfacet
  facet normal 9.631488e-02 -3.705159e-01 -9.238189e-01
    outer loop
      vertex   1.381105e+01 -4.727386e+01 2.009619e-01
      vertex   1.087865e+01 -4.766250e+01 5.111126e-02
      vertex   1.370960e+01 -4.692660e+01 5.111126e-02
    endloop
  endfacet
  facet normal 1.183009e-01 -3.640927e-01 -9.238189e-01
    outer loop
      vertex   1.381105e+01 -4.727386e+01 2.009619e-01
      vertex   1.370960e+01 -4.692660e+01 5.111126e-02
      vertex   1.661350e+01 -4.636328e+01 2.009619e-01
    endloop
  endfacet
  facet normal 1.183009e-01 -3.640927e-01 -9.238189e-01
    outer loop
      vertex   1.661350e+01 -4.636328e+01 2.009619e-01
      vertex   1.370960e+01 -4.692660e+01 5.111126e-02
      vertex   1.649147e+01 -4.602272e+01 5.111126e-02
    endloop
  endfacet
  facet normal 1.398634e-01 -3.563661e-01 -9.238189e-01
    outer loop
      vertex   1.661350e+01 -4.636328e+01 2.009619e-01
      vertex   1.649147e+01 -4.602272e+01 5.111126e-02
      vertex   1.935648e+01 -4.528674e+01 2.009619e-01
    endloop
  endfacet
  facet normal 1.398634e-01 -3.563661e-01 -9.238189e-01
    outer loop
      vertex   1.935648e+01 -4.528674e+01 2.009619e-01
      vertex   1.649147e+01 -4.602272e+01 5.111126e-02
      vertex   1.921430e+01 -4.495408e+01 5.111126e-02
    endloop
  endfacet
  facet normal 1.609252e-01 -3.473638e-01 -9.238189e-01
    outer loop
      vertex   1.935648e+01 -4.528674e+01 2.009619e-01
      vertex   1.921430e+01 -4.495408e+01 5.111126e-02
      vertex   2.203017e+01 -4.404809e+01 2.009619e-01
    endloop
  endfacet
  facet normal 1.609252e-01 -3.473638e-01 -9.238189e-01
    outer loop
      vertex   2.203017e+01 -4.404809e+01 2.009619e-01
      vertex   1.921430e+01 -4.495408e+01 5.111126e-02
      vertex   2.186835e+01 -4.372453e+01 5.111126e-02
    endloop
  endfacet
  facet normal 1.814110e-01 -3.371181e-01 -9.238189e-01
    outer loop
      vertex   2.203017e+01 -4.404809e+01 2.009619e-01
      vertex   2.186835e+01 -4.372453e+01 5.111126e-02
      vertex   2.462500e+01 -4.265175e+01 2.009619e-01
    endloop
  endfacet
  facet normal 1.814110e-01 -3.371181e-01 -9.238189e-01
    outer loop
      vertex   2.462500e+01 -4.265175e+01 2.009619e-01
      vertex   2.186835e+01 -4.372453e+01 5.111126e-02
      vertex   2.444411e+01 -4.233845e+01 5.111126e-02
    endloop
  endfacet
  facet normal 2.012473e-01 -3.256656e-01 -9.238189e-01
    outer loop
      vertex   2.462500e+01 -4.265175e+01 2.009619e-01
      vertex   2.444411e+01 -4.233845e+01 5.111126e-02
      vertex   2.713168e+01 -4.110273e+01 2.009619e-01
    endloop
  endfacet
  facet normal 2.012473e-01 -3.256656e-01 -9.238189e-01
    outer loop
      vertex   2.713168e+01 -4.110273e+01 2.009619e-01
      vertex   2.444411e+01 -4.233845e+01 5.111126e-02
      vertex   2.693238e+01 -4.080081e+01 5.111126e-02
    endloop
  endfacet
  facet normal 2.203633e-01 -3.130472e-01 -9.238189e-01
    outer loop
      vertex   2.713168e+01 -4.110273e+01 2.009619e-01
      vertex   2.693238e+01 -4.080081e+01 5.111126e-02
      vertex   2.954123e+01 -3.940658e+01 2.009619e-01
    endloop
  endfacet
  facet normal 2.203633e-01 -3.130472e-01 -9.238189e-01
    outer loop
      vertex   2.954123e+01 -3.940658e+01 2.009619e-01
      vertex   2.693238e+01 -4.080081e+01 5.111126e-02
      vertex   2.932423e+01 -3.911711e+01 5.111126e-02
    endloop
  endfacet
  facet normal 2.386904e-01 -2.993083e-01 -9.238189e-01
    outer loop
      vertex   2.954123e+01 -3.940658e+01 2.009619e-01
      vertex   2.932423e+01 -3.911711e+01 5.111126e-02
      vertex   3.184503e+01 -3.756936e+01 2.009619e-01
    endloop
  endfacet
  facet normal 2.386904e-01 -2.993083e-01 -9.238189e-01
    outer loop
      vertex   3.184503e+01 -3.756936e+01 2.009619e-01
      vertex   2.932423e+01 -3.911711e+01 5.111126e-02
      vertex   3.161111e+01 -3.729339e+01 5.111126e-02
    endloop
  endfacet
  facet normal 2.561631e-01 -2.844979e-01 -9.238189e-01
    outer loop
      vertex   3.184503e+01 -3.756936e+01 2.009619e-01
      vertex   3.161111e+01 -3.729339e+01 5.111126e-02
      vertex   3.403484e+01 -3.559765e+01 2.009619e-01
    endloop
  endfacet
  facet normal 2.561631e-01 -2.844979e-01 -9.238189e-01
    outer loop
      vertex   3.403484e+01 -3.559765e+01 2.009619e-01
      vertex   3.161111e+01 -3.729339e+01 5.111126e-02
      vertex   3.378483e+01 -3.533616e+01 5.111126e-02
    endloop
  endfacet
  facet normal 2.727187e-01 -2.686691e-01 -9.238189e-01
    outer loop
      vertex   3.403484e+01 -3.559765e+01 2.009619e-01
      vertex   3.378483e+01 -3.533616e+01 5.111126e-02
      vertex   3.610280e+01 -3.349851e+01 2.009619e-01
    endloop
  endfacet
  facet normal 2.727187e-01 -2.686691e-01 -9.238189e-01
    outer loop
      vertex   3.610280e+01 -3.349851e+01 2.009619e-01
      vertex   3.378483e+01 -3.533616e+01 5.111126e-02
      vertex   3.583761e+01 -3.325244e+01 5.111126e-02
    endloop
  endfacet
  facet normal 2.882981e-01 -2.518785e-01 -9.238189e-01
    outer loop
      vertex   3.610280e+01 -3.349851e+01 2.009619e-01
      vertex   3.583761e+01 -3.325244e+01 5.111126e-02
      vertex   3.804154e+01 -3.127945e+01 2.009619e-01
    endloop
  endfacet
  facet normal 2.882981e-01 -2.518785e-01 -9.238189e-01
    outer loop
      vertex   3.804154e+01 -3.127945e+01 2.009619e-01
      vertex   3.583761e+01 -3.325244e+01 5.111126e-02
      vertex   3.776210e+01 -3.104968e+01 5.111126e-02
    endloop
  endfacet
  facet normal 3.028455e-01 -2.341862e-01 -9.238189e-01
    outer loop
      vertex   3.804154e+01 -3.127945e+01 2.009619e-01
      vertex   3.776210e+01 -3.104968e+01 5.111126e-02
      vertex   3.984409e+01 -2.894842e+01 2.009619e-01
    endloop
  endfacet
  facet normal 3.028455e-01 -2.341862e-01 -9.238189e-01
    outer loop
      vertex   3.984409e+01 -2.894842e+01 2.009619e-01
      vertex   3.776210e+01 -3.104968e+01 5.111126e-02
      vertex   3.955141e+01 -2.873578e+01 5.111126e-02
    endloop
  endfacet
  facet normal 3.163087e-01 -2.156556e-01 -9.238189e-01
    outer loop
      vertex   3.984409e+01 -2.894842e+01 2.009619e-01
      vertex   3.955141e+01 -2.873578e+01 5.111126e-02
      vertex   4.150401e+01 -2.651377e+01 2.009619e-01
    endloop
  endfacet
  facet normal 3.163087e-01 -2.156556e-01 -9.238189e-01
    outer loop
      vertex   4.150401e+01 -2.651377e+01 2.009619e-01
      vertex   3.955141e+01 -2.873578e+01 5.111126e-02
      vertex   4.119913e+01 -2.631901e+01 5.111126e-02
    endloop
  endfacet
  facet normal 3.286397e-01 -1.963531e-01 -9.238189e-01
    outer loop
      vertex   4.150401e+01 -2.651377e+01 2.009619e-01
      vertex   4.119913e+01 -2.631901e+01 5.111126e-02
      vertex   4.301535e+01 -2.398420e+01 2.009619e-01
    endloop
  endfacet
  facet normal 3.286397e-01 -1.963531e-01 -9.238189e-01
    outer loop
      vertex   4.301535e+01 -2.398420e+01 2.009619e-01
      vertex   4.119913e+01 -2.631901e+01 5.111126e-02
      vertex   4.269938e+01 -2.380802e+01 5.111126e-02
    endloop
  endfacet
  facet normal 3.397942e-01 -1.763476e-01 -9.238189e-01
    outer loop
      vertex   4.301535e+01 -2.398420e+01 2.009619e-01
      vertex   4.269938e+01 -2.380802e+01 5.111126e-02
      vertex   4.437272e+01 -2.136877e+01 2.009619e-01
    endloop
  endfacet
  facet normal 3.397942e-01 -1.763476e-01 -9.238189e-01
    outer loop
      vertex   4.437272e+01 -2.136877e+01 2.009619e-01
      vertex   4.269938e+01 -2.380802e+01 5.111126e-02
      vertex   4.404677e+01 -2.121181e+01 5.111126e-02
    endloop
  endfacet
  facet normal 3.497323e-01 -1.557109e-01 -9.238189e-01
    outer loop
      vertex   4.437272e+01 -2.136877e+01 2.009619e-01
      vertex   4.404677e+01 -2.121181e+01 5.111126e-02
      vertex   4.557124e+01 -1.867685e+01 2.009619e-01
    endloop
  endfacet
  facet normal 3.497323e-01 -1.557109e-01 -9.238189e-01
    outer loop
      vertex   4.557124e+01 -1.867685e+01 2.009619e-01
      vertex   4.404677e+01 -2.121181e+01 5.111126e-02
      vertex   4.523649e+01 -1.853966e+01 5.111126e-02
    endloop
  endfacet
  facet normal 3.584185e-01 -1.345167e-01 -9.238189e-01
    outer loop
      vertex   4.557124e+01 -1.867685e+01 2.009619e-01
      vertex   4.523649e+01 -1.853966e+01 5.111126e-02
      vertex   4.660662e+01 -1.591808e+01 2.009619e-01
    endloop
  endfacet
  facet normal 3.584185e-01 -1.345167e-01 -9.238189e-01
    outer loop
      vertex   4.660662e+01 -1.591808e+01 2.009619e-01
      vertex   4.523649e+01 -1.853966e+01 5.111126e-02
      vertex   4.626427e+01 -1.580115e+01 5.111126e-02
    endloop
  endfacet
  facet normal 3.658216e-01 -1.128410e-01 -9.238189e-01
    outer loop
      vertex   4.660662e+01 -1.591808e+01 2.009619e-01
      vertex   4.626427e+01 -1.580115e+01 5.111126e-02
      vertex   4.747517e+01 -1.310231e+01 2.009619e-01
    endloop
  endfacet
  facet normal 3.658216e-01 -1.128410e-01 -9.238189e-01
    outer loop
      vertex   4.747517e+01 -1.310231e+01 2.009619e-01
      vertex   4.626427e+01 -1.580115e+01 5.111126e-02
      vertex   4.712644e+01 -1.300607e+01 5.111126e-02
    endloop
  endfacet
  facet normal 3.719152e-01 -9.076140e-02 -9.238189e-01
    outer loop
      vertex   4.747517e+01 -1.310231e+01 2.009619e-01
      vertex   4.712644e+01 -1.300607e+01 5.111126e-02
      vertex   4.817377e+01 -1.023965e+01 2.009619e-01
    endloop
  endfacet
  facet normal 3.719152e-01 -9.076140e-02 -9.238189e-01
    outer loop
      vertex   4.817377e+01 -1.023965e+01 2.009619e-01
      vertex   4.712644e+01 -1.300607e+01 5.111126e-02
      vertex   4.781990e+01 -1.016443e+01 5.111126e-02
    endloop
  endfacet
  facet normal 3.766774e-01 -6.835688e-02 -9.238189e-01
    outer loop
      vertex   4.817377e+01 -1.023965e+01 2.009619e-01
      vertex   4.781990e+01 -1.016443e+01 5.111126e-02
      vertex   4.869992e+01 -7.340332e+00 2.009619e-01
    endloop
  endfacet
  facet normal 3.766774e-01 -6.835688e-02 -9.238189e-01
    outer loop
      vertex   4.869992e+01 -7.340332e+00 2.009619e-01
      vertex   4.781990e+01 -1.016443e+01 5.111126e-02
      vertex   4.834219e+01 -7.286412e+00 5.111126e-02
    endloop
  endfacet
  facet normal 3.800913e-01 -4.570765e-02 -9.238189e-01
    outer loop
      vertex   4.869992e+01 -7.340332e+00 2.009619e-01
      vertex   4.834219e+01 -7.286412e+00 5.111126e-02
      vertex   4.905173e+01 -4.414736e+00 2.009619e-01
    endloop
  endfacet
  facet normal 3.800913e-01 -4.570765e-02 -9.238189e-01
    outer loop
      vertex   4.905173e+01 -4.414736e+00 2.009619e-01
      vertex   4.834219e+01 -7.286412e+00 5.111126e-02
      vertex   4.869142e+01 -4.382307e+00 5.111126e-02
    endloop
  endfacet
  facet normal 3.821445e-01 -2.289480e-02 -9.238189e-01
    outer loop
      vertex   4.905173e+01 -4.414736e+00 2.009619e-01
      vertex   4.869142e+01 -4.382307e+00 5.111126e-02
      vertex   4.922796e+01 -1.473337e+00 2.009619e-01
    endloop
  endfacet
  facet normal 3.821445e-01 -2.289480e-02 -9.238189e-01
    outer loop
      vertex   4.922796e+01 -1.473337e+00 2.009619e-01
      vertex   4.869142e+01 -4.382307e+00 5.111126e-02
      vertex   4.886635e+01 -1.462514e+00 5.111126e-02
    endloop
  endfacet
  facet normal 3.828297e-01 0.000000e+00 -9.238189e-01
    outer loop
      vertex   4.922796e+01 -1.473337e+00 2.009619e-01
      vertex   4.886635e+01 -1.462514e+00 5.111126e-02
      vertex   4.922796e+01 1.473337e+00 2.009619e-01
    endloop
  endfacet
  facet normal 3.828297e-01 0.000000e+00 -9.238189e-01
    outer loop
      vertex   4.922796e+01 1.473337e+00 2.009619e-01
      vertex   4.886635e+01 -1.462514e+00 5.111126e-02
      vertex   4.886635e+01 1.462514e+00 5.111126e-02
    endloop
  endfacet
  facet normal 3.821445e-01 2.289480e-02 -9.238189e-01
    outer loop
      vertex   4.922796e+01 1.473337e+00 2.009619e-01
      vertex   4.886635e+01 1.462514e+00 5.111126e-02
      vertex   4.905173e+01 4.414736e+00 2.009619e-01
    endloop
  endfacet
  facet normal 3.821445e-01 2.289480e-02 -9.238189e-01
    outer loop
      vertex   4.905173e+01 4.414736e+00 2.009619e-01
      vertex   4.886635e+01 1.462514e+00 5.111126e-02
      vertex   4.869142e+01 4.382307e+00 5.111126e-02
    endloop
  endfacet
  facet normal 3.800913e-01 4.570765e-02 -9.238189e-01
    outer loop
      vertex   4.905173e+01 4.414736e+00 2.009619e-01
      vertex   4.869142e+01 4.382307e+00 5.111126e-02
      vertex   4.869992e+01 7.340332e+00 2.009619e-01
    endloop
  endfacet
  facet normal 3.800913e-01 4.570765e-02 -9.238189e-01
    outer loop
      vertex   4.869992e+01 7.340332e+00 2.009619e-01
      vertex   4.869142e+01 4.382307e+00 5.111126e-02
      vertex   4.834219e+01 7.286412e+00 5.111126e-02
    endloop
  endfacet
  facet normal 3.766774e-01 6.835688e-02 -9.238189e-01
    outer loop
      vertex   4.869992e+01 7.340332e+00 2.009619e-01
      vertex   4.834219e+01 7.286412e+00 5.111126e-02
      vertex   4.817377e+01 1.023965e+01 2.009619e-01
    endloop
  endfacet
  facet normal 3.766774e-01 6.835688e-02 -9.238189e-01
    outer loop
      vertex   4.817377e+01 1.023965e+01 2.009619e-01
      vertex   4.834219e+01 7.286412e+00 5.111126e-02
      vertex   4.781990e+01 1.016443e+01 5.111126e-02
    endloop
  endfacet
  facet normal 3.719152e-01 9.076140e-02 -9.238189e-01
    outer loop
      vertex   4.817377e+01 1.023965e+01 2.009619e-01
      vertex   4.781990e+01 1.016443e+01 5.111126e-02
      vertex   4.747517e+01 1.310231e+01 2.009619e-01
    endloop
  endfacet
  facet normal 3.719152e-01 9.076140e-02 -9.238189e-01
    outer loop
      vertex   4.747517e+01 1.310231e+01 2.009619e-01
      vertex   4.781990e+01 1.016443e+01 5.111126e-02
      vertex   4.712644e+01 1.300607e+01 5.111126e-02
    endloop
  endfacet
  facet normal 3.658216e-01 1.128410e-01 -9.238189e-01
    outer loop
      vertex   4.747517e+01 1.310231e+01 2.009619e-01
      vertex   4.712644e+01 1.300607e+01 5.111126e-02
      vertex   4.660662e+01 1.591808e+01 2.009619e-01
    endloop
  endfacet
  facet normal 3.658216e-01 1.128410e-01 -9.238189e-01
    outer loop
      vertex   4.660662e+01 1.591808e+01 2.009619e-01
      vertex   4.712644e+01 1.300607e+01 5.111126e-02
      vertex   4.626427e+01 1.580115e+01 5.111126e-02
    endloop
  endfacet
  facet normal 3.584185e-01 1.345167e-01 -9.238189e-01
    outer loop
      vertex   4.660662e+01 1.591808e+01 2.009619e-01
      vertex   4.626427e+01 1.580115e+01 5.111126e-02
      vertex   4.557124e+01 1.867685e+01 2.009619e-01
    endloop
  endfacet
  facet normal 3.584185e-01 1.345167e-01 -9.238189e-01
    outer loop
      vertex   4.557124e+01 1.867685e+01 2.009619e-01
      vertex   4.626427e+01 1.580115e+01 5.111126e-02
      vertex   4.523649e+01 1.853966e+01 5.111126e-02
    endloop
  endfacet
  facet normal 3.497323e-01 1.557109e-01 -9.238189e-01
    outer loop
      vertex   4.557124e+01 1.867685e+01 2.009619e-01
      vertex   4.523649e+01 1.853966e+01 5.111126e-02
      vertex   4.437272e+01 2.136877e+01 2.009619e-01
    endloop
  endfacet
  facet normal 3.497323e-01 1.557109e-01 -9.238189e-01
    outer loop
      vertex   4.437272e+01 2.136877e+01 2.009619e-01
      vertex   4.523649e+01 1.853966e+01 5.111126e-02
      vertex   4.404677e+01 2.121181e+01 5.111126e-02
    endloop
  endfacet
  facet normal 3.397942e-01 1.763476e-01 -9.238189e-01
    outer loop
      vertex   4.437272e+01 2.136877e+01 2.009619e-01
      vertex   4.404677e+01 2.121181e+01 5.111126e-02
      vertex   4.301535e+01 2.398420e+01 2.009619e-01
    endloop
  endfacet
  facet normal 3.397942e-01 1.763476e-01 -9.238189e-01
    outer loop
      vertex   4.301535e+01 2.398420e+01 2.009619e-01
      vertex   4.404677e+01 2.121181e+01 5.111126e-02
      vertex   4.269938e+01 2.380802e+01 5.111126e-02
    endloop
  endfacet
  facet normal 3.286397e-01 1.963531e-01 -9.238189e-01
    outer loop
      vertex   4.301535e+01 2.398420e+01 2.009619e-01
      vertex   4.269938e+01 2.380802e+01 5.111126e-02
      vertex   4.150401e+01 2.651377e+01 2.009619e-01
    endloop
  endfacet
  facet normal 3.286397e-01 1.963531e-01 -9.238189e-01
    outer loop
      vertex   4.150401e+01 2.651377e+01 2.009619e-01
      vertex   4.269938e+01 2.380802e+01 5.111126e-02
      vertex   4.119913e+01 2.631901e+01 5.111126e-02
    endloop
  endfacet
  facet normal 3.163087e-01 2.156556e-01 -9.238189e-01
    outer loop
      vertex   4.150401e+01 2.651377e+01 2.009619e-01
      vertex   4.119913e+01 2.631901e+01 5.111126e-02
      vertex   3.984409e+01 2.894842e+01 2.009619e-01
    endloop
  endfacet
  facet normal 3.163087e-01 2.156556e-01 -9.238189e-01
    outer loop
      vertex   3.984409e+01 2.894842e+01 2.009619e-01
      vertex   4.119913e+01 2.631901e+01 5.111126e-02
      vertex   3.955141e+01 2.873578e+01 5.111126e-02
    endloop
  endfacet
  facet normal 3.028455e-01 2.341862e-01 -9.238189e-01
    outer loop
      vertex   3.984409e+01 2.894842e+01 2.009619e-01
      vertex   3.955141e+01 2.873578e+01 5.111126e-02
      vertex   3.804154e+01 3.127945e+01 2.009619e-01
    endloop
  endfacet
  facet normal 3.028455e-01 2.341862e-01 -9.238189e-01
    outer loop
      vertex   3.804154e+01 3.127945e+01 2.009619e-01
      vertex   3.955141e+01 2.873578e+01 5.111126e-02
      vertex   3.776210e+01 3.104968e+01 5.111126e-02
    endloop
  endfacet
  facet normal 2.882981e-01 2.518785e-01 -9.238189e-01
    outer loop
      vertex   3.804154e+01 3.127945e+01 2.009619e-01
      vertex   3.776210e+01 3.104968e+01 5.111126e-02
      vertex   3.610280e+01 3.349851e+01 2.009619e-01
    endloop
  endfacet
  facet normal 2.882981e-01 2.518785e-01 -9.238189e-01
    outer loop
      vertex   3.610280e+01 3.349851e+01 2.009619e-01
      vertex   3.776210e+01 3.104968e+01 5.111126e-02
      vertex   3.583761e+01 3.325244e+01 5.111126e-02
    endloop
  endfacet
  facet normal 2.727187e-01 2.686691e-01 -9.238189e-01
    outer loop
      vertex   3.610280e+01 3.349851e+01 2.009619e-01
      vertex   3.583761e+01 3.325244e+01 5.111126e-02
      vertex   3.403484e+01 3.559765e+01 2.009619e-01
    endloop
  endfacet
  facet normal 2.727187e-01 2.686691e-01 -9.238189e-01
    outer loop
      vertex   3.403484e+01 3.559765e+01 2.009619e-01
      vertex   3.583761e+01 3.325244e+01 5.111126e-02
      vertex   3.378483e+01 3.533616e+01 5.111126e-02
    endloop
  endfacet
  facet normal 2.561631e-01 2.844979e-01 -9.238189e-01
    outer loop
      vertex   3.403484e+01 3.559765e+01 2.009619e-01
      vertex   3.378483e+01 3.533616e+01 5.111126e-02
      vertex   3.184503e+01 3.756936e+01 2.009619e-01
    endloop
  endfacet
  facet normal 2.561631e-01 2.844979e-01 -9.238189e-01
    outer loop
      vertex   3.184503e+01 3.756936e+01 2.009619e-01
      vertex   3.378483e+01 3.533616e+01 5.111126e-02
      vertex   3.161111e+01 3.729339e+01 5.111126e-02
    endloop
  endfacet
  facet normal 2.386904e-01 2.993083e-01 -9.238189e-01
    outer loop
      vertex   3.184503e+01 3.756936e+01 2.009619e-01
      vertex   3.161111e+01 3.729339e+01 5.111126e-02
      vertex   2.954123e+01 3.940658e+01 2.009619e-01
    endloop
  endfacet
  facet normal 2.386904e-01 2.993083e-01 -9.238189e-01
    outer loop
      vertex   2.954123e+01 3.940658e+01 2.009619e-01
      vertex   3.161111e+01 3.729339e+01 5.111126e-02
      vertex   2.932423e+01 3.911711e+01 5.111126e-02
    endloop
  endfacet
  facet normal 2.203633e-01 3.130472e-01 -9.238189e-01
    outer loop
      vertex   2.954123e+01 3.940658e+01 2.009619e-01
      vertex   2.932423e+01 3.911711e+01 5.111126e-02
      vertex   2.713168e+01 4.110273e+01 2.009619e-01
    endloop
  endfacet
  facet normal 2.203633e-01 3.130472e-01 -9.238189e-01
    outer loop
      vertex   2.713168e+01 4.110273e+01 2.009619e-01
      vertex   2.932423e+01 3.911711e+01 5.111126e-02
      vertex   2.693238e+01 4.080081e+01 5.111126e-02
    endloop
  endfacet
  facet normal 2.012473e-01 3.256656e-01 -9.238189e-01
    outer loop
      vertex   2.713168e+01 4.110273e+01 2.009619e-01
      vertex   2.693238e+01 4.080081e+01 5.111126e-02
      vertex   2.462500e+01 4.265175e+01 2.009619e-01
    endloop
  endfacet
  facet normal 2.012473e-01 3.256656e-01 -9.238189e-01
    outer loop
      vertex   2.462500e+01 4.265175e+01 2.009619e-01
      vertex   2.693238e+01 4.080081e+01 5.111126e-02
      vertex   2.444411e+01 4.233845e+01 5.111126e-02
    endloop
  endfacet
  facet normal 1.814110e-01 3.371181e-01 -9.238189e-01
    outer loop
      vertex   2.462500e+01 4.265175e+01 2.009619e-01
      vertex   2.444411e+01 4.233845e+01 5.111126e-02
      vertex   2.203017e+01 4.404809e+01 2.009619e-01
    endloop
  endfacet
  facet normal 1.814110e-01 3.371181e-01 -9.238189e-01
    outer loop
      vertex   2.203017e+01 4.404809e+01 2.009619e-01
      vertex   2.444411e+01 4.233845e+01 5.111126e-02
      vertex   2.186835e+01 4.372453e+01 5.111126e-02
    endloop
  endfacet
  facet normal 1.609252e-01 3.473638e-01 -9.238189e-01
    outer loop
      vertex   2.203017e+01 4.404809e+01 2.009619e-01
      vertex   2.186835e+01 4.372453e+01 5.111126e-02
      vertex   1.935648e+01 4.528674e+01 2.009619e-01
    endloop
  endfacet
  facet normal 1.609252e-01 3.473638e-01 -9.238189e-01
    outer loop
      vertex   1.935648e+01 4.528674e+01 2.009619e-01
      vertex   2.186835e+01 4.372453e+01 5.111126e-02
      vertex   1.921430e+01 4.495408e+01 5.111126e-02
    endloop
  endfacet
  facet normal 1.398634e-01 3.563661e-01 -9.238189e-01
    outer loop
      vertex   1.935648e+01 4.528674e+01 2.009619e-01
      vertex   1.921430e+01 4.495408e+01 5.111126e-02
      vertex   1.661350e+01 4.636328e+01 2.009619e-01
    endloop
  endfacet
  facet normal 1.398634e-01 3.563661e-01 -9.238189e-01
    outer loop
      vertex   1.661350e+01 4.636328e+01 2.009619e-01
      vertex   1.921430e+01 4.495408e+01 5.111126e-02
      vertex   1.649147e+01 4.602272e+01 5.111126e-02
    endloop
  endfacet
  facet normal 1.183009e-01 3.640927e-01 -9.238189e-01
    outer loop
      vertex   1.661350e+01 4.636328e+01 2.009619e-01
      vertex   1.649147e+01 4.602272e+01 5.111126e-02
      vertex   1.381105e+01 4.727386e+01 2.009619e-01
    endloop
  endfacet
  facet normal 1.183009e-01 3.640927e-01 -9.238189e-01
    outer loop
      vertex   1.381105e+01 4.727386e+01 2.009619e-01
      vertex   1.649147e+01 4.602272e+01 5.111126e-02
      vertex   1.370960e+01 4.692660e+01 5.111126e-02
    endloop
  endfacet
  facet normal 9.631488e-02 3.705159e-01 -9.238189e-01
    outer loop
      vertex   1.381105e+01 4.727386e+01 2.009619e-01
      vertex   1.370960e+01 4.692660e+01 5.111126e-02
      vertex   1.095916e+01 4.801520e+01 2.009619e-01
    endloop
  endfacet
  facet normal 9.631488e-02 3.705159e-01 -9.238189e-01
    outer loop
      vertex   1.095916e+01 4.801520e+01 2.009619e-01
      vertex   1.370960e+01 4.692660e+01 5.111126e-02
      vertex   1.087865e+01 4.766250e+01 5.111126e-02
    endloop
  endfacet
  facet normal 7.398410e-02 3.756127e-01 -9.238189e-01
    outer loop
      vertex   1.095916e+01 4.801520e+01 2.009619e-01
      vertex   1.087865e+01 4.766250e+01 5.111126e-02
      vertex   8.068032e+00 4.858466e+01 2.009619e-01
    endloop
  endfacet
  facet normal 7.398410e-02 3.756127e-01 -9.238189e-01
    outer loop
      vertex   8.068032e+00 4.858466e+01 2.009619e-01
      vertex   1.087865e+01 4.766250e+01 5.111126e-02
      vertex   8.008767e+00 4.822778e+01 5.111126e-02
    endloop
  endfacet
  facet normal 5.138848e-02 3.793650e-01 -9.238189e-01
    outer loop
      vertex   8.068032e+00 4.858466e+01 2.009619e-01
      vertex   8.008767e+00 4.822778e+01 5.111126e-02
      vertex   5.148027e+00 4.898020e+01 2.009619e-01
    endloop
  endfacet
  facet normal 5.138848e-02 3.793650e-01 -9.238189e-01
    outer loop
      vertex   5.148027e+00 4.898020e+01 2.009619e-01
      vertex   8.008767e+00 4.822778e+01 5.111126e-02
      vertex   5.110211e+00 4.862041e+01 5.111126e-02
    endloop
  endfacet
  facet normal 2.860890e-02 3.817592e-01 -9.238189e-01
    outer loop
      vertex   5.148027e+00 4.898020e+01 2.009619e-01
      vertex   5.110211e+00 4.862041e+01 5.111126e-02
      vertex   2.209593e+00 4.920041e+01 2.009619e-01
    endloop
  endfacet
  facet normal 2.860890e-02 3.817592e-01 -9.238189e-01
    outer loop
      vertex   2.209593e+00 4.920041e+01 2.009619e-01
      vertex   5.110211e+00 4.862041e+01 5.111126e-02
      vertex   2.193362e+00 4.883900e+01 5.111126e-02
    endloop
  endfacet
  facet normal 5.726905e-03 3.827868e-01 -9.238189e-01
    outer loop
      vertex   2.209593e+00 4.920041e+01 2.009619e-01
      vertex   2.193362e+00 4.883900e+01 5.111126e-02
      vertex   -7.367508e-01 4.924449e+01 2.009619e-01
    endloop
  endfacet
  facet normal 5.726905e-03 3.827868e-01 -9.238189e-01
    outer loop
      vertex   -7.367508e-01 4.924449e+01 2.009619e-01
      vertex   2.193362e+00 4.883900e+01 5.111126e-02
      vertex   -7.313389e-01 4.888276e+01 5.111126e-02
    endloop
  endfacet
  facet normal -1.717559e-02 3.824442e-01 -9.238189e-01
    outer loop
      vertex   -7.367508e-01 4.924449e+01 2.009619e-01
      vertex   -7.313389e-01 4.888276e+01 5.111126e-02
      vertex   -3.680457e+00 4.911229e+01 2.009619e-01
    endloop
  endfacet
  facet normal -1.717559e-02 3.824442e-01 -9.238189e-01
    outer loop
      vertex   -3.680457e+00 4.911229e+01 2.009619e-01
      vertex   -7.313389e-01 4.888276e+01 5.111126e-02
      vertex   -3.653422e+00 4.875153e+01 5.111126e-02
    endloop
  endfacet
  facet normal -4.001660e-02 3.807325e-01 -9.238189e-01
    outer loop
      vertex   -3.680457e+00 4.911229e+01 2.009619e-01
      vertex   -3.653422e+00 4.875153e+01 5.111126e-02
      vertex   -6.610988e+00 4.880428e+01 2.009619e-01
    endloop
  endfacet
  facet normal -4.001660e-02 3.807325e-01 -9.238189e-01
    outer loop
      vertex   -6.610988e+00 4.880428e+01 2.009619e-01
      vertex   -3.653422e+00 4.875153e+01 5.111126e-02
      vertex   -6.562427e+00 4.844578e+01 5.111126e-02
    endloop
  endfacet
  facet normal -6.271436e-02 3.776579e-01 -9.238189e-01
    outer loop
      vertex   -6.610988e+00 4.880428e+01 2.009619e-01
      vertex   -6.562427e+00 4.844578e+01 5.111126e-02
      vertex   -9.517854e+00 4.832156e+01 2.009619e-01
    endloop
  endfacet
  facet normal -6.271436e-02 3.776579e-01 -9.238189e-01
    outer loop
      vertex   -9.517854e+00 4.832156e+01 2.009619e-01
      vertex   -6.562427e+00 4.844578e+01 5.111126e-02
      vertex   -9.447939e+00 4.796661e+01 5.111126e-02
    endloop
  endfacet
  facet normal -8.518762e-02 3.732313e-01 -9.238189e-01
    outer loop
      vertex   -9.517854e+00 4.832156e+01 2.009619e-01
      vertex   -9.447939e+00 4.796661e+01 5.111126e-02
      vertex   -1.239065e+01 4.766586e+01 2.009619e-01
    endloop
  endfacet
  facet normal -8.518762e-02 3.732313e-01 -9.238189e-01
    outer loop
      vertex   -1.239065e+01 4.766586e+01 2.009619e-01
      vertex   -9.447939e+00 4.796661e+01 5.111126e-02
      vertex   -1.229963e+01 4.731573e+01 5.111126e-02
    endloop
  endfacet
  facet normal -1.073559e-01 3.674687e-01 -9.238189e-01
    outer loop
      vertex   -1.239065e+01 4.766586e+01 2.009619e-01
      vertex   -1.229963e+01 4.731573e+01 5.111126e-02
      vertex   -1.521909e+01 4.683953e+01 2.009619e-01
    endloop
  endfacet
  facet normal -1.073559e-01 3.674687e-01 -9.238189e-01
    outer loop
      vertex   -1.521909e+01 4.683953e+01 2.009619e-01
      vertex   -1.229963e+01 4.731573e+01 5.111126e-02
      vertex   -1.510729e+01 4.649547e+01 5.111126e-02
    endloop
  endfacet
  facet normal -1.291399e-01 3.603907e-01 -9.238189e-01
    outer loop
      vertex   -1.521909e+01 4.683953e+01 2.009619e-01
      vertex   -1.510729e+01 4.649547e+01 5.111126e-02
      vertex   -1.799305e+01 4.584553e+01 2.009619e-01
    endloop
  endfacet
  facet normal -1.291399e-01 3.603907e-01 -9.238189e-01
    outer loop
      vertex   -1.799305e+01 4.584553e+01 2.009619e-01
      vertex   -1.510729e+01 4.649547e+01 5.111126e-02
      vertex   -1.786088e+01 4.550877e+01 5.111126e-02
    endloop
  endfacet
  facet normal -1.504616e-01 3.520225e-01 -9.238189e-01
    outer loop
      vertex   -1.799305e+01 4.584553e+01 2.009619e-01
      vertex   -1.786088e+01 4.550877e+01 5.111126e-02
      vertex   -2.070259e+01 4.468742e+01 2.009619e-01
    endloop
  endfacet
  facet normal -1.504616e-01 3.520225e-01 -9.238189e-01
    outer loop
      vertex   -2.070259e+01 4.468742e+01 2.009619e-01
      vertex   -1.786088e+01 4.550877e+01 5.111126e-02
      vertex   -2.055052e+01 4.435916e+01 5.111126e-02
    endloop
  endfacet
  facet normal -1.712447e-01 3.423942e-01 -9.238189e-01
    outer loop
      vertex   -2.070259e+01 4.468742e+01 2.009619e-01
      vertex   -2.055052e+01 4.435916e+01 5.111126e-02
      vertex   -2.333803e+01 4.336933e+01 2.009619e-01
    endloop
  endfacet
  facet normal -1.712447e-01 3.423942e-01 -9.238189e-01
    outer loop
      vertex   -2.333803e+01 4.336933e+01 2.009619e-01
      vertex   -2.055052e+01 4.435916e+01 5.111126e-02
      vertex   -2.316660e+01 4.305076e+01 5.111126e-02
    endloop
  endfacet
  facet normal -1.914148e-01 3.315402e-01 -9.238189e-01
    outer loop
      vertex   -2.333803e+01 4.336933e+01 2.009619e-01
      vertex   -2.316660e+01 4.305076e+01 5.111126e-02
      vertex   -2.588993e+01 4.189599e+01 2.009619e-01
    endloop
  endfacet
  facet normal -1.914148e-01 3.315402e-01 -9.238189e-01
    outer loop
      vertex   -2.588993e+01 4.189599e+01 2.009619e-01
      vertex   -2.316660e+01 4.305076e+01 5.111126e-02
      vertex   -2.569975e+01 4.158824e+01 5.111126e-02
    endloop
  endfacet
  facet normal -2.108997e-01 3.194994e-01 -9.238189e-01
    outer loop
      vertex   -2.588993e+01 4.189599e+01 2.009619e-01
      vertex   -2.569975e+01 4.158824e+01 5.111126e-02
      vertex   -2.834914e+01 4.027268e+01 2.009619e-01
    endloop
  endfacet
  facet normal -2.108997e-01 3.194994e-01 -9.238189e-01
    outer loop
      vertex   -2.834914e+01 4.027268e+01 2.009619e-01
      vertex   -2.569975e+01 4.158824e+01 5.111126e-02
      vertex   -2.814090e+01 3.997685e+01 5.111126e-02
    endloop
  endfacet
  facet normal -2.296296e-01 3.063149e-01 -9.238189e-01
    outer loop
      vertex   -2.834914e+01 4.027268e+01 2.009619e-01
      vertex   -2.814090e+01 3.997685e+01 5.111126e-02
      vertex   -3.070687e+01 3.850520e+01 2.009619e-01
    endloop
  endfacet
  facet normal -2.296296e-01 3.063149e-01 -9.238189e-01
    outer loop
      vertex   -3.070687e+01 3.850520e+01 2.009619e-01
      vertex   -2.814090e+01 3.997685e+01 5.111126e-02
      vertex   -3.048131e+01 3.822236e+01 5.111126e-02
    endloop
  endfacet
  facet normal -2.475375e-01 2.920338e-01 -9.238189e-01
    outer loop
      vertex   -3.070687e+01 3.850520e+01 2.009619e-01
      vertex   -3.048131e+01 3.822236e+01 5.111126e-02
      vertex   -3.295468e+01 3.659988e+01 2.009619e-01
    endloop
  endfacet
  facet normal -2.475375e-01 2.920338e-01 -9.238189e-01
    outer loop
      vertex   -3.295468e+01 3.659988e+01 2.009619e-01
      vertex   -3.048131e+01 3.822236e+01 5.111126e-02
      vertex   -3.271261e+01 3.633103e+01 5.111126e-02
    endloop
  endfacet
  facet normal -2.645593e-01 2.767073e-01 -9.238189e-01
    outer loop
      vertex   -3.295468e+01 3.659988e+01 2.009619e-01
      vertex   -3.271261e+01 3.633103e+01 5.111126e-02
      vertex   -3.508452e+01 3.456355e+01 2.009619e-01
    endloop
  endfacet
  facet normal -2.645593e-01 2.767073e-01 -9.238189e-01
    outer loop
      vertex   -3.508452e+01 3.456355e+01 2.009619e-01
      vertex   -3.271261e+01 3.633103e+01 5.111126e-02
      vertex   -3.482681e+01 3.430966e+01 5.111126e-02
    endloop
  endfacet
  facet normal -2.806340e-01 2.603903e-01 -9.238189e-01
    outer loop
      vertex   -3.508452e+01 3.456355e+01 2.009619e-01
      vertex   -3.482681e+01 3.430966e+01 5.111126e-02
      vertex   -3.708877e+01 3.240348e+01 2.009619e-01
    endloop
  endfacet
  facet normal -2.806340e-01 2.603903e-01 -9.238189e-01
    outer loop
      vertex   -3.708877e+01 3.240348e+01 2.009619e-01
      vertex   -3.482681e+01 3.430966e+01 5.111126e-02
      vertex   -3.681633e+01 3.216546e+01 5.111126e-02
    endloop
  endfacet
  facet normal -2.957041e-01 2.431412e-01 -9.238189e-01
    outer loop
      vertex   -3.708877e+01 3.240348e+01 2.009619e-01
      vertex   -3.681633e+01 3.216546e+01 5.111126e-02
      vertex   -3.896025e+01 3.012742e+01 2.009619e-01
    endloop
  endfacet
  facet normal -2.957041e-01 2.431412e-01 -9.238189e-01
    outer loop
      vertex   -3.896025e+01 3.012742e+01 2.009619e-01
      vertex   -3.681633e+01 3.216546e+01 5.111126e-02
      vertex   -3.867406e+01 2.990612e+01 5.111126e-02
    endloop
  endfacet
  facet normal -3.097157e-01 2.250216e-01 -9.238189e-01
    outer loop
      vertex   -3.896025e+01 3.012742e+01 2.009619e-01
      vertex   -3.867406e+01 2.990612e+01 5.111126e-02
      vertex   -4.069226e+01 2.774351e+01 2.009619e-01
    endloop
  endfacet
  facet normal -3.097157e-01 2.250216e-01 -9.238189e-01
    outer loop
      vertex   -4.069226e+01 2.774351e+01 2.009619e-01
      vertex   -3.867406e+01 2.990612e+01 5.111126e-02
      vertex   -4.039335e+01 2.753972e+01 5.111126e-02
    endloop
  endfacet
  facet normal -3.226186e-01 2.060966e-01 -9.238189e-01
    outer loop
      vertex   -4.069226e+01 2.774351e+01 2.009619e-01
      vertex   -4.039335e+01 2.753972e+01 5.111126e-02
      vertex   -4.227860e+01 2.526029e+01 2.009619e-01
    endloop
  endfacet
  facet normal -3.226186e-01 2.060966e-01 -9.238189e-01
    outer loop
      vertex   -4.227860e+01 2.526029e+01 2.009619e-01
      vertex   -4.039335e+01 2.753972e+01 5.111126e-02
      vertex   -4.196804e+01 2.507474e+01 5.111126e-02
    endloop
  endfacet
  facet normal -3.343666e-01 1.864338e-01 -9.238189e-01
    outer loop
      vertex   -4.227860e+01 2.526029e+01 2.009619e-01
      vertex   -4.196804e+01 2.507474e+01 5.111126e-02
      vertex   -4.371360e+01 2.268664e+01 2.009619e-01
    endloop
  endfacet
  facet normal -3.343666e-01 1.864338e-01 -9.238189e-01
    outer loop
      vertex   -4.371360e+01 2.268664e+01 2.009619e-01
      vertex   -4.196804e+01 2.507474e+01 5.111126e-02
      vertex   -4.339250e+01 2.251999e+01 5.111126e-02
    endloop
  endfacet
  facet normal -3.449176e-01 1.661036e-01 -9.238189e-01
    outer loop
      vertex   -4.371360e+01 2.268664e+01 2.009619e-01
      vertex   -4.339250e+01 2.251999e+01 5.111126e-02
      vertex   -4.499211e+01 2.003178e+01 2.009619e-01
    endloop
  endfacet
  facet normal -3.449176e-01 1.661036e-01 -9.238189e-01
    outer loop
      vertex   -4.499211e+01 2.003178e+01 2.009619e-01
      vertex   -4.339250e+01 2.251999e+01 5.111126e-02
      vertex   -4.466162e+01 1.988463e+01 5.111126e-02
    endloop
  endfacet
  facet normal -3.542339e-01 1.451788e-01 -9.238189e-01
    outer loop
      vertex   -4.499211e+01 2.003178e+01 2.009619e-01
      vertex   -4.466162e+01 1.988463e+01 5.111126e-02
      vertex   -4.610957e+01 1.730521e+01 2.009619e-01
    endloop
  endfacet
  facet normal -3.542339e-01 1.451788e-01 -9.238189e-01
    outer loop
      vertex   -4.610957e+01 1.730521e+01 2.009619e-01
      vertex   -4.466162e+01 1.988463e+01 5.111126e-02
      vertex   -4.577086e+01 1.717809e+01 5.111126e-02
    endloop
  endfacet
  facet normal -3.622822e-01 1.237342e-01 -9.238189e-01
    outer loop
      vertex   -4.610957e+01 1.730521e+01 2.009619e-01
      vertex   -4.577086e+01 1.717809e+01 5.111126e-02
      vertex   -4.706196e+01 1.451669e+01 2.009619e-01
    endloop
  endfacet
  facet normal -3.622822e-01 1.237342e-01 -9.238189e-01
    outer loop
      vertex   -4.706196e+01 1.451669e+01 2.009619e-01
      vertex   -4.577086e+01 1.717809e+01 5.111126e-02
      vertex   -4.671626e+01 1.441006e+01 5.111126e-02
    endloop
  endfacet
  facet normal -3.690336e-01 1.018468e-01 -9.238189e-01
    outer loop
      vertex   -4.706196e+01 1.451669e+01 2.009619e-01
      vertex   -4.671626e+01 1.441006e+01 5.111126e-02
      vertex   -4.784588e+01 1.167621e+01 2.009619e-01
    endloop
  endfacet
  facet normal -3.690336e-01 1.018468e-01 -9.238189e-01
    outer loop
      vertex   -4.784588e+01 1.167621e+01 2.009619e-01
      vertex   -4.671626e+01 1.441006e+01 5.111126e-02
      vertex   -4.749443e+01 1.159044e+01 5.111126e-02
    endloop
  endfacet
  facet normal -3.744639e-01 7.959477e-02 -9.238189e-01
    outer loop
      vertex   -4.784588e+01 1.167621e+01 2.009619e-01
      vertex   -4.749443e+01 1.159044e+01 5.111126e-02
      vertex   -4.845853e+01 8.793927e+00 2.009619e-01
    endloop
  endfacet
  facet normal -3.744639e-01 7.959477e-02 -9.238189e-01
    outer loop
      vertex   -4.845853e+01 8.793927e+00 2.009619e-01
      vertex   -4.749443e+01 1.159044e+01 5.111126e-02
      vertex   -4.810257e+01 8.729330e+00 5.111126e-02
    endloop
  endfacet
  facet normal -3.785538e-01 5.705780e-02 -9.238189e-01
    outer loop
      vertex   -4.845853e+01 8.793927e+00 2.009619e-01
      vertex   -4.810257e+01 8.729330e+00 5.111126e-02
      vertex   -4.889771e+01 5.880166e+00 2.009619e-01
    endloop
  endfacet
  facet normal -3.785538e-01 5.705780e-02 -9.238189e-01
    outer loop
      vertex   -4.889771e+01 5.880166e+00 2.009619e-01
      vertex   -4.810257e+01 8.729330e+00 5.111126e-02
      vertex   -4.853853e+01 5.836972e+00 5.111126e-02
    endloop
  endfacet
  facet normal -6.021317e-01 -9.075675e-02 -7.932217e-01
    outer loop
      vertex   -4.920615e+01 -5.917257e+00 4.393398e-01
      vertex   -4.889771e+01 -5.880166e+00 2.009619e-01
      vertex   -4.876420e+01 -8.849398e+00 4.393398e-01
    endloop
  endfacet
  facet normal -6.021317e-01 -9.075675e-02 -7.932217e-01
    outer loop
      vertex   -4.876420e+01 -8.849398e+00 4.393398e-01
      vertex   -4.889771e+01 -5.880166e+00 2.009619e-01
      vertex   -4.845853e+01 -8.793927e+00 2.009619e-01
    endloop
  endfacet
  facet normal -5.956263e-01 -1.266043e-01 -7.932217e-01
    outer loop
      vertex   -4.876420e+01 -8.849398e+00 4.393398e-01
      vertex   -4.845853e+01 -8.793927e+00 2.009619e-01
      vertex   -4.814769e+01 -1.174986e+01 4.393398e-01
    endloop
  endfacet
  facet normal -5.956263e-01 -1.266043e-01 -7.932217e-01
    outer loop
      vertex   -4.814769e+01 -1.174986e+01 4.393398e-01
      vertex   -4.845853e+01 -8.793927e+00 2.009619e-01
      vertex   -4.784588e+01 -1.167621e+01 2.009619e-01
    endloop
  endfacet
  facet normal -5.869888e-01 -1.619986e-01 -7.932217e-01
    outer loop
      vertex   -4.814769e+01 -1.174986e+01 4.393398e-01
      vertex   -4.784588e+01 -1.167621e+01 2.009619e-01
      vertex   -4.735882e+01 -1.460826e+01 4.393398e-01
    endloop
  endfacet
  facet normal -5.869888e-01 -1.619986e-01 -7.932217e-01
    outer loop
      vertex   -4.735882e+01 -1.460826e+01 4.393398e-01
      vertex   -4.784588e+01 -1.167621e+01 2.009619e-01
      vertex   -4.706196e+01 -1.451669e+01 2.009619e-01
    endloop
  endfacet
  facet normal -5.762499e-01 -1.968130e-01 -7.932217e-01
    outer loop
      vertex   -4.735882e+01 -1.460826e+01 4.393398e-01
      vertex   -4.706196e+01 -1.451669e+01 2.009619e-01
      vertex   -4.640042e+01 -1.741437e+01 4.393398e-01
    endloop
  endfacet
  facet normal -5.762499e-01 -1.968130e-01 -7.932217e-01
    outer loop
      vertex   -4.640042e+01 -1.741437e+01 4.393398e-01
      vertex   -4.706196e+01 -1.451669e+01 2.009619e-01
      vertex   -4.610957e+01 -1.730521e+01 2.009619e-01
    endloop
  endfacet
  facet normal -5.634483e-01 -2.309229e-01 -7.932217e-01
    outer loop
      vertex   -4.640042e+01 -1.741437e+01 4.393398e-01
      vertex   -4.610957e+01 -1.730521e+01 2.009619e-01
      vertex   -4.527592e+01 -2.015814e+01 4.393398e-01
    endloop
  endfacet
  facet normal -5.634483e-01 -2.309229e-01 -7.932217e-01
    outer loop
      vertex   -4.527592e+01 -2.015814e+01 4.393398e-01
      vertex   -4.610957e+01 -1.730521e+01 2.009619e-01
      vertex   -4.499211e+01 -2.003178e+01 2.009619e-01
    endloop
  endfacet
  facet normal -5.486296e-01 -2.642061e-01 -7.932217e-01
    outer loop
      vertex   -4.527592e+01 -2.015814e+01 4.393398e-01
      vertex   -4.499211e+01 -2.003178e+01 2.009619e-01
      vertex   -4.398934e+01 -2.282974e+01 4.393398e-01
    endloop
  endfacet
  facet normal -5.486296e-01 -2.642061e-01 -7.932217e-01
    outer loop
      vertex   -4.398934e+01 -2.282974e+01 4.393398e-01
      vertex   -4.499211e+01 -2.003178e+01 2.009619e-01
      vertex   -4.371360e+01 -2.268664e+01 2.009619e-01
    endloop
  endfacet
  facet normal -5.318470e-01 -2.965435e-01 -7.932217e-01
    outer loop
      vertex   -4.398934e+01 -2.282974e+01 4.393398e-01
      vertex   -4.371360e+01 -2.268664e+01 2.009619e-01
      vertex   -4.254529e+01 -2.541963e+01 4.393398e-01
    endloop
  endfacet
  facet normal -5.318470e-01 -2.965435e-01 -7.932217e-01
    outer loop
      vertex   -4.254529e+01 -2.541963e+01 4.393398e-01
      vertex   -4.371360e+01 -2.268664e+01 2.009619e-01
      vertex   -4.227860e+01 -2.526029e+01 2.009619e-01
    endloop
  endfacet
  facet normal -5.131606e-01 -3.278194e-01 -7.932217e-01
    outer loop
      vertex   -4.254529e+01 -2.541963e+01 4.393398e-01
      vertex   -4.227860e+01 -2.526029e+01 2.009619e-01
      vertex   -4.094894e+01 -2.791851e+01 4.393398e-01
    endloop
  endfacet
  facet normal -5.131606e-01 -3.278194e-01 -7.932217e-01
    outer loop
      vertex   -4.094894e+01 -2.791851e+01 4.393398e-01
      vertex   -4.227860e+01 -2.526029e+01 2.009619e-01
      vertex   -4.069226e+01 -2.774351e+01 2.009619e-01
    endloop
  endfacet
  facet normal -4.926371e-01 -3.579218e-01 -7.932217e-01
    outer loop
      vertex   -4.094894e+01 -2.791851e+01 4.393398e-01
      vertex   -4.069226e+01 -2.774351e+01 2.009619e-01
      vertex   -3.920600e+01 -3.031746e+01 4.393398e-01
    endloop
  endfacet
  facet normal -4.926371e-01 -3.579218e-01 -7.932217e-01
    outer loop
      vertex   -3.920600e+01 -3.031746e+01 4.393398e-01
      vertex   -4.069226e+01 -2.774351e+01 2.009619e-01
      vertex   -3.896025e+01 -3.012742e+01 2.009619e-01
    endloop
  endfacet
  facet normal -4.703501e-01 -3.867429e-01 -7.932217e-01
    outer loop
      vertex   -3.920600e+01 -3.031746e+01 4.393398e-01
      vertex   -3.896025e+01 -3.012742e+01 2.009619e-01
      vertex   -3.732272e+01 -3.260788e+01 4.393398e-01
    endloop
  endfacet
  facet normal -4.703501e-01 -3.867429e-01 -7.932217e-01
    outer loop
      vertex   -3.732272e+01 -3.260788e+01 4.393398e-01
      vertex   -3.896025e+01 -3.012742e+01 2.009619e-01
      vertex   -3.708877e+01 -3.240348e+01 2.009619e-01
    endloop
  endfacet
  facet normal -4.463794e-01 -4.141796e-01 -7.932217e-01
    outer loop
      vertex   -3.732272e+01 -3.260788e+01 4.393398e-01
      vertex   -3.708877e+01 -3.240348e+01 2.009619e-01
      vertex   -3.530583e+01 -3.478157e+01 4.393398e-01
    endloop
  endfacet
  facet normal -4.463794e-01 -4.141796e-01 -7.932217e-01
    outer loop
      vertex   -3.530583e+01 -3.478157e+01 4.393398e-01
      vertex   -3.708877e+01 -3.240348e+01 2.009619e-01
      vertex   -3.508452e+01 -3.456355e+01 2.009619e-01
    endloop
  endfacet
  facet normal -4.208108e-01 -4.401336e-01 -7.932217e-01
    outer loop
      vertex   -3.530583e+01 -3.478157e+01 4.393398e-01
      vertex   -3.508452e+01 -3.456355e+01 2.009619e-01
      vertex   -3.316255e+01 -3.683075e+01 4.393398e-01
    endloop
  endfacet
  facet normal -4.208108e-01 -4.401336e-01 -7.932217e-01
    outer loop
      vertex   -3.316255e+01 -3.683075e+01 4.393398e-01
      vertex   -3.508452e+01 -3.456355e+01 2.009619e-01
      vertex   -3.295468e+01 -3.659988e+01 2.009619e-01
    endloop
  endfacet
  facet normal -3.937358e-01 -4.645121e-01 -7.932217e-01
    outer loop
      vertex   -3.316255e+01 -3.683075e+01 4.393398e-01
      vertex   -3.295468e+01 -3.659988e+01 2.009619e-01
      vertex   -3.090057e+01 -3.874808e+01 4.393398e-01
    endloop
  endfacet
  facet normal -3.937358e-01 -4.645121e-01 -7.932217e-01
    outer loop
      vertex   -3.090057e+01 -3.874808e+01 4.393398e-01
      vertex   -3.295468e+01 -3.659988e+01 2.009619e-01
      vertex   -3.070687e+01 -3.850520e+01 2.009619e-01
    endloop
  endfacet
  facet normal -3.652513e-01 -4.872277e-01 -7.932217e-01
    outer loop
      vertex   -3.090057e+01 -3.874808e+01 4.393398e-01
      vertex   -3.070687e+01 -3.850520e+01 2.009619e-01
      vertex   -2.852796e+01 -4.052671e+01 4.393398e-01
    endloop
  endfacet
  facet normal -3.652513e-01 -4.872277e-01 -7.932217e-01
    outer loop
      vertex   -2.852796e+01 -4.052671e+01 4.393398e-01
      vertex   -3.070687e+01 -3.850520e+01 2.009619e-01
      vertex   -2.834914e+01 -4.027268e+01 2.009619e-01
    endloop
  endfacet
  facet normal -3.354593e-01 -5.081992e-01 -7.932217e-01
    outer loop
      vertex   -2.852796e+01 -4.052671e+01 4.393398e-01
      vertex   -2.834914e+01 -4.027268e+01 2.009619e-01
      vertex   -2.605323e+01 -4.216027e+01 4.393398e-01
    endloop
  endfacet
  facet normal -3.354593e-01 -5.081992e-01 -7.932217e-01
    outer loop
      vertex   -2.605323e+01 -4.216027e+01 4.393398e-01
      vertex   -2.834914e+01 -4.027268e+01 2.009619e-01
      vertex   -2.588993e+01 -4.189599e+01 2.009619e-01
    endloop
  endfacet
  facet normal -3.044665e-01 -5.273514e-01 -7.932217e-01
    outer loop
      vertex   -2.605323e+01 -4.216027e+01 4.393398e-01
      vertex   -2.588993e+01 -4.189599e+01 2.009619e-01
      vertex   -2.348524e+01 -4.364290e+01 4.393398e-01
    endloop
  endfacet
  facet normal -3.044665e-01 -5.273514e-01 -7.932217e-01
    outer loop
      vertex   -2.348524e+01 -4.364290e+01 4.393398e-01
      vertex   -2.588993e+01 -4.189599e+01 2.009619e-01
      vertex   -2.333803e+01 -4.336933e+01 2.009619e-01
    endloop
  endfacet
  facet normal -2.723837e-01 -5.446159e-01 -7.932217e-01
    outer loop
      vertex   -2.348524e+01 -4.364290e+01 4.393398e-01
      vertex   -2.333803e+01 -4.336933e+01 2.009619e-01
      vertex   -2.083318e+01 -4.496930e+01 4.393398e-01
    endloop
  endfacet
  facet normal -2.723837e-01 -5.446159e-01 -7.932217e-01
    outer loop
      vertex   -2.083318e+01 -4.496930e+01 4.393398e-01
      vertex   -2.333803e+01 -4.336933e+01 2.009619e-01
      vertex   -2.070259e+01 -4.468742e+01 2.009619e-01
    endloop
  endfacet
  facet normal -2.393259e-01 -5.599308e-01 -7.932217e-01
    outer loop
      vertex   -2.083318e+01 -4.496930e+01 4.393398e-01
      vertex   -2.070259e+01 -4.468742e+01 2.009619e-01
      vertex   -1.810654e+01 -4.613472e+01 4.393398e-01
    endloop
  endfacet
  facet normal -2.393259e-01 -5.599308e-01 -7.932217e-01
    outer loop
      vertex   -1.810654e+01 -4.613472e+01 4.393398e-01
      vertex   -2.070259e+01 -4.468742e+01 2.009619e-01
      vertex   -1.799305e+01 -4.584553e+01 2.009619e-01
    endloop
  endfacet
  facet normal -2.054113e-01 -5.732412e-01 -7.932217e-01
    outer loop
      vertex   -1.810654e+01 -4.613472e+01 4.393398e-01
      vertex   -1.799305e+01 -4.584553e+01 2.009619e-01
      vertex   -1.531509e+01 -4.713499e+01 4.393398e-01
    endloop
  endfacet
  facet normal -2.054113e-01 -5.732412e-01 -7.932217e-01
    outer loop
      vertex   -1.531509e+01 -4.713499e+01 4.393398e-01
      vertex   -1.799305e+01 -4.584553e+01 2.009619e-01
      vertex   -1.521909e+01 -4.683953e+01 2.009619e-01
    endloop
  endfacet
  facet normal -1.707615e-01 -5.844997e-01 -7.932217e-01
    outer loop
      vertex   -1.531509e+01 -4.713499e+01 4.393398e-01
      vertex   -1.521909e+01 -4.683953e+01 2.009619e-01
      vertex   -1.246881e+01 -4.796653e+01 4.393398e-01
    endloop
  endfacet
  facet normal -1.707615e-01 -5.844997e-01 -7.932217e-01
    outer loop
      vertex   -1.246881e+01 -4.796653e+01 4.393398e-01
      vertex   -1.521909e+01 -4.683953e+01 2.009619e-01
      vertex   -1.239065e+01 -4.766586e+01 2.009619e-01
    endloop
  endfacet
  facet normal -1.355003e-01 -5.936657e-01 -7.932217e-01
    outer loop
      vertex   -1.246881e+01 -4.796653e+01 4.393398e-01
      vertex   -1.239065e+01 -4.766586e+01 2.009619e-01
      vertex   -9.577891e+00 -4.862636e+01 4.393398e-01
    endloop
  endfacet
  facet normal -1.355003e-01 -5.936657e-01 -7.932217e-01
    outer loop
      vertex   -9.577891e+00 -4.862636e+01 4.393398e-01
      vertex   -1.239065e+01 -4.766586e+01 2.009619e-01
      vertex   -9.517854e+00 -4.832156e+01 2.009619e-01
    endloop
  endfacet
  facet normal -9.975412e-02 -6.007066e-01 -7.932217e-01
    outer loop
      vertex   -9.577891e+00 -4.862636e+01 4.393398e-01
      vertex   -9.517854e+00 -4.832156e+01 2.009619e-01
      vertex   -6.652689e+00 -4.911212e+01 4.393398e-01
    endloop
  endfacet
  facet normal -9.975412e-02 -6.007066e-01 -7.932217e-01
    outer loop
      vertex   -6.652689e+00 -4.911212e+01 4.393398e-01
      vertex   -9.517854e+00 -4.832156e+01 2.009619e-01
      vertex   -6.610988e+00 -4.880428e+01 2.009619e-01
    endloop
  endfacet
  facet normal -6.365083e-02 -6.055972e-01 -7.932217e-01
    outer loop
      vertex   -6.652689e+00 -4.911212e+01 4.393398e-01
      vertex   -6.610988e+00 -4.880428e+01 2.009619e-01
      vertex   -3.703673e+00 -4.942208e+01 4.393398e-01
    endloop
  endfacet
  facet normal -6.365083e-02 -6.055972e-01 -7.932217e-01
    outer loop
      vertex   -3.703673e+00 -4.942208e+01 4.393398e-01
      vertex   -6.610988e+00 -4.880428e+01 2.009619e-01
      vertex   -3.680457e+00 -4.911229e+01 2.009619e-01
    endloop
  endfacet
  facet normal -2.731967e-02 -6.083198e-01 -7.932217e-01
    outer loop
      vertex   -3.703673e+00 -4.942208e+01 4.393398e-01
      vertex   -3.680457e+00 -4.911229e+01 2.009619e-01
      vertex   -7.413981e-01 -4.955511e+01 4.393398e-01
    endloop
  endfacet
  facet normal -2.731967e-02 -6.083198e-01 -7.932217e-01
    outer loop
      vertex   -7.413981e-01 -4.955511e+01 4.393398e-01
      vertex   -3.680457e+00 -4.911229e+01 2.009619e-01
      vertex   -7.367508e-01 -4.924449e+01 2.009619e-01
    endloop
  endfacet
  facet normal 9.109276e-03 -6.088648e-01 -7.932217e-01
    outer loop
      vertex   -7.413981e-01 -4.955511e+01 4.393398e-01
      vertex   -7.367508e-01 -4.924449e+01 2.009619e-01
      vertex   2.223531e+00 -4.951076e+01 4.393398e-01
    endloop
  endfacet
  facet normal 9.109276e-03 -6.088648e-01 -7.932217e-01
    outer loop
      vertex   2.223531e+00 -4.951076e+01 4.393398e-01
      vertex   -7.367508e-01 -4.924449e+01 2.009619e-01
      vertex   2.209593e+00 -4.920041e+01 2.009619e-01
    endloop
  endfacet
  facet normal 4.550562e-02 -6.072303e-01 -7.932217e-01
    outer loop
      vertex   2.223531e+00 -4.951076e+01 4.393398e-01
      vertex   2.209593e+00 -4.920041e+01 2.009619e-01
      vertex   5.180500e+00 -4.928916e+01 4.393398e-01
    endloop
  endfacet
  facet normal 4.550562e-02 -6.072303e-01 -7.932217e-01
    outer loop
      vertex   5.180500e+00 -4.928916e+01 4.393398e-01
      vertex   2.209593e+00 -4.920041e+01 2.009619e-01
      vertex   5.148027e+00 -4.898020e+01 2.009619e-01
    endloop
  endfacet
  facet normal 8.173906e-02 -6.034220e-01 -7.932217e-01
    outer loop
      vertex   5.180500e+00 -4.928916e+01 4.393398e-01
      vertex   5.148027e+00 -4.898020e+01 2.009619e-01
      vertex   8.118924e+00 -4.889113e+01 4.393398e-01
    endloop
  endfacet
  facet normal 8.173906e-02 -6.034220e-01 -7.932217e-01
    outer loop
      vertex   8.118924e+00 -4.889113e+01 4.393398e-01
      vertex   5.148027e+00 -4.898020e+01 2.009619e-01
      vertex   8.068032e+00 -4.858466e+01 2.009619e-01
    endloop
  endfacet
  facet normal 1.176799e-01 -5.974536e-01 -7.932217e-01
    outer loop
      vertex   8.118924e+00 -4.889113e+01 4.393398e-01
      vertex   8.068032e+00 -4.858466e+01 2.009619e-01
      vertex   1.102828e+01 -4.831807e+01 4.393398e-01
    endloop
  endfacet
  facet normal 1.176799e-01 -5.974536e-01 -7.932217e-01
    outer loop
      vertex   1.102828e+01 -4.831807e+01 4.393398e-01
      vertex   8.068032e+00 -4.858466e+01 2.009619e-01
      vertex   1.095916e+01 -4.801520e+01 2.009619e-01
    endloop
  endfacet
  facet normal 1.531995e-01 -5.893465e-01 -7.932217e-01
    outer loop
      vertex   1.102828e+01 -4.831807e+01 4.393398e-01
      vertex   1.095916e+01 -4.801520e+01 2.009619e-01
      vertex   1.389817e+01 -4.757205e+01 4.393398e-01
    endloop
  endfacet
  facet normal 1.531995e-01 -5.893465e-01 -7.932217e-01
    outer loop
      vertex   1.389817e+01 -4.757205e+01 4.393398e-01
      vertex   1.095916e+01 -4.801520e+01 2.009619e-01
      vertex   1.381105e+01 -4.727386e+01 2.009619e-01
    endloop
  endfacet
  facet normal 1.881706e-01 -5.791297e-01 -7.932217e-01
    outer loop
      vertex   1.389817e+01 -4.757205e+01 4.393398e-01
      vertex   1.381105e+01 -4.727386e+01 2.009619e-01
      vertex   1.671830e+01 -4.665573e+01 4.393398e-01
    endloop
  endfacet
  facet normal 1.881706e-01 -5.791297e-01 -7.932217e-01
    outer loop
      vertex   1.671830e+01 -4.665573e+01 4.393398e-01
      vertex   1.381105e+01 -4.727386e+01 2.009619e-01
      vertex   1.661350e+01 -4.636328e+01 2.009619e-01
    endloop
  endfacet
  facet normal 2.224682e-01 -5.668397e-01 -7.932217e-01
    outer loop
      vertex   1.671830e+01 -4.665573e+01 4.393398e-01
      vertex   1.661350e+01 -4.636328e+01 2.009619e-01
      vertex   1.947858e+01 -4.557240e+01 4.393398e-01
    endloop
  endfacet
  facet normal 2.224682e-01 -5.668397e-01 -7.932217e-01
    outer loop
      vertex   1.947858e+01 -4.557240e+01 4.393398e-01
      vertex   1.661350e+01 -4.636328e+01 2.009619e-01
      vertex   1.935648e+01 -4.528674e+01 2.009619e-01
    endloop
  endfacet
  facet normal 2.559694e-01 -5.525206e-01 -7.932217e-01
    outer loop
      vertex   1.947858e+01 -4.557240e+01 4.393398e-01
      vertex   1.935648e+01 -4.528674e+01 2.009619e-01
      vertex   2.216913e+01 -4.432593e+01 4.393398e-01
    endloop
  endfacet
  facet normal 2.559694e-01 -5.525206e-01 -7.932217e-01
    outer loop
      vertex   2.216913e+01 -4.432593e+01 4.393398e-01
      vertex   1.935648e+01 -4.528674e+01 2.009619e-01
      vertex   2.203017e+01 -4.404809e+01 2.009619e-01
    endloop
  endfacet
  facet normal 2.885542e-01 -5.362236e-01 -7.932217e-01
    outer loop
      vertex   2.216913e+01 -4.432593e+01 4.393398e-01
      vertex   2.203017e+01 -4.404809e+01 2.009619e-01
      vertex   2.478033e+01 -4.292079e+01 4.393398e-01
    endloop
  endfacet
  facet normal 2.885542e-01 -5.362236e-01 -7.932217e-01
    outer loop
      vertex   2.478033e+01 -4.292079e+01 4.393398e-01
      vertex   2.203017e+01 -4.404809e+01 2.009619e-01
      vertex   2.462500e+01 -4.265175e+01 2.009619e-01
    endloop
  endfacet
  facet normal 3.201062e-01 -5.180071e-01 -7.932217e-01
    outer loop
      vertex   2.478033e+01 -4.292079e+01 4.393398e-01
      vertex   2.462500e+01 -4.265175e+01 2.009619e-01
      vertex   2.730282e+01 -4.136200e+01 4.393398e-01
    endloop
  endfacet
  facet normal 3.201062e-01 -5.180071e-01 -7.932217e-01
    outer loop
      vertex   2.730282e+01 -4.136200e+01 4.393398e-01
      vertex   2.462500e+01 -4.265175e+01 2.009619e-01
      vertex   2.713168e+01 -4.110273e+01 2.009619e-01
    endloop
  endfacet
  facet normal 3.505122e-01 -4.979363e-01 -7.932217e-01
    outer loop
      vertex   2.730282e+01 -4.136200e+01 4.393398e-01
      vertex   2.713168e+01 -4.110273e+01 2.009619e-01
      vertex   2.972757e+01 -3.965515e+01 4.393398e-01
    endloop
  endfacet
  facet normal 3.505122e-01 -4.979363e-01 -7.932217e-01
    outer loop
      vertex   2.972757e+01 -3.965515e+01 4.393398e-01
      vertex   2.713168e+01 -4.110273e+01 2.009619e-01
      vertex   2.954123e+01 -3.940658e+01 2.009619e-01
    endloop
  endfacet
  facet normal 3.796635e-01 -4.760830e-01 -7.932217e-01
    outer loop
      vertex   2.972757e+01 -3.965515e+01 4.393398e-01
      vertex   2.954123e+01 -3.940658e+01 2.009619e-01
      vertex   3.204590e+01 -3.780634e+01 4.393398e-01
    endloop
  endfacet
  facet normal 3.796635e-01 -4.760830e-01 -7.932217e-01
    outer loop
      vertex   3.204590e+01 -3.780634e+01 4.393398e-01
      vertex   2.954123e+01 -3.940658e+01 2.009619e-01
      vertex   3.184503e+01 -3.756936e+01 2.009619e-01
    endloop
  endfacet
  facet normal 4.074557e-01 -4.525254e-01 -7.932217e-01
    outer loop
      vertex   3.204590e+01 -3.780634e+01 4.393398e-01
      vertex   3.184503e+01 -3.756936e+01 2.009619e-01
      vertex   3.424952e+01 -3.582219e+01 4.393398e-01
    endloop
  endfacet
  facet normal 4.074557e-01 -4.525254e-01 -7.932217e-01
    outer loop
      vertex   3.424952e+01 -3.582219e+01 4.393398e-01
      vertex   3.184503e+01 -3.756936e+01 2.009619e-01
      vertex   3.403484e+01 -3.559765e+01 2.009619e-01
    endloop
  endfacet
  facet normal 4.337893e-01 -4.273479e-01 -7.932217e-01
    outer loop
      vertex   3.424952e+01 -3.582219e+01 4.393398e-01
      vertex   3.403484e+01 -3.559765e+01 2.009619e-01
      vertex   3.633053e+01 -3.370981e+01 4.393398e-01
    endloop
  endfacet
  facet normal 4.337893e-01 -4.273479e-01 -7.932217e-01
    outer loop
      vertex   3.633053e+01 -3.370981e+01 4.393398e-01
      vertex   3.403484e+01 -3.559765e+01 2.009619e-01
      vertex   3.610280e+01 -3.349851e+01 2.009619e-01
    endloop
  endfacet
  facet normal 4.585700e-01 -4.006406e-01 -7.932217e-01
    outer loop
      vertex   3.633053e+01 -3.370981e+01 4.393398e-01
      vertex   3.610280e+01 -3.349851e+01 2.009619e-01
      vertex   3.828149e+01 -3.147676e+01 4.393398e-01
    endloop
  endfacet
  facet normal 4.585700e-01 -4.006406e-01 -7.932217e-01
    outer loop
      vertex   3.828149e+01 -3.147676e+01 4.393398e-01
      vertex   3.610280e+01 -3.349851e+01 2.009619e-01
      vertex   3.804154e+01 -3.127945e+01 2.009619e-01
    endloop
  endfacet
  facet normal 4.817092e-01 -3.724991e-01 -7.932217e-01
    outer loop
      vertex   3.828149e+01 -3.147676e+01 4.393398e-01
      vertex   3.804154e+01 -3.127945e+01 2.009619e-01
      vertex   4.009542e+01 -2.913103e+01 4.393398e-01
    endloop
  endfacet
  facet normal 4.817092e-01 -3.724991e-01 -7.932217e-01
    outer loop
      vertex   4.009542e+01 -2.913103e+01 4.393398e-01
      vertex   3.804154e+01 -3.127945e+01 2.009619e-01
      vertex   3.984409e+01 -2.894842e+01 2.009619e-01
    endloop
  endfacet
  facet normal 5.031240e-01 -3.430241e-01 -7.932217e-01
    outer loop
      vertex   4.009542e+01 -2.913103e+01 4.393398e-01
      vertex   3.984409e+01 -2.894842e+01 2.009619e-01
      vertex   4.176581e+01 -2.668101e+01 4.393398e-01
    endloop
  endfacet
  facet normal 5.031240e-01 -3.430241e-01 -7.932217e-01
    outer loop
      vertex   4.176581e+01 -2.668101e+01 4.393398e-01
      vertex   3.984409e+01 -2.894842e+01 2.009619e-01
      vertex   4.150401e+01 -2.651377e+01 2.009619e-01
    endloop
  endfacet
  facet normal 5.227378e-01 -3.123213e-01 -7.932217e-01
    outer loop
      vertex   4.176581e+01 -2.668101e+01 4.393398e-01
      vertex   4.150401e+01 -2.651377e+01 2.009619e-01
      vertex   4.328669e+01 -2.413549e+01 4.393398e-01
    endloop
  endfacet
  facet normal 5.227378e-01 -3.123213e-01 -7.932217e-01
    outer loop
      vertex   4.328669e+01 -2.413549e+01 4.393398e-01
      vertex   4.150401e+01 -2.651377e+01 2.009619e-01
      vertex   4.301535e+01 -2.398420e+01 2.009619e-01
    endloop
  endfacet
  facet normal 5.404802e-01 -2.805004e-01 -7.932217e-01
    outer loop
      vertex   4.328669e+01 -2.413549e+01 4.393398e-01
      vertex   4.301535e+01 -2.398420e+01 2.009619e-01
      vertex   4.465261e+01 -2.150356e+01 4.393398e-01
    endloop
  endfacet
  facet normal 5.404802e-01 -2.805004e-01 -7.932217e-01
    outer loop
      vertex   4.465261e+01 -2.150356e+01 4.393398e-01
      vertex   4.301535e+01 -2.398420e+01 2.009619e-01
      vertex   4.437272e+01 -2.136877e+01 2.009619e-01
    endloop
  endfacet
  facet normal 5.562879e-01 -2.476753e-01 -7.932217e-01
    outer loop
      vertex   4.465261e+01 -2.150356e+01 4.393398e-01
      vertex   4.437272e+01 -2.136877e+01 2.009619e-01
      vertex   4.585869e+01 -1.879466e+01 4.393398e-01
    endloop
  endfacet
  facet normal 5.562879e-01 -2.476753e-01 -7.932217e-01
    outer loop
      vertex   4.585869e+01 -1.879466e+01 4.393398e-01
      vertex   4.437272e+01 -2.136877e+01 2.009619e-01
      vertex   4.557124e+01 -1.867685e+01 2.009619e-01
    endloop
  endfacet
  facet normal 5.701043e-01 -2.139637e-01 -7.932217e-01
    outer loop
      vertex   4.585869e+01 -1.879466e+01 4.393398e-01
      vertex   4.557124e+01 -1.867685e+01 2.009619e-01
      vertex   4.690061e+01 -1.601848e+01 4.393398e-01
    endloop
  endfacet
  facet normal 5.701043e-01 -2.139637e-01 -7.932217e-01
    outer loop
      vertex   4.690061e+01 -1.601848e+01 4.393398e-01
      vertex   4.557124e+01 -1.867685e+01 2.009619e-01
      vertex   4.660662e+01 -1.591808e+01 2.009619e-01
    endloop
  endfacet
  facet normal 5.818798e-01 -1.794861e-01 -7.932217e-01
    outer loop
      vertex   4.690061e+01 -1.601848e+01 4.393398e-01
      vertex   4.660662e+01 -1.591808e+01 2.009619e-01
      vertex   4.777464e+01 -1.318496e+01 4.393398e-01
    endloop
  endfacet
  facet normal 5.818798e-01 -1.794861e-01 -7.932217e-01
    outer loop
      vertex   4.777464e+01 -1.318496e+01 4.393398e-01
      vertex   4.660662e+01 -1.591808e+01 2.009619e-01
      vertex   4.747517e+01 -1.310231e+01 2.009619e-01
    endloop
  endfacet
  facet normal 5.915723e-01 -1.443661e-01 -7.932217e-01
    outer loop
      vertex   4.777464e+01 -1.318496e+01 4.393398e-01
      vertex   4.747517e+01 -1.310231e+01 2.009619e-01
      vertex   4.847764e+01 -1.030424e+01 4.393398e-01
    endloop
  endfacet
  facet normal 5.915723e-01 -1.443661e-01 -7.932217e-01
    outer loop
      vertex   4.847764e+01 -1.030424e+01 4.393398e-01
      vertex   4.747517e+01 -1.310231e+01 2.009619e-01
      vertex   4.817377e+01 -1.023965e+01 2.009619e-01
    endloop
  endfacet
  facet normal 5.991472e-01 -1.087292e-01 -7.932217e-01
    outer loop
      vertex   4.847764e+01 -1.030424e+01 4.393398e-01
      vertex   4.817377e+01 -1.023965e+01 2.009619e-01
      vertex   4.900711e+01 -7.386633e+00 4.393398e-01
    endloop
  endfacet
  facet normal 5.991472e-01 -1.087292e-01 -7.932217e-01
    outer loop
      vertex   4.900711e+01 -7.386633e+00 4.393398e-01
      vertex   4.817377e+01 -1.023965e+01 2.009619e-01
      vertex   4.869992e+01 -7.340332e+00 2.009619e-01
    endloop
  endfacet
  facet normal 6.045772e-01 -7.270308e-02 -7.932217e-01
    outer loop
      vertex   4.900711e+01 -7.386633e+00 4.393398e-01
      vertex   4.869992e+01 -7.340332e+00 2.009619e-01
      vertex   4.936114e+01 -4.442583e+00 4.393398e-01
    endloop
  endfacet
  facet normal 6.045772e-01 -7.270308e-02 -7.932217e-01
    outer loop
      vertex   4.936114e+01 -4.442583e+00 4.393398e-01
      vertex   4.869992e+01 -7.340332e+00 2.009619e-01
      vertex   4.905173e+01 -4.414736e+00 2.009619e-01
    endloop
  endfacet
  facet normal 6.078430e-01 -3.641672e-02 -7.932217e-01
    outer loop
      vertex   4.936114e+01 -4.442583e+00 4.393398e-01
      vertex   4.905173e+01 -4.414736e+00 2.009619e-01
      vertex   4.953848e+01 -1.482630e+00 4.393398e-01
    endloop
  endfacet
  facet normal 6.078430e-01 -3.641672e-02 -7.932217e-01
    outer loop
      vertex   4.953848e+01 -1.482630e+00 4.393398e-01
      vertex   4.905173e+01 -4.414736e+00 2.009619e-01
      vertex   4.922796e+01 -1.473337e+00 2.009619e-01
    endloop
  endfacet
  facet normal 6.089330e-01 0.000000e+00 -7.932217e-01
    outer loop
      vertex   4.953848e+01 -1.482630e+00 4.393398e-01
      vertex   4.922796e+01 -1.473337e+00 2.009619e-01
      vertex   4.953848e+01 1.482630e+00 4.393398e-01
    endloop
  endfacet
  facet normal 6.089330e-01 0.000000e+00 -7.932217e-01
    outer loop
      vertex   4.953848e+01 1.482630e+00 4.393398e-01
      vertex   4.922796e+01 -1.473337e+00 2.009619e-01
      vertex   4.922796e+01 1.473337e+00 2.009619e-01
    endloop
  endfacet
  facet normal 6.078430e-01 3.641672e-02 -7.932217e-01
    outer loop
      vertex   4.953848e+01 1.482630e+00 4.393398e-01
      vertex   4.922796e+01 1.473337e+00 2.009619e-01
      vertex   4.936114e+01 4.442583e+00 4.393398e-01
    endloop
  endfacet
  facet normal 6.078430e-01 3.641672e-02 -7.932217e-01
    outer loop
      vertex   4.936114e+01 4.442583e+00 4.393398e-01
      vertex   4.922796e+01 1.473337e+00 2.009619e-01
      vertex   4.905173e+01 4.414736e+00 2.009619e-01
    endloop
  endfacet
  facet normal 6.045772e-01 7.270308e-02 -7.932217e-01
    outer loop
      vertex   4.936114e+01 4.442583e+00 4.393398e-01
      vertex   4.905173e+01 4.414736e+00 2.009619e-01
      vertex   4.900711e+01 7.386633e+00 4.393398e-01
    endloop
  endfacet
  facet normal 6.045772e-01 7.270308e-02 -7.932217e-01
    outer loop
      vertex   4.900711e+01 7.386633e+00 4.393398e-01
      vertex   4.905173e+01 4.414736e+00 2.009619e-01
      vertex   4.869992e+01 7.340332e+00 2.009619e-01
    endloop
  endfacet
  facet normal 5.991472e-01 1.087292e-01 -7.932217e-01
    outer loop
      vertex   4.900711e+01 7.386633e+00 4.393398e-01
      vertex   4.869992e+01 7.340332e+00 2.009619e-01
      vertex   4.847764e+01 1.030424e+01 4.393398e-01
    endloop
  endfacet
  facet normal 5.991472e-01 1.087292e-01 -7.932217e-01
    outer loop
      vertex   4.847764e+01 1.030424e+01 4.393398e-01
      vertex   4.869992e+01 7.340332e+00 2.009619e-01
      vertex   4.817377e+01 1.023965e+01 2.009619e-01
    endloop
  endfacet
  facet normal 5.915723e-01 1.443661e-01 -7.932217e-01
    outer loop
      vertex   4.847764e+01 1.030424e+01 4.393398e-01
      vertex   4.817377e+01 1.023965e+01 2.009619e-01
      vertex   4.777464e+01 1.318496e+01 4.393398e-01
    endloop
  endfacet
  facet normal 5.915723e-01 1.443661e-01 -7.932217e-01
    outer loop
      vertex   4.777464e+01 1.318496e+01 4.393398e-01
      vertex   4.817377e+01 1.023965e+01 2.009619e-01
      vertex   4.747517e+01 1.310231e+01 2.009619e-01
    endloop
  endfacet
  facet normal 5.818798e-01 1.794861e-01 -7.932217e-01
    outer loop
      vertex   4.777464e+01 1.318496e+01 4.393398e-01
      vertex   4.747517e+01 1.310231e+01 2.009619e-01
      vertex   4.690061e+01 1.601848e+01 4.393398e-01
    endloop
  endfacet
  facet normal 5.818798e-01 1.794861e-01 -7.932217e-01
    outer loop
      vertex   4.690061e+01 1.601848e+01 4.393398e-01
      vertex   4.747517e+01 1.310231e+01 2.009619e-01
      vertex   4.660662e+01 1.591808e+01 2.009619e-01
    endloop
  endfacet
  facet normal 5.701043e-01 2.139637e-01 -7.932217e-01
    outer loop
      vertex   4.690061e+01 1.601848e+01 4.393398e-01
      vertex   4.660662e+01 1.591808e+01 2.009619e-01
      vertex   4.585869e+01 1.879466e+01 4.393398e-01
    endloop
  endfacet
  facet normal 5.701043e-01 2.139637e-01 -7.932217e-01
    outer loop
      vertex   4.585869e+01 1.879466e+01 4.393398e-01
      vertex   4.660662e+01 1.591808e+01 2.009619e-01
      vertex   4.557124e+01 1.867685e+01 2.009619e-01
    endloop
  endfacet
  facet normal 5.562879e-01 2.476753e-01 -7.932217e-01
    outer loop
      vertex   4.585869e+01 1.879466e+01 4.393398e-01
      vertex   4.557124e+01 1.867685e+01 2.009619e-01
      vertex   4.465261e+01 2.150356e+01 4.393398e-01
    endloop
  endfacet
  facet normal 5.562879e-01 2.476753e-01 -7.932217e-01
    outer loop
      vertex   4.465261e+01 2.150356e+01 4.393398e-01
      vertex   4.557124e+01 1.867685e+01 2.009619e-01
      vertex   4.437272e+01 2.136877e+01 2.009619e-01
    endloop
  endfacet
  facet normal 5.404802e-01 2.805004e-01 -7.932217e-01
    outer loop
      vertex   4.465261e+01 2.150356e+01 4.393398e-01
      vertex   4.437272e+01 2.136877e+01 2.009619e-01
      vertex   4.328669e+01 2.413549e+01 4.393398e-01
    endloop
  endfacet
  facet normal 5.404802e-01 2.805004e-01 -7.932217e-01
    outer loop
      vertex   4.328669e+01 2.413549e+01 4.393398e-01
      vertex   4.437272e+01 2.136877e+01 2.009619e-01
      vertex   4.301535e+01 2.398420e+01 2.009619e-01
    endloop
  endfacet
  facet normal 5.227378e-01 3.123213e-01 -7.932217e-01
    outer loop
      vertex   4.328669e+01 2.413549e+01 4.393398e-01
      vertex   4.301535e+01 2.398420e+01 2.009619e-01
      vertex   4.176581e+01 2.668101e+01 4.393398e-01
    endloop
  endfacet
  facet normal 5.227378e-01 3.123213e-01 -7.932217e-01
    outer loop
      vertex   4.176581e+01 2.668101e+01 4.393398e-01
      vertex   4.301535e+01 2.398420e+01 2.009619e-01
      vertex   4.150401e+01 2.651377e+01 2.009619e-01
    endloop
  endfacet
  facet normal 5.031240e-01 3.430241e-01 -7.932217e-01
    outer loop
      vertex   4.176581e+01 2.668101e+01 4.393398e-01
      vertex   4.150401e+01 2.651377e+01 2.009619e-01
      vertex   4.009542e+01 2.913103e+01 4.393398e-01
    endloop
  endfacet
  facet normal 5.031240e-01 3.430241e-01 -7.932217e-01
    outer loop
      vertex   4.009542e+01 2.913103e+01 4.393398e-01
      vertex   4.150401e+01 2.651377e+01 2.009619e-01
      vertex   3.984409e+01 2.894842e+01 2.009619e-01
    endloop
  endfacet
  facet normal 4.817092e-01 3.724991e-01 -7.932217e-01
    outer loop
      vertex   4.009542e+01 2.913103e+01 4.393398e-01
      vertex   3.984409e+01 2.894842e+01 2.009619e-01
      vertex   3.828149e+01 3.147676e+01 4.393398e-01
    endloop
  endfacet
  facet normal 4.817092e-01 3.724991e-01 -7.932217e-01
    outer loop
      vertex   3.828149e+01 3.147676e+01 4.393398e-01
      vertex   3.984409e+01 2.894842e+01 2.009619e-01
      vertex   3.804154e+01 3.127945e+01 2.009619e-01
    endloop
  endfacet
  facet normal 4.585700e-01 4.006406e-01 -7.932217e-01
    outer loop
      vertex   3.828149e+01 3.147676e+01 4.393398e-01
      vertex   3.804154e+01 3.127945e+01 2.009619e-01
      vertex   3.633053e+01 3.370981e+01 4.393398e-01
    endloop
  endfacet
  facet normal 4.585700e-01 4.006406e-01 -7.932217e-01
    outer loop
      vertex   3.633053e+01 3.370981e+01 4.393398e-01
      vertex   3.804154e+01 3.127945e+01 2.009619e-01
      vertex   3.610280e+01 3.349851e+01 2.009619e-01
    endloop
  endfacet
  facet normal 4.337893e-01 4.273479e-01 -7.932217e-01
    outer loop
      vertex   3.633053e+01 3.370981e+01 4.393398e-01
      vertex   3.610280e+01 3.349851e+01 2.009619e-01
      vertex   3.424952e+01 3.582219e+01 4.393398e-01
    endloop
  endfacet
  facet normal 4.337893e-01 4.273479e-01 -7.932217e-01
    outer loop
      vertex   3.424952e+01 3.582219e+01 4.393398e-01
      vertex   3.610280e+01 3.349851e+01 2.009619e-01
      vertex   3.403484e+01 3.559765e+01 2.009619e-01
    endloop
  endfacet
  facet normal 4.074557e-01 4.525254e-01 -7.932217e-01
    outer loop
      vertex   3.424952e+01 3.582219e+01 4.393398e-01
      vertex   3.403484e+01 3.559765e+01 2.009619e-01
      vertex   3.204590e+01 3.780634e+01 4.393398e-01
    endloop
  endfacet
  facet normal 4.074557e-01 4.525254e-01 -7.932217e-01
    outer loop
      vertex   3.204590e+01 3.780634e+01 4.393398e-01
      vertex   3.403484e+01 3.559765e+01 2.009619e-01
      vertex   3.184503e+01 3.756936e+01 2.009619e-01
    endloop
  endfacet
  facet normal 3.796635e-01 4.760830e-01 -7.932217e-01
    outer loop
      vertex   3.204590e+01 3.780634e+01 4.393398e-01
      vertex   3.184503e+01 3.756936e+01 2.009619e-01
      vertex   2.972757e+01 3.965515e+01 4.393398e-01
    endloop
  endfacet
  facet normal 3.796635e-01 4.760830e-01 -7.932217e-01
    outer loop
      vertex   2.972757e+01 3.965515e+01 4.393398e-01
      vertex   3.184503e+01 3.756936e+01 2.009619e-01
      vertex   2.954123e+01 3.940658e+01 2.009619e-01
    endloop
  endfacet
  facet normal 3.505122e-01 4.979363e-01 -7.932217e-01
    outer loop
      vertex   2.972757e+01 3.965515e+01 4.393398e-01
      vertex   2.954123e+01 3.940658e+01 2.009619e-01
      vertex   2.730282e+01 4.136200e+01 4.393398e-01
    endloop
  endfacet
  facet normal 3.505122e-01 4.979363e-01 -7.932217e-01
    outer loop
      vertex   2.730282e+01 4.136200e+01 4.393398e-01
      vertex   2.954123e+01 3.940658e+01 2.009619e-01
      vertex   2.713168e+01 4.110273e+01 2.009619e-01
    endloop
  endfacet
  facet normal 3.201062e-01 5.180071e-01 -7.932217e-01
    outer loop
      vertex   2.730282e+01 4.136200e+01 4.393398e-01
      vertex   2.713168e+01 4.110273e+01 2.009619e-01
      vertex   2.478033e+01 4.292079e+01 4.393398e-01
    endloop
  endfacet
  facet normal 3.201062e-01 5.180071e-01 -7.932217e-01
    outer loop
      vertex   2.478033e+01 4.292079e+01 4.393398e-01
      vertex   2.713168e+01 4.110273e+01 2.009619e-01
      vertex   2.462500e+01 4.265175e+01 2.009619e-01
    endloop
  endfacet
  facet normal 2.885542e-01 5.362236e-01 -7.932217e-01
    outer loop
      vertex   2.478033e+01 4.292079e+01 4.393398e-01
      vertex   2.462500e+01 4.265175e+01 2.009619e-01
      vertex   2.216913e+01 4.432593e+01 4.393398e-01
    endloop
  endfacet
  facet normal 2.885542e-01 5.362236e-01 -7.932217e-01
    outer loop
      vertex   2.216913e+01 4.432593e+01 4.393398e-01
      vertex   2.462500e+01 4.265175e+01 2.009619e-01
      vertex   2.203017e+01 4.404809e+01 2.009619e-01
    endloop
  endfacet
  facet normal 2.559694e-01 5.525206e-01 -7.932217e-01
    outer loop
      vertex   2.216913e+01 4.432593e+01 4.393398e-01
      vertex   2.203017e+01 4.404809e+01 2.009619e-01
      vertex   1.947858e+01 4.557240e+01 4.393398e-01
    endloop
  endfacet
  facet normal 2.559694e-01 5.525206e-01 -7.932217e-01
    outer loop
      vertex   1.947858e+01 4.557240e+01 4.393398e-01
      vertex   2.203017e+01 4.404809e+01 2.009619e-01
      vertex   1.935648e+01 4.528674e+01 2.009619e-01
    endloop
  endfacet
  facet normal 2.224682e-01 5.668397e-01 -7.932217e-01
    outer loop
      vertex   1.947858e+01 4.557240e+01 4.393398e-01
      vertex   1.935648e+01 4.528674e+01 2.009619e-01
      vertex   1.671830e+01 4.665573e+01 4.393398e-01
    endloop
  endfacet
  facet normal 2.224682e-01 5.668397e-01 -7.932217e-01
    outer loop
      vertex   1.671830e+01 4.665573e+01 4.393398e-01
      vertex   1.935648e+01 4.528674e+01 2.009619e-01
      vertex   1.661350e+01 4.636328e+01 2.009619e-01
    endloop
  endfacet
  facet normal 1.881706e-01 5.791297e-01 -7.932217e-01
    outer loop
      vertex   1.671830e+01 4.665573e+01 4.393398e-01
      vertex   1.661350e+01 4.636328e+01 2.009619e-01
      vertex   1.389817e+01 4.757205e+01 4.393398e-01
    endloop
  endfacet
  facet normal 1.881706e-01 5.791297e-01 -7.932217e-01
    outer loop
      vertex   1.389817e+01 4.757205e+01 4.393398e-01
      vertex   1.661350e+01 4.636328e+01 2.009619e-01
      vertex   1.381105e+01 4.727386e+01 2.009619e-01
    endloop
  endfacet
  facet normal 1.531995e-01 5.893465e-01 -7.932217e-01
    outer loop
      vertex   1.389817e+01 4.757205e+01 4.393398e-01
      vertex   1.381105e+01 4.727386e+01 2.009619e-01
      vertex   1.102828e+01 4.831807e+01 4.393398e-01
    endloop
  endfacet
  facet normal 1.531995e-01 5.893465e-01 -7.932217e-01
    outer loop
      vertex   1.102828e+01 4.831807e+01 4.393398e-01
      vertex   1.381105e+01 4.727386e+01 2.009619e-01
      vertex   1.095916e+01 4.801520e+01 2.009619e-01
    endloop
  endfacet
  facet normal 1.176799e-01 5.974536e-01 -7.932217e-01
    outer loop
      vertex   1.102828e+01 4.831807e+01 4.393398e-01
      vertex   1.095916e+01 4.801520e+01 2.009619e-01
      vertex   8.118924e+00 4.889113e+01 4.393398e-01
    endloop
  endfacet
  facet normal 1.176799e-01 5.974536e-01 -7.932217e-01
    outer loop
      vertex   8.118924e+00 4.889113e+01 4.393398e-01
      vertex   1.095916e+01 4.801520e+01 2.009619e-01
      vertex   8.068032e+00 4.858466e+01 2.009619e-01
    endloop
  endfacet
  facet normal 8.173906e-02 6.034220e-01 -7.932217e-01
    outer loop
      vertex   8.118924e+00 4.889113e+01 4.393398e-01
      vertex   8.068032e+00 4.858466e+01 2.009619e-01
      vertex   5.180500e+00 4.928916e+01 4.393398e-01
    endloop
  endfacet
  facet normal 8.173906e-02 6.034220e-01 -7.932217e-01
    outer loop
      vertex   5.180500e+00 4.928916e+01 4.393398e-01
      vertex   8.068032e+00 4.858466e+01 2.009619e-01
      vertex   5.148027e+00 4.898020e+01 2.009619e-01
    endloop
  endfacet
  facet normal 4.550562e-02 6.072303e-01 -7.932217e-01
    outer loop
      vertex   5.180500e+00 4.928916e+01 4.393398e-01
      vertex   5.148027e+00 4.898020e+01 2.009619e-01
      vertex   2.223531e+00 4.951076e+01 4.393398e-01
    endloop
  endfacet
  facet normal 4.550562e-02 6.072303e-01 -7.932217e-01
    outer loop
      vertex   2.223531e+00 4.951076e+01 4.393398e-01
      vertex   5.148027e+00 4.898020e+01 2.009619e-01
      vertex   2.209593e+00 4.920041e+01 2.009619e-01
    endloop
  endfacet
  facet normal 9.109276e-03 6.088648e-01 -7.932217e-01
    outer loop
      vertex   2.223531e+00 4.951076e+01 4.393398e-01
      vertex   2.209593e+00 4.920041e+01 2.009619e-01
      vertex   -7.413981e-01 4.955511e+01 4.393398e-01
    endloop
  endfacet
  facet normal 9.109276e-03 6.088648e-01 -7.932217e-01
    outer loop
      vertex   -7.413981e-01 4.955511e+01 4.393398e-01
      vertex   2.209593e+00 4.920041e+01 2.009619e-01
      vertex   -7.367508e-01 4.924449e+01 2.009619e-01
    endloop
  endfacet
  facet normal -2.731967e-02 6.083198e-01 -7.932217e-01
    outer loop
      vertex   -7.413981e-01 4.955511e+01 4.393398e-01
      vertex   -7.367508e-01 4.924449e+01 2.009619e-01
      vertex   -3.703673e+00 4.942208e+01 4.393398e-01
    endloop
  endfacet
  facet normal -2.731967e-02 6.083198e-01 -7.932217e-01
    outer loop
      vertex   -3.703673e+00 4.942208e+01 4.393398e-01
      vertex   -7.367508e-01 4.924449e+01 2.009619e-01
      vertex   -3.680457e+00 4.911229e+01 2.009619e-01
    endloop
  endfacet
  facet normal -6.365083e-02 6.055972e-01 -7.932217e-01
    outer loop
      vertex   -3.703673e+00 4.942208e+01 4.393398e-01
      vertex   -3.680457e+00 4.911229e+01 2.009619e-01
      vertex   -6.652689e+00 4.911212e+01 4.393398e-01
    endloop
  endfacet
  facet normal -6.365083e-02 6.055972e-01 -7.932217e-01
    outer loop
      vertex   -6.652689e+00 4.911212e+01 4.393398e-01
      vertex   -3.680457e+00 4.911229e+01 2.009619e-01
      vertex   -6.610988e+00 4.880428e+01 2.009619e-01
    endloop
  endfacet
  facet normal -9.975412e-02 6.007066e-01 -7.932217e-01
    outer loop
      vertex   -6.652689e+00 4.911212e+01 4.393398e-01
      vertex   -6.610988e+00 4.880428e+01 2.009619e-01
      vertex   -9.577891e+00 4.862636e+01 4.393398e-01
    endloop
  endfacet
  facet normal -9.975412e-02 6.007066e-01 -7.932217e-01
    outer loop
      vertex   -9.577891e+00 4.862636e+01 4.393398e-01
      vertex   -6.610988e+00 4.880428e+01 2.009619e-01
      vertex   -9.517854e+00 4.832156e+01 2.009619e-01
    endloop
  endfacet
  facet normal -1.355003e-01 5.936657e-01 -7.932217e-01
    outer loop
      vertex   -9.577891e+00 4.862636e+01 4.393398e-01
      vertex   -9.517854e+00 4.832156e+01 2.009619e-01
      vertex   -1.246881e+01 4.796653e+01 4.393398e-01
    endloop
  endfacet
  facet normal -1.355003e-01 5.936657e-01 -7.932217e-01
    outer loop
      vertex   -1.246881e+01 4.796653e+01 4.393398e-01
      vertex   -9.517854e+00 4.832156e+01 2.009619e-01
      vertex   -1.239065e+01 4.766586e+01 2.009619e-01
    endloop
  endfacet
  facet normal -1.707615e-01 5.844997e-01 -7.932217e-01
    outer loop
      vertex   -1.246881e+01 4.796653e+01 4.393398e-01
      vertex   -1.239065e+01 4.766586e+01 2.009619e-01
      vertex   -1.531509e+01 4.713499e+01 4.393398e-01
    endloop
  endfacet
  facet normal -1.707615e-01 5.844997e-01 -7.932217e-01
    outer loop
      vertex   -1.531509e+01 4.713499e+01 4.393398e-01
      vertex   -1.239065e+01 4.766586e+01 2.009619e-01
      vertex   -1.521909e+01 4.683953e+01 2.009619e-01
    endloop
  endfacet
  facet normal -2.054113e-01 5.732412e-01 -7.932217e-01
    outer loop
      vertex   -1.531509e+01 4.713499e+01 4.393398e-01
      vertex   -1.521909e+01 4.683953e+01 2.009619e-01
      vertex   -1.810654e+01 4.613472e+01 4.393398e-01
    endloop
  endfacet
  facet normal -2.054113e-01 5.732412e-01 -7.932217e-01
    outer loop
      vertex   -1.810654e+01 4.613472e+01 4.393398e-01
      vertex   -1.521909e+01 4.683953e+01 2.009619e-01
      vertex   -1.799305e+01 4.584553e+01 2.009619e-01
    endloop
  endfacet
  facet normal -2.393259e-01 5.599308e-01 -7.932217e-01
    outer loop
      vertex   -1.810654e+01 4.613472e+01 4.393398e-01
      vertex   -1.799305e+01 4.584553e+01 2.009619e-01
      vertex   -2.083318e+01 4.496930e+01 4.393398e-01
    endloop
  endfacet
  facet normal -2.393259e-01 5.599308e-01 -7.932217e-01
    outer loop
      vertex   -2.083318e+01 4.496930e+01 4.393398e-01
      vertex   -1.799305e+01 4.584553e+01 2.009619e-01
      vertex   -2.070259e+01 4.468742e+01 2.009619e-01
    endloop
  endfacet
  facet normal -2.723837e-01 5.446159e-01 -7.932217e-01
    outer loop
      vertex   -2.083318e+01 4.496930e+01 4.393398e-01
      vertex   -2.070259e+01 4.468742e+01 2.009619e-01
      vertex   -2.348524e+01 4.364290e+01 4.393398e-01
    endloop
  endfacet
  facet normal -2.723837e-01 5.446159e-01 -7.932217e-01
    outer loop
      vertex   -2.348524e+01 4.364290e+01 4.393398e-01
      vertex   -2.070259e+01 4.468742e+01 2.009619e-01
      vertex   -2.333803e+01 4.336933e+01 2.009619e-01
    endloop
  endfacet
  facet normal -3.044665e-01 5.273514e-01 -7.932217e-01
    outer loop
      vertex   -2.348524e+01 4.364290e+01 4.393398e-01
      vertex   -2.333803e+01 4.336933e+01 2.009619e-01
      vertex   -2.605323e+01 4.216027e+01 4.393398e-01
    endloop
  endfacet
  facet normal -3.044665e-01 5.273514e-01 -7.932217e-01
    outer loop
      vertex   -2.605323e+01 4.216027e+01 4.393398e-01
      vertex   -2.333803e+01 4.336933e+01 2.009619e-01
      vertex   -2.588993e+01 4.189599e+01 2.009619e-01
    endloop
  endfacet
  facet normal -3.354593e-01 5.081992e-01 -7.932217e-01
    outer loop
      vertex   -2.605323e+01 4.216027e+01 4.393398e-01
      vertex   -2.588993e+01 4.189599e+01 2.009619e-01
      vertex   -2.852796e+01 4.052671e+01 4.393398e-01
    endloop
  endfacet
  facet normal -3.354593e-01 5.081992e-01 -7.932217e-01
    outer loop
      vertex   -2.852796e+01 4.052671e+01 4.393398e-01
      vertex   -2.588993e+01 4.189599e+01 2.009619e-01
      vertex   -2.834914e+01 4.027268e+01 2.009619e-01
    endloop
  endfacet
  facet normal -3.652513e-01 4.872277e-01 -7.932217e-01
    outer loop
      vertex   -2.852796e+01 4.052671e+01 4.393398e-01
      vertex   -2.834914e+01 4.027268e+01 2.009619e-01
      vertex   -3.090057e+01 3.874808e+01 4.393398e-01
    endloop
  endfacet
  facet normal -3.652513e-01 4.872277e-01 -7.932217e-01
    outer loop
      vertex   -3.090057e+01 3.874808e+01 4.393398e-01
      vertex   -2.834914e+01 4.027268e+01 2.009619e-01
      vertex   -3.070687e+01 3.850520e+01 2.009619e-01
    endloop
  endfacet
  facet normal -3.937358e-01 4.645121e-01 -7.932217e-01
    outer loop
      vertex   -3.090057e+01 3.874808e+01 4.393398e-01
      vertex   -3.070687e+01 3.850520e+01 2.009619e-01
      vertex   -3.316255e+01 3.683075e+01 4.393398e-01
    endloop
  endfacet
  facet normal -3.937358e-01 4.645121e-01 -7.932217e-01
    outer loop
      vertex   -3.316255e+01 3.683075e+01 4.393398e-01
      vertex   -3.070687e+01 3.850520e+01 2.009619e-01
      vertex   -3.295468e+01 3.659988e+01 2.009619e-01
    endloop
  endfacet
  facet normal -4.208108e-01 4.401336e-01 -7.932217e-01
    outer loop
      vertex   -3.316255e+01 3.683075e+01 4.393398e-01
      vertex   -3.295468e+01 3.659988e+01 2.009619e-01
      vertex   -3.530583e+01 3.478157e+01 4.393398e-01
    endloop
  endfacet
  facet normal -4.208108e-01 4.401336e-01 -7.932217e-01
    outer loop
      vertex   -3.530583e+01 3.478157e+01 4.393398e-01
      vertex   -3.295468e+01 3.659988e+01 2.009619e-01
      vertex   -3.508452e+01 3.456355e+01 2.009619e-01
    endloop
  endfacet
  facet normal -4.463794e-01 4.141796e-01 -7.932217e-01
    outer loop
      vertex   -3.530583e+01 3.478157e+01 4.393398e-01
      vertex   -3.508452e+01 3.456355e+01 2.009619e-01
      vertex   -3.732272e+01 3.260788e+01 4.393398e-01
    endloop
  endfacet
  facet normal -4.463794e-01 4.141796e-01 -7.932217e-01
    outer loop
      vertex   -3.732272e+01 3.260788e+01 4.393398e-01
      vertex   -3.508452e+01 3.456355e+01 2.009619e-01
      vertex   -3.708877e+01 3.240348e+01 2.009619e-01
    endloop
  endfacet
  facet normal -4.703501e-01 3.867429e-01 -7.932217e-01
    outer loop
      vertex   -3.732272e+01 3.260788e+01 4.393398e-01
      vertex   -3.708877e+01 3.240348e+01 2.009619e-01
      vertex   -3.920600e+01 3.031746e+01 4.393398e-01
    endloop
  endfacet
  facet normal -4.703501e-01 3.867429e-01 -7.932217e-01
    outer loop
      vertex   -3.920600e+01 3.031746e+01 4.393398e-01
      vertex   -3.708877e+01 3.240348e+01 2.009619e-01
      vertex   -3.896025e+01 3.012742e+01 2.009619e-01
    endloop
  endfacet
  facet normal -4.926371e-01 3.579218e-01 -7.932217e-01
    outer loop
      vertex   -3.920600e+01 3.031746e+01 4.393398e-01
      vertex   -3.896025e+01 3.012742e+01 2.009619e-01
      vertex   -4.094894e+01 2.791851e+01 4.393398e-01
    endloop
  endfacet
  facet normal -4.926371e-01 3.579218e-01 -7.932217e-01
    outer loop
      vertex   -4.094894e+01 2.791851e+01 4.393398e-01
      vertex   -3.896025e+01 3.012742e+01 2.009619e-01
      vertex   -4.069226e+01 2.774351e+01 2.009619e-01
    endloop
  endfacet
  facet normal -5.131606e-01 3.278194e-01 -7.932217e-01
    outer loop
      vertex   -4.094894e+01 2.791851e+01 4.393398e-01
      vertex   -4.069226e+01 2.774351e+01 2.009619e-01
      vertex   -4.254529e+01 2.541963e+01 4.393398e-01
    endloop
  endfacet
  facet normal -5.131606e-01 3.278194e-01 -7.932217e-01
    outer loop
      vertex   -4.254529e+01 2.541963e+01 4.393398e-01
      vertex   -4.069226e+01 2.774351e+01 2.009619e-01
      vertex   -4.227860e+01 2.526029e+01 2.009619e-01
    endloop
  endfacet
  facet normal -5.318470e-01 2.965435e-01 -7.932217e-01
    outer loop
      vertex   -4.254529e+01 2.541963e+01 4.393398e-01
      vertex   -4.227860e+01 2.526029e+01 2.009619e-01
      vertex   -4.398934e+01 2.282974e+01 4.393398e-01
    endloop
  endfacet
  facet normal -5.318470e-01 2.965435e-01 -7.932217e-01
    outer loop
      vertex   -4.398934e+01 2.282974e+01 4.393398e-01
      vertex   -4.227860e+01 2.526029e+01 2.009619e-01
      vertex   -4.371360e+01 2.268664e+01 2.009619e-01
    endloop
  endfacet
  facet normal -5.486296e-01 2.642061e-01 -7.932217e-01
    outer loop
      vertex   -4.398934e+01 2.282974e+01 4.393398e-01
      vertex   -4.371360e+01 2.268664e+01 2.009619e-01
      vertex   -4.527592e+01 2.015814e+01 4.393398e-01
    endloop
  endfacet
  facet normal -5.486296e-01 2.642061e-01 -7.932217e-01
    outer loop
      vertex   -4.527592e+01 2.015814e+01 4.393398e-01
      vertex   -4.371360e+01 2.268664e+01 2.009619e-01
      vertex   -4.499211e+01 2.003178e+01 2.009619e-01
    endloop
  endfacet
  facet normal -5.634483e-01 2.309229e-01 -7.932217e-01
    outer loop
      vertex   -4.527592e+01 2.015814e+01 4.393398e-01
      vertex   -4.499211e+01 2.003178e+01 2.009619e-01
      vertex   -4.640042e+01 1.741437e+01 4.393398e-01
    endloop
  endfacet
  facet normal -5.634483e-01 2.309229e-01 -7.932217e-01
    outer loop
      vertex   -4.640042e+01 1.741437e+01 4.393398e-01
      vertex   -4.499211e+01 2.003178e+01 2.009619e-01
      vertex   -4.610957e+01 1.730521e+01 2.009619e-01
    endloop
  endfacet
  facet normal -5.762499e-01 1.968130e-01 -7.932217e-01
    outer loop
      vertex   -4.640042e+01 1.741437e+01 4.393398e-01
      vertex   -4.610957e+01 1.730521e+01 2.009619e-01
      vertex   -4.735882e+01 1.460826e+01 4.393398e-01
    endloop
  endfacet
  facet normal -5.762499e-01 1.968130e-01 -7.932217e-01
    outer loop
      vertex   -4.735882e+01 1.460826e+01 4.393398e-01
      vertex   -4.610957e+01 1.730521e+01 2.009619e-01
      vertex   -4.706196e+01 1.451669e+01 2.009619e-01
    endloop
  endfacet
  facet normal -5.869888e-01 1.619986e-01 -7.932217e-01
    outer loop
      vertex   -4.735882e+01 1.460826e+01 4.393398e-01
      vertex   -4.706196e+01 1.451669e+01 2.009619e-01
      vertex   -4.814769e+01 1.174986e+01 4.393398e-01
    endloop
  endfacet
  facet normal -5.869888e-01 1.619986e-01 -7.932217e-01
    outer loop
      vertex   -4.814769e+01 1.174986e+01 4.393398e-01
      vertex   -4.706196e+01 1.451669e+01 2.009619e-01
      vertex   -4.784588e+01 1.167621e+01 2.009619e-01
    endloop
  endfacet
  facet normal -5.956263e-01 1.266043e-01 -7.932217e-01
    outer loop
      vertex   -4.814769e+01 1.174986e+01 4.393398e-01
      vertex   -4.784588e+01 1.167621e+01 2.009619e-01
      vertex   -4.876420e+01 8.849398e+00 4.393398e-01
    endloop
  endfacet
  facet normal -5.956263e-01 1.266043e-01 -7.932217e-01
    outer loop
      vertex   -4.876420e+01 8.849398e+00 4.393398e-01
      vertex   -4.784588e+01 1.167621e+01 2.009619e-01
      vertex   -4.845853e+01 8.793927e+00 2.009619e-01
    endloop
  endfacet
  facet normal -6.021317e-01 9.075675e-02 -7.932217e-01
    outer loop
      vertex   -4.876420e+01 8.849398e+00 4.393398e-01
      vertex   -4.845853e+01 8.793927e+00 2.009619e-01
      vertex   -4.920615e+01 5.917257e+00 4.393398e-01
    endloop
  endfacet
  facet normal -6.021317e-01 9.075675e-02 -7.932217e-01
    outer loop
      vertex   -4.920615e+01 5.917257e+00 4.393398e-01
      vertex   -4.845853e+01 8.793927e+00 2.009619e-01
      vertex   -4.889771e+01 5.880166e+00 2.009619e-01
    endloop
  endfacet
  facet normal -7.846224e-01 -1.182628e-01 -6.085899e-01
    outer loop
      vertex   -4.944282e+01 -5.945718e+00 7.500000e-01
      vertex   -4.920615e+01 -5.917257e+00 4.393398e-01
      vertex   -4.899875e+01 -8.891962e+00 7.500000e-01
    endloop
  endfacet
  facet normal -7.846224e-01 -1.182628e-01 -6.085899e-01
    outer loop
      vertex   -4.899875e+01 -8.891962e+00 7.500000e-01
      vertex   -4.920615e+01 -5.917257e+00 4.393398e-01
      vertex   -4.876420e+01 -8.849398e+00 4.393398e-01
    endloop
  endfacet
  facet normal -7.761454e-01 -1.649748e-01 -6.085899e-01
    outer loop
      vertex   -4.899875e+01 -8.891962e+00 7.500000e-01
      vertex   -4.876420e+01 -8.849398e+00 4.393398e-01
      vertex   -4.837927e+01 -1.180637e+01 7.500000e-01
    endloop
  endfacet
  facet normal -7.761454e-01 -1.649748e-01 -6.085899e-01
    outer loop
      vertex   -4.837927e+01 -1.180637e+01 7.500000e-01
      vertex   -4.876420e+01 -8.849398e+00 4.393398e-01
      vertex   -4.814769e+01 -1.174986e+01 4.393398e-01
    endloop
  endfacet
  facet normal -7.648900e-01 -2.110962e-01 -6.085899e-01
    outer loop
      vertex   -4.837927e+01 -1.180637e+01 7.500000e-01
      vertex   -4.814769e+01 -1.174986e+01 4.393398e-01
      vertex   -4.758661e+01 -1.467852e+01 7.500000e-01
    endloop
  endfacet
  facet normal -7.648900e-01 -2.110962e-01 -6.085899e-01
    outer loop
      vertex   -4.758661e+01 -1.467852e+01 7.500000e-01
      vertex   -4.814769e+01 -1.174986e+01 4.393398e-01
      vertex   -4.735882e+01 -1.460826e+01 4.393398e-01
    endloop
  endfacet
  facet normal -7.508965e-01 -2.564620e-01 -6.085899e-01
    outer loop
      vertex   -4.758661e+01 -1.467852e+01 7.500000e-01
      vertex   -4.735882e+01 -1.460826e+01 4.393398e-01
      vertex   -4.662360e+01 -1.749813e+01 7.500000e-01
    endloop
  endfacet
  facet normal -7.508965e-01 -2.564620e-01 -6.085899e-01
    outer loop
      vertex   -4.662360e+01 -1.749813e+01 7.500000e-01
      vertex   -4.735882e+01 -1.460826e+01 4.393398e-01
      vertex   -4.640042e+01 -1.741437e+01 4.393398e-01
    endloop
  endfacet
  facet normal -7.342150e-01 -3.009097e-01 -6.085899e-01
    outer loop
      vertex   -4.662360e+01 -1.749813e+01 7.500000e-01
      vertex   -4.640042e+01 -1.741437e+01 4.393398e-01
      vertex   -4.549369e+01 -2.025509e+01 7.500000e-01
    endloop
  endfacet
  facet normal -7.342150e-01 -3.009097e-01 -6.085899e-01
    outer loop
      vertex   -4.549369e+01 -2.025509e+01 7.500000e-01
      vertex   -4.640042e+01 -1.741437e+01 4.393398e-01
      vertex   -4.527592e+01 -2.015814e+01 4.393398e-01
    endloop
  endfacet
  facet normal -7.149052e-01 -3.442802e-01 -6.085899e-01
    outer loop
      vertex   -4.549369e+01 -2.025509e+01 7.500000e-01
      vertex   -4.527592e+01 -2.015814e+01 4.393398e-01
      vertex   -4.420092e+01 -2.293955e+01 7.500000e-01
    endloop
  endfacet
  facet normal -7.149052e-01 -3.442802e-01 -6.085899e-01
    outer loop
      vertex   -4.420092e+01 -2.293955e+01 7.500000e-01
      vertex   -4.527592e+01 -2.015814e+01 4.393398e-01
      vertex   -4.398934e+01 -2.282974e+01 4.393398e-01
    endloop
  endfacet
  facet normal -6.930362e-01 -3.864183e-01 -6.085899e-01
    outer loop
      vertex   -4.420092e+01 -2.293955e+01 7.500000e-01
      vertex   -4.398934e+01 -2.282974e+01 4.393398e-01
      vertex   -4.274992e+01 -2.554189e+01 7.500000e-01
    endloop
  endfacet
  facet normal -6.930362e-01 -3.864183e-01 -6.085899e-01
    outer loop
      vertex   -4.274992e+01 -2.554189e+01 7.500000e-01
      vertex   -4.398934e+01 -2.282974e+01 4.393398e-01
      vertex   -4.254529e+01 -2.541963e+01 4.393398e-01
    endloop
  endfacet
  facet normal -6.686864e-01 -4.271731e-01 -6.085899e-01
    outer loop
      vertex   -4.274992e+01 -2.554189e+01 7.500000e-01
      vertex   -4.254529e+01 -2.541963e+01 4.393398e-01
      vertex   -4.114590e+01 -2.805280e+01 7.500000e-01
    endloop
  endfacet
  facet normal -6.686864e-01 -4.271731e-01 -6.085899e-01
    outer loop
      vertex   -4.114590e+01 -2.805280e+01 7.500000e-01
      vertex   -4.254529e+01 -2.541963e+01 4.393398e-01
      vertex   -4.094894e+01 -2.791851e+01 4.393398e-01
    endloop
  endfacet
  facet normal -6.419428e-01 -4.663987e-01 -6.085899e-01
    outer loop
      vertex   -4.114590e+01 -2.805280e+01 7.500000e-01
      vertex   -4.094894e+01 -2.791851e+01 4.393398e-01
      vertex   -3.939458e+01 -3.046328e+01 7.500000e-01
    endloop
  endfacet
  facet normal -6.419428e-01 -4.663987e-01 -6.085899e-01
    outer loop
      vertex   -3.939458e+01 -3.046328e+01 7.500000e-01
      vertex   -4.094894e+01 -2.791851e+01 4.393398e-01
      vertex   -3.920600e+01 -3.031746e+01 4.393398e-01
    endloop
  endfacet
  facet normal -6.129012e-01 -5.039548e-01 -6.085899e-01
    outer loop
      vertex   -3.939458e+01 -3.046328e+01 7.500000e-01
      vertex   -3.920600e+01 -3.031746e+01 4.393398e-01
      vertex   -3.750223e+01 -3.276472e+01 7.500000e-01
    endloop
  endfacet
  facet normal -6.129012e-01 -5.039548e-01 -6.085899e-01
    outer loop
      vertex   -3.750223e+01 -3.276472e+01 7.500000e-01
      vertex   -3.920600e+01 -3.031746e+01 4.393398e-01
      vertex   -3.732272e+01 -3.260788e+01 4.393398e-01
    endloop
  endfacet
  facet normal -5.816656e-01 -5.397068e-01 -6.085899e-01
    outer loop
      vertex   -3.750223e+01 -3.276472e+01 7.500000e-01
      vertex   -3.732272e+01 -3.260788e+01 4.393398e-01
      vertex   -3.547564e+01 -3.494886e+01 7.500000e-01
    endloop
  endfacet
  facet normal -5.816656e-01 -5.397068e-01 -6.085899e-01
    outer loop
      vertex   -3.547564e+01 -3.494886e+01 7.500000e-01
      vertex   -3.732272e+01 -3.260788e+01 4.393398e-01
      vertex   -3.530583e+01 -3.478157e+01 4.393398e-01
    endloop
  endfacet
  facet normal -5.483478e-01 -5.735268e-01 -6.085899e-01
    outer loop
      vertex   -3.547564e+01 -3.494886e+01 7.500000e-01
      vertex   -3.530583e+01 -3.478157e+01 4.393398e-01
      vertex   -3.332206e+01 -3.700790e+01 7.500000e-01
    endloop
  endfacet
  facet normal -5.483478e-01 -5.735268e-01 -6.085899e-01
    outer loop
      vertex   -3.332206e+01 -3.700790e+01 7.500000e-01
      vertex   -3.530583e+01 -3.478157e+01 4.393398e-01
      vertex   -3.316255e+01 -3.683075e+01 4.393398e-01
    endloop
  endfacet
  facet normal -5.130670e-01 -6.052938e-01 -6.085899e-01
    outer loop
      vertex   -3.332206e+01 -3.700790e+01 7.500000e-01
      vertex   -3.316255e+01 -3.683075e+01 4.393398e-01
      vertex   -3.104919e+01 -3.893446e+01 7.500000e-01
    endloop
  endfacet
  facet normal -5.130670e-01 -6.052938e-01 -6.085899e-01
    outer loop
      vertex   -3.104919e+01 -3.893446e+01 7.500000e-01
      vertex   -3.316255e+01 -3.683075e+01 4.393398e-01
      vertex   -3.090057e+01 -3.874808e+01 4.393398e-01
    endloop
  endfacet
  facet normal -4.759496e-01 -6.348939e-01 -6.085899e-01
    outer loop
      vertex   -3.104919e+01 -3.893446e+01 7.500000e-01
      vertex   -3.090057e+01 -3.874808e+01 4.393398e-01
      vertex   -2.866518e+01 -4.072164e+01 7.500000e-01
    endloop
  endfacet
  facet normal -4.759496e-01 -6.348939e-01 -6.085899e-01
    outer loop
      vertex   -2.866518e+01 -4.072164e+01 7.500000e-01
      vertex   -3.090057e+01 -3.874808e+01 4.393398e-01
      vertex   -2.852796e+01 -4.052671e+01 4.393398e-01
    endloop
  endfacet
  facet normal -4.371285e-01 -6.622213e-01 -6.085899e-01
    outer loop
      vertex   -2.866518e+01 -4.072164e+01 7.500000e-01
      vertex   -2.852796e+01 -4.052671e+01 4.393398e-01
      vertex   -2.617855e+01 -4.236305e+01 7.500000e-01
    endloop
  endfacet
  facet normal -4.371285e-01 -6.622213e-01 -6.085899e-01
    outer loop
      vertex   -2.617855e+01 -4.236305e+01 7.500000e-01
      vertex   -2.852796e+01 -4.052671e+01 4.393398e-01
      vertex   -2.605323e+01 -4.216027e+01 4.393398e-01
    endloop
  endfacet
  facet normal -3.967425e-01 -6.871781e-01 -6.085899e-01
    outer loop
      vertex   -2.617855e+01 -4.236305e+01 7.500000e-01
      vertex   -2.605323e+01 -4.216027e+01 4.393398e-01
      vertex   -2.359820e+01 -4.385281e+01 7.500000e-01
    endloop
  endfacet
  facet normal -3.967425e-01 -6.871781e-01 -6.085899e-01
    outer loop
      vertex   -2.359820e+01 -4.385281e+01 7.500000e-01
      vertex   -2.605323e+01 -4.216027e+01 4.393398e-01
      vertex   -2.348524e+01 -4.364290e+01 4.393398e-01
    endloop
  endfacet
  facet normal -3.549362e-01 -7.096750e-01 -6.085899e-01
    outer loop
      vertex   -2.359820e+01 -4.385281e+01 7.500000e-01
      vertex   -2.348524e+01 -4.364290e+01 4.393398e-01
      vertex   -2.093339e+01 -4.518559e+01 7.500000e-01
    endloop
  endfacet
  facet normal -3.549362e-01 -7.096750e-01 -6.085899e-01
    outer loop
      vertex   -2.093339e+01 -4.518559e+01 7.500000e-01
      vertex   -2.348524e+01 -4.364290e+01 4.393398e-01
      vertex   -2.083318e+01 -4.496930e+01 4.393398e-01
    endloop
  endfacet
  facet normal -3.118594e-01 -7.296314e-01 -6.085899e-01
    outer loop
      vertex   -2.093339e+01 -4.518559e+01 7.500000e-01
      vertex   -2.083318e+01 -4.496930e+01 4.393398e-01
      vertex   -1.819363e+01 -4.635662e+01 7.500000e-01
    endloop
  endfacet
  facet normal -3.118594e-01 -7.296314e-01 -6.085899e-01
    outer loop
      vertex   -1.819363e+01 -4.635662e+01 7.500000e-01
      vertex   -2.083318e+01 -4.496930e+01 4.393398e-01
      vertex   -1.810654e+01 -4.613472e+01 4.393398e-01
    endloop
  endfacet
  facet normal -2.676663e-01 -7.469760e-01 -6.085899e-01
    outer loop
      vertex   -1.819363e+01 -4.635662e+01 7.500000e-01
      vertex   -1.810654e+01 -4.613472e+01 4.393398e-01
      vertex   -1.538875e+01 -4.736170e+01 7.500000e-01
    endloop
  endfacet
  facet normal -2.676663e-01 -7.469760e-01 -6.085899e-01
    outer loop
      vertex   -1.538875e+01 -4.736170e+01 7.500000e-01
      vertex   -1.810654e+01 -4.613472e+01 4.393398e-01
      vertex   -1.531509e+01 -4.713499e+01 4.393398e-01
    endloop
  endfacet
  facet normal -2.225149e-01 -7.616465e-01 -6.085899e-01
    outer loop
      vertex   -1.538875e+01 -4.736170e+01 7.500000e-01
      vertex   -1.531509e+01 -4.713499e+01 4.393398e-01
      vertex   -1.252878e+01 -4.819724e+01 7.500000e-01
    endloop
  endfacet
  facet normal -2.225149e-01 -7.616465e-01 -6.085899e-01
    outer loop
      vertex   -1.252878e+01 -4.819724e+01 7.500000e-01
      vertex   -1.531509e+01 -4.713499e+01 4.393398e-01
      vertex   -1.246881e+01 -4.796653e+01 4.393398e-01
    endloop
  endfacet
  facet normal -1.765670e-01 -7.735906e-01 -6.085899e-01
    outer loop
      vertex   -1.252878e+01 -4.819724e+01 7.500000e-01
      vertex   -1.246881e+01 -4.796653e+01 4.393398e-01
      vertex   -9.623959e+00 -4.886025e+01 7.500000e-01
    endloop
  endfacet
  facet normal -1.765670e-01 -7.735906e-01 -6.085899e-01
    outer loop
      vertex   -9.623959e+00 -4.886025e+01 7.500000e-01
      vertex   -1.246881e+01 -4.796653e+01 4.393398e-01
      vertex   -9.577891e+00 -4.862636e+01 4.393398e-01
    endloop
  endfacet
  facet normal -1.299870e-01 -7.827654e-01 -6.085899e-01
    outer loop
      vertex   -9.623959e+00 -4.886025e+01 7.500000e-01
      vertex   -9.577891e+00 -4.862636e+01 4.393398e-01
      vertex   -6.684688e+00 -4.934834e+01 7.500000e-01
    endloop
  endfacet
  facet normal -1.299870e-01 -7.827654e-01 -6.085899e-01
    outer loop
      vertex   -6.684688e+00 -4.934834e+01 7.500000e-01
      vertex   -9.577891e+00 -4.862636e+01 4.393398e-01
      vertex   -6.652689e+00 -4.911212e+01 4.393398e-01
    endloop
  endfacet
  facet normal -8.294176e-02 -7.891381e-01 -6.085899e-01
    outer loop
      vertex   -6.684688e+00 -4.934834e+01 7.500000e-01
      vertex   -6.652689e+00 -4.911212e+01 4.393398e-01
      vertex   -3.721487e+00 -4.965979e+01 7.500000e-01
    endloop
  endfacet
  facet normal -8.294176e-02 -7.891381e-01 -6.085899e-01
    outer loop
      vertex   -3.721487e+00 -4.965979e+01 7.500000e-01
      vertex   -6.652689e+00 -4.911212e+01 4.393398e-01
      vertex   -3.703673e+00 -4.942208e+01 4.393398e-01
    endloop
  endfacet
  facet normal -3.559957e-02 -7.926859e-01 -6.085899e-01
    outer loop
      vertex   -3.721487e+00 -4.965979e+01 7.500000e-01
      vertex   -3.703673e+00 -4.942208e+01 4.393398e-01
      vertex   -7.449641e-01 -4.979347e+01 7.500000e-01
    endloop
  endfacet
  facet normal -3.559957e-02 -7.926859e-01 -6.085899e-01
    outer loop
      vertex   -7.449641e-01 -4.979347e+01 7.500000e-01
      vertex   -3.703673e+00 -4.942208e+01 4.393398e-01
      vertex   -7.413981e-01 -4.955511e+01 4.393398e-01
    endloop
  endfacet
  facet normal 1.187006e-02 -7.933961e-01 -6.085899e-01
    outer loop
      vertex   -7.449641e-01 -4.979347e+01 7.500000e-01
      vertex   -7.413981e-01 -4.955511e+01 4.393398e-01
      vertex   2.234225e+00 -4.974889e+01 7.500000e-01
    endloop
  endfacet
  facet normal 1.187006e-02 -7.933961e-01 -6.085899e-01
    outer loop
      vertex   2.234225e+00 -4.974889e+01 7.500000e-01
      vertex   -7.413981e-01 -4.955511e+01 4.393398e-01
      vertex   2.223531e+00 -4.951076e+01 4.393398e-01
    endloop
  endfacet
  facet normal 5.929720e-02 -7.912662e-01 -6.085899e-01
    outer loop
      vertex   2.234225e+00 -4.974889e+01 7.500000e-01
      vertex   2.223531e+00 -4.951076e+01 4.393398e-01
      vertex   5.205417e+00 -4.952623e+01 7.500000e-01
    endloop
  endfacet
  facet normal 5.929720e-02 -7.912662e-01 -6.085899e-01
    outer loop
      vertex   5.205417e+00 -4.952623e+01 7.500000e-01
      vertex   2.223531e+00 -4.951076e+01 4.393398e-01
      vertex   5.180500e+00 -4.928916e+01 4.393398e-01
    endloop
  endfacet
  facet normal 1.065121e-01 -7.863037e-01 -6.085899e-01
    outer loop
      vertex   5.205417e+00 -4.952623e+01 7.500000e-01
      vertex   5.180500e+00 -4.928916e+01 4.393398e-01
      vertex   8.157974e+00 -4.912628e+01 7.500000e-01
    endloop
  endfacet
  facet normal 1.065121e-01 -7.863037e-01 -6.085899e-01
    outer loop
      vertex   8.157974e+00 -4.912628e+01 7.500000e-01
      vertex   5.180500e+00 -4.928916e+01 4.393398e-01
      vertex   8.118924e+00 -4.889113e+01 4.393398e-01
    endloop
  endfacet
  facet normal 1.533457e-01 -7.785265e-01 -6.085899e-01
    outer loop
      vertex   8.157974e+00 -4.912628e+01 7.500000e-01
      vertex   8.118924e+00 -4.889113e+01 4.393398e-01
      vertex   1.108133e+01 -4.855047e+01 7.500000e-01
    endloop
  endfacet
  facet normal 1.533457e-01 -7.785265e-01 -6.085899e-01
    outer loop
      vertex   1.108133e+01 -4.855047e+01 7.500000e-01
      vertex   8.118924e+00 -4.889113e+01 4.393398e-01
      vertex   1.102828e+01 -4.831807e+01 4.393398e-01
    endloop
  endfacet
  facet normal 1.996303e-01 -7.679623e-01 -6.085899e-01
    outer loop
      vertex   1.108133e+01 -4.855047e+01 7.500000e-01
      vertex   1.102828e+01 -4.831807e+01 4.393398e-01
      vertex   1.396501e+01 -4.780086e+01 7.500000e-01
    endloop
  endfacet
  facet normal 1.996303e-01 -7.679623e-01 -6.085899e-01
    outer loop
      vertex   1.396501e+01 -4.780086e+01 7.500000e-01
      vertex   1.102828e+01 -4.831807e+01 4.393398e-01
      vertex   1.389817e+01 -4.757205e+01 4.393398e-01
    endloop
  endfacet
  facet normal 2.452003e-01 -7.546490e-01 -6.085899e-01
    outer loop
      vertex   1.396501e+01 -4.780086e+01 7.500000e-01
      vertex   1.389817e+01 -4.757205e+01 4.393398e-01
      vertex   1.679871e+01 -4.688014e+01 7.500000e-01
    endloop
  endfacet
  facet normal 2.452003e-01 -7.546490e-01 -6.085899e-01
    outer loop
      vertex   1.679871e+01 -4.688014e+01 7.500000e-01
      vertex   1.389817e+01 -4.757205e+01 4.393398e-01
      vertex   1.671830e+01 -4.665573e+01 4.393398e-01
    endloop
  endfacet
  facet normal 2.898926e-01 -7.386343e-01 -6.085899e-01
    outer loop
      vertex   1.679871e+01 -4.688014e+01 7.500000e-01
      vertex   1.671830e+01 -4.665573e+01 4.393398e-01
      vertex   1.957227e+01 -4.579160e+01 7.500000e-01
    endloop
  endfacet
  facet normal 2.898926e-01 -7.386343e-01 -6.085899e-01
    outer loop
      vertex   1.957227e+01 -4.579160e+01 7.500000e-01
      vertex   1.671830e+01 -4.665573e+01 4.393398e-01
      vertex   1.947858e+01 -4.557240e+01 4.393398e-01
    endloop
  endfacet
  facet normal 3.335471e-01 -7.199755e-01 -6.085899e-01
    outer loop
      vertex   1.957227e+01 -4.579160e+01 7.500000e-01
      vertex   1.947858e+01 -4.557240e+01 4.393398e-01
      vertex   2.227576e+01 -4.453913e+01 7.500000e-01
    endloop
  endfacet
  facet normal 3.335471e-01 -7.199755e-01 -6.085899e-01
    outer loop
      vertex   2.227576e+01 -4.453913e+01 7.500000e-01
      vertex   1.947858e+01 -4.557240e+01 4.393398e-01
      vertex   2.216913e+01 -4.432593e+01 4.393398e-01
    endloop
  endfacet
  facet normal 3.760076e-01 -6.987393e-01 -6.085899e-01
    outer loop
      vertex   2.227576e+01 -4.453913e+01 7.500000e-01
      vertex   2.216913e+01 -4.432593e+01 4.393398e-01
      vertex   2.489952e+01 -4.312723e+01 7.500000e-01
    endloop
  endfacet
  facet normal 3.760076e-01 -6.987393e-01 -6.085899e-01
    outer loop
      vertex   2.489952e+01 -4.312723e+01 7.500000e-01
      vertex   2.216913e+01 -4.432593e+01 4.393398e-01
      vertex   2.478033e+01 -4.292079e+01 4.393398e-01
    endloop
  endfacet
  facet normal 4.171222e-01 -6.750018e-01 -6.085899e-01
    outer loop
      vertex   2.489952e+01 -4.312723e+01 7.500000e-01
      vertex   2.478033e+01 -4.292079e+01 4.393398e-01
      vertex   2.743414e+01 -4.156095e+01 7.500000e-01
    endloop
  endfacet
  facet normal 4.171222e-01 -6.750018e-01 -6.085899e-01
    outer loop
      vertex   2.743414e+01 -4.156095e+01 7.500000e-01
      vertex   2.478033e+01 -4.292079e+01 4.393398e-01
      vertex   2.730282e+01 -4.136200e+01 4.393398e-01
    endloop
  endfacet
  facet normal 4.567435e-01 -6.488480e-01 -6.085899e-01
    outer loop
      vertex   2.743414e+01 -4.156095e+01 7.500000e-01
      vertex   2.730282e+01 -4.136200e+01 4.393398e-01
      vertex   2.987055e+01 -3.984588e+01 7.500000e-01
    endloop
  endfacet
  facet normal 4.567435e-01 -6.488480e-01 -6.085899e-01
    outer loop
      vertex   2.987055e+01 -3.984588e+01 7.500000e-01
      vertex   2.730282e+01 -4.136200e+01 4.393398e-01
      vertex   2.972757e+01 -3.965515e+01 4.393398e-01
    endloop
  endfacet
  facet normal 4.947298e-01 -6.203715e-01 -6.085899e-01
    outer loop
      vertex   2.987055e+01 -3.984588e+01 7.500000e-01
      vertex   2.972757e+01 -3.965515e+01 4.393398e-01
      vertex   3.220004e+01 -3.798818e+01 7.500000e-01
    endloop
  endfacet
  facet normal 4.947298e-01 -6.203715e-01 -6.085899e-01
    outer loop
      vertex   3.220004e+01 -3.798818e+01 7.500000e-01
      vertex   2.972757e+01 -3.965515e+01 4.393398e-01
      vertex   3.204590e+01 -3.780634e+01 4.393398e-01
    endloop
  endfacet
  facet normal 5.309451e-01 -5.896742e-01 -6.085899e-01
    outer loop
      vertex   3.220004e+01 -3.798818e+01 7.500000e-01
      vertex   3.204590e+01 -3.780634e+01 4.393398e-01
      vertex   3.441426e+01 -3.599449e+01 7.500000e-01
    endloop
  endfacet
  facet normal 5.309451e-01 -5.896742e-01 -6.085899e-01
    outer loop
      vertex   3.441426e+01 -3.599449e+01 7.500000e-01
      vertex   3.204590e+01 -3.780634e+01 4.393398e-01
      vertex   3.424952e+01 -3.582219e+01 4.393398e-01
    endloop
  endfacet
  facet normal 5.652597e-01 -5.568661e-01 -6.085899e-01
    outer loop
      vertex   3.441426e+01 -3.599449e+01 7.500000e-01
      vertex   3.424952e+01 -3.582219e+01 4.393398e-01
      vertex   3.650528e+01 -3.387195e+01 7.500000e-01
    endloop
  endfacet
  facet normal 5.652597e-01 -5.568661e-01 -6.085899e-01
    outer loop
      vertex   3.650528e+01 -3.387195e+01 7.500000e-01
      vertex   3.424952e+01 -3.582219e+01 4.393398e-01
      vertex   3.633053e+01 -3.370981e+01 4.393398e-01
    endloop
  endfacet
  facet normal 5.975509e-01 -5.220645e-01 -6.085899e-01
    outer loop
      vertex   3.650528e+01 -3.387195e+01 7.500000e-01
      vertex   3.633053e+01 -3.370981e+01 4.393398e-01
      vertex   3.846562e+01 -3.162815e+01 7.500000e-01
    endloop
  endfacet
  facet normal 5.975509e-01 -5.220645e-01 -6.085899e-01
    outer loop
      vertex   3.846562e+01 -3.162815e+01 7.500000e-01
      vertex   3.633053e+01 -3.370981e+01 4.393398e-01
      vertex   3.828149e+01 -3.147676e+01 4.393398e-01
    endloop
  endfacet
  facet normal 6.277029e-01 -4.853940e-01 -6.085899e-01
    outer loop
      vertex   3.846562e+01 -3.162815e+01 7.500000e-01
      vertex   3.828149e+01 -3.147676e+01 4.393398e-01
      vertex   4.028827e+01 -2.927114e+01 7.500000e-01
    endloop
  endfacet
  facet normal 6.277029e-01 -4.853940e-01 -6.085899e-01
    outer loop
      vertex   4.028827e+01 -2.927114e+01 7.500000e-01
      vertex   3.828149e+01 -3.147676e+01 4.393398e-01
      vertex   4.009542e+01 -2.913103e+01 4.393398e-01
    endloop
  endfacet
  facet normal 6.556080e-01 -4.469860e-01 -6.085899e-01
    outer loop
      vertex   4.028827e+01 -2.927114e+01 7.500000e-01
      vertex   4.009542e+01 -2.913103e+01 4.393398e-01
      vertex   4.196669e+01 -2.680934e+01 7.500000e-01
    endloop
  endfacet
  facet normal 6.556080e-01 -4.469860e-01 -6.085899e-01
    outer loop
      vertex   4.196669e+01 -2.680934e+01 7.500000e-01
      vertex   4.009542e+01 -2.913103e+01 4.393398e-01
      vertex   4.176581e+01 -2.668101e+01 4.393398e-01
    endloop
  endfacet
  facet normal 6.811662e-01 -4.069778e-01 -6.085899e-01
    outer loop
      vertex   4.196669e+01 -2.680934e+01 7.500000e-01
      vertex   4.176581e+01 -2.668101e+01 4.393398e-01
      vertex   4.349489e+01 -2.425158e+01 7.500000e-01
    endloop
  endfacet
  facet normal 6.811662e-01 -4.069778e-01 -6.085899e-01
    outer loop
      vertex   4.349489e+01 -2.425158e+01 7.500000e-01
      vertex   4.176581e+01 -2.668101e+01 4.393398e-01
      vertex   4.328669e+01 -2.413549e+01 4.393398e-01
    endloop
  endfacet
  facet normal 7.042859e-01 -3.655128e-01 -6.085899e-01
    outer loop
      vertex   4.349489e+01 -2.425158e+01 7.500000e-01
      vertex   4.328669e+01 -2.413549e+01 4.393398e-01
      vertex   4.486738e+01 -2.160699e+01 7.500000e-01
    endloop
  endfacet
  facet normal 7.042859e-01 -3.655128e-01 -6.085899e-01
    outer loop
      vertex   4.486738e+01 -2.160699e+01 7.500000e-01
      vertex   4.328669e+01 -2.413549e+01 4.393398e-01
      vertex   4.465261e+01 -2.150356e+01 4.393398e-01
    endloop
  endfacet
  facet normal 7.248846e-01 -3.227394e-01 -6.085899e-01
    outer loop
      vertex   4.486738e+01 -2.160699e+01 7.500000e-01
      vertex   4.465261e+01 -2.150356e+01 4.393398e-01
      vertex   4.607926e+01 -1.888506e+01 7.500000e-01
    endloop
  endfacet
  facet normal 7.248846e-01 -3.227394e-01 -6.085899e-01
    outer loop
      vertex   4.607926e+01 -1.888506e+01 7.500000e-01
      vertex   4.465261e+01 -2.150356e+01 4.393398e-01
      vertex   4.585869e+01 -1.879466e+01 4.393398e-01
    endloop
  endfacet
  facet normal 7.428883e-01 -2.788106e-01 -6.085899e-01
    outer loop
      vertex   4.607926e+01 -1.888506e+01 7.500000e-01
      vertex   4.585869e+01 -1.879466e+01 4.393398e-01
      vertex   4.712619e+01 -1.609553e+01 7.500000e-01
    endloop
  endfacet
  facet normal 7.428883e-01 -2.788106e-01 -6.085899e-01
    outer loop
      vertex   4.712619e+01 -1.609553e+01 7.500000e-01
      vertex   4.585869e+01 -1.879466e+01 4.393398e-01
      vertex   4.690061e+01 -1.601848e+01 4.393398e-01
    endloop
  endfacet
  facet normal 7.582326e-01 -2.338838e-01 -6.085899e-01
    outer loop
      vertex   4.712619e+01 -1.609553e+01 7.500000e-01
      vertex   4.690061e+01 -1.601848e+01 4.393398e-01
      vertex   4.800442e+01 -1.324838e+01 7.500000e-01
    endloop
  endfacet
  facet normal 7.582326e-01 -2.338838e-01 -6.085899e-01
    outer loop
      vertex   4.800442e+01 -1.324838e+01 7.500000e-01
      vertex   4.690061e+01 -1.601848e+01 4.393398e-01
      vertex   4.777464e+01 -1.318496e+01 4.393398e-01
    endloop
  endfacet
  facet normal 7.708627e-01 -1.881197e-01 -6.085899e-01
    outer loop
      vertex   4.800442e+01 -1.324838e+01 7.500000e-01
      vertex   4.777464e+01 -1.318496e+01 4.393398e-01
      vertex   4.871081e+01 -1.035380e+01 7.500000e-01
    endloop
  endfacet
  facet normal 7.708627e-01 -1.881197e-01 -6.085899e-01
    outer loop
      vertex   4.871081e+01 -1.035380e+01 7.500000e-01
      vertex   4.777464e+01 -1.318496e+01 4.393398e-01
      vertex   4.847764e+01 -1.030424e+01 4.393398e-01
    endloop
  endfacet
  facet normal 7.807333e-01 -1.416822e-01 -6.085899e-01
    outer loop
      vertex   4.871081e+01 -1.035380e+01 7.500000e-01
      vertex   4.847764e+01 -1.030424e+01 4.393398e-01
      vertex   4.924282e+01 -7.422161e+00 7.500000e-01
    endloop
  endfacet
  facet normal 7.807333e-01 -1.416822e-01 -6.085899e-01
    outer loop
      vertex   4.924282e+01 -7.422161e+00 7.500000e-01
      vertex   4.847764e+01 -1.030424e+01 4.393398e-01
      vertex   4.900711e+01 -7.386633e+00 4.393398e-01
    endloop
  endfacet
  facet normal 7.878091e-01 -9.473752e-02 -6.085899e-01
    outer loop
      vertex   4.924282e+01 -7.422161e+00 7.500000e-01
      vertex   4.900711e+01 -7.386633e+00 4.393398e-01
      vertex   4.959856e+01 -4.463951e+00 7.500000e-01
    endloop
  endfacet
  facet normal 7.878091e-01 -9.473752e-02 -6.085899e-01
    outer loop
      vertex   4.959856e+01 -4.463951e+00 7.500000e-01
      vertex   4.900711e+01 -7.386633e+00 4.393398e-01
      vertex   4.936114e+01 -4.442583e+00 4.393398e-01
    endloop
  endfacet
  facet normal 7.920647e-01 -4.745370e-02 -6.085899e-01
    outer loop
      vertex   4.959856e+01 -4.463951e+00 7.500000e-01
      vertex   4.936114e+01 -4.442583e+00 4.393398e-01
      vertex   4.977675e+01 -1.489761e+00 7.500000e-01
    endloop
  endfacet
  facet normal 7.920647e-01 -4.745370e-02 -6.085899e-01
    outer loop
      vertex   4.977675e+01 -1.489761e+00 7.500000e-01
      vertex   4.936114e+01 -4.442583e+00 4.393398e-01
      vertex   4.953848e+01 -1.482630e+00 4.393398e-01
    endloop
  endfacet
  facet normal 7.934849e-01 0.000000e+00 -6.085899e-01
    outer loop
      vertex   4.977675e+01 -1.489761e+00 7.500000e-01
      vertex   4.953848e+01 -1.482630e+00 4.393398e-01
      vertex   4.977675e+01 1.489761e+00 7.500000e-01
    endloop
  endfacet
  facet normal 7.934849e-01 0.000000e+00 -6.085899e-01
    outer loop
      vertex   4.977675e+01 1.489761e+00 7.500000e-01
      vertex   4.953848e+01 -1.482630e+00 4.393398e-01
      vertex   4.953848e+01 1.482630e+00 4.393398e-01
    endloop
  endfacet
  facet normal 7.920647e-01 4.745370e-02 -6.085899e-01
    outer loop
      vertex   4.977675e+01 1.489761e+00 7.500000e-01
      vertex   4.953848e+01 1.482630e+00 4.393398e-01
      vertex   4.959856e+01 4.463951e+00 7.500000e-01
    endloop
  endfacet
  facet normal 7.920647e-01 4.745370e-02 -6.085899e-01
    outer loop
      vertex   4.959856e+01 4.463951e+00 7.500000e-01
      vertex   4.953848e+01 1.482630e+00 4.393398e-01
      vertex   4.936114e+01 4.442583e+00 4.393398e-01
    endloop
  endfacet
  facet normal 7.878091e-01 9.473752e-02 -6.085899e-01
    outer loop
      vertex   4.959856e+01 4.463951e+00 7.500000e-01
      vertex   4.936114e+01 4.442583e+00 4.393398e-01
      vertex   4.924282e+01 7.422161e+00 7.500000e-01
    endloop
  endfacet
  facet normal 7.878091e-01 9.473752e-02 -6.085899e-01
    outer loop
      vertex   4.924282e+01 7.422161e+00 7.500000e-01
      vertex   4.936114e+01 4.442583e+00 4.393398e-01
      vertex   4.900711e+01 7.386633e+00 4.393398e-01
    endloop
  endfacet
  facet normal 7.807333e-01 1.416822e-01 -6.085899e-01
    outer loop
      vertex   4.924282e+01 7.422161e+00 7.500000e-01
      vertex   4.900711e+01 7.386633e+00 4.393398e-01
      vertex   4.871081e+01 1.035380e+01 7.500000e-01
    endloop
  endfacet
  facet normal 7.807333e-01 1.416822e-01 -6.085899e-01
    outer loop
      vertex   4.871081e+01 1.035380e+01 7.500000e-01
      vertex   4.900711e+01 7.386633e+00 4.393398e-01
      vertex   4.847764e+01 1.030424e+01 4.393398e-01
    endloop
  endfacet
  facet normal 7.708627e-01 1.881197e-01 -6.085899e-01
    outer loop
      vertex   4.871081e+01 1.035380e+01 7.500000e-01
      vertex   4.847764e+01 1.030424e+01 4.393398e-01
      vertex   4.800442e+01 1.324838e+01 7.500000e-01
    endloop
  endfacet
  facet normal 7.708627e-01 1.881197e-01 -6.085899e-01
    outer loop
      vertex   4.800442e+01 1.324838e+01 7.500000e-01
      vertex   4.847764e+01 1.030424e+01 4.393398e-01
      vertex   4.777464e+01 1.318496e+01 4.393398e-01
    endloop
  endfacet
  facet normal 7.582326e-01 2.338838e-01 -6.085899e-01
    outer loop
      vertex   4.800442e+01 1.324838e+01 7.500000e-01
      vertex   4.777464e+01 1.318496e+01 4.393398e-01
      vertex   4.712619e+01 1.609553e+01 7.500000e-01
    endloop
  endfacet
  facet normal 7.582326e-01 2.338838e-01 -6.085899e-01
    outer loop
      vertex   4.712619e+01 1.609553e+01 7.500000e-01
      vertex   4.777464e+01 1.318496e+01 4.393398e-01
      vertex   4.690061e+01 1.601848e+01 4.393398e-01
    endloop
  endfacet
  facet normal 7.428883e-01 2.788106e-01 -6.085899e-01
    outer loop
      vertex   4.712619e+01 1.609553e+01 7.500000e-01
      vertex   4.690061e+01 1.601848e+01 4.393398e-01
      vertex   4.607926e+01 1.888506e+01 7.500000e-01
    endloop
  endfacet
  facet normal 7.428883e-01 2.788106e-01 -6.085899e-01
    outer loop
      vertex   4.607926e+01 1.888506e+01 7.500000e-01
      vertex   4.690061e+01 1.601848e+01 4.393398e-01
      vertex   4.585869e+01 1.879466e+01 4.393398e-01
    endloop
  endfacet
  facet normal 7.248846e-01 3.227394e-01 -6.085899e-01
    outer loop
      vertex   4.607926e+01 1.888506e+01 7.500000e-01
      vertex   4.585869e+01 1.879466e+01 4.393398e-01
      vertex   4.486738e+01 2.160699e+01 7.500000e-01
    endloop
  endfacet
  facet normal 7.248846e-01 3.227394e-01 -6.085899e-01
    outer loop
      vertex   4.486738e+01 2.160699e+01 7.500000e-01
      vertex   4.585869e+01 1.879466e+01 4.393398e-01
      vertex   4.465261e+01 2.150356e+01 4.393398e-01
    endloop
  endfacet
  facet normal 7.042859e-01 3.655128e-01 -6.085899e-01
    outer loop
      vertex   4.486738e+01 2.160699e+01 7.500000e-01
      vertex   4.465261e+01 2.150356e+01 4.393398e-01
      vertex   4.349489e+01 2.425158e+01 7.500000e-01
    endloop
  endfacet
  facet normal 7.042859e-01 3.655128e-01 -6.085899e-01
    outer loop
      vertex   4.349489e+01 2.425158e+01 7.500000e-01
      vertex   4.465261e+01 2.150356e+01 4.393398e-01
      vertex   4.328669e+01 2.413549e+01 4.393398e-01
    endloop
  endfacet
  facet normal 6.811662e-01 4.069778e-01 -6.085899e-01
    outer loop
      vertex   4.349489e+01 2.425158e+01 7.500000e-01
      vertex   4.328669e+01 2.413549e+01 4.393398e-01
      vertex   4.196669e+01 2.680934e+01 7.500000e-01
    endloop
  endfacet
  facet normal 6.811662e-01 4.069778e-01 -6.085899e-01
    outer loop
      vertex   4.196669e+01 2.680934e+01 7.500000e-01
      vertex   4.328669e+01 2.413549e+01 4.393398e-01
      vertex   4.176581e+01 2.668101e+01 4.393398e-01
    endloop
  endfacet
  facet normal 6.556080e-01 4.469860e-01 -6.085899e-01
    outer loop
      vertex   4.196669e+01 2.680934e+01 7.500000e-01
      vertex   4.176581e+01 2.668101e+01 4.393398e-01
      vertex   4.028827e+01 2.927114e+01 7.500000e-01
    endloop
  endfacet
  facet normal 6.556080e-01 4.469860e-01 -6.085899e-01
    outer loop
      vertex   4.028827e+01 2.927114e+01 7.500000e-01
      vertex   4.176581e+01 2.668101e+01 4.393398e-01
      vertex   4.009542e+01 2.913103e+01 4.393398e-01
    endloop
  endfacet
  facet normal 6.277029e-01 4.853940e-01 -6.085899e-01
    outer loop
      vertex   4.028827e+01 2.927114e+01 7.500000e-01
      vertex   4.009542e+01 2.913103e+01 4.393398e-01
      vertex   3.846562e+01 3.162815e+01 7.500000e-01
    endloop
  endfacet
  facet normal 6.277029e-01 4.853940e-01 -6.085899e-01
    outer loop
      vertex   3.846562e+01 3.162815e+01 7.500000e-01
      vertex   4.009542e+01 2.913103e+01 4.393398e-01
      vertex   3.828149e+01 3.147676e+01 4.393398e-01
    endloop
  endfacet
  facet normal 5.975509e-01 5.220645e-01 -6.085899e-01
    outer loop
      vertex   3.846562e+01 3.162815e+01 7.500000e-01
      vertex   3.828149e+01 3.147676e+01 4.393398e-01
      vertex   3.650528e+01 3.387195e+01 7.500000e-01
    endloop
  endfacet
  facet normal 5.975509e-01 5.220645e-01 -6.085899e-01
    outer loop
      vertex   3.650528e+01 3.387195e+01 7.500000e-01
      vertex   3.828149e+01 3.147676e+01 4.393398e-01
      vertex   3.633053e+01 3.370981e+01 4.393398e-01
    endloop
  endfacet
  facet normal 5.652597e-01 5.568661e-01 -6.085899e-01
    outer loop
      vertex   3.650528e+01 3.387195e+01 7.500000e-01
      vertex   3.633053e+01 3.370981e+01 4.393398e-01
      vertex   3.441426e+01 3.599449e+01 7.500000e-01
    endloop
  endfacet
  facet normal 5.652597e-01 5.568661e-01 -6.085899e-01
    outer loop
      vertex   3.441426e+01 3.599449e+01 7.500000e-01
      vertex   3.633053e+01 3.370981e+01 4.393398e-01
      vertex   3.424952e+01 3.582219e+01 4.393398e-01
    endloop
  endfacet
  facet normal 5.309451e-01 5.896742e-01 -6.085899e-01
    outer loop
      vertex   3.441426e+01 3.599449e+01 7.500000e-01
      vertex   3.424952e+01 3.582219e+01 4.393398e-01
      vertex   3.220004e+01 3.798818e+01 7.500000e-01
    endloop
  endfacet
  facet normal 5.309451e-01 5.896742e-01 -6.085899e-01
    outer loop
      vertex   3.220004e+01 3.798818e+01 7.500000e-01
      vertex   3.424952e+01 3.582219e+01 4.393398e-01
      vertex   3.204590e+01 3.780634e+01 4.393398e-01
    endloop
  endfacet
  facet normal 4.947298e-01 6.203715e-01 -6.085899e-01
    outer loop
      vertex   3.220004e+01 3.798818e+01 7.500000e-01
      vertex   3.204590e+01 3.780634e+01 4.393398e-01
      vertex   2.987055e+01 3.984588e+01 7.500000e-01
    endloop
  endfacet
  facet normal 4.947298e-01 6.203715e-01 -6.085899e-01
    outer loop
      vertex   2.987055e+01 3.984588e+01 7.500000e-01
      vertex   3.204590e+01 3.780634e+01 4.393398e-01
      vertex   2.972757e+01 3.965515e+01 4.393398e-01
    endloop
  endfacet
  facet normal 4.567435e-01 6.488480e-01 -6.085899e-01
    outer loop
      vertex   2.987055e+01 3.984588e+01 7.500000e-01
      vertex   2.972757e+01 3.965515e+01 4.393398e-01
      vertex   2.743414e+01 4.156095e+01 7.500000e-01
    endloop
  endfacet
  facet normal 4.567435e-01 6.488480e-01 -6.085899e-01
    outer loop
      vertex   2.743414e+01 4.156095e+01 7.500000e-01
      vertex   2.972757e+01 3.965515e+01 4.393398e-01
      vertex   2.730282e+01 4.136200e+01 4.393398e-01
    endloop
  endfacet
  facet normal 4.171222e-01 6.750018e-01 -6.085899e-01
    outer loop
      vertex   2.743414e+01 4.156095e+01 7.500000e-01
      vertex   2.730282e+01 4.136200e+01 4.393398e-01
      vertex   2.489952e+01 4.312723e+01 7.500000e-01
    endloop
  endfacet
  facet normal 4.171222e-01 6.750018e-01 -6.085899e-01
    outer loop
      vertex   2.489952e+01 4.312723e+01 7.500000e-01
      vertex   2.730282e+01 4.136200e+01 4.393398e-01
      vertex   2.478033e+01 4.292079e+01 4.393398e-01
    endloop
  endfacet
  facet normal 3.760076e-01 6.987393e-01 -6.085899e-01
    outer loop
      vertex   2.489952e+01 4.312723e+01 7.500000e-01
      vertex   2.478033e+01 4.292079e+01 4.393398e-01
      vertex   2.227576e+01 4.453913e+01 7.500000e-01
    endloop
  endfacet
  facet normal 3.760076e-01 6.987393e-01 -6.085899e-01
    outer loop
      vertex   2.227576e+01 4.453913e+01 7.500000e-01
      vertex   2.478033e+01 4.292079e+01 4.393398e-01
      vertex   2.216913e+01 4.432593e+01 4.393398e-01
    endloop
  endfacet
  facet normal 3.335471e-01 7.199755e-01 -6.085899e-01
    outer loop
      vertex   2.227576e+01 4.453913e+01 7.500000e-01
      vertex   2.216913e+01 4.432593e+01 4.393398e-01
      vertex   1.957227e+01 4.579160e+01 7.500000e-01
    endloop
  endfacet
  facet normal 3.335471e-01 7.199755e-01 -6.085899e-01
    outer loop
      vertex   1.957227e+01 4.579160e+01 7.500000e-01
      vertex   2.216913e+01 4.432593e+01 4.393398e-01
      vertex   1.947858e+01 4.557240e+01 4.393398e-01
    endloop
  endfacet
  facet normal 2.898926e-01 7.386343e-01 -6.085899e-01
    outer loop
      vertex   1.957227e+01 4.579160e+01 7.500000e-01
      vertex   1.947858e+01 4.557240e+01 4.393398e-01
      vertex   1.679871e+01 4.688014e+01 7.500000e-01
    endloop
  endfacet
  facet normal 2.898926e-01 7.386343e-01 -6.085899e-01
    outer loop
      vertex   1.679871e+01 4.688014e+01 7.500000e-01
      vertex   1.947858e+01 4.557240e+01 4.393398e-01
      vertex   1.671830e+01 4.665573e+01 4.393398e-01
    endloop
  endfacet
  facet normal 2.452003e-01 7.546490e-01 -6.085899e-01
    outer loop
      vertex   1.679871e+01 4.688014e+01 7.500000e-01
      vertex   1.671830e+01 4.665573e+01 4.393398e-01
      vertex   1.396501e+01 4.780086e+01 7.500000e-01
    endloop
  endfacet
  facet normal 2.452003e-01 7.546490e-01 -6.085899e-01
    outer loop
      vertex   1.396501e+01 4.780086e+01 7.500000e-01
      vertex   1.671830e+01 4.665573e+01 4.393398e-01
      vertex   1.389817e+01 4.757205e+01 4.393398e-01
    endloop
  endfacet
  facet normal 1.996303e-01 7.679623e-01 -6.085899e-01
    outer loop
      vertex   1.396501e+01 4.780086e+01 7.500000e-01
      vertex   1.389817e+01 4.757205e+01 4.393398e-01
      vertex   1.108133e+01 4.855047e+01 7.500000e-01
    endloop
  endfacet
  facet normal 1.996303e-01 7.679623e-01 -6.085899e-01
    outer loop
      vertex   1.108133e+01 4.855047e+01 7.500000e-01
      vertex   1.389817e+01 4.757205e+01 4.393398e-01
      vertex   1.102828e+01 4.831807e+01 4.393398e-01
    endloop
  endfacet
  facet normal 1.533457e-01 7.785265e-01 -6.085899e-01
    outer loop
      vertex   1.108133e+01 4.855047e+01 7.500000e-01
      vertex   1.102828e+01 4.831807e+01 4.393398e-01
      vertex   8.157974e+00 4.912628e+01 7.500000e-01
    endloop
  endfacet
  facet normal 1.533457e-01 7.785265e-01 -6.085899e-01
    outer loop
      vertex   8.157974e+00 4.912628e+01 7.500000e-01
      vertex   1.102828e+01 4.831807e+01 4.393398e-01
      vertex   8.118924e+00 4.889113e+01 4.393398e-01
    endloop
  endfacet
  facet normal 1.065121e-01 7.863037e-01 -6.085899e-01
    outer loop
      vertex   8.157974e+00 4.912628e+01 7.500000e-01
      vertex   8.118924e+00 4.889113e+01 4.393398e-01
      vertex   5.205417e+00 4.952623e+01 7.500000e-01
    endloop
  endfacet
  facet normal 1.065121e-01 7.863037e-01 -6.085899e-01
    outer loop
      vertex   5.205417e+00 4.952623e+01 7.500000e-01
      vertex   8.118924e+00 4.889113e+01 4.393398e-01
      vertex   5.180500e+00 4.928916e+01 4.393398e-01
    endloop
  endfacet
  facet normal 5.929720e-02 7.912662e-01 -6.085899e-01
    outer loop
      vertex   5.205417e+00 4.952623e+01 7.500000e-01
      vertex   5.180500e+00 4.928916e+01 4.393398e-01
      vertex   2.234225e+00 4.974889e+01 7.500000e-01
    endloop
  endfacet
  facet normal 5.929720e-02 7.912662e-01 -6.085899e-01
    outer loop
      vertex   2.234225e+00 4.974889e+01 7.500000e-01
      vertex   5.180500e+00 4.928916e+01 4.393398e-01
      vertex   2.223531e+00 4.951076e+01 4.393398e-01
    endloop
  endfacet
  facet normal 1.187006e-02 7.933961e-01 -6.085899e-01
    outer loop
      vertex   2.234225e+00 4.974889e+01 7.500000e-01
      vertex   2.223531e+00 4.951076e+01 4.393398e-01
      vertex   -7.449641e-01 4.979347e+01 7.500000e-01
    endloop
  endfacet
  facet normal 1.187006e-02 7.933961e-01 -6.085899e-01
    outer loop
      vertex   -7.449641e-01 4.979347e+01 7.500000e-01
      vertex   2.223531e+00 4.951076e+01 4.393398e-01
      vertex   -7.413981e-01 4.955511e+01 4.393398e-01
    endloop
  endfacet
  facet normal -3.559957e-02 7.926859e-01 -6.085899e-01
    outer loop
      vertex   -7.449641e-01 4.979347e+01 7.500000e-01
      vertex   -7.413981e-01 4.955511e+01 4.393398e-01
      vertex   -3.721487e+00 4.965979e+01 7.500000e-01
    endloop
  endfacet
  facet normal -3.559957e-02 7.926859e-01 -6.085899e-01
    outer loop
      vertex   -3.721487e+00 4.965979e+01 7.500000e-01
      vertex   -7.413981e-01 4.955511e+01 4.393398e-01
      vertex   -3.703673e+00 4.942208e+01 4.393398e-01
    endloop
  endfacet
  facet normal -8.294176e-02 7.891381e-01 -6.085899e-01
    outer loop
      vertex   -3.721487e+00 4.965979e+01 7.500000e-01
      vertex   -3.703673e+00 4.942208e+01 4.393398e-01
      vertex   -6.684688e+00 4.934834e+01 7.500000e-01
    endloop
  endfacet
  facet normal -8.294176e-02 7.891381e-01 -6.085899e-01
    outer loop
      vertex   -6.684688e+00 4.934834e+01 7.500000e-01
      vertex   -3.703673e+00 4.942208e+01 4.393398e-01
      vertex   -6.652689e+00 4.911212e+01 4.393398e-01
    endloop
  endfacet
  facet normal -1.299870e-01 7.827654e-01 -6.085899e-01
    outer loop
      vertex   -6.684688e+00 4.934834e+01 7.500000e-01
      vertex   -6.652689e+00 4.911212e+01 4.393398e-01
      vertex   -9.623959e+00 4.886025e+01 7.500000e-01
    endloop
  endfacet
  facet normal -1.299870e-01 7.827654e-01 -6.085899e-01
    outer loop
      vertex   -9.623959e+00 4.886025e+01 7.500000e-01
      vertex   -6.652689e+00 4.911212e+01 4.393398e-01
      vertex   -9.577891e+00 4.862636e+01 4.393398e-01
    endloop
  endfacet
  facet normal -1.765670e-01 7.735906e-01 -6.085899e-01
    outer loop
      vertex   -9.623959e+00 4.886025e+01 7.500000e-01
      vertex   -9.577891e+00 4.862636e+01 4.393398e-01
      vertex   -1.252878e+01 4.819724e+01 7.500000e-01
    endloop
  endfacet
  facet normal -1.765670e-01 7.735906e-01 -6.085899e-01
    outer loop
      vertex   -1.252878e+01 4.819724e+01 7.500000e-01
      vertex   -9.577891e+00 4.862636e+01 4.393398e-01
      vertex   -1.246881e+01 4.796653e+01 4.393398e-01
    endloop
  endfacet
  facet normal -2.225149e-01 7.616465e-01 -6.085899e-01
    outer loop
      vertex   -1.252878e+01 4.819724e+01 7.500000e-01
      vertex   -1.246881e+01 4.796653e+01 4.393398e-01
      vertex   -1.538875e+01 4.736170e+01 7.500000e-01
    endloop
  endfacet
  facet normal -2.225149e-01 7.616465e-01 -6.085899e-01
    outer loop
      vertex   -1.538875e+01 4.736170e+01 7.500000e-01
      vertex   -1.246881e+01 4.796653e+01 4.393398e-01
      vertex   -1.531509e+01 4.713499e+01 4.393398e-01
    endloop
  endfacet
  facet normal -2.676663e-01 7.469760e-01 -6.085899e-01
    outer loop
      vertex   -1.538875e+01 4.736170e+01 7.500000e-01
      vertex   -1.531509e+01 4.713499e+01 4.393398e-01
      vertex   -1.819363e+01 4.635662e+01 7.500000e-01
    endloop
  endfacet
  facet normal -2.676663e-01 7.469760e-01 -6.085899e-01
    outer loop
      vertex   -1.819363e+01 4.635662e+01 7.500000e-01
      vertex   -1.531509e+01 4.713499e+01 4.393398e-01
      vertex   -1.810654e+01 4.613472e+01 4.393398e-01
    endloop
  endfacet
  facet normal -3.118594e-01 7.296314e-01 -6.085899e-01
    outer loop
      vertex   -1.819363e+01 4.635662e+01 7.500000e-01
      vertex   -1.810654e+01 4.613472e+01 4.393398e-01
      vertex   -2.093339e+01 4.518559e+01 7.500000e-01
    endloop
  endfacet
  facet normal -3.118594e-01 7.296314e-01 -6.085899e-01
    outer loop
      vertex   -2.093339e+01 4.518559e+01 7.500000e-01
      vertex   -1.810654e+01 4.613472e+01 4.393398e-01
      vertex   -2.083318e+01 4.496930e+01 4.393398e-01
    endloop
  endfacet
  facet normal -3.549362e-01 7.096750e-01 -6.085899e-01
    outer loop
      vertex   -2.093339e+01 4.518559e+01 7.500000e-01
      vertex   -2.083318e+01 4.496930e+01 4.393398e-01
      vertex   -2.359820e+01 4.385281e+01 7.500000e-01
    endloop
  endfacet
  facet normal -3.549362e-01 7.096750e-01 -6.085899e-01
    outer loop
      vertex   -2.359820e+01 4.385281e+01 7.500000e-01
      vertex   -2.083318e+01 4.496930e+01 4.393398e-01
      vertex   -2.348524e+01 4.364290e+01 4.393398e-01
    endloop
  endfacet
  facet normal -3.967425e-01 6.871781e-01 -6.085899e-01
    outer loop
      vertex   -2.359820e+01 4.385281e+01 7.500000e-01
      vertex   -2.348524e+01 4.364290e+01 4.393398e-01
      vertex   -2.617855e+01 4.236305e+01 7.500000e-01
    endloop
  endfacet
  facet normal -3.967425e-01 6.871781e-01 -6.085899e-01
    outer loop
      vertex   -2.617855e+01 4.236305e+01 7.500000e-01
      vertex   -2.348524e+01 4.364290e+01 4.393398e-01
      vertex   -2.605323e+01 4.216027e+01 4.393398e-01
    endloop
  endfacet
  facet normal -4.371285e-01 6.622213e-01 -6.085899e-01
    outer loop
      vertex   -2.617855e+01 4.236305e+01 7.500000e-01
      vertex   -2.605323e+01 4.216027e+01 4.393398e-01
      vertex   -2.866518e+01 4.072164e+01 7.500000e-01
    endloop
  endfacet
  facet normal -4.371285e-01 6.622213e-01 -6.085899e-01
    outer loop
      vertex   -2.866518e+01 4.072164e+01 7.500000e-01
      vertex   -2.605323e+01 4.216027e+01 4.393398e-01
      vertex   -2.852796e+01 4.052671e+01 4.393398e-01
    endloop
  endfacet
  facet normal -4.759496e-01 6.348939e-01 -6.085899e-01
    outer loop
      vertex   -2.866518e+01 4.072164e+01 7.500000e-01
      vertex   -2.852796e+01 4.052671e+01 4.393398e-01
      vertex   -3.104919e+01 3.893446e+01 7.500000e-01
    endloop
  endfacet
  facet normal -4.759496e-01 6.348939e-01 -6.085899e-01
    outer loop
      vertex   -3.104919e+01 3.893446e+01 7.500000e-01
      vertex   -2.852796e+01 4.052671e+01 4.393398e-01
      vertex   -3.090057e+01 3.874808e+01 4.393398e-01
    endloop
  endfacet
  facet normal -5.130670e-01 6.052938e-01 -6.085899e-01
    outer loop
      vertex   -3.104919e+01 3.893446e+01 7.500000e-01
      vertex   -3.090057e+01 3.874808e+01 4.393398e-01
      vertex   -3.332206e+01 3.700790e+01 7.500000e-01
    endloop
  endfacet
  facet normal -5.130670e-01 6.052938e-01 -6.085899e-01
    outer loop
      vertex   -3.332206e+01 3.700790e+01 7.500000e-01
      vertex   -3.090057e+01 3.874808e+01 4.393398e-01
      vertex   -3.316255e+01 3.683075e+01 4.393398e-01
    endloop
  endfacet
  facet normal -5.483478e-01 5.735268e-01 -6.085899e-01
    outer loop
      vertex   -3.332206e+01 3.700790e+01 7.500000e-01
      vertex   -3.316255e+01 3.683075e+01 4.393398e-01
      vertex   -3.547564e+01 3.494886e+01 7.500000e-01
    endloop
  endfacet
  facet normal -5.483478e-01 5.735268e-01 -6.085899e-01
    outer loop
      vertex   -3.547564e+01 3.494886e+01 7.500000e-01
      vertex   -3.316255e+01 3.683075e+01 4.393398e-01
      vertex   -3.530583e+01 3.478157e+01 4.393398e-01
    endloop
  endfacet
  facet normal -5.816656e-01 5.397068e-01 -6.085899e-01
    outer loop
      vertex   -3.547564e+01 3.494886e+01 7.500000e-01
      vertex   -3.530583e+01 3.478157e+01 4.393398e-01
      vertex   -3.750223e+01 3.276472e+01 7.500000e-01
    endloop
  endfacet
  facet normal -5.816656e-01 5.397068e-01 -6.085899e-01
    outer loop
      vertex   -3.750223e+01 3.276472e+01 7.500000e-01
      vertex   -3.530583e+01 3.478157e+01 4.393398e-01
      vertex   -3.732272e+01 3.260788e+01 4.393398e-01
    endloop
  endfacet
  facet normal -6.129012e-01 5.039548e-01 -6.085899e-01
    outer loop
      vertex   -3.750223e+01 3.276472e+01 7.500000e-01
      vertex   -3.732272e+01 3.260788e+01 4.393398e-01
      vertex   -3.939458e+01 3.046328e+01 7.500000e-01
    endloop
  endfacet
  facet normal -6.129012e-01 5.039548e-01 -6.085899e-01
    outer loop
      vertex   -3.939458e+01 3.046328e+01 7.500000e-01
      vertex   -3.732272e+01 3.260788e+01 4.393398e-01
      vertex   -3.920600e+01 3.031746e+01 4.393398e-01
    endloop
  endfacet
  facet normal -6.419428e-01 4.663987e-01 -6.085899e-01
    outer loop
      vertex   -3.939458e+01 3.046328e+01 7.500000e-01
      vertex   -3.920600e+01 3.031746e+01 4.393398e-01
      vertex   -4.114590e+01 2.805280e+01 7.500000e-01
    endloop
  endfacet
  facet normal -6.419428e-01 4.663987e-01 -6.085899e-01
    outer loop
      vertex   -4.114590e+01 2.805280e+01 7.500000e-01
      vertex   -3.920600e+01 3.031746e+01 4.393398e-01
      vertex   -4.094894e+01 2.791851e+01 4.393398e-01
    endloop
  endfacet
  facet normal -6.686864e-01 4.271731e-01 -6.085899e-01
    outer loop
      vertex   -4.114590e+01 2.805280e+01 7.500000e-01
      vertex   -4.094894e+01 2.791851e+01 4.393398e-01
      vertex   -4.274992e+01 2.554189e+01 7.500000e-01
    endloop
  endfacet
  facet normal -6.686864e-01 4.271731e-01 -6.085899e-01
    outer loop
      vertex   -4.274992e+01 2.554189e+01 7.500000e-01
      vertex   -4.094894e+01 2.791851e+01 4.393398e-01
      vertex   -4.254529e+01 2.541963e+01 4.393398e-01
    endloop
  endfacet
  facet normal -6.930362e-01 3.864183e-01 -6.085899e-01
    outer loop
      vertex   -4.274992e+01 2.554189e+01 7.500000e-01
      vertex   -4.254529e+01 2.541963e+01 4.393398e-01
      vertex   -4.420092e+01 2.293955e+01 7.500000e-01
    endloop
  endfacet
  facet normal -6.930362e-01 3.864183e-01 -6.085899e-01
    outer loop
      vertex   -4.420092e+01 2.293955e+01 7.500000e-01
      vertex   -4.254529e+01 2.541963e+01 4.393398e-01
      vertex   -4.398934e+01 2.282974e+01 4.393398e-01
    endloop
  endfacet
  facet normal -7.149052e-01 3.442802e-01 -6.085899e-01
    outer loop
      vertex   -4.420092e+01 2.293955e+01 7.500000e-01
      vertex   -4.398934e+01 2.282974e+01 4.393398e-01
      vertex   -4.549369e+01 2.025509e+01 7.500000e-01
    endloop
  endfacet
  facet normal -7.149052e-01 3.442802e-01 -6.085899e-01
    outer loop
      vertex   -4.549369e+01 2.025509e+01 7.500000e-01
      vertex   -4.398934e+01 2.282974e+01 4.393398e-01
      vertex   -4.527592e+01 2.015814e+01 4.393398e-01
    endloop
  endfacet
  facet normal -7.342150e-01 3.009097e-01 -6.085899e-01
    outer loop
      vertex   -4.549369e+01 2.025509e+01 7.500000e-01
      vertex   -4.527592e+01 2.015814e+01 4.393398e-01
      vertex   -4.662360e+01 1.749813e+01 7.500000e-01
    endloop
  endfacet
  facet normal -7.342150e-01 3.009097e-01 -6.085899e-01
    outer loop
      vertex   -4.662360e+01 1.749813e+01 7.500000e-01
      vertex   -4.527592e+01 2.015814e+01 4.393398e-01
      vertex   -4.640042e+01 1.741437e+01 4.393398e-01
    endloop
  endfacet
  facet normal -7.508965e-01 2.564620e-01 -6.085899e-01
    outer loop
      vertex   -4.662360e+01 1.749813e+01 7.500000e-01
      vertex   -4.640042e+01 1.741437e+01 4.393398e-01
      vertex   -4.758661e+01 1.467852e+01 7.500000e-01
    endloop
  endfacet
  facet normal -7.508965e-01 2.564620e-01 -6.085899e-01
    outer loop
      vertex   -4.758661e+01 1.467852e+01 7.500000e-01
      vertex   -4.640042e+01 1.741437e+01 4.393398e-01
      vertex   -4.735882e+01 1.460826e+01 4.393398e-01
    endloop
  endfacet
  facet normal -7.648900e-01 2.110962e-01 -6.085899e-01
    outer loop
      vertex   -4.758661e+01 1.467852e+01 7.500000e-01
      vertex   -4.735882e+01 1.460826e+01 4.393398e-01
      vertex   -4.837927e+01 1.180637e+01 7.500000e-01
    endloop
  endfacet
  facet normal -7.648900e-01 2.110962e-01 -6.085899e-01
    outer loop
      vertex   -4.837927e+01 1.180637e+01 7.500000e-01
      vertex   -4.735882e+01 1.460826e+01 4.393398e-01
      vertex   -4.814769e+01 1.174986e+01 4.393398e-01
    endloop
  endfacet
  facet normal -7.761454e-01 1.649748e-01 -6.085899e-01
    outer loop
      vertex   -4.837927e+01 1.180637e+01 7.500000e-01
      vertex   -4.814769e+01 1.174986e+01 4.393398e-01
      vertex   -4.899875e+01 8.891962e+00 7.500000e-01
    endloop
  endfacet
  facet normal -7.761454e-01 1.649748e-01 -6.085899e-01
    outer loop
      vertex   -4.899875e+01 8.891962e+00 7.500000e-01
      vertex   -4.814769e+01 1.174986e+01 4.393398e-01
      vertex   -4.876420e+01 8.849398e+00 4.393398e-01
    endloop
  endfacet
  facet normal -7.846224e-01 1.182628e-01 -6.085899e-01
    outer loop
      vertex   -4.899875e+01 8.891962e+00 7.500000e-01
      vertex   -4.876420e+01 8.849398e+00 4.393398e-01
      vertex   -4.944282e+01 5.945718e+00 7.500000e-01
    endloop
  endfacet
  facet normal -7.846224e-01 1.182628e-01 -6.085899e-01
    outer loop
      vertex   -4.944282e+01 5.945718e+00 7.500000e-01
      vertex   -4.876420e+01 8.849398e+00 4.393398e-01
      vertex   -4.920615e+01 5.917257e+00 4.393398e-01
    endloop
  endfacet
  facet normal -9.136204e-01 -1.377061e-01 -3.825372e-01
    outer loop
      vertex   -4.959160e+01 -5.963609e+00 1.111771e+00
      vertex   -4.944282e+01 -5.945718e+00 7.500000e-01
      vertex   -4.914619e+01 -8.918718e+00 1.111771e+00
    endloop
  endfacet
  facet normal -9.136204e-01 -1.377061e-01 -3.825372e-01
    outer loop
      vertex   -4.914619e+01 -8.918718e+00 1.111771e+00
      vertex   -4.944282e+01 -5.945718e+00 7.500000e-01
      vertex   -4.899875e+01 -8.891962e+00 7.500000e-01
    endloop
  endfacet
  facet normal -9.037498e-01 -1.920979e-01 -3.825372e-01
    outer loop
      vertex   -4.914619e+01 -8.918718e+00 1.111771e+00
      vertex   -4.899875e+01 -8.891962e+00 7.500000e-01
      vertex   -4.852485e+01 -1.184190e+01 1.111771e+00
    endloop
  endfacet
  facet normal -9.037498e-01 -1.920979e-01 -3.825372e-01
    outer loop
      vertex   -4.852485e+01 -1.184190e+01 1.111771e+00
      vertex   -4.899875e+01 -8.891962e+00 7.500000e-01
      vertex   -4.837927e+01 -1.180637e+01 7.500000e-01
    endloop
  endfacet
  facet normal -8.906439e-01 -2.458021e-01 -3.825372e-01
    outer loop
      vertex   -4.852485e+01 -1.184190e+01 1.111771e+00
      vertex   -4.837927e+01 -1.180637e+01 7.500000e-01
      vertex   -4.772980e+01 -1.472269e+01 1.111771e+00
    endloop
  endfacet
  facet normal -8.906439e-01 -2.458021e-01 -3.825372e-01
    outer loop
      vertex   -4.772980e+01 -1.472269e+01 1.111771e+00
      vertex   -4.837927e+01 -1.180637e+01 7.500000e-01
      vertex   -4.758661e+01 -1.467852e+01 7.500000e-01
    endloop
  endfacet
  facet normal -8.743498e-01 -2.986264e-01 -3.825372e-01
    outer loop
      vertex   -4.772980e+01 -1.472269e+01 1.111771e+00
      vertex   -4.758661e+01 -1.467852e+01 7.500000e-01
      vertex   -4.676389e+01 -1.755078e+01 1.111771e+00
    endloop
  endfacet
  facet normal -8.743498e-01 -2.986264e-01 -3.825372e-01
    outer loop
      vertex   -4.676389e+01 -1.755078e+01 1.111771e+00
      vertex   -4.758661e+01 -1.467852e+01 7.500000e-01
      vertex   -4.662360e+01 -1.749813e+01 7.500000e-01
    endloop
  endfacet
  facet normal -8.549257e-01 -3.503816e-01 -3.825372e-01
    outer loop
      vertex   -4.676389e+01 -1.755078e+01 1.111771e+00
      vertex   -4.662360e+01 -1.749813e+01 7.500000e-01
      vertex   -4.563058e+01 -2.031604e+01 1.111771e+00
    endloop
  endfacet
  facet normal -8.549257e-01 -3.503816e-01 -3.825372e-01
    outer loop
      vertex   -4.563058e+01 -2.031604e+01 1.111771e+00
      vertex   -4.662360e+01 -1.749813e+01 7.500000e-01
      vertex   -4.549369e+01 -2.025509e+01 7.500000e-01
    endloop
  endfacet
  facet normal -8.324412e-01 -4.008826e-01 -3.825372e-01
    outer loop
      vertex   -4.563058e+01 -2.031604e+01 1.111771e+00
      vertex   -4.549369e+01 -2.025509e+01 7.500000e-01
      vertex   -4.433392e+01 -2.300858e+01 1.111771e+00
    endloop
  endfacet
  facet normal -8.324412e-01 -4.008826e-01 -3.825372e-01
    outer loop
      vertex   -4.433392e+01 -2.300858e+01 1.111771e+00
      vertex   -4.549369e+01 -2.025509e+01 7.500000e-01
      vertex   -4.420092e+01 -2.293955e+01 7.500000e-01
    endloop
  endfacet
  facet normal -8.069768e-01 -4.499485e-01 -3.825372e-01
    outer loop
      vertex   -4.433392e+01 -2.300858e+01 1.111771e+00
      vertex   -4.420092e+01 -2.293955e+01 7.500000e-01
      vertex   -4.287856e+01 -2.561875e+01 1.111771e+00
    endloop
  endfacet
  facet normal -8.069768e-01 -4.499485e-01 -3.825372e-01
    outer loop
      vertex   -4.287856e+01 -2.561875e+01 1.111771e+00
      vertex   -4.420092e+01 -2.293955e+01 7.500000e-01
      vertex   -4.274992e+01 -2.554189e+01 7.500000e-01
    endloop
  endfacet
  facet normal -7.786237e-01 -4.974037e-01 -3.825372e-01
    outer loop
      vertex   -4.287856e+01 -2.561875e+01 1.111771e+00
      vertex   -4.274992e+01 -2.554189e+01 7.500000e-01
      vertex   -4.126971e+01 -2.813721e+01 1.111771e+00
    endloop
  endfacet
  facet normal -7.786237e-01 -4.974037e-01 -3.825372e-01
    outer loop
      vertex   -4.126971e+01 -2.813721e+01 1.111771e+00
      vertex   -4.274992e+01 -2.554189e+01 7.500000e-01
      vertex   -4.114590e+01 -2.805280e+01 7.500000e-01
    endloop
  endfacet
  facet normal -7.474832e-01 -5.430784e-01 -3.825372e-01
    outer loop
      vertex   -4.126971e+01 -2.813721e+01 1.111771e+00
      vertex   -4.114590e+01 -2.805280e+01 7.500000e-01
      vertex   -3.951312e+01 -3.055495e+01 1.111771e+00
    endloop
  endfacet
  facet normal -7.474832e-01 -5.430784e-01 -3.825372e-01
    outer loop
      vertex   -3.951312e+01 -3.055495e+01 1.111771e+00
      vertex   -4.114590e+01 -2.805280e+01 7.500000e-01
      vertex   -3.939458e+01 -3.046328e+01 7.500000e-01
    endloop
  endfacet
  facet normal -7.136670e-01 -5.868089e-01 -3.825372e-01
    outer loop
      vertex   -3.951312e+01 -3.055495e+01 1.111771e+00
      vertex   -3.939458e+01 -3.046328e+01 7.500000e-01
      vertex   -3.761508e+01 -3.286331e+01 1.111771e+00
    endloop
  endfacet
  facet normal -7.136670e-01 -5.868089e-01 -3.825372e-01
    outer loop
      vertex   -3.761508e+01 -3.286331e+01 1.111771e+00
      vertex   -3.939458e+01 -3.046328e+01 7.500000e-01
      vertex   -3.750223e+01 -3.276472e+01 7.500000e-01
    endloop
  endfacet
  facet normal -6.772960e-01 -6.284389e-01 -3.825372e-01
    outer loop
      vertex   -3.761508e+01 -3.286331e+01 1.111771e+00
      vertex   -3.750223e+01 -3.276472e+01 7.500000e-01
      vertex   -3.558239e+01 -3.505403e+01 1.111771e+00
    endloop
  endfacet
  facet normal -6.772960e-01 -6.284389e-01 -3.825372e-01
    outer loop
      vertex   -3.558239e+01 -3.505403e+01 1.111771e+00
      vertex   -3.750223e+01 -3.276472e+01 7.500000e-01
      vertex   -3.547564e+01 -3.494886e+01 7.500000e-01
    endloop
  endfacet
  facet normal -6.385005e-01 -6.678191e-01 -3.825372e-01
    outer loop
      vertex   -3.558239e+01 -3.505403e+01 1.111771e+00
      vertex   -3.547564e+01 -3.494886e+01 7.500000e-01
      vertex   -3.342233e+01 -3.711926e+01 1.111771e+00
    endloop
  endfacet
  facet normal -6.385005e-01 -6.678191e-01 -3.825372e-01
    outer loop
      vertex   -3.342233e+01 -3.711926e+01 1.111771e+00
      vertex   -3.547564e+01 -3.494886e+01 7.500000e-01
      vertex   -3.332206e+01 -3.700790e+01 7.500000e-01
    endloop
  endfacet
  facet normal -5.974193e-01 -7.048088e-01 -3.825372e-01
    outer loop
      vertex   -3.342233e+01 -3.711926e+01 1.111771e+00
      vertex   -3.332206e+01 -3.700790e+01 7.500000e-01
      vertex   -3.114262e+01 -3.905161e+01 1.111771e+00
    endloop
  endfacet
  facet normal -5.974193e-01 -7.048088e-01 -3.825372e-01
    outer loop
      vertex   -3.114262e+01 -3.905161e+01 1.111771e+00
      vertex   -3.332206e+01 -3.700790e+01 7.500000e-01
      vertex   -3.104919e+01 -3.893446e+01 7.500000e-01
    endloop
  endfacet
  facet normal -5.541995e-01 -7.392755e-01 -3.825372e-01
    outer loop
      vertex   -3.114262e+01 -3.905161e+01 1.111771e+00
      vertex   -3.104919e+01 -3.893446e+01 7.500000e-01
      vertex   -2.875143e+01 -4.084417e+01 1.111771e+00
    endloop
  endfacet
  facet normal -5.541995e-01 -7.392755e-01 -3.825372e-01
    outer loop
      vertex   -2.875143e+01 -4.084417e+01 1.111771e+00
      vertex   -3.104919e+01 -3.893446e+01 7.500000e-01
      vertex   -2.866518e+01 -4.072164e+01 7.500000e-01
    endloop
  endfacet
  facet normal -5.089958e-01 -7.710957e-01 -3.825372e-01
    outer loop
      vertex   -2.875143e+01 -4.084417e+01 1.111771e+00
      vertex   -2.866518e+01 -4.072164e+01 7.500000e-01
      vertex   -2.625732e+01 -4.249052e+01 1.111771e+00
    endloop
  endfacet
  facet normal -5.089958e-01 -7.710957e-01 -3.825372e-01
    outer loop
      vertex   -2.625732e+01 -4.249052e+01 1.111771e+00
      vertex   -2.866518e+01 -4.072164e+01 7.500000e-01
      vertex   -2.617855e+01 -4.236305e+01 7.500000e-01
    endloop
  endfacet
  facet normal -4.619700e-01 -8.001556e-01 -3.825372e-01
    outer loop
      vertex   -2.625732e+01 -4.249052e+01 1.111771e+00
      vertex   -2.617855e+01 -4.236305e+01 7.500000e-01
      vertex   -2.366921e+01 -4.398477e+01 1.111771e+00
    endloop
  endfacet
  facet normal -4.619700e-01 -8.001556e-01 -3.825372e-01
    outer loop
      vertex   -2.366921e+01 -4.398477e+01 1.111771e+00
      vertex   -2.617855e+01 -4.236305e+01 7.500000e-01
      vertex   -2.359820e+01 -4.385281e+01 7.500000e-01
    endloop
  endfacet
  facet normal -4.132905e-01 -8.263511e-01 -3.825372e-01
    outer loop
      vertex   -2.366921e+01 -4.398477e+01 1.111771e+00
      vertex   -2.359820e+01 -4.385281e+01 7.500000e-01
      vertex   -2.099638e+01 -4.532156e+01 1.111771e+00
    endloop
  endfacet
  facet normal -4.132905e-01 -8.263511e-01 -3.825372e-01
    outer loop
      vertex   -2.099638e+01 -4.532156e+01 1.111771e+00
      vertex   -2.359820e+01 -4.385281e+01 7.500000e-01
      vertex   -2.093339e+01 -4.518559e+01 7.500000e-01
    endloop
  endfacet
  facet normal -3.631316e-01 -8.495886e-01 -3.825372e-01
    outer loop
      vertex   -2.099638e+01 -4.532156e+01 1.111771e+00
      vertex   -2.093339e+01 -4.518559e+01 7.500000e-01
      vertex   -1.824838e+01 -4.649611e+01 1.111771e+00
    endloop
  endfacet
  facet normal -3.631316e-01 -8.495886e-01 -3.825372e-01
    outer loop
      vertex   -1.824838e+01 -4.649611e+01 1.111771e+00
      vertex   -2.093339e+01 -4.518559e+01 7.500000e-01
      vertex   -1.819363e+01 -4.635662e+01 7.500000e-01
    endloop
  endfacet
  facet normal -3.116727e-01 -8.697847e-01 -3.825372e-01
    outer loop
      vertex   -1.824838e+01 -4.649611e+01 1.111771e+00
      vertex   -1.819363e+01 -4.635662e+01 7.500000e-01
      vertex   -1.543506e+01 -4.750422e+01 1.111771e+00
    endloop
  endfacet
  facet normal -3.116727e-01 -8.697847e-01 -3.825372e-01
    outer loop
      vertex   -1.543506e+01 -4.750422e+01 1.111771e+00
      vertex   -1.819363e+01 -4.635662e+01 7.500000e-01
      vertex   -1.538875e+01 -4.736170e+01 7.500000e-01
    endloop
  endfacet
  facet normal -2.590981e-01 -8.868672e-01 -3.825372e-01
    outer loop
      vertex   -1.543506e+01 -4.750422e+01 1.111771e+00
      vertex   -1.538875e+01 -4.736170e+01 7.500000e-01
      vertex   -1.256648e+01 -4.834227e+01 1.111771e+00
    endloop
  endfacet
  facet normal -2.590981e-01 -8.868672e-01 -3.825372e-01
    outer loop
      vertex   -1.256648e+01 -4.834227e+01 1.111771e+00
      vertex   -1.538875e+01 -4.736170e+01 7.500000e-01
      vertex   -1.252878e+01 -4.819724e+01 7.500000e-01
    endloop
  endfacet
  facet normal -2.055960e-01 -9.007750e-01 -3.825372e-01
    outer loop
      vertex   -1.256648e+01 -4.834227e+01 1.111771e+00
      vertex   -1.252878e+01 -4.819724e+01 7.500000e-01
      vertex   -9.652918e+00 -4.900727e+01 1.111771e+00
    endloop
  endfacet
  facet normal -2.055960e-01 -9.007750e-01 -3.825372e-01
    outer loop
      vertex   -9.652918e+00 -4.900727e+01 1.111771e+00
      vertex   -1.252878e+01 -4.819724e+01 7.500000e-01
      vertex   -9.623959e+00 -4.886025e+01 7.500000e-01
    endloop
  endfacet
  facet normal -1.513579e-01 -9.114582e-01 -3.825372e-01
    outer loop
      vertex   -9.652918e+00 -4.900727e+01 1.111771e+00
      vertex   -9.623959e+00 -4.886025e+01 7.500000e-01
      vertex   -6.704802e+00 -4.949684e+01 1.111771e+00
    endloop
  endfacet
  facet normal -1.513579e-01 -9.114582e-01 -3.825372e-01
    outer loop
      vertex   -6.704802e+00 -4.949684e+01 1.111771e+00
      vertex   -9.623959e+00 -4.886025e+01 7.500000e-01
      vertex   -6.684688e+00 -4.934834e+01 7.500000e-01
    endloop
  endfacet
  facet normal -9.657804e-02 -9.188786e-01 -3.825372e-01
    outer loop
      vertex   -6.704802e+00 -4.949684e+01 1.111771e+00
      vertex   -6.684688e+00 -4.934834e+01 7.500000e-01
      vertex   -3.732685e+00 -4.980922e+01 1.111771e+00
    endloop
  endfacet
  facet normal -9.657804e-02 -9.188786e-01 -3.825372e-01
    outer loop
      vertex   -3.732685e+00 -4.980922e+01 1.111771e+00
      vertex   -6.684688e+00 -4.934834e+01 7.500000e-01
      vertex   -3.721487e+00 -4.965979e+01 7.500000e-01
    endloop
  endfacet
  facet normal -4.145241e-02 -9.230097e-01 -3.825372e-01
    outer loop
      vertex   -3.732685e+00 -4.980922e+01 1.111771e+00
      vertex   -3.721487e+00 -4.965979e+01 7.500000e-01
      vertex   -7.472058e-01 -4.994330e+01 1.111771e+00
    endloop
  endfacet
  facet normal -4.145241e-02 -9.230097e-01 -3.825372e-01
    outer loop
      vertex   -7.472058e-01 -4.994330e+01 1.111771e+00
      vertex   -3.721487e+00 -4.965979e+01 7.500000e-01
      vertex   -7.449641e-01 -4.979347e+01 7.500000e-01
    endloop
  endfacet
  facet normal 1.382160e-02 -9.238367e-01 -3.825372e-01
    outer loop
      vertex   -7.472058e-01 -4.994330e+01 1.111771e+00
      vertex   -7.449641e-01 -4.979347e+01 7.500000e-01
      vertex   2.240948e+00 -4.989859e+01 1.111771e+00
    endloop
  endfacet
  facet normal 1.382160e-02 -9.238367e-01 -3.825372e-01
    outer loop
      vertex   2.240948e+00 -4.989859e+01 1.111771e+00
      vertex   -7.449641e-01 -4.979347e+01 7.500000e-01
      vertex   2.234225e+00 -4.974889e+01 7.500000e-01
    endloop
  endfacet
  facet normal 6.904613e-02 -9.213566e-01 -3.825372e-01
    outer loop
      vertex   2.240948e+00 -4.989859e+01 1.111771e+00
      vertex   2.234225e+00 -4.974889e+01 7.500000e-01
      vertex   5.221081e+00 -4.967526e+01 1.111771e+00
    endloop
  endfacet
  facet normal 6.904613e-02 -9.213566e-01 -3.825372e-01
    outer loop
      vertex   5.221081e+00 -4.967526e+01 1.111771e+00
      vertex   2.234225e+00 -4.974889e+01 7.500000e-01
      vertex   5.205417e+00 -4.952623e+01 7.500000e-01
    endloop
  endfacet
  facet normal 1.240235e-01 -9.155782e-01 -3.825372e-01
    outer loop
      vertex   5.221081e+00 -4.967526e+01 1.111771e+00
      vertex   5.205417e+00 -4.952623e+01 7.500000e-01
      vertex   8.182523e+00 -4.927411e+01 1.111771e+00
    endloop
  endfacet
  facet normal 1.240235e-01 -9.155782e-01 -3.825372e-01
    outer loop
      vertex   8.182523e+00 -4.927411e+01 1.111771e+00
      vertex   5.205417e+00 -4.952623e+01 7.500000e-01
      vertex   8.157974e+00 -4.912628e+01 7.500000e-01
    endloop
  endfacet
  facet normal 1.785569e-01 -9.065223e-01 -3.825372e-01
    outer loop
      vertex   8.182523e+00 -4.927411e+01 1.111771e+00
      vertex   8.157974e+00 -4.912628e+01 7.500000e-01
      vertex   1.111467e+01 -4.869657e+01 1.111771e+00
    endloop
  endfacet
  facet normal 1.785569e-01 -9.065223e-01 -3.825372e-01
    outer loop
      vertex   1.111467e+01 -4.869657e+01 1.111771e+00
      vertex   8.157974e+00 -4.912628e+01 7.500000e-01
      vertex   1.108133e+01 -4.855047e+01 7.500000e-01
    endloop
  endfacet
  facet normal 2.324511e-01 -8.942213e-01 -3.825372e-01
    outer loop
      vertex   1.111467e+01 -4.869657e+01 1.111771e+00
      vertex   1.108133e+01 -4.855047e+01 7.500000e-01
      vertex   1.400704e+01 -4.794470e+01 1.111771e+00
    endloop
  endfacet
  facet normal 2.324511e-01 -8.942213e-01 -3.825372e-01
    outer loop
      vertex   1.400704e+01 -4.794470e+01 1.111771e+00
      vertex   1.108133e+01 -4.855047e+01 7.500000e-01
      vertex   1.396501e+01 -4.780086e+01 7.500000e-01
    endloop
  endfacet
  facet normal 2.855132e-01 -8.787192e-01 -3.825372e-01
    outer loop
      vertex   1.400704e+01 -4.794470e+01 1.111771e+00
      vertex   1.396501e+01 -4.780086e+01 7.500000e-01
      vertex   1.684926e+01 -4.702121e+01 1.111771e+00
    endloop
  endfacet
  facet normal 2.855132e-01 -8.787192e-01 -3.825372e-01
    outer loop
      vertex   1.684926e+01 -4.702121e+01 1.111771e+00
      vertex   1.396501e+01 -4.780086e+01 7.500000e-01
      vertex   1.679871e+01 -4.688014e+01 7.500000e-01
    endloop
  endfacet
  facet normal 3.375532e-01 -8.600716e-01 -3.825372e-01
    outer loop
      vertex   1.684926e+01 -4.702121e+01 1.111771e+00
      vertex   1.679871e+01 -4.688014e+01 7.500000e-01
      vertex   1.963116e+01 -4.592939e+01 1.111771e+00
    endloop
  endfacet
  facet normal 3.375532e-01 -8.600716e-01 -3.825372e-01
    outer loop
      vertex   1.963116e+01 -4.592939e+01 1.111771e+00
      vertex   1.679871e+01 -4.688014e+01 7.500000e-01
      vertex   1.957227e+01 -4.579160e+01 7.500000e-01
    endloop
  endfacet
  facet normal 3.883849e-01 -8.383451e-01 -3.825372e-01
    outer loop
      vertex   1.963116e+01 -4.592939e+01 1.111771e+00
      vertex   1.957227e+01 -4.579160e+01 7.500000e-01
      vertex   2.234279e+01 -4.467316e+01 1.111771e+00
    endloop
  endfacet
  facet normal 3.883849e-01 -8.383451e-01 -3.825372e-01
    outer loop
      vertex   2.234279e+01 -4.467316e+01 1.111771e+00
      vertex   1.957227e+01 -4.579160e+01 7.500000e-01
      vertex   2.227576e+01 -4.453913e+01 7.500000e-01
    endloop
  endfacet
  facet normal 4.378263e-01 -8.136175e-01 -3.825372e-01
    outer loop
      vertex   2.234279e+01 -4.467316e+01 1.111771e+00
      vertex   2.227576e+01 -4.453913e+01 7.500000e-01
      vertex   2.497444e+01 -4.325701e+01 1.111771e+00
    endloop
  endfacet
  facet normal 4.378263e-01 -8.136175e-01 -3.825372e-01
    outer loop
      vertex   2.497444e+01 -4.325701e+01 1.111771e+00
      vertex   2.227576e+01 -4.453913e+01 7.500000e-01
      vertex   2.489952e+01 -4.312723e+01 7.500000e-01
    endloop
  endfacet
  facet normal 4.857003e-01 -7.859774e-01 -3.825372e-01
    outer loop
      vertex   2.497444e+01 -4.325701e+01 1.111771e+00
      vertex   2.489952e+01 -4.312723e+01 7.500000e-01
      vertex   2.751669e+01 -4.168601e+01 1.111771e+00
    endloop
  endfacet
  facet normal 4.857003e-01 -7.859774e-01 -3.825372e-01
    outer loop
      vertex   2.751669e+01 -4.168601e+01 1.111771e+00
      vertex   2.489952e+01 -4.312723e+01 7.500000e-01
      vertex   2.743414e+01 -4.156095e+01 7.500000e-01
    endloop
  endfacet
  facet normal 5.318357e-01 -7.555237e-01 -3.825372e-01
    outer loop
      vertex   2.751669e+01 -4.168601e+01 1.111771e+00
      vertex   2.743414e+01 -4.156095e+01 7.500000e-01
      vertex   2.996044e+01 -3.996578e+01 1.111771e+00
    endloop
  endfacet
  facet normal 5.318357e-01 -7.555237e-01 -3.825372e-01
    outer loop
      vertex   2.996044e+01 -3.996578e+01 1.111771e+00
      vertex   2.743414e+01 -4.156095e+01 7.500000e-01
      vertex   2.987055e+01 -3.984588e+01 7.500000e-01
    endloop
  endfacet
  facet normal 5.760672e-01 -7.223654e-01 -3.825372e-01
    outer loop
      vertex   2.996044e+01 -3.996578e+01 1.111771e+00
      vertex   2.987055e+01 -3.984588e+01 7.500000e-01
      vertex   3.229693e+01 -3.810249e+01 1.111771e+00
    endloop
  endfacet
  facet normal 5.760672e-01 -7.223654e-01 -3.825372e-01
    outer loop
      vertex   3.229693e+01 -3.810249e+01 1.111771e+00
      vertex   2.987055e+01 -3.984588e+01 7.500000e-01
      vertex   3.220004e+01 -3.798818e+01 7.500000e-01
    endloop
  endfacet
  facet normal 6.182366e-01 -6.866213e-01 -3.825372e-01
    outer loop
      vertex   3.229693e+01 -3.810249e+01 1.111771e+00
      vertex   3.220004e+01 -3.798818e+01 7.500000e-01
      vertex   3.451781e+01 -3.610280e+01 1.111771e+00
    endloop
  endfacet
  facet normal 6.182366e-01 -6.866213e-01 -3.825372e-01
    outer loop
      vertex   3.451781e+01 -3.610280e+01 1.111771e+00
      vertex   3.220004e+01 -3.798818e+01 7.500000e-01
      vertex   3.441426e+01 -3.599449e+01 7.500000e-01
    endloop
  endfacet
  facet normal 6.581928e-01 -6.484192e-01 -3.825372e-01
    outer loop
      vertex   3.451781e+01 -3.610280e+01 1.111771e+00
      vertex   3.441426e+01 -3.599449e+01 7.500000e-01
      vertex   3.661513e+01 -3.397387e+01 1.111771e+00
    endloop
  endfacet
  facet normal 6.581928e-01 -6.484192e-01 -3.825372e-01
    outer loop
      vertex   3.661513e+01 -3.397387e+01 1.111771e+00
      vertex   3.441426e+01 -3.599449e+01 7.500000e-01
      vertex   3.650528e+01 -3.387195e+01 7.500000e-01
    endloop
  endfacet
  facet normal 6.957929e-01 -6.078960e-01 -3.825372e-01
    outer loop
      vertex   3.661513e+01 -3.397387e+01 1.111771e+00
      vertex   3.650528e+01 -3.387195e+01 7.500000e-01
      vertex   3.858137e+01 -3.172333e+01 1.111771e+00
    endloop
  endfacet
  facet normal 6.957929e-01 -6.078960e-01 -3.825372e-01
    outer loop
      vertex   3.858137e+01 -3.172333e+01 1.111771e+00
      vertex   3.650528e+01 -3.387195e+01 7.500000e-01
      vertex   3.846562e+01 -3.162815e+01 7.500000e-01
    endloop
  endfacet
  facet normal 7.309022e-01 -5.651966e-01 -3.825372e-01
    outer loop
      vertex   3.858137e+01 -3.172333e+01 1.111771e+00
      vertex   3.846562e+01 -3.162815e+01 7.500000e-01
      vertex   4.040950e+01 -2.935922e+01 1.111771e+00
    endloop
  endfacet
  facet normal 7.309022e-01 -5.651966e-01 -3.825372e-01
    outer loop
      vertex   4.040950e+01 -2.935922e+01 1.111771e+00
      vertex   3.846562e+01 -3.162815e+01 7.500000e-01
      vertex   4.028827e+01 -2.927114e+01 7.500000e-01
    endloop
  endfacet
  facet normal 7.633951e-01 -5.204740e-01 -3.825372e-01
    outer loop
      vertex   4.040950e+01 -2.935922e+01 1.111771e+00
      vertex   4.028827e+01 -2.927114e+01 7.500000e-01
      vertex   4.209298e+01 -2.689002e+01 1.111771e+00
    endloop
  endfacet
  facet normal 7.633951e-01 -5.204740e-01 -3.825372e-01
    outer loop
      vertex   4.209298e+01 -2.689002e+01 1.111771e+00
      vertex   4.028827e+01 -2.927114e+01 7.500000e-01
      vertex   4.196669e+01 -2.680934e+01 7.500000e-01
    endloop
  endfacet
  facet normal 7.931552e-01 -4.738882e-01 -3.825372e-01
    outer loop
      vertex   4.209298e+01 -2.689002e+01 1.111771e+00
      vertex   4.196669e+01 -2.680934e+01 7.500000e-01
      vertex   4.362577e+01 -2.432455e+01 1.111771e+00
    endloop
  endfacet
  facet normal 7.931552e-01 -4.738882e-01 -3.825372e-01
    outer loop
      vertex   4.362577e+01 -2.432455e+01 1.111771e+00
      vertex   4.196669e+01 -2.680934e+01 7.500000e-01
      vertex   4.349489e+01 -2.425158e+01 7.500000e-01
    endloop
  endfacet
  facet normal 8.200761e-01 -4.256060e-01 -3.825372e-01
    outer loop
      vertex   4.362577e+01 -2.432455e+01 1.111771e+00
      vertex   4.349489e+01 -2.425158e+01 7.500000e-01
      vertex   4.500239e+01 -2.167201e+01 1.111771e+00
    endloop
  endfacet
  facet normal 8.200761e-01 -4.256060e-01 -3.825372e-01
    outer loop
      vertex   4.500239e+01 -2.167201e+01 1.111771e+00
      vertex   4.349489e+01 -2.425158e+01 7.500000e-01
      vertex   4.486738e+01 -2.160699e+01 7.500000e-01
    endloop
  endfacet
  facet normal 8.440613e-01 -3.758003e-01 -3.825372e-01
    outer loop
      vertex   4.500239e+01 -2.167201e+01 1.111771e+00
      vertex   4.486738e+01 -2.160699e+01 7.500000e-01
      vertex   4.621792e+01 -1.894189e+01 1.111771e+00
    endloop
  endfacet
  facet normal 8.440613e-01 -3.758003e-01 -3.825372e-01
    outer loop
      vertex   4.621792e+01 -1.894189e+01 1.111771e+00
      vertex   4.486738e+01 -2.160699e+01 7.500000e-01
      vertex   4.607926e+01 -1.888506e+01 7.500000e-01
    endloop
  endfacet
  facet normal 8.650249e-01 -3.246493e-01 -3.825372e-01
    outer loop
      vertex   4.621792e+01 -1.894189e+01 1.111771e+00
      vertex   4.607926e+01 -1.888506e+01 7.500000e-01
      vertex   4.726800e+01 -1.614396e+01 1.111771e+00
    endloop
  endfacet
  facet normal 8.650249e-01 -3.246493e-01 -3.825372e-01
    outer loop
      vertex   4.726800e+01 -1.614396e+01 1.111771e+00
      vertex   4.607926e+01 -1.888506e+01 7.500000e-01
      vertex   4.712619e+01 -1.609553e+01 7.500000e-01
    endloop
  endfacet
  facet normal 8.828920e-01 -2.723361e-01 -3.825372e-01
    outer loop
      vertex   4.726800e+01 -1.614396e+01 1.111771e+00
      vertex   4.712619e+01 -1.609553e+01 7.500000e-01
      vertex   4.814887e+01 -1.328824e+01 1.111771e+00
    endloop
  endfacet
  facet normal 8.828920e-01 -2.723361e-01 -3.825372e-01
    outer loop
      vertex   4.814887e+01 -1.328824e+01 1.111771e+00
      vertex   4.712619e+01 -1.609553e+01 7.500000e-01
      vertex   4.800442e+01 -1.324838e+01 7.500000e-01
    endloop
  endfacet
  facet normal 8.975986e-01 -2.190481e-01 -3.825372e-01
    outer loop
      vertex   4.814887e+01 -1.328824e+01 1.111771e+00
      vertex   4.800442e+01 -1.324838e+01 7.500000e-01
      vertex   4.885739e+01 -1.038496e+01 1.111771e+00
    endloop
  endfacet
  facet normal 8.975986e-01 -2.190481e-01 -3.825372e-01
    outer loop
      vertex   4.885739e+01 -1.038496e+01 1.111771e+00
      vertex   4.800442e+01 -1.324838e+01 7.500000e-01
      vertex   4.871081e+01 -1.035380e+01 7.500000e-01
    endloop
  endfacet
  facet normal 9.090920e-01 -1.649759e-01 -3.825372e-01
    outer loop
      vertex   4.885739e+01 -1.038496e+01 1.111771e+00
      vertex   4.871081e+01 -1.035380e+01 7.500000e-01
      vertex   4.939100e+01 -7.444496e+00 1.111771e+00
    endloop
  endfacet
  facet normal 9.090920e-01 -1.649759e-01 -3.825372e-01
    outer loop
      vertex   4.939100e+01 -7.444496e+00 1.111771e+00
      vertex   4.871081e+01 -1.035380e+01 7.500000e-01
      vertex   4.924282e+01 -7.422161e+00 7.500000e-01
    endloop
  endfacet
  facet normal 9.173311e-01 -1.103131e-01 -3.825372e-01
    outer loop
      vertex   4.939100e+01 -7.444496e+00 1.111771e+00
      vertex   4.924282e+01 -7.422161e+00 7.500000e-01
      vertex   4.974781e+01 -4.477384e+00 1.111771e+00
    endloop
  endfacet
  facet normal 9.173311e-01 -1.103131e-01 -3.825372e-01
    outer loop
      vertex   4.974781e+01 -4.477384e+00 1.111771e+00
      vertex   4.924282e+01 -7.422161e+00 7.500000e-01
      vertex   4.959856e+01 -4.463951e+00 7.500000e-01
    endloop
  endfacet
  facet normal 9.222863e-01 -5.525545e-02 -3.825372e-01
    outer loop
      vertex   4.974781e+01 -4.477384e+00 1.111771e+00
      vertex   4.959856e+01 -4.463951e+00 7.500000e-01
      vertex   4.992653e+01 -1.494244e+00 1.111771e+00
    endloop
  endfacet
  facet normal 9.222863e-01 -5.525545e-02 -3.825372e-01
    outer loop
      vertex   4.992653e+01 -1.494244e+00 1.111771e+00
      vertex   4.959856e+01 -4.463951e+00 7.500000e-01
      vertex   4.977675e+01 -1.489761e+00 7.500000e-01
    endloop
  endfacet
  facet normal 9.239401e-01 0.000000e+00 -3.825372e-01
    outer loop
      vertex   4.992653e+01 -1.494244e+00 1.111771e+00
      vertex   4.977675e+01 -1.489761e+00 7.500000e-01
      vertex   4.992653e+01 1.494244e+00 1.111771e+00
    endloop
  endfacet
  facet normal 9.239401e-01 0.000000e+00 -3.825372e-01
    outer loop
      vertex   4.992653e+01 1.494244e+00 1.111771e+00
      vertex   4.977675e+01 -1.489761e+00 7.500000e-01
      vertex   4.977675e+01 1.489761e+00 7.500000e-01
    endloop
  endfacet
  facet normal 9.222863e-01 5.525545e-02 -3.825372e-01
    outer loop
      vertex   4.992653e+01 1.494244e+00 1.111771e+00
      vertex   4.977675e+01 1.489761e+00 7.500000e-01
      vertex   4.974781e+01 4.477384e+00 1.111771e+00
    endloop
  endfacet
  facet normal 9.222863e-01 5.525545e-02 -3.825372e-01
    outer loop
      vertex   4.974781e+01 4.477384e+00 1.111771e+00
      vertex   4.977675e+01 1.489761e+00 7.500000e-01
      vertex   4.959856e+01 4.463951e+00 7.500000e-01
    endloop
  endfacet
  facet normal 9.173311e-01 1.103131e-01 -3.825372e-01
    outer loop
      vertex   4.974781e+01 4.477384e+00 1.111771e+00
      vertex   4.959856e+01 4.463951e+00 7.500000e-01
      vertex   4.939100e+01 7.444496e+00 1.111771e+00
    endloop
  endfacet
  facet normal 9.173311e-01 1.103131e-01 -3.825372e-01
    outer loop
      vertex   4.939100e+01 7.444496e+00 1.111771e+00
      vertex   4.959856e+01 4.463951e+00 7.500000e-01
      vertex   4.924282e+01 7.422161e+00 7.500000e-01
    endloop
  endfacet
  facet normal 9.090920e-01 1.649759e-01 -3.825372e-01
    outer loop
      vertex   4.939100e+01 7.444496e+00 1.111771e+00
      vertex   4.924282e+01 7.422161e+00 7.500000e-01
      vertex   4.885739e+01 1.038496e+01 1.111771e+00
    endloop
  endfacet
  facet normal 9.090920e-01 1.649759e-01 -3.825372e-01
    outer loop
      vertex   4.885739e+01 1.038496e+01 1.111771e+00
      vertex   4.924282e+01 7.422161e+00 7.500000e-01
      vertex   4.871081e+01 1.035380e+01 7.500000e-01
    endloop
  endfacet
  facet normal 8.975986e-01 2.190481e-01 -3.825372e-01
    outer loop
      vertex   4.885739e+01 1.038496e+01 1.111771e+00
      vertex   4.871081e+01 1.035380e+01 7.500000e-01
      vertex   4.814887e+01 1.328824e+01 1.111771e+00
    endloop
  endfacet
  facet normal 8.975986e-01 2.190481e-01 -3.825372e-01
    outer loop
      vertex   4.814887e+01 1.328824e+01 1.111771e+00
      vertex   4.871081e+01 1.035380e+01 7.500000e-01
      vertex   4.800442e+01 1.324838e+01 7.500000e-01
    endloop
  endfacet
  facet normal 8.828920e-01 2.723361e-01 -3.825372e-01
    outer loop
      vertex   4.814887e+01 1.328824e+01 1.111771e+00
      vertex   4.800442e+01 1.324838e+01 7.500000e-01
      vertex   4.726800e+01 1.614396e+01 1.111771e+00
    endloop
  endfacet
  facet normal 8.828920e-01 2.723361e-01 -3.825372e-01
    outer loop
      vertex   4.726800e+01 1.614396e+01 1.111771e+00
      vertex   4.800442e+01 1.324838e+01 7.500000e-01
      vertex   4.712619e+01 1.609553e+01 7.500000e-01
    endloop
  endfacet
  facet normal 8.650249e-01 3.246493e-01 -3.825372e-01
    outer loop
      vertex   4.726800e+01 1.614396e+01 1.111771e+00
      vertex   4.712619e+01 1.609553e+01 7.500000e-01
      vertex   4.621792e+01 1.894189e+01 1.111771e+00
    endloop
  endfacet
  facet normal 8.650249e-01 3.246493e-01 -3.825372e-01
    outer loop
      vertex   4.621792e+01 1.894189e+01 1.111771e+00
      vertex   4.712619e+01 1.609553e+01 7.500000e-01
      vertex   4.607926e+01 1.888506e+01 7.500000e-01
    endloop
  endfacet
  facet normal 8.440613e-01 3.758003e-01 -3.825372e-01
    outer loop
      vertex   4.621792e+01 1.894189e+01 1.111771e+00
      vertex   4.607926e+01 1.888506e+01 7.500000e-01
      vertex   4.500239e+01 2.167201e+01 1.111771e+00
    endloop
  endfacet
  facet normal 8.440613e-01 3.758003e-01 -3.825372e-01
    outer loop
      vertex   4.500239e+01 2.167201e+01 1.111771e+00
      vertex   4.607926e+01 1.888506e+01 7.500000e-01
      vertex   4.486738e+01 2.160699e+01 7.500000e-01
    endloop
  endfacet
  facet normal 8.200761e-01 4.256060e-01 -3.825372e-01
    outer loop
      vertex   4.500239e+01 2.167201e+01 1.111771e+00
      vertex   4.486738e+01 2.160699e+01 7.500000e-01
      vertex   4.362577e+01 2.432455e+01 1.111771e+00
    endloop
  endfacet
  facet normal 8.200761e-01 4.256060e-01 -3.825372e-01
    outer loop
      vertex   4.362577e+01 2.432455e+01 1.111771e+00
      vertex   4.486738e+01 2.160699e+01 7.500000e-01
      vertex   4.349489e+01 2.425158e+01 7.500000e-01
    endloop
  endfacet
  facet normal 7.931552e-01 4.738882e-01 -3.825372e-01
    outer loop
      vertex   4.362577e+01 2.432455e+01 1.111771e+00
      vertex   4.349489e+01 2.425158e+01 7.500000e-01
      vertex   4.209298e+01 2.689002e+01 1.111771e+00
    endloop
  endfacet
  facet normal 7.931552e-01 4.738882e-01 -3.825372e-01
    outer loop
      vertex   4.209298e+01 2.689002e+01 1.111771e+00
      vertex   4.349489e+01 2.425158e+01 7.500000e-01
      vertex   4.196669e+01 2.680934e+01 7.500000e-01
    endloop
  endfacet
  facet normal 7.633951e-01 5.204740e-01 -3.825372e-01
    outer loop
      vertex   4.209298e+01 2.689002e+01 1.111771e+00
      vertex   4.196669e+01 2.680934e+01 7.500000e-01
      vertex   4.040950e+01 2.935922e+01 1.111771e+00
    endloop
  endfacet
  facet normal 7.633951e-01 5.204740e-01 -3.825372e-01
    outer loop
      vertex   4.040950e+01 2.935922e+01 1.111771e+00
      vertex   4.196669e+01 2.680934e+01 7.500000e-01
      vertex   4.028827e+01 2.927114e+01 7.500000e-01
    endloop
  endfacet
  facet normal 7.309022e-01 5.651966e-01 -3.825372e-01
    outer loop
      vertex   4.040950e+01 2.935922e+01 1.111771e+00
      vertex   4.028827e+01 2.927114e+01 7.500000e-01
      vertex   3.858137e+01 3.172333e+01 1.111771e+00
    endloop
  endfacet
  facet normal 7.309022e-01 5.651966e-01 -3.825372e-01
    outer loop
      vertex   3.858137e+01 3.172333e+01 1.111771e+00
      vertex   4.028827e+01 2.927114e+01 7.500000e-01
      vertex   3.846562e+01 3.162815e+01 7.500000e-01
    endloop
  endfacet
  facet normal 6.957929e-01 6.078960e-01 -3.825372e-01
    outer loop
      vertex   3.858137e+01 3.172333e+01 1.111771e+00
      vertex   3.846562e+01 3.162815e+01 7.500000e-01
      vertex   3.661513e+01 3.397387e+01 1.111771e+00
    endloop
  endfacet
  facet normal 6.957929e-01 6.078960e-01 -3.825372e-01
    outer loop
      vertex   3.661513e+01 3.397387e+01 1.111771e+00
      vertex   3.846562e+01 3.162815e+01 7.500000e-01
      vertex   3.650528e+01 3.387195e+01 7.500000e-01
    endloop
  endfacet
  facet normal 6.581928e-01 6.484192e-01 -3.825372e-01
    outer loop
      vertex   3.661513e+01 3.397387e+01 1.111771e+00
      vertex   3.650528e+01 3.387195e+01 7.500000e-01
      vertex   3.451781e+01 3.610280e+01 1.111771e+00
    endloop
  endfacet
  facet normal 6.581928e-01 6.484192e-01 -3.825372e-01
    outer loop
      vertex   3.451781e+01 3.610280e+01 1.111771e+00
      vertex   3.650528e+01 3.387195e+01 7.500000e-01
      vertex   3.441426e+01 3.599449e+01 7.500000e-01
    endloop
  endfacet
  facet normal 6.182366e-01 6.866213e-01 -3.825372e-01
    outer loop
      vertex   3.451781e+01 3.610280e+01 1.111771e+00
      vertex   3.441426e+01 3.599449e+01 7.500000e-01
      vertex   3.229693e+01 3.810249e+01 1.111771e+00
    endloop
  endfacet
  facet normal 6.182366e-01 6.866213e-01 -3.825372e-01
    outer loop
      vertex   3.229693e+01 3.810249e+01 1.111771e+00
      vertex   3.441426e+01 3.599449e+01 7.500000e-01
      vertex   3.220004e+01 3.798818e+01 7.500000e-01
    endloop
  endfacet
  facet normal 5.760672e-01 7.223654e-01 -3.825372e-01
    outer loop
      vertex   3.229693e+01 3.810249e+01 1.111771e+00
      vertex   3.220004e+01 3.798818e+01 7.500000e-01
      vertex   2.996044e+01 3.996578e+01 1.111771e+00
    endloop
  endfacet
  facet normal 5.760672e-01 7.223654e-01 -3.825372e-01
    outer loop
      vertex   2.996044e+01 3.996578e+01 1.111771e+00
      vertex   3.220004e+01 3.798818e+01 7.500000e-01
      vertex   2.987055e+01 3.984588e+01 7.500000e-01
    endloop
  endfacet
  facet normal 5.318357e-01 7.555237e-01 -3.825372e-01
    outer loop
      vertex   2.996044e+01 3.996578e+01 1.111771e+00
      vertex   2.987055e+01 3.984588e+01 7.500000e-01
      vertex   2.751669e+01 4.168601e+01 1.111771e+00
    endloop
  endfacet
  facet normal 5.318357e-01 7.555237e-01 -3.825372e-01
    outer loop
      vertex   2.751669e+01 4.168601e+01 1.111771e+00
      vertex   2.987055e+01 3.984588e+01 7.500000e-01
      vertex   2.743414e+01 4.156095e+01 7.500000e-01
    endloop
  endfacet
  facet normal 4.857003e-01 7.859774e-01 -3.825372e-01
    outer loop
      vertex   2.751669e+01 4.168601e+01 1.111771e+00
      vertex   2.743414e+01 4.156095e+01 7.500000e-01
      vertex   2.497444e+01 4.325701e+01 1.111771e+00
    endloop
  endfacet
  facet normal 4.857003e-01 7.859774e-01 -3.825372e-01
    outer loop
      vertex   2.497444e+01 4.325701e+01 1.111771e+00
      vertex   2.743414e+01 4.156095e+01 7.500000e-01
      vertex   2.489952e+01 4.312723e+01 7.500000e-01
    endloop
  endfacet
  facet normal 4.378263e-01 8.136175e-01 -3.825372e-01
    outer loop
      vertex   2.497444e+01 4.325701e+01 1.111771e+00
      vertex   2.489952e+01 4.312723e+01 7.500000e-01
      vertex   2.234279e+01 4.467316e+01 1.111771e+00
    endloop
  endfacet
  facet normal 4.378263e-01 8.136175e-01 -3.825372e-01
    outer loop
      vertex   2.234279e+01 4.467316e+01 1.111771e+00
      vertex   2.489952e+01 4.312723e+01 7.500000e-01
      vertex   2.227576e+01 4.453913e+01 7.500000e-01
    endloop
  endfacet
  facet normal 3.883849e-01 8.383451e-01 -3.825372e-01
    outer loop
      vertex   2.234279e+01 4.467316e+01 1.111771e+00
      vertex   2.227576e+01 4.453913e+01 7.500000e-01
      vertex   1.963116e+01 4.592939e+01 1.111771e+00
    endloop
  endfacet
  facet normal 3.883849e-01 8.383451e-01 -3.825372e-01
    outer loop
      vertex   1.963116e+01 4.592939e+01 1.111771e+00
      vertex   2.227576e+01 4.453913e+01 7.500000e-01
      vertex   1.957227e+01 4.579160e+01 7.500000e-01
    endloop
  endfacet
  facet normal 3.375532e-01 8.600716e-01 -3.825372e-01
    outer loop
      vertex   1.963116e+01 4.592939e+01 1.111771e+00
      vertex   1.957227e+01 4.579160e+01 7.500000e-01
      vertex   1.684926e+01 4.702121e+01 1.111771e+00
    endloop
  endfacet
  facet normal 3.375532e-01 8.600716e-01 -3.825372e-01
    outer loop
      vertex   1.684926e+01 4.702121e+01 1.111771e+00
      vertex   1.957227e+01 4.579160e+01 7.500000e-01
      vertex   1.679871e+01 4.688014e+01 7.500000e-01
    endloop
  endfacet
  facet normal 2.855132e-01 8.787192e-01 -3.825372e-01
    outer loop
      vertex   1.684926e+01 4.702121e+01 1.111771e+00
      vertex   1.679871e+01 4.688014e+01 7.500000e-01
      vertex   1.400704e+01 4.794470e+01 1.111771e+00
    endloop
  endfacet
  facet normal 2.855132e-01 8.787192e-01 -3.825372e-01
    outer loop
      vertex   1.400704e+01 4.794470e+01 1.111771e+00
      vertex   1.679871e+01 4.688014e+01 7.500000e-01
      vertex   1.396501e+01 4.780086e+01 7.500000e-01
    endloop
  endfacet
  facet normal 2.324511e-01 8.942213e-01 -3.825372e-01
    outer loop
      vertex   1.400704e+01 4.794470e+01 1.111771e+00
      vertex   1.396501e+01 4.780086e+01 7.500000e-01
      vertex   1.111467e+01 4.869657e+01 1.111771e+00
    endloop
  endfacet
  facet normal 2.324511e-01 8.942213e-01 -3.825372e-01
    outer loop
      vertex   1.111467e+01 4.869657e+01 1.111771e+00
      vertex   1.396501e+01 4.780086e+01 7.500000e-01
      vertex   1.108133e+01 4.855047e+01 7.500000e-01
    endloop
  endfacet
  facet normal 1.785569e-01 9.065223e-01 -3.825372e-01
    outer loop
      vertex   1.111467e+01 4.869657e+01 1.111771e+00
      vertex   1.108133e+01 4.855047e+01 7.500000e-01
      vertex   8.182523e+00 4.927411e+01 1.111771e+00
    endloop
  endfacet
  facet normal 1.785569e-01 9.065223e-01 -3.825372e-01
    outer loop
      vertex   8.182523e+00 4.927411e+01 1.111771e+00
      vertex   1.108133e+01 4.855047e+01 7.500000e-01
      vertex   8.157974e+00 4.912628e+01 7.500000e-01
    endloop
  endfacet
  facet normal 1.240235e-01 9.155782e-01 -3.825372e-01
    outer loop
      vertex   8.182523e+00 4.927411e+01 1.111771e+00
      vertex   8.157974e+00 4.912628e+01 7.500000e-01
      vertex   5.221081e+00 4.967526e+01 1.111771e+00
    endloop
  endfacet
  facet normal 1.240235e-01 9.155782e-01 -3.825372e-01
    outer loop
      vertex   5.221081e+00 4.967526e+01 1.111771e+00
      vertex   8.157974e+00 4.912628e+01 7.500000e-01
      vertex   5.205417e+00 4.952623e+01 7.500000e-01
    endloop
  endfacet
  facet normal 6.904613e-02 9.213566e-01 -3.825372e-01
    outer loop
      vertex   5.221081e+00 4.967526e+01 1.111771e+00
      vertex   5.205417e+00 4.952623e+01 7.500000e-01
      vertex   2.240948e+00 4.989859e+01 1.111771e+00
    endloop
  endfacet
  facet normal 6.904613e-02 9.213566e-01 -3.825372e-01
    outer loop
      vertex   2.240948e+00 4.989859e+01 1.111771e+00
      vertex   5.205417e+00 4.952623e+01 7.500000e-01
      vertex   2.234225e+00 4.974889e+01 7.500000e-01
    endloop
  endfacet
  facet normal 1.382160e-02 9.238367e-01 -3.825372e-01
    outer loop
      vertex   2.240948e+00 4.989859e+01 1.111771e+00
      vertex   2.234225e+00 4.974889e+01 7.500000e-01
      vertex   -7.472058e-01 4.994330e+01 1.111771e+00
    endloop
  endfacet
  facet normal 1.382160e-02 9.238367e-01 -3.825372e-01
    outer loop
      vertex   -7.472058e-01 4.994330e+01 1.111771e+00
      vertex   2.234225e+00 4.974889e+01 7.500000e-01
      vertex   -7.449641e-01 4.979347e+01 7.500000e-01
    endloop
  endfacet
  facet normal -4.145241e-02 9.230097e-01 -3.825372e-01
    outer loop
      vertex   -7.472058e-01 4.994330e+01 1.111771e+00
      vertex   -7.449641e-01 4.979347e+01 7.500000e-01
      vertex   -3.732685e+00 4.980922e+01 1.111771e+00
    endloop
  endfacet
  facet normal -4.145241e-02 9.230097e-01 -3.825372e-01
    outer loop
      vertex   -3.732685e+00 4.980922e+01 1.111771e+00
      vertex   -7.449641e-01 4.979347e+01 7.500000e-01
      vertex   -3.721487e+00 4.965979e+01 7.500000e-01
    endloop
  endfacet
  facet normal -9.657804e-02 9.188786e-01 -3.825372e-01
    outer loop
      vertex   -3.732685e+00 4.980922e+01 1.111771e+00
      vertex   -3.721487e+00 4.965979e+01 7.500000e-01
      vertex   -6.704802e+00 4.949684e+01 1.111771e+00
    endloop
  endfacet
  facet normal -9.657804e-02 9.188786e-01 -3.825372e-01
    outer loop
      vertex   -6.704802e+00 4.949684e+01 1.111771e+00
      vertex   -3.721487e+00 4.965979e+01 7.500000e-01
      vertex   -6.684688e+00 4.934834e+01 7.500000e-01
    endloop
  endfacet
  facet normal -1.513579e-01 9.114582e-01 -3.825372e-01
    outer loop
      vertex   -6.704802e+00 4.949684e+01 1.111771e+00
      vertex   -6.684688e+00 4.934834e+01 7.500000e-01
      vertex   -9.652918e+00 4.900727e+01 1.111771e+00
    endloop
  endfacet
  facet normal -1.513579e-01 9.114582e-01 -3.825372e-01
    outer loop
      vertex   -9.652918e+00 4.900727e+01 1.111771e+00
      vertex   -6.684688e+00 4.934834e+01 7.500000e-01
      vertex   -9.623959e+00 4.886025e+01 7.500000e-01
    endloop
  endfacet
  facet normal -2.055960e-01 9.007750e-01 -3.825372e-01
    outer loop
      vertex   -9.652918e+00 4.900727e+01 1.111771e+00
      vertex   -9.623959e+00 4.886025e+01 7.500000e-01
      vertex   -1.256648e+01 4.834227e+01 1.111771e+00
    endloop
  endfacet
  facet normal -2.055960e-01 9.007750e-01 -3.825372e-01
    outer loop
      vertex   -1.256648e+01 4.834227e+01 1.111771e+00
      vertex   -9.623959e+00 4.886025e+01 7.500000e-01
      vertex   -1.252878e+01 4.819724e+01 7.500000e-01
    endloop
  endfacet
  facet normal -2.590981e-01 8.868672e-01 -3.825372e-01
    outer loop
      vertex   -1.256648e+01 4.834227e+01 1.111771e+00
      vertex   -1.252878e+01 4.819724e+01 7.500000e-01
      vertex   -1.543506e+01 4.750422e+01 1.111771e+00
    endloop
  endfacet
  facet normal -2.590981e-01 8.868672e-01 -3.825372e-01
    outer loop
      vertex   -1.543506e+01 4.750422e+01 1.111771e+00
      vertex   -1.252878e+01 4.819724e+01 7.500000e-01
      vertex   -1.538875e+01 4.736170e+01 7.500000e-01
    endloop
  endfacet
  facet normal -3.116727e-01 8.697847e-01 -3.825372e-01
    outer loop
      vertex   -1.543506e+01 4.750422e+01 1.111771e+00
      vertex   -1.538875e+01 4.736170e+01 7.500000e-01
      vertex   -1.824838e+01 4.649611e+01 1.111771e+00
    endloop
  endfacet
  facet normal -3.116727e-01 8.697847e-01 -3.825372e-01
    outer loop
      vertex   -1.824838e+01 4.649611e+01 1.111771e+00
      vertex   -1.538875e+01 4.736170e+01 7.500000e-01
      vertex   -1.819363e+01 4.635662e+01 7.500000e-01
    endloop
  endfacet
  facet normal -3.631316e-01 8.495886e-01 -3.825372e-01
    outer loop
      vertex   -1.824838e+01 4.649611e+01 1.111771e+00
      vertex   -1.819363e+01 4.635662e+01 7.500000e-01
      vertex   -2.099638e+01 4.532156e+01 1.111771e+00
    endloop
  endfacet
  facet normal -3.631316e-01 8.495886e-01 -3.825372e-01
    outer loop
      vertex   -2.099638e+01 4.532156e+01 1.111771e+00
      vertex   -1.819363e+01 4.635662e+01 7.500000e-01
      vertex   -2.093339e+01 4.518559e+01 7.500000e-01
    endloop
  endfacet
  facet normal -4.132905e-01 8.263511e-01 -3.825372e-01
    outer loop
      vertex   -2.099638e+01 4.532156e+01 1.111771e+00
      vertex   -2.093339e+01 4.518559e+01 7.500000e-01
      vertex   -2.366921e+01 4.398477e+01 1.111771e+00
    endloop
  endfacet
  facet normal -4.132905e-01 8.263511e-01 -3.825372e-01
    outer loop
      vertex   -2.366921e+01 4.398477e+01 1.111771e+00
      vertex   -2.093339e+01 4.518559e+01 7.500000e-01
      vertex   -2.359820e+01 4.385281e+01 7.500000e-01
    endloop
  endfacet
  facet normal -4.619700e-01 8.001556e-01 -3.825372e-01
    outer loop
      vertex   -2.366921e+01 4.398477e+01 1.111771e+00
      vertex   -2.359820e+01 4.385281e+01 7.500000e-01
      vertex   -2.625732e+01 4.249052e+01 1.111771e+00
    endloop
  endfacet
  facet normal -4.619700e-01 8.001556e-01 -3.825372e-01
    outer loop
      vertex   -2.625732e+01 4.249052e+01 1.111771e+00
      vertex   -2.359820e+01 4.385281e+01 7.500000e-01
      vertex   -2.617855e+01 4.236305e+01 7.500000e-01
    endloop
  endfacet
  facet normal -5.089958e-01 7.710957e-01 -3.825372e-01
    outer loop
      vertex   -2.625732e+01 4.249052e+01 1.111771e+00
      vertex   -2.617855e+01 4.236305e+01 7.500000e-01
      vertex   -2.875143e+01 4.084417e+01 1.111771e+00
    endloop
  endfacet
  facet normal -5.089958e-01 7.710957e-01 -3.825372e-01
    outer loop
      vertex   -2.875143e+01 4.084417e+01 1.111771e+00
      vertex   -2.617855e+01 4.236305e+01 7.500000e-01
      vertex   -2.866518e+01 4.072164e+01 7.500000e-01
    endloop
  endfacet
  facet normal -5.541995e-01 7.392755e-01 -3.825372e-01
    outer loop
      vertex   -2.875143e+01 4.084417e+01 1.111771e+00
      vertex   -2.866518e+01 4.072164e+01 7.500000e-01
      vertex   -3.114262e+01 3.905161e+01 1.111771e+00
    endloop
  endfacet
  facet normal -5.541995e-01 7.392755e-01 -3.825372e-01
    outer loop
      vertex   -3.114262e+01 3.905161e+01 1.111771e+00
      vertex   -2.866518e+01 4.072164e+01 7.500000e-01
      vertex   -3.104919e+01 3.893446e+01 7.500000e-01
    endloop
  endfacet
  facet normal -5.974193e-01 7.048088e-01 -3.825372e-01
    outer loop
      vertex   -3.114262e+01 3.905161e+01 1.111771e+00
      vertex   -3.104919e+01 3.893446e+01 7.500000e-01
      vertex   -3.342233e+01 3.711926e+01 1.111771e+00
    endloop
  endfacet
  facet normal -5.974193e-01 7.048088e-01 -3.825372e-01
    outer loop
      vertex   -3.342233e+01 3.711926e+01 1.111771e+00
      vertex   -3.104919e+01 3.893446e+01 7.500000e-01
      vertex   -3.332206e+01 3.700790e+01 7.500000e-01
    endloop
  endfacet
  facet normal -6.385005e-01 6.678191e-01 -3.825372e-01
    outer loop
      vertex   -3.342233e+01 3.711926e+01 1.111771e+00
      vertex   -3.332206e+01 3.700790e+01 7.500000e-01
      vertex   -3.558239e+01 3.505403e+01 1.111771e+00
    endloop
  endfacet
  facet normal -6.385005e-01 6.678191e-01 -3.825372e-01
    outer loop
      vertex   -3.558239e+01 3.505403e+01 1.111771e+00
      vertex   -3.332206e+01 3.700790e+01 7.500000e-01
      vertex   -3.547564e+01 3.494886e+01 7.500000e-01
    endloop
  endfacet
  facet normal -6.772960e-01 6.284389e-01 -3.825372e-01
    outer loop
      vertex   -3.558239e+01 3.505403e+01 1.111771e+00
      vertex   -3.547564e+01 3.494886e+01 7.500000e-01
      vertex   -3.761508e+01 3.286331e+01 1.111771e+00
    endloop
  endfacet
  facet normal -6.772960e-01 6.284389e-01 -3.825372e-01
    outer loop
      vertex   -3.761508e+01 3.286331e+01 1.111771e+00
      vertex   -3.547564e+01 3.494886e+01 7.500000e-01
      vertex   -3.750223e+01 3.276472e+01 7.500000e-01
    endloop
  endfacet
  facet normal -7.136670e-01 5.868089e-01 -3.825372e-01
    outer loop
      vertex   -3.761508e+01 3.286331e+01 1.111771e+00
      vertex   -3.750223e+01 3.276472e+01 7.500000e-01
      vertex   -3.951312e+01 3.055495e+01 1.111771e+00
    endloop
  endfacet
  facet normal -7.136670e-01 5.868089e-01 -3.825372e-01
    outer loop
      vertex   -3.951312e+01 3.055495e+01 1.111771e+00
      vertex   -3.750223e+01 3.276472e+01 7.500000e-01
      vertex   -3.939458e+01 3.046328e+01 7.500000e-01
    endloop
  endfacet
  facet normal -7.474832e-01 5.430784e-01 -3.825372e-01
    outer loop
      vertex   -3.951312e+01 3.055495e+01 1.111771e+00
      vertex   -3.939458e+01 3.046328e+01 7.500000e-01
      vertex   -4.126971e+01 2.813721e+01 1.111771e+00
    endloop
  endfacet
  facet normal -7.474832e-01 5.430784e-01 -3.825372e-01
    outer loop
      vertex   -4.126971e+01 2.813721e+01 1.111771e+00
      vertex   -3.939458e+01 3.046328e+01 7.500000e-01
      vertex   -4.114590e+01 2.805280e+01 7.500000e-01
    endloop
  endfacet
  facet normal -7.786237e-01 4.974037e-01 -3.825372e-01
    outer loop
      vertex   -4.126971e+01 2.813721e+01 1.111771e+00
      vertex   -4.114590e+01 2.805280e+01 7.500000e-01
      vertex   -4.287856e+01 2.561875e+01 1.111771e+00
    endloop
  endfacet
  facet normal -7.786237e-01 4.974037e-01 -3.825372e-01
    outer loop
      vertex   -4.287856e+01 2.561875e+01 1.111771e+00
      vertex   -4.114590e+01 2.805280e+01 7.500000e-01
      vertex   -4.274992e+01 2.554189e+01 7.500000e-01
    endloop
  endfacet
  facet normal -8.069768e-01 4.499485e-01 -3.825372e-01
    outer loop
      vertex   -4.287856e+01 2.561875e+01 1.111771e+00
      vertex   -4.274992e+01 2.554189e+01 7.500000e-01
      vertex   -4.433392e+01 2.300858e+01 1.111771e+00
    endloop
  endfacet
  facet normal -8.069768e-01 4.499485e-01 -3.825372e-01
    outer loop
      vertex   -4.433392e+01 2.300858e+01 1.111771e+00
      vertex   -4.274992e+01 2.554189e+01 7.500000e-01
      vertex   -4.420092e+01 2.293955e+01 7.500000e-01
    endloop
  endfacet
  facet normal -8.324412e-01 4.008826e-01 -3.825372e-01
    outer loop
      vertex   -4.433392e+01 2.300858e+01 1.111771e+00
      vertex   -4.420092e+01 2.293955e+01 7.500000e-01
      vertex   -4.563058e+01 2.031604e+01 1.111771e+00
    endloop
  endfacet
  facet normal -8.324412e-01 4.008826e-01 -3.825372e-01
    outer loop
      vertex   -4.563058e+01 2.031604e+01 1.111771e+00
      vertex   -4.420092e+01 2.293955e+01 7.500000e-01
      vertex   -4.549369e+01 2.025509e+01 7.500000e-01
    endloop
  endfacet
  facet normal -8.549257e-01 3.503816e-01 -3.825372e-01
    outer loop
      vertex   -4.563058e+01 2.031604e+01 1.111771e+00
      vertex   -4.549369e+01 2.025509e+01 7.500000e-01
      vertex   -4.676389e+01 1.755078e+01 1.111771e+00
    endloop
  endfacet
  facet normal -8.549257e-01 3.503816e-01 -3.825372e-01
    outer loop
      vertex   -4.676389e+01 1.755078e+01 1.111771e+00
      vertex   -4.549369e+01 2.025509e+01 7.500000e-01
      vertex   -4.662360e+01 1.749813e+01 7.500000e-01
    endloop
  endfacet
  facet normal -8.743498e-01 2.986264e-01 -3.825372e-01
    outer loop
      vertex   -4.676389e+01 1.755078e+01 1.111771e+00
      vertex   -4.662360e+01 1.749813e+01 7.500000e-01
      vertex   -4.772980e+01 1.472269e+01 1.111771e+00
    endloop
  endfacet
  facet normal -8.743498e-01 2.986264e-01 -3.825372e-01
    outer loop
      vertex   -4.772980e+01 1.472269e+01 1.111771e+00
      vertex   -4.662360e+01 1.749813e+01 7.500000e-01
      vertex   -4.758661e+01 1.467852e+01 7.500000e-01
    endloop
  endfacet
  facet normal -8.906439e-01 2.458021e-01 -3.825372e-01
    outer loop
      vertex   -4.772980e+01 1.472269e+01 1.111771e+00
      vertex   -4.758661e+01 1.467852e+01 7.500000e-01
      vertex   -4.852485e+01 1.184190e+01 1.111771e+00
    endloop
  endfacet
  facet normal -8.906439e-01 2.458021e-01 -3.825372e-01
    outer loop
      vertex   -4.852485e+01 1.184190e+01 1.111771e+00
      vertex   -4.758661e+01 1.467852e+01 7.500000e-01
      vertex   -4.837927e+01 1.180637e+01 7.500000e-01
    endloop
  endfacet
  facet normal -9.037498e-01 1.920979e-01 -3.825372e-01
    outer loop
      vertex   -4.852485e+01 1.184190e+01 1.111771e+00
      vertex   -4.837927e+01 1.180637e+01 7.500000e-01
      vertex   -4.914619e+01 8.918718e+00 1.111771e+00
    endloop
  endfacet
  facet normal -9.037498e-01 1.920979e-01 -3.825372e-01
    outer loop
      vertex   -4.914619e+01 8.918718e+00 1.111771e+00
      vertex   -4.837927e+01 1.180637e+01 7.500000e-01
      vertex   -4.899875e+01 8.891962e+00 7.500000e-01
    endloop
  endfacet
  facet normal -9.136204e-01 1.377061e-01 -3.825372e-01
    outer loop
      vertex   -4.914619e+01 8.918718e+00 1.111771e+00
      vertex   -4.899875e+01 8.891962e+00 7.500000e-01
      vertex   -4.959160e+01 5.963609e+00 1.111771e+00
    endloop
  endfacet
  facet normal -9.136204e-01 1.377061e-01 -3.825372e-01
    outer loop
      vertex   -4.959160e+01 5.963609e+00 1.111771e+00
      vertex   -4.899875e+01 8.891962e+00 7.500000e-01
      vertex   -4.944282e+01 5.945718e+00 7.500000e-01
    endloop
  endfacet
  facet normal -9.803787e-01 -1.477683e-01 -1.304688e-01
    outer loop
      vertex   -4.964235e+01 -5.969711e+00 1.500000e+00
      vertex   -4.959160e+01 -5.963609e+00 1.111771e+00
      vertex   -4.919648e+01 -8.927845e+00 1.500000e+00
    endloop
  endfacet
  facet normal -9.803787e-01 -1.477683e-01 -1.304688e-01
    outer loop
      vertex   -4.919648e+01 -8.927845e+00 1.500000e+00
      vertex   -4.959160e+01 -5.963609e+00 1.111771e+00
      vertex   -4.914619e+01 -8.918718e+00 1.111771e+00
    endloop
  endfacet
  facet normal -9.697868e-01 -2.061345e-01 -1.304688e-01
    outer loop
      vertex   -4.919648e+01 -8.927845e+00 1.500000e+00
      vertex   -4.914619e+01 -8.918718e+00 1.111771e+00
      vertex   -4.857450e+01 -1.185402e+01 1.500000e+00
    endloop
  endfacet
  facet normal -9.697868e-01 -2.061345e-01 -1.304688e-01
    outer loop
      vertex   -4.857450e+01 -1.185402e+01 1.500000e+00
      vertex   -4.914619e+01 -8.918718e+00 1.111771e+00
      vertex   -4.852485e+01 -1.184190e+01 1.111771e+00
    endloop
  endfacet
  facet normal -9.557233e-01 -2.637629e-01 -1.304688e-01
    outer loop
      vertex   -4.857450e+01 -1.185402e+01 1.500000e+00
      vertex   -4.852485e+01 -1.184190e+01 1.111771e+00
      vertex   -4.777864e+01 -1.473776e+01 1.500000e+00
    endloop
  endfacet
  facet normal -9.557233e-01 -2.637629e-01 -1.304688e-01
    outer loop
      vertex   -4.777864e+01 -1.473776e+01 1.500000e+00
      vertex   -4.852485e+01 -1.184190e+01 1.111771e+00
      vertex   -4.772980e+01 -1.472269e+01 1.111771e+00
    endloop
  endfacet
  facet normal -9.382386e-01 -3.204470e-01 -1.304688e-01
    outer loop
      vertex   -4.777864e+01 -1.473776e+01 1.500000e+00
      vertex   -4.772980e+01 -1.472269e+01 1.111771e+00
      vertex   -4.681174e+01 -1.756874e+01 1.500000e+00
    endloop
  endfacet
  facet normal -9.382386e-01 -3.204470e-01 -1.304688e-01
    outer loop
      vertex   -4.681174e+01 -1.756874e+01 1.500000e+00
      vertex   -4.772980e+01 -1.472269e+01 1.111771e+00
      vertex   -4.676389e+01 -1.755078e+01 1.111771e+00
    endloop
  endfacet
  facet normal -9.173952e-01 -3.759840e-01 -1.304688e-01
    outer loop
      vertex   -4.681174e+01 -1.756874e+01 1.500000e+00
      vertex   -4.676389e+01 -1.755078e+01 1.111771e+00
      vertex   -4.567727e+01 -2.033683e+01 1.500000e+00
    endloop
  endfacet
  facet normal -9.173952e-01 -3.759840e-01 -1.304688e-01
    outer loop
      vertex   -4.567727e+01 -2.033683e+01 1.500000e+00
      vertex   -4.676389e+01 -1.755078e+01 1.111771e+00
      vertex   -4.563058e+01 -2.031604e+01 1.111771e+00
    endloop
  endfacet
  facet normal -8.932678e-01 -4.301751e-01 -1.304688e-01
    outer loop
      vertex   -4.567727e+01 -2.033683e+01 1.500000e+00
      vertex   -4.563058e+01 -2.031604e+01 1.111771e+00
      vertex   -4.437929e+01 -2.303212e+01 1.500000e+00
    endloop
  endfacet
  facet normal -8.932678e-01 -4.301751e-01 -1.304688e-01
    outer loop
      vertex   -4.437929e+01 -2.303212e+01 1.500000e+00
      vertex   -4.563058e+01 -2.031604e+01 1.111771e+00
      vertex   -4.433392e+01 -2.300858e+01 1.111771e+00
    endloop
  endfacet
  facet normal -8.659427e-01 -4.828262e-01 -1.304688e-01
    outer loop
      vertex   -4.437929e+01 -2.303212e+01 1.500000e+00
      vertex   -4.433392e+01 -2.300858e+01 1.111771e+00
      vertex   -4.292244e+01 -2.564496e+01 1.500000e+00
    endloop
  endfacet
  facet normal -8.659427e-01 -4.828262e-01 -1.304688e-01
    outer loop
      vertex   -4.292244e+01 -2.564496e+01 1.500000e+00
      vertex   -4.433392e+01 -2.300858e+01 1.111771e+00
      vertex   -4.287856e+01 -2.561875e+01 1.111771e+00
    endloop
  endfacet
  facet normal -8.355177e-01 -5.337490e-01 -1.304688e-01
    outer loop
      vertex   -4.292244e+01 -2.564496e+01 1.500000e+00
      vertex   -4.287856e+01 -2.561875e+01 1.111771e+00
      vertex   -4.131194e+01 -2.816600e+01 1.500000e+00
    endloop
  endfacet
  facet normal -8.355177e-01 -5.337490e-01 -1.304688e-01
    outer loop
      vertex   -4.131194e+01 -2.816600e+01 1.500000e+00
      vertex   -4.287856e+01 -2.561875e+01 1.111771e+00
      vertex   -4.126971e+01 -2.813721e+01 1.111771e+00
    endloop
  endfacet
  facet normal -8.021019e-01 -5.827611e-01 -1.304688e-01
    outer loop
      vertex   -4.131194e+01 -2.816600e+01 1.500000e+00
      vertex   -4.126971e+01 -2.813721e+01 1.111771e+00
      vertex   -3.955355e+01 -3.058621e+01 1.500000e+00
    endloop
  endfacet
  facet normal -8.021019e-01 -5.827611e-01 -1.304688e-01
    outer loop
      vertex   -3.955355e+01 -3.058621e+01 1.500000e+00
      vertex   -4.126971e+01 -2.813721e+01 1.111771e+00
      vertex   -3.951312e+01 -3.055495e+01 1.111771e+00
    endloop
  endfacet
  facet normal -7.658147e-01 -6.296871e-01 -1.304688e-01
    outer loop
      vertex   -3.955355e+01 -3.058621e+01 1.500000e+00
      vertex   -3.951312e+01 -3.055495e+01 1.111771e+00
      vertex   -3.765357e+01 -3.289694e+01 1.500000e+00
    endloop
  endfacet
  facet normal -7.658147e-01 -6.296871e-01 -1.304688e-01
    outer loop
      vertex   -3.765357e+01 -3.289694e+01 1.500000e+00
      vertex   -3.951312e+01 -3.055495e+01 1.111771e+00
      vertex   -3.761508e+01 -3.286331e+01 1.111771e+00
    endloop
  endfacet
  facet normal -7.267861e-01 -6.743589e-01 -1.304688e-01
    outer loop
      vertex   -3.765357e+01 -3.289694e+01 1.500000e+00
      vertex   -3.761508e+01 -3.286331e+01 1.111771e+00
      vertex   -3.561880e+01 -3.508990e+01 1.500000e+00
    endloop
  endfacet
  facet normal -7.267861e-01 -6.743589e-01 -1.304688e-01
    outer loop
      vertex   -3.561880e+01 -3.508990e+01 1.500000e+00
      vertex   -3.761508e+01 -3.286331e+01 1.111771e+00
      vertex   -3.558239e+01 -3.505403e+01 1.111771e+00
    endloop
  endfacet
  facet normal -6.851557e-01 -7.166167e-01 -1.304688e-01
    outer loop
      vertex   -3.561880e+01 -3.508990e+01 1.500000e+00
      vertex   -3.558239e+01 -3.505403e+01 1.111771e+00
      vertex   -3.345653e+01 -3.715724e+01 1.500000e+00
    endloop
  endfacet
  facet normal -6.851557e-01 -7.166167e-01 -1.304688e-01
    outer loop
      vertex   -3.345653e+01 -3.715724e+01 1.500000e+00
      vertex   -3.558239e+01 -3.505403e+01 1.111771e+00
      vertex   -3.342233e+01 -3.711926e+01 1.111771e+00
    endloop
  endfacet
  facet normal -6.410727e-01 -7.563092e-01 -1.304688e-01
    outer loop
      vertex   -3.345653e+01 -3.715724e+01 1.500000e+00
      vertex   -3.342233e+01 -3.711926e+01 1.111771e+00
      vertex   -3.117449e+01 -3.909157e+01 1.500000e+00
    endloop
  endfacet
  facet normal -6.410727e-01 -7.563092e-01 -1.304688e-01
    outer loop
      vertex   -3.117449e+01 -3.909157e+01 1.500000e+00
      vertex   -3.342233e+01 -3.711926e+01 1.111771e+00
      vertex   -3.114262e+01 -3.905161e+01 1.111771e+00
    endloop
  endfacet
  facet normal -5.946949e-01 -7.932943e-01 -1.304688e-01
    outer loop
      vertex   -3.117449e+01 -3.909157e+01 1.500000e+00
      vertex   -3.114262e+01 -3.905161e+01 1.111771e+00
      vertex   -2.878085e+01 -4.088597e+01 1.500000e+00
    endloop
  endfacet
  facet normal -5.946949e-01 -7.932943e-01 -1.304688e-01
    outer loop
      vertex   -2.878085e+01 -4.088597e+01 1.500000e+00
      vertex   -3.114262e+01 -3.905161e+01 1.111771e+00
      vertex   -2.875143e+01 -4.084417e+01 1.111771e+00
    endloop
  endfacet
  facet normal -5.461881e-01 -8.274397e-01 -1.304688e-01
    outer loop
      vertex   -2.878085e+01 -4.088597e+01 1.500000e+00
      vertex   -2.875143e+01 -4.084417e+01 1.111771e+00
      vertex   -2.628419e+01 -4.253400e+01 1.500000e+00
    endloop
  endfacet
  facet normal -5.461881e-01 -8.274397e-01 -1.304688e-01
    outer loop
      vertex   -2.628419e+01 -4.253400e+01 1.500000e+00
      vertex   -2.875143e+01 -4.084417e+01 1.111771e+00
      vertex   -2.625732e+01 -4.249052e+01 1.111771e+00
    endloop
  endfacet
  facet normal -4.957262e-01 -8.586230e-01 -1.304688e-01
    outer loop
      vertex   -2.628419e+01 -4.253400e+01 1.500000e+00
      vertex   -2.625732e+01 -4.249052e+01 1.111771e+00
      vertex   -2.369343e+01 -4.402978e+01 1.500000e+00
    endloop
  endfacet
  facet normal -4.957262e-01 -8.586230e-01 -1.304688e-01
    outer loop
      vertex   -2.369343e+01 -4.402978e+01 1.500000e+00
      vertex   -2.625732e+01 -4.249052e+01 1.111771e+00
      vertex   -2.366921e+01 -4.398477e+01 1.111771e+00
    endloop
  endfacet
  facet normal -4.434897e-01 -8.867326e-01 -1.304688e-01
    outer loop
      vertex   -2.369343e+01 -4.402978e+01 1.500000e+00
      vertex   -2.366921e+01 -4.398477e+01 1.111771e+00
      vertex   -2.101786e+01 -4.536793e+01 1.500000e+00
    endloop
  endfacet
  facet normal -4.434897e-01 -8.867326e-01 -1.304688e-01
    outer loop
      vertex   -2.101786e+01 -4.536793e+01 1.500000e+00
      vertex   -2.366921e+01 -4.398477e+01 1.111771e+00
      vertex   -2.099638e+01 -4.532156e+01 1.111771e+00
    endloop
  endfacet
  facet normal -3.896656e-01 -9.116680e-01 -1.304688e-01
    outer loop
      vertex   -2.101786e+01 -4.536793e+01 1.500000e+00
      vertex   -2.099638e+01 -4.532156e+01 1.111771e+00
      vertex   -1.826705e+01 -4.654369e+01 1.500000e+00
    endloop
  endfacet
  facet normal -3.896656e-01 -9.116680e-01 -1.304688e-01
    outer loop
      vertex   -1.826705e+01 -4.654369e+01 1.500000e+00
      vertex   -2.099638e+01 -4.532156e+01 1.111771e+00
      vertex   -1.824838e+01 -4.649611e+01 1.111771e+00
    endloop
  endfacet
  facet normal -3.344466e-01 -9.333399e-01 -1.304688e-01
    outer loop
      vertex   -1.826705e+01 -4.654369e+01 1.500000e+00
      vertex   -1.824838e+01 -4.649611e+01 1.111771e+00
      vertex   -1.545085e+01 -4.755283e+01 1.500000e+00
    endloop
  endfacet
  facet normal -3.344466e-01 -9.333399e-01 -1.304688e-01
    outer loop
      vertex   -1.545085e+01 -4.755283e+01 1.500000e+00
      vertex   -1.824838e+01 -4.649611e+01 1.111771e+00
      vertex   -1.543506e+01 -4.750422e+01 1.111771e+00
    endloop
  endfacet
  facet normal -2.780304e-01 -9.516706e-01 -1.304688e-01
    outer loop
      vertex   -1.545085e+01 -4.755283e+01 1.500000e+00
      vertex   -1.543506e+01 -4.750422e+01 1.111771e+00
      vertex   -1.257934e+01 -4.839174e+01 1.500000e+00
    endloop
  endfacet
  facet normal -2.780304e-01 -9.516706e-01 -1.304688e-01
    outer loop
      vertex   -1.257934e+01 -4.839174e+01 1.500000e+00
      vertex   -1.543506e+01 -4.750422e+01 1.111771e+00
      vertex   -1.256648e+01 -4.834227e+01 1.111771e+00
    endloop
  endfacet
  facet normal -2.206189e-01 -9.665946e-01 -1.304688e-01
    outer loop
      vertex   -1.257934e+01 -4.839174e+01 1.500000e+00
      vertex   -1.256648e+01 -4.834227e+01 1.111771e+00
      vertex   -9.662796e+00 -4.905742e+01 1.500000e+00
    endloop
  endfacet
  facet normal -2.206189e-01 -9.665946e-01 -1.304688e-01
    outer loop
      vertex   -9.662796e+00 -4.905742e+01 1.500000e+00
      vertex   -1.256648e+01 -4.834227e+01 1.111771e+00
      vertex   -9.652918e+00 -4.900727e+01 1.111771e+00
    endloop
  endfacet
  facet normal -1.624177e-01 -9.780585e-01 -1.304688e-01
    outer loop
      vertex   -9.662796e+00 -4.905742e+01 1.500000e+00
      vertex   -9.652918e+00 -4.900727e+01 1.111771e+00
      vertex   -6.711663e+00 -4.954749e+01 1.500000e+00
    endloop
  endfacet
  facet normal -1.624177e-01 -9.780585e-01 -1.304688e-01
    outer loop
      vertex   -6.711663e+00 -4.954749e+01 1.500000e+00
      vertex   -9.652918e+00 -4.900727e+01 1.111771e+00
      vertex   -6.704802e+00 -4.949684e+01 1.111771e+00
    endloop
  endfacet
  facet normal -1.036350e-01 -9.860211e-01 -1.304688e-01
    outer loop
      vertex   -6.711663e+00 -4.954749e+01 1.500000e+00
      vertex   -6.704802e+00 -4.949684e+01 1.111771e+00
      vertex   -3.736505e+00 -4.986019e+01 1.500000e+00
    endloop
  endfacet
  facet normal -1.036350e-01 -9.860211e-01 -1.304688e-01
    outer loop
      vertex   -3.736505e+00 -4.986019e+01 1.500000e+00
      vertex   -6.704802e+00 -4.949684e+01 1.111771e+00
      vertex   -3.732685e+00 -4.980922e+01 1.111771e+00
    endloop
  endfacet
  facet normal -4.448134e-02 -9.904541e-01 -1.304688e-01
    outer loop
      vertex   -3.736505e+00 -4.986019e+01 1.500000e+00
      vertex   -3.732685e+00 -4.980922e+01 1.111771e+00
      vertex   -7.479704e-01 -4.999441e+01 1.500000e+00
    endloop
  endfacet
  facet normal -4.448134e-02 -9.904541e-01 -1.304688e-01
    outer loop
      vertex   -7.479704e-01 -4.999441e+01 1.500000e+00
      vertex   -3.732685e+00 -4.980922e+01 1.111771e+00
      vertex   -7.472058e-01 -4.994330e+01 1.111771e+00
    endloop
  endfacet
  facet normal 1.483154e-02 -9.913415e-01 -1.304688e-01
    outer loop
      vertex   -7.479704e-01 -4.999441e+01 1.500000e+00
      vertex   -7.472058e-01 -4.994330e+01 1.111771e+00
      vertex   2.243242e+00 -4.994965e+01 1.500000e+00
    endloop
  endfacet
  facet normal 1.483154e-02 -9.913415e-01 -1.304688e-01
    outer loop
      vertex   2.243242e+00 -4.994965e+01 1.500000e+00
      vertex   -7.472058e-01 -4.994330e+01 1.111771e+00
      vertex   2.240948e+00 -4.989859e+01 1.111771e+00
    endloop
  endfacet
  facet normal 7.409133e-02 -9.886801e-01 -1.304688e-01
    outer loop
      vertex   2.243242e+00 -4.994965e+01 1.500000e+00
      vertex   2.240948e+00 -4.989859e+01 1.111771e+00
      vertex   5.226423e+00 -4.972609e+01 1.500000e+00
    endloop
  endfacet
  facet normal 7.409133e-02 -9.886801e-01 -1.304688e-01
    outer loop
      vertex   5.226423e+00 -4.972609e+01 1.500000e+00
      vertex   2.240948e+00 -4.989859e+01 1.111771e+00
      vertex   5.221081e+00 -4.967526e+01 1.111771e+00
    endloop
  endfacet
  facet normal 1.330859e-01 -9.824795e-01 -1.304688e-01
    outer loop
      vertex   5.226423e+00 -4.972609e+01 1.500000e+00
      vertex   5.221081e+00 -4.967526e+01 1.111771e+00
      vertex   8.190896e+00 -4.932453e+01 1.500000e+00
    endloop
  endfacet
  facet normal 1.330859e-01 -9.824795e-01 -1.304688e-01
    outer loop
      vertex   8.190896e+00 -4.932453e+01 1.500000e+00
      vertex   5.221081e+00 -4.967526e+01 1.111771e+00
      vertex   8.182523e+00 -4.927411e+01 1.111771e+00
    endloop
  endfacet
  facet normal 1.916040e-01 -9.727619e-01 -1.304688e-01
    outer loop
      vertex   8.190896e+00 -4.932453e+01 1.500000e+00
      vertex   8.182523e+00 -4.927411e+01 1.111771e+00
      vertex   1.112605e+01 -4.874640e+01 1.500000e+00
    endloop
  endfacet
  facet normal 1.916040e-01 -9.727619e-01 -1.304688e-01
    outer loop
      vertex   1.112605e+01 -4.874640e+01 1.500000e+00
      vertex   8.182523e+00 -4.927411e+01 1.111771e+00
      vertex   1.111467e+01 -4.869657e+01 1.111771e+00
    endloop
  endfacet
  facet normal 2.494363e-01 -9.595621e-01 -1.304688e-01
    outer loop
      vertex   1.112605e+01 -4.874640e+01 1.500000e+00
      vertex   1.111467e+01 -4.869657e+01 1.111771e+00
      vertex   1.402137e+01 -4.799376e+01 1.500000e+00
    endloop
  endfacet
  facet normal 2.494363e-01 -9.595621e-01 -1.304688e-01
    outer loop
      vertex   1.402137e+01 -4.799376e+01 1.500000e+00
      vertex   1.111467e+01 -4.869657e+01 1.111771e+00
      vertex   1.400704e+01 -4.794470e+01 1.111771e+00
    endloop
  endfacet
  facet normal 3.063756e-01 -9.429273e-01 -1.304688e-01
    outer loop
      vertex   1.402137e+01 -4.799376e+01 1.500000e+00
      vertex   1.400704e+01 -4.794470e+01 1.111771e+00
      vertex   1.686650e+01 -4.706932e+01 1.500000e+00
    endloop
  endfacet
  facet normal 3.063756e-01 -9.429273e-01 -1.304688e-01
    outer loop
      vertex   1.686650e+01 -4.706932e+01 1.500000e+00
      vertex   1.400704e+01 -4.794470e+01 1.111771e+00
      vertex   1.684926e+01 -4.702121e+01 1.111771e+00
    endloop
  endfacet
  facet normal 3.622182e-01 -9.229170e-01 -1.304688e-01
    outer loop
      vertex   1.686650e+01 -4.706932e+01 1.500000e+00
      vertex   1.684926e+01 -4.702121e+01 1.111771e+00
      vertex   1.965125e+01 -4.597639e+01 1.500000e+00
    endloop
  endfacet
  facet normal 3.622182e-01 -9.229170e-01 -1.304688e-01
    outer loop
      vertex   1.965125e+01 -4.597639e+01 1.500000e+00
      vertex   1.684926e+01 -4.702121e+01 1.111771e+00
      vertex   1.963116e+01 -4.592939e+01 1.111771e+00
    endloop
  endfacet
  facet normal 4.167642e-01 -8.996030e-01 -1.304688e-01
    outer loop
      vertex   1.965125e+01 -4.597639e+01 1.500000e+00
      vertex   1.963116e+01 -4.592939e+01 1.111771e+00
      vertex   2.236566e+01 -4.471887e+01 1.500000e+00
    endloop
  endfacet
  facet normal 4.167642e-01 -8.996030e-01 -1.304688e-01
    outer loop
      vertex   2.236566e+01 -4.471887e+01 1.500000e+00
      vertex   1.963116e+01 -4.592939e+01 1.111771e+00
      vertex   2.234279e+01 -4.467316e+01 1.111771e+00
    endloop
  endfacet
  facet normal 4.698182e-01 -8.730686e-01 -1.304688e-01
    outer loop
      vertex   2.236566e+01 -4.471887e+01 1.500000e+00
      vertex   2.234279e+01 -4.467316e+01 1.111771e+00
      vertex   2.500000e+01 -4.330127e+01 1.500000e+00
    endloop
  endfacet
  facet normal 4.698182e-01 -8.730686e-01 -1.304688e-01
    outer loop
      vertex   2.500000e+01 -4.330127e+01 1.500000e+00
      vertex   2.234279e+01 -4.467316e+01 1.111771e+00
      vertex   2.497444e+01 -4.325701e+01 1.111771e+00
    endloop
  endfacet
  facet normal 5.211904e-01 -8.434088e-01 -1.304688e-01
    outer loop
      vertex   2.500000e+01 -4.330127e+01 1.500000e+00
      vertex   2.497444e+01 -4.325701e+01 1.111771e+00
      vertex   2.754485e+01 -4.172866e+01 1.500000e+00
    endloop
  endfacet
  facet normal 5.211904e-01 -8.434088e-01 -1.304688e-01
    outer loop
      vertex   2.754485e+01 -4.172866e+01 1.500000e+00
      vertex   2.497444e+01 -4.325701e+01 1.111771e+00
      vertex   2.751669e+01 -4.168601e+01 1.111771e+00
    endloop
  endfacet
  facet normal 5.706969e-01 -8.107299e-01 -1.304688e-01
    outer loop
      vertex   2.754485e+01 -4.172866e+01 1.500000e+00
      vertex   2.751669e+01 -4.168601e+01 1.111771e+00
      vertex   2.999109e+01 -4.000668e+01 1.500000e+00
    endloop
  endfacet
  facet normal 5.706969e-01 -8.107299e-01 -1.304688e-01
    outer loop
      vertex   2.999109e+01 -4.000668e+01 1.500000e+00
      vertex   2.751669e+01 -4.168601e+01 1.111771e+00
      vertex   2.996044e+01 -3.996578e+01 1.111771e+00
    endloop
  endfacet
  facet normal 6.181605e-01 -7.751487e-01 -1.304688e-01
    outer loop
      vertex   2.999109e+01 -4.000668e+01 1.500000e+00
      vertex   2.996044e+01 -3.996578e+01 1.111771e+00
      vertex   3.232998e+01 -3.814148e+01 1.500000e+00
    endloop
  endfacet
  facet normal 6.181605e-01 -7.751487e-01 -1.304688e-01
    outer loop
      vertex   3.232998e+01 -3.814148e+01 1.500000e+00
      vertex   2.996044e+01 -3.996578e+01 1.111771e+00
      vertex   3.229693e+01 -3.810249e+01 1.111771e+00
    endloop
  endfacet
  facet normal 6.634112e-01 -7.367927e-01 -1.304688e-01
    outer loop
      vertex   3.232998e+01 -3.814148e+01 1.500000e+00
      vertex   3.229693e+01 -3.810249e+01 1.111771e+00
      vertex   3.455313e+01 -3.613974e+01 1.500000e+00
    endloop
  endfacet
  facet normal 6.634112e-01 -7.367927e-01 -1.304688e-01
    outer loop
      vertex   3.455313e+01 -3.613974e+01 1.500000e+00
      vertex   3.229693e+01 -3.810249e+01 1.111771e+00
      vertex   3.451781e+01 -3.610280e+01 1.111771e+00
    endloop
  endfacet
  facet normal 7.062870e-01 -6.957992e-01 -1.304688e-01
    outer loop
      vertex   3.455313e+01 -3.613974e+01 1.500000e+00
      vertex   3.451781e+01 -3.610280e+01 1.111771e+00
      vertex   3.665259e+01 -3.400864e+01 1.500000e+00
    endloop
  endfacet
  facet normal 7.062870e-01 -6.957992e-01 -1.304688e-01
    outer loop
      vertex   3.665259e+01 -3.400864e+01 1.500000e+00
      vertex   3.451781e+01 -3.610280e+01 1.111771e+00
      vertex   3.661513e+01 -3.397387e+01 1.111771e+00
    endloop
  endfacet
  facet normal 7.466345e-01 -6.523149e-01 -1.304688e-01
    outer loop
      vertex   3.665259e+01 -3.400864e+01 1.500000e+00
      vertex   3.661513e+01 -3.397387e+01 1.111771e+00
      vertex   3.862085e+01 -3.175579e+01 1.500000e+00
    endloop
  endfacet
  facet normal 7.466345e-01 -6.523149e-01 -1.304688e-01
    outer loop
      vertex   3.862085e+01 -3.175579e+01 1.500000e+00
      vertex   3.661513e+01 -3.397387e+01 1.111771e+00
      vertex   3.858137e+01 -3.172333e+01 1.111771e+00
    endloop
  endfacet
  facet normal 7.843093e-01 -6.064955e-01 -1.304688e-01
    outer loop
      vertex   3.862085e+01 -3.175579e+01 1.500000e+00
      vertex   3.858137e+01 -3.172333e+01 1.111771e+00
      vertex   4.045085e+01 -2.938926e+01 1.500000e+00
    endloop
  endfacet
  facet normal 7.843093e-01 -6.064955e-01 -1.304688e-01
    outer loop
      vertex   4.045085e+01 -2.938926e+01 1.500000e+00
      vertex   3.858137e+01 -3.172333e+01 1.111771e+00
      vertex   4.040950e+01 -2.935922e+01 1.111771e+00
    endloop
  endfacet
  facet normal 8.191764e-01 -5.585050e-01 -1.304688e-01
    outer loop
      vertex   4.045085e+01 -2.938926e+01 1.500000e+00
      vertex   4.040950e+01 -2.935922e+01 1.111771e+00
      vertex   4.213605e+01 -2.691753e+01 1.500000e+00
    endloop
  endfacet
  facet normal 8.191764e-01 -5.585050e-01 -1.304688e-01
    outer loop
      vertex   4.213605e+01 -2.691753e+01 1.500000e+00
      vertex   4.040950e+01 -2.935922e+01 1.111771e+00
      vertex   4.209298e+01 -2.689002e+01 1.111771e+00
    endloop
  endfacet
  facet normal 8.511111e-01 -5.085152e-01 -1.304688e-01
    outer loop
      vertex   4.213605e+01 -2.691753e+01 1.500000e+00
      vertex   4.209298e+01 -2.689002e+01 1.111771e+00
      vertex   4.367041e+01 -2.434944e+01 1.500000e+00
    endloop
  endfacet
  facet normal 8.511111e-01 -5.085152e-01 -1.304688e-01
    outer loop
      vertex   4.367041e+01 -2.434944e+01 1.500000e+00
      vertex   4.209298e+01 -2.689002e+01 1.111771e+00
      vertex   4.362577e+01 -2.432455e+01 1.111771e+00
    endloop
  endfacet
  facet normal 8.799991e-01 -4.567051e-01 -1.304688e-01
    outer loop
      vertex   4.367041e+01 -2.434944e+01 1.500000e+00
      vertex   4.362577e+01 -2.432455e+01 1.111771e+00
      vertex   4.504844e+01 -2.169419e+01 1.500000e+00
    endloop
  endfacet
  facet normal 8.799991e-01 -4.567051e-01 -1.304688e-01
    outer loop
      vertex   4.504844e+01 -2.169419e+01 1.500000e+00
      vertex   4.362577e+01 -2.432455e+01 1.111771e+00
      vertex   4.500239e+01 -2.167201e+01 1.111771e+00
    endloop
  endfacet
  facet normal 9.057369e-01 -4.032600e-01 -1.304688e-01
    outer loop
      vertex   4.504844e+01 -2.169419e+01 1.500000e+00
      vertex   4.500239e+01 -2.167201e+01 1.111771e+00
      vertex   4.626522e+01 -1.896127e+01 1.500000e+00
    endloop
  endfacet
  facet normal 9.057369e-01 -4.032600e-01 -1.304688e-01
    outer loop
      vertex   4.626522e+01 -1.896127e+01 1.500000e+00
      vertex   4.500239e+01 -2.167201e+01 1.111771e+00
      vertex   4.621792e+01 -1.894189e+01 1.111771e+00
    endloop
  endfacet
  facet normal 9.282323e-01 -3.483714e-01 -1.304688e-01
    outer loop
      vertex   4.626522e+01 -1.896127e+01 1.500000e+00
      vertex   4.621792e+01 -1.894189e+01 1.111771e+00
      vertex   4.731637e+01 -1.616048e+01 1.500000e+00
    endloop
  endfacet
  facet normal 9.282323e-01 -3.483714e-01 -1.304688e-01
    outer loop
      vertex   4.731637e+01 -1.616048e+01 1.500000e+00
      vertex   4.621792e+01 -1.894189e+01 1.111771e+00
      vertex   4.726800e+01 -1.614396e+01 1.111771e+00
    endloop
  endfacet
  facet normal 9.474050e-01 -2.922357e-01 -1.304688e-01
    outer loop
      vertex   4.731637e+01 -1.616048e+01 1.500000e+00
      vertex   4.726800e+01 -1.614396e+01 1.111771e+00
      vertex   4.819814e+01 -1.330184e+01 1.500000e+00
    endloop
  endfacet
  facet normal 9.474050e-01 -2.922357e-01 -1.304688e-01
    outer loop
      vertex   4.819814e+01 -1.330184e+01 1.500000e+00
      vertex   4.726800e+01 -1.614396e+01 1.111771e+00
      vertex   4.814887e+01 -1.328824e+01 1.111771e+00
    endloop
  endfacet
  facet normal 9.631861e-01 -2.350539e-01 -1.304688e-01
    outer loop
      vertex   4.819814e+01 -1.330184e+01 1.500000e+00
      vertex   4.814887e+01 -1.328824e+01 1.111771e+00
      vertex   4.890738e+01 -1.039558e+01 1.500000e+00
    endloop
  endfacet
  facet normal 9.631861e-01 -2.350539e-01 -1.304688e-01
    outer loop
      vertex   4.890738e+01 -1.039558e+01 1.500000e+00
      vertex   4.814887e+01 -1.328824e+01 1.111771e+00
      vertex   4.885739e+01 -1.038496e+01 1.111771e+00
    endloop
  endfacet
  facet normal 9.755194e-01 -1.770307e-01 -1.304688e-01
    outer loop
      vertex   4.890738e+01 -1.039558e+01 1.500000e+00
      vertex   4.885739e+01 -1.038496e+01 1.111771e+00
      vertex   4.944154e+01 -7.452113e+00 1.500000e+00
    endloop
  endfacet
  facet normal 9.755194e-01 -1.770307e-01 -1.304688e-01
    outer loop
      vertex   4.944154e+01 -7.452113e+00 1.500000e+00
      vertex   4.885739e+01 -1.038496e+01 1.111771e+00
      vertex   4.939100e+01 -7.444496e+00 1.111771e+00
    endloop
  endfacet
  facet normal 9.843605e-01 -1.183737e-01 -1.304688e-01
    outer loop
      vertex   4.944154e+01 -7.452113e+00 1.500000e+00
      vertex   4.939100e+01 -7.444496e+00 1.111771e+00
      vertex   4.979871e+01 -4.481965e+00 1.500000e+00
    endloop
  endfacet
  facet normal 9.843605e-01 -1.183737e-01 -1.304688e-01
    outer loop
      vertex   4.979871e+01 -4.481965e+00 1.500000e+00
      vertex   4.939100e+01 -7.444496e+00 1.111771e+00
      vertex   4.974781e+01 -4.477384e+00 1.111771e+00
    endloop
  endfacet
  facet normal 9.896778e-01 -5.929297e-02 -1.304688e-01
    outer loop
      vertex   4.979871e+01 -4.481965e+00 1.500000e+00
      vertex   4.974781e+01 -4.477384e+00 1.111771e+00
      vertex   4.997762e+01 -1.495773e+00 1.500000e+00
    endloop
  endfacet
  facet normal 9.896778e-01 -5.929297e-02 -1.304688e-01
    outer loop
      vertex   4.997762e+01 -1.495773e+00 1.500000e+00
      vertex   4.974781e+01 -4.477384e+00 1.111771e+00
      vertex   4.992653e+01 -1.494244e+00 1.111771e+00
    endloop
  endfacet
  facet normal 9.914524e-01 0.000000e+00 -1.304688e-01
    outer loop
      vertex   4.997762e+01 -1.495773e+00 1.500000e+00
      vertex   4.992653e+01 -1.494244e+00 1.111771e+00
      vertex   4.997762e+01 1.495773e+00 1.500000e+00
    endloop
  endfacet
  facet normal 9.914524e-01 0.000000e+00 -1.304688e-01
    outer loop
      vertex   4.997762e+01 1.495773e+00 1.500000e+00
      vertex   4.992653e+01 -1.494244e+00 1.111771e+00
      vertex   4.992653e+01 1.494244e+00 1.111771e+00
    endloop
  endfacet
  facet normal 9.896778e-01 5.929297e-02 -1.304688e-01
    outer loop
      vertex   4.997762e+01 1.495773e+00 1.500000e+00
      vertex   4.992653e+01 1.494244e+00 1.111771e+00
      vertex   4.979871e+01 4.481965e+00 1.500000e+00
    endloop
  endfacet
  facet normal 9.896778e-01 5.929297e-02 -1.304688e-01
    outer loop
      vertex   4.979871e+01 4.481965e+00 1.500000e+00
      vertex   4.992653e+01 1.494244e+00 1.111771e+00
      vertex   4.974781e+01 4.477384e+00 1.111771e+00
    endloop
  endfacet
  facet normal 9.843605e-01 1.183737e-01 -1.304688e-01
    outer loop
      vertex   4.979871e+01 4.481965e+00 1.500000e+00
      vertex   4.974781e+01 4.477384e+00 1.111771e+00
      vertex   4.944154e+01 7.452113e+00 1.500000e+00
    endloop
  endfacet
  facet normal 9.843605e-01 1.183737e-01 -1.304688e-01
    outer loop
      vertex   4.944154e+01 7.452113e+00 1.500000e+00
      vertex   4.974781e+01 4.477384e+00 1.111771e+00
      vertex   4.939100e+01 7.444496e+00 1.111771e+00
    endloop
  endfacet
  facet normal 9.755194e-01 1.770307e-01 -1.304688e-01
    outer loop
      vertex   4.944154e+01 7.452113e+00 1.500000e+00
      vertex   4.939100e+01 7.444496e+00 1.111771e+00
      vertex   4.890738e+01 1.039558e+01 1.500000e+00
    endloop
  endfacet
  facet normal 9.755194e-01 1.770307e-01 -1.304688e-01
    outer loop
      vertex   4.890738e+01 1.039558e+01 1.500000e+00
      vertex   4.939100e+01 7.444496e+00 1.111771e+00
      vertex   4.885739e+01 1.038496e+01 1.111771e+00
    endloop
  endfacet
  facet normal 9.631861e-01 2.350539e-01 -1.304688e-01
    outer loop
      vertex   4.890738e+01 1.039558e+01 1.500000e+00
      vertex   4.885739e+01 1.038496e+01 1.111771e+00
      vertex   4.819814e+01 1.330184e+01 1.500000e+00
    endloop
  endfacet
  facet normal 9.631861e-01 2.350539e-01 -1.304688e-01
    outer loop
      vertex   4.819814e+01 1.330184e+01 1.500000e+00
      vertex   4.885739e+01 1.038496e+01 1.111771e+00
      vertex   4.814887e+01 1.328824e+01 1.111771e+00
    endloop
  endfacet
  facet normal 9.474050e-01 2.922357e-01 -1.304688e-01
    outer loop
      vertex   4.819814e+01 1.330184e+01 1.500000e+00
      vertex   4.814887e+01 1.328824e+01 1.111771e+00
      vertex   4.731637e+01 1.616048e+01 1.500000e+00
    endloop
  endfacet
  facet normal 9.474050e-01 2.922357e-01 -1.304688e-01
    outer loop
      vertex   4.731637e+01 1.616048e+01 1.500000e+00
      vertex   4.814887e+01 1.328824e+01 1.111771e+00
      vertex   4.726800e+01 1.614396e+01 1.111771e+00
    endloop
  endfacet
  facet normal 9.282323e-01 3.483714e-01 -1.304688e-01
    outer loop
      vertex   4.731637e+01 1.616048e+01 1.500000e+00
      vertex   4.726800e+01 1.614396e+01 1.111771e+00
      vertex   4.626522e+01 1.896127e+01 1.500000e+00
    endloop
  endfacet
  facet normal 9.282323e-01 3.483714e-01 -1.304688e-01
    outer loop
      vertex   4.626522e+01 1.896127e+01 1.500000e+00
      vertex   4.726800e+01 1.614396e+01 1.111771e+00
      vertex   4.621792e+01 1.894189e+01 1.111771e+00
    endloop
  endfacet
  facet normal 9.057369e-01 4.032600e-01 -1.304688e-01
    outer loop
      vertex   4.626522e+01 1.896127e+01 1.500000e+00
      vertex   4.621792e+01 1.894189e+01 1.111771e+00
      vertex   4.504844e+01 2.169419e+01 1.500000e+00
    endloop
  endfacet
  facet normal 9.057369e-01 4.032600e-01 -1.304688e-01
    outer loop
      vertex   4.504844e+01 2.169419e+01 1.500000e+00
      vertex   4.621792e+01 1.894189e+01 1.111771e+00
      vertex   4.500239e+01 2.167201e+01 1.111771e+00
    endloop
  endfacet
  facet normal 8.799991e-01 4.567051e-01 -1.304688e-01
    outer loop
      vertex   4.504844e+01 2.169419e+01 1.500000e+00
      vertex   4.500239e+01 2.167201e+01 1.111771e+00
      vertex   4.367041e+01 2.434944e+01 1.500000e+00
    endloop
  endfacet
  facet normal 8.799991e-01 4.567051e-01 -1.304688e-01
    outer loop
      vertex   4.367041e+01 2.434944e+01 1.500000e+00
      vertex   4.500239e+01 2.167201e+01 1.111771e+00
      vertex   4.362577e+01 2.432455e+01 1.111771e+00
    endloop
  endfacet
  facet normal 8.511111e-01 5.085152e-01 -1.304688e-01
    outer loop
      vertex   4.367041e+01 2.434944e+01 1.500000e+00
      vertex   4.362577e+01 2.432455e+01 1.111771e+00
      vertex   4.213605e+01 2.691753e+01 1.500000e+00
    endloop
  endfacet
  facet normal 8.511111e-01 5.085152e-01 -1.304688e-01
    outer loop
      vertex   4.213605e+01 2.691753e+01 1.500000e+00
      vertex   4.362577e+01 2.432455e+01 1.111771e+00
      vertex   4.209298e+01 2.689002e+01 1.111771e+00
    endloop
  endfacet
  facet normal 8.191764e-01 5.585050e-01 -1.304688e-01
    outer loop
      vertex   4.213605e+01 2.691753e+01 1.500000e+00
      vertex   4.209298e+01 2.689002e+01 1.111771e+00
      vertex   4.045085e+01 2.938926e+01 1.500000e+00
    endloop
  endfacet
  facet normal 8.191764e-01 5.585050e-01 -1.304688e-01
    outer loop
      vertex   4.045085e+01 2.938926e+01 1.500000e+00
      vertex   4.209298e+01 2.689002e+01 1.111771e+00
      vertex   4.040950e+01 2.935922e+01 1.111771e+00
    endloop
  endfacet
  facet normal 7.843093e-01 6.064955e-01 -1.304688e-01
    outer loop
      vertex   4.045085e+01 2.938926e+01 1.500000e+00
      vertex   4.040950e+01 2.935922e+01 1.111771e+00
      vertex   3.862085e+01 3.175579e+01 1.500000e+00
    endloop
  endfacet
  facet normal 7.843093e-01 6.064955e-01 -1.304688e-01
    outer loop
      vertex   3.862085e+01 3.175579e+01 1.500000e+00
      vertex   4.040950e+01 2.935922e+01 1.111771e+00
      vertex   3.858137e+01 3.172333e+01 1.111771e+00
    endloop
  endfacet
  facet normal 7.466345e-01 6.523149e-01 -1.304688e-01
    outer loop
      vertex   3.862085e+01 3.175579e+01 1.500000e+00
      vertex   3.858137e+01 3.172333e+01 1.111771e+00
      vertex   3.665259e+01 3.400864e+01 1.500000e+00
    endloop
  endfacet
  facet normal 7.466345e-01 6.523149e-01 -1.304688e-01
    outer loop
      vertex   3.665259e+01 3.400864e+01 1.500000e+00
      vertex   3.858137e+01 3.172333e+01 1.111771e+00
      vertex   3.661513e+01 3.397387e+01 1.111771e+00
    endloop
  endfacet
  facet normal 7.062870e-01 6.957992e-01 -1.304688e-01
    outer loop
      vertex   3.665259e+01 3.400864e+01 1.500000e+00
      vertex   3.661513e+01 3.397387e+01 1.111771e+00
      vertex   3.455313e+01 3.613974e+01 1.500000e+00
    endloop
  endfacet
  facet normal 7.062870e-01 6.957992e-01 -1.304688e-01
    outer loop
      vertex   3.455313e+01 3.613974e+01 1.500000e+00
      vertex   3.661513e+01 3.397387e+01 1.111771e+00
      vertex   3.451781e+01 3.610280e+01 1.111771e+00
    endloop
  endfacet
  facet normal 6.634112e-01 7.367927e-01 -1.304688e-01
    outer loop
      vertex   3.455313e+01 3.613974e+01 1.500000e+00
      vertex   3.451781e+01 3.610280e+01 1.111771e+00
      vertex   3.232998e+01 3.814148e+01 1.500000e+00
    endloop
  endfacet
  facet normal 6.634112e-01 7.367927e-01 -1.304688e-01
    outer loop
      vertex   3.232998e+01 3.814148e+01 1.500000e+00
      vertex   3.451781e+01 3.610280e+01 1.111771e+00
      vertex   3.229693e+01 3.810249e+01 1.111771e+00
    endloop
  endfacet
  facet normal 6.181605e-01 7.751487e-01 -1.304688e-01
    outer loop
      vertex   3.232998e+01 3.814148e+01 1.500000e+00
      vertex   3.229693e+01 3.810249e+01 1.111771e+00
      vertex   2.999109e+01 4.000668e+01 1.500000e+00
    endloop
  endfacet
  facet normal 6.181605e-01 7.751487e-01 -1.304688e-01
    outer loop
      vertex   2.999109e+01 4.000668e+01 1.500000e+00
      vertex   3.229693e+01 3.810249e+01 1.111771e+00
      vertex   2.996044e+01 3.996578e+01 1.111771e+00
    endloop
  endfacet
  facet normal 5.706969e-01 8.107299e-01 -1.304688e-01
    outer loop
      vertex   2.999109e+01 4.000668e+01 1.500000e+00
      vertex   2.996044e+01 3.996578e+01 1.111771e+00
      vertex   2.754485e+01 4.172866e+01 1.500000e+00
    endloop
  endfacet
  facet normal 5.706969e-01 8.107299e-01 -1.304688e-01
    outer loop
      vertex   2.754485e+01 4.172866e+01 1.500000e+00
      vertex   2.996044e+01 3.996578e+01 1.111771e+00
      vertex   2.751669e+01 4.168601e+01 1.111771e+00
    endloop
  endfacet
  facet normal 5.211904e-01 8.434088e-01 -1.304688e-01
    outer loop
      vertex   2.754485e+01 4.172866e+01 1.500000e+00
      vertex   2.751669e+01 4.168601e+01 1.111771e+00
      vertex   2.500000e+01 4.330127e+01 1.500000e+00
    endloop
  endfacet
  facet normal 5.211904e-01 8.434088e-01 -1.304688e-01
    outer loop
      vertex   2.500000e+01 4.330127e+01 1.500000e+00
      vertex   2.751669e+01 4.168601e+01 1.111771e+00
      vertex   2.497444e+01 4.325701e+01 1.111771e+00
    endloop
  endfacet
  facet normal 4.698182e-01 8.730686e-01 -1.304688e-01
    outer loop
      vertex   2.500000e+01 4.330127e+01 1.500000e+00
      vertex   2.497444e+01 4.325701e+01 1.111771e+00
      vertex   2.236566e+01 4.471887e+01 1.500000e+00
    endloop
  endfacet
  facet normal 4.698182e-01 8.730686e-01 -1.304688e-01
    outer loop
      vertex   2.236566e+01 4.471887e+01 1.500000e+00
      vertex   2.497444e+01 4.325701e+01 1.111771e+00
      vertex   2.234279e+01 4.467316e+01 1.111771e+00
    endloop
  endfacet
  facet normal 4.167642e-01 8.996030e-01 -1.304688e-01
    outer loop
      vertex   2.236566e+01 4.471887e+01 1.500000e+00
      vertex   2.234279e+01 4.467316e+01 1.111771e+00
      vertex   1.965125e+01 4.597639e+01 1.500000e+00
    endloop
  endfacet
  facet normal 4.167642e-01 8.996030e-01 -1.304688e-01
    outer loop
      vertex   1.965125e+01 4.597639e+01 1.500000e+00
      vertex   2.234279e+01 4.467316e+01 1.111771e+00
      vertex   1.963116e+01 4.592939e+01 1.111771e+00
    endloop
  endfacet
  facet normal 3.622182e-01 9.229170e-01 -1.304688e-01
    outer loop
      vertex   1.965125e+01 4.597639e+01 1.500000e+00
      vertex   1.963116e+01 4.592939e+01 1.111771e+00
      vertex   1.686650e+01 4.706932e+01 1.500000e+00
    endloop
  endfacet
  facet normal 3.622182e-01 9.229170e-01 -1.304688e-01
    outer loop
      vertex   1.686650e+01 4.706932e+01 1.500000e+00
      vertex   1.963116e+01 4.592939e+01 1.111771e+00
      vertex   1.684926e+01 4.702121e+01 1.111771e+00
    endloop
  endfacet
  facet normal 3.063756e-01 9.429273e-01 -1.304688e-01
    outer loop
      vertex   1.686650e+01 4.706932e+01 1.500000e+00
      vertex   1.684926e+01 4.702121e+01 1.111771e+00
      vertex   1.402137e+01 4.799376e+01 1.500000e+00
    endloop
  endfacet
  facet normal 3.063756e-01 9.429273e-01 -1.304688e-01
    outer loop
      vertex   1.402137e+01 4.799376e+01 1.500000e+00
      vertex   1.684926e+01 4.702121e+01 1.111771e+00
      vertex   1.400704e+01 4.794470e+01 1.111771e+00
    endloop
  endfacet
  facet normal 2.494363e-01 9.595621e-01 -1.304688e-01
    outer loop
      vertex   1.402137e+01 4.799376e+01 1.500000e+00
      vertex   1.400704e+01 4.794470e+01 1.111771e+00
      vertex   1.112605e+01 4.874640e+01 1.500000e+00
    endloop
  endfacet
  facet normal 2.494363e-01 9.595621e-01 -1.304688e-01
    outer loop
      vertex   1.112605e+01 4.874640e+01 1.500000e+00
      vertex   1.400704e+01 4.794470e+01 1.111771e+00
      vertex   1.111467e+01 4.869657e+01 1.111771e+00
    endloop
  endfacet
  facet normal 1.916040e-01 9.727619e-01 -1.304688e-01
    outer loop
      vertex   1.112605e+01 4.874640e+01 1.500000e+00
      vertex   1.111467e+01 4.869657e+01 1.111771e+00
      vertex   8.190896e+00 4.932453e+01 1.500000e+00
    endloop
  endfacet
  facet normal 1.916040e-01 9.727619e-01 -1.304688e-01
    outer loop
      vertex   8.190896e+00 4.932453e+01 1.500000e+00
      vertex   1.111467e+01 4.869657e+01 1.111771e+00
      vertex   8.182523e+00 4.927411e+01 1.111771e+00
    endloop
  endfacet
  facet normal 1.330859e-01 9.824795e-01 -1.304688e-01
    outer loop
      vertex   8.190896e+00 4.932453e+01 1.500000e+00
      vertex   8.182523e+00 4.927411e+01 1.111771e+00
      vertex   5.226423e+00 4.972609e+01 1.500000e+00
    endloop
  endfacet
  facet normal 1.330859e-01 9.824795e-01 -1.304688e-01
    outer loop
      vertex   5.226423e+00 4.972609e+01 1.500000e+00
      vertex   8.182523e+00 4.927411e+01 1.111771e+00
      vertex   5.221081e+00 4.967526e+01 1.111771e+00
    endloop
  endfacet
  facet normal 7.409133e-02 9.886801e-01 -1.304688e-01
    outer loop
      vertex   5.226423e+00 4.972609e+01 1.500000e+00
      vertex   5.221081e+00 4.967526e+01 1.111771e+00
      vertex   2.243242e+00 4.994965e+01 1.500000e+00
    endloop
  endfacet
  facet normal 7.409133e-02 9.886801e-01 -1.304688e-01
    outer loop
      vertex   2.243242e+00 4.994965e+01 1.500000e+00
      vertex   5.221081e+00 4.967526e+01 1.111771e+00
      vertex   2.240948e+00 4.989859e+01 1.111771e+00
    endloop
  endfacet
  facet normal 1.483154e-02 9.913415e-01 -1.304688e-01
    outer loop
      vertex   2.243242e+00 4.994965e+01 1.500000e+00
      vertex   2.240948e+00 4.989859e+01 1.111771e+00
      vertex   -7.479704e-01 4.999441e+01 1.500000e+00
    endloop
  endfacet
  facet normal 1.483154e-02 9.913415e-01 -1.304688e-01
    outer loop
      vertex   -7.479704e-01 4.999441e+01 1.500000e+00
      vertex   2.240948e+00 4.989859e+01 1.111771e+00
      vertex   -7.472058e-01 4.994330e+01 1.111771e+00
    endloop
  endfacet
  facet normal -4.448134e-02 9.904541e-01 -1.304688e-01
    outer loop
      vertex   -7.479704e-01 4.999441e+01 1.500000e+00
      vertex   -7.472058e-01 4.994330e+01 1.111771e+00
      vertex   -3.736505e+00 4.986019e+01 1.500000e+00
    endloop
  endfacet
  facet normal -4.448134e-02 9.904541e-01 -1.304688e-01
    outer loop
      vertex   -3.736505e+00 4.986019e+01 1.500000e+00
      vertex   -7.472058e-01 4.994330e+01 1.111771e+00
      vertex   -3.732685e+00 4.980922e+01 1.111771e+00
    endloop
  endfacet
  facet normal -1.036350e-01 9.860211e-01 -1.304688e-01
    outer loop
      vertex   -3.736505e+00 4.986019e+01 1.500000e+00
      vertex   -3.732685e+00 4.980922e+01 1.111771e+00
      vertex   -6.711663e+00 4.954749e+01 1.500000e+00
    endloop
  endfacet
  facet normal -1.036350e-01 9.860211e-01 -1.304688e-01
    outer loop
      vertex   -6.711663e+00 4.954749e+01 1.500000e+00
      vertex   -3.732685e+00 4.980922e+01 1.111771e+00
      vertex   -6.704802e+00 4.949684e+01 1.111771e+00
    endloop
  endfacet
  facet normal -1.624177e-01 9.780585e-01 -1.304688e-01
    outer loop
      vertex   -6.711663e+00 4.954749e+01 1.500000e+00
      vertex   -6.704802e+00 4.949684e+01 1.111771e+00
      vertex   -9.662796e+00 4.905742e+01 1.500000e+00
    endloop
  endfacet
  facet normal -1.624177e-01 9.780585e-01 -1.304688e-01
    outer loop
      vertex   -9.662796e+00 4.905742e+01 1.500000e+00
      vertex   -6.704802e+00 4.949684e+01 1.111771e+00
      vertex   -9.652918e+00 4.900727e+01 1.111771e+00
    endloop
  endfacet
  facet normal -2.206189e-01 9.665946e-01 -1.304688e-01
    outer loop
      vertex   -9.662796e+00 4.905742e+01 1.500000e+00
      vertex   -9.652918e+00 4.900727e+01 1.111771e+00
      vertex   -1.257934e+01 4.839174e+01 1.500000e+00
    endloop
  endfacet
  facet normal -2.206189e-01 9.665946e-01 -1.304688e-01
    outer loop
      vertex   -1.257934e+01 4.839174e+01 1.500000e+00
      vertex   -9.652918e+00 4.900727e+01 1.111771e+00
      vertex   -1.256648e+01 4.834227e+01 1.111771e+00
    endloop
  endfacet
  facet normal -2.780304e-01 9.516706e-01 -1.304688e-01
    outer loop
      vertex   -1.257934e+01 4.839174e+01 1.500000e+00
      vertex   -1.256648e+01 4.834227e+01 1.111771e+00
      vertex   -1.545085e+01 4.755283e+01 1.500000e+00
    endloop
  endfacet
  facet normal -2.780304e-01 9.516706e-01 -1.304688e-01
    outer loop
      vertex   -1.545085e+01 4.755283e+01 1.500000e+00
      vertex   -1.256648e+01 4.834227e+01 1.111771e+00
      vertex   -1.543506e+01 4.750422e+01 1.111771e+00
    endloop
  endfacet
  facet normal -3.344466e-01 9.333399e-01 -1.304688e-01
    outer loop
      vertex   -1.545085e+01 4.755283e+01 1.500000e+00
      vertex   -1.543506e+01 4.750422e+01 1.111771e+00
      vertex   -1.826705e+01 4.654369e+01 1.500000e+00
    endloop
  endfacet
  facet normal -3.344466e-01 9.333399e-01 -1.304688e-01
    outer loop
      vertex   -1.826705e+01 4.654369e+01 1.500000e+00
      vertex   -1.543506e+01 4.750422e+01 1.111771e+00
      vertex   -1.824838e+01 4.649611e+01 1.111771e+00
    endloop
  endfacet
  facet normal -3.896656e-01 9.116680e-01 -1.304688e-01
    outer loop
      vertex   -1.826705e+01 4.654369e+01 1.500000e+00
      vertex   -1.824838e+01 4.649611e+01 1.111771e+00
      vertex   -2.101786e+01 4.536793e+01 1.500000e+00
    endloop
  endfacet
  facet normal -3.896656e-01 9.116680e-01 -1.304688e-01
    outer loop
      vertex   -2.101786e+01 4.536793e+01 1.500000e+00
      vertex   -1.824838e+01 4.649611e+01 1.111771e+00
      vertex   -2.099638e+01 4.532156e+01 1.111771e+00
    endloop
  endfacet
  facet normal -4.434897e-01 8.867326e-01 -1.304688e-01
    outer loop
      vertex   -2.101786e+01 4.536793e+01 1.500000e+00
      vertex   -2.099638e+01 4.532156e+01 1.111771e+00
      vertex   -2.369343e+01 4.402978e+01 1.500000e+00
    endloop
  endfacet
  facet normal -4.434897e-01 8.867326e-01 -1.304688e-01
    outer loop
      vertex   -2.369343e+01 4.402978e+01 1.500000e+00
      vertex   -2.099638e+01 4.532156e+01 1.111771e+00
      vertex   -2.366921e+01 4.398477e+01 1.111771e+00
    endloop
  endfacet
  facet normal -4.957262e-01 8.586230e-01 -1.304688e-01
    outer loop
      vertex   -2.369343e+01 4.402978e+01 1.500000e+00
      vertex   -2.366921e+01 4.398477e+01 1.111771e+00
      vertex   -2.628419e+01 4.253400e+01 1.500000e+00
    endloop
  endfacet
  facet normal -4.957262e-01 8.586230e-01 -1.304688e-01
    outer loop
      vertex   -2.628419e+01 4.253400e+01 1.500000e+00
      vertex   -2.366921e+01 4.398477e+01 1.111771e+00
      vertex   -2.625732e+01 4.249052e+01 1.111771e+00
    endloop
  endfacet
  facet normal -5.461881e-01 8.274397e-01 -1.304688e-01
    outer loop
      vertex   -2.628419e+01 4.253400e+01 1.500000e+00
      vertex   -2.625732e+01 4.249052e+01 1.111771e+00
      vertex   -2.878085e+01 4.088597e+01 1.500000e+00
    endloop
  endfacet
  facet normal -5.461881e-01 8.274397e-01 -1.304688e-01
    outer loop
      vertex   -2.878085e+01 4.088597e+01 1.500000e+00
      vertex   -2.625732e+01 4.249052e+01 1.111771e+00
      vertex   -2.875143e+01 4.084417e+01 1.111771e+00
    endloop
  endfacet
  facet normal -5.946949e-01 7.932943e-01 -1.304688e-01
    outer loop
      vertex   -2.878085e+01 4.088597e+01 1.500000e+00
      vertex   -2.875143e+01 4.084417e+01 1.111771e+00
      vertex   -3.117449e+01 3.909157e+01 1.500000e+00
    endloop
  endfacet
  facet normal -5.946949e-01 7.932943e-01 -1.304688e-01
    outer loop
      vertex   -3.117449e+01 3.909157e+01 1.500000e+00
      vertex   -2.875143e+01 4.084417e+01 1.111771e+00
      vertex   -3.114262e+01 3.905161e+01 1.111771e+00
    endloop
  endfacet
  facet normal -6.410727e-01 7.563092e-01 -1.304688e-01
    outer loop
      vertex   -3.117449e+01 3.909157e+01 1.500000e+00
      vertex   -3.114262e+01 3.905161e+01 1.111771e+00
      vertex   -3.345653e+01 3.715724e+01 1.500000e+00
    endloop
  endfacet
  facet normal -6.410727e-01 7.563092e-01 -1.304688e-01
    outer loop
      vertex   -3.345653e+01 3.715724e+01 1.500000e+00
      vertex   -3.114262e+01 3.905161e+01 1.111771e+00
      vertex   -3.342233e+01 3.711926e+01 1.111771e+00
    endloop
  endfacet
  facet normal -6.851557e-01 7.166167e-01 -1.304688e-01
    outer loop
      vertex   -3.345653e+01 3.715724e+01 1.500000e+00
      vertex   -3.342233e+01 3.711926e+01 1.111771e+00
      vertex   -3.561880e+01 3.508990e+01 1.500000e+00
    endloop
  endfacet
  facet normal -6.851557e-01 7.166167e-01 -1.304688e-01
    outer loop
      vertex   -3.561880e+01 3.508990e+01 1.500000e+00
      vertex   -3.342233e+01 3.711926e+01 1.111771e+00
      vertex   -3.558239e+01 3.505403e+01 1.111771e+00
    endloop
  endfacet
  facet normal -7.267861e-01 6.743589e-01 -1.304688e-01
    outer loop
      vertex   -3.561880e+01 3.508990e+01 1.500000e+00
      vertex   -3.558239e+01 3.505403e+01 1.111771e+00
      vertex   -3.765357e+01 3.289694e+01 1.500000e+00
    endloop
  endfacet
  facet normal -7.267861e-01 6.743589e-01 -1.304688e-01
    outer loop
      vertex   -3.765357e+01 3.289694e+01 1.500000e+00
      vertex   -3.558239e+01 3.505403e+01 1.111771e+00
      vertex   -3.761508e+01 3.286331e+01 1.111771e+00
    endloop
  endfacet
  facet normal -7.658147e-01 6.296871e-01 -1.304688e-01
    outer loop
      vertex   -3.765357e+01 3.289694e+01 1.500000e+00
      vertex   -3.761508e+01 3.286331e+01 1.111771e+00
      vertex   -3.955355e+01 3.058621e+01 1.500000e+00
    endloop
  endfacet
  facet normal -7.658147e-01 6.296871e-01 -1.304688e-01
    outer loop
      vertex   -3.955355e+01 3.058621e+01 1.500000e+00
      vertex   -3.761508e+01 3.286331e+01 1.111771e+00
      vertex   -3.951312e+01 3.055495e+01 1.111771e+00
    endloop
  endfacet
  facet normal -8.021019e-01 5.827611e-01 -1.304688e-01
    outer loop
      vertex   -3.955355e+01 3.058621e+01 1.500000e+00
      vertex   -3.951312e+01 3.055495e+01 1.111771e+00
      vertex   -4.131194e+01 2.816600e+01 1.500000e+00
    endloop
  endfacet
  facet normal -8.021019e-01 5.827611e-01 -1.304688e-01
    outer loop
      vertex   -4.131194e+01 2.816600e+01 1.500000e+00
      vertex   -3.951312e+01 3.055495e+01 1.111771e+00
      vertex   -4.126971e+01 2.813721e+01 1.111771e+00
    endloop
  endfacet
  facet normal -8.355177e-01 5.337490e-01 -1.304688e-01
    outer loop
      vertex   -4.131194e+01 2.816600e+01 1.500000e+00
      vertex   -4.126971e+01 2.813721e+01 1.111771e+00
      vertex   -4.292244e+01 2.564496e+01 1.500000e+00
    endloop
  endfacet
  facet normal -8.355177e-01 5.337490e-01 -1.304688e-01
    outer loop
      vertex   -4.292244e+01 2.564496e+01 1.500000e+00
      vertex   -4.126971e+01 2.813721e+01 1.111771e+00
      vertex   -4.287856e+01 2.561875e+01 1.111771e+00
    endloop
  endfacet
  facet normal -8.659427e-01 4.828262e-01 -1.304688e-01
    outer loop
      vertex   -4.292244e+01 2.564496e+01 1.500000e+00
      vertex   -4.287856e+01 2.561875e+01 1.111771e+00
      vertex   -4.437929e+01 2.303212e+01 1.500000e+00
    endloop
  endfacet
  facet normal -8.659427e-01 4.828262e-01 -1.304688e-01
    outer loop
      vertex   -4.437929e+01 2.303212e+01 1.500000e+00
      vertex   -4.287856e+01 2.561875e+01 1.111771e+00
      vertex   -4.433392e+01 2.300858e+01 1.111771e+00
    endloop
  endfacet
  facet normal -8.932678e-01 4.301751e-01 -1.304688e-01
    outer loop
      vertex   -4.437929e+01 2.303212e+01 1.500000e+00
      vertex   -4.433392e+01 2.300858e+01 1.111771e+00
      vertex   -4.567727e+01 2.033683e+01 1.500000e+00
    endloop
  endfacet
  facet normal -8.932678e-01 4.301751e-01 -1.304688e-01
    outer loop
      vertex   -4.567727e+01 2.033683e+01 1.500000e+00
      vertex   -4.433392e+01 2.300858e+01 1.111771e+00
      vertex   -4.563058e+01 2.031604e+01 1.111771e+00
    endloop
  endfacet
  facet normal -9.173952e-01 3.759840e-01 -1.304688e-01
    outer loop
      vertex   -4.567727e+01 2.033683e+01 1.500000e+00
      vertex   -4.563058e+01 2.031604e+01 1.111771e+00
      vertex   -4.681174e+01 1.756874e+01 1.500000e+00
    endloop
  endfacet
  facet normal -9.173952e-01 3.759840e-01 -1.304688e-01
    outer loop
      vertex   -4.681174e+01 1.756874e+01 1.500000e+00
      vertex   -4.563058e+01 2.031604e+01 1.111771e+00
      vertex   -4.676389e+01 1.755078e+01 1.111771e+00
    endloop
  endfacet
  facet normal -9.382386e-01 3.204470e-01 -1.304688e-01
    outer loop
      vertex   -4.681174e+01 1.756874e+01 1.500000e+00
      vertex   -4.676389e+01 1.755078e+01 1.111771e+00
      vertex   -4.777864e+01 1.473776e+01 1.500000e+00
    endloop
  endfacet
  facet normal -9.382386e-01 3.204470e-01 -1.304688e-01
    outer loop
      vertex   -4.777864e+01 1.473776e+01 1.500000e+00
      vertex   -4.676389e+01 1.755078e+01 1.111771e+00
      vertex   -4.772980e+01 1.472269e+01 1.111771e+00
    endloop
  endfacet
  facet normal -9.557233e-01 2.637629e-01 -1.304688e-01
    outer loop
      vertex   -4.777864e+01 1.473776e+01 1.500000e+00
      vertex   -4.772980e+01 1.472269e+01 1.111771e+00
      vertex   -4.857450e+01 1.185402e+01 1.500000e+00
    endloop
  endfacet
  facet normal -9.557233e-01 2.637629e-01 -1.304688e-01
    outer loop
      vertex   -4.857450e+01 1.185402e+01 1.500000e+00
      vertex   -4.772980e+01 1.472269e+01 1.111771e+00
      vertex   -4.852485e+01 1.184190e+01 1.111771e+00
    endloop
  endfacet
  facet normal -9.697868e-01 2.061345e-01 -1.304688e-01
    outer loop
      vertex   -4.857450e+01 1.185402e+01 1.500000e+00
      vertex   -4.852485e+01 1.184190e+01 1.111771e+00
      vertex   -4.919648e+01 8.927845e+00 1.500000e+00
    endloop
  endfacet
  facet normal -9.697868e-01 2.061345e-01 -1.304688e-01
    outer loop
      vertex   -4.919648e+01 8.927845e+00 1.500000e+00
      vertex   -4.852485e+01 1.184190e+01 1.111771e+00
      vertex   -4.914619e+01 8.918718e+00 1.111771e+00
    endloop
  endfacet
  facet normal -9.803787e-01 1.477683e-01 -1.304688e-01
    outer loop
      vertex   -4.919648e+01 8.927845e+00 1.500000e+00
      vertex   -4.914619e+01 8.918718e+00 1.111771e+00
      vertex   -4.964235e+01 5.969711e+00 1.500000e+00
    endloop
  endfacet
  facet normal -9.803787e-01 1.477683e-01 -1.304688e-01
    outer loop
      vertex   -4.964235e+01 5.969711e+00 1.500000e+00
      vertex   -4.914619e+01 8.918718e+00 1.111771e+00
      vertex   -4.959160e+01 5.963609e+00 1.111771e+00
    endloop
  endfacet
  facet normal -9.803787e-01 -1.477683e-01 1.304688e-01
    outer loop
      vertex   -4.959160e+01 -5.963609e+00 1.888229e+00
      vertex   -4.964235e+01 -5.969711e+00 1.500000e+00
      vertex   -4.914619e+01 -8.918718e+00 1.888229e+00
    endloop
  endfacet
  facet normal -9.803787e-01 -1.477683e-01 1.304688e-01
    outer loop
      vertex   -4.914619e+01 -8.918718e+00 1.888229e+00
      vertex   -4.964235e+01 -5.969711e+00 1.500000e+00
      vertex   -4.919648e+01 -8.927845e+00 1.500000e+00
    endloop
  endfacet
  facet normal -9.697868e-01 -2.061345e-01 1.304688e-01
    outer loop
      vertex   -4.914619e+01 -8.918718e+00 1.888229e+00
      vertex   -4.919648e+01 -8.927845e+00 1.500000e+00
      vertex   -4.852485e+01 -1.184190e+01 1.888229e+00
    endloop
  endfacet
  facet normal -9.697868e-01 -2.061345e-01 1.304688e-01
    outer loop
      vertex   -4.852485e+01 -1.184190e+01 1.888229e+00
      vertex   -4.919648e+01 -8.927845e+00 1.500000e+00
      vertex   -4.857450e+01 -1.185402e+01 1.500000e+00
    endloop
  endfacet
  facet normal -9.557233e-01 -2.637629e-01 1.304688e-01
    outer loop
      vertex   -4.852485e+01 -1.184190e+01 1.888229e+00
      vertex   -4.857450e+01 -1.185402e+01 1.500000e+00
      vertex   -4.772980e+01 -1.472269e+01 1.888229e+00
    endloop
  endfacet
  facet normal -9.557233e-01 -2.637629e-01 1.304688e-01
    outer loop
      vertex   -4.772980e+01 -1.472269e+01 1.888229e+00
      vertex   -4.857450e+01 -1.185402e+01 1.500000e+00
      vertex   -4.777864e+01 -1.473776e+01 1.500000e+00
    endloop
  endfacet
  facet normal -9.382386e-01 -3.204470e-01 1.304688e-01
    outer loop
      vertex   -4.772980e+01 -1.472269e+01 1.888229e+00
      vertex   -4.777864e+01 -1.473776e+01 1.500000e+00
      vertex   -4.676389e+01 -1.755078e+01 1.888229e+00
    endloop
  endfacet
  facet normal -9.382386e-01 -3.204470e-01 1.304688e-01
    outer loop
      vertex   -4.676389e+01 -1.755078e+01 1.888229e+00
      vertex   -4.777864e+01 -1.473776e+01 1.500000e+00
      vertex   -4.681174e+01 -1.756874e+01 1.500000e+00
    endloop
  endfacet
  facet normal -9.173952e-01 -3.759840e-01 1.304688e-01
    outer loop
      vertex   -4.676389e+01 -1.755078e+01 1.888229e+00
      vertex   -4.681174e+01 -1.756874e+01 1.500000e+00
      vertex   -4.563058e+01 -2.031604e+01 1.888229e+00
    endloop
  endfacet
  facet normal -9.173952e-01 -3.759840e-01 1.304688e-01
    outer loop
      vertex   -4.563058e+01 -2.031604e+01 1.888229e+00
      vertex   -4.681174e+01 -1.756874e+01 1.500000e+00
      vertex   -4.567727e+01 -2.033683e+01 1.500000e+00
    endloop
  endfacet
  facet normal -8.932678e-01 -4.301751e-01 1.304688e-01
    outer loop
      vertex   -4.563058e+01 -2.031604e+01 1.888229e+00
      vertex   -4.567727e+01 -2.033683e+01 1.500000e+00
      vertex   -4.433392e+01 -2.300858e+01 1.888229e+00
    endloop
  endfacet
  facet normal -8.932678e-01 -4.301751e-01 1.304688e-01
    outer loop
      vertex   -4.433392e+01 -2.300858e+01 1.888229e+00
      vertex   -4.567727e+01 -2.033683e+01 1.500000e+00
      vertex   -4.437929e+01 -2.303212e+01 1.500000e+00
    endloop
  endfacet
  facet normal -8.659427e-01 -4.828262e-01 1.304688e-01
    outer loop
      vertex   -4.433392e+01 -2.300858e+01 1.888229e+00
      vertex   -4.437929e+01 -2.303212e+01 1.500000e+00
      vertex   -4.287856e+01 -2.561875e+01 1.888229e+00
    endloop
  endfacet
  facet normal -8.659427e-01 -4.828262e-01 1.304688e-01
    outer loop
      vertex   -4.287856e+01 -2.561875e+01 1.888229e+00
      vertex   -4.437929e+01 -2.303212e+01 1.500000e+00
      vertex   -4.292244e+01 -2.564496e+01 1.500000e+00
    endloop
  endfacet
  facet normal -8.355177e-01 -5.337490e-01 1.304688e-01
    outer loop
      vertex   -4.287856e+01 -2.561875e+01 1.888229e+00
      vertex   -4.292244e+01 -2.564496e+01 1.500000e+00
      vertex   -4.126971e+01 -2.813721e+01 1.888229e+00
    endloop
  endfacet
  facet normal -8.355177e-01 -5.337490e-01 1.304688e-01
    outer loop
      vertex   -4.126971e+01 -2.813721e+01 1.888229e+00
      vertex   -4.292244e+01 -2.564496e+01 1.500000e+00
      vertex   -4.131194e+01 -2.816600e+01 1.500000e+00
    endloop
  endfacet
  facet normal -8.021019e-01 -5.827611e-01 1.304688e-01
    outer loop
      vertex   -4.126971e+01 -2.813721e+01 1.888229e+00
      vertex   -4.131194e+01 -2.816600e+01 1.500000e+00
      vertex   -3.951312e+01 -3.055495e+01 1.888229e+00
    endloop
  endfacet
  facet normal -8.021019e-01 -5.827611e-01 1.304688e-01
    outer loop
      vertex   -3.951312e+01 -3.055495e+01 1.888229e+00
      vertex   -4.131194e+01 -2.816600e+01 1.500000e+00
      vertex   -3.955355e+01 -3.058621e+01 1.500000e+00
    endloop
  endfacet
  facet normal -7.658147e-01 -6.296871e-01 1.304688e-01
    outer loop
      vertex   -3.951312e+01 -3.055495e+01 1.888229e+00
      vertex   -3.955355e+01 -3.058621e+01 1.500000e+00
      vertex   -3.761508e+01 -3.286331e+01 1.888229e+00
    endloop
  endfacet
  facet normal -7.658147e-01 -6.296871e-01 1.304688e-01
    outer loop
      vertex   -3.761508e+01 -3.286331e+01 1.888229e+00
      vertex   -3.955355e+01 -3.058621e+01 1.500000e+00
      vertex   -3.765357e+01 -3.289694e+01 1.500000e+00
    endloop
  endfacet
  facet normal -7.267861e-01 -6.743589e-01 1.304688e-01
    outer loop
      vertex   -3.761508e+01 -3.286331e+01 1.888229e+00
      vertex   -3.765357e+01 -3.289694e+01 1.500000e+00
      vertex   -3.558239e+01 -3.505403e+01 1.888229e+00
    endloop
  endfacet
  facet normal -7.267861e-01 -6.743589e-01 1.304688e-01
    outer loop
      vertex   -3.558239e+01 -3.505403e+01 1.888229e+00
      vertex   -3.765357e+01 -3.289694e+01 1.500000e+00
      vertex   -3.561880e+01 -3.508990e+01 1.500000e+00
    endloop
  endfacet
  facet normal -6.851557e-01 -7.166167e-01 1.304688e-01
    outer loop
      vertex   -3.558239e+01 -3.505403e+01 1.888229e+00
      vertex   -3.561880e+01 -3.508990e+01 1.500000e+00
      vertex   -3.342233e+01 -3.711926e+01 1.888229e+00
    endloop
  endfacet
  facet normal -6.851557e-01 -7.166167e-01 1.304688e-01
    outer loop
      vertex   -3.342233e+01 -3.711926e+01 1.888229e+00
      vertex   -3.561880e+01 -3.508990e+01 1.500000e+00
      vertex   -3.345653e+01 -3.715724e+01 1.500000e+00
    endloop
  endfacet
  facet normal -6.410727e-01 -7.563092e-01 1.304688e-01
    outer loop
      vertex   -3.342233e+01 -3.711926e+01 1.888229e+00
      vertex   -3.345653e+01 -3.715724e+01 1.500000e+00
      vertex   -3.114262e+01 -3.905161e+01 1.888229e+00
    endloop
  endfacet
  facet normal -6.410727e-01 -7.563092e-01 1.304688e-01
    outer loop
      vertex   -3.114262e+01 -3.905161e+01 1.888229e+00
      vertex   -3.345653e+01 -3.715724e+01 1.500000e+00
      vertex   -3.117449e+01 -3.909157e+01 1.500000e+00
    endloop
  endfacet
  facet normal -5.946949e-01 -7.932943e-01 1.304688e-01
    outer loop
      vertex   -3.114262e+01 -3.905161e+01 1.888229e+00
      vertex   -3.117449e+01 -3.909157e+01 1.500000e+00
      vertex   -2.875143e+01 -4.084417e+01 1.888229e+00
    endloop
  endfacet
  facet normal -5.946949e-01 -7.932943e-01 1.304688e-01
    outer loop
      vertex   -2.875143e+01 -4.084417e+01 1.888229e+00
      vertex   -3.117449e+01 -3.909157e+01 1.500000e+00
      vertex   -2.878085e+01 -4.088597e+01 1.500000e+00
    endloop
  endfacet
  facet normal -5.461881e-01 -8.274397e-01 1.304688e-01
    outer loop
      vertex   -2.875143e+01 -4.084417e+01 1.888229e+00
      vertex   -2.878085e+01 -4.088597e+01 1.500000e+00
      vertex   -2.625732e+01 -4.249052e+01 1.888229e+00
    endloop
  endfacet
  facet normal -5.461881e-01 -8.274397e-01 1.304688e-01
    outer loop
      vertex   -2.625732e+01 -4.249052e+01 1.888229e+00
      vertex   -2.878085e+01 -4.088597e+01 1.500000e+00
      vertex   -2.628419e+01 -4.253400e+01 1.500000e+00
    endloop
  endfacet
  facet normal -4.957262e-01 -8.586230e-01 1.304688e-01
    outer loop
      vertex   -2.625732e+01 -4.249052e+01 1.888229e+00
      vertex   -2.628419e+01 -4.253400e+01 1.500000e+00
      vertex   -2.366921e+01 -4.398477e+01 1.888229e+00
    endloop
  endfacet
  facet normal -4.957262e-01 -8.586230e-01 1.304688e-01
    outer loop
      vertex   -2.366921e+01 -4.398477e+01 1.888229e+00
      vertex   -2.628419e+01 -4.253400e+01 1.500000e+00
      vertex   -2.369343e+01 -4.402978e+01 1.500000e+00
    endloop
  endfacet
  facet normal -4.434897e-01 -8.867326e-01 1.304688e-01
    outer loop
      vertex   -2.366921e+01 -4.398477e+01 1.888229e+00
      vertex   -2.369343e+01 -4.402978e+01 1.500000e+00
      vertex   -2.099638e+01 -4.532156e+01 1.888229e+00
    endloop
  endfacet
  facet normal -4.434897e-01 -8.867326e-01 1.304688e-01
    outer loop
      vertex   -2.099638e+01 -4.532156e+01 1.888229e+00
      vertex   -2.369343e+01 -4.402978e+01 1.500000e+00
      vertex   -2.101786e+01 -4.536793e+01 1.500000e+00
    endloop
  endfacet
  facet normal -3.896656e-01 -9.116680e-01 1.304688e-01
    outer loop
      vertex   -2.099638e+01 -4.532156e+01 1.888229e+00
      vertex   -2.101786e+01 -4.536793e+01 1.500000e+00
      vertex   -1.824838e+01 -4.649611e+01 1.888229e+00
    endloop
  endfacet
  facet normal -3.896656e-01 -9.116680e-01 1.304688e-01
    outer loop
      vertex   -1.824838e+01 -4.649611e+01 1.888229e+00
      vertex   -2.101786e+01 -4.536793e+01 1.500000e+00
      vertex   -1.826705e+01 -4.654369e+01 1.500000e+00
    endloop
  endfacet
  facet normal -3.344466e-01 -9.333399e-01 1.304688e-01
    outer loop
      vertex   -1.824838e+01 -4.649611e+01 1.888229e+00
      vertex   -1.826705e+01 -4.654369e+01 1.500000e+00
      vertex   -1.543506e+01 -4.750422e+01 1.888229e+00
    endloop
  endfacet
  facet normal -3.344466e-01 -9.333399e-01 1.304688e-01
    outer loop
      vertex   -1.543506e+01 -4.750422e+01 1.888229e+00
      vertex   -1.826705e+01 -4.654369e+01 1.500000e+00
      vertex   -1.545085e+01 -4.755283e+01 1.500000e+00
    endloop
  endfacet
  facet normal -2.780304e-01 -9.516706e-01 1.304688e-01
    outer loop
      vertex   -1.543506e+01 -4.750422e+01 1.888229e+00
      vertex   -1.545085e+01 -4.755283e+01 1.500000e+00
      vertex   -1.256648e+01 -4.834227e+01 1.888229e+00
    endloop
  endfacet
  facet normal -2.780304e-01 -9.516706e-01 1.304688e-01
    outer loop
      vertex   -1.256648e+01 -4.834227e+01 1.888229e+00
      vertex   -1.545085e+01 -4.755283e+01 1.500000e+00
      vertex   -1.257934e+01 -4.839174e+01 1.500000e+00
    endloop
  endfacet
  facet normal -2.206189e-01 -9.665946e-01 1.304688e-01
    outer loop
      vertex   -1.256648e+01 -4.834227e+01 1.888229e+00
      vertex   -1.257934e+01 -4.839174e+01 1.500000e+00
      vertex   -9.652918e+00 -4.900727e+01 1.888229e+00
    endloop
  endfacet
  facet normal -2.206189e-01 -9.665946e-01 1.304688e-01
    outer loop
      vertex   -9.652918e+00 -4.900727e+01 1.888229e+00
      vertex   -1.257934e+01 -4.839174e+01 1.500000e+00
      vertex   -9.662796e+00 -4.905742e+01 1.500000e+00
    endloop
  endfacet
  facet normal -1.624177e-01 -9.780585e-01 1.304688e-01
    outer loop
      vertex   -9.652918e+00 -4.900727e+01 1.888229e+00
      vertex   -9.662796e+00 -4.905742e+01 1.500000e+00
      vertex   -6.704802e+00 -4.949684e+01 1.888229e+00
    endloop
  endfacet
  facet normal -1.624177e-01 -9.780585e-01 1.304688e-01
    outer loop
      vertex   -6.704802e+00 -4.949684e+01 1.888229e+00
      vertex   -9.662796e+00 -4.905742e+01 1.500000e+00
      vertex   -6.711663e+00 -4.954749e+01 1.500000e+00
    endloop
  endfacet
  facet normal -1.036350e-01 -9.860211e-01 1.304688e-01
    outer loop
      vertex   -6.704802e+00 -4.949684e+01 1.888229e+00
      vertex   -6.711663e+00 -4.954749e+01 1.500000e+00
      vertex   -3.732685e+00 -4.980922e+01 1.888229e+00
    endloop
  endfacet
  facet normal -1.036350e-01 -9.860211e-01 1.304688e-01
    outer loop
      vertex   -3.732685e+00 -4.980922e+01 1.888229e+00
      vertex   -6.711663e+00 -4.954749e+01 1.500000e+00
      vertex   -3.736505e+00 -4.986019e+01 1.500000e+00
    endloop
  endfacet
  facet normal -4.448134e-02 -9.904541e-01 1.304688e-01
    outer loop
      vertex   -3.732685e+00 -4.980922e+01 1.888229e+00
      vertex   -3.736505e+00 -4.986019e+01 1.500000e+00
      vertex   -7.472058e-01 -4.994330e+01 1.888229e+00
    endloop
  endfacet
  facet normal -4.448134e-02 -9.904541e-01 1.304688e-01
    outer loop
      vertex   -7.472058e-01 -4.994330e+01 1.888229e+00
      vertex   -3.736505e+00 -4.986019e+01 1.500000e+00
      vertex   -7.479704e-01 -4.999441e+01 1.500000e+00
    endloop
  endfacet
  facet normal 1.483154e-02 -9.913415e-01 1.304688e-01
    outer loop
      vertex   -7.472058e-01 -4.994330e+01 1.888229e+00
      vertex   -7.479704e-01 -4.999441e+01 1.500000e+00
      vertex   2.240948e+00 -4.989859e+01 1.888229e+00
    endloop
  endfacet
  facet normal 1.483154e-02 -9.913415e-01 1.304688e-01
    outer loop
      vertex   2.240948e+00 -4.989859e+01 1.888229e+00
      vertex   -7.479704e-01 -4.999441e+01 1.500000e+00
      vertex   2.243242e+00 -4.994965e+01 1.500000e+00
    endloop
  endfacet
  facet normal 7.409133e-02 -9.886801e-01 1.304688e-01
    outer loop
      vertex   2.240948e+00 -4.989859e+01 1.888229e+00
      vertex   2.243242e+00 -4.994965e+01 1.500000e+00
      vertex   5.221081e+00 -4.967526e+01 1.888229e+00
    endloop
  endfacet
  facet normal 7.409133e-02 -9.886801e-01 1.304688e-01
    outer loop
      vertex   5.221081e+00 -4.967526e+01 1.888229e+00
      vertex   2.243242e+00 -4.994965e+01 1.500000e+00
      vertex   5.226423e+00 -4.972609e+01 1.500000e+00
    endloop
  endfacet
  facet normal 1.330859e-01 -9.824795e-01 1.304688e-01
    outer loop
      vertex   5.221081e+00 -4.967526e+01 1.888229e+00
      vertex   5.226423e+00 -4.972609e+01 1.500000e+00
      vertex   8.182523e+00 -4.927411e+01 1.888229e+00
    endloop
  endfacet
  facet normal 1.330859e-01 -9.824795e-01 1.304688e-01
    outer loop
      vertex   8.182523e+00 -4.927411e+01 1.888229e+00
      vertex   5.226423e+00 -4.972609e+01 1.500000e+00
      vertex   8.190896e+00 -4.932453e+01 1.500000e+00
    endloop
  endfacet
  facet normal 1.916040e-01 -9.727619e-01 1.304688e-01
    outer loop
      vertex   8.182523e+00 -4.927411e+01 1.888229e+00
      vertex   8.190896e+00 -4.932453e+01 1.500000e+00
      vertex   1.111467e+01 -4.869657e+01 1.888229e+00
    endloop
  endfacet
  facet normal 1.916040e-01 -9.727619e-01 1.304688e-01
    outer loop
      vertex   1.111467e+01 -4.869657e+01 1.888229e+00
      vertex   8.190896e+00 -4.932453e+01 1.500000e+00
      vertex   1.112605e+01 -4.874640e+01 1.500000e+00
    endloop
  endfacet
  facet normal 2.494363e-01 -9.595621e-01 1.304688e-01
    outer loop
      vertex   1.111467e+01 -4.869657e+01 1.888229e+00
      vertex   1.112605e+01 -4.874640e+01 1.500000e+00
      vertex   1.400704e+01 -4.794470e+01 1.888229e+00
    endloop
  endfacet
  facet normal 2.494363e-01 -9.595621e-01 1.304688e-01
    outer loop
      vertex   1.400704e+01 -4.794470e+01 1.888229e+00
      vertex   1.112605e+01 -4.874640e+01 1.500000e+00
      vertex   1.402137e+01 -4.799376e+01 1.500000e+00
    endloop
  endfacet
  facet normal 3.063756e-01 -9.429273e-01 1.304688e-01
    outer loop
      vertex   1.400704e+01 -4.794470e+01 1.888229e+00
      vertex   1.402137e+01 -4.799376e+01 1.500000e+00
      vertex   1.684926e+01 -4.702121e+01 1.888229e+00
    endloop
  endfacet
  facet normal 3.063756e-01 -9.429273e-01 1.304688e-01
    outer loop
      vertex   1.684926e+01 -4.702121e+01 1.888229e+00
      vertex   1.402137e+01 -4.799376e+01 1.500000e+00
      vertex   1.686650e+01 -4.706932e+01 1.500000e+00
    endloop
  endfacet
  facet normal 3.622182e-01 -9.229170e-01 1.304688e-01
    outer loop
      vertex   1.684926e+01 -4.702121e+01 1.888229e+00
      vertex   1.686650e+01 -4.706932e+01 1.500000e+00
      vertex   1.963116e+01 -4.592939e+01 1.888229e+00
    endloop
  endfacet
  facet normal 3.622182e-01 -9.229170e-01 1.304688e-01
    outer loop
      vertex   1.963116e+01 -4.592939e+01 1.888229e+00
      vertex   1.686650e+01 -4.706932e+01 1.500000e+00
      vertex   1.965125e+01 -4.597639e+01 1.500000e+00
    endloop
  endfacet
  facet normal 4.167642e-01 -8.996030e-01 1.304688e-01
    outer loop
      vertex   1.963116e+01 -4.592939e+01 1.888229e+00
      vertex   1.965125e+01 -4.597639e+01 1.500000e+00
      vertex   2.234279e+01 -4.467316e+01 1.888229e+00
    endloop
  endfacet
  facet normal 4.167642e-01 -8.996030e-01 1.304688e-01
    outer loop
      vertex   2.234279e+01 -4.467316e+01 1.888229e+00
      vertex   1.965125e+01 -4.597639e+01 1.500000e+00
      vertex   2.236566e+01 -4.471887e+01 1.500000e+00
    endloop
  endfacet
  facet normal 4.698182e-01 -8.730686e-01 1.304688e-01
    outer loop
      vertex   2.234279e+01 -4.467316e+01 1.888229e+00
      vertex   2.236566e+01 -4.471887e+01 1.500000e+00
      vertex   2.497444e+01 -4.325701e+01 1.888229e+00
    endloop
  endfacet
  facet normal 4.698182e-01 -8.730686e-01 1.304688e-01
    outer loop
      vertex   2.497444e+01 -4.325701e+01 1.888229e+00
      vertex   2.236566e+01 -4.471887e+01 1.500000e+00
      vertex   2.500000e+01 -4.330127e+01 1.500000e+00
    endloop
  endfacet
  facet normal 5.211904e-01 -8.434088e-01 1.304688e-01
    outer loop
      vertex   2.497444e+01 -4.325701e+01 1.888229e+00
      vertex   2.500000e+01 -4.330127e+01 1.500000e+00
      vertex   2.751669e+01 -4.168601e+01 1.888229e+00
    endloop
  endfacet
  facet normal 5.211904e-01 -8.434088e-01 1.304688e-01
    outer loop
      vertex   2.751669e+01 -4.168601e+01 1.888229e+00
      vertex   2.500000e+01 -4.330127e+01 1.500000e+00
      vertex   2.754485e+01 -4.172866e+01 1.500000e+00
    endloop
  endfacet
  facet normal 5.706969e-01 -8.107299e-01 1.304688e-01
    outer loop
      vertex   2.751669e+01 -4.168601e+01 1.888229e+00
      vertex   2.754485e+01 -4.172866e+01 1.500000e+00
      vertex   2.996044e+01 -3.996578e+01 1.888229e+00
    endloop
  endfacet
  facet normal 5.706969e-01 -8.107299e-01 1.304688e-01
    outer loop
      vertex   2.996044e+01 -3.996578e+01 1.888229e+00
      vertex   2.754485e+01 -4.172866e+01 1.500000e+00
      vertex   2.999109e+01 -4.000668e+01 1.500000e+00
    endloop
  endfacet
  facet normal 6.181605e-01 -7.751487e-01 1.304688e-01
    outer loop
      vertex   2.996044e+01 -3.996578e+01 1.888229e+00
      vertex   2.999109e+01 -4.000668e+01 1.500000e+00
      vertex   3.229693e+01 -3.810249e+01 1.888229e+00
    endloop
  endfacet
  facet normal 6.181605e-01 -7.751487e-01 1.304688e-01
    outer loop
      vertex   3.229693e+01 -3.810249e+01 1.888229e+00
      vertex   2.999109e+01 -4.000668e+01 1.500000e+00
      vertex   3.232998e+01 -3.814148e+01 1.500000e+00
    endloop
  endfacet
  facet normal 6.634112e-01 -7.367927e-01 1.304688e-01
    outer loop
      vertex   3.229693e+01 -3.810249e+01 1.888229e+00
      vertex   3.232998e+01 -3.814148e+01 1.500000e+00
      vertex   3.451781e+01 -3.610280e+01 1.888229e+00
    endloop
  endfacet
  facet normal 6.634112e-01 -7.367927e-01 1.304688e-01
    outer loop
      vertex   3.451781e+01 -3.610280e+01 1.888229e+00
      vertex   3.232998e+01 -3.814148e+01 1.500000e+00
      vertex   3.455313e+01 -3.613974e+01 1.500000e+00
    endloop
  endfacet
  facet normal 7.062870e-01 -6.957992e-01 1.304688e-01
    outer loop
      vertex   3.451781e+01 -3.610280e+01 1.888229e+00
      vertex   3.455313e+01 -3.613974e+01 1.500000e+00
      vertex   3.661513e+01 -3.397387e+01 1.888229e+00
    endloop
  endfacet
  facet normal 7.062870e-01 -6.957992e-01 1.304688e-01
    outer loop
      vertex   3.661513e+01 -3.397387e+01 1.888229e+00
      vertex   3.455313e+01 -3.613974e+01 1.500000e+00
      vertex   3.665259e+01 -3.400864e+01 1.500000e+00
    endloop
  endfacet
  facet normal 7.466345e-01 -6.523149e-01 1.304688e-01
    outer loop
      vertex   3.661513e+01 -3.397387e+01 1.888229e+00
      vertex   3.665259e+01 -3.400864e+01 1.500000e+00
      vertex   3.858137e+01 -3.172333e+01 1.888229e+00
    endloop
  endfacet
  facet normal 7.466345e-01 -6.523149e-01 1.304688e-01
    outer loop
      vertex   3.858137e+01 -3.172333e+01 1.888229e+00
      vertex   3.665259e+01 -3.400864e+01 1.500000e+00
      vertex   3.862085e+01 -3.175579e+01 1.500000e+00
    endloop
  endfacet
  facet normal 7.843093e-01 -6.064955e-01 1.304688e-01
    outer loop
      vertex   3.858137e+01 -3.172333e+01 1.888229e+00
      vertex   3.862085e+01 -3.175579e+01 1.500000e+00
      vertex   4.040950e+01 -2.935922e+01 1.888229e+00
    endloop
  endfacet
  facet normal 7.843093e-01 -6.064955e-01 1.304688e-01
    outer loop
      vertex   4.040950e+01 -2.935922e+01 1.888229e+00
      vertex   3.862085e+01 -3.175579e+01 1.500000e+00
      vertex   4.045085e+01 -2.938926e+01 1.500000e+00
    endloop
  endfacet
  facet normal 8.191764e-01 -5.585050e-01 1.304688e-01
    outer loop
      vertex   4.040950e+01 -2.935922e+01 1.888229e+00
      vertex   4.045085e+01 -2.938926e+01 1.500000e+00
      vertex   4.209298e+01 -2.689002e+01 1.888229e+00
    endloop
  endfacet
  facet normal 8.191764e-01 -5.585050e-01 1.304688e-01
    outer loop
      vertex   4.209298e+01 -2.689002e+01 1.888229e+00
      vertex   4.045085e+01 -2.938926e+01 1.500000e+00
      vertex   4.213605e+01 -2.691753e+01 1.500000e+00
    endloop
  endfacet
  facet normal 8.511111e-01 -5.085152e-01 1.304688e-01
    outer loop
      vertex   4.209298e+01 -2.689002e+01 1.888229e+00
      vertex   4.213605e+01 -2.691753e+01 1.500000e+00
      vertex   4.362577e+01 -2.432455e+01 1.888229e+00
    endloop
  endfacet
  facet normal 8.511111e-01 -5.085152e-01 1.304688e-01
    outer loop
      vertex   4.362577e+01 -2.432455e+01 1.888229e+00
      vertex   4.213605e+01 -2.691753e+01 1.500000e+00
      vertex   4.367041e+01 -2.434944e+01 1.500000e+00
    endloop
  endfacet
  facet normal 8.799991e-01 -4.567051e-01 1.304688e-01
    outer loop
      vertex   4.362577e+01 -2.432455e+01 1.888229e+00
      vertex   4.367041e+01 -2.434944e+01 1.500000e+00
      vertex   4.500239e+01 -2.167201e+01 1.888229e+00
    endloop
  endfacet
  facet normal 8.799991e-01 -4.567051e-01 1.304688e-01
    outer loop
      vertex   4.500239e+01 -2.167201e+01 1.888229e+00
      vertex   4.367041e+01 -2.434944e+01 1.500000e+00
      vertex   4.504844e+01 -2.169419e+01 1.500000e+00
    endloop
  endfacet
  facet normal 9.057369e-01 -4.032600e-01 1.304688e-01
    outer loop
      vertex   4.500239e+01 -2.167201e+01 1.888229e+00
      vertex   4.504844e+01 -2.169419e+01 1.500000e+00
      vertex   4.621792e+01 -1.894189e+01 1.888229e+00
    endloop
  endfacet
  facet normal 9.057369e-01 -4.032600e-01 1.304688e-01
    outer loop
      vertex   4.621792e+01 -1.894189e+01 1.888229e+00
      vertex   4.504844e+01 -2.169419e+01 1.500000e+00
      vertex   4.626522e+01 -1.896127e+01 1.500000e+00
    endloop
  endfacet
  facet normal 9.282323e-01 -3.483714e-01 1.304688e-01
    outer loop
      vertex   4.621792e+01 -1.894189e+01 1.888229e+00
      vertex   4.626522e+01 -1.896127e+01 1.500000e+00
      vertex   4.726800e+01 -1.614396e+01 1.888229e+00
    endloop
  endfacet
  facet normal 9.282323e-01 -3.483714e-01 1.304688e-01
    outer loop
      vertex   4.726800e+01 -1.614396e+01 1.888229e+00
      vertex   4.626522e+01 -1.896127e+01 1.500000e+00
      vertex   4.731637e+01 -1.616048e+01 1.500000e+00
    endloop
  endfacet
  facet normal 9.474050e-01 -2.922357e-01 1.304688e-01
    outer loop
      vertex   4.726800e+01 -1.614396e+01 1.888229e+00
      vertex   4.731637e+01 -1.616048e+01 1.500000e+00
      vertex   4.814887e+01 -1.328824e+01 1.888229e+00
    endloop
  endfacet
  facet normal 9.474050e-01 -2.922357e-01 1.304688e-01
    outer loop
      vertex   4.814887e+01 -1.328824e+01 1.888229e+00
      vertex   4.731637e+01 -1.616048e+01 1.500000e+00
      vertex   4.819814e+01 -1.330184e+01 1.500000e+00
    endloop
  endfacet
  facet normal 9.631861e-01 -2.350539e-01 1.304688e-01
    outer loop
      vertex   4.814887e+01 -1.328824e+01 1.888229e+00
      vertex   4.819814e+01 -1.330184e+01 1.500000e+00
      vertex   4.885739e+01 -1.038496e+01 1.888229e+00
    endloop
  endfacet
  facet normal 9.631861e-01 -2.350539e-01 1.304688e-01
    outer loop
      vertex   4.885739e+01 -1.038496e+01 1.888229e+00
      vertex   4.819814e+01 -1.330184e+01 1.500000e+00
      vertex   4.890738e+01 -1.039558e+01 1.500000e+00
    endloop
  endfacet
  facet normal 9.755194e-01 -1.770307e-01 1.304688e-01
    outer loop
      vertex   4.885739e+01 -1.038496e+01 1.888229e+00
      vertex   4.890738e+01 -1.039558e+01 1.500000e+00
      vertex   4.939100e+01 -7.444496e+00 1.888229e+00
    endloop
  endfacet
  facet normal 9.755194e-01 -1.770307e-01 1.304688e-01
    outer loop
      vertex   4.939100e+01 -7.444496e+00 1.888229e+00
      vertex   4.890738e+01 -1.039558e+01 1.500000e+00
      vertex   4.944154e+01 -7.452113e+00 1.500000e+00
    endloop
  endfacet
  facet normal 9.843605e-01 -1.183737e-01 1.304688e-01
    outer loop
      vertex   4.939100e+01 -7.444496e+00 1.888229e+00
      vertex   4.944154e+01 -7.452113e+00 1.500000e+00
      vertex   4.974781e+01 -4.477384e+00 1.888229e+00
    endloop
  endfacet
  facet normal 9.843605e-01 -1.183737e-01 1.304688e-01
    outer loop
      vertex   4.974781e+01 -4.477384e+00 1.888229e+00
      vertex   4.944154e+01 -7.452113e+00 1.500000e+00
      vertex   4.979871e+01 -4.481965e+00 1.500000e+00
    endloop
  endfacet
  facet normal 9.896778e-01 -5.929297e-02 1.304688e-01
    outer loop
      vertex   4.974781e+01 -4.477384e+00 1.888229e+00
      vertex   4.979871e+01 -4.481965e+00 1.500000e+00
      vertex   4.992653e+01 -1.494244e+00 1.888229e+00
    endloop
  endfacet
  facet normal 9.896778e-01 -5.929297e-02 1.304688e-01
    outer loop
      vertex   4.992653e+01 -1.494244e+00 1.888229e+00
      vertex   4.979871e+01 -4.481965e+00 1.500000e+00
      vertex   4.997762e+01 -1.495773e+00 1.500000e+00
    endloop
  endfacet
  facet normal 9.914524e-01 -0.000000e+00 1.304688e-01
    outer loop
      vertex   4.992653e+01 -1.494244e+00 1.888229e+00
      vertex   4.997762e+01 -1.495773e+00 1.500000e+00
      vertex   4.992653e+01 1.494244e+00 1.888229e+00
    endloop
  endfacet
  facet normal 9.914524e-01 0.000000e+00 1.304688e-01
    outer loop
      vertex   4.992653e+01 1.494244e+00 1.888229e+00
      vertex   4.997762e+01 -1.495773e+00 1.500000e+00
      vertex   4.997762e+01 1.495773e+00 1.500000e+00
    endloop
  endfacet
  facet normal 9.896778e-01 5.929297e-02 1.304688e-01
    outer loop
      vertex   4.992653e+01 1.494244e+00 1.888229e+00
      vertex   4.997762e+01 1.495773e+00 1.500000e+00
      vertex   4.974781e+01 4.477384e+00 1.888229e+00
    endloop
  endfacet
  facet normal 9.896778e-01 5.929297e-02 1.304688e-01
    outer loop
      vertex   4.974781e+01 4.477384e+00 1.888229e+00
      vertex   4.997762e+01 1.495773e+00 1.500000e+00
      vertex   4.979871e+01 4.481965e+00 1.500000e+00
    endloop
  endfacet
  facet normal 9.843605e-01 1.183737e-01 1.304688e-01
    outer loop
      vertex   4.974781e+01 4.477384e+00 1.888229e+00
      vertex   4.979871e+01 4.481965e+00 1.500000e+00
      vertex   4.939100e+01 7.444496e+00 1.888229e+00
    endloop
  endfacet
  facet normal 9.843605e-01 1.183737e-01 1.304688e-01
    outer loop
      vertex   4.939100e+01 7.444496e+00 1.888229e+00
      vertex   4.979871e+01 4.481965e+00 1.500000e+00
      vertex   4.944154e+01 7.452113e+00 1.500000e+00
    endloop
  endfacet
  facet normal 9.755194e-01 1.770307e-01 1.304688e-01
    outer loop
      vertex   4.939100e+01 7.444496e+00 1.888229e+00
      vertex   4.944154e+01 7.452113e+00 1.500000e+00
      vertex   4.885739e+01 1.038496e+01 1.888229e+00
    endloop
  endfacet
  facet normal 9.755194e-01 1.770307e-01 1.304688e-01
    outer loop
      vertex   4.885739e+01 1.038496e+01 1.888229e+00
      vertex   4.944154e+01 7.452113e+00 1.500000e+00
      vertex   4.890738e+01 1.039558e+01 1.500000e+00
    endloop
  endfacet
  facet normal 9.631861e-01 2.350539e-01 1.304688e-01
    outer loop
      vertex   4.885739e+01 1.038496e+01 1.888229e+00
      vertex   4.890738e+01 1.039558e+01 1.500000e+00
      vertex   4.814887e+01 1.328824e+01 1.888229e+00
    endloop
  endfacet
  facet normal 9.631861e-01 2.350539e-01 1.304688e-01
    outer loop
      vertex   4.814887e+01 1.328824e+01 1.888229e+00
      vertex   4.890738e+01 1.039558e+01 1.500000e+00
      vertex   4.819814e+01 1.330184e+01 1.500000e+00
    endloop
  endfacet
  facet normal 9.474050e-01 2.922357e-01 1.304688e-01
    outer loop
      vertex   4.814887e+01 1.328824e+01 1.888229e+00
      vertex   4.819814e+01 1.330184e+01 1.500000e+00
      vertex   4.726800e+01 1.614396e+01 1.888229e+00
    endloop
  endfacet
  facet normal 9.474050e-01 2.922357e-01 1.304688e-01
    outer loop
      vertex   4.726800e+01 1.614396e+01 1.888229e+00
      vertex   4.819814e+01 1.330184e+01 1.500000e+00
      vertex   4.731637e+01 1.616048e+01 1.500000e+00
    endloop
  endfacet
  facet normal 9.282323e-01 3.483714e-01 1.304688e-01
    outer loop
      vertex   4.726800e+01 1.614396e+01 1.888229e+00
      vertex   4.731637e+01 1.616048e+01 1.500000e+00
      vertex   4.621792e+01 1.894189e+01 1.888229e+00
    endloop
  endfacet
  facet normal 9.282323e-01 3.483714e-01 1.304688e-01
    outer loop
      vertex   4.621792e+01 1.894189e+01 1.888229e+00
      vertex   4.731637e+01 1.616048e+01 1.500000e+00
      vertex   4.626522e+01 1.896127e+01 1.500000e+00
    endloop
  endfacet
  facet normal 9.057369e-01 4.032600e-01 1.304688e-01
    outer loop
      vertex   4.621792e+01 1.894189e+01 1.888229e+00
      vertex   4.626522e+01 1.896127e+01 1.500000e+00
      vertex   4.500239e+01 2.167201e+01 1.888229e+00
    endloop
  endfacet
  facet normal 9.057369e-01 4.032600e-01 1.304688e-01
    outer loop
      vertex   4.500239e+01 2.167201e+01 1.888229e+00
      vertex   4.626522e+01 1.896127e+01 1.500000e+00
      vertex   4.504844e+01 2.169419e+01 1.500000e+00
    endloop
  endfacet
  facet normal 8.799991e-01 4.567051e-01 1.304688e-01
    outer loop
      vertex   4.500239e+01 2.167201e+01 1.888229e+00
      vertex   4.504844e+01 2.169419e+01 1.500000e+00
      vertex   4.362577e+01 2.432455e+01 1.888229e+00
    endloop
  endfacet
  facet normal 8.799991e-01 4.567051e-01 1.304688e-01
    outer loop
      vertex   4.362577e+01 2.432455e+01 1.888229e+00
      vertex   4.504844e+01 2.169419e+01 1.500000e+00
      vertex   4.367041e+01 2.434944e+01 1.500000e+00
    endloop
  endfacet
  facet normal 8.511111e-01 5.085152e-01 1.304688e-01
    outer loop
      vertex   4.362577e+01 2.432455e+01 1.888229e+00
      vertex   4.367041e+01 2.434944e+01 1.500000e+00
      vertex   4.209298e+01 2.689002e+01 1.888229e+00
    endloop
  endfacet
  facet normal 8.511111e-01 5.085152e-01 1.304688e-01
    outer loop
      vertex   4.209298e+01 2.689002e+01 1.888229e+00
      vertex   4.367041e+01 2.434944e+01 1.500000e+00
      vertex   4.213605e+01 2.691753e+01 1.500000e+00
    endloop
  endfacet
  facet normal 8.191764e-01 5.585050e-01 1.304688e-01
    outer loop
      vertex   4.209298e+01 2.689002e+01 1.888229e+00
      vertex   4.213605e+01 2.691753e+01 1.500000e+00
      vertex   4.040950e+01 2.935922e+01 1.888229e+00
    endloop
  endfacet
  facet normal 8.191764e-01 5.585050e-01 1.304688e-01
    outer loop
      vertex   4.040950e+01 2.935922e+01 1.888229e+00
      vertex   4.213605e+01 2.691753e+01 1.500000e+00
      vertex   4.045085e+01 2.938926e+01 1.500000e+00
    endloop
  endfacet
  facet normal 7.843093e-01 6.064955e-01 1.304688e-01
    outer loop
      vertex   4.040950e+01 2.935922e+01 1.888229e+00
      vertex   4.045085e+01 2.938926e+01 1.500000e+00
      vertex   3.858137e+01 3.172333e+01 1.888229e+00
    endloop
  endfacet
  facet normal 7.843093e-01 6.064955e-01 1.304688e-01
    outer loop
      vertex   3.858137e+01 3.172333e+01 1.888229e+00
      vertex   4.045085e+01 2.938926e+01 1.500000e+00
      vertex   3.862085e+01 3.175579e+01 1.500000e+00
    endloop
  endfacet
  facet normal 7.466345e-01 6.523149e-01 1.304688e-01
    outer loop
      vertex   3.858137e+01 3.172333e+01 1.888229e+00
      vertex   3.862085e+01 3.175579e+01 1.500000e+00
      vertex   3.661513e+01 3.397387e+01 1.888229e+00
    endloop
  endfacet
  facet normal 7.466345e-01 6.523149e-01 1.304688e-01
    outer loop
      vertex   3.661513e+01 3.397387e+01 1.888229e+00
      vertex   3.862085e+01 3.175579e+01 1.500000e+00
      vertex   3.665259e+01 3.400864e+01 1.500000e+00
    endloop
  endfacet
  facet normal 7.062870e-01 6.957992e-01 1.304688e-01
    outer loop
      vertex   3.661513e+01 3.397387e+01 1.888229e+00
      vertex   3.665259e+01 3.400864e+01 1.500000e+00
      vertex   3.451781e+01 3.610280e+01 1.888229e+00
    endloop
  endfacet
  facet normal 7.062870e-01 6.957992e-01 1.304688e-01
    outer loop
      vertex   3.451781e+01 3.610280e+01 1.888229e+00
      vertex   3.665259e+01 3.400864e+01 1.500000e+00
      vertex   3.455313e+01 3.613974e+01 1.500000e+00
    endloop
  endfacet
  facet normal 6.634112e-01 7.367927e-01 1.304688e-01
    outer loop
      vertex   3.451781e+01 3.610280e+01 1.888229e+00
      vertex   3.455313e+01 3.613974e+01 1.500000e+00
      vertex   3.229693e+01 3.810249e+01 1.888229e+00
    endloop
  endfacet
  facet normal 6.634112e-01 7.367927e-01 1.304688e-01
    outer loop
      vertex   3.229693e+01 3.810249e+01 1.888229e+00
      vertex   3.455313e+01 3.613974e+01 1.500000e+00
      vertex   3.232998e+01 3.814148e+01 1.500000e+00
    endloop
  endfacet
  facet normal 6.181605e-01 7.751487e-01 1.304688e-01
    outer loop
      vertex   3.229693e+01 3.810249e+01 1.888229e+00
      vertex   3.232998e+01 3.814148e+01 1.500000e+00
      vertex   2.996044e+01 3.996578e+01 1.888229e+00
    endloop
  endfacet
  facet normal 6.181605e-01 7.751487e-01 1.304688e-01
    outer loop
      vertex   2.996044e+01 3.996578e+01 1.888229e+00
      vertex   3.232998e+01 3.814148e+01 1.500000e+00
      vertex   2.999109e+01 4.000668e+01 1.500000e+00
    endloop
  endfacet
  facet normal 5.706969e-01 8.107299e-01 1.304688e-01
    outer loop
      vertex   2.996044e+01 3.996578e+01 1.888229e+00
      vertex   2.999109e+01 4.000668e+01 1.500000e+00
      vertex   2.751669e+01 4.168601e+01 1.888229e+00
    endloop
  endfacet
  facet normal 5.706969e-01 8.107299e-01 1.304688e-01
    outer loop
      vertex   2.751669e+01 4.168601e+01 1.888229e+00
      vertex   2.999109e+01 4.000668e+01 1.500000e+00
      vertex   2.754485e+01 4.172866e+01 1.500000e+00
    endloop
  endfacet
  facet normal 5.211904e-01 8.434088e-01 1.304688e-01
    outer loop
      vertex   2.751669e+01 4.168601e+01 1.888229e+00
      vertex   2.754485e+01 4.172866e+01 1.500000e+00
      vertex   2.497444e+01 4.325701e+01 1.888229e+00
    endloop
  endfacet
  facet normal 5.211904e-01 8.434088e-01 1.304688e-01
    outer loop
      vertex   2.497444e+01 4.325701e+01 1.888229e+00
      vertex   2.754485e+01 4.172866e+01 1.500000e+00
      vertex   2.500000e+01 4.330127e+01 1.500000e+00
    endloop
  endfacet
  facet normal 4.698182e-01 8.730686e-01 1.304688e-01
    outer loop
      vertex   2.497444e+01 4.325701e+01 1.888229e+00
      vertex   2.500000e+01 4.330127e+01 1.500000e+00
      vertex   2.234279e+01 4.467316e+01 1.888229e+00
    endloop
  endfacet
  facet normal 4.698182e-01 8.730686e-01 1.304688e-01
    outer loop
      vertex   2.234279e+01 4.467316e+01 1.888229e+00
      vertex   2.500000e+01 4.330127e+01 1.500000e+00
      vertex   2.236566e+01 4.471887e+01 1.500000e+00
    endloop
  endfacet
  facet normal 4.167642e-01 8.996030e-01 1.304688e-01
    outer loop
      vertex   2.234279e+01 4.467316e+01 1.888229e+00
      vertex   2.236566e+01 4.471887e+01 1.500000e+00
      vertex   1.963116e+01 4.592939e+01 1.888229e+00
    endloop
  endfacet
  facet normal 4.167642e-01 8.996030e-01 1.304688e-01
    outer loop
      vertex   1.963116e+01 4.592939e+01 1.888229e+00
      vertex   2.236566e+01 4.471887e+01 1.500000e+00
      vertex   1.965125e+01 4.597639e+01 1.500000e+00
    endloop
  endfacet
  facet normal 3.622182e-01 9.229170e-01 1.304688e-01
    outer loop
      vertex   1.963116e+01 4.592939e+01 1.888229e+00
      vertex   1.965125e+01 4.597639e+01 1.500000e+00
      vertex   1.684926e+01 4.702121e+01 1.888229e+00
    endloop
  endfacet
  facet normal 3.622182e-01 9.229170e-01 1.304688e-01
    outer loop
      vertex   1.684926e+01 4.702121e+01 1.888229e+00
      vertex   1.965125e+01 4.597639e+01 1.500000e+00
      vertex   1.686650e+01 4.706932e+01 1.500000e+00
    endloop
  endfacet
  facet normal 3.063756e-01 9.429273e-01 1.304688e-01
    outer loop
      vertex   1.684926e+01 4.702121e+01 1.888229e+00
      vertex   1.686650e+01 4.706932e+01 1.500000e+00
      vertex   1.400704e+01 4.794470e+01 1.888229e+00
    endloop
  endfacet
  facet normal 3.063756e-01 9.429273e-01 1.304688e-01
    outer loop
      vertex   1.400704e+01 4.794470e+01 1.888229e+00
      vertex   1.686650e+01 4.706932e+01 1.500000e+00
      vertex   1.402137e+01 4.799376e+01 1.500000e+00
    endloop
  endfacet
  facet normal 2.494363e-01 9.595621e-01 1.304688e-01
    outer loop
      vertex   1.400704e+01 4.794470e+01 1.888229e+00
      vertex   1.402137e+01 4.799376e+01 1.500000e+00
      vertex   1.111467e+01 4.869657e+01 1.888229e+00
    endloop
  endfacet
  facet normal 2.494363e-01 9.595621e-01 1.304688e-01
    outer loop
      vertex   1.111467e+01 4.869657e+01 1.888229e+00
      vertex   1.402137e+01 4.799376e+01 1.500000e+00
      vertex   1.112605e+01 4.874640e+01 1.500000e+00
    endloop
  endfacet
  facet normal 1.916040e-01 9.727619e-01 1.304688e-01
    outer loop
      vertex   1.111467e+01 4.869657e+01 1.888229e+00
      vertex   1.112605e+01 4.874640e+01 1.500000e+00
      vertex   8.182523e+00 4.927411e+01 1.888229e+00
    endloop
  endfacet
  facet normal 1.916040e-01 9.727619e-01 1.304688e-01
    outer loop
      vertex   8.182523e+00 4.927411e+01 1.888229e+00
      vertex   1.112605e+01 4.874640e+01 1.500000e+00
      vertex   8.190896e+00 4.932453e+01 1.500000e+00
    endloop
  endfacet
  facet normal 1.330859e-01 9.824795e-01 1.304688e-01
    outer loop
      vertex   8.182523e+00 4.927411e+01 1.888229e+00
      vertex   8.190896e+00 4.932453e+01 1.500000e+00
      vertex   5.221081e+00 4.967526e+01 1.888229e+00
    endloop
  endfacet
  facet normal 1.330859e-01 9.824795e-01 1.304688e-01
    outer loop
      vertex   5.221081e+00 4.967526e+01 1.888229e+00
      vertex   8.190896e+00 4.932453e+01 1.500000e+00
      vertex   5.226423e+00 4.972609e+01 1.500000e+00
    endloop
  endfacet
  facet normal 7.409133e-02 9.886801e-01 1.304688e-01
    outer loop
      vertex   5.221081e+00 4.967526e+01 1.888229e+00
      vertex   5.226423e+00 4.972609e+01 1.500000e+00
      vertex   2.240948e+00 4.989859e+01 1.888229e+00
    endloop
  endfacet
  facet normal 7.409133e-02 9.886801e-01 1.304688e-01
    outer loop
      vertex   2.240948e+00 4.989859e+01 1.888229e+00
      vertex   5.226423e+00 4.972609e+01 1.500000e+00
      vertex   2.243242e+00 4.994965e+01 1.500000e+00
    endloop
  endfacet
  facet normal 1.483154e-02 9.913415e-01 1.304688e-01
    outer loop
      vertex   2.240948e+00 4.989859e+01 1.888229e+00
      vertex   2.243242e+00 4.994965e+01 1.500000e+00
      vertex   -7.472058e-01 4.994330e+01 1.888229e+00
    endloop
  endfacet
  facet normal 1.483154e-02 9.913415e-01 1.304688e-01
    outer loop
      vertex   -7.472058e-01 4.994330e+01 1.888229e+00
      vertex   2.243242e+00 4.994965e+01 1.500000e+00
      vertex   -7.479704e-01 4.999441e+01 1.500000e+00
    endloop
  endfacet
  facet normal -4.448134e-02 9.904541e-01 1.304688e-01
    outer loop
      vertex   -7.472058e-01 4.994330e+01 1.888229e+00
      vertex   -7.479704e-01 4.999441e+01 1.500000e+00
      vertex   -3.732685e+00 4.980922e+01 1.888229e+00
    endloop
  endfacet
  facet normal -4.448134e-02 9.904541e-01 1.304688e-01
    outer loop
      vertex   -3.732685e+00 4.980922e+01 1.888229e+00
      vertex   -7.479704e-01 4.999441e+01 1.500000e+00
      vertex   -3.736505e+00 4.986019e+01 1.500000e+00
    endloop
  endfacet
  facet normal -1.036350e-01 9.860211e-01 1.304688e-01
    outer loop
      vertex   -3.732685e+00 4.980922e+01 1.888229e+00
      vertex   -3.736505e+00 4.986019e+01 1.500000e+00
      vertex   -6.704802e+00 4.949684e+01 1.888229e+00
    endloop
  endfacet
  facet normal -1.036350e-01 9.860211e-01 1.304688e-01
    outer loop
      vertex   -6.704802e+00 4.949684e+01 1.888229e+00
      vertex   -3.736505e+00 4.986019e+01 1.500000e+00
      vertex   -6.711663e+00 4.954749e+01 1.500000e+00
    endloop
  endfacet
  facet normal -1.624177e-01 9.780585e-01 1.304688e-01
    outer loop
      vertex   -6.704802e+00 4.949684e+01 1.888229e+00
      vertex   -6.711663e+00 4.954749e+01 1.500000e+00
      vertex   -9.652918e+00 4.900727e+01 1.888229e+00
    endloop
  endfacet
  facet normal -1.624177e-01 9.780585e-01 1.304688e-01
    outer loop
      vertex   -9.652918e+00 4.900727e+01 1.888229e+00
      vertex   -6.711663e+00 4.954749e+01 1.500000e+00
      vertex   -9.662796e+00 4.905742e+01 1.500000e+00
    endloop
  endfacet
  facet normal -2.206189e-01 9.665946e-01 1.304688e-01
    outer loop
      vertex   -9.652918e+00 4.900727e+01 1.888229e+00
      vertex   -9.662796e+00 4.905742e+01 1.500000e+00
      vertex   -1.256648e+01 4.834227e+01 1.888229e+00
    endloop
  endfacet
  facet normal -2.206189e-01 9.665946e-01 1.304688e-01
    outer loop
      vertex   -1.256648e+01 4.834227e+01 1.888229e+00
      vertex   -9.662796e+00 4.905742e+01 1.500000e+00
      vertex   -1.257934e+01 4.839174e+01 1.500000e+00
    endloop
  endfacet
  facet normal -2.780304e-01 9.516706e-01 1.304688e-01
    outer loop
      vertex   -1.256648e+01 4.834227e+01 1.888229e+00
      vertex   -1.257934e+01 4.839174e+01 1.500000e+00
      vertex   -1.543506e+01 4.750422e+01 1.888229e+00
    endloop
  endfacet
  facet normal -2.780304e-01 9.516706e-01 1.304688e-01
    outer loop
      vertex   -1.543506e+01 4.750422e+01 1.888229e+00
      vertex   -1.257934e+01 4.839174e+01 1.500000e+00
      vertex   -1.545085e+01 4.755283e+01 1.500000e+00
    endloop
  endfacet
  facet normal -3.344466e-01 9.333399e-01 1.304688e-01
    outer loop
      vertex   -1.543506e+01 4.750422e+01 1.888229e+00
      vertex   -1.545085e+01 4.755283e+01 1.500000e+00
      vertex   -1.824838e+01 4.649611e+01 1.888229e+00
    endloop
  endfacet
  facet normal -3.344466e-01 9.333399e-01 1.304688e-01
    outer loop
      vertex   -1.824838e+01 4.649611e+01 1.888229e+00
      vertex   -1.545085e+01 4.755283e+01 1.500000e+00
      vertex   -1.826705e+01 4.654369e+01 1.500000e+00
    endloop
  endfacet
  facet normal -3.896656e-01 9.116680e-01 1.304688e-01
    outer loop
      vertex   -1.824838e+01 4.649611e+01 1.888229e+00
      vertex   -1.826705e+01 4.654369e+01 1.500000e+00
      vertex   -2.099638e+01 4.532156e+01 1.888229e+00
    endloop
  endfacet
  facet normal -3.896656e-01 9.116680e-01 1.304688e-01
    outer loop
      vertex   -2.099638e+01 4.532156e+01 1.888229e+00
      vertex   -1.826705e+01 4.654369e+01 1.500000e+00
      vertex   -2.101786e+01 4.536793e+01 1.500000e+00
    endloop
  endfacet
  facet normal -4.434897e-01 8.867326e-01 1.304688e-01
    outer loop
      vertex   -2.099638e+01 4.532156e+01 1.888229e+00
      vertex   -2.101786e+01 4.536793e+01 1.500000e+00
      vertex   -2.366921e+01 4.398477e+01 1.888229e+00
    endloop
  endfacet
  facet normal -4.434897e-01 8.867326e-01 1.304688e-01
    outer loop
      vertex   -2.366921e+01 4.398477e+01 1.888229e+00
      vertex   -2.101786e+01 4.536793e+01 1.500000e+00
      vertex   -2.369343e+01 4.402978e+01 1.500000e+00
    endloop
  endfacet
  facet normal -4.957262e-01 8.586230e-01 1.304688e-01
    outer loop
      vertex   -2.366921e+01 4.398477e+01 1.888229e+00
      vertex   -2.369343e+01 4.402978e+01 1.500000e+00
      vertex   -2.625732e+01 4.249052e+01 1.888229e+00
    endloop
  endfacet
  facet normal -4.957262e-01 8.586230e-01 1.304688e-01
    outer loop
      vertex   -2.625732e+01 4.249052e+01 1.888229e+00
      vertex   -2.369343e+01 4.402978e+01 1.500000e+00
      vertex   -2.628419e+01 4.253400e+01 1.500000e+00
    endloop
  endfacet
  facet normal -5.461881e-01 8.274397e-01 1.304688e-01
    outer loop
      vertex   -2.625732e+01 4.249052e+01 1.888229e+00
      vertex   -2.628419e+01 4.253400e+01 1.500000e+00
      vertex   -2.875143e+01 4.084417e+01 1.888229e+00
    endloop
  endfacet
  facet normal -5.461881e-01 8.274397e-01 1.304688e-01
    outer loop
      vertex   -2.875143e+01 4.084417e+01 1.888229e+00
      vertex   -2.628419e+01 4.253400e+01 1.500000e+00
      vertex   -2.878085e+01 4.088597e+01 1.500000e+00
    endloop
  endfacet
  facet normal -5.946949e-01 7.932943e-01 1.304688e-01
    outer loop
      vertex   -2.875143e+01 4.084417e+01 1.888229e+00
      vertex   -2.878085e+01 4.088597e+01 1.500000e+00
      vertex   -3.114262e+01 3.905161e+01 1.888229e+00
    endloop
  endfacet
  facet normal -5.946949e-01 7.932943e-01 1.304688e-01
    outer loop
      vertex   -3.114262e+01 3.905161e+01 1.888229e+00
      vertex   -2.878085e+01 4.088597e+01 1.500000e+00
      vertex   -3.117449e+01 3.909157e+01 1.500000e+00
    endloop
  endfacet
  facet normal -6.410727e-01 7.563092e-01 1.304688e-01
    outer loop
      vertex   -3.114262e+01 3.905161e+01 1.888229e+00
      vertex   -3.117449e+01 3.909157e+01 1.500000e+00
      vertex   -3.342233e+01 3.711926e+01 1.888229e+00
    endloop
  endfacet
  facet normal -6.410727e-01 7.563092e-01 1.304688e-01
    outer loop
      vertex   -3.342233e+01 3.711926e+01 1.888229e+00
      vertex   -3.117449e+01 3.909157e+01 1.500000e+00
      vertex   -3.345653e+01 3.715724e+01 1.500000e+00
    endloop
  endfacet
  facet normal -6.851557e-01 7.166167e-01 1.304688e-01
    outer loop
      vertex   -3.342233e+01 3.711926e+01 1.888229e+00
      vertex   -3.345653e+01 3.715724e+01 1.500000e+00
      vertex   -3.558239e+01 3.505403e+01 1.888229e+00
    endloop
  endfacet
  facet normal -6.851557e-01 7.166167e-01 1.304688e-01
    outer loop
      vertex   -3.558239e+01 3.505403e+01 1.888229e+00
      vertex   -3.345653e+01 3.715724e+01 1.500000e+00
      vertex   -3.561880e+01 3.508990e+01 1.500000e+00
    endloop
  endfacet
  facet normal -7.267861e-01 6.743589e-01 1.304688e-01
    outer loop
      vertex   -3.558239e+01 3.505403e+01 1.888229e+00
      vertex   -3.561880e+01 3.508990e+01 1.500000e+00
      vertex   -3.761508e+01 3.286331e+01 1.888229e+00
    endloop
  endfacet
  facet normal -7.267861e-01 6.743589e-01 1.304688e-01
    outer loop
      vertex   -3.761508e+01 3.286331e+01 1.888229e+00
      vertex   -3.561880e+01 3.508990e+01 1.500000e+00
      vertex   -3.765357e+01 3.289694e+01 1.500000e+00
    endloop
  endfacet
  facet normal -7.658147e-01 6.296871e-01 1.304688e-01
    outer loop
      vertex   -3.761508e+01 3.286331e+01 1.888229e+00
      vertex   -3.765357e+01 3.289694e+01 1.500000e+00
      vertex   -3.951312e+01 3.055495e+01 1.888229e+00
    endloop
  endfacet
  facet normal -7.658147e-01 6.296871e-01 1.304688e-01
    outer loop
      vertex   -3.951312e+01 3.055495e+01 1.888229e+00
      vertex   -3.765357e+01 3.289694e+01 1.500000e+00
      vertex   -3.955355e+01 3.058621e+01 1.500000e+00
    endloop
  endfacet
  facet normal -8.021019e-01 5.827611e-01 1.304688e-01
    outer loop
      vertex   -3.951312e+01 3.055495e+01 1.888229e+00
      vertex   -3.955355e+01 3.058621e+01 1.500000e+00
      vertex   -4.126971e+01 2.813721e+01 1.888229e+00
    endloop
  endfacet
  facet normal -8.021019e-01 5.827611e-01 1.304688e-01
    outer loop
      vertex   -4.126971e+01 2.813721e+01 1.888229e+00
      vertex   -3.955355e+01 3.058621e+01 1.500000e+00
      vertex   -4.131194e+01 2.816600e+01 1.500000e+00
    endloop
  endfacet
  facet normal -8.355177e-01 5.337490e-01 1.304688e-01
    outer loop
      vertex   -4.126971e+01 2.813721e+01 1.888229e+00
      vertex   -4.131194e+01 2.816600e+01 1.500000e+00
      vertex   -4.287856e+01 2.561875e+01 1.888229e+00
    endloop
  endfacet
  facet normal -8.355177e-01 5.337490e-01 1.304688e-01
    outer loop
      vertex   -4.287856e+01 2.561875e+01 1.888229e+00
      vertex   -4.131194e+01 2.816600e+01 1.500000e+00
      vertex   -4.292244e+01 2.564496e+01 1.500000e+00
    endloop
  endfacet
  facet normal -8.659427e-01 4.828262e-01 1.304688e-01
    outer loop
      vertex   -4.287856e+01 2.561875e+01 1.888229e+00
      vertex   -4.292244e+01 2.564496e+01 1.500000e+00
      vertex   -4.433392e+01 2.300858e+01 1.888229e+00
    endloop
  endfacet
  facet normal -8.659427e-01 4.828262e-01 1.304688e-01
    outer loop
      vertex   -4.433392e+01 2.300858e+01 1.888229e+00
      vertex   -4.292244e+01 2.564496e+01 1.500000e+00
      vertex   -4.437929e+01 2.303212e+01 1.500000e+00
    endloop
  endfacet
  facet normal -8.932678e-01 4.301751e-01 1.304688e-01
    outer loop
      vertex   -4.433392e+01 2.300858e+01 1.888229e+00
      vertex   -4.437929e+01 2.303212e+01 1.500000e+00
      vertex   -4.563058e+01 2.031604e+01 1.888229e+00
    endloop
  endfacet
  facet normal -8.932678e-01 4.301751e-01 1.304688e-01
    outer loop
      vertex   -4.563058e+01 2.031604e+01 1.888229e+00
      vertex   -4.437929e+01 2.303212e+01 1.500000e+00
      vertex   -4.567727e+01 2.033683e+01 1.500000e+00
    endloop
  endfacet
  facet normal -9.173952e-01 3.759840e-01 1.304688e-01
    outer loop
      vertex   -4.563058e+01 2.031604e+01 1.888229e+00
      vertex   -4.567727e+01 2.033683e+01 1.500000e+00
      vertex   -4.676389e+01 1.755078e+01 1.888229e+00
    endloop
  endfacet
  facet normal -9.173952e-01 3.759840e-01 1.304688e-01
    outer loop
      vertex   -4.676389e+01 1.755078e+01 1.888229e+00
      vertex   -4.567727e+01 2.033683e+01 1.500000e+00
      vertex   -4.681174e+01 1.756874e+01 1.500000e+00
    endloop
  endfacet
  facet normal -9.382386e-01 3.204470e-01 1.304688e-01
    outer loop
      vertex   -4.676389e+01 1.755078e+01 1.888229e+00
      vertex   -4.681174e+01 1.756874e+01 1.500000e+00
      vertex   -4.772980e+01 1.472269e+01 1.888229e+00
    endloop
  endfacet
  facet normal -9.382386e-01 3.204470e-01 1.304688e-01
    outer loop
      vertex   -4.772980e+01 1.472269e+01 1.888229e+00
      vertex   -4.681174e+01 1.756874e+01 1.500000e+00
      vertex   -4.777864e+01 1.473776e+01 1.500000e+00
    endloop
  endfacet
  facet normal -9.557233e-01 2.637629e-01 1.304688e-01
    outer loop
      vertex   -4.772980e+01 1.472269e+01 1.888229e+00
      vertex   -4.777864e+01 1.473776e+01 1.500000e+00
      vertex   -4.852485e+01 1.184190e+01 1.888229e+00
    endloop
  endfacet
  facet normal -9.557233e-01 2.637629e-01 1.304688e-01
    outer loop
      vertex   -4.852485e+01 1.184190e+01 1.888229e+00
      vertex   -4.777864e+01 1.473776e+01 1.500000e+00
      vertex   -4.857450e+01 1.185402e+01 1.500000e+00
    endloop
  endfacet
  facet normal -9.697868e-01 2.061345e-01 1.304688e-01
    outer loop
      vertex   -4.852485e+01 1.184190e+01 1.888229e+00
      vertex   -4.857450e+01 1.185402e+01 1.500000e+00
      vertex   -4.914619e+01 8.918718e+00 1.888229e+00
    endloop
  endfacet
  facet normal -9.697868e-01 2.061345e-01 1.304688e-01
    outer loop
      vertex   -4.914619e+01 8.918718e+00 1.888229e+00
      vertex   -4.857450e+01 1.185402e+01 1.500000e+00
      vertex   -4.919648e+01 8.927845e+00 1.500000e+00
    endloop
  endfacet
  facet normal -9.803787e-01 1.477683e-01 1.304688e-01
    outer loop
      vertex   -4.914619e+01 8.918718e+00 1.888229e+00
      vertex   -4.919648e+01 8.927845e+00 1.500000e+00
      vertex   -4.959160e+01 5.963609e+00 1.888229e+00
    endloop
  endfacet
  facet normal -9.803787e-01 1.477683e-01 1.304688e-01
    outer loop
      vertex   -4.959160e+01 5.963609e+00 1.888229e+00
      vertex   -4.919648e+01 8.927845e+00 1.500000e+00
      vertex   -4.964235e+01 5.969711e+00 1.500000e+00
    endloop
  endfacet
  facet normal -9.136204e-01 -1.377061e-01 3.825372e-01
    outer loop
      vertex   -4.944282e+01 -5.945718e+00 2.250000e+00
      vertex   -4.959160e+01 -5.963609e+00 1.888229e+00
      vertex   -4.899875e+01 -8.891962e+00 2.250000e+00
    endloop
  endfacet
  facet normal -9.136204e-01 -1.377061e-01 3.825372e-01
    outer loop
      vertex   -4.899875e+01 -8.891962e+00 2.250000e+00
      vertex   -4.959160e+01 -5.963609e+00 1.888229e+00
      vertex   -4.914619e+01 -8.918718e+00 1.888229e+00
    endloop
  endfacet
  facet normal -9.037498e-01 -1.920979e-01 3.825372e-01
    outer loop
      vertex   -4.899875e+01 -8.891962e+00 2.250000e+00
      vertex   -4.914619e+01 -8.918718e+00 1.888229e+00
      vertex   -4.837927e+01 -1.180637e+01 2.250000e+00
    endloop
  endfacet
  facet normal -9.037498e-01 -1.920979e-01 3.825372e-01
    outer loop
      vertex   -4.837927e+01 -1.180637e+01 2.250000e+00
      vertex   -4.914619e+01 -8.918718e+00 1.888229e+00
      vertex   -4.852485e+01 -1.184190e+01 1.888229e+00
    endloop
  endfacet
  facet normal -8.906439e-01 -2.458021e-01 3.825372e-01
    outer loop
      vertex   -4.837927e+01 -1.180637e+01 2.250000e+00
      vertex   -4.852485e+01 -1.184190e+01 1.888229e+00
      vertex   -4.758661e+01 -1.467852e+01 2.250000e+00
    endloop
  endfacet
  facet normal -8.906439e-01 -2.458021e-01 3.825372e-01
    outer loop
      vertex   -4.758661e+01 -1.467852e+01 2.250000e+00
      vertex   -4.852485e+01 -1.184190e+01 1.888229e+00
      vertex   -4.772980e+01 -1.472269e+01 1.888229e+00
    endloop
  endfacet
  facet normal -8.743498e-01 -2.986264e-01 3.825372e-01
    outer loop
      vertex   -4.758661e+01 -1.467852e+01 2.250000e+00
      vertex   -4.772980e+01 -1.472269e+01 1.888229e+00
      vertex   -4.662360e+01 -1.749813e+01 2.250000e+00
    endloop
  endfacet
  facet normal -8.743498e-01 -2.986264e-01 3.825372e-01
    outer loop
      vertex   -4.662360e+01 -1.749813e+01 2.250000e+00
      vertex   -4.772980e+01 -1.472269e+01 1.888229e+00
      vertex   -4.676389e+01 -1.755078e+01 1.888229e+00
    endloop
  endfacet
  facet normal -8.549257e-01 -3.503816e-01 3.825372e-01
    outer loop
      vertex   -4.662360e+01 -1.749813e+01 2.250000e+00
      vertex   -4.676389e+01 -1.755078e+01 1.888229e+00
      vertex   -4.549369e+01 -2.025509e+01 2.250000e+00
    endloop
  endfacet
  facet normal -8.549257e-01 -3.503816e-01 3.825372e-01
    outer loop
      vertex   -4.549369e+01 -2.025509e+01 2.250000e+00
      vertex   -4.676389e+01 -1.755078e+01 1.888229e+00
      vertex   -4.563058e+01 -2.031604e+01 1.888229e+00
    endloop
  endfacet
  facet normal -8.324412e-01 -4.008826e-01 3.825372e-01
    outer loop
      vertex   -4.549369e+01 -2.025509e+01 2.250000e+00
      vertex   -4.563058e+01 -2.031604e+01 1.888229e+00
      vertex   -4.420092e+01 -2.293955e+01 2.250000e+00
    endloop
  endfacet
  facet normal -8.324412e-01 -4.008826e-01 3.825372e-01
    outer loop
      vertex   -4.420092e+01 -2.293955e+01 2.250000e+00
      vertex   -4.563058e+01 -2.031604e+01 1.888229e+00
      vertex   -4.433392e+01 -2.300858e+01 1.888229e+00
    endloop
  endfacet
  facet normal -8.069768e-01 -4.499485e-01 3.825372e-01
    outer loop
      vertex   -4.420092e+01 -2.293955e+01 2.250000e+00
      vertex   -4.433392e+01 -2.300858e+01 1.888229e+00
      vertex   -4.274992e+01 -2.554189e+01 2.250000e+00
    endloop
  endfacet
  facet normal -8.069768e-01 -4.499485e-01 3.825372e-01
    outer loop
      vertex   -4.274992e+01 -2.554189e+01 2.250000e+00
      vertex   -4.433392e+01 -2.300858e+01 1.888229e+00
      vertex   -4.287856e+01 -2.561875e+01 1.888229e+00
    endloop
  endfacet
  facet normal -7.786237e-01 -4.974037e-01 3.825372e-01
    outer loop
      vertex   -4.274992e+01 -2.554189e+01 2.250000e+00
      vertex   -4.287856e+01 -2.561875e+01 1.888229e+00
      vertex   -4.114590e+01 -2.805280e+01 2.250000e+00
    endloop
  endfacet
  facet normal -7.786237e-01 -4.974037e-01 3.825372e-01
    outer loop
      vertex   -4.114590e+01 -2.805280e+01 2.250000e+00
      vertex   -4.287856e+01 -2.561875e+01 1.888229e+00
      vertex   -4.126971e+01 -2.813721e+01 1.888229e+00
    endloop
  endfacet
  facet normal -7.474832e-01 -5.430784e-01 3.825372e-01
    outer loop
      vertex   -4.114590e+01 -2.805280e+01 2.250000e+00
      vertex   -4.126971e+01 -2.813721e+01 1.888229e+00
      vertex   -3.939458e+01 -3.046328e+01 2.250000e+00
    endloop
  endfacet
  facet normal -7.474832e-01 -5.430784e-01 3.825372e-01
    outer loop
      vertex   -3.939458e+01 -3.046328e+01 2.250000e+00
      vertex   -4.126971e+01 -2.813721e+01 1.888229e+00
      vertex   -3.951312e+01 -3.055495e+01 1.888229e+00
    endloop
  endfacet
  facet normal -7.136670e-01 -5.868089e-01 3.825372e-01
    outer loop
      vertex   -3.939458e+01 -3.046328e+01 2.250000e+00
      vertex   -3.951312e+01 -3.055495e+01 1.888229e+00
      vertex   -3.750223e+01 -3.276472e+01 2.250000e+00
    endloop
  endfacet
  facet normal -7.136670e-01 -5.868089e-01 3.825372e-01
    outer loop
      vertex   -3.750223e+01 -3.276472e+01 2.250000e+00
      vertex   -3.951312e+01 -3.055495e+01 1.888229e+00
      vertex   -3.761508e+01 -3.286331e+01 1.888229e+00
    endloop
  endfacet
  facet normal -6.772960e-01 -6.284389e-01 3.825372e-01
    outer loop
      vertex   -3.750223e+01 -3.276472e+01 2.250000e+00
      vertex   -3.761508e+01 -3.286331e+01 1.888229e+00
      vertex   -3.547564e+01 -3.494886e+01 2.250000e+00
    endloop
  endfacet
  facet normal -6.772960e-01 -6.284389e-01 3.825372e-01
    outer loop
      vertex   -3.547564e+01 -3.494886e+01 2.250000e+00
      vertex   -3.761508e+01 -3.286331e+01 1.888229e+00
      vertex   -3.558239e+01 -3.505403e+01 1.888229e+00
    endloop
  endfacet
  facet normal -6.385005e-01 -6.678191e-01 3.825372e-01
    outer loop
      vertex   -3.547564e+01 -3.494886e+01 2.250000e+00
      vertex   -3.558239e+01 -3.505403e+01 1.888229e+00
      vertex   -3.332206e+01 -3.700790e+01 2.250000e+00
    endloop
  endfacet
  facet normal -6.385005e-01 -6.678191e-01 3.825372e-01
    outer loop
      vertex   -3.332206e+01 -3.700790e+01 2.250000e+00
      vertex   -3.558239e+01 -3.505403e+01 1.888229e+00
      vertex   -3.342233e+01 -3.711926e+01 1.888229e+00
    endloop
  endfacet
  facet normal -5.974193e-01 -7.048088e-01 3.825372e-01
    outer loop
      vertex   -3.332206e+01 -3.700790e+01 2.250000e+00
      vertex   -3.342233e+01 -3.711926e+01 1.888229e+00
      vertex   -3.104919e+01 -3.893446e+01 2.250000e+00
    endloop
  endfacet
  facet normal -5.974193e-01 -7.048088e-01 3.825372e-01
    outer loop
      vertex   -3.104919e+01 -3.893446e+01 2.250000e+00
      vertex   -3.342233e+01 -3.711926e+01 1.888229e+00
      vertex   -3.114262e+01 -3.905161e+01 1.888229e+00
    endloop
  endfacet
  facet normal -5.541995e-01 -7.392755e-01 3.825372e-01
    outer loop
      vertex   -3.104919e+01 -3.893446e+01 2.250000e+00
      vertex   -3.114262e+01 -3.905161e+01 1.888229e+00
      vertex   -2.866518e+01 -4.072164e+01 2.250000e+00
    endloop
  endfacet
  facet normal -5.541995e-01 -7.392755e-01 3.825372e-01
    outer loop
      vertex   -2.866518e+01 -4.072164e+01 2.250000e+00
      vertex   -3.114262e+01 -3.905161e+01 1.888229e+00
      vertex   -2.875143e+01 -4.084417e+01 1.888229e+00
    endloop
  endfacet
  facet normal -5.089958e-01 -7.710957e-01 3.825372e-01
    outer loop
      vertex   -2.866518e+01 -4.072164e+01 2.250000e+00
      vertex   -2.875143e+01 -4.084417e+01 1.888229e+00
      vertex   -2.617855e+01 -4.236305e+01 2.250000e+00
    endloop
  endfacet
  facet normal -5.089958e-01 -7.710957e-01 3.825372e-01
    outer loop
      vertex   -2.617855e+01 -4.236305e+01 2.250000e+00
      vertex   -2.875143e+01 -4.084417e+01 1.888229e+00
      vertex   -2.625732e+01 -4.249052e+01 1.888229e+00
    endloop
  endfacet
  facet normal -4.619700e-01 -8.001556e-01 3.825372e-01
    outer loop
      vertex   -2.617855e+01 -4.236305e+01 2.250000e+00
      vertex   -2.625732e+01 -4.249052e+01 1.888229e+00
      vertex   -2.359820e+01 -4.385281e+01 2.250000e+00
    endloop
  endfacet
  facet normal -4.619700e-01 -8.001556e-01 3.825372e-01
    outer loop
      vertex   -2.359820e+01 -4.385281e+01 2.250000e+00
      vertex   -2.625732e+01 -4.249052e+01 1.888229e+00
      vertex   -2.366921e+01 -4.398477e+01 1.888229e+00
    endloop
  endfacet
  facet normal -4.132905e-01 -8.263511e-01 3.825372e-01
    outer loop
      vertex   -2.359820e+01 -4.385281e+01 2.250000e+00
      vertex   -2.366921e+01 -4.398477e+01 1.888229e+00
      vertex   -2.093339e+01 -4.518559e+01 2.250000e+00
    endloop
  endfacet
  facet normal -4.132905e-01 -8.263511e-01 3.825372e-01
    outer loop
      vertex   -2.093339e+01 -4.518559e+01 2.250000e+00
      vertex   -2.366921e+01 -4.398477e+01 1.888229e+00
      vertex   -2.099638e+01 -4.532156e+01 1.888229e+00
    endloop
  endfacet
  facet normal -3.631316e-01 -8.495886e-01 3.825372e-01
    outer loop
      vertex   -2.093339e+01 -4.518559e+01 2.250000e+00
      vertex   -2.099638e+01 -4.532156e+01 1.888229e+00
      vertex   -1.819363e+01 -4.635662e+01 2.250000e+00
    endloop
  endfacet
  facet normal -3.631316e-01 -8.495886e-01 3.825372e-01
    outer loop
      vertex   -1.819363e+01 -4.635662e+01 2.250000e+00
      vertex   -2.099638e+01 -4.532156e+01 1.888229e+00
      vertex   -1.824838e+01 -4.649611e+01 1.888229e+00
    endloop
  endfacet
  facet normal -3.116727e-01 -8.697847e-01 3.825372e-01
    outer loop
      vertex   -1.819363e+01 -4.635662e+01 2.250000e+00
      vertex   -1.824838e+01 -4.649611e+01 1.888229e+00
      vertex   -1.538875e+01 -4.736170e+01 2.250000e+00
    endloop
  endfacet
  facet normal -3.116727e-01 -8.697847e-01 3.825372e-01
    outer loop
      vertex   -1.538875e+01 -4.736170e+01 2.250000e+00
      vertex   -1.824838e+01 -4.649611e+01 1.888229e+00
      vertex   -1.543506e+01 -4.750422e+01 1.888229e+00
    endloop
  endfacet
  facet normal -2.590981e-01 -8.868672e-01 3.825372e-01
    outer loop
      vertex   -1.538875e+01 -4.736170e+01 2.250000e+00
      vertex   -1.543506e+01 -4.750422e+01 1.888229e+00
      vertex   -1.252878e+01 -4.819724e+01 2.250000e+00
    endloop
  endfacet
  facet normal -2.590981e-01 -8.868672e-01 3.825372e-01
    outer loop
      vertex   -1.252878e+01 -4.819724e+01 2.250000e+00
      vertex   -1.543506e+01 -4.750422e+01 1.888229e+00
      vertex   -1.256648e+01 -4.834227e+01 1.888229e+00
    endloop
  endfacet
  facet normal -2.055960e-01 -9.007750e-01 3.825372e-01
    outer loop
      vertex   -1.252878e+01 -4.819724e+01 2.250000e+00
      vertex   -1.256648e+01 -4.834227e+01 1.888229e+00
      vertex   -9.623959e+00 -4.886025e+01 2.250000e+00
    endloop
  endfacet
  facet normal -2.055960e-01 -9.007750e-01 3.825372e-01
    outer loop
      vertex   -9.623959e+00 -4.886025e+01 2.250000e+00
      vertex   -1.256648e+01 -4.834227e+01 1.888229e+00
      vertex   -9.652918e+00 -4.900727e+01 1.888229e+00
    endloop
  endfacet
  facet normal -1.513579e-01 -9.114582e-01 3.825372e-01
    outer loop
      vertex   -9.623959e+00 -4.886025e+01 2.250000e+00
      vertex   -9.652918e+00 -4.900727e+01 1.888229e+00
      vertex   -6.684688e+00 -4.934834e+01 2.250000e+00
    endloop
  endfacet
  facet normal -1.513579e-01 -9.114582e-01 3.825372e-01
    outer loop
      vertex   -6.684688e+00 -4.934834e+01 2.250000e+00
      vertex   -9.652918e+00 -4.900727e+01 1.888229e+00
      vertex   -6.704802e+00 -4.949684e+01 1.888229e+00
    endloop
  endfacet
  facet normal -9.657804e-02 -9.188786e-01 3.825372e-01
    outer loop
      vertex   -6.684688e+00 -4.934834e+01 2.250000e+00
      vertex   -6.704802e+00 -4.949684e+01 1.888229e+00
      vertex   -3.721487e+00 -4.965979e+01 2.250000e+00
    endloop
  endfacet
  facet normal -9.657804e-02 -9.188786e-01 3.825372e-01
    outer loop
      vertex   -3.721487e+00 -4.965979e+01 2.250000e+00
      vertex   -6.704802e+00 -4.949684e+01 1.888229e+00
      vertex   -3.732685e+00 -4.980922e+01 1.888229e+00
    endloop
  endfacet
  facet normal -4.145241e-02 -9.230097e-01 3.825372e-01
    outer loop
      vertex   -3.721487e+00 -4.965979e+01 2.250000e+00
      vertex   -3.732685e+00 -4.980922e+01 1.888229e+00
      vertex   -7.449641e-01 -4.979347e+01 2.250000e+00
    endloop
  endfacet
  facet normal -4.145241e-02 -9.230097e-01 3.825372e-01
    outer loop
      vertex   -7.449641e-01 -4.979347e+01 2.250000e+00
      vertex   -3.732685e+00 -4.980922e+01 1.888229e+00
      vertex   -7.472058e-01 -4.994330e+01 1.888229e+00
    endloop
  endfacet
  facet normal 1.382160e-02 -9.238367e-01 3.825372e-01
    outer loop
      vertex   -7.449641e-01 -4.979347e+01 2.250000e+00
      vertex   -7.472058e-01 -4.994330e+01 1.888229e+00
      vertex   2.234225e+00 -4.974889e+01 2.250000e+00
    endloop
  endfacet
  facet normal 1.382160e-02 -9.238367e-01 3.825372e-01
    outer loop
      vertex   2.234225e+00 -4.974889e+01 2.250000e+00
      vertex   -7.472058e-01 -4.994330e+01 1.888229e+00
      vertex   2.240948e+00 -4.989859e+01 1.888229e+00
    endloop
  endfacet
  facet normal 6.904613e-02 -9.213566e-01 3.825372e-01
    outer loop
      vertex   2.234225e+00 -4.974889e+01 2.250000e+00
      vertex   2.240948e+00 -4.989859e+01 1.888229e+00
      vertex   5.205417e+00 -4.952623e+01 2.250000e+00
    endloop
  endfacet
  facet normal 6.904613e-02 -9.213566e-01 3.825372e-01
    outer loop
      vertex   5.205417e+00 -4.952623e+01 2.250000e+00
      vertex   2.240948e+00 -4.989859e+01 1.888229e+00
      vertex   5.221081e+00 -4.967526e+01 1.888229e+00
    endloop
  endfacet
  facet normal 1.240235e-01 -9.155782e-01 3.825372e-01
    outer loop
      vertex   5.205417e+00 -4.952623e+01 2.250000e+00
      vertex   5.221081e+00 -4.967526e+01 1.888229e+00
      vertex   8.157974e+00 -4.912628e+01 2.250000e+00
    endloop
  endfacet
  facet normal 1.240235e-01 -9.155782e-01 3.825372e-01
    outer loop
      vertex   8.157974e+00 -4.912628e+01 2.250000e+00
      vertex   5.221081e+00 -4.967526e+01 1.888229e+00
      vertex   8.182523e+00 -4.927411e+01 1.888229e+00
    endloop
  endfacet
  facet normal 1.785569e-01 -9.065223e-01 3.825372e-01
    outer loop
      vertex   8.157974e+00 -4.912628e+01 2.250000e+00
      vertex   8.182523e+00 -4.927411e+01 1.888229e+00
      vertex   1.108133e+01 -4.855047e+01 2.250000e+00
    endloop
  endfacet
  facet normal 1.785569e-01 -9.065223e-01 3.825372e-01
    outer loop
      vertex   1.108133e+01 -4.855047e+01 2.250000e+00
      vertex   8.182523e+00 -4.927411e+01 1.888229e+00
      vertex   1.111467e+01 -4.869657e+01 1.888229e+00
    endloop
  endfacet
  facet normal 2.324511e-01 -8.942213e-01 3.825372e-01
    outer loop
      vertex   1.108133e+01 -4.855047e+01 2.250000e+00
      vertex   1.111467e+01 -4.869657e+01 1.888229e+00
      vertex   1.396501e+01 -4.780086e+01 2.250000e+00
    endloop
  endfacet
  facet normal 2.324511e-01 -8.942213e-01 3.825372e-01
    outer loop
      vertex   1.396501e+01 -4.780086e+01 2.250000e+00
      vertex   1.111467e+01 -4.869657e+01 1.888229e+00
      vertex   1.400704e+01 -4.794470e+01 1.888229e+00
    endloop
  endfacet
  facet normal 2.855132e-01 -8.787192e-01 3.825372e-01
    outer loop
      vertex   1.396501e+01 -4.780086e+01 2.250000e+00
      vertex   1.400704e+01 -4.794470e+01 1.888229e+00
      vertex   1.679871e+01 -4.688014e+01 2.250000e+00
    endloop
  endfacet
  facet normal 2.855132e-01 -8.787192e-01 3.825372e-01
    outer loop
      vertex   1.679871e+01 -4.688014e+01 2.250000e+00
      vertex   1.400704e+01 -4.794470e+01 1.888229e+00
      vertex   1.684926e+01 -4.702121e+01 1.888229e+00
    endloop
  endfacet
  facet normal 3.375532e-01 -8.600716e-01 3.825372e-01
    outer loop
      vertex   1.679871e+01 -4.688014e+01 2.250000e+00
      vertex   1.684926e+01 -4.702121e+01 1.888229e+00
      vertex   1.957227e+01 -4.579160e+01 2.250000e+00
    endloop
  endfacet
  facet normal 3.375532e-01 -8.600716e-01 3.825372e-01
    outer loop
      vertex   1.957227e+01 -4.579160e+01 2.250000e+00
      vertex   1.684926e+01 -4.702121e+01 1.888229e+00
      vertex   1.963116e+01 -4.592939e+01 1.888229e+00
    endloop
  endfacet
  facet normal 3.883849e-01 -8.383451e-01 3.825372e-01
    outer loop
      vertex   1.957227e+01 -4.579160e+01 2.250000e+00
      vertex   1.963116e+01 -4.592939e+01 1.888229e+00
      vertex   2.227576e+01 -4.453913e+01 2.250000e+00
    endloop
  endfacet
  facet normal 3.883849e-01 -8.383451e-01 3.825372e-01
    outer loop
      vertex   2.227576e+01 -4.453913e+01 2.250000e+00
      vertex   1.963116e+01 -4.592939e+01 1.888229e+00
      vertex   2.234279e+01 -4.467316e+01 1.888229e+00
    endloop
  endfacet
  facet normal 4.378263e-01 -8.136175e-01 3.825372e-01
    outer loop
      vertex   2.227576e+01 -4.453913e+01 2.250000e+00
      vertex   2.234279e+01 -4.467316e+01 1.888229e+00
      vertex   2.489952e+01 -4.312723e+01 2.250000e+00
    endloop
  endfacet
  facet normal 4.378263e-01 -8.136175e-01 3.825372e-01
    outer loop
      vertex   2.489952e+01 -4.312723e+01 2.250000e+00
      vertex   2.234279e+01 -4.467316e+01 1.888229e+00
      vertex   2.497444e+01 -4.325701e+01 1.888229e+00
    endloop
  endfacet
  facet normal 4.857003e-01 -7.859774e-01 3.825372e-01
    outer loop
      vertex   2.489952e+01 -4.312723e+01 2.250000e+00
      vertex   2.497444e+01 -4.325701e+01 1.888229e+00
      vertex   2.743414e+01 -4.156095e+01 2.250000e+00
    endloop
  endfacet
  facet normal 4.857003e-01 -7.859774e-01 3.825372e-01
    outer loop
      vertex   2.743414e+01 -4.156095e+01 2.250000e+00
      vertex   2.497444e+01 -4.325701e+01 1.888229e+00
      vertex   2.751669e+01 -4.168601e+01 1.888229e+00
    endloop
  endfacet
  facet normal 5.318357e-01 -7.555237e-01 3.825372e-01
    outer loop
      vertex   2.743414e+01 -4.156095e+01 2.250000e+00
      vertex   2.751669e+01 -4.168601e+01 1.888229e+00
      vertex   2.987055e+01 -3.984588e+01 2.250000e+00
    endloop
  endfacet
  facet normal 5.318357e-01 -7.555237e-01 3.825372e-01
    outer loop
      vertex   2.987055e+01 -3.984588e+01 2.250000e+00
      vertex   2.751669e+01 -4.168601e+01 1.888229e+00
      vertex   2.996044e+01 -3.996578e+01 1.888229e+00
    endloop
  endfacet
  facet normal 5.760672e-01 -7.223654e-01 3.825372e-01
    outer loop
      vertex   2.987055e+01 -3.984588e+01 2.250000e+00
      vertex   2.996044e+01 -3.996578e+01 1.888229e+00
      vertex   3.220004e+01 -3.798818e+01 2.250000e+00
    endloop
  endfacet
  facet normal 5.760672e-01 -7.223654e-01 3.825372e-01
    outer loop
      vertex   3.220004e+01 -3.798818e+01 2.250000e+00
      vertex   2.996044e+01 -3.996578e+01 1.888229e+00
      vertex   3.229693e+01 -3.810249e+01 1.888229e+00
    endloop
  endfacet
  facet normal 6.182366e-01 -6.866213e-01 3.825372e-01
    outer loop
      vertex   3.220004e+01 -3.798818e+01 2.250000e+00
      vertex   3.229693e+01 -3.810249e+01 1.888229e+00
      vertex   3.441426e+01 -3.599449e+01 2.250000e+00
    endloop
  endfacet
  facet normal 6.182366e-01 -6.866213e-01 3.825372e-01
    outer loop
      vertex   3.441426e+01 -3.599449e+01 2.250000e+00
      vertex   3.229693e+01 -3.810249e+01 1.888229e+00
      vertex   3.451781e+01 -3.610280e+01 1.888229e+00
    endloop
  endfacet
  facet normal 6.581928e-01 -6.484192e-01 3.825372e-01
    outer loop
      vertex   3.441426e+01 -3.599449e+01 2.250000e+00
      vertex   3.451781e+01 -3.610280e+01 1.888229e+00
      vertex   3.650528e+01 -3.387195e+01 2.250000e+00
    endloop
  endfacet
  facet normal 6.581928e-01 -6.484192e-01 3.825372e-01
    outer loop
      vertex   3.650528e+01 -3.387195e+01 2.250000e+00
      vertex   3.451781e+01 -3.610280e+01 1.888229e+00
      vertex   3.661513e+01 -3.397387e+01 1.888229e+00
    endloop
  endfacet
  facet normal 6.957929e-01 -6.078960e-01 3.825372e-01
    outer loop
      vertex   3.650528e+01 -3.387195e+01 2.250000e+00
      vertex   3.661513e+01 -3.397387e+01 1.888229e+00
      vertex   3.846562e+01 -3.162815e+01 2.250000e+00
    endloop
  endfacet
  facet normal 6.957929e-01 -6.078960e-01 3.825372e-01
    outer loop
      vertex   3.846562e+01 -3.162815e+01 2.250000e+00
      vertex   3.661513e+01 -3.397387e+01 1.888229e+00
      vertex   3.858137e+01 -3.172333e+01 1.888229e+00
    endloop
  endfacet
  facet normal 7.309022e-01 -5.651966e-01 3.825372e-01
    outer loop
      vertex   3.846562e+01 -3.162815e+01 2.250000e+00
      vertex   3.858137e+01 -3.172333e+01 1.888229e+00
      vertex   4.028827e+01 -2.927114e+01 2.250000e+00
    endloop
  endfacet
  facet normal 7.309022e-01 -5.651966e-01 3.825372e-01
    outer loop
      vertex   4.028827e+01 -2.927114e+01 2.250000e+00
      vertex   3.858137e+01 -3.172333e+01 1.888229e+00
      vertex   4.040950e+01 -2.935922e+01 1.888229e+00
    endloop
  endfacet
  facet normal 7.633951e-01 -5.204740e-01 3.825372e-01
    outer loop
      vertex   4.028827e+01 -2.927114e+01 2.250000e+00
      vertex   4.040950e+01 -2.935922e+01 1.888229e+00
      vertex   4.196669e+01 -2.680934e+01 2.250000e+00
    endloop
  endfacet
  facet normal 7.633951e-01 -5.204740e-01 3.825372e-01
    outer loop
      vertex   4.196669e+01 -2.680934e+01 2.250000e+00
      vertex   4.040950e+01 -2.935922e+01 1.888229e+00
      vertex   4.209298e+01 -2.689002e+01 1.888229e+00
    endloop
  endfacet
  facet normal 7.931552e-01 -4.738882e-01 3.825372e-01
    outer loop
      vertex   4.196669e+01 -2.680934e+01 2.250000e+00
      vertex   4.209298e+01 -2.689002e+01 1.888229e+00
      vertex   4.349489e+01 -2.425158e+01 2.250000e+00
    endloop
  endfacet
  facet normal 7.931552e-01 -4.738882e-01 3.825372e-01
    outer loop
      vertex   4.349489e+01 -2.425158e+01 2.250000e+00
      vertex   4.209298e+01 -2.689002e+01 1.888229e+00
      vertex   4.362577e+01 -2.432455e+01 1.888229e+00
    endloop
  endfacet
  facet normal 8.200761e-01 -4.256060e-01 3.825372e-01
    outer loop
      vertex   4.349489e+01 -2.425158e+01 2.250000e+00
      vertex   4.362577e+01 -2.432455e+01 1.888229e+00
      vertex   4.486738e+01 -2.160699e+01 2.250000e+00
    endloop
  endfacet
  facet normal 8.200761e-01 -4.256060e-01 3.825372e-01
    outer loop
      vertex   4.486738e+01 -2.160699e+01 2.250000e+00
      vertex   4.362577e+01 -2.432455e+01 1.888229e+00
      vertex   4.500239e+01 -2.167201e+01 1.888229e+00
    endloop
  endfacet
  facet normal 8.440613e-01 -3.758003e-01 3.825372e-01
    outer loop
      vertex   4.486738e+01 -2.160699e+01 2.250000e+00
      vertex   4.500239e+01 -2.167201e+01 1.888229e+00
      vertex   4.607926e+01 -1.888506e+01 2.250000e+00
    endloop
  endfacet
  facet normal 8.440613e-01 -3.758003e-01 3.825372e-01
    outer loop
      vertex   4.607926e+01 -1.888506e+01 2.250000e+00
      vertex   4.500239e+01 -2.167201e+01 1.888229e+00
      vertex   4.621792e+01 -1.894189e+01 1.888229e+00
    endloop
  endfacet
  facet normal 8.650249e-01 -3.246493e-01 3.825372e-01
    outer loop
      vertex   4.607926e+01 -1.888506e+01 2.250000e+00
      vertex   4.621792e+01 -1.894189e+01 1.888229e+00
      vertex   4.712619e+01 -1.609553e+01 2.250000e+00
    endloop
  endfacet
  facet normal 8.650249e-01 -3.246493e-01 3.825372e-01
    outer loop
      vertex   4.712619e+01 -1.609553e+01 2.250000e+00
      vertex   4.621792e+01 -1.894189e+01 1.888229e+00
      vertex   4.726800e+01 -1.614396e+01 1.888229e+00
    endloop
  endfacet
  facet normal 8.828920e-01 -2.723361e-01 3.825372e-01
    outer loop
      vertex   4.712619e+01 -1.609553e+01 2.250000e+00
      vertex   4.726800e+01 -1.614396e+01 1.888229e+00
      vertex   4.800442e+01 -1.324838e+01 2.250000e+00
    endloop
  endfacet
  facet normal 8.828920e-01 -2.723361e-01 3.825372e-01
    outer loop
      vertex   4.800442e+01 -1.324838e+01 2.250000e+00
      vertex   4.726800e+01 -1.614396e+01 1.888229e+00
      vertex   4.814887e+01 -1.328824e+01 1.888229e+00
    endloop
  endfacet
  facet normal 8.975986e-01 -2.190481e-01 3.825372e-01
    outer loop
      vertex   4.800442e+01 -1.324838e+01 2.250000e+00
      vertex   4.814887e+01 -1.328824e+01 1.888229e+00
      vertex   4.871081e+01 -1.035380e+01 2.250000e+00
    endloop
  endfacet
  facet normal 8.975986e-01 -2.190481e-01 3.825372e-01
    outer loop
      vertex   4.871081e+01 -1.035380e+01 2.250000e+00
      vertex   4.814887e+01 -1.328824e+01 1.888229e+00
      vertex   4.885739e+01 -1.038496e+01 1.888229e+00
    endloop
  endfacet
  facet normal 9.090920e-01 -1.649759e-01 3.825372e-01
    outer loop
      vertex   4.871081e+01 -1.035380e+01 2.250000e+00
      vertex   4.885739e+01 -1.038496e+01 1.888229e+00
      vertex   4.924282e+01 -7.422161e+00 2.250000e+00
    endloop
  endfacet
  facet normal 9.090920e-01 -1.649759e-01 3.825372e-01
    outer loop
      vertex   4.924282e+01 -7.422161e+00 2.250000e+00
      vertex   4.885739e+01 -1.038496e+01 1.888229e+00
      vertex   4.939100e+01 -7.444496e+00 1.888229e+00
    endloop
  endfacet
  facet normal 9.173311e-01 -1.103131e-01 3.825372e-01
    outer loop
      vertex   4.924282e+01 -7.422161e+00 2.250000e+00
      vertex   4.939100e+01 -7.444496e+00 1.888229e+00
      vertex   4.959856e+01 -4.463951e+00 2.250000e+00
    endloop
  endfacet
  facet normal 9.173311e-01 -1.103131e-01 3.825372e-01
    outer loop
      vertex   4.959856e+01 -4.463951e+00 2.250000e+00
      vertex   4.939100e+01 -7.444496e+00 1.888229e+00
      vertex   4.974781e+01 -4.477384e+00 1.888229e+00
    endloop
  endfacet
  facet normal 9.222863e-01 -5.525545e-02 3.825372e-01
    outer loop
      vertex   4.959856e+01 -4.463951e+00 2.250000e+00
      vertex   4.974781e+01 -4.477384e+00 1.888229e+00
      vertex   4.977675e+01 -1.489761e+00 2.250000e+00
    endloop
  endfacet
  facet normal 9.222863e-01 -5.525545e-02 3.825372e-01
    outer loop
      vertex   4.977675e+01 -1.489761e+00 2.250000e+00
      vertex   4.974781e+01 -4.477384e+00 1.888229e+00
      vertex   4.992653e+01 -1.494244e+00 1.888229e+00
    endloop
  endfacet
  facet normal 9.239401e-01 -0.000000e+00 3.825372e-01
    outer loop
      vertex   4.977675e+01 -1.489761e+00 2.250000e+00
      vertex   4.992653e+01 -1.494244e+00 1.888229e+00
      vertex   4.977675e+01 1.489761e+00 2.250000e+00
    endloop
  endfacet
  facet normal 9.239401e-01 0.000000e+00 3.825372e-01
    outer loop
      vertex   4.977675e+01 1.489761e+00 2.250000e+00
      vertex   4.992653e+01 -1.494244e+00 1.888229e+00
      vertex   4.992653e+01 1.494244e+00 1.888229e+00
    endloop
  endfacet
  facet normal 9.222863e-01 5.525545e-02 3.825372e-01
    outer loop
      vertex   4.977675e+01 1.489761e+00 2.250000e+00
      vertex   4.992653e+01 1.494244e+00 1.888229e+00
      vertex   4.959856e+01 4.463951e+00 2.250000e+00
    endloop
  endfacet
  facet normal 9.222863e-01 5.525545e-02 3.825372e-01
    outer loop
      vertex   4.959856e+01 4.463951e+00 2.250000e+00
      vertex   4.992653e+01 1.494244e+00 1.888229e+00
      vertex   4.974781e+01 4.477384e+00 1.888229e+00
    endloop
  endfacet
  facet normal 9.173311e-01 1.103131e-01 3.825372e-01
    outer loop
      vertex   4.959856e+01 4.463951e+00 2.250000e+00
      vertex   4.974781e+01 4.477384e+00 1.888229e+00
      vertex   4.924282e+01 7.422161e+00 2.250000e+00
    endloop
  endfacet
  facet normal 9.173311e-01 1.103131e-01 3.825372e-01
    outer loop
      vertex   4.924282e+01 7.422161e+00 2.250000e+00
      vertex   4.974781e+01 4.477384e+00 1.888229e+00
      vertex   4.939100e+01 7.444496e+00 1.888229e+00
    endloop
  endfacet
  facet normal 9.090920e-01 1.649759e-01 3.825372e-01
    outer loop
      vertex   4.924282e+01 7.422161e+00 2.250000e+00
      vertex   4.939100e+01 7.444496e+00 1.888229e+00
      vertex   4.871081e+01 1.035380e+01 2.250000e+00
    endloop
  endfacet
  facet normal 9.090920e-01 1.649759e-01 3.825372e-01
    outer loop
      vertex   4.871081e+01 1.035380e+01 2.250000e+00
      vertex   4.939100e+01 7.444496e+00 1.888229e+00
      vertex   4.885739e+01 1.038496e+01 1.888229e+00
    endloop
  endfacet
  facet normal 8.975986e-01 2.190481e-01 3.825372e-01
    outer loop
      vertex   4.871081e+01 1.035380e+01 2.250000e+00
      vertex   4.885739e+01 1.038496e+01 1.888229e+00
      vertex   4.800442e+01 1.324838e+01 2.250000e+00
    endloop
  endfacet
  facet normal 8.975986e-01 2.190481e-01 3.825372e-01
    outer loop
      vertex   4.800442e+01 1.324838e+01 2.250000e+00
      vertex   4.885739e+01 1.038496e+01 1.888229e+00
      vertex   4.814887e+01 1.328824e+01 1.888229e+00
    endloop
  endfacet
  facet normal 8.828920e-01 2.723361e-01 3.825372e-01
    outer loop
      vertex   4.800442e+01 1.324838e+01 2.250000e+00
      vertex   4.814887e+01 1.328824e+01 1.888229e+00
      vertex   4.712619e+01 1.609553e+01 2.250000e+00
    endloop
  endfacet
  facet normal 8.828920e-01 2.723361e-01 3.825372e-01
    outer loop
      vertex   4.712619e+01 1.609553e+01 2.250000e+00
      vertex   4.814887e+01 1.328824e+01 1.888229e+00
      vertex   4.726800e+01 1.614396e+01 1.888229e+00
    endloop
  endfacet
  facet normal 8.650249e-01 3.246493e-01 3.825372e-01
    outer loop
      vertex   4.712619e+01 1.609553e+01 2.250000e+00
      vertex   4.726800e+01 1.614396e+01 1.888229e+00
      vertex   4.607926e+01 1.888506e+01 2.250000e+00
    endloop
  endfacet
  facet normal 8.650249e-01 3.246493e-01 3.825372e-01
    outer loop
      vertex   4.607926e+01 1.888506e+01 2.250000e+00
      vertex   4.726800e+01 1.614396e+01 1.888229e+00
      vertex   4.621792e+01 1.894189e+01 1.888229e+00
    endloop
  endfacet
  facet normal 8.440613e-01 3.758003e-01 3.825372e-01
    outer loop
      vertex   4.607926e+01 1.888506e+01 2.250000e+00
      vertex   4.621792e+01 1.894189e+01 1.888229e+00
      vertex   4.486738e+01 2.160699e+01 2.250000e+00
    endloop
  endfacet
  facet normal 8.440613e-01 3.758003e-01 3.825372e-01
    outer loop
      vertex   4.486738e+01 2.160699e+01 2.250000e+00
      vertex   4.621792e+01 1.894189e+01 1.888229e+00
      vertex   4.500239e+01 2.167201e+01 1.888229e+00
    endloop
  endfacet
  facet normal 8.200761e-01 4.256060e-01 3.825372e-01
    outer loop
      vertex   4.486738e+01 2.160699e+01 2.250000e+00
      vertex   4.500239e+01 2.167201e+01 1.888229e+00
      vertex   4.349489e+01 2.425158e+01 2.250000e+00
    endloop
  endfacet
  facet normal 8.200761e-01 4.256060e-01 3.825372e-01
    outer loop
      vertex   4.349489e+01 2.425158e+01 2.250000e+00
      vertex   4.500239e+01 2.167201e+01 1.888229e+00
      vertex   4.362577e+01 2.432455e+01 1.888229e+00
    endloop
  endfacet
  facet normal 7.931552e-01 4.738882e-01 3.825372e-01
    outer loop
      vertex   4.349489e+01 2.425158e+01 2.250000e+00
      vertex   4.362577e+01 2.432455e+01 1.888229e+00
      vertex   4.196669e+01 2.680934e+01 2.250000e+00
    endloop
  endfacet
  facet normal 7.931552e-01 4.738882e-01 3.825372e-01
    outer loop
      vertex   4.196669e+01 2.680934e+01 2.250000e+00
      vertex   4.362577e+01 2.432455e+01 1.888229e+00
      vertex   4.209298e+01 2.689002e+01 1.888229e+00
    endloop
  endfacet
  facet normal 7.633951e-01 5.204740e-01 3.825372e-01
    outer loop
      vertex   4.196669e+01 2.680934e+01 2.250000e+00
      vertex   4.209298e+01 2.689002e+01 1.888229e+00
      vertex   4.028827e+01 2.927114e+01 2.250000e+00
    endloop
  endfacet
  facet normal 7.633951e-01 5.204740e-01 3.825372e-01
    outer loop
      vertex   4.028827e+01 2.927114e+01 2.250000e+00
      vertex   4.209298e+01 2.689002e+01 1.888229e+00
      vertex   4.040950e+01 2.935922e+01 1.888229e+00
    endloop
  endfacet
  facet normal 7.309022e-01 5.651966e-01 3.825372e-01
    outer loop
      vertex   4.028827e+01 2.927114e+01 2.250000e+00
      vertex   4.040950e+01 2.935922e+01 1.888229e+00
      vertex   3.846562e+01 3.162815e+01 2.250000e+00
    endloop
  endfacet
  facet normal 7.309022e-01 5.651966e-01 3.825372e-01
    outer loop
      vertex   3.846562e+01 3.162815e+01 2.250000e+00
      vertex   4.040950e+01 2.935922e+01 1.888229e+00
      vertex   3.858137e+01 3.172333e+01 1.888229e+00
    endloop
  endfacet
  facet normal 6.957929e-01 6.078960e-01 3.825372e-01
    outer loop
      vertex   3.846562e+01 3.162815e+01 2.250000e+00
      vertex   3.858137e+01 3.172333e+01 1.888229e+00
      vertex   3.650528e+01 3.387195e+01 2.250000e+00
    endloop
  endfacet
  facet normal 6.957929e-01 6.078960e-01 3.825372e-01
    outer loop
      vertex   3.650528e+01 3.387195e+01 2.250000e+00
      vertex   3.858137e+01 3.172333e+01 1.888229e+00
      vertex   3.661513e+01 3.397387e+01 1.888229e+00
    endloop
  endfacet
  facet normal 6.581928e-01 6.484192e-01 3.825372e-01
    outer loop
      vertex   3.650528e+01 3.387195e+01 2.250000e+00
      vertex   3.661513e+01 3.397387e+01 1.888229e+00
      vertex   3.441426e+01 3.599449e+01 2.250000e+00
    endloop
  endfacet
  facet normal 6.581928e-01 6.484192e-01 3.825372e-01
    outer loop
      vertex   3.441426e+01 3.599449e+01 2.250000e+00
      vertex   3.661513e+01 3.397387e+01 1.888229e+00
      vertex   3.451781e+01 3.610280e+01 1.888229e+00
    endloop
  endfacet
  facet normal 6.182366e-01 6.866213e-01 3.825372e-01
    outer loop
      vertex   3.441426e+01 3.599449e+01 2.250000e+00
      vertex   3.451781e+01 3.610280e+01 1.888229e+00
      vertex   3.220004e+01 3.798818e+01 2.250000e+00
    endloop
  endfacet
  facet normal 6.182366e-01 6.866213e-01 3.825372e-01
    outer loop
      vertex   3.220004e+01 3.798818e+01 2.250000e+00
      vertex   3.451781e+01 3.610280e+01 1.888229e+00
      vertex   3.229693e+01 3.810249e+01 1.888229e+00
    endloop
  endfacet
  facet normal 5.760672e-01 7.223654e-01 3.825372e-01
    outer loop
      vertex   3.220004e+01 3.798818e+01 2.250000e+00
      vertex   3.229693e+01 3.810249e+01 1.888229e+00
      vertex   2.987055e+01 3.984588e+01 2.250000e+00
    endloop
  endfacet
  facet normal 5.760672e-01 7.223654e-01 3.825372e-01
    outer loop
      vertex   2.987055e+01 3.984588e+01 2.250000e+00
      vertex   3.229693e+01 3.810249e+01 1.888229e+00
      vertex   2.996044e+01 3.996578e+01 1.888229e+00
    endloop
  endfacet
  facet normal 5.318357e-01 7.555237e-01 3.825372e-01
    outer loop
      vertex   2.987055e+01 3.984588e+01 2.250000e+00
      vertex   2.996044e+01 3.996578e+01 1.888229e+00
      vertex   2.743414e+01 4.156095e+01 2.250000e+00
    endloop
  endfacet
  facet normal 5.318357e-01 7.555237e-01 3.825372e-01
    outer loop
      vertex   2.743414e+01 4.156095e+01 2.250000e+00
      vertex   2.996044e+01 3.996578e+01 1.888229e+00
      vertex   2.751669e+01 4.168601e+01 1.888229e+00
    endloop
  endfacet
  facet normal 4.857003e-01 7.859774e-01 3.825372e-01
    outer loop
      vertex   2.743414e+01 4.156095e+01 2.250000e+00
      vertex   2.751669e+01 4.168601e+01 1.888229e+00
      vertex   2.489952e+01 4.312723e+01 2.250000e+00
    endloop
  endfacet
  facet normal 4.857003e-01 7.859774e-01 3.825372e-01
    outer loop
      vertex   2.489952e+01 4.312723e+01 2.250000e+00
      vertex   2.751669e+01 4.168601e+01 1.888229e+00
      vertex   2.497444e+01 4.325701e+01 1.888229e+00
    endloop
  endfacet
  facet normal 4.378263e-01 8.136175e-01 3.825372e-01
    outer loop
      vertex   2.489952e+01 4.312723e+01 2.250000e+00
      vertex   2.497444e+01 4.325701e+01 1.888229e+00
      vertex   2.227576e+01 4.453913e+01 2.250000e+00
    endloop
  endfacet
  facet normal 4.378263e-01 8.136175e-01 3.825372e-01
    outer loop
      vertex   2.227576e+01 4.453913e+01 2.250000e+00
      vertex   2.497444e+01 4.325701e+01 1.888229e+00
      vertex   2.234279e+01 4.467316e+01 1.888229e+00
    endloop
  endfacet
  facet normal 3.883849e-01 8.383451e-01 3.825372e-01
    outer loop
      vertex   2.227576e+01 4.453913e+01 2.250000e+00
      vertex   2.234279e+01 4.467316e+01 1.888229e+00
      vertex   1.957227e+01 4.579160e+01 2.250000e+00
    endloop
  endfacet
  facet normal 3.883849e-01 8.383451e-01 3.825372e-01
    outer loop
      vertex   1.957227e+01 4.579160e+01 2.250000e+00
      vertex   2.234279e+01 4.467316e+01 1.888229e+00
      vertex   1.963116e+01 4.592939e+01 1.888229e+00
    endloop
  endfacet
  facet normal 3.375532e-01 8.600716e-01 3.825372e-01
    outer loop
      vertex   1.957227e+01 4.579160e+01 2.250000e+00
      vertex   1.963116e+01 4.592939e+01 1.888229e+00
      vertex   1.679871e+01 4.688014e+01 2.250000e+00
    endloop
  endfacet
  facet normal 3.375532e-01 8.600716e-01 3.825372e-01
    outer loop
      vertex   1.679871e+01 4.688014e+01 2.250000e+00
      vertex   1.963116e+01 4.592939e+01 1.888229e+00
      vertex   1.684926e+01 4.702121e+01 1.888229e+00
    endloop
  endfacet
  facet normal 2.855132e-01 8.787192e-01 3.825372e-01
    outer loop
      vertex   1.679871e+01 4.688014e+01 2.250000e+00
      vertex   1.684926e+01 4.702121e+01 1.888229e+00
      vertex   1.396501e+01 4.780086e+01 2.250000e+00
    endloop
  endfacet
  facet normal 2.855132e-01 8.787192e-01 3.825372e-01
    outer loop
      vertex   1.396501e+01 4.780086e+01 2.250000e+00
      vertex   1.684926e+01 4.702121e+01 1.888229e+00
      vertex   1.400704e+01 4.794470e+01 1.888229e+00
    endloop
  endfacet
  facet normal 2.324511e-01 8.942213e-01 3.825372e-01
    outer loop
      vertex   1.396501e+01 4.780086e+01 2.250000e+00
      vertex   1.400704e+01 4.794470e+01 1.888229e+00
      vertex   1.108133e+01 4.855047e+01 2.250000e+00
    endloop
  endfacet
  facet normal 2.324511e-01 8.942213e-01 3.825372e-01
    outer loop
      vertex   1.108133e+01 4.855047e+01 2.250000e+00
      vertex   1.400704e+01 4.794470e+01 1.888229e+00
      vertex   1.111467e+01 4.869657e+01 1.888229e+00
    endloop
  endfacet
  facet normal 1.785569e-01 9.065223e-01 3.825372e-01
    outer loop
      vertex   1.108133e+01 4.855047e+01 2.250000e+00
      vertex   1.111467e+01 4.869657e+01 1.888229e+00
      vertex   8.157974e+00 4.912628e+01 2.250000e+00
    endloop
  endfacet
  facet normal 1.785569e-01 9.065223e-01 3.825372e-01
    outer loop
      vertex   8.157974e+00 4.912628e+01 2.250000e+00
      vertex   1.111467e+01 4.869657e+01 1.888229e+00
      vertex   8.182523e+00 4.927411e+01 1.888229e+00
    endloop
  endfacet
  facet normal 1.240235e-01 9.155782e-01 3.825372e-01
    outer loop
      vertex   8.157974e+00 4.912628e+01 2.250000e+00
      vertex   8.182523e+00 4.927411e+01 1.888229e+00
      vertex   5.205417e+00 4.952623e+01 2.250000e+00
    endloop
  endfacet
  facet normal 1.240235e-01 9.155782e-01 3.825372e-01
    outer loop
      vertex   5.205417e+00 4.952623e+01 2.250000e+00
      vertex   8.182523e+00 4.927411e+01 1.888229e+00
      vertex   5.221081e+00 4.967526e+01 1.888229e+00
    endloop
  endfacet
  facet normal 6.904613e-02 9.213566e-01 3.825372e-01
    outer loop
      vertex   5.205417e+00 4.952623e+01 2.250000e+00
      vertex   5.221081e+00 4.967526e+01 1.888229e+00
      vertex   2.234225e+00 4.974889e+01 2.250000e+00
    endloop
  endfacet
  facet normal 6.904613e-02 9.213566e-01 3.825372e-01
    outer loop
      vertex   2.234225e+00 4.974889e+01 2.250000e+00
      vertex   5.221081e+00 4.967526e+01 1.888229e+00
      vertex   2.240948e+00 4.989859e+01 1.888229e+00
    endloop
  endfacet
  facet normal 1.382160e-02 9.238367e-01 3.825372e-01
    outer loop
      vertex   2.234225e+00 4.974889e+01 2.250000e+00
      vertex   2.240948e+00 4.989859e+01 1.888229e+00
      vertex   -7.449641e-01 4.979347e+01 2.250000e+00
    endloop
  endfacet
  facet normal 1.382160e-02 9.238367e-01 3.825372e-01
    outer loop
      vertex   -7.449641e-01 4.979347e+01 2.250000e+00
      vertex   2.240948e+00 4.989859e+01 1.888229e+00
      vertex   -7.472058e-01 4.994330e+01 1.888229e+00
    endloop
  endfacet
  facet normal -4.145241e-02 9.230097e-01 3.825372e-01
    outer loop
      vertex   -7.449641e-01 4.979347e+01 2.250000e+00
      vertex   -7.472058e-01 4.994330e+01 1.888229e+00
      vertex   -3.721487e+00 4.965979e+01 2.250000e+00
    endloop
  endfacet
  facet normal -4.145241e-02 9.230097e-01 3.825372e-01
    outer loop
      vertex   -3.721487e+00 4.965979e+01 2.250000e+00
      vertex   -7.472058e-01 4.994330e+01 1.888229e+00
      vertex   -3.732685e+00 4.980922e+01 1.888229e+00
    endloop
  endfacet
  facet normal -9.657804e-02 9.188786e-01 3.825372e-01
    outer loop
      vertex   -3.721487e+00 4.965979e+01 2.250000e+00
      vertex   -3.732685e+00 4.980922e+01 1.888229e+00
      vertex   -6.684688e+00 4.934834e+01 2.250000e+00
    endloop
  endfacet
  facet normal -9.657804e-02 9.188786e-01 3.825372e-01
    outer loop
      vertex   -6.684688e+00 4.934834e+01 2.250000e+00
      vertex   -3.732685e+00 4.980922e+01 1.888229e+00
      vertex   -6.704802e+00 4.949684e+01 1.888229e+00
    endloop
  endfacet
  facet normal -1.513579e-01 9.114582e-01 3.825372e-01
    outer loop
      vertex   -6.684688e+00 4.934834e+01 2.250000e+00
      vertex   -6.704802e+00 4.949684e+01 1.888229e+00
      vertex   -9.623959e+00 4.886025e+01 2.250000e+00
    endloop
  endfacet
  facet normal -1.513579e-01 9.114582e-01 3.825372e-01
    outer loop
      vertex   -9.623959e+00 4.886025e+01 2.250000e+00
      vertex   -6.704802e+00 4.949684e+01 1.888229e+00
      vertex   -9.652918e+00 4.900727e+01 1.888229e+00
    endloop
  endfacet
  facet normal -2.055960e-01 9.007750e-01 3.825372e-01
    outer loop
      vertex   -9.623959e+00 4.886025e+01 2.250000e+00
      vertex   -9.652918e+00 4.900727e+01 1.888229e+00
      vertex   -1.252878e+01 4.819724e+01 2.250000e+00
    endloop
  endfacet
  facet normal -2.055960e-01 9.007750e-01 3.825372e-01
    outer loop
      vertex   -1.252878e+01 4.819724e+01 2.250000e+00
      vertex   -9.652918e+00 4.900727e+01 1.888229e+00
      vertex   -1.256648e+01 4.834227e+01 1.888229e+00
    endloop
  endfacet
  facet normal -2.590981e-01 8.868672e-01 3.825372e-01
    outer loop
      vertex   -1.252878e+01 4.819724e+01 2.250000e+00
      vertex   -1.256648e+01 4.834227e+01 1.888229e+00
      vertex   -1.538875e+01 4.736170e+01 2.250000e+00
    endloop
  endfacet
  facet normal -2.590981e-01 8.868672e-01 3.825372e-01
    outer loop
      vertex   -1.538875e+01 4.736170e+01 2.250000e+00
      vertex   -1.256648e+01 4.834227e+01 1.888229e+00
      vertex   -1.543506e+01 4.750422e+01 1.888229e+00
    endloop
  endfacet
  facet normal -3.116727e-01 8.697847e-01 3.825372e-01
    outer loop
      vertex   -1.538875e+01 4.736170e+01 2.250000e+00
      vertex   -1.543506e+01 4.750422e+01 1.888229e+00
      vertex   -1.819363e+01 4.635662e+01 2.250000e+00
    endloop
  endfacet
  facet normal -3.116727e-01 8.697847e-01 3.825372e-01
    outer loop
      vertex   -1.819363e+01 4.635662e+01 2.250000e+00
      vertex   -1.543506e+01 4.750422e+01 1.888229e+00
      vertex   -1.824838e+01 4.649611e+01 1.888229e+00
    endloop
  endfacet
  facet normal -3.631316e-01 8.495886e-01 3.825372e-01
    outer loop
      vertex   -1.819363e+01 4.635662e+01 2.250000e+00
      vertex   -1.824838e+01 4.649611e+01 1.888229e+00
      vertex   -2.093339e+01 4.518559e+01 2.250000e+00
    endloop
  endfacet
  facet normal -3.631316e-01 8.495886e-01 3.825372e-01
    outer loop
      vertex   -2.093339e+01 4.518559e+01 2.250000e+00
      vertex   -1.824838e+01 4.649611e+01 1.888229e+00
      vertex   -2.099638e+01 4.532156e+01 1.888229e+00
    endloop
  endfacet
  facet normal -4.132905e-01 8.263511e-01 3.825372e-01
    outer loop
      vertex   -2.093339e+01 4.518559e+01 2.250000e+00
      vertex   -2.099638e+01 4.532156e+01 1.888229e+00
      vertex   -2.359820e+01 4.385281e+01 2.250000e+00
    endloop
  endfacet
  facet normal -4.132905e-01 8.263511e-01 3.825372e-01
    outer loop
      vertex   -2.359820e+01 4.385281e+01 2.250000e+00
      vertex   -2.099638e+01 4.532156e+01 1.888229e+00
      vertex   -2.366921e+01 4.398477e+01 1.888229e+00
    endloop
  endfacet
  facet normal -4.619700e-01 8.001556e-01 3.825372e-01
    outer loop
      vertex   -2.359820e+01 4.385281e+01 2.250000e+00
      vertex   -2.366921e+01 4.398477e+01 1.888229e+00
      vertex   -2.617855e+01 4.236305e+01 2.250000e+00
    endloop
  endfacet
  facet normal -4.619700e-01 8.001556e-01 3.825372e-01
    outer loop
      vertex   -2.617855e+01 4.236305e+01 2.250000e+00
      vertex   -2.366921e+01 4.398477e+01 1.888229e+00
      vertex   -2.625732e+01 4.249052e+01 1.888229e+00
    endloop
  endfacet
  facet normal -5.089958e-01 7.710957e-01 3.825372e-01
    outer loop
      vertex   -2.617855e+01 4.236305e+01 2.250000e+00
      vertex   -2.625732e+01 4.249052e+01 1.888229e+00
      vertex   -2.866518e+01 4.072164e+01 2.250000e+00
    endloop
  endfacet
  facet normal -5.089958e-01 7.710957e-01 3.825372e-01
    outer loop
      vertex   -2.866518e+01 4.072164e+01 2.250000e+00
      vertex   -2.625732e+01 4.249052e+01 1.888229e+00
      vertex   -2.875143e+01 4.084417e+01 1.888229e+00
    endloop
  endfacet
  facet normal -5.541995e-01 7.392755e-01 3.825372e-01
    outer loop
      vertex   -2.866518e+01 4.072164e+01 2.250000e+00
      vertex   -2.875143e+01 4.084417e+01 1.888229e+00
      vertex   -3.104919e+01 3.893446e+01 2.250000e+00
    endloop
  endfacet
  facet normal -5.541995e-01 7.392755e-01 3.825372e-01
    outer loop
      vertex   -3.104919e+01 3.893446e+01 2.250000e+00
      vertex   -2.875143e+01 4.084417e+01 1.888229e+00
      vertex   -3.114262e+01 3.905161e+01 1.888229e+00
    endloop
  endfacet
  facet normal -5.974193e-01 7.048088e-01 3.825372e-01
    outer loop
      vertex   -3.104919e+01 3.893446e+01 2.250000e+00
      vertex   -3.114262e+01 3.905161e+01 1.888229e+00
      vertex   -3.332206e+01 3.700790e+01 2.250000e+00
    endloop
  endfacet
  facet normal -5.974193e-01 7.048088e-01 3.825372e-01
    outer loop
      vertex   -3.332206e+01 3.700790e+01 2.250000e+00
      vertex   -3.114262e+01 3.905161e+01 1.888229e+00
      vertex   -3.342233e+01 3.711926e+01 1.888229e+00
    endloop
  endfacet
  facet normal -6.385005e-01 6.678191e-01 3.825372e-01
    outer loop
      vertex   -3.332206e+01 3.700790e+01 2.250000e+00
      vertex   -3.342233e+01 3.711926e+01 1.888229e+00
      vertex   -3.547564e+01 3.494886e+01 2.250000e+00
    endloop
  endfacet
  facet normal -6.385005e-01 6.678191e-01 3.825372e-01
    outer loop
      vertex   -3.547564e+01 3.494886e+01 2.250000e+00
      vertex   -3.342233e+01 3.711926e+01 1.888229e+00
      vertex   -3.558239e+01 3.505403e+01 1.888229e+00
    endloop
  endfacet
  facet normal -6.772960e-01 6.284389e-01 3.825372e-01
    outer loop
      vertex   -3.547564e+01 3.494886e+01 2.250000e+00
      vertex   -3.558239e+01 3.505403e+01 1.888229e+00
      vertex   -3.750223e+01 3.276472e+01 2.250000e+00
    endloop
  endfacet
  facet normal -6.772960e-01 6.284389e-01 3.825372e-01
    outer loop
      vertex   -3.750223e+01 3.276472e+01 2.250000e+00
      vertex   -3.558239e+01 3.505403e+01 1.888229e+00
      vertex   -3.761508e+01 3.286331e+01 1.888229e+00
    endloop
  endfacet
  facet normal -7.136670e-01 5.868089e-01 3.825372e-01
    outer loop
      vertex   -3.750223e+01 3.276472e+01 2.250000e+00
      vertex   -3.761508e+01 3.286331e+01 1.888229e+00
      vertex   -3.939458e+01 3.046328e+01 2.250000e+00
    endloop
  endfacet
  facet normal -7.136670e-01 5.868089e-01 3.825372e-01
    outer loop
      vertex   -3.939458e+01 3.046328e+01 2.250000e+00
      vertex   -3.761508e+01 3.286331e+01 1.888229e+00
      vertex   -3.951312e+01 3.055495e+01 1.888229e+00
    endloop
  endfacet
  facet normal -7.474832e-01 5.430784e-01 3.825372e-01
    outer loop
      vertex   -3.939458e+01 3.046328e+01 2.250000e+00
      vertex   -3.951312e+01 3.055495e+01 1.888229e+00
      vertex   -4.114590e+01 2.805280e+01 2.250000e+00
    endloop
  endfacet
  facet normal -7.474832e-01 5.430784e-01 3.825372e-01
    outer loop
      vertex   -4.114590e+01 2.805280e+01 2.250000e+00
      vertex   -3.951312e+01 3.055495e+01 1.888229e+00
      vertex   -4.126971e+01 2.813721e+01 1.888229e+00
    endloop
  endfacet
  facet normal -7.786237e-01 4.974037e-01 3.825372e-01
    outer loop
      vertex   -4.114590e+01 2.805280e+01 2.250000e+00
      vertex   -4.126971e+01 2.813721e+01 1.888229e+00
      vertex   -4.274992e+01 2.554189e+01 2.250000e+00
    endloop
  endfacet
  facet normal -7.786237e-01 4.974037e-01 3.825372e-01
    outer loop
      vertex   -4.274992e+01 2.554189e+01 2.250000e+00
      vertex   -4.126971e+01 2.813721e+01 1.888229e+00
      vertex   -4.287856e+01 2.561875e+01 1.888229e+00
    endloop
  endfacet
  facet normal -8.069768e-01 4.499485e-01 3.825372e-01
    outer loop
      vertex   -4.274992e+01 2.554189e+01 2.250000e+00
      vertex   -4.287856e+01 2.561875e+01 1.888229e+00
      vertex   -4.420092e+01 2.293955e+01 2.250000e+00
    endloop
  endfacet
  facet normal -8.069768e-01 4.499485e-01 3.825372e-01
    outer loop
      vertex   -4.420092e+01 2.293955e+01 2.250000e+00
      vertex   -4.287856e+01 2.561875e+01 1.888229e+00
      vertex   -4.433392e+01 2.300858e+01 1.888229e+00
    endloop
  endfacet
  facet normal -8.324412e-01 4.008826e-01 3.825372e-01
    outer loop
      vertex   -4.420092e+01 2.293955e+01 2.250000e+00
      vertex   -4.433392e+01 2.300858e+01 1.888229e+00
      vertex   -4.549369e+01 2.025509e+01 2.250000e+00
    endloop
  endfacet
  facet normal -8.324412e-01 4.008826e-01 3.825372e-01
    outer loop
      vertex   -4.549369e+01 2.025509e+01 2.250000e+00
      vertex   -4.433392e+01 2.300858e+01 1.888229e+00
      vertex   -4.563058e+01 2.031604e+01 1.888229e+00
    endloop
  endfacet
  facet normal -8.549257e-01 3.503816e-01 3.825372e-01
    outer loop
      vertex   -4.549369e+01 2.025509e+01 2.250000e+00
      vertex   -4.563058e+01 2.031604e+01 1.888229e+00
      vertex   -4.662360e+01 1.749813e+01 2.250000e+00
    endloop
  endfacet
  facet normal -8.549257e-01 3.503816e-01 3.825372e-01
    outer loop
      vertex   -4.662360e+01 1.749813e+01 2.250000e+00
      vertex   -4.563058e+01 2.031604e+01 1.888229e+00
      vertex   -4.676389e+01 1.755078e+01 1.888229e+00
    endloop
  endfacet
  facet normal -8.743498e-01 2.986264e-01 3.825372e-01
    outer loop
      vertex   -4.662360e+01 1.749813e+01 2.250000e+00
      vertex   -4.676389e+01 1.755078e+01 1.888229e+00
      vertex   -4.758661e+01 1.467852e+01 2.250000e+00
    endloop
  endfacet
  facet normal -8.743498e-01 2.986264e-01 3.825372e-01
    outer loop
      vertex   -4.758661e+01 1.467852e+01 2.250000e+00
      vertex   -4.676389e+01 1.755078e+01 1.888229e+00
      vertex   -4.772980e+01 1.472269e+01 1.888229e+00
    endloop
  endfacet
  facet normal -8.906439e-01 2.458021e-01 3.825372e-01
    outer loop
      vertex   -4.758661e+01 1.467852e+01 2.250000e+00
      vertex   -4.772980e+01 1.472269e+01 1.888229e+00
      vertex   -4.837927e+01 1.180637e+01 2.250000e+00
    endloop
  endfacet
  facet normal -8.906439e-01 2.458021e-01 3.825372e-01
    outer loop
      vertex   -4.837927e+01 1.180637e+01 2.250000e+00
      vertex   -4.772980e+01 1.472269e+01 1.888229e+00
      vertex   -4.852485e+01 1.184190e+01 1.888229e+00
    endloop
  endfacet
  facet normal -9.037498e-01 1.920979e-01 3.825372e-01
    outer loop
      vertex   -4.837927e+01 1.180637e+01 2.250000e+00
      vertex   -4.852485e+01 1.184190e+01 1.888229e+00
      vertex   -4.899875e+01 8.891962e+00 2.250000e+00
    endloop
  endfacet
  facet normal -9.037498e-01 1.920979e-01 3.825372e-01
    outer loop
      vertex   -4.899875e+01 8.891962e+00 2.250000e+00
      vertex   -4.852485e+01 1.184190e+01 1.888229e+00
      vertex   -4.914619e+01 8.918718e+00 1.888229e+00
    endloop
  endfacet
  facet normal -9.136204e-01 1.377061e-01 3.825372e-01
    outer loop
      vertex   -4.899875e+01 8.891962e+00 2.250000e+00
      vertex   -4.914619e+01 8.918718e+00 1.888229e+00
      vertex   -4.944282e+01 5.945718e+00 2.250000e+00
    endloop
  endfacet
  facet normal -9.136204e-01 1.377061e-01 3.825372e-01
    outer loop
      vertex   -4.944282e+01 5.945718e+00 2.250000e+00
      vertex   -4.914619e+01 8.918718e+00 1.888229e+00
      vertex   -4.959160e+01 5.963609e+00 1.888229e+00
    endloop
  endfacet
  facet normal -7.846224e-01 -1.182628e-01 6.085899e-01
    outer loop
      vertex   -4.920615e+01 -5.917257e+00 2.560660e+00
      vertex   -4.944282e+01 -5.945718e+00 2.250000e+00
      vertex   -4.876420e+01 -8.849398e+00 2.560660e+00
    endloop
  endfacet
  facet normal -7.846224e-01 -1.182628e-01 6.085899e-01
    outer loop
      vertex   -4.876420e+01 -8.849398e+00 2.560660e+00
      vertex   -4.944282e+01 -5.945718e+00 2.250000e+00
      vertex   -4.899875e+01 -8.891962e+00 2.250000e+00
    endloop
  endfacet
  facet normal -7.761454e-01 -1.649748e-01 6.085899e-01
    outer loop
      vertex   -4.876420e+01 -8.849398e+00 2.560660e+00
      vertex   -4.899875e+01 -8.891962e+00 2.250000e+00
      vertex   -4.814769e+01 -1.174986e+01 2.560660e+00
    endloop
  endfacet
  facet normal -7.761454e-01 -1.649748e-01 6.085899e-01
    outer loop
      vertex   -4.814769e+01 -1.174986e+01 2.560660e+00
      vertex   -4.899875e+01 -8.891962e+00 2.250000e+00
      vertex   -4.837927e+01 -1.180637e+01 2.250000e+00
    endloop
  endfacet
  facet normal -7.648900e-01 -2.110962e-01 6.085899e-01
    outer loop
      vertex   -4.814769e+01 -1.174986e+01 2.560660e+00
      vertex   -4.837927e+01 -1.180637e+01 2.250000e+00
      vertex   -4.735882e+01 -1.460826e+01 2.560660e+00
    endloop
  endfacet
  facet normal -7.648900e-01 -2.110962e-01 6.085899e-01
    outer loop
      vertex   -4.735882e+01 -1.460826e+01 2.560660e+00
      vertex   -4.837927e+01 -1.180637e+01 2.250000e+00
      vertex   -4.758661e+01 -1.467852e+01 2.250000e+00
    endloop
  endfacet
  facet normal -7.508965e-01 -2.564620e-01 6.085899e-01
    outer loop
      vertex   -4.735882e+01 -1.460826e+01 2.560660e+00
      vertex   -4.758661e+01 -1.467852e+01 2.250000e+00
      vertex   -4.640042e+01 -1.741437e+01 2.560660e+00
    endloop
  endfacet
  facet normal -7.508965e-01 -2.564620e-01 6.085899e-01
    outer loop
      vertex   -4.640042e+01 -1.741437e+01 2.560660e+00
      vertex   -4.758661e+01 -1.467852e+01 2.250000e+00
      vertex   -4.662360e+01 -1.749813e+01 2.250000e+00
    endloop
  endfacet
  facet normal -7.342150e-01 -3.009097e-01 6.085899e-01
    outer loop
      vertex   -4.640042e+01 -1.741437e+01 2.560660e+00
      vertex   -4.662360e+01 -1.749813e+01 2.250000e+00
      vertex   -4.527592e+01 -2.015814e+01 2.560660e+00
    endloop
  endfacet
  facet normal -7.342150e-01 -3.009097e-01 6.085899e-01
    outer loop
      vertex   -4.527592e+01 -2.015814e+01 2.560660e+00
      vertex   -4.662360e+01 -1.749813e+01 2.250000e+00
      vertex   -4.549369e+01 -2.025509e+01 2.250000e+00
    endloop
  endfacet
  facet normal -7.149052e-01 -3.442802e-01 6.085899e-01
    outer loop
      vertex   -4.527592e+01 -2.015814e+01 2.560660e+00
      vertex   -4.549369e+01 -2.025509e+01 2.250000e+00
      vertex   -4.398934e+01 -2.282974e+01 2.560660e+00
    endloop
  endfacet
  facet normal -7.149052e-01 -3.442802e-01 6.085899e-01
    outer loop
      vertex   -4.398934e+01 -2.282974e+01 2.560660e+00
      vertex   -4.549369e+01 -2.025509e+01 2.250000e+00
      vertex   -4.420092e+01 -2.293955e+01 2.250000e+00
    endloop
  endfacet
  facet normal -6.930362e-01 -3.864183e-01 6.085899e-01
    outer loop
      vertex   -4.398934e+01 -2.282974e+01 2.560660e+00
      vertex   -4.420092e+01 -2.293955e+01 2.250000e+00
      vertex   -4.254529e+01 -2.541963e+01 2.560660e+00
    endloop
  endfacet
  facet normal -6.930362e-01 -3.864183e-01 6.085899e-01
    outer loop
      vertex   -4.254529e+01 -2.541963e+01 2.560660e+00
      vertex   -4.420092e+01 -2.293955e+01 2.250000e+00
      vertex   -4.274992e+01 -2.554189e+01 2.250000e+00
    endloop
  endfacet
  facet normal -6.686864e-01 -4.271731e-01 6.085899e-01
    outer loop
      vertex   -4.254529e+01 -2.541963e+01 2.560660e+00
      vertex   -4.274992e+01 -2.554189e+01 2.250000e+00
      vertex   -4.094894e+01 -2.791851e+01 2.560660e+00
    endloop
  endfacet
  facet normal -6.686864e-01 -4.271731e-01 6.085899e-01
    outer loop
      vertex   -4.094894e+01 -2.791851e+01 2.560660e+00
      vertex   -4.274992e+01 -2.554189e+01 2.250000e+00
      vertex   -4.114590e+01 -2.805280e+01 2.250000e+00
    endloop
  endfacet
  facet normal -6.419428e-01 -4.663987e-01 6.085899e-01
    outer loop
      vertex   -4.094894e+01 -2.791851e+01 2.560660e+00
      vertex   -4.114590e+01 -2.805280e+01 2.250000e+00
      vertex   -3.920600e+01 -3.031746e+01 2.560660e+00
    endloop
  endfacet
  facet normal -6.419428e-01 -4.663987e-01 6.085899e-01
    outer loop
      vertex   -3.920600e+01 -3.031746e+01 2.560660e+00
      vertex   -4.114590e+01 -2.805280e+01 2.250000e+00
      vertex   -3.939458e+01 -3.046328e+01 2.250000e+00
    endloop
  endfacet
  facet normal -6.129012e-01 -5.039548e-01 6.085899e-01
    outer loop
      vertex   -3.920600e+01 -3.031746e+01 2.560660e+00
      vertex   -3.939458e+01 -3.046328e+01 2.250000e+00
      vertex   -3.732272e+01 -3.260788e+01 2.560660e+00
    endloop
  endfacet
  facet normal -6.129012e-01 -5.039548e-01 6.085899e-01
    outer loop
      vertex   -3.732272e+01 -3.260788e+01 2.560660e+00
      vertex   -3.939458e+01 -3.046328e+01 2.250000e+00
      vertex   -3.750223e+01 -3.276472e+01 2.250000e+00
    endloop
  endfacet
  facet normal -5.816656e-01 -5.397068e-01 6.085899e-01
    outer loop
      vertex   -3.732272e+01 -3.260788e+01 2.560660e+00
      vertex   -3.750223e+01 -3.276472e+01 2.250000e+00
      vertex   -3.530583e+01 -3.478157e+01 2.560660e+00
    endloop
  endfacet
  facet normal -5.816656e-01 -5.397068e-01 6.085899e-01
    outer loop
      vertex   -3.530583e+01 -3.478157e+01 2.560660e+00
      vertex   -3.750223e+01 -3.276472e+01 2.250000e+00
      vertex   -3.547564e+01 -3.494886e+01 2.250000e+00
    endloop
  endfacet
  facet normal -5.483478e-01 -5.735268e-01 6.085899e-01
    outer loop
      vertex   -3.530583e+01 -3.478157e+01 2.560660e+00
      vertex   -3.547564e+01 -3.494886e+01 2.250000e+00
      vertex   -3.316255e+01 -3.683075e+01 2.560660e+00
    endloop
  endfacet
  facet normal -5.483478e-01 -5.735268e-01 6.085899e-01
    outer loop
      vertex   -3.316255e+01 -3.683075e+01 2.560660e+00
      vertex   -3.547564e+01 -3.494886e+01 2.250000e+00
      vertex   -3.332206e+01 -3.700790e+01 2.250000e+00
    endloop
  endfacet
  facet normal -5.130670e-01 -6.052938e-01 6.085899e-01
    outer loop
      vertex   -3.316255e+01 -3.683075e+01 2.560660e+00
      vertex   -3.332206e+01 -3.700790e+01 2.250000e+00
      vertex   -3.090057e+01 -3.874808e+01 2.560660e+00
    endloop
  endfacet
  facet normal -5.130670e-01 -6.052938e-01 6.085899e-01
    outer loop
      vertex   -3.090057e+01 -3.874808e+01 2.560660e+00
      vertex   -3.332206e+01 -3.700790e+01 2.250000e+00
      vertex   -3.104919e+01 -3.893446e+01 2.250000e+00
    endloop
  endfacet
  facet normal -4.759496e-01 -6.348939e-01 6.085899e-01
    outer loop
      vertex   -3.090057e+01 -3.874808e+01 2.560660e+00
      vertex   -3.104919e+01 -3.893446e+01 2.250000e+00
      vertex   -2.852796e+01 -4.052671e+01 2.560660e+00
    endloop
  endfacet
  facet normal -4.759496e-01 -6.348939e-01 6.085899e-01
    outer loop
      vertex   -2.852796e+01 -4.052671e+01 2.560660e+00
      vertex   -3.104919e+01 -3.893446e+01 2.250000e+00
      vertex   -2.866518e+01 -4.072164e+01 2.250000e+00
    endloop
  endfacet
  facet normal -4.371285e-01 -6.622213e-01 6.085899e-01
    outer loop
      vertex   -2.852796e+01 -4.052671e+01 2.560660e+00
      vertex   -2.866518e+01 -4.072164e+01 2.250000e+00
      vertex   -2.605323e+01 -4.216027e+01 2.560660e+00
    endloop
  endfacet
  facet normal -4.371285e-01 -6.622213e-01 6.085899e-01
    outer loop
      vertex   -2.605323e+01 -4.216027e+01 2.560660e+00
      vertex   -2.866518e+01 -4.072164e+01 2.250000e+00
      vertex   -2.617855e+01 -4.236305e+01 2.250000e+00
    endloop
  endfacet
  facet normal -3.967425e-01 -6.871781e-01 6.085899e-01
    outer loop
      vertex   -2.605323e+01 -4.216027e+01 2.560660e+00
      vertex   -2.617855e+01 -4.236305e+01 2.250000e+00
      vertex   -2.348524e+01 -4.364290e+01 2.560660e+00
    endloop
  endfacet
  facet normal -3.967425e-01 -6.871781e-01 6.085899e-01
    outer loop
      vertex   -2.348524e+01 -4.364290e+01 2.560660e+00
      vertex   -2.617855e+01 -4.236305e+01 2.250000e+00
      vertex   -2.359820e+01 -4.385281e+01 2.250000e+00
    endloop
  endfacet
  facet normal -3.549362e-01 -7.096750e-01 6.085899e-01
    outer loop
      vertex   -2.348524e+01 -4.364290e+01 2.560660e+00
      vertex   -2.359820e+01 -4.385281e+01 2.250000e+00
      vertex   -2.083318e+01 -4.496930e+01 2.560660e+00
    endloop
  endfacet
  facet normal -3.549362e-01 -7.096750e-01 6.085899e-01
    outer loop
      vertex   -2.083318e+01 -4.496930e+01 2.560660e+00
      vertex   -2.359820e+01 -4.385281e+01 2.250000e+00
      vertex   -2.093339e+01 -4.518559e+01 2.250000e+00
    endloop
  endfacet
  facet normal -3.118594e-01 -7.296314e-01 6.085899e-01
    outer loop
      vertex   -2.083318e+01 -4.496930e+01 2.560660e+00
      vertex   -2.093339e+01 -4.518559e+01 2.250000e+00
      vertex   -1.810654e+01 -4.613472e+01 2.560660e+00
    endloop
  endfacet
  facet normal -3.118594e-01 -7.296314e-01 6.085899e-01
    outer loop
      vertex   -1.810654e+01 -4.613472e+01 2.560660e+00
      vertex   -2.093339e+01 -4.518559e+01 2.250000e+00
      vertex   -1.819363e+01 -4.635662e+01 2.250000e+00
    endloop
  endfacet
  facet normal -2.676663e-01 -7.469760e-01 6.085899e-01
    outer loop
      vertex   -1.810654e+01 -4.613472e+01 2.560660e+00
      vertex   -1.819363e+01 -4.635662e+01 2.250000e+00
      vertex   -1.531509e+01 -4.713499e+01 2.560660e+00
    endloop
  endfacet
  facet normal -2.676663e-01 -7.469760e-01 6.085899e-01
    outer loop
      vertex   -1.531509e+01 -4.713499e+01 2.560660e+00
      vertex   -1.819363e+01 -4.635662e+01 2.250000e+00
      vertex   -1.538875e+01 -4.736170e+01 2.250000e+00
    endloop
  endfacet
  facet normal -2.225149e-01 -7.616465e-01 6.085899e-01
    outer loop
      vertex   -1.531509e+01 -4.713499e+01 2.560660e+00
      vertex   -1.538875e+01 -4.736170e+01 2.250000e+00
      vertex   -1.246881e+01 -4.796653e+01 2.560660e+00
    endloop
  endfacet
  facet normal -2.225149e-01 -7.616465e-01 6.085899e-01
    outer loop
      vertex   -1.246881e+01 -4.796653e+01 2.560660e+00
      vertex   -1.538875e+01 -4.736170e+01 2.250000e+00
      vertex   -1.252878e+01 -4.819724e+01 2.250000e+00
    endloop
  endfacet
  facet normal -1.765670e-01 -7.735906e-01 6.085899e-01
    outer loop
      vertex   -1.246881e+01 -4.796653e+01 2.560660e+00
      vertex   -1.252878e+01 -4.819724e+01 2.250000e+00
      vertex   -9.577891e+00 -4.862636e+01 2.560660e+00
    endloop
  endfacet
  facet normal -1.765670e-01 -7.735906e-01 6.085899e-01
    outer loop
      vertex   -9.577891e+00 -4.862636e+01 2.560660e+00
      vertex   -1.252878e+01 -4.819724e+01 2.250000e+00
      vertex   -9.623959e+00 -4.886025e+01 2.250000e+00
    endloop
  endfacet
  facet normal -1.299870e-01 -7.827654e-01 6.085899e-01
    outer loop
      vertex   -9.577891e+00 -4.862636e+01 2.560660e+00
      vertex   -9.623959e+00 -4.886025e+01 2.250000e+00
      vertex   -6.652689e+00 -4.911212e+01 2.560660e+00
    endloop
  endfacet
  facet normal -1.299870e-01 -7.827654e-01 6.085899e-01
    outer loop
      vertex   -6.652689e+00 -4.911212e+01 2.560660e+00
      vertex   -9.623959e+00 -4.886025e+01 2.250000e+00
      vertex   -6.684688e+00 -4.934834e+01 2.250000e+00
    endloop
  endfacet
  facet normal -8.294176e-02 -7.891381e-01 6.085899e-01
    outer loop
      vertex   -6.652689e+00 -4.911212e+01 2.560660e+00
      vertex   -6.684688e+00 -4.934834e+01 2.250000e+00
      vertex   -3.703673e+00 -4.942208e+01 2.560660e+00
    endloop
  endfacet
  facet normal -8.294176e-02 -7.891381e-01 6.085899e-01
    outer loop
      vertex   -3.703673e+00 -4.942208e+01 2.560660e+00
      vertex   -6.684688e+00 -4.934834e+01 2.250000e+00
      vertex   -3.721487e+00 -4.965979e+01 2.250000e+00
    endloop
  endfacet
  facet normal -3.559957e-02 -7.926859e-01 6.085899e-01
    outer loop
      vertex   -3.703673e+00 -4.942208e+01 2.560660e+00
      vertex   -3.721487e+00 -4.965979e+01 2.250000e+00
      vertex   -7.413981e-01 -4.955511e+01 2.560660e+00
    endloop
  endfacet
  facet normal -3.559957e-02 -7.926859e-01 6.085899e-01
    outer loop
      vertex   -7.413981e-01 -4.955511e+01 2.560660e+00
      vertex   -3.721487e+00 -4.965979e+01 2.250000e+00
      vertex   -7.449641e-01 -4.979347e+01 2.250000e+00
    endloop
  endfacet
  facet normal 1.187006e-02 -7.933961e-01 6.085899e-01
    outer loop
      vertex   -7.413981e-01 -4.955511e+01 2.560660e+00
      vertex   -7.449641e-01 -4.979347e+01 2.250000e+00
      vertex   2.223531e+00 -4.951076e+01 2.560660e+00
    endloop
  endfacet
  facet normal 1.187006e-02 -7.933961e-01 6.085899e-01
    outer loop
      vertex   2.223531e+00 -4.951076e+01 2.560660e+00
      vertex   -7.449641e-01 -4.979347e+01 2.250000e+00
      vertex   2.234225e+00 -4.974889e+01 2.250000e+00
    endloop
  endfacet
  facet normal 5.929720e-02 -7.912662e-01 6.085899e-01
    outer loop
      vertex   2.223531e+00 -4.951076e+01 2.560660e+00
      vertex   2.234225e+00 -4.974889e+01 2.250000e+00
      vertex   5.180500e+00 -4.928916e+01 2.560660e+00
    endloop
  endfacet
  facet normal 5.929720e-02 -7.912662e-01 6.085899e-01
    outer loop
      vertex   5.180500e+00 -4.928916e+01 2.560660e+00
      vertex   2.234225e+00 -4.974889e+01 2.250000e+00
      vertex   5.205417e+00 -4.952623e+01 2.250000e+00
    endloop
  endfacet
  facet normal 1.065121e-01 -7.863037e-01 6.085899e-01
    outer loop
      vertex   5.180500e+00 -4.928916e+01 2.560660e+00
      vertex   5.205417e+00 -4.952623e+01 2.250000e+00
      vertex   8.118924e+00 -4.889113e+01 2.560660e+00
    endloop
  endfacet
  facet normal 1.065121e-01 -7.863037e-01 6.085899e-01
    outer loop
      vertex   8.118924e+00 -4.889113e+01 2.560660e+00
      vertex   5.205417e+00 -4.952623e+01 2.250000e+00
      vertex   8.157974e+00 -4.912628e+01 2.250000e+00
    endloop
  endfacet
  facet normal 1.533457e-01 -7.785265e-01 6.085899e-01
    outer loop
      vertex   8.118924e+00 -4.889113e+01 2.560660e+00
      vertex   8.157974e+00 -4.912628e+01 2.250000e+00
      vertex   1.102828e+01 -4.831807e+01 2.560660e+00
    endloop
  endfacet
  facet normal 1.533457e-01 -7.785265e-01 6.085899e-01
    outer loop
      vertex   1.102828e+01 -4.831807e+01 2.560660e+00
      vertex   8.157974e+00 -4.912628e+01 2.250000e+00
      vertex   1.108133e+01 -4.855047e+01 2.250000e+00
    endloop
  endfacet
  facet normal 1.996303e-01 -7.679623e-01 6.085899e-01
    outer loop
      vertex   1.102828e+01 -4.831807e+01 2.560660e+00
      vertex   1.108133e+01 -4.855047e+01 2.250000e+00
      vertex   1.389817e+01 -4.757205e+01 2.560660e+00
    endloop
  endfacet
  facet normal 1.996303e-01 -7.679623e-01 6.085899e-01
    outer loop
      vertex   1.389817e+01 -4.757205e+01 2.560660e+00
      vertex   1.108133e+01 -4.855047e+01 2.250000e+00
      vertex   1.396501e+01 -4.780086e+01 2.250000e+00
    endloop
  endfacet
  facet normal 2.452003e-01 -7.546490e-01 6.085899e-01
    outer loop
      vertex   1.389817e+01 -4.757205e+01 2.560660e+00
      vertex   1.396501e+01 -4.780086e+01 2.250000e+00
      vertex   1.671830e+01 -4.665573e+01 2.560660e+00
    endloop
  endfacet
  facet normal 2.452003e-01 -7.546490e-01 6.085899e-01
    outer loop
      vertex   1.671830e+01 -4.665573e+01 2.560660e+00
      vertex   1.396501e+01 -4.780086e+01 2.250000e+00
      vertex   1.679871e+01 -4.688014e+01 2.250000e+00
    endloop
  endfacet
  facet normal 2.898926e-01 -7.386343e-01 6.085899e-01
    outer loop
      vertex   1.671830e+01 -4.665573e+01 2.560660e+00
      vertex   1.679871e+01 -4.688014e+01 2.250000e+00
      vertex   1.947858e+01 -4.557240e+01 2.560660e+00
    endloop
  endfacet
  facet normal 2.898926e-01 -7.386343e-01 6.085899e-01
    outer loop
      vertex   1.947858e+01 -4.557240e+01 2.560660e+00
      vertex   1.679871e+01 -4.688014e+01 2.250000e+00
      vertex   1.957227e+01 -4.579160e+01 2.250000e+00
    endloop
  endfacet
  facet normal 3.335471e-01 -7.199755e-01 6.085899e-01
    outer loop
      vertex   1.947858e+01 -4.557240e+01 2.560660e+00
      vertex   1.957227e+01 -4.579160e+01 2.250000e+00
      vertex   2.216913e+01 -4.432593e+01 2.560660e+00
    endloop
  endfacet
  facet normal 3.335471e-01 -7.199755e-01 6.085899e-01
    outer loop
      vertex   2.216913e+01 -4.432593e+01 2.560660e+00
      vertex   1.957227e+01 -4.579160e+01 2.250000e+00
      vertex   2.227576e+01 -4.453913e+01 2.250000e+00
    endloop
  endfacet
  facet normal 3.760076e-01 -6.987393e-01 6.085899e-01
    outer loop
      vertex   2.216913e+01 -4.432593e+01 2.560660e+00
      vertex   2.227576e+01 -4.453913e+01 2.250000e+00
      vertex   2.478033e+01 -4.292079e+01 2.560660e+00
    endloop
  endfacet
  facet normal 3.760076e-01 -6.987393e-01 6.085899e-01
    outer loop
      vertex   2.478033e+01 -4.292079e+01 2.560660e+00
      vertex   2.227576e+01 -4.453913e+01 2.250000e+00
      vertex   2.489952e+01 -4.312723e+01 2.250000e+00
    endloop
  endfacet
  facet normal 4.171222e-01 -6.750018e-01 6.085899e-01
    outer loop
      vertex   2.478033e+01 -4.292079e+01 2.560660e+00
      vertex   2.489952e+01 -4.312723e+01 2.250000e+00
      vertex   2.730282e+01 -4.136200e+01 2.560660e+00
    endloop
  endfacet
  facet normal 4.171222e-01 -6.750018e-01 6.085899e-01
    outer loop
      vertex   2.730282e+01 -4.136200e+01 2.560660e+00
      vertex   2.489952e+01 -4.312723e+01 2.250000e+00
      vertex   2.743414e+01 -4.156095e+01 2.250000e+00
    endloop
  endfacet
  facet normal 4.567435e-01 -6.488480e-01 6.085899e-01
    outer loop
      vertex   2.730282e+01 -4.136200e+01 2.560660e+00
      vertex   2.743414e+01 -4.156095e+01 2.250000e+00
      vertex   2.972757e+01 -3.965515e+01 2.560660e+00
    endloop
  endfacet
  facet normal 4.567435e-01 -6.488480e-01 6.085899e-01
    outer loop
      vertex   2.972757e+01 -3.965515e+01 2.560660e+00
      vertex   2.743414e+01 -4.156095e+01 2.250000e+00
      vertex   2.987055e+01 -3.984588e+01 2.250000e+00
    endloop
  endfacet
  facet normal 4.947298e-01 -6.203715e-01 6.085899e-01
    outer loop
      vertex   2.972757e+01 -3.965515e+01 2.560660e+00
      vertex   2.987055e+01 -3.984588e+01 2.250000e+00
      vertex   3.204590e+01 -3.780634e+01 2.560660e+00
    endloop
  endfacet
  facet normal 4.947298e-01 -6.203715e-01 6.085899e-01
    outer loop
      vertex   3.204590e+01 -3.780634e+01 2.560660e+00
      vertex   2.987055e+01 -3.984588e+01 2.250000e+00
      vertex   3.220004e+01 -3.798818e+01 2.250000e+00
    endloop
  endfacet
  facet normal 5.309451e-01 -5.896742e-01 6.085899e-01
    outer loop
      vertex   3.204590e+01 -3.780634e+01 2.560660e+00
      vertex   3.220004e+01 -3.798818e+01 2.250000e+00
      vertex   3.424952e+01 -3.582219e+01 2.560660e+00
    endloop
  endfacet
  facet normal 5.309451e-01 -5.896742e-01 6.085899e-01
    outer loop
      vertex   3.424952e+01 -3.582219e+01 2.560660e+00
      vertex   3.220004e+01 -3.798818e+01 2.250000e+00
      vertex   3.441426e+01 -3.599449e+01 2.250000e+00
    endloop
  endfacet
  facet normal 5.652597e-01 -5.568661e-01 6.085899e-01
    outer loop
      vertex   3.424952e+01 -3.582219e+01 2.560660e+00
      vertex   3.441426e+01 -3.599449e+01 2.250000e+00
      vertex   3.633053e+01 -3.370981e+01 2.560660e+00
    endloop
  endfacet
  facet normal 5.652597e-01 -5.568661e-01 6.085899e-01
    outer loop
      vertex   3.633053e+01 -3.370981e+01 2.560660e+00
      vertex   3.441426e+01 -3.599449e+01 2.250000e+00
      vertex   3.650528e+01 -3.387195e+01 2.250000e+00
    endloop
  endfacet
  facet normal 5.975509e-01 -5.220645e-01 6.085899e-01
    outer loop
      vertex   3.633053e+01 -3.370981e+01 2.560660e+00
      vertex   3.650528e+01 -3.387195e+01 2.250000e+00
      vertex   3.828149e+01 -3.147676e+01 2.560660e+00
    endloop
  endfacet
  facet normal 5.975509e-01 -5.220645e-01 6.085899e-01
    outer loop
      vertex   3.828149e+01 -3.147676e+01 2.560660e+00
      vertex   3.650528e+01 -3.387195e+01 2.250000e+00
      vertex   3.846562e+01 -3.162815e+01 2.250000e+00
    endloop
  endfacet
  facet normal 6.277029e-01 -4.853940e-01 6.085899e-01
    outer loop
      vertex   3.828149e+01 -3.147676e+01 2.560660e+00
      vertex   3.846562e+01 -3.162815e+01 2.250000e+00
      vertex   4.009542e+01 -2.913103e+01 2.560660e+00
    endloop
  endfacet
  facet normal 6.277029e-01 -4.853940e-01 6.085899e-01
    outer loop
      vertex   4.009542e+01 -2.913103e+01 2.560660e+00
      vertex   3.846562e+01 -3.162815e+01 2.250000e+00
      vertex   4.028827e+01 -2.927114e+01 2.250000e+00
    endloop
  endfacet
  facet normal 6.556080e-01 -4.469860e-01 6.085899e-01
    outer loop
      vertex   4.009542e+01 -2.913103e+01 2.560660e+00
      vertex   4.028827e+01 -2.927114e+01 2.250000e+00
      vertex   4.176581e+01 -2.668101e+01 2.560660e+00
    endloop
  endfacet
  facet normal 6.556080e-01 -4.469860e-01 6.085899e-01
    outer loop
      vertex   4.176581e+01 -2.668101e+01 2.560660e+00
      vertex   4.028827e+01 -2.927114e+01 2.250000e+00
      vertex   4.196669e+01 -2.680934e+01 2.250000e+00
    endloop
  endfacet
  facet normal 6.811662e-01 -4.069778e-01 6.085899e-01
    outer loop
      vertex   4.176581e+01 -2.668101e+01 2.560660e+00
      vertex   4.196669e+01 -2.680934e+01 2.250000e+00
      vertex   4.328669e+01 -2.413549e+01 2.560660e+00
    endloop
  endfacet
  facet normal 6.811662e-01 -4.069778e-01 6.085899e-01
    outer loop
      vertex   4.328669e+01 -2.413549e+01 2.560660e+00
      vertex   4.196669e+01 -2.680934e+01 2.250000e+00
      vertex   4.349489e+01 -2.425158e+01 2.250000e+00
    endloop
  endfacet
  facet normal 7.042859e-01 -3.655128e-01 6.085899e-01
    outer loop
      vertex   4.328669e+01 -2.413549e+01 2.560660e+00
      vertex   4.349489e+01 -2.425158e+01 2.250000e+00
      vertex   4.465261e+01 -2.150356e+01 2.560660e+00
    endloop
  endfacet
  facet normal 7.042859e-01 -3.655128e-01 6.085899e-01
    outer loop
      vertex   4.465261e+01 -2.150356e+01 2.560660e+00
      vertex   4.349489e+01 -2.425158e+01 2.250000e+00
      vertex   4.486738e+01 -2.160699e+01 2.250000e+00
    endloop
  endfacet
  facet normal 7.248846e-01 -3.227394e-01 6.085899e-01
    outer loop
      vertex   4.465261e+01 -2.150356e+01 2.560660e+00
      vertex   4.486738e+01 -2.160699e+01 2.250000e+00
      vertex   4.585869e+01 -1.879466e+01 2.560660e+00
    endloop
  endfacet
  facet normal 7.248846e-01 -3.227394e-01 6.085899e-01
    outer loop
      vertex   4.585869e+01 -1.879466e+01 2.560660e+00
      vertex   4.486738e+01 -2.160699e+01 2.250000e+00
      vertex   4.607926e+01 -1.888506e+01 2.250000e+00
    endloop
  endfacet
  facet normal 7.428883e-01 -2.788106e-01 6.085899e-01
    outer loop
      vertex   4.585869e+01 -1.879466e+01 2.560660e+00
      vertex   4.607926e+01 -1.888506e+01 2.250000e+00
      vertex   4.690061e+01 -1.601848e+01 2.560660e+00
    endloop
  endfacet
  facet normal 7.428883e-01 -2.788106e-01 6.085899e-01
    outer loop
      vertex   4.690061e+01 -1.601848e+01 2.560660e+00
      vertex   4.607926e+01 -1.888506e+01 2.250000e+00
      vertex   4.712619e+01 -1.609553e+01 2.250000e+00
    endloop
  endfacet
  facet normal 7.582326e-01 -2.338838e-01 6.085899e-01
    outer loop
      vertex   4.690061e+01 -1.601848e+01 2.560660e+00
      vertex   4.712619e+01 -1.609553e+01 2.250000e+00
      vertex   4.777464e+01 -1.318496e+01 2.560660e+00
    endloop
  endfacet
  facet normal 7.582326e-01 -2.338838e-01 6.085899e-01
    outer loop
      vertex   4.777464e+01 -1.318496e+01 2.560660e+00
      vertex   4.712619e+01 -1.609553e+01 2.250000e+00
      vertex   4.800442e+01 -1.324838e+01 2.250000e+00
    endloop
  endfacet
  facet normal 7.708627e-01 -1.881197e-01 6.085899e-01
    outer loop
      vertex   4.777464e+01 -1.318496e+01 2.560660e+00
      vertex   4.800442e+01 -1.324838e+01 2.250000e+00
      vertex   4.847764e+01 -1.030424e+01 2.560660e+00
    endloop
  endfacet
  facet normal 7.708627e-01 -1.881197e-01 6.085899e-01
    outer loop
      vertex   4.847764e+01 -1.030424e+01 2.560660e+00
      vertex   4.800442e+01 -1.324838e+01 2.250000e+00
      vertex   4.871081e+01 -1.035380e+01 2.250000e+00
    endloop
  endfacet
  facet normal 7.807333e-01 -1.416822e-01 6.085899e-01
    outer loop
      vertex   4.847764e+01 -1.030424e+01 2.560660e+00
      vertex   4.871081e+01 -1.035380e+01 2.250000e+00
      vertex   4.900711e+01 -7.386633e+00 2.560660e+00
    endloop
  endfacet
  facet normal 7.807333e-01 -1.416822e-01 6.085899e-01
    outer loop
      vertex   4.900711e+01 -7.386633e+00 2.560660e+00
      vertex   4.871081e+01 -1.035380e+01 2.250000e+00
      vertex   4.924282e+01 -7.422161e+00 2.250000e+00
    endloop
  endfacet
  facet normal 7.878091e-01 -9.473752e-02 6.085899e-01
    outer loop
      vertex   4.900711e+01 -7.386633e+00 2.560660e+00
      vertex   4.924282e+01 -7.422161e+00 2.250000e+00
      vertex   4.936114e+01 -4.442583e+00 2.560660e+00
    endloop
  endfacet
  facet normal 7.878091e-01 -9.473752e-02 6.085899e-01
    outer loop
      vertex   4.936114e+01 -4.442583e+00 2.560660e+00
      vertex   4.924282e+01 -7.422161e+00 2.250000e+00
      vertex   4.959856e+01 -4.463951e+00 2.250000e+00
    endloop
  endfacet
  facet normal 7.920647e-01 -4.745370e-02 6.085899e-01
    outer loop
      vertex   4.936114e+01 -4.442583e+00 2.560660e+00
      vertex   4.959856e+01 -4.463951e+00 2.250000e+00
      vertex   4.953848e+01 -1.482630e+00 2.560660e+00
    endloop
  endfacet
  facet normal 7.920647e-01 -4.745370e-02 6.085899e-01
    outer loop
      vertex   4.953848e+01 -1.482630e+00 2.560660e+00
      vertex   4.959856e+01 -4.463951e+00 2.250000e+00
      vertex   4.977675e+01 -1.489761e+00 2.250000e+00
    endloop
  endfacet
  facet normal 7.934849e-01 -0.000000e+00 6.085899e-01
    outer loop
      vertex   4.953848e+01 -1.482630e+00 2.560660e+00
      vertex   4.977675e+01 -1.489761e+00 2.250000e+00
      vertex   4.953848e+01 1.482630e+00 2.560660e+00
    endloop
  endfacet
  facet normal 7.934849e-01 0.000000e+00 6.085899e-01
    outer loop
      vertex   4.953848e+01 1.482630e+00 2.560660e+00
      vertex   4.977675e+01 -1.489761e+00 2.250000e+00
      vertex   4.977675e+01 1.489761e+00 2.250000e+00
    endloop
  endfacet
  facet normal 7.920647e-01 4.745370e-02 6.085899e-01
    outer loop
      vertex   4.953848e+01 1.482630e+00 2.560660e+00
      vertex   4.977675e+01 1.489761e+00 2.250000e+00
      vertex   4.936114e+01 4.442583e+00 2.560660e+00
    endloop
  endfacet
  facet normal 7.920647e-01 4.745370e-02 6.085899e-01
    outer loop
      vertex   4.936114e+01 4.442583e+00 2.560660e+00
      vertex   4.977675e+01 1.489761e+00 2.250000e+00
      vertex   4.959856e+01 4.463951e+00 2.250000e+00
    endloop
  endfacet
  facet normal 7.878091e-01 9.473752e-02 6.085899e-01
    outer loop
      vertex   4.936114e+01 4.442583e+00 2.560660e+00
      vertex   4.959856e+01 4.463951e+00 2.250000e+00
      vertex   4.900711e+01 7.386633e+00 2.560660e+00
    endloop
  endfacet
  facet normal 7.878091e-01 9.473752e-02 6.085899e-01
    outer loop
      vertex   4.900711e+01 7.386633e+00 2.560660e+00
      vertex   4.959856e+01 4.463951e+00 2.250000e+00
      vertex   4.924282e+01 7.422161e+00 2.250000e+00
    endloop
  endfacet
  facet normal 7.807333e-01 1.416822e-01 6.085899e-01
    outer loop
      vertex   4.900711e+01 7.386633e+00 2.560660e+00
      vertex   4.924282e+01 7.422161e+00 2.250000e+00
      vertex   4.847764e+01 1.030424e+01 2.560660e+00
    endloop
  endfacet
  facet normal 7.807333e-01 1.416822e-01 6.085899e-01
    outer loop
      vertex   4.847764e+01 1.030424e+01 2.560660e+00
      vertex   4.924282e+01 7.422161e+00 2.250000e+00
      vertex   4.871081e+01 1.035380e+01 2.250000e+00
    endloop
  endfacet
  facet normal 7.708627e-01 1.881197e-01 6.085899e-01
    outer loop
      vertex   4.847764e+01 1.030424e+01 2.560660e+00
      vertex   4.871081e+01 1.035380e+01 2.250000e+00
      vertex   4.777464e+01 1.318496e+01 2.560660e+00
    endloop
  endfacet
  facet normal 7.708627e-01 1.881197e-01 6.085899e-01
    outer loop
      vertex   4.777464e+01 1.318496e+01 2.560660e+00
      vertex   4.871081e+01 1.035380e+01 2.250000e+00
      vertex   4.800442e+01 1.324838e+01 2.250000e+00
    endloop
  endfacet
  facet normal 7.582326e-01 2.338838e-01 6.085899e-01
    outer loop
      vertex   4.777464e+01 1.318496e+01 2.560660e+00
      vertex   4.800442e+01 1.324838e+01 2.250000e+00
      vertex   4.690061e+01 1.601848e+01 2.560660e+00
    endloop
  endfacet
  facet normal 7.582326e-01 2.338838e-01 6.085899e-01
    outer loop
      vertex   4.690061e+01 1.601848e+01 2.560660e+00
      vertex   4.800442e+01 1.324838e+01 2.250000e+00
      vertex   4.712619e+01 1.609553e+01 2.250000e+00
    endloop
  endfacet
  facet normal 7.428883e-01 2.788106e-01 6.085899e-01
    outer loop
      vertex   4.690061e+01 1.601848e+01 2.560660e+00
      vertex   4.712619e+01 1.609553e+01 2.250000e+00
      vertex   4.585869e+01 1.879466e+01 2.560660e+00
    endloop
  endfacet
  facet normal 7.428883e-01 2.788106e-01 6.085899e-01
    outer loop
      vertex   4.585869e+01 1.879466e+01 2.560660e+00
      vertex   4.712619e+01 1.609553e+01 2.250000e+00
      vertex   4.607926e+01 1.888506e+01 2.250000e+00
    endloop
  endfacet
  facet normal 7.248846e-01 3.227394e-01 6.085899e-01
    outer loop
      vertex   4.585869e+01 1.879466e+01 2.560660e+00
      vertex   4.607926e+01 1.888506e+01 2.250000e+00
      vertex   4.465261e+01 2.150356e+01 2.560660e+00
    endloop
  endfacet
  facet normal 7.248846e-01 3.227394e-01 6.085899e-01
    outer loop
      vertex   4.465261e+01 2.150356e+01 2.560660e+00
      vertex   4.607926e+01 1.888506e+01 2.250000e+00
      vertex   4.486738e+01 2.160699e+01 2.250000e+00
    endloop
  endfacet
  facet normal 7.042859e-01 3.655128e-01 6.085899e-01
    outer loop
      vertex   4.465261e+01 2.150356e+01 2.560660e+00
      vertex   4.486738e+01 2.160699e+01 2.250000e+00
      vertex   4.328669e+01 2.413549e+01 2.560660e+00
    endloop
  endfacet
  facet normal 7.042859e-01 3.655128e-01 6.085899e-01
    outer loop
      vertex   4.328669e+01 2.413549e+01 2.560660e+00
      vertex   4.486738e+01 2.160699e+01 2.250000e+00
      vertex   4.349489e+01 2.425158e+01 2.250000e+00
    endloop
  endfacet
  facet normal 6.811662e-01 4.069778e-01 6.085899e-01
    outer loop
      vertex   4.328669e+01 2.413549e+01 2.560660e+00
      vertex   4.349489e+01 2.425158e+01 2.250000e+00
      vertex   4.176581e+01 2.668101e+01 2.560660e+00
    endloop
  endfacet
  facet normal 6.811662e-01 4.069778e-01 6.085899e-01
    outer loop
      vertex   4.176581e+01 2.668101e+01 2.560660e+00
      vertex   4.349489e+01 2.425158e+01 2.250000e+00
      vertex   4.196669e+01 2.680934e+01 2.250000e+00
    endloop
  endfacet
  facet normal 6.556080e-01 4.469860e-01 6.085899e-01
    outer loop
      vertex   4.176581e+01 2.668101e+01 2.560660e+00
      vertex   4.196669e+01 2.680934e+01 2.250000e+00
      vertex   4.009542e+01 2.913103e+01 2.560660e+00
    endloop
  endfacet
  facet normal 6.556080e-01 4.469860e-01 6.085899e-01
    outer loop
      vertex   4.009542e+01 2.913103e+01 2.560660e+00
      vertex   4.196669e+01 2.680934e+01 2.250000e+00
      vertex   4.028827e+01 2.927114e+01 2.250000e+00
    endloop
  endfacet
  facet normal 6.277029e-01 4.853940e-01 6.085899e-01
    outer loop
      vertex   4.009542e+01 2.913103e+01 2.560660e+00
      vertex   4.028827e+01 2.927114e+01 2.250000e+00
      vertex   3.828149e+01 3.147676e+01 2.560660e+00
    endloop
  endfacet
  facet normal 6.277029e-01 4.853940e-01 6.085899e-01
    outer loop
      vertex   3.828149e+01 3.147676e+01 2.560660e+00
      vertex   4.028827e+01 2.927114e+01 2.250000e+00
      vertex   3.846562e+01 3.162815e+01 2.250000e+00
    endloop
  endfacet
  facet normal 5.975509e-01 5.220645e-01 6.085899e-01
    outer loop
      vertex   3.828149e+01 3.147676e+01 2.560660e+00
      vertex   3.846562e+01 3.162815e+01 2.250000e+00
      vertex   3.633053e+01 3.370981e+01 2.560660e+00
    endloop
  endfacet
  facet normal 5.975509e-01 5.220645e-01 6.085899e-01
    outer loop
      vertex   3.633053e+01 3.370981e+01 2.560660e+00
      vertex   3.846562e+01 3.162815e+01 2.250000e+00
      vertex   3.650528e+01 3.387195e+01 2.250000e+00
    endloop
  endfacet
  facet normal 5.652597e-01 5.568661e-01 6.085899e-01
    outer loop
      vertex   3.633053e+01 3.370981e+01 2.560660e+00
      vertex   3.650528e+01 3.387195e+01 2.250000e+00
      vertex   3.424952e+01 3.582219e+01 2.560660e+00
    endloop
  endfacet
  facet normal 5.652597e-01 5.568661e-01 6.085899e-01
    outer loop
      vertex   3.424952e+01 3.582219e+01 2.560660e+00
      vertex   3.650528e+01 3.387195e+01 2.250000e+00
      vertex   3.441426e+01 3.599449e+01 2.250000e+00
    endloop
  endfacet
  facet normal 5.309451e-01 5.896742e-01 6.085899e-01
    outer loop
      vertex   3.424952e+01 3.582219e+01 2.560660e+00
      vertex   3.441426e+01 3.599449e+01 2.250000e+00
      vertex   3.204590e+01 3.780634e+01 2.560660e+00
    endloop
  endfacet
  facet normal 5.309451e-01 5.896742e-01 6.085899e-01
    outer loop
      vertex   3.204590e+01 3.780634e+01 2.560660e+00
      vertex   3.441426e+01 3.599449e+01 2.250000e+00
      vertex   3.220004e+01 3.798818e+01 2.250000e+00
    endloop
  endfacet
  facet normal 4.947298e-01 6.203715e-01 6.085899e-01
    outer loop
      vertex   3.204590e+01 3.780634e+01 2.560660e+00
      vertex   3.220004e+01 3.798818e+01 2.250000e+00
      vertex   2.972757e+01 3.965515e+01 2.560660e+00
    endloop
  endfacet
  facet normal 4.947298e-01 6.203715e-01 6.085899e-01
    outer loop
      vertex   2.972757e+01 3.965515e+01 2.560660e+00
      vertex   3.220004e+01 3.798818e+01 2.250000e+00
      vertex   2.987055e+01 3.984588e+01 2.250000e+00
    endloop
  endfacet
  facet normal 4.567435e-01 6.488480e-01 6.085899e-01
    outer loop
      vertex   2.972757e+01 3.965515e+01 2.560660e+00
      vertex   2.987055e+01 3.984588e+01 2.250000e+00
      vertex   2.730282e+01 4.136200e+01 2.560660e+00
    endloop
  endfacet
  facet normal 4.567435e-01 6.488480e-01 6.085899e-01
    outer loop
      vertex   2.730282e+01 4.136200e+01 2.560660e+00
      vertex   2.987055e+01 3.984588e+01 2.250000e+00
      vertex   2.743414e+01 4.156095e+01 2.250000e+00
    endloop
  endfacet
  facet normal 4.171222e-01 6.750018e-01 6.085899e-01
    outer loop
      vertex   2.730282e+01 4.136200e+01 2.560660e+00
      vertex   2.743414e+01 4.156095e+01 2.250000e+00
      vertex   2.478033e+01 4.292079e+01 2.560660e+00
    endloop
  endfacet
  facet normal 4.171222e-01 6.750018e-01 6.085899e-01
    outer loop
      vertex   2.478033e+01 4.292079e+01 2.560660e+00
      vertex   2.743414e+01 4.156095e+01 2.250000e+00
      vertex   2.489952e+01 4.312723e+01 2.250000e+00
    endloop
  endfacet
  facet normal 3.760076e-01 6.987393e-01 6.085899e-01
    outer loop
      vertex   2.478033e+01 4.292079e+01 2.560660e+00
      vertex   2.489952e+01 4.312723e+01 2.250000e+00
      vertex   2.216913e+01 4.432593e+01 2.560660e+00
    endloop
  endfacet
  facet normal 3.760076e-01 6.987393e-01 6.085899e-01
    outer loop
      vertex   2.216913e+01 4.432593e+01 2.560660e+00
      vertex   2.489952e+01 4.312723e+01 2.250000e+00
      vertex   2.227576e+01 4.453913e+01 2.250000e+00
    endloop
  endfacet
  facet normal 3.335471e-01 7.199755e-01 6.085899e-01
    outer loop
      vertex   2.216913e+01 4.432593e+01 2.560660e+00
      vertex   2.227576e+01 4.453913e+01 2.250000e+00
      vertex   1.947858e+01 4.557240e+01 2.560660e+00
    endloop
  endfacet
  facet normal 3.335471e-01 7.199755e-01 6.085899e-01
    outer loop
      vertex   1.947858e+01 4.557240e+01 2.560660e+00
      vertex   2.227576e+01 4.453913e+01 2.250000e+00
      vertex   1.957227e+01 4.579160e+01 2.250000e+00
    endloop
  endfacet
  facet normal 2.898926e-01 7.386343e-01 6.085899e-01
    outer loop
      vertex   1.947858e+01 4.557240e+01 2.560660e+00
      vertex   1.957227e+01 4.579160e+01 2.250000e+00
      vertex   1.671830e+01 4.665573e+01 2.560660e+00
    endloop
  endfacet
  facet normal 2.898926e-01 7.386343e-01 6.085899e-01
    outer loop
      vertex   1.671830e+01 4.665573e+01 2.560660e+00
      vertex   1.957227e+01 4.579160e+01 2.250000e+00
      vertex   1.679871e+01 4.688014e+01 2.250000e+00
    endloop
  endfacet
  facet normal 2.452003e-01 7.546490e-01 6.085899e-01
    outer loop
      vertex   1.671830e+01 4.665573e+01 2.560660e+00
      vertex   1.679871e+01 4.688014e+01 2.250000e+00
      vertex   1.389817e+01 4.757205e+01 2.560660e+00
    endloop
  endfacet
  facet normal 2.452003e-01 7.546490e-01 6.085899e-01
    outer loop
      vertex   1.389817e+01 4.757205e+01 2.560660e+00
      vertex   1.679871e+01 4.688014e+01 2.250000e+00
      vertex   1.396501e+01 4.780086e+01 2.250000e+00
    endloop
  endfacet
  facet normal 1.996303e-01 7.679623e-01 6.085899e-01
    outer loop
      vertex   1.389817e+01 4.757205e+01 2.560660e+00
      vertex   1.396501e+01 4.780086e+01 2.250000e+00
      vertex   1.102828e+01 4.831807e+01 2.560660e+00
    endloop
  endfacet
  facet normal 1.996303e-01 7.679623e-01 6.085899e-01
    outer loop
      vertex   1.102828e+01 4.831807e+01 2.560660e+00
      vertex   1.396501e+01 4.780086e+01 2.250000e+00
      vertex   1.108133e+01 4.855047e+01 2.250000e+00
    endloop
  endfacet
  facet normal 1.533457e-01 7.785265e-01 6.085899e-01
    outer loop
      vertex   1.102828e+01 4.831807e+01 2.560660e+00
      vertex   1.108133e+01 4.855047e+01 2.250000e+00
      vertex   8.118924e+00 4.889113e+01 2.560660e+00
    endloop
  endfacet
  facet normal 1.533457e-01 7.785265e-01 6.085899e-01
    outer loop
      vertex   8.118924e+00 4.889113e+01 2.560660e+00
      vertex   1.108133e+01 4.855047e+01 2.250000e+00
      vertex   8.157974e+00 4.912628e+01 2.250000e+00
    endloop
  endfacet
  facet normal 1.065121e-01 7.863037e-01 6.085899e-01
    outer loop
      vertex   8.118924e+00 4.889113e+01 2.560660e+00
      vertex   8.157974e+00 4.912628e+01 2.250000e+00
      vertex   5.180500e+00 4.928916e+01 2.560660e+00
    endloop
  endfacet
  facet normal 1.065121e-01 7.863037e-01 6.085899e-01
    outer loop
      vertex   5.180500e+00 4.928916e+01 2.560660e+00
      vertex   8.157974e+00 4.912628e+01 2.250000e+00
      vertex   5.205417e+00 4.952623e+01 2.250000e+00
    endloop
  endfacet
  facet normal 5.929720e-02 7.912662e-01 6.085899e-01
    outer loop
      vertex   5.180500e+00 4.928916e+01 2.560660e+00
      vertex   5.205417e+00 4.952623e+01 2.250000e+00
      vertex   2.223531e+00 4.951076e+01 2.560660e+00
    endloop
  endfacet
  facet normal 5.929720e-02 7.912662e-01 6.085899e-01
    outer loop
      vertex   2.223531e+00 4.951076e+01 2.560660e+00
      vertex   5.205417e+00 4.952623e+01 2.250000e+00
      vertex   2.234225e+00 4.974889e+01 2.250000e+00
    endloop
  endfacet
  facet normal 1.187006e-02 7.933961e-01 6.085899e-01
    outer loop
      vertex   2.223531e+00 4.951076e+01 2.560660e+00
      vertex   2.234225e+00 4.974889e+01 2.250000e+00
      vertex   -7.413981e-01 4.955511e+01 2.560660e+00
    endloop
  endfacet
  facet normal 1.187006e-02 7.933961e-01 6.085899e-01
    outer loop
      vertex   -7.413981e-01 4.955511e+01 2.560660e+00
      vertex   2.234225e+00 4.974889e+01 2.250000e+00
      vertex   -7.449641e-01 4.979347e+01 2.250000e+00
    endloop
  endfacet
  facet normal -3.559957e-02 7.926859e-01 6.085899e-01
    outer loop
      vertex   -7.413981e-01 4.955511e+01 2.560660e+00
      vertex   -7.449641e-01 4.979347e+01 2.250000e+00
      vertex   -3.703673e+00 4.942208e+01 2.560660e+00
    endloop
  endfacet
  facet normal -3.559957e-02 7.926859e-01 6.085899e-01
    outer loop
      vertex   -3.703673e+00 4.942208e+01 2.560660e+00
      vertex   -7.449641e-01 4.979347e+01 2.250000e+00
      vertex   -3.721487e+00 4.965979e+01 2.250000e+00
    endloop
  endfacet
  facet normal -8.294176e-02 7.891381e-01 6.085899e-01
    outer loop
      vertex   -3.703673e+00 4.942208e+01 2.560660e+00
      vertex   -3.721487e+00 4.965979e+01 2.250000e+00
      vertex   -6.652689e+00 4.911212e+01 2.560660e+00
    endloop
  endfacet
  facet normal -8.294176e-02 7.891381e-01 6.085899e-01
    outer loop
      vertex   -6.652689e+00 4.911212e+01 2.560660e+00
      vertex   -3.721487e+00 4.965979e+01 2.250000e+00
      vertex   -6.684688e+00 4.934834e+01 2.250000e+00
    endloop
  endfacet
  facet normal -1.299870e-01 7.827654e-01 6.085899e-01
    outer loop
      vertex   -6.652689e+00 4.911212e+01 2.560660e+00
      vertex   -6.684688e+00 4.934834e+01 2.250000e+00
      vertex   -9.577891e+00 4.862636e+01 2.560660e+00
    endloop
  endfacet
  facet normal -1.299870e-01 7.827654e-01 6.085899e-01
    outer loop
      vertex   -9.577891e+00 4.862636e+01 2.560660e+00
      vertex   -6.684688e+00 4.934834e+01 2.250000e+00
      vertex   -9.623959e+00 4.886025e+01 2.250000e+00
    endloop
  endfacet
  facet normal -1.765670e-01 7.735906e-01 6.085899e-01
    outer loop
      vertex   -9.577891e+00 4.862636e+01 2.560660e+00
      vertex   -9.623959e+00 4.886025e+01 2.250000e+00
      vertex   -1.246881e+01 4.796653e+01 2.560660e+00
    endloop
  endfacet
  facet normal -1.765670e-01 7.735906e-01 6.085899e-01
    outer loop
      vertex   -1.246881e+01 4.796653e+01 2.560660e+00
      vertex   -9.623959e+00 4.886025e+01 2.250000e+00
      vertex   -1.252878e+01 4.819724e+01 2.250000e+00
    endloop
  endfacet
  facet normal -2.225149e-01 7.616465e-01 6.085899e-01
    outer loop
      vertex   -1.246881e+01 4.796653e+01 2.560660e+00
      vertex   -1.252878e+01 4.819724e+01 2.250000e+00
      vertex   -1.531509e+01 4.713499e+01 2.560660e+00
    endloop
  endfacet
  facet normal -2.225149e-01 7.616465e-01 6.085899e-01
    outer loop
      vertex   -1.531509e+01 4.713499e+01 2.560660e+00
      vertex   -1.252878e+01 4.819724e+01 2.250000e+00
      vertex   -1.538875e+01 4.736170e+01 2.250000e+00
    endloop
  endfacet
  facet normal -2.676663e-01 7.469760e-01 6.085899e-01
    outer loop
      vertex   -1.531509e+01 4.713499e+01 2.560660e+00
      vertex   -1.538875e+01 4.736170e+01 2.250000e+00
      vertex   -1.810654e+01 4.613472e+01 2.560660e+00
    endloop
  endfacet
  facet normal -2.676663e-01 7.469760e-01 6.085899e-01
    outer loop
      vertex   -1.810654e+01 4.613472e+01 2.560660e+00
      vertex   -1.538875e+01 4.736170e+01 2.250000e+00
      vertex   -1.819363e+01 4.635662e+01 2.250000e+00
    endloop
  endfacet
  facet normal -3.118594e-01 7.296314e-01 6.085899e-01
    outer loop
      vertex   -1.810654e+01 4.613472e+01 2.560660e+00
      vertex   -1.819363e+01 4.635662e+01 2.250000e+00
      vertex   -2.083318e+01 4.496930e+01 2.560660e+00
    endloop
  endfacet
  facet normal -3.118594e-01 7.296314e-01 6.085899e-01
    outer loop
      vertex   -2.083318e+01 4.496930e+01 2.560660e+00
      vertex   -1.819363e+01 4.635662e+01 2.250000e+00
      vertex   -2.093339e+01 4.518559e+01 2.250000e+00
    endloop
  endfacet
  facet normal -3.549362e-01 7.096750e-01 6.085899e-01
    outer loop
      vertex   -2.083318e+01 4.496930e+01 2.560660e+00
      vertex   -2.093339e+01 4.518559e+01 2.250000e+00
      vertex   -2.348524e+01 4.364290e+01 2.560660e+00
    endloop
  endfacet
  facet normal -3.549362e-01 7.096750e-01 6.085899e-01
    outer loop
      vertex   -2.348524e+01 4.364290e+01 2.560660e+00
      vertex   -2.093339e+01 4.518559e+01 2.250000e+00
      vertex   -2.359820e+01 4.385281e+01 2.250000e+00
    endloop
  endfacet
  facet normal -3.967425e-01 6.871781e-01 6.085899e-01
    outer loop
      vertex   -2.348524e+01 4.364290e+01 2.560660e+00
      vertex   -2.359820e+01 4.385281e+01 2.250000e+00
      vertex   -2.605323e+01 4.216027e+01 2.560660e+00
    endloop
  endfacet
  facet normal -3.967425e-01 6.871781e-01 6.085899e-01
    outer loop
      vertex   -2.605323e+01 4.216027e+01 2.560660e+00
      vertex   -2.359820e+01 4.385281e+01 2.250000e+00
      vertex   -2.617855e+01 4.236305e+01 2.250000e+00
    endloop
  endfacet
  facet normal -4.371285e-01 6.622213e-01 6.085899e-01
    outer loop
      vertex   -2.605323e+01 4.216027e+01 2.560660e+00
      vertex   -2.617855e+01 4.236305e+01 2.250000e+00
      vertex   -2.852796e+01 4.052671e+01 2.560660e+00
    endloop
  endfacet
  facet normal -4.371285e-01 6.622213e-01 6.085899e-01
    outer loop
      vertex   -2.852796e+01 4.052671e+01 2.560660e+00
      vertex   -2.617855e+01 4.236305e+01 2.250000e+00
      vertex   -2.866518e+01 4.072164e+01 2.250000e+00
    endloop
  endfacet
  facet normal -4.759496e-01 6.348939e-01 6.085899e-01
    outer loop
      vertex   -2.852796e+01 4.052671e+01 2.560660e+00
      vertex   -2.866518e+01 4.072164e+01 2.250000e+00
      vertex   -3.090057e+01 3.874808e+01 2.560660e+00
    endloop
  endfacet
  facet normal -4.759496e-01 6.348939e-01 6.085899e-01
    outer loop
      vertex   -3.090057e+01 3.874808e+01 2.560660e+00
      vertex   -2.866518e+01 4.072164e+01 2.250000e+00
      vertex   -3.104919e+01 3.893446e+01 2.250000e+00
    endloop
  endfacet
  facet normal -5.130670e-01 6.052938e-01 6.085899e-01
    outer loop
      vertex   -3.090057e+01 3.874808e+01 2.560660e+00
      vertex   -3.104919e+01 3.893446e+01 2.250000e+00
      vertex   -3.316255e+01 3.683075e+01 2.560660e+00
    endloop
  endfacet
  facet normal -5.130670e-01 6.052938e-01 6.085899e-01
    outer loop
      vertex   -3.316255e+01 3.683075e+01 2.560660e+00
      vertex   -3.104919e+01 3.893446e+01 2.250000e+00
      vertex   -3.332206e+01 3.700790e+01 2.250000e+00
    endloop
  endfacet
  facet normal -5.483478e-01 5.735268e-01 6.085899e-01
    outer loop
      vertex   -3.316255e+01 3.683075e+01 2.560660e+00
      vertex   -3.332206e+01 3.700790e+01 2.250000e+00
      vertex   -3.530583e+01 3.478157e+01 2.560660e+00
    endloop
  endfacet
  facet normal -5.483478e-01 5.735268e-01 6.085899e-01
    outer loop
      vertex   -3.530583e+01 3.478157e+01 2.560660e+00
      vertex   -3.332206e+01 3.700790e+01 2.250000e+00
      vertex   -3.547564e+01 3.494886e+01 2.250000e+00
    endloop
  endfacet
  facet normal -5.816656e-01 5.397068e-01 6.085899e-01
    outer loop
      vertex   -3.530583e+01 3.478157e+01 2.560660e+00
      vertex   -3.547564e+01 3.494886e+01 2.250000e+00
      vertex   -3.732272e+01 3.260788e+01 2.560660e+00
    endloop
  endfacet
  facet normal -5.816656e-01 5.397068e-01 6.085899e-01
    outer loop
      vertex   -3.732272e+01 3.260788e+01 2.560660e+00
      vertex   -3.547564e+01 3.494886e+01 2.250000e+00
      vertex   -3.750223e+01 3.276472e+01 2.250000e+00
    endloop
  endfacet
  facet normal -6.129012e-01 5.039548e-01 6.085899e-01
    outer loop
      vertex   -3.732272e+01 3.260788e+01 2.560660e+00
      vertex   -3.750223e+01 3.276472e+01 2.250000e+00
      vertex   -3.920600e+01 3.031746e+01 2.560660e+00
    endloop
  endfacet
  facet normal -6.129012e-01 5.039548e-01 6.085899e-01
    outer loop
      vertex   -3.920600e+01 3.031746e+01 2.560660e+00
      vertex   -3.750223e+01 3.276472e+01 2.250000e+00
      vertex   -3.939458e+01 3.046328e+01 2.250000e+00
    endloop
  endfacet
  facet normal -6.419428e-01 4.663987e-01 6.085899e-01
    outer loop
      vertex   -3.920600e+01 3.031746e+01 2.560660e+00
      vertex   -3.939458e+01 3.046328e+01 2.250000e+00
      vertex   -4.094894e+01 2.791851e+01 2.560660e+00
    endloop
  endfacet
  facet normal -6.419428e-01 4.663987e-01 6.085899e-01
    outer loop
      vertex   -4.094894e+01 2.791851e+01 2.560660e+00
      vertex   -3.939458e+01 3.046328e+01 2.250000e+00
      vertex   -4.114590e+01 2.805280e+01 2.250000e+00
    endloop
  endfacet
  facet normal -6.686864e-01 4.271731e-01 6.085899e-01
    outer loop
      vertex   -4.094894e+01 2.791851e+01 2.560660e+00
      vertex   -4.114590e+01 2.805280e+01 2.250000e+00
      vertex   -4.254529e+01 2.541963e+01 2.560660e+00
    endloop
  endfacet
  facet normal -6.686864e-01 4.271731e-01 6.085899e-01
    outer loop
      vertex   -4.254529e+01 2.541963e+01 2.560660e+00
      vertex   -4.114590e+01 2.805280e+01 2.250000e+00
      vertex   -4.274992e+01 2.554189e+01 2.250000e+00
    endloop
  endfacet
  facet normal -6.930362e-01 3.864183e-01 6.085899e-01
    outer loop
      vertex   -4.254529e+01 2.541963e+01 2.560660e+00
      vertex   -4.274992e+01 2.554189e+01 2.250000e+00
      vertex   -4.398934e+01 2.282974e+01 2.560660e+00
    endloop
  endfacet
  facet normal -6.930362e-01 3.864183e-01 6.085899e-01
    outer loop
      vertex   -4.398934e+01 2.282974e+01 2.560660e+00
      vertex   -4.274992e+01 2.554189e+01 2.250000e+00
      vertex   -4.420092e+01 2.293955e+01 2.250000e+00
    endloop
  endfacet
  facet normal -7.149052e-01 3.442802e-01 6.085899e-01
    outer loop
      vertex   -4.398934e+01 2.282974e+01 2.560660e+00
      vertex   -4.420092e+01 2.293955e+01 2.250000e+00
      vertex   -4.527592e+01 2.015814e+01 2.560660e+00
    endloop
  endfacet
  facet normal -7.149052e-01 3.442802e-01 6.085899e-01
    outer loop
      vertex   -4.527592e+01 2.015814e+01 2.560660e+00
      vertex   -4.420092e+01 2.293955e+01 2.250000e+00
      vertex   -4.549369e+01 2.025509e+01 2.250000e+00
    endloop
  endfacet
  facet normal -7.342150e-01 3.009097e-01 6.085899e-01
    outer loop
      vertex   -4.527592e+01 2.015814e+01 2.560660e+00
      vertex   -4.549369e+01 2.025509e+01 2.250000e+00
      vertex   -4.640042e+01 1.741437e+01 2.560660e+00
    endloop
  endfacet
  facet normal -7.342150e-01 3.009097e-01 6.085899e-01
    outer loop
      vertex   -4.640042e+01 1.741437e+01 2.560660e+00
      vertex   -4.549369e+01 2.025509e+01 2.250000e+00
      vertex   -4.662360e+01 1.749813e+01 2.250000e+00
    endloop
  endfacet
  facet normal -7.508965e-01 2.564620e-01 6.085899e-01
    outer loop
      vertex   -4.640042e+01 1.741437e+01 2.560660e+00
      vertex   -4.662360e+01 1.749813e+01 2.250000e+00
      vertex   -4.735882e+01 1.460826e+01 2.560660e+00
    endloop
  endfacet
  facet normal -7.508965e-01 2.564620e-01 6.085899e-01
    outer loop
      vertex   -4.735882e+01 1.460826e+01 2.560660e+00
      vertex   -4.662360e+01 1.749813e+01 2.250000e+00
      vertex   -4.758661e+01 1.467852e+01 2.250000e+00
    endloop
  endfacet
  facet normal -7.648900e-01 2.110962e-01 6.085899e-01
    outer loop
      vertex   -4.735882e+01 1.460826e+01 2.560660e+00
      vertex   -4.758661e+01 1.467852e+01 2.250000e+00
      vertex   -4.814769e+01 1.174986e+01 2.560660e+00
    endloop
  endfacet
  facet normal -7.648900e-01 2.110962e-01 6.085899e-01
    outer loop
      vertex   -4.814769e+01 1.174986e+01 2.560660e+00
      vertex   -4.758661e+01 1.467852e+01 2.250000e+00
      vertex   -4.837927e+01 1.180637e+01 2.250000e+00
    endloop
  endfacet
  facet normal -7.761454e-01 1.649748e-01 6.085899e-01
    outer loop
      vertex   -4.814769e+01 1.174986e+01 2.560660e+00
      vertex   -4.837927e+01 1.180637e+01 2.250000e+00
      vertex   -4.876420e+01 8.849398e+00 2.560660e+00
    endloop
  endfacet
  facet normal -7.761454e-01 1.649748e-01 6.085899e-01
    outer loop
      vertex   -4.876420e+01 8.849398e+00 2.560660e+00
      vertex   -4.837927e+01 1.180637e+01 2.250000e+00
      vertex   -4.899875e+01 8.891962e+00 2.250000e+00
    endloop
  endfacet
  facet normal -7.846224e-01 1.182628e-01 6.085899e-01
    outer loop
      vertex   -4.876420e+01 8.849398e+00 2.560660e+00
      vertex   -4.899875e+01 8.891962e+00 2.250000e+00
      vertex   -4.920615e+01 5.917257e+00 2.560660e+00
    endloop
  endfacet
  facet normal -7.846224e-01 1.182628e-01 6.085899e-01
    outer loop
      vertex   -4.920615e+01 5.917257e+00 2.560660e+00
      vertex   -4.899875e+01 8.891962e+00 2.250000e+00
      vertex   -4.944282e+01 5.945718e+00 2.250000e+00
    endloop
  endfacet
  facet normal -3.785538e-01 -5.705780e-02 9.238189e-01
    outer loop
      vertex   -4.810257e+01 -8.729330e+00 2.948889e+00
      vertex   -4.853853e+01 -5.836972e+00 2.948889e+00
      vertex   -4.889771e+01 -5.880166e+00 2.799038e+00
    endloop
  endfacet
  facet normal -6.021317e-01 -9.075675e-02 7.932217e-01
    outer loop
      vertex   -4.889771e+01 -5.880166e+00 2.799038e+00
      vertex   -4.920615e+01 -5.917257e+00 2.560660e+00
      vertex   -4.845853e+01 -8.793927e+00 2.799038e+00
    endloop
  endfacet
  facet normal -6.021317e-01 -9.075675e-02 7.932217e-01
    outer loop
      vertex   -4.845853e+01 -8.793927e+00 2.799038e+00
      vertex   -4.920615e+01 -5.917257e+00 2.560660e+00
      vertex   -4.876420e+01 -8.849398e+00 2.560660e+00
    endloop
  endfacet
  facet normal -5.956263e-01 -1.266043e-01 7.932217e-01
    outer loop
      vertex   -4.845853e+01 -8.793927e+00 2.799038e+00
      vertex   -4.876420e+01 -8.849398e+00 2.560660e+00
      vertex   -4.784588e+01 -1.167621e+01 2.799038e+00
    endloop
  endfacet
  facet normal -5.956263e-01 -1.266043e-01 7.932217e-01
    outer loop
      vertex   -4.784588e+01 -1.167621e+01 2.799038e+00
      vertex   -4.876420e+01 -8.849398e+00 2.560660e+00
      vertex   -4.814769e+01 -1.174986e+01 2.560660e+00
    endloop
  endfacet
  facet normal -5.869888e-01 -1.619986e-01 7.932217e-01
    outer loop
      vertex   -4.784588e+01 -1.167621e+01 2.799038e+00
      vertex   -4.814769e+01 -1.174986e+01 2.560660e+00
      vertex   -4.706196e+01 -1.451669e+01 2.799038e+00
    endloop
  endfacet
  facet normal -5.869888e-01 -1.619986e-01 7.932217e-01
    outer loop
      vertex   -4.706196e+01 -1.451669e+01 2.799038e+00
      vertex   -4.814769e+01 -1.174986e+01 2.560660e+00
      vertex   -4.735882e+01 -1.460826e+01 2.560660e+00
    endloop
  endfacet
  facet normal -5.762499e-01 -1.968130e-01 7.932217e-01
    outer loop
      vertex   -4.706196e+01 -1.451669e+01 2.799038e+00
      vertex   -4.735882e+01 -1.460826e+01 2.560660e+00
      vertex   -4.610957e+01 -1.730521e+01 2.799038e+00
    endloop
  endfacet
  facet normal -5.762499e-01 -1.968130e-01 7.932217e-01
    outer loop
      vertex   -4.610957e+01 -1.730521e+01 2.799038e+00
      vertex   -4.735882e+01 -1.460826e+01 2.560660e+00
      vertex   -4.640042e+01 -1.741437e+01 2.560660e+00
    endloop
  endfacet
  facet normal -5.634483e-01 -2.309229e-01 7.932217e-01
    outer loop
      vertex   -4.610957e+01 -1.730521e+01 2.799038e+00
      vertex   -4.640042e+01 -1.741437e+01 2.560660e+00
      vertex   -4.499211e+01 -2.003178e+01 2.799038e+00
    endloop
  endfacet
  facet normal -5.634483e-01 -2.309229e-01 7.932217e-01
    outer loop
      vertex   -4.499211e+01 -2.003178e+01 2.799038e+00
      vertex   -4.640042e+01 -1.741437e+01 2.560660e+00
      vertex   -4.527592e+01 -2.015814e+01 2.560660e+00
    endloop
  endfacet
  facet normal -5.486296e-01 -2.642061e-01 7.932217e-01
    outer loop
      vertex   -4.499211e+01 -2.003178e+01 2.799038e+00
      vertex   -4.527592e+01 -2.015814e+01 2.560660e+00
      vertex   -4.371360e+01 -2.268664e+01 2.799038e+00
    endloop
  endfacet
  facet normal -5.486296e-01 -2.642061e-01 7.932217e-01
    outer loop
      vertex   -4.371360e+01 -2.268664e+01 2.799038e+00
      vertex   -4.527592e+01 -2.015814e+01 2.560660e+00
      vertex   -4.398934e+01 -2.282974e+01 2.560660e+00
    endloop
  endfacet
  facet normal -5.318470e-01 -2.965435e-01 7.932217e-01
    outer loop
      vertex   -4.371360e+01 -2.268664e+01 2.799038e+00
      vertex   -4.398934e+01 -2.282974e+01 2.560660e+00
      vertex   -4.227860e+01 -2.526029e+01 2.799038e+00
    endloop
  endfacet
  facet normal -5.318470e-01 -2.965435e-01 7.932217e-01
    outer loop
      vertex   -4.227860e+01 -2.526029e+01 2.799038e+00
      vertex   -4.398934e+01 -2.282974e+01 2.560660e+00
      vertex   -4.254529e+01 -2.541963e+01 2.560660e+00
    endloop
  endfacet
  facet normal -5.131606e-01 -3.278194e-01 7.932217e-01
    outer loop
      vertex   -4.227860e+01 -2.526029e+01 2.799038e+00
      vertex   -4.254529e+01 -2.541963e+01 2.560660e+00
      vertex   -4.069226e+01 -2.774351e+01 2.799038e+00
    endloop
  endfacet
  facet normal -5.131606e-01 -3.278194e-01 7.932217e-01
    outer loop
      vertex   -4.069226e+01 -2.774351e+01 2.799038e+00
      vertex   -4.254529e+01 -2.541963e+01 2.560660e+00
      vertex   -4.094894e+01 -2.791851e+01 2.560660e+00
    endloop
  endfacet
  facet normal -4.926371e-01 -3.579218e-01 7.932217e-01
    outer loop
      vertex   -4.069226e+01 -2.774351e+01 2.799038e+00
      vertex   -4.094894e+01 -2.791851e+01 2.560660e+00
      vertex   -3.896025e+01 -3.012742e+01 2.799038e+00
    endloop
  endfacet
  facet normal -4.926371e-01 -3.579218e-01 7.932217e-01
    outer loop
      vertex   -3.896025e+01 -3.012742e+01 2.799038e+00
      vertex   -4.094894e+01 -2.791851e+01 2.560660e+00
      vertex   -3.920600e+01 -3.031746e+01 2.560660e+00
    endloop
  endfacet
  facet normal -4.703501e-01 -3.867429e-01 7.932217e-01
    outer loop
      vertex   -3.896025e+01 -3.012742e+01 2.799038e+00
      vertex   -3.920600e+01 -3.031746e+01 2.560660e+00
      vertex   -3.708877e+01 -3.240348e+01 2.799038e+00
    endloop
  endfacet
  facet normal -4.703501e-01 -3.867429e-01 7.932217e-01
    outer loop
      vertex   -3.708877e+01 -3.240348e+01 2.799038e+00
      vertex   -3.920600e+01 -3.031746e+01 2.560660e+00
      vertex   -3.732272e+01 -3.260788e+01 2.560660e+00
    endloop
  endfacet
  facet normal -4.463794e-01 -4.141796e-01 7.932217e-01
    outer loop
      vertex   -3.708877e+01 -3.240348e+01 2.799038e+00
      vertex   -3.732272e+01 -3.260788e+01 2.560660e+00
      vertex   -3.508452e+01 -3.456355e+01 2.799038e+00
    endloop
  endfacet
  facet normal -4.463794e-01 -4.141796e-01 7.932217e-01
    outer loop
      vertex   -3.508452e+01 -3.456355e+01 2.799038e+00
      vertex   -3.732272e+01 -3.260788e+01 2.560660e+00
      vertex   -3.530583e+01 -3.478157e+01 2.560660e+00
    endloop
  endfacet
  facet normal -4.208108e-01 -4.401336e-01 7.932217e-01
    outer loop
      vertex   -3.508452e+01 -3.456355e+01 2.799038e+00
      vertex   -3.530583e+01 -3.478157e+01 2.560660e+00
      vertex   -3.295468e+01 -3.659988e+01 2.799038e+00
    endloop
  endfacet
  facet normal -4.208108e-01 -4.401336e-01 7.932217e-01
    outer loop
      vertex   -3.295468e+01 -3.659988e+01 2.799038e+00
      vertex   -3.530583e+01 -3.478157e+01 2.560660e+00
      vertex   -3.316255e+01 -3.683075e+01 2.560660e+00
    endloop
  endfacet
  facet normal -3.937358e-01 -4.645121e-01 7.932217e-01
    outer loop
      vertex   -3.295468e+01 -3.659988e+01 2.799038e+00
      vertex   -3.316255e+01 -3.683075e+01 2.560660e+00
      vertex   -3.070687e+01 -3.850520e+01 2.799038e+00
    endloop
  endfacet
  facet normal -3.937358e-01 -4.645121e-01 7.932217e-01
    outer loop
      vertex   -3.070687e+01 -3.850520e+01 2.799038e+00
      vertex   -3.316255e+01 -3.683075e+01 2.560660e+00
      vertex   -3.090057e+01 -3.874808e+01 2.560660e+00
    endloop
  endfacet
  facet normal -3.652513e-01 -4.872277e-01 7.932217e-01
    outer loop
      vertex   -3.070687e+01 -3.850520e+01 2.799038e+00
      vertex   -3.090057e+01 -3.874808e+01 2.560660e+00
      vertex   -2.834914e+01 -4.027268e+01 2.799038e+00
    endloop
  endfacet
  facet normal -3.652513e-01 -4.872277e-01 7.932217e-01
    outer loop
      vertex   -2.834914e+01 -4.027268e+01 2.799038e+00
      vertex   -3.090057e+01 -3.874808e+01 2.560660e+00
      vertex   -2.852796e+01 -4.052671e+01 2.560660e+00
    endloop
  endfacet
  facet normal -3.354593e-01 -5.081992e-01 7.932217e-01
    outer loop
      vertex   -2.834914e+01 -4.027268e+01 2.799038e+00
      vertex   -2.852796e+01 -4.052671e+01 2.560660e+00
      vertex   -2.588993e+01 -4.189599e+01 2.799038e+00
    endloop
  endfacet
  facet normal -3.354593e-01 -5.081992e-01 7.932217e-01
    outer loop
      vertex   -2.588993e+01 -4.189599e+01 2.799038e+00
      vertex   -2.852796e+01 -4.052671e+01 2.560660e+00
      vertex   -2.605323e+01 -4.216027e+01 2.560660e+00
    endloop
  endfacet
  facet normal -3.044665e-01 -5.273514e-01 7.932217e-01
    outer loop
      vertex   -2.588993e+01 -4.189599e+01 2.799038e+00
      vertex   -2.605323e+01 -4.216027e+01 2.560660e+00
      vertex   -2.333803e+01 -4.336933e+01 2.799038e+00
    endloop
  endfacet
  facet normal -3.044665e-01 -5.273514e-01 7.932217e-01
    outer loop
      vertex   -2.333803e+01 -4.336933e+01 2.799038e+00
      vertex   -2.605323e+01 -4.216027e+01 2.560660e+00
      vertex   -2.348524e+01 -4.364290e+01 2.560660e+00
    endloop
  endfacet
  facet normal -2.723837e-01 -5.446159e-01 7.932217e-01
    outer loop
      vertex   -2.333803e+01 -4.336933e+01 2.799038e+00
      vertex   -2.348524e+01 -4.364290e+01 2.560660e+00
      vertex   -2.070259e+01 -4.468742e+01 2.799038e+00
    endloop
  endfacet
  facet normal -2.723837e-01 -5.446159e-01 7.932217e-01
    outer loop
      vertex   -2.070259e+01 -4.468742e+01 2.799038e+00
      vertex   -2.348524e+01 -4.364290e+01 2.560660e+00
      vertex   -2.083318e+01 -4.496930e+01 2.560660e+00
    endloop
  endfacet
  facet normal -2.393259e-01 -5.599308e-01 7.932217e-01
    outer loop
      vertex   -2.070259e+01 -4.468742e+01 2.799038e+00
      vertex   -2.083318e+01 -4.496930e+01 2.560660e+00
      vertex   -1.799305e+01 -4.584553e+01 2.799038e+00
    endloop
  endfacet
  facet normal -2.393259e-01 -5.599308e-01 7.932217e-01
    outer loop
      vertex   -1.799305e+01 -4.584553e+01 2.799038e+00
      vertex   -2.083318e+01 -4.496930e+01 2.560660e+00
      vertex   -1.810654e+01 -4.613472e+01 2.560660e+00
    endloop
  endfacet
  facet normal -2.054113e-01 -5.732412e-01 7.932217e-01
    outer loop
      vertex   -1.799305e+01 -4.584553e+01 2.799038e+00
      vertex   -1.810654e+01 -4.613472e+01 2.560660e+00
      vertex   -1.521909e+01 -4.683953e+01 2.799038e+00
    endloop
  endfacet
  facet normal -2.054113e-01 -5.732412e-01 7.932217e-01
    outer loop
      vertex   -1.521909e+01 -4.683953e+01 2.799038e+00
      vertex   -1.810654e+01 -4.613472e+01 2.560660e+00
      vertex   -1.531509e+01 -4.713499e+01 2.560660e+00
    endloop
  endfacet
  facet normal -1.707615e-01 -5.844997e-01 7.932217e-01
    outer loop
      vertex   -1.521909e+01 -4.683953e+01 2.799038e+00
      vertex   -1.531509e+01 -4.713499e+01 2.560660e+00
      vertex   -1.239065e+01 -4.766586e+01 2.799038e+00
    endloop
  endfacet
  facet normal -1.707615e-01 -5.844997e-01 7.932217e-01
    outer loop
      vertex   -1.239065e+01 -4.766586e+01 2.799038e+00
      vertex   -1.531509e+01 -4.713499e+01 2.560660e+00
      vertex   -1.246881e+01 -4.796653e+01 2.560660e+00
    endloop
  endfacet
  facet normal -1.355003e-01 -5.936657e-01 7.932217e-01
    outer loop
      vertex   -1.239065e+01 -4.766586e+01 2.799038e+00
      vertex   -1.246881e+01 -4.796653e+01 2.560660e+00
      vertex   -9.517854e+00 -4.832156e+01 2.799038e+00
    endloop
  endfacet
  facet normal -1.355003e-01 -5.936657e-01 7.932217e-01
    outer loop
      vertex   -9.517854e+00 -4.832156e+01 2.799038e+00
      vertex   -1.246881e+01 -4.796653e+01 2.560660e+00
      vertex   -9.577891e+00 -4.862636e+01 2.560660e+00
    endloop
  endfacet
  facet normal -9.975412e-02 -6.007066e-01 7.932217e-01
    outer loop
      vertex   -9.517854e+00 -4.832156e+01 2.799038e+00
      vertex   -9.577891e+00 -4.862636e+01 2.560660e+00
      vertex   -6.610988e+00 -4.880428e+01 2.799038e+00
    endloop
  endfacet
  facet normal -9.975412e-02 -6.007066e-01 7.932217e-01
    outer loop
      vertex   -6.610988e+00 -4.880428e+01 2.799038e+00
      vertex   -9.577891e+00 -4.862636e+01 2.560660e+00
      vertex   -6.652689e+00 -4.911212e+01 2.560660e+00
    endloop
  endfacet
  facet normal -6.365083e-02 -6.055972e-01 7.932217e-01
    outer loop
      vertex   -6.610988e+00 -4.880428e+01 2.799038e+00
      vertex   -6.652689e+00 -4.911212e+01 2.560660e+00
      vertex   -3.680457e+00 -4.911229e+01 2.799038e+00
    endloop
  endfacet
  facet normal -6.365083e-02 -6.055972e-01 7.932217e-01
    outer loop
      vertex   -3.680457e+00 -4.911229e+01 2.799038e+00
      vertex   -6.652689e+00 -4.911212e+01 2.560660e+00
      vertex   -3.703673e+00 -4.942208e+01 2.560660e+00
    endloop
  endfacet
  facet normal -2.731967e-02 -6.083198e-01 7.932217e-01
    outer loop
      vertex   -3.680457e+00 -4.911229e+01 2.799038e+00
      vertex   -3.703673e+00 -4.942208e+01 2.560660e+00
      vertex   -7.367508e-01 -4.924449e+01 2.799038e+00
    endloop
  endfacet
  facet normal -2.731967e-02 -6.083198e-01 7.932217e-01
    outer loop
      vertex   -7.367508e-01 -4.924449e+01 2.799038e+00
      vertex   -3.703673e+00 -4.942208e+01 2.560660e+00
      vertex   -7.413981e-01 -4.955511e+01 2.560660e+00
    endloop
  endfacet
  facet normal 9.109276e-03 -6.088648e-01 7.932217e-01
    outer loop
      vertex   -7.367508e-01 -4.924449e+01 2.799038e+00
      vertex   -7.413981e-01 -4.955511e+01 2.560660e+00
      vertex   2.209593e+00 -4.920041e+01 2.799038e+00
    endloop
  endfacet
  facet normal 9.109276e-03 -6.088648e-01 7.932217e-01
    outer loop
      vertex   2.209593e+00 -4.920041e+01 2.799038e+00
      vertex   -7.413981e-01 -4.955511e+01 2.560660e+00
      vertex   2.223531e+00 -4.951076e+01 2.560660e+00
    endloop
  endfacet
  facet normal 4.550562e-02 -6.072303e-01 7.932217e-01
    outer loop
      vertex   2.209593e+00 -4.920041e+01 2.799038e+00
      vertex   2.223531e+00 -4.951076e+01 2.560660e+00
      vertex   5.148027e+00 -4.898020e+01 2.799038e+00
    endloop
  endfacet
  facet normal 4.550562e-02 -6.072303e-01 7.932217e-01
    outer loop
      vertex   5.148027e+00 -4.898020e+01 2.799038e+00
      vertex   2.223531e+00 -4.951076e+01 2.560660e+00
      vertex   5.180500e+00 -4.928916e+01 2.560660e+00
    endloop
  endfacet
  facet normal 8.173906e-02 -6.034220e-01 7.932217e-01
    outer loop
      vertex   5.148027e+00 -4.898020e+01 2.799038e+00
      vertex   5.180500e+00 -4.928916e+01 2.560660e+00
      vertex   8.068032e+00 -4.858466e+01 2.799038e+00
    endloop
  endfacet
  facet normal 8.173906e-02 -6.034220e-01 7.932217e-01
    outer loop
      vertex   8.068032e+00 -4.858466e+01 2.799038e+00
      vertex   5.180500e+00 -4.928916e+01 2.560660e+00
      vertex   8.118924e+00 -4.889113e+01 2.560660e+00
    endloop
  endfacet
  facet normal 1.176799e-01 -5.974536e-01 7.932217e-01
    outer loop
      vertex   8.068032e+00 -4.858466e+01 2.799038e+00
      vertex   8.118924e+00 -4.889113e+01 2.560660e+00
      vertex   1.095916e+01 -4.801520e+01 2.799038e+00
    endloop
  endfacet
  facet normal 1.176799e-01 -5.974536e-01 7.932217e-01
    outer loop
      vertex   1.095916e+01 -4.801520e+01 2.799038e+00
      vertex   8.118924e+00 -4.889113e+01 2.560660e+00
      vertex   1.102828e+01 -4.831807e+01 2.560660e+00
    endloop
  endfacet
  facet normal 1.531995e-01 -5.893465e-01 7.932217e-01
    outer loop
      vertex   1.095916e+01 -4.801520e+01 2.799038e+00
      vertex   1.102828e+01 -4.831807e+01 2.560660e+00
      vertex   1.381105e+01 -4.727386e+01 2.799038e+00
    endloop
  endfacet
  facet normal 1.531995e-01 -5.893465e-01 7.932217e-01
    outer loop
      vertex   1.381105e+01 -4.727386e+01 2.799038e+00
      vertex   1.102828e+01 -4.831807e+01 2.560660e+00
      vertex   1.389817e+01 -4.757205e+01 2.560660e+00
    endloop
  endfacet
  facet normal 1.881706e-01 -5.791297e-01 7.932217e-01
    outer loop
      vertex   1.381105e+01 -4.727386e+01 2.799038e+00
      vertex   1.389817e+01 -4.757205e+01 2.560660e+00
      vertex   1.661350e+01 -4.636328e+01 2.799038e+00
    endloop
  endfacet
  facet normal 1.881706e-01 -5.791297e-01 7.932217e-01
    outer loop
      vertex   1.661350e+01 -4.636328e+01 2.799038e+00
      vertex   1.389817e+01 -4.757205e+01 2.560660e+00
      vertex   1.671830e+01 -4.665573e+01 2.560660e+00
    endloop
  endfacet
  facet normal 2.224682e-01 -5.668397e-01 7.932217e-01
    outer loop
      vertex   1.661350e+01 -4.636328e+01 2.799038e+00
      vertex   1.671830e+01 -4.665573e+01 2.560660e+00
      vertex   1.935648e+01 -4.528674e+01 2.799038e+00
    endloop
  endfacet
  facet normal 2.224682e-01 -5.668397e-01 7.932217e-01
    outer loop
      vertex   1.935648e+01 -4.528674e+01 2.799038e+00
      vertex   1.671830e+01 -4.665573e+01 2.560660e+00
      vertex   1.947858e+01 -4.557240e+01 2.560660e+00
    endloop
  endfacet
  facet normal 2.559694e-01 -5.525206e-01 7.932217e-01
    outer loop
      vertex   1.935648e+01 -4.528674e+01 2.799038e+00
      vertex   1.947858e+01 -4.557240e+01 2.560660e+00
      vertex   2.203017e+01 -4.404809e+01 2.799038e+00
    endloop
  endfacet
  facet normal 2.559694e-01 -5.525206e-01 7.932217e-01
    outer loop
      vertex   2.203017e+01 -4.404809e+01 2.799038e+00
      vertex   1.947858e+01 -4.557240e+01 2.560660e+00
      vertex   2.216913e+01 -4.432593e+01 2.560660e+00
    endloop
  endfacet
  facet normal 2.885542e-01 -5.362236e-01 7.932217e-01
    outer loop
      vertex   2.203017e+01 -4.404809e+01 2.799038e+00
      vertex   2.216913e+01 -4.432593e+01 2.560660e+00
      vertex   2.462500e+01 -4.265175e+01 2.799038e+00
    endloop
  endfacet
  facet normal 2.885542e-01 -5.362236e-01 7.932217e-01
    outer loop
      vertex   2.462500e+01 -4.265175e+01 2.799038e+00
      vertex   2.216913e+01 -4.432593e+01 2.560660e+00
      vertex   2.478033e+01 -4.292079e+01 2.560660e+00
    endloop
  endfacet
  facet normal 3.201062e-01 -5.180071e-01 7.932217e-01
    outer loop
      vertex   2.462500e+01 -4.265175e+01 2.799038e+00
      vertex   2.478033e+01 -4.292079e+01 2.560660e+00
      vertex   2.713168e+01 -4.110273e+01 2.799038e+00
    endloop
  endfacet
  facet normal 3.201062e-01 -5.180071e-01 7.932217e-01
    outer loop
      vertex   2.713168e+01 -4.110273e+01 2.799038e+00
      vertex   2.478033e+01 -4.292079e+01 2.560660e+00
      vertex   2.730282e+01 -4.136200e+01 2.560660e+00
    endloop
  endfacet
  facet normal 3.505122e-01 -4.979363e-01 7.932217e-01
    outer loop
      vertex   2.713168e+01 -4.110273e+01 2.799038e+00
      vertex   2.730282e+01 -4.136200e+01 2.560660e+00
      vertex   2.954123e+01 -3.940658e+01 2.799038e+00
    endloop
  endfacet
  facet normal 3.505122e-01 -4.979363e-01 7.932217e-01
    outer loop
      vertex   2.954123e+01 -3.940658e+01 2.799038e+00
      vertex   2.730282e+01 -4.136200e+01 2.560660e+00
      vertex   2.972757e+01 -3.965515e+01 2.560660e+00
    endloop
  endfacet
  facet normal 3.796635e-01 -4.760830e-01 7.932217e-01
    outer loop
      vertex   2.954123e+01 -3.940658e+01 2.799038e+00
      vertex   2.972757e+01 -3.965515e+01 2.560660e+00
      vertex   3.184503e+01 -3.756936e+01 2.799038e+00
    endloop
  endfacet
  facet normal 3.796635e-01 -4.760830e-01 7.932217e-01
    outer loop
      vertex   3.184503e+01 -3.756936e+01 2.799038e+00
      vertex   2.972757e+01 -3.965515e+01 2.560660e+00
      vertex   3.204590e+01 -3.780634e+01 2.560660e+00
    endloop
  endfacet
  facet normal 4.074557e-01 -4.525254e-01 7.932217e-01
    outer loop
      vertex   3.184503e+01 -3.756936e+01 2.799038e+00
      vertex   3.204590e+01 -3.780634e+01 2.560660e+00
      vertex   3.403484e+01 -3.559765e+01 2.799038e+00
    endloop
  endfacet
  facet normal 4.074557e-01 -4.525254e-01 7.932217e-01
    outer loop
      vertex   3.403484e+01 -3.559765e+01 2.799038e+00
      vertex   3.204590e+01 -3.780634e+01 2.560660e+00
      vertex   3.424952e+01 -3.582219e+01 2.560660e+00
    endloop
  endfacet
  facet normal 4.337893e-01 -4.273479e-01 7.932217e-01
    outer loop
      vertex   3.403484e+01 -3.559765e+01 2.799038e+00
      vertex   3.424952e+01 -3.582219e+01 2.560660e+00
      vertex   3.610280e+01 -3.349851e+01 2.799038e+00
    endloop
  endfacet
  facet normal 4.337893e-01 -4.273479e-01 7.932217e-01
    outer loop
      vertex   3.610280e+01 -3.349851e+01 2.799038e+00
      vertex   3.424952e+01 -3.582219e+01 2.560660e+00
      vertex   3.633053e+01 -3.370981e+01 2.560660e+00
    endloop
  endfacet
  facet normal 4.585700e-01 -4.006406e-01 7.932217e-01
    outer loop
      vertex   3.610280e+01 -3.349851e+01 2.799038e+00
      vertex   3.633053e+01 -3.370981e+01 2.560660e+00
      vertex   3.804154e+01 -3.127945e+01 2.799038e+00
    endloop
  endfacet
  facet normal 4.585700e-01 -4.006406e-01 7.932217e-01
    outer loop
      vertex   3.804154e+01 -3.127945e+01 2.799038e+00
      vertex   3.633053e+01 -3.370981e+01 2.560660e+00
      vertex   3.828149e+01 -3.147676e+01 2.560660e+00
    endloop
  endfacet
  facet normal 4.817092e-01 -3.724991e-01 7.932217e-01
    outer loop
      vertex   3.804154e+01 -3.127945e+01 2.799038e+00
      vertex   3.828149e+01 -3.147676e+01 2.560660e+00
      vertex   3.984409e+01 -2.894842e+01 2.799038e+00
    endloop
  endfacet
  facet normal 4.817092e-01 -3.724991e-01 7.932217e-01
    outer loop
      vertex   3.984409e+01 -2.894842e+01 2.799038e+00
      vertex   3.828149e+01 -3.147676e+01 2.560660e+00
      vertex   4.009542e+01 -2.913103e+01 2.560660e+00
    endloop
  endfacet
  facet normal 5.031240e-01 -3.430241e-01 7.932217e-01
    outer loop
      vertex   3.984409e+01 -2.894842e+01 2.799038e+00
      vertex   4.009542e+01 -2.913103e+01 2.560660e+00
      vertex   4.150401e+01 -2.651377e+01 2.799038e+00
    endloop
  endfacet
  facet normal 5.031240e-01 -3.430241e-01 7.932217e-01
    outer loop
      vertex   4.150401e+01 -2.651377e+01 2.799038e+00
      vertex   4.009542e+01 -2.913103e+01 2.560660e+00
      vertex   4.176581e+01 -2.668101e+01 2.560660e+00
    endloop
  endfacet
  facet normal 5.227378e-01 -3.123213e-01 7.932217e-01
    outer loop
      vertex   4.150401e+01 -2.651377e+01 2.799038e+00
      vertex   4.176581e+01 -2.668101e+01 2.560660e+00
      vertex   4.301535e+01 -2.398420e+01 2.799038e+00
    endloop
  endfacet
  facet normal 5.227378e-01 -3.123213e-01 7.932217e-01
    outer loop
      vertex   4.301535e+01 -2.398420e+01 2.799038e+00
      vertex   4.176581e+01 -2.668101e+01 2.560660e+00
      vertex   4.328669e+01 -2.413549e+01 2.560660e+00
    endloop
  endfacet
  facet normal 5.404802e-01 -2.805004e-01 7.932217e-01
    outer loop
      vertex   4.301535e+01 -2.398420e+01 2.799038e+00
      vertex   4.328669e+01 -2.413549e+01 2.560660e+00
      vertex   4.437272e+01 -2.136877e+01 2.799038e+00
    endloop
  endfacet
  facet normal 5.404802e-01 -2.805004e-01 7.932217e-01
    outer loop
      vertex   4.437272e+01 -2.136877e+01 2.799038e+00
      vertex   4.328669e+01 -2.413549e+01 2.560660e+00
      vertex   4.465261e+01 -2.150356e+01 2.560660e+00
    endloop
  endfacet
  facet normal 5.562879e-01 -2.476753e-01 7.932217e-01
    outer loop
      vertex   4.437272e+01 -2.136877e+01 2.799038e+00
      vertex   4.465261e+01 -2.150356e+01 2.560660e+00
      vertex   4.557124e+01 -1.867685e+01 2.799038e+00
    endloop
  endfacet
  facet normal 5.562879e-01 -2.476753e-01 7.932217e-01
    outer loop
      vertex   4.557124e+01 -1.867685e+01 2.799038e+00
      vertex   4.465261e+01 -2.150356e+01 2.560660e+00
      vertex   4.585869e+01 -1.879466e+01 2.560660e+00
    endloop
  endfacet
  facet normal 5.701043e-01 -2.139637e-01 7.932217e-01
    outer loop
      vertex   4.557124e+01 -1.867685e+01 2.799038e+00
      vertex   4.585869e+01 -1.879466e+01 2.560660e+00
      vertex   4.660662e+01 -1.591808e+01 2.799038e+00
    endloop
  endfacet
  facet normal 5.701043e-01 -2.139637e-01 7.932217e-01
    outer loop
      vertex   4.660662e+01 -1.591808e+01 2.799038e+00
      vertex   4.585869e+01 -1.879466e+01 2.560660e+00
      vertex   4.690061e+01 -1.601848e+01 2.560660e+00
    endloop
  endfacet
  facet normal 5.818798e-01 -1.794861e-01 7.932217e-01
    outer loop
      vertex   4.660662e+01 -1.591808e+01 2.799038e+00
      vertex   4.690061e+01 -1.601848e+01 2.560660e+00
      vertex   4.747517e+01 -1.310231e+01 2.799038e+00
    endloop
  endfacet
  facet normal 5.818798e-01 -1.794861e-01 7.932217e-01
    outer loop
      vertex   4.747517e+01 -1.310231e+01 2.799038e+00
      vertex   4.690061e+01 -1.601848e+01 2.560660e+00
      vertex   4.777464e+01 -1.318496e+01 2.560660e+00
    endloop
  endfacet
  facet normal 5.915723e-01 -1.443661e-01 7.932217e-01
    outer loop
      vertex   4.747517e+01 -1.310231e+01 2.799038e+00
      vertex   4.777464e+01 -1.318496e+01 2.560660e+00
      vertex   4.817377e+01 -1.023965e+01 2.799038e+00
    endloop
  endfacet
  facet normal 5.915723e-01 -1.443661e-01 7.932217e-01
    outer loop
      vertex   4.817377e+01 -1.023965e+01 2.799038e+00
      vertex   4.777464e+01 -1.318496e+01 2.560660e+00
      vertex   4.847764e+01 -1.030424e+01 2.560660e+00
    endloop
  endfacet
  facet normal 5.991472e-01 -1.087292e-01 7.932217e-01
    outer loop
      vertex   4.817377e+01 -1.023965e+01 2.799038e+00
      vertex   4.847764e+01 -1.030424e+01 2.560660e+00
      vertex   4.869992e+01 -7.340332e+00 2.799038e+00
    endloop
  endfacet
  facet normal 5.991472e-01 -1.087292e-01 7.932217e-01
    outer loop
      vertex   4.869992e+01 -7.340332e+00 2.799038e+00
      vertex   4.847764e+01 -1.030424e+01 2.560660e+00
      vertex   4.900711e+01 -7.386633e+00 2.560660e+00
    endloop
  endfacet
  facet normal 6.045772e-01 -7.270308e-02 7.932217e-01
    outer loop
      vertex   4.869992e+01 -7.340332e+00 2.799038e+00
      vertex   4.900711e+01 -7.386633e+00 2.560660e+00
      vertex   4.905173e+01 -4.414736e+00 2.799038e+00
    endloop
  endfacet
  facet normal 6.045772e-01 -7.270308e-02 7.932217e-01
    outer loop
      vertex   4.905173e+01 -4.414736e+00 2.799038e+00
      vertex   4.900711e+01 -7.386633e+00 2.560660e+00
      vertex   4.936114e+01 -4.442583e+00 2.560660e+00
    endloop
  endfacet
  facet normal 6.078430e-01 -3.641672e-02 7.932217e-01
    outer loop
      vertex   4.905173e+01 -4.414736e+00 2.799038e+00
      vertex   4.936114e+01 -4.442583e+00 2.560660e+00
      vertex   4.922796e+01 -1.473337e+00 2.799038e+00
    endloop
  endfacet
  facet normal 6.078430e-01 -3.641672e-02 7.932217e-01
    outer loop
      vertex   4.922796e+01 -1.473337e+00 2.799038e+00
      vertex   4.936114e+01 -4.442583e+00 2.560660e+00
      vertex   4.953848e+01 -1.482630e+00 2.560660e+00
    endloop
  endfacet
  facet normal 6.089330e-01 -0.000000e+00 7.932217e-01
    outer loop
      vertex   4.922796e+01 -1.473337e+00 2.799038e+00
      vertex   4.953848e+01 -1.482630e+00 2.560660e+00
      vertex   4.922796e+01 1.473337e+00 2.799038e+00
    endloop
  endfacet
  facet normal 6.089330e-01 0.000000e+00 7.932217e-01
    outer loop
      vertex   4.922796e+01 1.473337e+00 2.799038e+00
      vertex   4.953848e+01 -1.482630e+00 2.560660e+00
      vertex   4.953848e+01 1.482630e+00 2.560660e+00
    endloop
  endfacet
  facet normal 6.078430e-01 3.641672e-02 7.932217e-01
    outer loop
      vertex   4.922796e+01 1.473337e+00 2.799038e+00
      vertex   4.953848e+01 1.482630e+00 2.560660e+00
      vertex   4.905173e+01 4.414736e+00 2.799038e+00
    endloop
  endfacet
  facet normal 6.078430e-01 3.641672e-02 7.932217e-01
    outer loop
      vertex   4.905173e+01 4.414736e+00 2.799038e+00
      vertex   4.953848e+01 1.482630e+00 2.560660e+00
      vertex   4.936114e+01 4.442583e+00 2.560660e+00
    endloop
  endfacet
  facet normal 6.045772e-01 7.270308e-02 7.932217e-01
    outer loop
      vertex   4.905173e+01 4.414736e+00 2.799038e+00
      vertex   4.936114e+01 4.442583e+00 2.560660e+00
      vertex   4.869992e+01 7.340332e+00 2.799038e+00
    endloop
  endfacet
  facet normal 6.045772e-01 7.270308e-02 7.932217e-01
    outer loop
      vertex   4.869992e+01 7.340332e+00 2.799038e+00
      vertex   4.936114e+01 4.442583e+00 2.560660e+00
      vertex   4.900711e+01 7.386633e+00 2.560660e+00
    endloop
  endfacet
  facet normal 5.991472e-01 1.087292e-01 7.932217e-01
    outer loop
      vertex   4.869992e+01 7.340332e+00 2.799038e+00
      vertex   4.900711e+01 7.386633e+00 2.560660e+00
      vertex   4.817377e+01 1.023965e+01 2.799038e+00
    endloop
  endfacet
  facet normal 5.991472e-01 1.087292e-01 7.932217e-01
    outer loop
      vertex   4.817377e+01 1.023965e+01 2.799038e+00
      vertex   4.900711e+01 7.386633e+00 2.560660e+00
      vertex   4.847764e+01 1.030424e+01 2.560660e+00
    endloop
  endfacet
  facet normal 5.915723e-01 1.443661e-01 7.932217e-01
    outer loop
      vertex   4.817377e+01 1.023965e+01 2.799038e+00
      vertex   4.847764e+01 1.030424e+01 2.560660e+00
      vertex   4.747517e+01 1.310231e+01 2.799038e+00
    endloop
  endfacet
  facet normal 5.915723e-01 1.443661e-01 7.932217e-01
    outer loop
      vertex   4.747517e+01 1.310231e+01 2.799038e+00
      vertex   4.847764e+01 1.030424e+01 2.560660e+00
      vertex   4.777464e+01 1.318496e+01 2.560660e+00
    endloop
  endfacet
  facet normal 5.818798e-01 1.794861e-01 7.932217e-01
    outer loop
      vertex   4.747517e+01 1.310231e+01 2.799038e+00
      vertex   4.777464e+01 1.318496e+01 2.560660e+00
      vertex   4.660662e+01 1.591808e+01 2.799038e+00
    endloop
  endfacet
  facet normal 5.818798e-01 1.794861e-01 7.932217e-01
    outer loop
      vertex   4.660662e+01 1.591808e+01 2.799038e+00
      vertex   4.777464e+01 1.318496e+01 2.560660e+00
      vertex   4.690061e+01 1.601848e+01 2.560660e+00
    endloop
  endfacet
  facet normal 5.701043e-01 2.139637e-01 7.932217e-01
    outer loop
      vertex   4.660662e+01 1.591808e+01 2.799038e+00
      vertex   4.690061e+01 1.601848e+01 2.560660e+00
      vertex   4.557124e+01 1.867685e+01 2.799038e+00
    endloop
  endfacet
  facet normal 5.701043e-01 2.139637e-01 7.932217e-01
    outer loop
      vertex   4.557124e+01 1.867685e+01 2.799038e+00
      vertex   4.690061e+01 1.601848e+01 2.560660e+00
      vertex   4.585869e+01 1.879466e+01 2.560660e+00
    endloop
  endfacet
  facet normal 5.562879e-01 2.476753e-01 7.932217e-01
    outer loop
      vertex   4.557124e+01 1.867685e+01 2.799038e+00
      vertex   4.585869e+01 1.879466e+01 2.560660e+00
      vertex   4.437272e+01 2.136877e+01 2.799038e+00
    endloop
  endfacet
  facet normal 5.562879e-01 2.476753e-01 7.932217e-01
    outer loop
      vertex   4.437272e+01 2.136877e+01 2.799038e+00
      vertex   4.585869e+01 1.879466e+01 2.560660e+00
      vertex   4.465261e+01 2.150356e+01 2.560660e+00
    endloop
  endfacet
  facet normal 5.404802e-01 2.805004e-01 7.932217e-01
    outer loop
      vertex   4.437272e+01 2.136877e+01 2.799038e+00
      vertex   4.465261e+01 2.150356e+01 2.560660e+00
      vertex   4.301535e+01 2.398420e+01 2.799038e+00
    endloop
  endfacet
  facet normal 5.404802e-01 2.805004e-01 7.932217e-01
    outer loop
      vertex   4.301535e+01 2.398420e+01 2.799038e+00
      vertex   4.465261e+01 2.150356e+01 2.560660e+00
      vertex   4.328669e+01 2.413549e+01 2.560660e+00
    endloop
  endfacet
  facet normal 5.227378e-01 3.123213e-01 7.932217e-01
    outer loop
      vertex   4.301535e+01 2.398420e+01 2.799038e+00
      vertex   4.328669e+01 2.413549e+01 2.560660e+00
      vertex   4.150401e+01 2.651377e+01 2.799038e+00
    endloop
  endfacet
  facet normal 5.227378e-01 3.123213e-01 7.932217e-01
    outer loop
      vertex   4.150401e+01 2.651377e+01 2.799038e+00
      vertex   4.328669e+01 2.413549e+01 2.560660e+00
      vertex   4.176581e+01 2.668101e+01 2.560660e+00
    endloop
  endfacet
  facet normal 5.031240e-01 3.430241e-01 7.932217e-01
    outer loop
      vertex   4.150401e+01 2.651377e+01 2.799038e+00
      vertex   4.176581e+01 2.668101e+01 2.560660e+00
      vertex   3.984409e+01 2.894842e+01 2.799038e+00
    endloop
  endfacet
  facet normal 5.031240e-01 3.430241e-01 7.932217e-01
    outer loop
      vertex   3.984409e+01 2.894842e+01 2.799038e+00
      vertex   4.176581e+01 2.668101e+01 2.560660e+00
      vertex   4.009542e+01 2.913103e+01 2.560660e+00
    endloop
  endfacet
  facet normal 4.817092e-01 3.724991e-01 7.932217e-01
    outer loop
      vertex   3.984409e+01 2.894842e+01 2.799038e+00
      vertex   4.009542e+01 2.913103e+01 2.560660e+00
      vertex   3.804154e+01 3.127945e+01 2.799038e+00
    endloop
  endfacet
  facet normal 4.817092e-01 3.724991e-01 7.932217e-01
    outer loop
      vertex   3.804154e+01 3.127945e+01 2.799038e+00
      vertex   4.009542e+01 2.913103e+01 2.560660e+00
      vertex   3.828149e+01 3.147676e+01 2.560660e+00
    endloop
  endfacet
  facet normal 4.585700e-01 4.006406e-01 7.932217e-01
    outer loop
      vertex   3.804154e+01 3.127945e+01 2.799038e+00
      vertex   3.828149e+01 3.147676e+01 2.560660e+00
      vertex   3.610280e+01 3.349851e+01 2.799038e+00
    endloop
  endfacet
  facet normal 4.585700e-01 4.006406e-01 7.932217e-01
    outer loop
      vertex   3.610280e+01 3.349851e+01 2.799038e+00
      vertex   3.828149e+01 3.147676e+01 2.560660e+00
      vertex   3.633053e+01 3.370981e+01 2.560660e+00
    endloop
  endfacet
  facet normal 4.337893e-01 4.273479e-01 7.932217e-01
    outer loop
      vertex   3.610280e+01 3.349851e+01 2.799038e+00
      vertex   3.633053e+01 3.370981e+01 2.560660e+00
      vertex   3.403484e+01 3.559765e+01 2.799038e+00
    endloop
  endfacet
  facet normal 4.337893e-01 4.273479e-01 7.932217e-01
    outer loop
      vertex   3.403484e+01 3.559765e+01 2.799038e+00
      vertex   3.633053e+01 3.370981e+01 2.560660e+00
      vertex   3.424952e+01 3.582219e+01 2.560660e+00
    endloop
  endfacet
  facet normal 4.074557e-01 4.525254e-01 7.932217e-01
    outer loop
      vertex   3.403484e+01 3.559765e+01 2.799038e+00
      vertex   3.424952e+01 3.582219e+01 2.560660e+00
      vertex   3.184503e+01 3.756936e+01 2.799038e+00
    endloop
  endfacet
  facet normal 4.074557e-01 4.525254e-01 7.932217e-01
    outer loop
      vertex   3.184503e+01 3.756936e+01 2.799038e+00
      vertex   3.424952e+01 3.582219e+01 2.560660e+00
      vertex   3.204590e+01 3.780634e+01 2.560660e+00
    endloop
  endfacet
  facet normal 3.796635e-01 4.760830e-01 7.932217e-01
    outer loop
      vertex   3.184503e+01 3.756936e+01 2.799038e+00
      vertex   3.204590e+01 3.780634e+01 2.560660e+00
      vertex   2.954123e+01 3.940658e+01 2.799038e+00
    endloop
  endfacet
  facet normal 3.796635e-01 4.760830e-01 7.932217e-01
    outer loop
      vertex   2.954123e+01 3.940658e+01 2.799038e+00
      vertex   3.204590e+01 3.780634e+01 2.560660e+00
      vertex   2.972757e+01 3.965515e+01 2.560660e+00
    endloop
  endfacet
  facet normal 3.505122e-01 4.979363e-01 7.932217e-01
    outer loop
      vertex   2.954123e+01 3.940658e+01 2.799038e+00
      vertex   2.972757e+01 3.965515e+01 2.560660e+00
      vertex   2.713168e+01 4.110273e+01 2.799038e+00
    endloop
  endfacet
  facet normal 3.505122e-01 4.979363e-01 7.932217e-01
    outer loop
      vertex   2.713168e+01 4.110273e+01 2.799038e+00
      vertex   2.972757e+01 3.965515e+01 2.560660e+00
      vertex   2.730282e+01 4.136200e+01 2.560660e+00
    endloop
  endfacet
  facet normal 3.201062e-01 5.180071e-01 7.932217e-01
    outer loop
      vertex   2.713168e+01 4.110273e+01 2.799038e+00
      vertex   2.730282e+01 4.136200e+01 2.560660e+00
      vertex   2.462500e+01 4.265175e+01 2.799038e+00
    endloop
  endfacet
  facet normal 3.201062e-01 5.180071e-01 7.932217e-01
    outer loop
      vertex   2.462500e+01 4.265175e+01 2.799038e+00
      vertex   2.730282e+01 4.136200e+01 2.560660e+00
      vertex   2.478033e+01 4.292079e+01 2.560660e+00
    endloop
  endfacet
  facet normal 2.885542e-01 5.362236e-01 7.932217e-01
    outer loop
      vertex   2.462500e+01 4.265175e+01 2.799038e+00
      vertex   2.478033e+01 4.292079e+01 2.560660e+00
      vertex   2.203017e+01 4.404809e+01 2.799038e+00
    endloop
  endfacet
  facet normal 2.885542e-01 5.362236e-01 7.932217e-01
    outer loop
      vertex   2.203017e+01 4.404809e+01 2.799038e+00
      vertex   2.478033e+01 4.292079e+01 2.560660e+00
      vertex   2.216913e+01 4.432593e+01 2.560660e+00
    endloop
  endfacet
  facet normal 2.559694e-01 5.525206e-01 7.932217e-01
    outer loop
      vertex   2.203017e+01 4.404809e+01 2.799038e+00
      vertex   2.216913e+01 4.432593e+01 2.560660e+00
      vertex   1.935648e+01 4.528674e+01 2.799038e+00
    endloop
  endfacet
  facet normal 2.559694e-01 5.525206e-01 7.932217e-01
    outer loop
      vertex   1.935648e+01 4.528674e+01 2.799038e+00
      vertex   2.216913e+01 4.432593e+01 2.560660e+00
      vertex   1.947858e+01 4.557240e+01 2.560660e+00
    endloop
  endfacet
  facet normal 2.224682e-01 5.668397e-01 7.932217e-01
    outer loop
      vertex   1.935648e+01 4.528674e+01 2.799038e+00
      vertex   1.947858e+01 4.557240e+01 2.560660e+00
      vertex   1.661350e+01 4.636328e+01 2.799038e+00
    endloop
  endfacet
  facet normal 2.224682e-01 5.668397e-01 7.932217e-01
    outer loop
      vertex   1.661350e+01 4.636328e+01 2.799038e+00
      vertex   1.947858e+01 4.557240e+01 2.560660e+00
      vertex   1.671830e+01 4.665573e+01 2.560660e+00
    endloop
  endfacet
  facet normal 1.881706e-01 5.791297e-01 7.932217e-01
    outer loop
      vertex   1.661350e+01 4.636328e+01 2.799038e+00
      vertex   1.671830e+01 4.665573e+01 2.560660e+00
      vertex   1.381105e+01 4.727386e+01 2.799038e+00
    endloop
  endfacet
  facet normal 1.881706e-01 5.791297e-01 7.932217e-01
    outer loop
      vertex   1.381105e+01 4.727386e+01 2.799038e+00
      vertex   1.671830e+01 4.665573e+01 2.560660e+00
      vertex   1.389817e+01 4.757205e+01 2.560660e+00
    endloop
  endfacet
  facet normal 1.531995e-01 5.893465e-01 7.932217e-01
    outer loop
      vertex   1.381105e+01 4.727386e+01 2.799038e+00
      vertex   1.389817e+01 4.757205e+01 2.560660e+00
      vertex   1.095916e+01 4.801520e+01 2.799038e+00
    endloop
  endfacet
  facet normal 1.531995e-01 5.893465e-01 7.932217e-01
    outer loop
      vertex   1.095916e+01 4.801520e+01 2.799038e+00
      vertex   1.389817e+01 4.757205e+01 2.560660e+00
      vertex   1.102828e+01 4.831807e+01 2.560660e+00
    endloop
  endfacet
  facet normal 1.176799e-01 5.974536e-01 7.932217e-01
    outer loop
      vertex   1.095916e+01 4.801520e+01 2.799038e+00
      vertex   1.102828e+01 4.831807e+01 2.560660e+00
      vertex   8.068032e+00 4.858466e+01 2.799038e+00
    endloop
  endfacet
  facet normal 1.176799e-01 5.974536e-01 7.932217e-01
    outer loop
      vertex   8.068032e+00 4.858466e+01 2.799038e+00
      vertex   1.102828e+01 4.831807e+01 2.560660e+00
      vertex   8.118924e+00 4.889113e+01 2.560660e+00
    endloop
  endfacet
  facet normal 8.173906e-02 6.034220e-01 7.932217e-01
    outer loop
      vertex   8.068032e+00 4.858466e+01 2.799038e+00
      vertex   8.118924e+00 4.889113e+01 2.560660e+00
      vertex   5.148027e+00 4.898020e+01 2.799038e+00
    endloop
  endfacet
  facet normal 8.173906e-02 6.034220e-01 7.932217e-01
    outer loop
      vertex   5.148027e+00 4.898020e+01 2.799038e+00
      vertex   8.118924e+00 4.889113e+01 2.560660e+00
      vertex   5.180500e+00 4.928916e+01 2.560660e+00
    endloop
  endfacet
  facet normal 4.550562e-02 6.072303e-01 7.932217e-01
    outer loop
      vertex   5.148027e+00 4.898020e+01 2.799038e+00
      vertex   5.180500e+00 4.928916e+01 2.560660e+00
      vertex   2.209593e+00 4.920041e+01 2.799038e+00
    endloop
  endfacet
  facet normal 4.550562e-02 6.072303e-01 7.932217e-01
    outer loop
      vertex   2.209593e+00 4.920041e+01 2.799038e+00
      vertex   5.180500e+00 4.928916e+01 2.560660e+00
      vertex   2.223531e+00 4.951076e+01 2.560660e+00
    endloop
  endfacet
  facet normal 9.109276e-03 6.088648e-01 7.932217e-01
    outer loop
      vertex   2.209593e+00 4.920041e+01 2.799038e+00
      vertex   2.223531e+00 4.951076e+01 2.560660e+00
      vertex   -7.367508e-01 4.924449e+01 2.799038e+00
    endloop
  endfacet
  facet normal 9.109276e-03 6.088648e-01 7.932217e-01
    outer loop
      vertex   -7.367508e-01 4.924449e+01 2.799038e+00
      vertex   2.223531e+00 4.951076e+01 2.560660e+00
      vertex   -7.413981e-01 4.955511e+01 2.560660e+00
    endloop
  endfacet
  facet normal -2.731967e-02 6.083198e-01 7.932217e-01
    outer loop
      vertex   -7.367508e-01 4.924449e+01 2.799038e+00
      vertex   -7.413981e-01 4.955511e+01 2.560660e+00
      vertex   -3.680457e+00 4.911229e+01 2.799038e+00
    endloop
  endfacet
  facet normal -2.731967e-02 6.083198e-01 7.932217e-01
    outer loop
      vertex   -3.680457e+00 4.911229e+01 2.799038e+00
      vertex   -7.413981e-01 4.955511e+01 2.560660e+00
      vertex   -3.703673e+00 4.942208e+01 2.560660e+00
    endloop
  endfacet
  facet normal -6.365083e-02 6.055972e-01 7.932217e-01
    outer loop
      vertex   -3.680457e+00 4.911229e+01 2.799038e+00
      vertex   -3.703673e+00 4.942208e+01 2.560660e+00
      vertex   -6.610988e+00 4.880428e+01 2.799038e+00
    endloop
  endfacet
  facet normal -6.365083e-02 6.055972e-01 7.932217e-01
    outer loop
      vertex   -6.610988e+00 4.880428e+01 2.799038e+00
      vertex   -3.703673e+00 4.942208e+01 2.560660e+00
      vertex   -6.652689e+00 4.911212e+01 2.560660e+00
    endloop
  endfacet
  facet normal -9.975412e-02 6.007066e-01 7.932217e-01
    outer loop
      vertex   -6.610988e+00 4.880428e+01 2.799038e+00
      vertex   -6.652689e+00 4.911212e+01 2.560660e+00
      vertex   -9.517854e+00 4.832156e+01 2.799038e+00
    endloop
  endfacet
  facet normal -9.975412e-02 6.007066e-01 7.932217e-01
    outer loop
      vertex   -9.517854e+00 4.832156e+01 2.799038e+00
      vertex   -6.652689e+00 4.911212e+01 2.560660e+00
      vertex   -9.577891e+00 4.862636e+01 2.560660e+00
    endloop
  endfacet
  facet normal -1.355003e-01 5.936657e-01 7.932217e-01
    outer loop
      vertex   -9.517854e+00 4.832156e+01 2.799038e+00
      vertex   -9.577891e+00 4.862636e+01 2.560660e+00
      vertex   -1.239065e+01 4.766586e+01 2.799038e+00
    endloop
  endfacet
  facet normal -1.355003e-01 5.936657e-01 7.932217e-01
    outer loop
      vertex   -1.239065e+01 4.766586e+01 2.799038e+00
      vertex   -9.577891e+00 4.862636e+01 2.560660e+00
      vertex   -1.246881e+01 4.796653e+01 2.560660e+00
    endloop
  endfacet
  facet normal -1.707615e-01 5.844997e-01 7.932217e-01
    outer loop
      vertex   -1.239065e+01 4.766586e+01 2.799038e+00
      vertex   -1.246881e+01 4.796653e+01 2.560660e+00
      vertex   -1.521909e+01 4.683953e+01 2.799038e+00
    endloop
  endfacet
  facet normal -1.707615e-01 5.844997e-01 7.932217e-01
    outer loop
      vertex   -1.521909e+01 4.683953e+01 2.799038e+00
      vertex   -1.246881e+01 4.796653e+01 2.560660e+00
      vertex   -1.531509e+01 4.713499e+01 2.560660e+00
    endloop
  endfacet
  facet normal -2.054113e-01 5.732412e-01 7.932217e-01
    outer loop
      vertex   -1.521909e+01 4.683953e+01 2.799038e+00
      vertex   -1.531509e+01 4.713499e+01 2.560660e+00
      vertex   -1.799305e+01 4.584553e+01 2.799038e+00
    endloop
  endfacet
  facet normal -2.054113e-01 5.732412e-01 7.932217e-01
    outer loop
      vertex   -1.799305e+01 4.584553e+01 2.799038e+00
      vertex   -1.531509e+01 4.713499e+01 2.560660e+00
      vertex   -1.810654e+01 4.613472e+01 2.560660e+00
    endloop
  endfacet
  facet normal -2.393259e-01 5.599308e-01 7.932217e-01
    outer loop
      vertex   -1.799305e+01 4.584553e+01 2.799038e+00
      vertex   -1.810654e+01 4.613472e+01 2.560660e+00
      vertex   -2.070259e+01 4.468742e+01 2.799038e+00
    endloop
  endfacet
  facet normal -2.393259e-01 5.599308e-01 7.932217e-01
    outer loop
      vertex   -2.070259e+01 4.468742e+01 2.799038e+00
      vertex   -1.810654e+01 4.613472e+01 2.560660e+00
      vertex   -2.083318e+01 4.496930e+01 2.560660e+00
    endloop
  endfacet
  facet normal -2.723837e-01 5.446159e-01 7.932217e-01
    outer loop
      vertex   -2.070259e+01 4.468742e+01 2.799038e+00
      vertex   -2.083318e+01 4.496930e+01 2.560660e+00
      vertex   -2.333803e+01 4.336933e+01 2.799038e+00
    endloop
  endfacet
  facet normal -2.723837e-01 5.446159e-01 7.932217e-01
    outer loop
      vertex   -2.333803e+01 4.336933e+01 2.799038e+00
      vertex   -2.083318e+01 4.496930e+01 2.560660e+00
      vertex   -2.348524e+01 4.364290e+01 2.560660e+00
    endloop
  endfacet
  facet normal -3.044665e-01 5.273514e-01 7.932217e-01
    outer loop
      vertex   -2.333803e+01 4.336933e+01 2.799038e+00
      vertex   -2.348524e+01 4.364290e+01 2.560660e+00
      vertex   -2.588993e+01 4.189599e+01 2.799038e+00
    endloop
  endfacet
  facet normal -3.044665e-01 5.273514e-01 7.932217e-01
    outer loop
      vertex   -2.588993e+01 4.189599e+01 2.799038e+00
      vertex   -2.348524e+01 4.364290e+01 2.560660e+00
      vertex   -2.605323e+01 4.216027e+01 2.560660e+00
    endloop
  endfacet
  facet normal -3.354593e-01 5.081992e-01 7.932217e-01
    outer loop
      vertex   -2.588993e+01 4.189599e+01 2.799038e+00
      vertex   -2.605323e+01 4.216027e+01 2.560660e+00
      vertex   -2.834914e+01 4.027268e+01 2.799038e+00
    endloop
  endfacet
  facet normal -3.354593e-01 5.081992e-01 7.932217e-01
    outer loop
      vertex   -2.834914e+01 4.027268e+01 2.799038e+00
      vertex   -2.605323e+01 4.216027e+01 2.560660e+00
      vertex   -2.852796e+01 4.052671e+01 2.560660e+00
    endloop
  endfacet
  facet normal -3.652513e-01 4.872277e-01 7.932217e-01
    outer loop
      vertex   -2.834914e+01 4.027268e+01 2.799038e+00
      vertex   -2.852796e+01 4.052671e+01 2.560660e+00
      vertex   -3.070687e+01 3.850520e+01 2.799038e+00
    endloop
  endfacet
  facet normal -3.652513e-01 4.872277e-01 7.932217e-01
    outer loop
      vertex   -3.070687e+01 3.850520e+01 2.799038e+00
      vertex   -2.852796e+01 4.052671e+01 2.560660e+00
      vertex   -3.090057e+01 3.874808e+01 2.560660e+00
    endloop
  endfacet
  facet normal -3.937358e-01 4.645121e-01 7.932217e-01
    outer loop
      vertex   -3.070687e+01 3.850520e+01 2.799038e+00
      vertex   -3.090057e+01 3.874808e+01 2.560660e+00
      vertex   -3.295468e+01 3.659988e+01 2.799038e+00
    endloop
  endfacet
  facet normal -3.937358e-01 4.645121e-01 7.932217e-01
    outer loop
      vertex   -3.295468e+01 3.659988e+01 2.799038e+00
      vertex   -3.090057e+01 3.874808e+01 2.560660e+00
      vertex   -3.316255e+01 3.683075e+01 2.560660e+00
    endloop
  endfacet
  facet normal -4.208108e-01 4.401336e-01 7.932217e-01
    outer loop
      vertex   -3.295468e+01 3.659988e+01 2.799038e+00
      vertex   -3.316255e+01 3.683075e+01 2.560660e+00
      vertex   -3.508452e+01 3.456355e+01 2.799038e+00
    endloop
  endfacet
  facet normal -4.208108e-01 4.401336e-01 7.932217e-01
    outer loop
      vertex   -3.508452e+01 3.456355e+01 2.799038e+00
      vertex   -3.316255e+01 3.683075e+01 2.560660e+00
      vertex   -3.530583e+01 3.478157e+01 2.560660e+00
    endloop
  endfacet
  facet normal -4.463794e-01 4.141796e-01 7.932217e-01
    outer loop
      vertex   -3.508452e+01 3.456355e+01 2.799038e+00
      vertex   -3.530583e+01 3.478157e+01 2.560660e+00
      vertex   -3.708877e+01 3.240348e+01 2.799038e+00
    endloop
  endfacet
  facet normal -4.463794e-01 4.141796e-01 7.932217e-01
    outer loop
      vertex   -3.708877e+01 3.240348e+01 2.799038e+00
      vertex   -3.530583e+01 3.478157e+01 2.560660e+00
      vertex   -3.732272e+01 3.260788e+01 2.560660e+00
    endloop
  endfacet
  facet normal -4.703501e-01 3.867429e-01 7.932217e-01
    outer loop
      vertex   -3.708877e+01 3.240348e+01 2.799038e+00
      vertex   -3.732272e+01 3.260788e+01 2.560660e+00
      vertex   -3.896025e+01 3.012742e+01 2.799038e+00
    endloop
  endfacet
  facet normal -4.703501e-01 3.867429e-01 7.932217e-01
    outer loop
      vertex   -3.896025e+01 3.012742e+01 2.799038e+00
      vertex   -3.732272e+01 3.260788e+01 2.560660e+00
      vertex   -3.920600e+01 3.031746e+01 2.560660e+00
    endloop
  endfacet
  facet normal -4.926371e-01 3.579218e-01 7.932217e-01
    outer loop
      vertex   -3.896025e+01 3.012742e+01 2.799038e+00
      vertex   -3.920600e+01 3.031746e+01 2.560660e+00
      vertex   -4.069226e+01 2.774351e+01 2.799038e+00
    endloop
  endfacet
  facet normal -4.926371e-01 3.579218e-01 7.932217e-01
    outer loop
      vertex   -4.069226e+01 2.774351e+01 2.799038e+00
      vertex   -3.920600e+01 3.031746e+01 2.560660e+00
      vertex   -4.094894e+01 2.791851e+01 2.560660e+00
    endloop
  endfacet
  facet normal -5.131606e-01 3.278194e-01 7.932217e-01
    outer loop
      vertex   -4.069226e+01 2.774351e+01 2.799038e+00
      vertex   -4.094894e+01 2.791851e+01 2.560660e+00
      vertex   -4.227860e+01 2.526029e+01 2.799038e+00
    endloop
  endfacet
  facet normal -5.131606e-01 3.278194e-01 7.932217e-01
    outer loop
      vertex   -4.227860e+01 2.526029e+01 2.799038e+00
      vertex   -4.094894e+01 2.791851e+01 2.560660e+00
      vertex   -4.254529e+01 2.541963e+01 2.560660e+00
    endloop
  endfacet
  facet normal -5.318470e-01 2.965435e-01 7.932217e-01
    outer loop
      vertex   -4.227860e+01 2.526029e+01 2.799038e+00
      vertex   -4.254529e+01 2.541963e+01 2.560660e+00
      vertex   -4.371360e+01 2.268664e+01 2.799038e+00
    endloop
  endfacet
  facet normal -5.318470e-01 2.965435e-01 7.932217e-01
    outer loop
      vertex   -4.371360e+01 2.268664e+01 2.799038e+00
      vertex   -4.254529e+01 2.541963e+01 2.560660e+00
      vertex   -4.398934e+01 2.282974e+01 2.560660e+00
    endloop
  endfacet
  facet normal -5.486296e-01 2.642061e-01 7.932217e-01
    outer loop
      vertex   -4.371360e+01 2.268664e+01 2.799038e+00
      vertex   -4.398934e+01 2.282974e+01 2.560660e+00
      vertex   -4.499211e+01 2.003178e+01 2.799038e+00
    endloop
  endfacet
  facet normal -5.486296e-01 2.642061e-01 7.932217e-01
    outer loop
      vertex   -4.499211e+01 2.003178e+01 2.799038e+00
      vertex   -4.398934e+01 2.282974e+01 2.560660e+00
      vertex   -4.527592e+01 2.015814e+01 2.560660e+00
    endloop
  endfacet
  facet normal -5.634483e-01 2.309229e-01 7.932217e-01
    outer loop
      vertex   -4.499211e+01 2.003178e+01 2.799038e+00
      vertex   -4.527592e+01 2.015814e+01 2.560660e+00
      vertex   -4.610957e+01 1.730521e+01 2.799038e+00
    endloop
  endfacet
  facet normal -5.634483e-01 2.309229e-01 7.932217e-01
    outer loop
      vertex   -4.610957e+01 1.730521e+01 2.799038e+00
      vertex   -4.527592e+01 2.015814e+01 2.560660e+00
      vertex   -4.640042e+01 1.741437e+01 2.560660e+00
    endloop
  endfacet
  facet normal -5.762499e-01 1.968130e-01 7.932217e-01
    outer loop
      vertex   -4.610957e+01 1.730521e+01 2.799038e+00
      vertex   -4.640042e+01 1.741437e+01 2.560660e+00
      vertex   -4.706196e+01 1.451669e+01 2.799038e+00
    endloop
  endfacet
  facet normal -5.762499e-01 1.968130e-01 7.932217e-01
    outer loop
      vertex   -4.706196e+01 1.451669e+01 2.799038e+00
      vertex   -4.640042e+01 1.741437e+01 2.560660e+00
      vertex   -4.735882e+01 1.460826e+01 2.560660e+00
    endloop
  endfacet
  facet normal -5.869888e-01 1.619986e-01 7.932217e-01
    outer loop
      vertex   -4.706196e+01 1.451669e+01 2.799038e+00
      vertex   -4.735882e+01 1.460826e+01 2.560660e+00
      vertex   -4.784588e+01 1.167621e+01 2.799038e+00
    endloop
  endfacet
  facet normal -5.869888e-01 1.619986e-01 7.932217e-01
    outer loop
      vertex   -4.784588e+01 1.167621e+01 2.799038e+00
      vertex   -4.735882e+01 1.460826e+01 2.560660e+00
      vertex   -4.814769e+01 1.174986e+01 2.560660e+00
    endloop
  endfacet
  facet normal -5.956263e-01 1.266043e-01 7.932217e-01
    outer loop
      vertex   -4.784588e+01 1.167621e+01 2.799038e+00
      vertex   -4.814769e+01 1.174986e+01 2.560660e+00
      vertex   -4.845853e+01 8.793927e+00 2.799038e+00
    endloop
  endfacet
  facet normal -5.956263e-01 1.266043e-01 7.932217e-01
    outer loop
      vertex   -4.845853e+01 8.793927e+00 2.799038e+00
      vertex   -4.814769e+01 1.174986e+01 2.560660e+00
      vertex   -4.876420e+01 8.849398e+00 2.560660e+00
    endloop
  endfacet
  facet normal -6.021317e-01 9.075675e-02 7.932217e-01
    outer loop
      vertex   -4.845853e+01 8.793927e+00 2.799038e+00
      vertex   -4.876420e+01 8.849398e+00 2.560660e+00
      vertex   -4.889771e+01 5.880166e+00 2.799038e+00
    endloop
  endfacet
  facet normal -6.021317e-01 9.075675e-02 7.932217e-01
    outer loop
      vertex   -4.889771e+01 5.880166e+00 2.799038e+00
      vertex   -4.876420e+01 8.849398e+00 2.560660e+00
      vertex   -4.920615e+01 5.917257e+00 2.560660e+00
    endloop
  endfacet
  facet normal -3.744639e-01 -7.959477e-02 9.238189e-01
    outer loop
      vertex   -4.749443e+01 -1.159044e+01 2.948889e+00
      vertex   -4.810257e+01 -8.729330e+00 2.948889e+00
      vertex   -4.845853e+01 -8.793927e+00 2.799038e+00
    endloop
  endfacet
  facet normal -3.785538e-01 -5.705780e-02 9.238189e-01
    outer loop
      vertex   -4.845853e+01 -8.793927e+00 2.799038e+00
      vertex   -4.810257e+01 -8.729330e+00 2.948889e+00
      vertex   -4.889771e+01 -5.880166e+00 2.799038e+00
    endloop
  endfacet
  facet normal -3.744639e-01 -7.959477e-02 9.238189e-01
    outer loop
      vertex   -4.749443e+01 -1.159044e+01 2.948889e+00
      vertex   -4.845853e+01 -8.793927e+00 2.799038e+00
      vertex   -4.784588e+01 -1.167621e+01 2.799038e+00
    endloop
  endfacet
  facet normal -3.690336e-01 -1.018468e-01 9.238189e-01
    outer loop
      vertex   -4.671626e+01 -1.441006e+01 2.948889e+00
      vertex   -4.749443e+01 -1.159044e+01 2.948889e+00
      vertex   -4.784588e+01 -1.167621e+01 2.799038e+00
    endloop
  endfacet
  facet normal -3.690336e-01 -1.018468e-01 9.238189e-01
    outer loop
      vertex   -4.671626e+01 -1.441006e+01 2.948889e+00
      vertex   -4.784588e+01 -1.167621e+01 2.799038e+00
      vertex   -4.706196e+01 -1.451669e+01 2.799038e+00
    endloop
  endfacet
  facet normal -3.622822e-01 -1.237342e-01 9.238189e-01
    outer loop
      vertex   -4.577086e+01 -1.717809e+01 2.948889e+00
      vertex   -4.671626e+01 -1.441006e+01 2.948889e+00
      vertex   -4.706196e+01 -1.451669e+01 2.799038e+00
    endloop
  endfacet
  facet normal -3.622822e-01 -1.237342e-01 9.238189e-01
    outer loop
      vertex   -4.577086e+01 -1.717809e+01 2.948889e+00
      vertex   -4.706196e+01 -1.451669e+01 2.799038e+00
      vertex   -4.610957e+01 -1.730521e+01 2.799038e+00
    endloop
  endfacet
  facet normal -3.542339e-01 -1.451788e-01 9.238189e-01
    outer loop
      vertex   -4.466162e+01 -1.988463e+01 2.948889e+00
      vertex   -4.577086e+01 -1.717809e+01 2.948889e+00
      vertex   -4.610957e+01 -1.730521e+01 2.799038e+00
    endloop
  endfacet
  facet normal -3.542339e-01 -1.451788e-01 9.238189e-01
    outer loop
      vertex   -4.466162e+01 -1.988463e+01 2.948889e+00
      vertex   -4.610957e+01 -1.730521e+01 2.799038e+00
      vertex   -4.499211e+01 -2.003178e+01 2.799038e+00
    endloop
  endfacet
  facet normal -3.449176e-01 -1.661036e-01 9.238189e-01
    outer loop
      vertex   -4.339250e+01 -2.251999e+01 2.948889e+00
      vertex   -4.466162e+01 -1.988463e+01 2.948889e+00
      vertex   -4.499211e+01 -2.003178e+01 2.799038e+00
    endloop
  endfacet
  facet normal -3.449176e-01 -1.661036e-01 9.238189e-01
    outer loop
      vertex   -4.339250e+01 -2.251999e+01 2.948889e+00
      vertex   -4.499211e+01 -2.003178e+01 2.799038e+00
      vertex   -4.371360e+01 -2.268664e+01 2.799038e+00
    endloop
  endfacet
  facet normal -3.343666e-01 -1.864338e-01 9.238189e-01
    outer loop
      vertex   -4.196804e+01 -2.507474e+01 2.948889e+00
      vertex   -4.339250e+01 -2.251999e+01 2.948889e+00
      vertex   -4.371360e+01 -2.268664e+01 2.799038e+00
    endloop
  endfacet
  facet normal -3.343666e-01 -1.864338e-01 9.238189e-01
    outer loop
      vertex   -4.196804e+01 -2.507474e+01 2.948889e+00
      vertex   -4.371360e+01 -2.268664e+01 2.799038e+00
      vertex   -4.227860e+01 -2.526029e+01 2.799038e+00
    endloop
  endfacet
  facet normal -3.226186e-01 -2.060966e-01 9.238189e-01
    outer loop
      vertex   -4.039335e+01 -2.753972e+01 2.948889e+00
      vertex   -4.196804e+01 -2.507474e+01 2.948889e+00
      vertex   -4.227860e+01 -2.526029e+01 2.799038e+00
    endloop
  endfacet
  facet normal -3.226186e-01 -2.060966e-01 9.238189e-01
    outer loop
      vertex   -4.039335e+01 -2.753972e+01 2.948889e+00
      vertex   -4.227860e+01 -2.526029e+01 2.799038e+00
      vertex   -4.069226e+01 -2.774351e+01 2.799038e+00
    endloop
  endfacet
  facet normal -3.097157e-01 -2.250216e-01 9.238189e-01
    outer loop
      vertex   -3.867406e+01 -2.990612e+01 2.948889e+00
      vertex   -4.039335e+01 -2.753972e+01 2.948889e+00
      vertex   -4.069226e+01 -2.774351e+01 2.799038e+00
    endloop
  endfacet
  facet normal -3.097157e-01 -2.250216e-01 9.238189e-01
    outer loop
      vertex   -3.867406e+01 -2.990612e+01 2.948889e+00
      vertex   -4.069226e+01 -2.774351e+01 2.799038e+00
      vertex   -3.896025e+01 -3.012742e+01 2.799038e+00
    endloop
  endfacet
  facet normal -2.957041e-01 -2.431412e-01 9.238189e-01
    outer loop
      vertex   -3.681633e+01 -3.216546e+01 2.948889e+00
      vertex   -3.867406e+01 -2.990612e+01 2.948889e+00
      vertex   -3.896025e+01 -3.012742e+01 2.799038e+00
    endloop
  endfacet
  facet normal -2.957041e-01 -2.431412e-01 9.238189e-01
    outer loop
      vertex   -3.681633e+01 -3.216546e+01 2.948889e+00
      vertex   -3.896025e+01 -3.012742e+01 2.799038e+00
      vertex   -3.708877e+01 -3.240348e+01 2.799038e+00
    endloop
  endfacet
  facet normal -2.806340e-01 -2.603903e-01 9.238189e-01
    outer loop
      vertex   -3.482681e+01 -3.430966e+01 2.948889e+00
      vertex   -3.681633e+01 -3.216546e+01 2.948889e+00
      vertex   -3.708877e+01 -3.240348e+01 2.799038e+00
    endloop
  endfacet
  facet normal -2.806340e-01 -2.603903e-01 9.238189e-01
    outer loop
      vertex   -3.482681e+01 -3.430966e+01 2.948889e+00
      vertex   -3.708877e+01 -3.240348e+01 2.799038e+00
      vertex   -3.508452e+01 -3.456355e+01 2.799038e+00
    endloop
  endfacet
  facet normal -2.645593e-01 -2.767073e-01 9.238189e-01
    outer loop
      vertex   -3.271261e+01 -3.633103e+01 2.948889e+00
      vertex   -3.482681e+01 -3.430966e+01 2.948889e+00
      vertex   -3.508452e+01 -3.456355e+01 2.799038e+00
    endloop
  endfacet
  facet normal -2.645593e-01 -2.767073e-01 9.238189e-01
    outer loop
      vertex   -3.271261e+01 -3.633103e+01 2.948889e+00
      vertex   -3.508452e+01 -3.456355e+01 2.799038e+00
      vertex   -3.295468e+01 -3.659988e+01 2.799038e+00
    endloop
  endfacet
  facet normal -2.475375e-01 -2.920338e-01 9.238189e-01
    outer loop
      vertex   -3.048131e+01 -3.822236e+01 2.948889e+00
      vertex   -3.271261e+01 -3.633103e+01 2.948889e+00
      vertex   -3.295468e+01 -3.659988e+01 2.799038e+00
    endloop
  endfacet
  facet normal -2.475375e-01 -2.920338e-01 9.238189e-01
    outer loop
      vertex   -3.048131e+01 -3.822236e+01 2.948889e+00
      vertex   -3.295468e+01 -3.659988e+01 2.799038e+00
      vertex   -3.070687e+01 -3.850520e+01 2.799038e+00
    endloop
  endfacet
  facet normal -2.296296e-01 -3.063149e-01 9.238189e-01
    outer loop
      vertex   -2.814090e+01 -3.997685e+01 2.948889e+00
      vertex   -3.048131e+01 -3.822236e+01 2.948889e+00
      vertex   -3.070687e+01 -3.850520e+01 2.799038e+00
    endloop
  endfacet
  facet normal -2.296296e-01 -3.063149e-01 9.238189e-01
    outer loop
      vertex   -2.814090e+01 -3.997685e+01 2.948889e+00
      vertex   -3.070687e+01 -3.850520e+01 2.799038e+00
      vertex   -2.834914e+01 -4.027268e+01 2.799038e+00
    endloop
  endfacet
  facet normal -2.108997e-01 -3.194994e-01 9.238189e-01
    outer loop
      vertex   -2.569975e+01 -4.158824e+01 2.948889e+00
      vertex   -2.814090e+01 -3.997685e+01 2.948889e+00
      vertex   -2.834914e+01 -4.027268e+01 2.799038e+00
    endloop
  endfacet
  facet normal -2.108997e-01 -3.194994e-01 9.238189e-01
    outer loop
      vertex   -2.569975e+01 -4.158824e+01 2.948889e+00
      vertex   -2.834914e+01 -4.027268e+01 2.799038e+00
      vertex   -2.588993e+01 -4.189599e+01 2.799038e+00
    endloop
  endfacet
  facet normal -1.914148e-01 -3.315402e-01 9.238189e-01
    outer loop
      vertex   -2.316660e+01 -4.305076e+01 2.948889e+00
      vertex   -2.569975e+01 -4.158824e+01 2.948889e+00
      vertex   -2.588993e+01 -4.189599e+01 2.799038e+00
    endloop
  endfacet
  facet normal -1.914148e-01 -3.315402e-01 9.238189e-01
    outer loop
      vertex   -2.316660e+01 -4.305076e+01 2.948889e+00
      vertex   -2.588993e+01 -4.189599e+01 2.799038e+00
      vertex   -2.333803e+01 -4.336933e+01 2.799038e+00
    endloop
  endfacet
  facet normal -1.712447e-01 -3.423942e-01 9.238189e-01
    outer loop
      vertex   -2.055052e+01 -4.435916e+01 2.948889e+00
      vertex   -2.316660e+01 -4.305076e+01 2.948889e+00
      vertex   -2.333803e+01 -4.336933e+01 2.799038e+00
    endloop
  endfacet
  facet normal -1.712447e-01 -3.423942e-01 9.238189e-01
    outer loop
      vertex   -2.055052e+01 -4.435916e+01 2.948889e+00
      vertex   -2.333803e+01 -4.336933e+01 2.799038e+00
      vertex   -2.070259e+01 -4.468742e+01 2.799038e+00
    endloop
  endfacet
  facet normal -1.504616e-01 -3.520225e-01 9.238189e-01
    outer loop
      vertex   -1.786088e+01 -4.550877e+01 2.948889e+00
      vertex   -2.055052e+01 -4.435916e+01 2.948889e+00
      vertex   -2.070259e+01 -4.468742e+01 2.799038e+00
    endloop
  endfacet
  facet normal -1.504616e-01 -3.520225e-01 9.238189e-01
    outer loop
      vertex   -1.786088e+01 -4.550877e+01 2.948889e+00
      vertex   -2.070259e+01 -4.468742e+01 2.799038e+00
      vertex   -1.799305e+01 -4.584553e+01 2.799038e+00
    endloop
  endfacet
  facet normal -1.291399e-01 -3.603907e-01 9.238189e-01
    outer loop
      vertex   -1.510729e+01 -4.649547e+01 2.948889e+00
      vertex   -1.786088e+01 -4.550877e+01 2.948889e+00
      vertex   -1.799305e+01 -4.584553e+01 2.799038e+00
    endloop
  endfacet
  facet normal -1.291399e-01 -3.603907e-01 9.238189e-01
    outer loop
      vertex   -1.510729e+01 -4.649547e+01 2.948889e+00
      vertex   -1.799305e+01 -4.584553e+01 2.799038e+00
      vertex   -1.521909e+01 -4.683953e+01 2.799038e+00
    endloop
  endfacet
  facet normal -1.073559e-01 -3.674687e-01 9.238189e-01
    outer loop
      vertex   -1.229963e+01 -4.731573e+01 2.948889e+00
      vertex   -1.510729e+01 -4.649547e+01 2.948889e+00
      vertex   -1.521909e+01 -4.683953e+01 2.799038e+00
    endloop
  endfacet
  facet normal -1.073559e-01 -3.674687e-01 9.238189e-01
    outer loop
      vertex   -1.229963e+01 -4.731573e+01 2.948889e+00
      vertex   -1.521909e+01 -4.683953e+01 2.799038e+00
      vertex   -1.239065e+01 -4.766586e+01 2.799038e+00
    endloop
  endfacet
  facet normal -8.518762e-02 -3.732313e-01 9.238189e-01
    outer loop
      vertex   -9.447939e+00 -4.796661e+01 2.948889e+00
      vertex   -1.229963e+01 -4.731573e+01 2.948889e+00
      vertex   -1.239065e+01 -4.766586e+01 2.799038e+00
    endloop
  endfacet
  facet normal -8.518762e-02 -3.732313e-01 9.238189e-01
    outer loop
      vertex   -9.447939e+00 -4.796661e+01 2.948889e+00
      vertex   -1.239065e+01 -4.766586e+01 2.799038e+00
      vertex   -9.517854e+00 -4.832156e+01 2.799038e+00
    endloop
  endfacet
  facet normal -6.271436e-02 -3.776579e-01 9.238189e-01
    outer loop
      vertex   -6.562427e+00 -4.844578e+01 2.948889e+00
      vertex   -9.447939e+00 -4.796661e+01 2.948889e+00
      vertex   -9.517854e+00 -4.832156e+01 2.799038e+00
    endloop
  endfacet
  facet normal -6.271436e-02 -3.776579e-01 9.238189e-01
    outer loop
      vertex   -6.562427e+00 -4.844578e+01 2.948889e+00
      vertex   -9.517854e+00 -4.832156e+01 2.799038e+00
      vertex   -6.610988e+00 -4.880428e+01 2.799038e+00
    endloop
  endfacet
  facet normal -4.001660e-02 -3.807325e-01 9.238189e-01
    outer loop
      vertex   -3.653422e+00 -4.875153e+01 2.948889e+00
      vertex   -6.562427e+00 -4.844578e+01 2.948889e+00
      vertex   -6.610988e+00 -4.880428e+01 2.799038e+00
    endloop
  endfacet
  facet normal -4.001660e-02 -3.807325e-01 9.238189e-01
    outer loop
      vertex   -3.653422e+00 -4.875153e+01 2.948889e+00
      vertex   -6.610988e+00 -4.880428e+01 2.799038e+00
      vertex   -3.680457e+00 -4.911229e+01 2.799038e+00
    endloop
  endfacet
  facet normal -1.717559e-02 -3.824442e-01 9.238189e-01
    outer loop
      vertex   -7.313389e-01 -4.888276e+01 2.948889e+00
      vertex   -3.653422e+00 -4.875153e+01 2.948889e+00
      vertex   -3.680457e+00 -4.911229e+01 2.799038e+00
    endloop
  endfacet
  facet normal -1.717559e-02 -3.824442e-01 9.238189e-01
    outer loop
      vertex   -7.313389e-01 -4.888276e+01 2.948889e+00
      vertex   -3.680457e+00 -4.911229e+01 2.799038e+00
      vertex   -7.367508e-01 -4.924449e+01 2.799038e+00
    endloop
  endfacet
  facet normal 5.726905e-03 -3.827868e-01 9.238189e-01
    outer loop
      vertex   2.193362e+00 -4.883900e+01 2.948889e+00
      vertex   -7.313389e-01 -4.888276e+01 2.948889e+00
      vertex   -7.367508e-01 -4.924449e+01 2.799038e+00
    endloop
  endfacet
  facet normal 5.726905e-03 -3.827868e-01 9.238189e-01
    outer loop
      vertex   2.193362e+00 -4.883900e+01 2.948889e+00
      vertex   -7.367508e-01 -4.924449e+01 2.799038e+00
      vertex   2.209593e+00 -4.920041e+01 2.799038e+00
    endloop
  endfacet
  facet normal 2.860890e-02 -3.817592e-01 9.238189e-01
    outer loop
      vertex   5.110211e+00 -4.862041e+01 2.948889e+00
      vertex   2.193362e+00 -4.883900e+01 2.948889e+00
      vertex   2.209593e+00 -4.920041e+01 2.799038e+00
    endloop
  endfacet
  facet normal 2.860890e-02 -3.817592e-01 9.238189e-01
    outer loop
      vertex   5.110211e+00 -4.862041e+01 2.948889e+00
      vertex   2.209593e+00 -4.920041e+01 2.799038e+00
      vertex   5.148027e+00 -4.898020e+01 2.799038e+00
    endloop
  endfacet
  facet normal 5.138848e-02 -3.793650e-01 9.238189e-01
    outer loop
      vertex   8.008767e+00 -4.822778e+01 2.948889e+00
      vertex   5.110211e+00 -4.862041e+01 2.948889e+00
      vertex   5.148027e+00 -4.898020e+01 2.799038e+00
    endloop
  endfacet
  facet normal 5.138848e-02 -3.793650e-01 9.238189e-01
    outer loop
      vertex   8.008767e+00 -4.822778e+01 2.948889e+00
      vertex   5.148027e+00 -4.898020e+01 2.799038e+00
      vertex   8.068032e+00 -4.858466e+01 2.799038e+00
    endloop
  endfacet
  facet normal 7.398410e-02 -3.756127e-01 9.238189e-01
    outer loop
      vertex   1.087865e+01 -4.766250e+01 2.948889e+00
      vertex   8.008767e+00 -4.822778e+01 2.948889e+00
      vertex   8.068032e+00 -4.858466e+01 2.799038e+00
    endloop
  endfacet
  facet normal 7.398410e-02 -3.756127e-01 9.238189e-01
    outer loop
      vertex   1.087865e+01 -4.766250e+01 2.948889e+00
      vertex   8.068032e+00 -4.858466e+01 2.799038e+00
      vertex   1.095916e+01 -4.801520e+01 2.799038e+00
    endloop
  endfacet
  facet normal 9.631488e-02 -3.705159e-01 9.238189e-01
    outer loop
      vertex   1.370960e+01 -4.692660e+01 2.948889e+00
      vertex   1.087865e+01 -4.766250e+01 2.948889e+00
      vertex   1.095916e+01 -4.801520e+01 2.799038e+00
    endloop
  endfacet
  facet normal 9.631488e-02 -3.705159e-01 9.238189e-01
    outer loop
      vertex   1.370960e+01 -4.692660e+01 2.948889e+00
      vertex   1.095916e+01 -4.801520e+01 2.799038e+00
      vertex   1.381105e+01 -4.727386e+01 2.799038e+00
    endloop
  endfacet
  facet normal 1.183009e-01 -3.640927e-01 9.238189e-01
    outer loop
      vertex   1.649147e+01 -4.602272e+01 2.948889e+00
      vertex   1.370960e+01 -4.692660e+01 2.948889e+00
      vertex   1.381105e+01 -4.727386e+01 2.799038e+00
    endloop
  endfacet
  facet normal 1.183009e-01 -3.640927e-01 9.238189e-01
    outer loop
      vertex   1.649147e+01 -4.602272e+01 2.948889e+00
      vertex   1.381105e+01 -4.727386e+01 2.799038e+00
      vertex   1.661350e+01 -4.636328e+01 2.799038e+00
    endloop
  endfacet
  facet normal 1.398634e-01 -3.563661e-01 9.238189e-01
    outer loop
      vertex   1.921430e+01 -4.495408e+01 2.948889e+00
      vertex   1.649147e+01 -4.602272e+01 2.948889e+00
      vertex   1.661350e+01 -4.636328e+01 2.799038e+00
    endloop
  endfacet
  facet normal 1.398634e-01 -3.563661e-01 9.238189e-01
    outer loop
      vertex   1.921430e+01 -4.495408e+01 2.948889e+00
      vertex   1.661350e+01 -4.636328e+01 2.799038e+00
      vertex   1.935648e+01 -4.528674e+01 2.799038e+00
    endloop
  endfacet
  facet normal 1.609252e-01 -3.473638e-01 9.238189e-01
    outer loop
      vertex   2.186835e+01 -4.372453e+01 2.948889e+00
      vertex   1.921430e+01 -4.495408e+01 2.948889e+00
      vertex   1.935648e+01 -4.528674e+01 2.799038e+00
    endloop
  endfacet
  facet normal 1.609252e-01 -3.473638e-01 9.238189e-01
    outer loop
      vertex   2.186835e+01 -4.372453e+01 2.948889e+00
      vertex   1.935648e+01 -4.528674e+01 2.799038e+00
      vertex   2.203017e+01 -4.404809e+01 2.799038e+00
    endloop
  endfacet
  facet normal 1.814110e-01 -3.371181e-01 9.238189e-01
    outer loop
      vertex   2.444411e+01 -4.233845e+01 2.948889e+00
      vertex   2.186835e+01 -4.372453e+01 2.948889e+00
      vertex   2.203017e+01 -4.404809e+01 2.799038e+00
    endloop
  endfacet
  facet normal 1.814110e-01 -3.371181e-01 9.238189e-01
    outer loop
      vertex   2.444411e+01 -4.233845e+01 2.948889e+00
      vertex   2.203017e+01 -4.404809e+01 2.799038e+00
      vertex   2.462500e+01 -4.265175e+01 2.799038e+00
    endloop
  endfacet
  facet normal 2.012473e-01 -3.256656e-01 9.238189e-01
    outer loop
      vertex   2.693238e+01 -4.080081e+01 2.948889e+00
      vertex   2.444411e+01 -4.233845e+01 2.948889e+00
      vertex   2.462500e+01 -4.265175e+01 2.799038e+00
    endloop
  endfacet
  facet normal 2.012473e-01 -3.256656e-01 9.238189e-01
    outer loop
      vertex   2.693238e+01 -4.080081e+01 2.948889e+00
      vertex   2.462500e+01 -4.265175e+01 2.799038e+00
      vertex   2.713168e+01 -4.110273e+01 2.799038e+00
    endloop
  endfacet
  facet normal 2.203633e-01 -3.130472e-01 9.238189e-01
    outer loop
      vertex   2.932423e+01 -3.911711e+01 2.948889e+00
      vertex   2.693238e+01 -4.080081e+01 2.948889e+00
      vertex   2.713168e+01 -4.110273e+01 2.799038e+00
    endloop
  endfacet
  facet normal 2.203633e-01 -3.130472e-01 9.238189e-01
    outer loop
      vertex   2.932423e+01 -3.911711e+01 2.948889e+00
      vertex   2.713168e+01 -4.110273e+01 2.799038e+00
      vertex   2.954123e+01 -3.940658e+01 2.799038e+00
    endloop
  endfacet
  facet normal 2.386904e-01 -2.993083e-01 9.238189e-01
    outer loop
      vertex   3.161111e+01 -3.729339e+01 2.948889e+00
      vertex   2.932423e+01 -3.911711e+01 2.948889e+00
      vertex   2.954123e+01 -3.940658e+01 2.799038e+00
    endloop
  endfacet
  facet normal 2.386904e-01 -2.993083e-01 9.238189e-01
    outer loop
      vertex   3.161111e+01 -3.729339e+01 2.948889e+00
      vertex   2.954123e+01 -3.940658e+01 2.799038e+00
      vertex   3.184503e+01 -3.756936e+01 2.799038e+00
    endloop
  endfacet
  facet normal 2.561631e-01 -2.844979e-01 9.238189e-01
    outer loop
      vertex   3.378483e+01 -3.533616e+01 2.948889e+00
      vertex   3.161111e+01 -3.729339e+01 2.948889e+00
      vertex   3.184503e+01 -3.756936e+01 2.799038e+00
    endloop
  endfacet
  facet normal 2.561631e-01 -2.844979e-01 9.238189e-01
    outer loop
      vertex   3.378483e+01 -3.533616e+01 2.948889e+00
      vertex   3.184503e+01 -3.756936e+01 2.799038e+00
      vertex   3.403484e+01 -3.559765e+01 2.799038e+00
    endloop
  endfacet
  facet normal 2.727187e-01 -2.686691e-01 9.238189e-01
    outer loop
      vertex   3.583761e+01 -3.325244e+01 2.948889e+00
      vertex   3.378483e+01 -3.533616e+01 2.948889e+00
      vertex   3.403484e+01 -3.559765e+01 2.799038e+00
    endloop
  endfacet
  facet normal 2.727187e-01 -2.686691e-01 9.238189e-01
    outer loop
      vertex   3.583761e+01 -3.325244e+01 2.948889e+00
      vertex   3.403484e+01 -3.559765e+01 2.799038e+00
      vertex   3.610280e+01 -3.349851e+01 2.799038e+00
    endloop
  endfacet
  facet normal 2.882981e-01 -2.518785e-01 9.238189e-01
    outer loop
      vertex   3.776210e+01 -3.104968e+01 2.948889e+00
      vertex   3.583761e+01 -3.325244e+01 2.948889e+00
      vertex   3.610280e+01 -3.349851e+01 2.799038e+00
    endloop
  endfacet
  facet normal 2.882981e-01 -2.518785e-01 9.238189e-01
    outer loop
      vertex   3.776210e+01 -3.104968e+01 2.948889e+00
      vertex   3.610280e+01 -3.349851e+01 2.799038e+00
      vertex   3.804154e+01 -3.127945e+01 2.799038e+00
    endloop
  endfacet
  facet normal 3.028455e-01 -2.341862e-01 9.238189e-01
    outer loop
      vertex   3.955141e+01 -2.873578e+01 2.948889e+00
      vertex   3.776210e+01 -3.104968e+01 2.948889e+00
      vertex   3.804154e+01 -3.127945e+01 2.799038e+00
    endloop
  endfacet
  facet normal 3.028455e-01 -2.341862e-01 9.238189e-01
    outer loop
      vertex   3.955141e+01 -2.873578e+01 2.948889e+00
      vertex   3.804154e+01 -3.127945e+01 2.799038e+00
      vertex   3.984409e+01 -2.894842e+01 2.799038e+00
    endloop
  endfacet
  facet normal 3.163087e-01 -2.156556e-01 9.238189e-01
    outer loop
      vertex   4.119913e+01 -2.631901e+01 2.948889e+00
      vertex   3.955141e+01 -2.873578e+01 2.948889e+00
      vertex   3.984409e+01 -2.894842e+01 2.799038e+00
    endloop
  endfacet
  facet normal 3.163087e-01 -2.156556e-01 9.238189e-01
    outer loop
      vertex   4.119913e+01 -2.631901e+01 2.948889e+00
      vertex   3.984409e+01 -2.894842e+01 2.799038e+00
      vertex   4.150401e+01 -2.651377e+01 2.799038e+00
    endloop
  endfacet
  facet normal 3.286397e-01 -1.963531e-01 9.238189e-01
    outer loop
      vertex   4.269938e+01 -2.380802e+01 2.948889e+00
      vertex   4.119913e+01 -2.631901e+01 2.948889e+00
      vertex   4.150401e+01 -2.651377e+01 2.799038e+00
    endloop
  endfacet
  facet normal 3.286397e-01 -1.963531e-01 9.238189e-01
    outer loop
      vertex   4.269938e+01 -2.380802e+01 2.948889e+00
      vertex   4.150401e+01 -2.651377e+01 2.799038e+00
      vertex   4.301535e+01 -2.398420e+01 2.799038e+00
    endloop
  endfacet
  facet normal 3.397942e-01 -1.763476e-01 9.238189e-01
    outer loop
      vertex   4.404677e+01 -2.121181e+01 2.948889e+00
      vertex   4.269938e+01 -2.380802e+01 2.948889e+00
      vertex   4.301535e+01 -2.398420e+01 2.799038e+00
    endloop
  endfacet
  facet normal 3.397942e-01 -1.763476e-01 9.238189e-01
    outer loop
      vertex   4.404677e+01 -2.121181e+01 2.948889e+00
      vertex   4.301535e+01 -2.398420e+01 2.799038e+00
      vertex   4.437272e+01 -2.136877e+01 2.799038e+00
    endloop
  endfacet
  facet normal 3.497323e-01 -1.557109e-01 9.238189e-01
    outer loop
      vertex   4.523649e+01 -1.853966e+01 2.948889e+00
      vertex   4.404677e+01 -2.121181e+01 2.948889e+00
      vertex   4.437272e+01 -2.136877e+01 2.799038e+00
    endloop
  endfacet
  facet normal 3.497323e-01 -1.557109e-01 9.238189e-01
    outer loop
      vertex   4.523649e+01 -1.853966e+01 2.948889e+00
      vertex   4.437272e+01 -2.136877e+01 2.799038e+00
      vertex   4.557124e+01 -1.867685e+01 2.799038e+00
    endloop
  endfacet
  facet normal 3.584185e-01 -1.345167e-01 9.238189e-01
    outer loop
      vertex   4.626427e+01 -1.580115e+01 2.948889e+00
      vertex   4.523649e+01 -1.853966e+01 2.948889e+00
      vertex   4.557124e+01 -1.867685e+01 2.799038e+00
    endloop
  endfacet
  facet normal 3.584185e-01 -1.345167e-01 9.238189e-01
    outer loop
      vertex   4.626427e+01 -1.580115e+01 2.948889e+00
      vertex   4.557124e+01 -1.867685e+01 2.799038e+00
      vertex   4.660662e+01 -1.591808e+01 2.799038e+00
    endloop
  endfacet
  facet normal 3.658216e-01 -1.128410e-01 9.238189e-01
    outer loop
      vertex   4.712644e+01 -1.300607e+01 2.948889e+00
      vertex   4.626427e+01 -1.580115e+01 2.948889e+00
      vertex   4.660662e+01 -1.591808e+01 2.799038e+00
    endloop
  endfacet
  facet normal 3.658216e-01 -1.128410e-01 9.238189e-01
    outer loop
      vertex   4.712644e+01 -1.300607e+01 2.948889e+00
      vertex   4.660662e+01 -1.591808e+01 2.799038e+00
      vertex   4.747517e+01 -1.310231e+01 2.799038e+00
    endloop
  endfacet
  facet normal 3.719152e-01 -9.076140e-02 9.238189e-01
    outer loop
      vertex   4.781990e+01 -1.016443e+01 2.948889e+00
      vertex   4.712644e+01 -1.300607e+01 2.948889e+00
      vertex   4.747517e+01 -1.310231e+01 2.799038e+00
    endloop
  endfacet
  facet normal 3.719152e-01 -9.076140e-02 9.238189e-01
    outer loop
      vertex   4.781990e+01 -1.016443e+01 2.948889e+00
      vertex   4.747517e+01 -1.310231e+01 2.799038e+00
      vertex   4.817377e+01 -1.023965e+01 2.799038e+00
    endloop
  endfacet
  facet normal 3.766774e-01 -6.835688e-02 9.238189e-01
    outer loop
      vertex   4.834219e+01 -7.286412e+00 2.948889e+00
      vertex   4.781990e+01 -1.016443e+01 2.948889e+00
      vertex   4.817377e+01 -1.023965e+01 2.799038e+00
    endloop
  endfacet
  facet normal 3.766774e-01 -6.835688e-02 9.238189e-01
    outer loop
      vertex   4.834219e+01 -7.286412e+00 2.948889e+00
      vertex   4.817377e+01 -1.023965e+01 2.799038e+00
      vertex   4.869992e+01 -7.340332e+00 2.799038e+00
    endloop
  endfacet
  facet normal 3.800913e-01 -4.570765e-02 9.238189e-01
    outer loop
      vertex   4.869142e+01 -4.382307e+00 2.948889e+00
      vertex   4.834219e+01 -7.286412e+00 2.948889e+00
      vertex   4.869992e+01 -7.340332e+00 2.799038e+00
    endloop
  endfacet
  facet normal 3.800913e-01 -4.570765e-02 9.238189e-01
    outer loop
      vertex   4.869142e+01 -4.382307e+00 2.948889e+00
      vertex   4.869992e+01 -7.340332e+00 2.799038e+00
      vertex   4.905173e+01 -4.414736e+00 2.799038e+00
    endloop
  endfacet
  facet normal 3.821445e-01 -2.289480e-02 9.238189e-01
    outer loop
      vertex   4.886635e+01 -1.462514e+00 2.948889e+00
      vertex   4.869142e+01 -4.382307e+00 2.948889e+00
      vertex   4.905173e+01 -4.414736e+00 2.799038e+00
    endloop
  endfacet
  facet normal 3.821445e-01 -2.289480e-02 9.238189e-01
    outer loop
      vertex   4.886635e+01 -1.462514e+00 2.948889e+00
      vertex   4.905173e+01 -4.414736e+00 2.799038e+00
      vertex   4.922796e+01 -1.473337e+00 2.799038e+00
    endloop
  endfacet
  facet normal 3.828297e-01 0.000000e+00 9.238189e-01
    outer loop
      vertex   4.886635e+01 1.462514e+00 2.948889e+00
      vertex   4.886635e+01 -1.462514e+00 2.948889e+00
      vertex   4.922796e+01 -1.473337e+00 2.799038e+00
    endloop
  endfacet
  facet normal 3.828297e-01 0.000000e+00 9.238189e-01
    outer loop
      vertex   4.886635e+01 1.462514e+00 2.948889e+00
      vertex   4.922796e+01 -1.473337e+00 2.799038e+00
      vertex   4.922796e+01 1.473337e+00 2.799038e+00
    endloop
  endfacet
  facet normal 3.821445e-01 2.289480e-02 9.238189e-01
    outer loop
      vertex   4.869142e+01 4.382307e+00 2.948889e+00
      vertex   4.886635e+01 1.462514e+00 2.948889e+00
      vertex   4.922796e+01 1.473337e+00 2.799038e+00
    endloop
  endfacet
  facet normal 3.821445e-01 2.289480e-02 9.238189e-01
    outer loop
      vertex   4.869142e+01 4.382307e+00 2.948889e+00
      vertex   4.922796e+01 1.473337e+00 2.799038e+00
      vertex   4.905173e+01 4.414736e+00 2.799038e+00
    endloop
  endfacet
  facet normal 3.800913e-01 4.570765e-02 9.238189e-01
    outer loop
      vertex   4.834219e+01 7.286412e+00 2.948889e+00
      vertex   4.869142e+01 4.382307e+00 2.948889e+00
      vertex   4.905173e+01 4.414736e+00 2.799038e+00
    endloop
  endfacet
  facet normal 3.800913e-01 4.570765e-02 9.238189e-01
    outer loop
      vertex   4.834219e+01 7.286412e+00 2.948889e+00
      vertex   4.905173e+01 4.414736e+00 2.799038e+00
      vertex   4.869992e+01 7.340332e+00 2.799038e+00
    endloop
  endfacet
  facet normal 3.766774e-01 6.835688e-02 9.238189e-01
    outer loop
      vertex   4.781990e+01 1.016443e+01 2.948889e+00
      vertex   4.834219e+01 7.286412e+00 2.948889e+00
      vertex   4.869992e+01 7.340332e+00 2.799038e+00
    endloop
  endfacet
  facet normal 3.766774e-01 6.835688e-02 9.238189e-01
    outer loop
      vertex   4.781990e+01 1.016443e+01 2.948889e+00
      vertex   4.869992e+01 7.340332e+00 2.799038e+00
      vertex   4.817377e+01 1.023965e+01 2.799038e+00
    endloop
  endfacet
  facet normal 3.719152e-01 9.076140e-02 9.238189e-01
    outer loop
      vertex   4.712644e+01 1.300607e+01 2.948889e+00
      vertex   4.781990e+01 1.016443e+01 2.948889e+00
      vertex   4.817377e+01 1.023965e+01 2.799038e+00
    endloop
  endfacet
  facet normal 3.719152e-01 9.076140e-02 9.238189e-01
    outer loop
      vertex   4.712644e+01 1.300607e+01 2.948889e+00
      vertex   4.817377e+01 1.023965e+01 2.799038e+00
      vertex   4.747517e+01 1.310231e+01 2.799038e+00
    endloop
  endfacet
  facet normal 3.658216e-01 1.128410e-01 9.238189e-01
    outer loop
      vertex   4.626427e+01 1.580115e+01 2.948889e+00
      vertex   4.712644e+01 1.300607e+01 2.948889e+00
      vertex   4.747517e+01 1.310231e+01 2.799038e+00
    endloop
  endfacet
  facet normal 3.658216e-01 1.128410e-01 9.238189e-01
    outer loop
      vertex   4.626427e+01 1.580115e+01 2.948889e+00
      vertex   4.747517e+01 1.310231e+01 2.799038e+00
      vertex   4.660662e+01 1.591808e+01 2.799038e+00
    endloop
  endfacet
  facet normal 3.584185e-01 1.345167e-01 9.238189e-01
    outer loop
      vertex   4.523649e+01 1.853966e+01 2.948889e+00
      vertex   4.626427e+01 1.580115e+01 2.948889e+00
      vertex   4.660662e+01 1.591808e+01 2.799038e+00
    endloop
  endfacet
  facet normal 3.584185e-01 1.345167e-01 9.238189e-01
    outer loop
      vertex   4.523649e+01 1.853966e+01 2.948889e+00
      vertex   4.660662e+01 1.591808e+01 2.799038e+00
      vertex   4.557124e+01 1.867685e+01 2.799038e+00
    endloop
  endfacet
  facet normal 3.497323e-01 1.557109e-01 9.238189e-01
    outer loop
      vertex   4.404677e+01 2.121181e+01 2.948889e+00
      vertex   4.523649e+01 1.853966e+01 2.948889e+00
      vertex   4.557124e+01 1.867685e+01 2.799038e+00
    endloop
  endfacet
  facet normal 3.497323e-01 1.557109e-01 9.238189e-01
    outer loop
      vertex   4.404677e+01 2.121181e+01 2.948889e+00
      vertex   4.557124e+01 1.867685e+01 2.799038e+00
      vertex   4.437272e+01 2.136877e+01 2.799038e+00
    endloop
  endfacet
  facet normal 3.397942e-01 1.763476e-01 9.238189e-01
    outer loop
      vertex   4.269938e+01 2.380802e+01 2.948889e+00
      vertex   4.404677e+01 2.121181e+01 2.948889e+00
      vertex   4.437272e+01 2.136877e+01 2.799038e+00
    endloop
  endfacet
  facet normal 3.397942e-01 1.763476e-01 9.238189e-01
    outer loop
      vertex   4.269938e+01 2.380802e+01 2.948889e+00
      vertex   4.437272e+01 2.136877e+01 2.799038e+00
      vertex   4.301535e+01 2.398420e+01 2.799038e+00
    endloop
  endfacet
  facet normal 3.286397e-01 1.963531e-01 9.238189e-01
    outer loop
      vertex   4.119913e+01 2.631901e+01 2.948889e+00
      vertex   4.269938e+01 2.380802e+01 2.948889e+00
      vertex   4.301535e+01 2.398420e+01 2.799038e+00
    endloop
  endfacet
  facet normal 3.286397e-01 1.963531e-01 9.238189e-01
    outer loop
      vertex   4.119913e+01 2.631901e+01 2.948889e+00
      vertex   4.301535e+01 2.398420e+01 2.799038e+00
      vertex   4.150401e+01 2.651377e+01 2.799038e+00
    endloop
  endfacet
  facet normal 3.163087e-01 2.156556e-01 9.238189e-01
    outer loop
      vertex   3.955141e+01 2.873578e+01 2.948889e+00
      vertex   4.119913e+01 2.631901e+01 2.948889e+00
      vertex   4.150401e+01 2.651377e+01 2.799038e+00
    endloop
  endfacet
  facet normal 3.163087e-01 2.156556e-01 9.238189e-01
    outer loop
      vertex   3.955141e+01 2.873578e+01 2.948889e+00
      vertex   4.150401e+01 2.651377e+01 2.799038e+00
      vertex   3.984409e+01 2.894842e+01 2.799038e+00
    endloop
  endfacet
  facet normal 3.028455e-01 2.341862e-01 9.238189e-01
    outer loop
      vertex   3.776210e+01 3.104968e+01 2.948889e+00
      vertex   3.955141e+01 2.873578e+01 2.948889e+00
      vertex   3.984409e+01 2.894842e+01 2.799038e+00
    endloop
  endfacet
  facet normal 3.028455e-01 2.341862e-01 9.238189e-01
    outer loop
      vertex   3.776210e+01 3.104968e+01 2.948889e+00
      vertex   3.984409e+01 2.894842e+01 2.799038e+00
      vertex   3.804154e+01 3.127945e+01 2.799038e+00
    endloop
  endfacet
  facet normal 2.882981e-01 2.518785e-01 9.238189e-01
    outer loop
      vertex   3.583761e+01 3.325244e+01 2.948889e+00
      vertex   3.776210e+01 3.104968e+01 2.948889e+00
      vertex   3.804154e+01 3.127945e+01 2.799038e+00
    endloop
  endfacet
  facet normal 2.882981e-01 2.518785e-01 9.238189e-01
    outer loop
      vertex   3.583761e+01 3.325244e+01 2.948889e+00
      vertex   3.804154e+01 3.127945e+01 2.799038e+00
      vertex   3.610280e+01 3.349851e+01 2.799038e+00
    endloop
  endfacet
  facet normal 2.727187e-01 2.686691e-01 9.238189e-01
    outer loop
      vertex   3.378483e+01 3.533616e+01 2.948889e+00
      vertex   3.583761e+01 3.325244e+01 2.948889e+00
      vertex   3.610280e+01 3.349851e+01 2.799038e+00
    endloop
  endfacet
  facet normal 2.727187e-01 2.686691e-01 9.238189e-01
    outer loop
      vertex   3.378483e+01 3.533616e+01 2.948889e+00
      vertex   3.610280e+01 3.349851e+01 2.799038e+00
      vertex   3.403484e+01 3.559765e+01 2.799038e+00
    endloop
  endfacet
  facet normal 2.561631e-01 2.844979e-01 9.238189e-01
    outer loop
      vertex   3.161111e+01 3.729339e+01 2.948889e+00
      vertex   3.378483e+01 3.533616e+01 2.948889e+00
      vertex   3.403484e+01 3.559765e+01 2.799038e+00
    endloop
  endfacet
  facet normal 2.561631e-01 2.844979e-01 9.238189e-01
    outer loop
      vertex   3.161111e+01 3.729339e+01 2.948889e+00
      vertex   3.403484e+01 3.559765e+01 2.799038e+00
      vertex   3.184503e+01 3.756936e+01 2.799038e+00
    endloop
  endfacet
  facet normal 2.386904e-01 2.993083e-01 9.238189e-01
    outer loop
      vertex   2.932423e+01 3.911711e+01 2.948889e+00
      vertex   3.161111e+01 3.729339e+01 2.948889e+00
      vertex   3.184503e+01 3.756936e+01 2.799038e+00
    endloop
  endfacet
  facet normal 2.386904e-01 2.993083e-01 9.238189e-01
    outer loop
      vertex   2.932423e+01 3.911711e+01 2.948889e+00
      vertex   3.184503e+01 3.756936e+01 2.799038e+00
      vertex   2.954123e+01 3.940658e+01 2.799038e+00
    endloop
  endfacet
  facet normal 2.203633e-01 3.130472e-01 9.238189e-01
    outer loop
      vertex   2.693238e+01 4.080081e+01 2.948889e+00
      vertex   2.932423e+01 3.911711e+01 2.948889e+00
      vertex   2.954123e+01 3.940658e+01 2.799038e+00
    endloop
  endfacet
  facet normal 2.203633e-01 3.130472e-01 9.238189e-01
    outer loop
      vertex   2.693238e+01 4.080081e+01 2.948889e+00
      vertex   2.954123e+01 3.940658e+01 2.799038e+00
      vertex   2.713168e+01 4.110273e+01 2.799038e+00
    endloop
  endfacet
  facet normal 2.012473e-01 3.256656e-01 9.238189e-01
    outer loop
      vertex   2.444411e+01 4.233845e+01 2.948889e+00
      vertex   2.693238e+01 4.080081e+01 2.948889e+00
      vertex   2.713168e+01 4.110273e+01 2.799038e+00
    endloop
  endfacet
  facet normal 2.012473e-01 3.256656e-01 9.238189e-01
    outer loop
      vertex   2.444411e+01 4.233845e+01 2.948889e+00
      vertex   2.713168e+01 4.110273e+01 2.799038e+00
      vertex   2.462500e+01 4.265175e+01 2.799038e+00
    endloop
  endfacet
  facet normal 1.814110e-01 3.371181e-01 9.238189e-01
    outer loop
      vertex   2.186835e+01 4.372453e+01 2.948889e+00
      vertex   2.444411e+01 4.233845e+01 2.948889e+00
      vertex   2.462500e+01 4.265175e+01 2.799038e+00
    endloop
  endfacet
  facet normal 1.814110e-01 3.371181e-01 9.238189e-01
    outer loop
      vertex   2.186835e+01 4.372453e+01 2.948889e+00
      vertex   2.462500e+01 4.265175e+01 2.799038e+00
      vertex   2.203017e+01 4.404809e+01 2.799038e+00
    endloop
  endfacet
  facet normal 1.609252e-01 3.473638e-01 9.238189e-01
    outer loop
      vertex   1.921430e+01 4.495408e+01 2.948889e+00
      vertex   2.186835e+01 4.372453e+01 2.948889e+00
      vertex   2.203017e+01 4.404809e+01 2.799038e+00
    endloop
  endfacet
  facet normal 1.609252e-01 3.473638e-01 9.238189e-01
    outer loop
      vertex   1.921430e+01 4.495408e+01 2.948889e+00
      vertex   2.203017e+01 4.404809e+01 2.799038e+00
      vertex   1.935648e+01 4.528674e+01 2.799038e+00
    endloop
  endfacet
  facet normal 1.398634e-01 3.563661e-01 9.238189e-01
    outer loop
      vertex   1.649147e+01 4.602272e+01 2.948889e+00
      vertex   1.921430e+01 4.495408e+01 2.948889e+00
      vertex   1.935648e+01 4.528674e+01 2.799038e+00
    endloop
  endfacet
  facet normal 1.398634e-01 3.563661e-01 9.238189e-01
    outer loop
      vertex   1.649147e+01 4.602272e+01 2.948889e+00
      vertex   1.935648e+01 4.528674e+01 2.799038e+00
      vertex   1.661350e+01 4.636328e+01 2.799038e+00
    endloop
  endfacet
  facet normal 1.183009e-01 3.640927e-01 9.238189e-01
    outer loop
      vertex   1.370960e+01 4.692660e+01 2.948889e+00
      vertex   1.649147e+01 4.602272e+01 2.948889e+00
      vertex   1.661350e+01 4.636328e+01 2.799038e+00
    endloop
  endfacet
  facet normal 1.183009e-01 3.640927e-01 9.238189e-01
    outer loop
      vertex   1.370960e+01 4.692660e+01 2.948889e+00
      vertex   1.661350e+01 4.636328e+01 2.799038e+00
      vertex   1.381105e+01 4.727386e+01 2.799038e+00
    endloop
  endfacet
  facet normal 9.631488e-02 3.705159e-01 9.238189e-01
    outer loop
      vertex   1.087865e+01 4.766250e+01 2.948889e+00
      vertex   1.370960e+01 4.692660e+01 2.948889e+00
      vertex   1.381105e+01 4.727386e+01 2.799038e+00
    endloop
  endfacet
  facet normal 9.631488e-02 3.705159e-01 9.238189e-01
    outer loop
      vertex   1.087865e+01 4.766250e+01 2.948889e+00
      vertex   1.381105e+01 4.727386e+01 2.799038e+00
      vertex   1.095916e+01 4.801520e+01 2.799038e+00
    endloop
  endfacet
  facet normal 7.398410e-02 3.756127e-01 9.238189e-01
    outer loop
      vertex   8.008767e+00 4.822778e+01 2.948889e+00
      vertex   1.087865e+01 4.766250e+01 2.948889e+00
      vertex   1.095916e+01 4.801520e+01 2.799038e+00
    endloop
  endfacet
  facet normal 7.398410e-02 3.756127e-01 9.238189e-01
    outer loop
      vertex   8.008767e+00 4.822778e+01 2.948889e+00
      vertex   1.095916e+01 4.801520e+01 2.799038e+00
      vertex   8.068032e+00 4.858466e+01 2.799038e+00
    endloop
  endfacet
  facet normal 5.138848e-02 3.793650e-01 9.238189e-01
    outer loop
      vertex   5.110211e+00 4.862041e+01 2.948889e+00
      vertex   8.008767e+00 4.822778e+01 2.948889e+00
      vertex   8.068032e+00 4.858466e+01 2.799038e+00
    endloop
  endfacet
  facet normal 5.138848e-02 3.793650e-01 9.238189e-01
    outer loop
      vertex   5.110211e+00 4.862041e+01 2.948889e+00
      vertex   8.068032e+00 4.858466e+01 2.799038e+00
      vertex   5.148027e+00 4.898020e+01 2.799038e+00
    endloop
  endfacet
  facet normal 2.860890e-02 3.817592e-01 9.238189e-01
    outer loop
      vertex   2.193362e+00 4.883900e+01 2.948889e+00
      vertex   5.110211e+00 4.862041e+01 2.948889e+00
      vertex   5.148027e+00 4.898020e+01 2.799038e+00
    endloop
  endfacet
  facet normal 2.860890e-02 3.817592e-01 9.238189e-01
    outer loop
      vertex   2.193362e+00 4.883900e+01 2.948889e+00
      vertex   5.148027e+00 4.898020e+01 2.799038e+00
      vertex   2.209593e+00 4.920041e+01 2.799038e+00
    endloop
  endfacet
  facet normal 5.726905e-03 3.827868e-01 9.238189e-01
    outer loop
      vertex   -7.313389e-01 4.888276e+01 2.948889e+00
      vertex   2.193362e+00 4.883900e+01 2.948889e+00
      vertex   2.209593e+00 4.920041e+01 2.799038e+00
    endloop
  endfacet
  facet normal 5.726905e-03 3.827868e-01 9.238189e-01
    outer loop
      vertex   -7.313389e-01 4.888276e+01 2.948889e+00
      vertex   2.209593e+00 4.920041e+01 2.799038e+00
      vertex   -7.367508e-01 4.924449e+01 2.799038e+00
    endloop
  endfacet
  facet normal -1.717559e-02 3.824442e-01 9.238189e-01
    outer loop
      vertex   -3.653422e+00 4.875153e+01 2.948889e+00
      vertex   -7.313389e-01 4.888276e+01 2.948889e+00
      vertex   -7.367508e-01 4.924449e+01 2.799038e+00
    endloop
  endfacet
  facet normal -1.717559e-02 3.824442e-01 9.238189e-01
    outer loop
      vertex   -3.653422e+00 4.875153e+01 2.948889e+00
      vertex   -7.367508e-01 4.924449e+01 2.799038e+00
      vertex   -3.680457e+00 4.911229e+01 2.799038e+00
    endloop
  endfacet
  facet normal -4.001660e-02 3.807325e-01 9.238189e-01
    outer loop
      vertex   -6.562427e+00 4.844578e+01 2.948889e+00
      vertex   -3.653422e+00 4.875153e+01 2.948889e+00
      vertex   -3.680457e+00 4.911229e+01 2.799038e+00
    endloop
  endfacet
  facet normal -4.001660e-02 3.807325e-01 9.238189e-01
    outer loop
      vertex   -6.562427e+00 4.844578e+01 2.948889e+00
      vertex   -3.680457e+00 4.911229e+01 2.799038e+00
      vertex   -6.610988e+00 4.880428e+01 2.799038e+00
    endloop
  endfacet
  facet normal -6.271436e-02 3.776579e-01 9.238189e-01
    outer loop
      vertex   -9.447939e+00 4.796661e+01 2.948889e+00
      vertex   -6.562427e+00 4.844578e+01 2.948889e+00
      vertex   -6.610988e+00 4.880428e+01 2.799038e+00
    endloop
  endfacet
  facet normal -6.271436e-02 3.776579e-01 9.238189e-01
    outer loop
      vertex   -9.447939e+00 4.796661e+01 2.948889e+00
      vertex   -6.610988e+00 4.880428e+01 2.799038e+00
      vertex   -9.517854e+00 4.832156e+01 2.799038e+00
    endloop
  endfacet
  facet normal -8.518762e-02 3.732313e-01 9.238189e-01
    outer loop
      vertex   -1.229963e+01 4.731573e+01 2.948889e+00
      vertex   -9.447939e+00 4.796661e+01 2.948889e+00
      vertex   -9.517854e+00 4.832156e+01 2.799038e+00
    endloop
  endfacet
  facet normal -8.518762e-02 3.732313e-01 9.238189e-01
    outer loop
      vertex   -1.229963e+01 4.731573e+01 2.948889e+00
      vertex   -9.517854e+00 4.832156e+01 2.799038e+00
      vertex   -1.239065e+01 4.766586e+01 2.799038e+00
    endloop
  endfacet
  facet normal -1.073559e-01 3.674687e-01 9.238189e-01
    outer loop
      vertex   -1.510729e+01 4.649547e+01 2.948889e+00
      vertex   -1.229963e+01 4.731573e+01 2.948889e+00
      vertex   -1.239065e+01 4.766586e+01 2.799038e+00
    endloop
  endfacet
  facet normal -1.073559e-01 3.674687e-01 9.238189e-01
    outer loop
      vertex   -1.510729e+01 4.649547e+01 2.948889e+00
      vertex   -1.239065e+01 4.766586e+01 2.799038e+00
      vertex   -1.521909e+01 4.683953e+01 2.799038e+00
    endloop
  endfacet
  facet normal -1.291399e-01 3.603907e-01 9.238189e-01
    outer loop
      vertex   -1.786088e+01 4.550877e+01 2.948889e+00
      vertex   -1.510729e+01 4.649547e+01 2.948889e+00
      vertex   -1.521909e+01 4.683953e+01 2.799038e+00
    endloop
  endfacet
  facet normal -1.291399e-01 3.603907e-01 9.238189e-01
    outer loop
      vertex   -1.786088e+01 4.550877e+01 2.948889e+00
      vertex   -1.521909e+01 4.683953e+01 2.799038e+00
      vertex   -1.799305e+01 4.584553e+01 2.799038e+00
    endloop
  endfacet
  facet normal -1.504616e-01 3.520225e-01 9.238189e-01
    outer loop
      vertex   -2.055052e+01 4.435916e+01 2.948889e+00
      vertex   -1.786088e+01 4.550877e+01 2.948889e+00
      vertex   -1.799305e+01 4.584553e+01 2.799038e+00
    endloop
  endfacet
  facet normal -1.504616e-01 3.520225e-01 9.238189e-01
    outer loop
      vertex   -2.055052e+01 4.435916e+01 2.948889e+00
      vertex   -1.799305e+01 4.584553e+01 2.799038e+00
      vertex   -2.070259e+01 4.468742e+01 2.799038e+00
    endloop
  endfacet
  facet normal -1.712447e-01 3.423942e-01 9.238189e-01
    outer loop
      vertex   -2.316660e+01 4.305076e+01 2.948889e+00
      vertex   -2.055052e+01 4.435916e+01 2.948889e+00
      vertex   -2.070259e+01 4.468742e+01 2.799038e+00
    endloop
  endfacet
  facet normal -1.712447e-01 3.423942e-01 9.238189e-01
    outer loop
      vertex   -2.316660e+01 4.305076e+01 2.948889e+00
      vertex   -2.070259e+01 4.468742e+01 2.799038e+00
      vertex   -2.333803e+01 4.336933e+01 2.799038e+00
    endloop
  endfacet
  facet normal -1.914148e-01 3.315402e-01 9.238189e-01
    outer loop
      vertex   -2.569975e+01 4.158824e+01 2.948889e+00
      vertex   -2.316660e+01 4.305076e+01 2.948889e+00
      vertex   -2.333803e+01 4.336933e+01 2.799038e+00
    endloop
  endfacet
  facet normal -1.914148e-01 3.315402e-01 9.238189e-01
    outer loop
      vertex   -2.569975e+01 4.158824e+01 2.948889e+00
      vertex   -2.333803e+01 4.336933e+01 2.799038e+00
      vertex   -2.588993e+01 4.189599e+01 2.799038e+00
    endloop
  endfacet
  facet normal -2.108997e-01 3.194994e-01 9.238189e-01
    outer loop
      vertex   -2.814090e+01 3.997685e+01 2.948889e+00
      vertex   -2.569975e+01 4.158824e+01 2.948889e+00
      vertex   -2.588993e+01 4.189599e+01 2.799038e+00
    endloop
  endfacet
  facet normal -2.108997e-01 3.194994e-01 9.238189e-01
    outer loop
      vertex   -2.814090e+01 3.997685e+01 2.948889e+00
      vertex   -2.588993e+01 4.189599e+01 2.799038e+00
      vertex   -2.834914e+01 4.027268e+01 2.799038e+00
    endloop
  endfacet
  facet normal -2.296296e-01 3.063149e-01 9.238189e-01
    outer loop
      vertex   -3.048131e+01 3.822236e+01 2.948889e+00
      vertex   -2.814090e+01 3.997685e+01 2.948889e+00
      vertex   -2.834914e+01 4.027268e+01 2.799038e+00
    endloop
  endfacet
  facet normal -2.296296e-01 3.063149e-01 9.238189e-01
    outer loop
      vertex   -3.048131e+01 3.822236e+01 2.948889e+00
      vertex   -2.834914e+01 4.027268e+01 2.799038e+00
      vertex   -3.070687e+01 3.850520e+01 2.799038e+00
    endloop
  endfacet
  facet normal -2.475375e-01 2.920338e-01 9.238189e-01
    outer loop
      vertex   -3.271261e+01 3.633103e+01 2.948889e+00
      vertex   -3.048131e+01 3.822236e+01 2.948889e+00
      vertex   -3.070687e+01 3.850520e+01 2.799038e+00
    endloop
  endfacet
  facet normal -2.475375e-01 2.920338e-01 9.238189e-01
    outer loop
      vertex   -3.271261e+01 3.633103e+01 2.948889e+00
      vertex   -3.070687e+01 3.850520e+01 2.799038e+00
      vertex   -3.295468e+01 3.659988e+01 2.799038e+00
    endloop
  endfacet
  facet normal -2.645593e-01 2.767073e-01 9.238189e-01
    outer loop
      vertex   -3.482681e+01 3.430966e+01 2.948889e+00
      vertex   -3.271261e+01 3.633103e+01 2.948889e+00
      vertex   -3.295468e+01 3.659988e+01 2.799038e+00
    endloop
  endfacet
  facet normal -2.645593e-01 2.767073e-01 9.238189e-01
    outer loop
      vertex   -3.482681e+01 3.430966e+01 2.948889e+00
      vertex   -3.295468e+01 3.659988e+01 2.799038e+00
      vertex   -3.508452e+01 3.456355e+01 2.799038e+00
    endloop
  endfacet
  facet normal -2.806340e-01 2.603903e-01 9.238189e-01
    outer loop
      vertex   -3.681633e+01 3.216546e+01 2.948889e+00
      vertex   -3.482681e+01 3.430966e+01 2.948889e+00
      vertex   -3.508452e+01 3.456355e+01 2.799038e+00
    endloop
  endfacet
  facet normal -2.806340e-01 2.603903e-01 9.238189e-01
    outer loop
      vertex   -3.681633e+01 3.216546e+01 2.948889e+00
      vertex   -3.508452e+01 3.456355e+01 2.799038e+00
      vertex   -3.708877e+01 3.240348e+01 2.799038e+00
    endloop
  endfacet
  facet normal -2.957041e-01 2.431412e-01 9.238189e-01
    outer loop
      vertex   -3.867406e+01 2.990612e+01 2.948889e+00
      vertex   -3.681633e+01 3.216546e+01 2.948889e+00
      vertex   -3.708877e+01 3.240348e+01 2.799038e+00
    endloop
  endfacet
  facet normal -2.957041e-01 2.431412e-01 9.238189e-01
    outer loop
      vertex   -3.867406e+01 2.990612e+01 2.948889e+00
      vertex   -3.708877e+01 3.240348e+01 2.799038e+00
      vertex   -3.896025e+01 3.012742e+01 2.799038e+00
    endloop
  endfacet
  facet normal -3.097157e-01 2.250216e-01 9.238189e-01
    outer loop
      vertex   -4.039335e+01 2.753972e+01 2.948889e+00
      vertex   -3.867406e+01 2.990612e+01 2.948889e+00
      vertex   -3.896025e+01 3.012742e+01 2.799038e+00
    endloop
  endfacet
  facet normal -3.097157e-01 2.250216e-01 9.238189e-01
    outer loop
      vertex   -4.039335e+01 2.753972e+01 2.948889e+00
      vertex   -3.896025e+01 3.012742e+01 2.799038e+00
      vertex   -4.069226e+01 2.774351e+01 2.799038e+00
    endloop
  endfacet
  facet normal -3.226186e-01 2.060966e-01 9.238189e-01
    outer loop
      vertex   -4.196804e+01 2.507474e+01 2.948889e+00
      vertex   -4.039335e+01 2.753972e+01 2.948889e+00
      vertex   -4.069226e+01 2.774351e+01 2.799038e+00
    endloop
  endfacet
  facet normal -3.226186e-01 2.060966e-01 9.238189e-01
    outer loop
      vertex   -4.196804e+01 2.507474e+01 2.948889e+00
      vertex   -4.069226e+01 2.774351e+01 2.799038e+00
      vertex   -4.227860e+01 2.526029e+01 2.799038e+00
    endloop
  endfacet
  facet normal -3.343666e-01 1.864338e-01 9.238189e-01
    outer loop
      vertex   -4.339250e+01 2.251999e+01 2.948889e+00
      vertex   -4.196804e+01 2.507474e+01 2.948889e+00
      vertex   -4.227860e+01 2.526029e+01 2.799038e+00
    endloop
  endfacet
  facet normal -3.343666e-01 1.864338e-01 9.238189e-01
    outer loop
      vertex   -4.339250e+01 2.251999e+01 2.948889e+00
      vertex   -4.227860e+01 2.526029e+01 2.799038e+00
      vertex   -4.371360e+01 2.268664e+01 2.799038e+00
    endloop
  endfacet
  facet normal -3.449176e-01 1.661036e-01 9.238189e-01
    outer loop
      vertex   -4.466162e+01 1.988463e+01 2.948889e+00
      vertex   -4.339250e+01 2.251999e+01 2.948889e+00
      vertex   -4.371360e+01 2.268664e+01 2.799038e+00
    endloop
  endfacet
  facet normal -3.449176e-01 1.661036e-01 9.238189e-01
    outer loop
      vertex   -4.466162e+01 1.988463e+01 2.948889e+00
      vertex   -4.371360e+01 2.268664e+01 2.799038e+00
      vertex   -4.499211e+01 2.003178e+01 2.799038e+00
    endloop
  endfacet
  facet normal -3.542339e-01 1.451788e-01 9.238189e-01
    outer loop
      vertex   -4.577086e+01 1.717809e+01 2.948889e+00
      vertex   -4.466162e+01 1.988463e+01 2.948889e+00
      vertex   -4.499211e+01 2.003178e+01 2.799038e+00
    endloop
  endfacet
  facet normal -3.542339e-01 1.451788e-01 9.238189e-01
    outer loop
      vertex   -4.577086e+01 1.717809e+01 2.948889e+00
      vertex   -4.499211e+01 2.003178e+01 2.799038e+00
      vertex   -4.610957e+01 1.730521e+01 2.799038e+00
    endloop
  endfacet
  facet normal -3.622822e-01 1.237342e-01 9.238189e-01
    outer loop
      vertex   -4.671626e+01 1.441006e+01 2.948889e+00
      vertex   -4.577086e+01 1.717809e+01 2.948889e+00
      vertex   -4.610957e+01 1.730521e+01 2.799038e+00
    endloop
  endfacet
  facet normal -3.622822e-01 1.237342e-01 9.238189e-01
    outer loop
      vertex   -4.671626e+01 1.441006e+01 2.948889e+00
      vertex   -4.610957e+01 1.730521e+01 2.799038e+00
      vertex   -4.706196e+01 1.451669e+01 2.799038e+00
    endloop
  endfacet
  facet normal -3.690336e-01 1.018468e-01 9.238189e-01
    outer loop
      vertex   -4.749443e+01 1.159044e+01 2.948889e+00
      vertex   -4.671626e+01 1.441006e+01 2.948889e+00
      vertex   -4.706196e+01 1.451669e+01 2.799038e+00
    endloop
  endfacet
  facet normal -3.690336e-01 1.018468e-01 9.238189e-01
    outer loop
      vertex   -4.749443e+01 1.159044e+01 2.948889e+00
      vertex   -4.706196e+01 1.451669e+01 2.799038e+00
      vertex   -4.784588e+01 1.167621e+01 2.799038e+00
    endloop
  endfacet
  facet normal -3.744639e-01 7.959477e-02 9.238189e-01
    outer loop
      vertex   -4.810257e+01 8.729330e+00 2.948889e+00
      vertex   -4.749443e+01 1.159044e+01 2.948889e+00
      vertex   -4.784588e+01 1.167621e+01 2.799038e+00
    endloop
  endfacet
  facet normal -3.744639e-01 7.959477e-02 9.238189e-01
    outer loop
      vertex   -4.810257e+01 8.729330e+00 2.948889e+00
      vertex   -4.784588e+01 1.167621e+01 2.799038e+00
      vertex   -4.845853e+01 8.793927e+00 2.799038e+00
    endloop
  endfacet
  facet normal -3.785538e-01 5.705780e-02 9.238189e-01
    outer loop
      vertex   -4.853853e+01 5.836972e+00 2.948889e+00
      vertex   -4.810257e+01 8.729330e+00 2.948889e+00
      vertex   -4.845853e+01 8.793927e+00 2.799038e+00
    endloop
  endfacet
  facet normal -3.785538e-01 5.705780e-02 9.238189e-01
    outer loop
      vertex   -4.853853e+01 5.836972e+00 2.948889e+00
      vertex   -4.845853e+01 8.793927e+00 2.799038e+00
      vertex   -4.889771e+01 5.880166e+00 2.799038e+00
    endloop
  endfacet
  facet normal 0.000000e+00 0.000000e+00 1.000000e+00
    outer loop
      vertex   -2.927823e+00 -3.928205e+01 3.000000e+00
      vertex   -1.442890e+01 -4.630396e+01 3.000000e+00
      vertex   -3.014998e+00 -4.000000e+01 3.000000e+00
    endloop
  endfacet
  facet normal 0.000000e+00 0.000000e+00 1.000000e+00
    outer loop
      vertex   -3.014998e+00 -4.000000e+01 3.000000e+00
      vertex   -1.442890e+01 -4.630396e+01 3.000000e+00
      vertex   -1.160681e+01 -4.709068e+01 3.000000e+00
    endloop
  endfacet
  facet normal 0.000000e+00 0.000000e+00 1.000000e+00
    outer loop
      vertex   -3.014998e+00 -4.000000e+01 3.000000e+00
      vertex   -1.160681e+01 -4.709068e+01 3.000000e+00
      vertex   -2.927823e+00 -4.071794e+01 3.000000e+00
    endloop
  endfacet
  facet normal 0.000000e+00 0.000000e+00 1.000000e+00
    outer loop
      vertex   -2.927823e+00 -4.071794e+01 3.000000e+00
      vertex   -1.160681e+01 -4.709068e+01 3.000000e+00
      vertex   -8.742369e+00 -4.770557e+01 3.000000e+00
    endloop
  endfacet
  facet normal 0.000000e+00 0.000000e+00 1.000000e+00
    outer loop
      vertex   -2.927823e+00 -4.071794e+01 3.000000e+00
      vertex   -8.742369e+00 -4.770557e+01 3.000000e+00
      vertex   -2.671366e+00 -4.139417e+01 3.000000e+00
    endloop
  endfacet
  facet normal 0.000000e+00 0.000000e+00 1.000000e+00
    outer loop
      vertex   -2.671366e+00 -4.139417e+01 3.000000e+00
      vertex   -8.742369e+00 -4.770557e+01 3.000000e+00
      vertex   -5.846029e+00 -4.814638e+01 3.000000e+00
    endloop
  endfacet
  facet normal 0.000000e+00 0.000000e+00 1.000000e+00
    outer loop
      vertex   -2.671366e+00 -4.139417e+01 3.000000e+00
      vertex   -5.846029e+00 -4.814638e+01 3.000000e+00
      vertex   -2.260530e+00 -4.198937e+01 3.000000e+00
    endloop
  endfacet
  facet normal 0.000000e+00 0.000000e+00 1.000000e+00
    outer loop
      vertex   -2.260530e+00 -4.198937e+01 3.000000e+00
      vertex   -5.846029e+00 -4.814638e+01 3.000000e+00
      vertex   -1.719192e+00 -4.246895e+01 3.000000e+00
    endloop
  endfacet
  facet normal 0.000000e+00 0.000000e+00 1.000000e+00
    outer loop
      vertex   -1.719192e+00 -4.246895e+01 3.000000e+00
      vertex   -5.846029e+00 -4.814638e+01 3.000000e+00
      vertex   -2.928357e+00 -4.841151e+01 3.000000e+00
    endloop
  endfacet
  facet normal 0.000000e+00 0.000000e+00 1.000000e+00
    outer loop
      vertex   -1.719192e+00 -4.246895e+01 3.000000e+00
      vertex   -2.928357e+00 -4.841151e+01 3.000000e+00
      vertex   -1.078813e+00 -4.280505e+01 3.000000e+00
    endloop
  endfacet
  facet normal 0.000000e+00 0.000000e+00 1.000000e+00
    outer loop
      vertex   -1.078813e+00 -4.280505e+01 3.000000e+00
      vertex   -2.928357e+00 -4.841151e+01 3.000000e+00
      vertex   -3.766079e-01 -4.297812e+01 3.000000e+00
    endloop
  endfacet
  facet normal 0.000000e+00 0.000000e+00 1.000000e+00
    outer loop
      vertex   -3.766079e-01 -4.297812e+01 3.000000e+00
      vertex   -2.928357e+00 -4.841151e+01 3.000000e+00
      vertex   2.969768e-15 -4.850000e+01 3.000000e+00
    endloop
  endfacet
  facet normal -0.000000e+00 0.000000e+00 1.000000e+00
    outer loop
      vertex   -3.766079e-01 -4.297812e+01 3.000000e+00
      vertex   2.969768e-15 -4.850000e+01 3.000000e+00
      vertex   3.466122e-01 -4.297812e+01 3.000000e+00
    endloop
  endfacet
  facet normal 0.000000e+00 0.000000e+00 1.000000e+00
    outer loop
      vertex   3.466122e-01 -4.297812e+01 3.000000e+00
      vertex   2.969768e-15 -4.850000e+01 3.000000e+00
      vertex   2.928357e+00 -4.841151e+01 3.000000e+00
    endloop
  endfacet
  facet normal -0.000000e+00 0.000000e+00 1.000000e+00
    outer loop
      vertex   3.466122e-01 -4.297812e+01 3.000000e+00
      vertex   2.928357e+00 -4.841151e+01 3.000000e+00
      vertex   1.048817e+00 -4.280505e+01 3.000000e+00
    endloop
  endfacet
  facet normal -0.000000e+00 0.000000e+00 1.000000e+00
    outer loop
      vertex   1.048817e+00 -4.280505e+01 3.000000e+00
      vertex   2.928357e+00 -4.841151e+01 3.000000e+00
      vertex   1.689196e+00 -4.246895e+01 3.000000e+00
    endloop
  endfacet
  facet normal 0.000000e+00 0.000000e+00 1.000000e+00
    outer loop
      vertex   1.689196e+00 -4.246895e+01 3.000000e+00
      vertex   2.928357e+00 -4.841151e+01 3.000000e+00
      vertex   5.846029e+00 -4.814638e+01 3.000000e+00
    endloop
  endfacet
  facet normal -0.000000e+00 0.000000e+00 1.000000e+00
    outer loop
      vertex   1.689196e+00 -4.246895e+01 3.000000e+00
      vertex   5.846029e+00 -4.814638e+01 3.000000e+00
      vertex   2.230534e+00 -4.198937e+01 3.000000e+00
    endloop
  endfacet
  facet normal -0.000000e+00 0.000000e+00 1.000000e+00
    outer loop
      vertex   2.230534e+00 -4.198937e+01 3.000000e+00
      vertex   5.846029e+00 -4.814638e+01 3.000000e+00
      vertex   2.641370e+00 -4.139417e+01 3.000000e+00
    endloop
  endfacet
  facet normal 0.000000e+00 0.000000e+00 1.000000e+00
    outer loop
      vertex   2.641370e+00 -4.139417e+01 3.000000e+00
      vertex   5.846029e+00 -4.814638e+01 3.000000e+00
      vertex   8.742369e+00 -4.770557e+01 3.000000e+00
    endloop
  endfacet
  facet normal -0.000000e+00 0.000000e+00 1.000000e+00
    outer loop
      vertex   2.641370e+00 -4.139417e+01 3.000000e+00
      vertex   8.742369e+00 -4.770557e+01 3.000000e+00
      vertex   2.897828e+00 -4.071794e+01 3.000000e+00
    endloop
  endfacet
  facet normal 0.000000e+00 0.000000e+00 1.000000e+00
    outer loop
      vertex   2.897828e+00 -4.071794e+01 3.000000e+00
      vertex   8.742369e+00 -4.770557e+01 3.000000e+00
      vertex   1.160681e+01 -4.709068e+01 3.000000e+00
    endloop
  endfacet
  facet normal -0.000000e+00 0.000000e+00 1.000000e+00
    outer loop
      vertex   2.897828e+00 -4.071794e+01 3.000000e+00
      vertex   1.160681e+01 -4.709068e+01 3.000000e+00
      vertex   2.985002e+00 -4.000000e+01 3.000000e+00
    endloop
  endfacet
  facet normal 0.000000e+00 0.000000e+00 1.000000e+00
    outer loop
      vertex   2.985002e+00 -4.000000e+01 3.000000e+00
      vertex   1.160681e+01 -4.709068e+01 3.000000e+00
      vertex   1.442890e+01 -4.630396e+01 3.000000e+00
    endloop
  endfacet
  facet normal -0.000000e+00 -0.000000e+00 1.000000e+00
    outer loop
      vertex   2.985002e+00 -4.000000e+01 3.000000e+00
      vertex   1.442890e+01 -4.630396e+01 3.000000e+00
      vertex   2.897828e+00 -3.928205e+01 3.000000e+00
    endloop
  endfacet
  facet normal 0.000000e+00 0.000000e+00 1.000000e+00
    outer loop
      vertex   2.897828e+00 -3.928205e+01 3.000000e+00
      vertex   1.442890e+01 -4.630396e+01 3.000000e+00
      vertex   1.719834e+01 -4.534829e+01 3.000000e+00
    endloop
  endfacet
  facet normal -0.000000e+00 -0.000000e+00 1.000000e+00
    outer loop
      vertex   2.897828e+00 -3.928205e+01 3.000000e+00
      vertex   1.719834e+01 -4.534829e+01 3.000000e+00
      vertex   2.641370e+00 -3.860583e+01 3.000000e+00
    endloop
  endfacet
  facet normal 0.000000e+00 0.000000e+00 1.000000e+00
    outer loop
      vertex   2.641370e+00 -3.860583e+01 3.000000e+00
      vertex   1.719834e+01 -4.534829e+01 3.000000e+00
      vertex   1.990502e+01 -4.422714e+01 3.000000e+00
    endloop
  endfacet
  facet normal 0.000000e+00 0.000000e+00 1.000000e+00
    outer loop
      vertex   2.641370e+00 -3.860583e+01 3.000000e+00
      vertex   1.990502e+01 -4.422714e+01 3.000000e+00
      vertex   2.253907e+01 -4.294462e+01 3.000000e+00
    endloop
  endfacet
  facet normal 0.000000e+00 -0.000000e+00 1.000000e+00
    outer loop
      vertex   -1.442890e+01 -4.630396e+01 3.000000e+00
      vertex   -2.927823e+00 -3.928205e+01 3.000000e+00
      vertex   -1.719834e+01 -4.534829e+01 3.000000e+00
    endloop
  endfacet
  facet normal 0.000000e+00 0.000000e+00 1.000000e+00
    outer loop
      vertex   -1.719834e+01 -4.534829e+01 3.000000e+00
      vertex   -2.927823e+00 -3.928205e+01 3.000000e+00
      vertex   -2.671366e+00 -3.860583e+01 3.000000e+00
    endloop
  endfacet
  facet normal 0.000000e+00 -0.000000e+00 1.000000e+00
    outer loop
      vertex   -1.719834e+01 -4.534829e+01 3.000000e+00
      vertex   -2.671366e+00 -3.860583e+01 3.000000e+00
      vertex   -1.990502e+01 -4.422714e+01 3.000000e+00
    endloop
  endfacet
  facet normal 0.000000e+00 -0.000000e+00 1.000000e+00
    outer loop
      vertex   -1.990502e+01 -4.422714e+01 3.000000e+00
      vertex   -2.671366e+00 -3.860583e+01 3.000000e+00
      vertex   -2.253907e+01 -4.294462e+01 3.000000e+00
    endloop
  endfacet
  facet normal 0.000000e+00 0.000000e+00 1.000000e+00
    outer loop
      vertex   -2.253907e+01 -4.294462e+01 3.000000e+00
      vertex   -2.671366e+00 -3.860583e+01 3.000000e+00
      vertex   -2.260530e+00 -3.801063e+01 3.000000e+00
    endloop
  endfacet
  facet normal 0.000000e+00 -0.000000e+00 1.000000e+00
    outer loop
      vertex   -2.253907e+01 -4.294462e+01 3.000000e+00
      vertex   -2.260530e+00 -3.801063e+01 3.000000e+00
      vertex   -2.509088e+01 -4.150539e+01 3.000000e+00
    endloop
  endfacet
  facet normal 0.000000e+00 -0.000000e+00 1.000000e+00
    outer loop
      vertex   -2.509088e+01 -4.150539e+01 3.000000e+00
      vertex   -2.260530e+00 -3.801063e+01 3.000000e+00
      vertex   -2.755114e+01 -3.991472e+01 3.000000e+00
    endloop
  endfacet
  facet normal 0.000000e+00 -0.000000e+00 1.000000e+00
    outer loop
      vertex   -2.755114e+01 -3.991472e+01 3.000000e+00
      vertex   -2.260530e+00 -3.801063e+01 3.000000e+00
      vertex   -2.991087e+01 -3.817840e+01 3.000000e+00
    endloop
  endfacet
  facet normal 0.000000e+00 0.000000e+00 1.000000e+00
    outer loop
      vertex   -2.991087e+01 -3.817840e+01 3.000000e+00
      vertex   -2.260530e+00 -3.801063e+01 3.000000e+00
      vertex   -1.719192e+00 -3.753105e+01 3.000000e+00
    endloop
  endfacet
  facet normal 0.000000e+00 0.000000e+00 1.000000e+00
    outer loop
      vertex   -2.991087e+01 -3.817840e+01 3.000000e+00
      vertex   -1.719192e+00 -3.753105e+01 3.000000e+00
      vertex   -4.000000e+00 -4.000000e+00 3.000000e+00
    endloop
  endfacet
  facet normal 0.000000e+00 0.000000e+00 1.000000e+00
    outer loop
      vertex   -4.000000e+00 -4.000000e+00 3.000000e+00
      vertex   -1.719192e+00 -3.753105e+01 3.000000e+00
      vertex   -1.078813e+00 -3.719495e+01 3.000000e+00
    endloop
  endfacet
  facet normal 0.000000e+00 0.000000e+00 1.000000e+00
    outer loop
      vertex   -4.000000e+00 -4.000000e+00 3.000000e+00
      vertex   -1.078813e+00 -3.719495e+01 3.000000e+00
      vertex   -3.766079e-01 -3.702187e+01 3.000000e+00
    endloop
  endfacet
  facet normal 0.000000e+00 -0.000000e+00 1.000000e+00
    outer loop
      vertex   -3.766079e-01 -3.702187e+01 3.000000e+00
      vertex   3.466122e-01 -3.702187e+01 3.000000e+00
      vertex   -4.000000e+00 -4.000000e+00 3.000000e+00
    endloop
  endfacet
  facet normal -0.000000e+00 0.000000e+00 1.000000e+00
    outer loop
      vertex   -4.000000e+00 -4.000000e+00 3.000000e+00
      vertex   3.466122e-01 -3.702187e+01 3.000000e+00
      vertex   4.000000e+00 -4.000000e+00 3.000000e+00
    endloop
  endfacet
  facet normal 0.000000e+00 0.000000e+00 1.000000e+00
    outer loop
      vertex   4.000000e+00 -4.000000e+00 3.000000e+00
      vertex   3.466122e-01 -3.702187e+01 3.000000e+00
      vertex   1.048817e+00 -3.719495e+01 3.000000e+00
    endloop
  endfacet
  facet normal 0.000000e+00 0.000000e+00 1.000000e+00
    outer loop
      vertex   4.000000e+00 -4.000000e+00 3.000000e+00
      vertex   1.048817e+00 -3.719495e+01 3.000000e+00
      vertex   1.689196e+00 -3.753105e+01 3.000000e+00
    endloop
  endfacet
  facet normal 0.000000e+00 0.000000e+00 1.000000e+00
    outer loop
      vertex   4.000000e+00 -4.000000e+00 3.000000e+00
      vertex   1.689196e+00 -3.753105e+01 3.000000e+00
      vertex   2.991087e+01 -3.817840e+01 3.000000e+00
    endloop
  endfacet
  facet normal 0.000000e+00 0.000000e+00 1.000000e+00
    outer loop
      vertex   2.991087e+01 -3.817840e+01 3.000000e+00
      vertex   1.689196e+00 -3.753105e+01 3.000000e+00
      vertex   2.230534e+00 -3.801063e+01 3.000000e+00
    endloop
  endfacet
  facet normal 0.000000e+00 0.000000e+00 1.000000e+00
    outer loop
      vertex   2.991087e+01 -3.817840e+01 3.000000e+00
      vertex   2.230534e+00 -3.801063e+01 3.000000e+00
      vertex   2.755114e+01 -3.991472e+01 3.000000e+00
    endloop
  endfacet
  facet normal 0.000000e+00 0.000000e+00 1.000000e+00
    outer loop
      vertex   2.755114e+01 -3.991472e+01 3.000000e+00
      vertex   2.230534e+00 -3.801063e+01 3.000000e+00
      vertex   2.509088e+01 -4.150539e+01 3.000000e+00
    endloop
  endfacet
  facet normal 0.000000e+00 0.000000e+00 1.000000e+00
    outer loop
      vertex   2.509088e+01 -4.150539e+01 3.000000e+00
      vertex   2.230534e+00 -3.801063e+01 3.000000e+00
      vertex   2.253907e+01 -4.294462e+01 3.000000e+00
    endloop
  endfacet
  facet normal 0.000000e+00 0.000000e+00 1.000000e+00
    outer loop
      vertex   2.253907e+01 -4.294462e+01 3.000000e+00
      vertex   2.230534e+00 -3.801063e+01 3.000000e+00
      vertex   2.641370e+00 -3.860583e+01 3.000000e+00
    endloop
  endfacet
  facet normal 0.000000e+00 0.000000e+00 1.000000e+00
    outer loop
      vertex   -4.291283e+01 -7.179470e-01 3.000000e+00
      vertex   -4.300000e+01 -4.073498e-15 3.000000e+00
      vertex   -4.850000e+01 5.939537e-15 3.000000e+00
    endloop
  endfacet
  facet normal -0.000000e+00 0.000000e+00 1.000000e+00
    outer loop
      vertex   -4.850000e+01 5.939537e-15 3.000000e+00
      vertex   -4.300000e+01 -4.073498e-15 3.000000e+00
      vertex   -4.291283e+01 7.179470e-01 3.000000e+00
    endloop
  endfacet
  facet normal 0.000000e+00 0.000000e+00 1.000000e+00
    outer loop
      vertex   -4.850000e+01 5.939537e-15 3.000000e+00
      vertex   -4.291283e+01 7.179470e-01 3.000000e+00
      vertex   -4.841151e+01 2.928357e+00 3.000000e+00
    endloop
  endfacet
  facet normal 0.000000e+00 0.000000e+00 1.000000e+00
    outer loop
      vertex   -4.841151e+01 2.928357e+00 3.000000e+00
      vertex   -4.291283e+01 7.179470e-01 3.000000e+00
      vertex   -4.265637e+01 1.394170e+00 3.000000e+00
    endloop
  endfacet
  facet normal 0.000000e+00 0.000000e+00 1.000000e+00
    outer loop
      vertex   -4.841151e+01 2.928357e+00 3.000000e+00
      vertex   -4.265637e+01 1.394170e+00 3.000000e+00
      vertex   -4.224553e+01 1.989368e+00 3.000000e+00
    endloop
  endfacet
  facet normal -0.000000e+00 0.000000e+00 1.000000e+00
    outer loop
      vertex   -4.841151e+01 2.928357e+00 3.000000e+00
      vertex   -4.224553e+01 1.989368e+00 3.000000e+00
      vertex   -4.814638e+01 5.846029e+00 3.000000e+00
    endloop
  endfacet
  facet normal 0.000000e+00 0.000000e+00 1.000000e+00
    outer loop
      vertex   -4.814638e+01 5.846029e+00 3.000000e+00
      vertex   -4.224553e+01 1.989368e+00 3.000000e+00
      vertex   -4.170419e+01 2.468952e+00 3.000000e+00
    endloop
  endfacet
  facet normal -0.000000e+00 0.000000e+00 1.000000e+00
    outer loop
      vertex   -4.814638e+01 5.846029e+00 3.000000e+00
      vertex   -4.170419e+01 2.468952e+00 3.000000e+00
      vertex   -4.770557e+01 8.742369e+00 3.000000e+00
    endloop
  endfacet
  facet normal 0.000000e+00 0.000000e+00 1.000000e+00
    outer loop
      vertex   -4.770557e+01 8.742369e+00 3.000000e+00
      vertex   -4.170419e+01 2.468952e+00 3.000000e+00
      vertex   -4.106381e+01 2.805049e+00 3.000000e+00
    endloop
  endfacet
  facet normal 0.000000e+00 0.000000e+00 1.000000e+00
    outer loop
      vertex   -4.770557e+01 8.742369e+00 3.000000e+00
      vertex   -4.106381e+01 2.805049e+00 3.000000e+00
      vertex   -4.036161e+01 2.978127e+00 3.000000e+00
    endloop
  endfacet
  facet normal -0.000000e+00 0.000000e+00 1.000000e+00
    outer loop
      vertex   -4.770557e+01 8.742369e+00 3.000000e+00
      vertex   -4.036161e+01 2.978127e+00 3.000000e+00
      vertex   -4.709068e+01 1.160681e+01 3.000000e+00
    endloop
  endfacet
  facet normal 0.000000e+00 0.000000e+00 1.000000e+00
    outer loop
      vertex   -4.709068e+01 1.160681e+01 3.000000e+00
      vertex   -4.036161e+01 2.978127e+00 3.000000e+00
      vertex   -3.963839e+01 2.978127e+00 3.000000e+00
    endloop
  endfacet
  facet normal -0.000000e+00 0.000000e+00 1.000000e+00
    outer loop
      vertex   -4.709068e+01 1.160681e+01 3.000000e+00
      vertex   -3.963839e+01 2.978127e+00 3.000000e+00
      vertex   -4.630396e+01 1.442890e+01 3.000000e+00
    endloop
  endfacet
  facet normal 0.000000e+00 0.000000e+00 1.000000e+00
    outer loop
      vertex   -4.630396e+01 1.442890e+01 3.000000e+00
      vertex   -3.963839e+01 2.978127e+00 3.000000e+00
      vertex   -3.893619e+01 2.805049e+00 3.000000e+00
    endloop
  endfacet
  facet normal -0.000000e+00 0.000000e+00 1.000000e+00
    outer loop
      vertex   -4.630396e+01 1.442890e+01 3.000000e+00
      vertex   -3.893619e+01 2.805049e+00 3.000000e+00
      vertex   -4.534829e+01 1.719834e+01 3.000000e+00
    endloop
  endfacet
  facet normal -0.000000e+00 0.000000e+00 1.000000e+00
    outer loop
      vertex   -4.534829e+01 1.719834e+01 3.000000e+00
      vertex   -3.893619e+01 2.805049e+00 3.000000e+00
      vertex   -4.422714e+01 1.990502e+01 3.000000e+00
    endloop
  endfacet
  facet normal 0.000000e+00 0.000000e+00 1.000000e+00
    outer loop
      vertex   -4.422714e+01 1.990502e+01 3.000000e+00
      vertex   -3.893619e+01 2.805049e+00 3.000000e+00
      vertex   -3.829581e+01 2.468952e+00 3.000000e+00
    endloop
  endfacet
  facet normal -0.000000e+00 0.000000e+00 1.000000e+00
    outer loop
      vertex   -4.422714e+01 1.990502e+01 3.000000e+00
      vertex   -3.829581e+01 2.468952e+00 3.000000e+00
      vertex   -4.294462e+01 2.253907e+01 3.000000e+00
    endloop
  endfacet
  facet normal -0.000000e+00 0.000000e+00 1.000000e+00
    outer loop
      vertex   -4.294462e+01 2.253907e+01 3.000000e+00
      vertex   -3.829581e+01 2.468952e+00 3.000000e+00
      vertex   -4.150539e+01 2.509088e+01 3.000000e+00
    endloop
  endfacet
  facet normal 0.000000e+00 0.000000e+00 1.000000e+00
    outer loop
      vertex   -4.150539e+01 2.509088e+01 3.000000e+00
      vertex   -3.829581e+01 2.468952e+00 3.000000e+00
      vertex   -3.775447e+01 1.989368e+00 3.000000e+00
    endloop
  endfacet
  facet normal -0.000000e+00 0.000000e+00 1.000000e+00
    outer loop
      vertex   -4.150539e+01 2.509088e+01 3.000000e+00
      vertex   -3.775447e+01 1.989368e+00 3.000000e+00
      vertex   -3.991472e+01 2.755114e+01 3.000000e+00
    endloop
  endfacet
  facet normal -0.000000e+00 0.000000e+00 1.000000e+00
    outer loop
      vertex   -3.991472e+01 2.755114e+01 3.000000e+00
      vertex   -3.775447e+01 1.989368e+00 3.000000e+00
      vertex   -3.817840e+01 2.991087e+01 3.000000e+00
    endloop
  endfacet
  facet normal 0.000000e+00 0.000000e+00 1.000000e+00
    outer loop
      vertex   -3.817840e+01 2.991087e+01 3.000000e+00
      vertex   -3.775447e+01 1.989368e+00 3.000000e+00
      vertex   -4.000000e+00 4.000000e+00 3.000000e+00
    endloop
  endfacet
  facet normal -0.000000e+00 0.000000e+00 1.000000e+00
    outer loop
      vertex   -3.817840e+01 2.991087e+01 3.000000e+00
      vertex   -4.000000e+00 4.000000e+00 3.000000e+00
      vertex   -3.630277e+01 3.216145e+01 3.000000e+00
    endloop
  endfacet
  facet normal -0.000000e+00 0.000000e+00 1.000000e+00
    outer loop
      vertex   -3.630277e+01 3.216145e+01 3.000000e+00
      vertex   -4.000000e+00 4.000000e+00 3.000000e+00
      vertex   -3.429468e+01 3.429468e+01 3.000000e+00
    endloop
  endfacet
  facet normal -0.000000e+00 0.000000e+00 1.000000e+00
    outer loop
      vertex   -3.429468e+01 3.429468e+01 3.000000e+00
      vertex   -4.000000e+00 4.000000e+00 3.000000e+00
      vertex   -3.216145e+01 3.630277e+01 3.000000e+00
    endloop
  endfacet
  facet normal -0.000000e+00 0.000000e+00 1.000000e+00
    outer loop
      vertex   -3.216145e+01 3.630277e+01 3.000000e+00
      vertex   -4.000000e+00 4.000000e+00 3.000000e+00
      vertex   -2.991087e+01 3.817840e+01 3.000000e+00
    endloop
  endfacet
  facet normal 0.000000e+00 0.000000e+00 1.000000e+00
    outer loop
      vertex   -2.991087e+01 3.817840e+01 3.000000e+00
      vertex   -4.000000e+00 4.000000e+00 3.000000e+00
      vertex   -1.706930e+00 3.753105e+01 3.000000e+00
    endloop
  endfacet
  facet normal 0.000000e+00 0.000000e+00 1.000000e+00
    outer loop
      vertex   -2.991087e+01 3.817840e+01 3.000000e+00
      vertex   -1.706930e+00 3.753105e+01 3.000000e+00
      vertex   -2.248268e+00 3.801063e+01 3.000000e+00
    endloop
  endfacet
  facet normal -0.000000e+00 0.000000e+00 1.000000e+00
    outer loop
      vertex   -3.775447e+01 1.989368e+00 3.000000e+00
      vertex   -3.734363e+01 1.394170e+00 3.000000e+00
      vertex   -4.000000e+00 4.000000e+00 3.000000e+00
    endloop
  endfacet
  facet normal 0.000000e+00 0.000000e+00 1.000000e+00
    outer loop
      vertex   -4.000000e+00 4.000000e+00 3.000000e+00
      vertex   -3.734363e+01 1.394170e+00 3.000000e+00
      vertex   -3.708717e+01 7.179470e-01 3.000000e+00
    endloop
  endfacet
  facet normal 0.000000e+00 0.000000e+00 1.000000e+00
    outer loop
      vertex   -4.000000e+00 4.000000e+00 3.000000e+00
      vertex   -3.708717e+01 7.179470e-01 3.000000e+00
      vertex   -3.700000e+01 -4.440892e-15 3.000000e+00
    endloop
  endfacet
  facet normal 0.000000e+00 0.000000e+00 1.000000e+00
    outer loop
      vertex   -4.000000e+00 4.000000e+00 3.000000e+00
      vertex   -3.700000e+01 -4.440892e-15 3.000000e+00
      vertex   -4.000000e+00 -4.000000e+00 3.000000e+00
    endloop
  endfacet
  facet normal 0.000000e+00 0.000000e+00 1.000000e+00
    outer loop
      vertex   -4.000000e+00 -4.000000e+00 3.000000e+00
      vertex   -3.700000e+01 -4.440892e-15 3.000000e+00
      vertex   -3.708717e+01 -7.179470e-01 3.000000e+00
    endloop
  endfacet
  facet normal 0.000000e+00 0.000000e+00 1.000000e+00
    outer loop
      vertex   -4.000000e+00 -4.000000e+00 3.000000e+00
      vertex   -3.708717e+01 -7.179470e-01 3.000000e+00
      vertex   -3.734363e+01 -1.394170e+00 3.000000e+00
    endloop
  endfacet
  facet normal 0.000000e+00 0.000000e+00 1.000000e+00
    outer loop
      vertex   -3.734363e+01 -1.394170e+00 3.000000e+00
      vertex   -3.775447e+01 -1.989368e+00 3.000000e+00
      vertex   -4.000000e+00 -4.000000e+00 3.000000e+00
    endloop
  endfacet
  facet normal 0.000000e+00 0.000000e+00 1.000000e+00
    outer loop
      vertex   -4.000000e+00 -4.000000e+00 3.000000e+00
      vertex   -3.775447e+01 -1.989368e+00 3.000000e+00
      vertex   -3.817840e+01 -2.991087e+01 3.000000e+00
    endloop
  endfacet
  facet normal 0.000000e+00 0.000000e+00 1.000000e+00
    outer loop
      vertex   -4.000000e+00 -4.000000e+00 3.000000e+00
      vertex   -3.817840e+01 -2.991087e+01 3.000000e+00
      vertex   -3.630277e+01 -3.216145e+01 3.000000e+00
    endloop
  endfacet
  facet normal -0.000000e+00 0.000000e+00 1.000000e+00
    outer loop
      vertex   -3.829581e+01 -2.468952e+00 3.000000e+00
      vertex   -4.150539e+01 -2.509088e+01 3.000000e+00
      vertex   -3.775447e+01 -1.989368e+00 3.000000e+00
    endloop
  endfacet
  facet normal 0.000000e+00 0.000000e+00 1.000000e+00
    outer loop
      vertex   -3.775447e+01 -1.989368e+00 3.000000e+00
      vertex   -4.150539e+01 -2.509088e+01 3.000000e+00
      vertex   -3.991472e+01 -2.755114e+01 3.000000e+00
    endloop
  endfacet
  facet normal 0.000000e+00 0.000000e+00 1.000000e+00
    outer loop
      vertex   -3.775447e+01 -1.989368e+00 3.000000e+00
      vertex   -3.991472e+01 -2.755114e+01 3.000000e+00
      vertex   -3.817840e+01 -2.991087e+01 3.000000e+00
    endloop
  endfacet
  facet normal -0.000000e+00 0.000000e+00 1.000000e+00
    outer loop
      vertex   -3.893619e+01 -2.805049e+00 3.000000e+00
      vertex   -4.422714e+01 -1.990502e+01 3.000000e+00
      vertex   -3.829581e+01 -2.468952e+00 3.000000e+00
    endloop
  endfacet
  facet normal 0.000000e+00 0.000000e+00 1.000000e+00
    outer loop
      vertex   -3.829581e+01 -2.468952e+00 3.000000e+00
      vertex   -4.422714e+01 -1.990502e+01 3.000000e+00
      vertex   -4.294462e+01 -2.253907e+01 3.000000e+00
    endloop
  endfacet
  facet normal 0.000000e+00 0.000000e+00 1.000000e+00
    outer loop
      vertex   -3.829581e+01 -2.468952e+00 3.000000e+00
      vertex   -4.294462e+01 -2.253907e+01 3.000000e+00
      vertex   -4.150539e+01 -2.509088e+01 3.000000e+00
    endloop
  endfacet
  facet normal -0.000000e+00 0.000000e+00 1.000000e+00
    outer loop
      vertex   -3.963839e+01 -2.978127e+00 3.000000e+00
      vertex   -4.630396e+01 -1.442890e+01 3.000000e+00
      vertex   -3.893619e+01 -2.805049e+00 3.000000e+00
    endloop
  endfacet
  facet normal 0.000000e+00 0.000000e+00 1.000000e+00
    outer loop
      vertex   -3.893619e+01 -2.805049e+00 3.000000e+00
      vertex   -4.630396e+01 -1.442890e+01 3.000000e+00
      vertex   -4.534829e+01 -1.719834e+01 3.000000e+00
    endloop
  endfacet
  facet normal 0.000000e+00 0.000000e+00 1.000000e+00
    outer loop
      vertex   -3.893619e+01 -2.805049e+00 3.000000e+00
      vertex   -4.534829e+01 -1.719834e+01 3.000000e+00
      vertex   -4.422714e+01 -1.990502e+01 3.000000e+00
    endloop
  endfacet
  facet normal 0.000000e+00 -0.000000e+00 1.000000e+00
    outer loop
      vertex   -4.630396e+01 -1.442890e+01 3.000000e+00
      vertex   -3.963839e+01 -2.978127e+00 3.000000e+00
      vertex   -4.709068e+01 -1.160681e+01 3.000000e+00
    endloop
  endfacet
  facet normal 0.000000e+00 0.000000e+00 1.000000e+00
    outer loop
      vertex   -4.709068e+01 -1.160681e+01 3.000000e+00
      vertex   -3.963839e+01 -2.978127e+00 3.000000e+00
      vertex   -4.036161e+01 -2.978127e+00 3.000000e+00
    endloop
  endfacet
  facet normal 0.000000e+00 -0.000000e+00 1.000000e+00
    outer loop
      vertex   -4.709068e+01 -1.160681e+01 3.000000e+00
      vertex   -4.036161e+01 -2.978127e+00 3.000000e+00
      vertex   -4.770557e+01 -8.742369e+00 3.000000e+00
    endloop
  endfacet
  facet normal 0.000000e+00 0.000000e+00 1.000000e+00
    outer loop
      vertex   -4.770557e+01 -8.742369e+00 3.000000e+00
      vertex   -4.036161e+01 -2.978127e+00 3.000000e+00
      vertex   -4.106381e+01 -2.805049e+00 3.000000e+00
    endloop
  endfacet
  facet normal 0.000000e+00 0.000000e+00 1.000000e+00
    outer loop
      vertex   -4.770557e+01 -8.742369e+00 3.000000e+00
      vertex   -4.106381e+01 -2.805049e+00 3.000000e+00
      vertex   -4.170419e+01 -2.468952e+00 3.000000e+00
    endloop
  endfacet
  facet normal 0.000000e+00 -0.000000e+00 1.000000e+00
    outer loop
      vertex   -4.770557e+01 -8.742369e+00 3.000000e+00
      vertex   -4.170419e+01 -2.468952e+00 3.000000e+00
      vertex   -4.814638e+01 -5.846029e+00 3.000000e+00
    endloop
  endfacet
  facet normal 0.000000e+00 0.000000e+00 1.000000e+00
    outer loop
      vertex   -4.814638e+01 -5.846029e+00 3.000000e+00
      vertex   -4.170419e+01 -2.468952e+00 3.000000e+00
      vertex   -4.224553e+01 -1.989368e+00 3.000000e+00
    endloop
  endfacet
  facet normal 0.000000e+00 -0.000000e+00 1.000000e+00
    outer loop
      vertex   -4.814638e+01 -5.846029e+00 3.000000e+00
      vertex   -4.224553e+01 -1.989368e+00 3.000000e+00
      vertex   -4.841151e+01 -2.928357e+00 3.000000e+00
    endloop
  endfacet
  facet normal 0.000000e+00 0.000000e+00 1.000000e+00
    outer loop
      vertex   -4.841151e+01 -2.928357e+00 3.000000e+00
      vertex   -4.224553e+01 -1.989368e+00 3.000000e+00
      vertex   -4.265637e+01 -1.394170e+00 3.000000e+00
    endloop
  endfacet
  facet normal 0.000000e+00 0.000000e+00 1.000000e+00
    outer loop
      vertex   -4.841151e+01 -2.928357e+00 3.000000e+00
      vertex   -4.265637e+01 -1.394170e+00 3.000000e+00
      vertex   -4.291283e+01 -7.179470e-01 3.000000e+00
    endloop
  endfacet
  facet normal 0.000000e+00 -0.000000e+00 1.000000e+00
    outer loop
      vertex   -4.841151e+01 -2.928357e+00 3.000000e+00
      vertex   -4.291283e+01 -7.179470e-01 3.000000e+00
      vertex   -4.850000e+01 5.939537e-15 3.000000e+00
    endloop
  endfacet
  facet normal 0.000000e+00 0.000000e+00 1.000000e+00
    outer loop
      vertex   3.708717e+01 7.179470e-01 3.000000e+00
      vertex   4.000000e+00 4.000000e+00 3.000000e+00
      vertex   3.700000e+01 -4.073498e-15 3.000000e+00
    endloop
  endfacet
  facet normal 0.000000e+00 0.000000e+00 1.000000e+00
    outer loop
      vertex   3.700000e+01 -4.073498e-15 3.000000e+00
      vertex   4.000000e+00 4.000000e+00 3.000000e+00
      vertex   4.000000e+00 -4.000000e+00 3.000000e+00
    endloop
  endfacet
  facet normal 0.000000e+00 0.000000e+00 1.000000e+00
    outer loop
      vertex   3.700000e+01 -4.073498e-15 3.000000e+00
      vertex   4.000000e+00 -4.000000e+00 3.000000e+00
      vertex   3.708717e+01 -7.179470e-01 3.000000e+00
    endloop
  endfacet
  facet normal 0.000000e+00 0.000000e+00 1.000000e+00
    outer loop
      vertex   3.708717e+01 -7.179470e-01 3.000000e+00
      vertex   4.000000e+00 -4.000000e+00 3.000000e+00
      vertex   3.734363e+01 -1.394170e+00 3.000000e+00
    endloop
  endfacet
  facet normal 0.000000e+00 0.000000e+00 1.000000e+00
    outer loop
      vertex   3.734363e+01 -1.394170e+00 3.000000e+00
      vertex   4.000000e+00 -4.000000e+00 3.000000e+00
      vertex   3.775447e+01 -1.989368e+00 3.000000e+00
    endloop
  endfacet
  facet normal 0.000000e+00 0.000000e+00 1.000000e+00
    outer loop
      vertex   3.775447e+01 -1.989368e+00 3.000000e+00
      vertex   4.000000e+00 -4.000000e+00 3.000000e+00
      vertex   3.817840e+01 -2.991087e+01 3.000000e+00
    endloop
  endfacet
  facet normal 0.000000e+00 0.000000e+00 1.000000e+00
    outer loop
      vertex   3.775447e+01 -1.989368e+00 3.000000e+00
      vertex   3.817840e+01 -2.991087e+01 3.000000e+00
      vertex   3.991472e+01 -2.755114e+01 3.000000e+00
    endloop
  endfacet
  facet normal 0.000000e+00 -0.000000e+00 1.000000e+00
    outer loop
      vertex   3.708717e+01 7.179470e-01 3.000000e+00
      vertex   3.734363e+01 1.394170e+00 3.000000e+00
      vertex   4.000000e+00 4.000000e+00 3.000000e+00
    endloop
  endfacet
  facet normal 0.000000e+00 0.000000e+00 1.000000e+00
    outer loop
      vertex   4.000000e+00 4.000000e+00 3.000000e+00
      vertex   3.734363e+01 1.394170e+00 3.000000e+00
      vertex   3.775447e+01 1.989368e+00 3.000000e+00
    endloop
  endfacet
  facet normal -0.000000e+00 0.000000e+00 1.000000e+00
    outer loop
      vertex   4.000000e+00 4.000000e+00 3.000000e+00
      vertex   3.775447e+01 1.989368e+00 3.000000e+00
      vertex   3.817840e+01 2.991087e+01 3.000000e+00
    endloop
  endfacet
  facet normal 0.000000e+00 0.000000e+00 1.000000e+00
    outer loop
      vertex   3.817840e+01 2.991087e+01 3.000000e+00
      vertex   3.775447e+01 1.989368e+00 3.000000e+00
      vertex   3.991472e+01 2.755114e+01 3.000000e+00
    endloop
  endfacet
  facet normal 0.000000e+00 0.000000e+00 1.000000e+00
    outer loop
      vertex   3.991472e+01 2.755114e+01 3.000000e+00
      vertex   3.775447e+01 1.989368e+00 3.000000e+00
      vertex   4.150539e+01 2.509088e+01 3.000000e+00
    endloop
  endfacet
  facet normal 0.000000e+00 0.000000e+00 1.000000e+00
    outer loop
      vertex   4.150539e+01 2.509088e+01 3.000000e+00
      vertex   3.775447e+01 1.989368e+00 3.000000e+00
      vertex   3.829581e+01 2.468952e+00 3.000000e+00
    endloop
  endfacet
  facet normal 0.000000e+00 0.000000e+00 1.000000e+00
    outer loop
      vertex   4.150539e+01 2.509088e+01 3.000000e+00
      vertex   3.829581e+01 2.468952e+00 3.000000e+00
      vertex   4.294462e+01 2.253907e+01 3.000000e+00
    endloop
  endfacet
  facet normal 0.000000e+00 0.000000e+00 1.000000e+00
    outer loop
      vertex   4.294462e+01 2.253907e+01 3.000000e+00
      vertex   3.829581e+01 2.468952e+00 3.000000e+00
      vertex   4.422714e+01 1.990502e+01 3.000000e+00
    endloop
  endfacet
  facet normal 0.000000e+00 0.000000e+00 1.000000e+00
    outer loop
      vertex   4.422714e+01 1.990502e+01 3.000000e+00
      vertex   3.829581e+01 2.468952e+00 3.000000e+00
      vertex   3.893619e+01 2.805049e+00 3.000000e+00
    endloop
  endfacet
  facet normal 0.000000e+00 0.000000e+00 1.000000e+00
    outer loop
      vertex   4.422714e+01 1.990502e+01 3.000000e+00
      vertex   3.893619e+01 2.805049e+00 3.000000e+00
      vertex   4.534829e+01 1.719834e+01 3.000000e+00
    endloop
  endfacet
  facet normal 0.000000e+00 0.000000e+00 1.000000e+00
    outer loop
      vertex   4.534829e+01 1.719834e+01 3.000000e+00
      vertex   3.893619e+01 2.805049e+00 3.000000e+00
      vertex   4.630396e+01 1.442890e+01 3.000000e+00
    endloop
  endfacet
  facet normal 0.000000e+00 0.000000e+00 1.000000e+00
    outer loop
      vertex   4.630396e+01 1.442890e+01 3.000000e+00
      vertex   3.893619e+01 2.805049e+00 3.000000e+00
      vertex   3.963839e+01 2.978127e+00 3.000000e+00
    endloop
  endfacet
  facet normal 0.000000e+00 0.000000e+00 1.000000e+00
    outer loop
      vertex   4.630396e+01 1.442890e+01 3.000000e+00
      vertex   3.963839e+01 2.978127e+00 3.000000e+00
      vertex   4.709068e+01 1.160681e+01 3.000000e+00
    endloop
  endfacet
  facet normal 0.000000e+00 0.000000e+00 1.000000e+00
    outer loop
      vertex   4.709068e+01 1.160681e+01 3.000000e+00
      vertex   3.963839e+01 2.978127e+00 3.000000e+00
      vertex   4.036161e+01 2.978127e+00 3.000000e+00
    endloop
  endfacet
  facet normal 0.000000e+00 0.000000e+00 1.000000e+00
    outer loop
      vertex   4.709068e+01 1.160681e+01 3.000000e+00
      vertex   4.036161e+01 2.978127e+00 3.000000e+00
      vertex   4.770557e+01 8.742369e+00 3.000000e+00
    endloop
  endfacet
  facet normal 0.000000e+00 0.000000e+00 1.000000e+00
    outer loop
      vertex   4.770557e+01 8.742369e+00 3.000000e+00
      vertex   4.036161e+01 2.978127e+00 3.000000e+00
      vertex   4.106381e+01 2.805049e+00 3.000000e+00
    endloop
  endfacet
  facet normal 0.000000e+00 0.000000e+00 1.000000e+00
    outer loop
      vertex   4.770557e+01 8.742369e+00 3.000000e+00
      vertex   4.106381e+01 2.805049e+00 3.000000e+00
      vertex   4.170419e+01 2.468952e+00 3.000000e+00
    endloop
  endfacet
  facet normal 0.000000e+00 0.000000e+00 1.000000e+00
    outer loop
      vertex   4.770557e+01 8.742369e+00 3.000000e+00
      vertex   4.170419e+01 2.468952e+00 3.000000e+00
      vertex   4.814638e+01 5.846029e+00 3.000000e+00
    endloop
  endfacet
  facet normal 0.000000e+00 0.000000e+00 1.000000e+00
    outer loop
      vertex   4.814638e+01 5.846029e+00 3.000000e+00
      vertex   4.170419e+01 2.468952e+00 3.000000e+00
      vertex   4.224553e+01 1.989368e+00 3.000000e+00
    endloop
  endfacet
  facet normal 0.000000e+00 0.000000e+00 1.000000e+00
    outer loop
      vertex   4.814638e+01 5.846029e+00 3.000000e+00
      vertex   4.224553e+01 1.989368e+00 3.000000e+00
      vertex   4.841151e+01 2.928357e+00 3.000000e+00
    endloop
  endfacet
  facet normal 0.000000e+00 0.000000e+00 1.000000e+00
    outer loop
      vertex   4.841151e+01 2.928357e+00 3.000000e+00
      vertex   4.224553e+01 1.989368e+00 3.000000e+00
      vertex   4.265637e+01 1.394170e+00 3.000000e+00
    endloop
  endfacet
  facet normal 0.000000e+00 0.000000e+00 1.000000e+00
    outer loop
      vertex   4.841151e+01 2.928357e+00 3.000000e+00
      vertex   4.265637e+01 1.394170e+00 3.000000e+00
      vertex   4.291283e+01 7.179470e-01 3.000000e+00
    endloop
  endfacet
  facet normal 0.000000e+00 0.000000e+00 1.000000e+00
    outer loop
      vertex   4.841151e+01 2.928357e+00 3.000000e+00
      vertex   4.291283e+01 7.179470e-01 3.000000e+00
      vertex   4.850000e+01 0.000000e+00 3.000000e+00
    endloop
  endfacet
  facet normal 0.000000e+00 0.000000e+00 1.000000e+00
    outer loop
      vertex   4.850000e+01 0.000000e+00 3.000000e+00
      vertex   4.291283e+01 7.179470e-01 3.000000e+00
      vertex   4.300000e+01 -4.440892e-15 3.000000e+00
    endloop
  endfacet
  facet normal 0.000000e+00 0.000000e+00 1.000000e+00
    outer loop
      vertex   4.850000e+01 0.000000e+00 3.000000e+00
      vertex   4.300000e+01 -4.440892e-15 3.000000e+00
      vertex   4.291283e+01 -7.179470e-01 3.000000e+00
    endloop
  endfacet
  facet normal 0.000000e+00 0.000000e+00 1.000000e+00
    outer loop
      vertex   4.850000e+01 0.000000e+00 3.000000e+00
      vertex   4.291283e+01 -7.179470e-01 3.000000e+00
      vertex   4.841151e+01 -2.928357e+00 3.000000e+00
    endloop
  endfacet
  facet normal 0.000000e+00 0.000000e+00 1.000000e+00
    outer loop
      vertex   4.841151e+01 -2.928357e+00 3.000000e+00
      vertex   4.291283e+01 -7.179470e-01 3.000000e+00
      vertex   4.265637e+01 -1.394170e+00 3.000000e+00
    endloop
  endfacet
  facet normal 0.000000e+00 0.000000e+00 1.000000e+00
    outer loop
      vertex   4.841151e+01 -2.928357e+00 3.000000e+00
      vertex   4.265637e+01 -1.394170e+00 3.000000e+00
      vertex   4.224553e+01 -1.989368e+00 3.000000e+00
    endloop
  endfacet
  facet normal 0.000000e+00 0.000000e+00 1.000000e+00
    outer loop
      vertex   4.841151e+01 -2.928357e+00 3.000000e+00
      vertex   4.224553e+01 -1.989368e+00 3.000000e+00
      vertex   4.814638e+01 -5.846029e+00 3.000000e+00
    endloop
  endfacet
  facet normal 0.000000e+00 0.000000e+00 1.000000e+00
    outer loop
      vertex   4.814638e+01 -5.846029e+00 3.000000e+00
      vertex   4.224553e+01 -1.989368e+00 3.000000e+00
      vertex   4.170419e+01 -2.468952e+00 3.000000e+00
    endloop
  endfacet
  facet normal 0.000000e+00 0.000000e+00 1.000000e+00
    outer loop
      vertex   4.814638e+01 -5.846029e+00 3.000000e+00
      vertex   4.170419e+01 -2.468952e+00 3.000000e+00
      vertex   4.770557e+01 -8.742369e+00 3.000000e+00
    endloop
  endfacet
  facet normal 0.000000e+00 0.000000e+00 1.000000e+00
    outer loop
      vertex   4.770557e+01 -8.742369e+00 3.000000e+00
      vertex   4.170419e+01 -2.468952e+00 3.000000e+00
      vertex   4.106381e+01 -2.805049e+00 3.000000e+00
    endloop
  endfacet
  facet normal 0.000000e+00 0.000000e+00 1.000000e+00
    outer loop
      vertex   4.770557e+01 -8.742369e+00 3.000000e+00
      vertex   4.106381e+01 -2.805049e+00 3.000000e+00
      vertex   4.036161e+01 -2.978127e+00 3.000000e+00
    endloop
  endfacet
  facet normal 0.000000e+00 0.000000e+00 1.000000e+00
    outer loop
      vertex   4.770557e+01 -8.742369e+00 3.000000e+00
      vertex   4.036161e+01 -2.978127e+00 3.000000e+00
      vertex   4.709068e+01 -1.160681e+01 3.000000e+00
    endloop
  endfacet
  facet normal 0.000000e+00 0.000000e+00 1.000000e+00
    outer loop
      vertex   4.709068e+01 -1.160681e+01 3.000000e+00
      vertex   4.036161e+01 -2.978127e+00 3.000000e+00
      vertex   3.963839e+01 -2.978127e+00 3.000000e+00
    endloop
  endfacet
  facet normal 0.000000e+00 0.000000e+00 1.000000e+00
    outer loop
      vertex   4.709068e+01 -1.160681e+01 3.000000e+00
      vertex   3.963839e+01 -2.978127e+00 3.000000e+00
      vertex   4.630396e+01 -1.442890e+01 3.000000e+00
    endloop
  endfacet
  facet normal 0.000000e+00 0.000000e+00 1.000000e+00
    outer loop
      vertex   4.630396e+01 -1.442890e+01 3.000000e+00
      vertex   3.963839e+01 -2.978127e+00 3.000000e+00
      vertex   3.893619e+01 -2.805049e+00 3.000000e+00
    endloop
  endfacet
  facet normal 0.000000e+00 0.000000e+00 1.000000e+00
    outer loop
      vertex   4.630396e+01 -1.442890e+01 3.000000e+00
      vertex   3.893619e+01 -2.805049e+00 3.000000e+00
      vertex   4.534829e+01 -1.719834e+01 3.000000e+00
    endloop
  endfacet
  facet normal 0.000000e+00 0.000000e+00 1.000000e+00
    outer loop
      vertex   4.534829e+01 -1.719834e+01 3.000000e+00
      vertex   3.893619e+01 -2.805049e+00 3.000000e+00
      vertex   4.422714e+01 -1.990502e+01 3.000000e+00
    endloop
  endfacet
  facet normal 0.000000e+00 0.000000e+00 1.000000e+00
    outer loop
      vertex   4.422714e+01 -1.990502e+01 3.000000e+00
      vertex   3.893619e+01 -2.805049e+00 3.000000e+00
      vertex   3.829581e+01 -2.468952e+00 3.000000e+00
    endloop
  endfacet
  facet normal 0.000000e+00 0.000000e+00 1.000000e+00
    outer loop
      vertex   4.422714e+01 -1.990502e+01 3.000000e+00
      vertex   3.829581e+01 -2.468952e+00 3.000000e+00
      vertex   4.294462e+01 -2.253907e+01 3.000000e+00
    endloop
  endfacet
  facet normal 0.000000e+00 0.000000e+00 1.000000e+00
    outer loop
      vertex   4.294462e+01 -2.253907e+01 3.000000e+00
      vertex   3.829581e+01 -2.468952e+00 3.000000e+00
      vertex   4.150539e+01 -2.509088e+01 3.000000e+00
    endloop
  endfacet
  facet normal 0.000000e+00 0.000000e+00 1.000000e+00
    outer loop
      vertex   4.150539e+01 -2.509088e+01 3.000000e+00
      vertex   3.829581e+01 -2.468952e+00 3.000000e+00
      vertex   3.775447e+01 -1.989368e+00 3.000000e+00
    endloop
  endfacet
  facet normal 0.000000e+00 0.000000e+00 1.000000e+00
    outer loop
      vertex   4.150539e+01 -2.509088e+01 3.000000e+00
      vertex   3.775447e+01 -1.989368e+00 3.000000e+00
      vertex   3.991472e+01 -2.755114e+01 3.000000e+00
    endloop
  endfacet
  facet normal 0.000000e+00 0.000000e+00 1.000000e+00
    outer loop
      vertex   -2.915562e+00 4.071795e+01 3.000000e+00
      vertex   -1.160681e+01 4.709068e+01 3.000000e+00
      vertex   -3.002736e+00 4.000000e+01 3.000000e+00
    endloop
  endfacet
  facet normal 0.000000e+00 0.000000e+00 1.000000e+00
    outer loop
      vertex   -3.002736e+00 4.000000e+01 3.000000e+00
      vertex   -1.160681e+01 4.709068e+01 3.000000e+00
      vertex   -1.442890e+01 4.630396e+01 3.000000e+00
    endloop
  endfacet
  facet normal 0.000000e+00 0.000000e+00 1.000000e+00
    outer loop
      vertex   -3.002736e+00 4.000000e+01 3.000000e+00
      vertex   -1.442890e+01 4.630396e+01 3.000000e+00
      vertex   -2.915562e+00 3.928205e+01 3.000000e+00
    endloop
  endfacet
  facet normal 0.000000e+00 0.000000e+00 1.000000e+00
    outer loop
      vertex   -2.915562e+00 3.928205e+01 3.000000e+00
      vertex   -1.442890e+01 4.630396e+01 3.000000e+00
      vertex   -1.719834e+01 4.534829e+01 3.000000e+00
    endloop
  endfacet
  facet normal 0.000000e+00 0.000000e+00 1.000000e+00
    outer loop
      vertex   -2.915562e+00 3.928205e+01 3.000000e+00
      vertex   -1.719834e+01 4.534829e+01 3.000000e+00
      vertex   -2.659104e+00 3.860583e+01 3.000000e+00
    endloop
  endfacet
  facet normal 0.000000e+00 0.000000e+00 1.000000e+00
    outer loop
      vertex   -2.659104e+00 3.860583e+01 3.000000e+00
      vertex   -1.719834e+01 4.534829e+01 3.000000e+00
      vertex   -1.990502e+01 4.422714e+01 3.000000e+00
    endloop
  endfacet
  facet normal 0.000000e+00 0.000000e+00 1.000000e+00
    outer loop
      vertex   -2.659104e+00 3.860583e+01 3.000000e+00
      vertex   -1.990502e+01 4.422714e+01 3.000000e+00
      vertex   -2.253907e+01 4.294462e+01 3.000000e+00
    endloop
  endfacet
  facet normal -0.000000e+00 0.000000e+00 1.000000e+00
    outer loop
      vertex   -1.160681e+01 4.709068e+01 3.000000e+00
      vertex   -2.915562e+00 4.071795e+01 3.000000e+00
      vertex   -8.742369e+00 4.770557e+01 3.000000e+00
    endloop
  endfacet
  facet normal 0.000000e+00 0.000000e+00 1.000000e+00
    outer loop
      vertex   -8.742369e+00 4.770557e+01 3.000000e+00
      vertex   -2.915562e+00 4.071795e+01 3.000000e+00
      vertex   -2.659104e+00 4.139417e+01 3.000000e+00
    endloop
  endfacet
  facet normal -0.000000e+00 0.000000e+00 1.000000e+00
    outer loop
      vertex   -8.742369e+00 4.770557e+01 3.000000e+00
      vertex   -2.659104e+00 4.139417e+01 3.000000e+00
      vertex   -5.846029e+00 4.814638e+01 3.000000e+00
    endloop
  endfacet
  facet normal 0.000000e+00 0.000000e+00 1.000000e+00
    outer loop
      vertex   -5.846029e+00 4.814638e+01 3.000000e+00
      vertex   -2.659104e+00 4.139417e+01 3.000000e+00
      vertex   -2.248268e+00 4.198937e+01 3.000000e+00
    endloop
  endfacet
  facet normal 0.000000e+00 0.000000e+00 1.000000e+00
    outer loop
      vertex   -5.846029e+00 4.814638e+01 3.000000e+00
      vertex   -2.248268e+00 4.198937e+01 3.000000e+00
      vertex   -1.706930e+00 4.246895e+01 3.000000e+00
    endloop
  endfacet
  facet normal -0.000000e+00 0.000000e+00 1.000000e+00
    outer loop
      vertex   -5.846029e+00 4.814638e+01 3.000000e+00
      vertex   -1.706930e+00 4.246895e+01 3.000000e+00
      vertex   -2.928357e+00 4.841151e+01 3.000000e+00
    endloop
  endfacet
  facet normal 0.000000e+00 0.000000e+00 1.000000e+00
    outer loop
      vertex   -2.928357e+00 4.841151e+01 3.000000e+00
      vertex   -1.706930e+00 4.246895e+01 3.000000e+00
      vertex   -1.066551e+00 4.280505e+01 3.000000e+00
    endloop
  endfacet
  facet normal 0.000000e+00 0.000000e+00 1.000000e+00
    outer loop
      vertex   -2.928357e+00 4.841151e+01 3.000000e+00
      vertex   -1.066551e+00 4.280505e+01 3.000000e+00
      vertex   -3.643462e-01 4.297813e+01 3.000000e+00
    endloop
  endfacet
  facet normal -0.000000e+00 0.000000e+00 1.000000e+00
    outer loop
      vertex   -2.928357e+00 4.841151e+01 3.000000e+00
      vertex   -3.643462e-01 4.297813e+01 3.000000e+00
      vertex   2.969768e-15 4.850000e+01 3.000000e+00
    endloop
  endfacet
  facet normal 0.000000e+00 0.000000e+00 1.000000e+00
    outer loop
      vertex   2.969768e-15 4.850000e+01 3.000000e+00
      vertex   -3.643462e-01 4.297813e+01 3.000000e+00
      vertex   3.588739e-01 4.297813e+01 3.000000e+00
    endloop
  endfacet
  facet normal 0.000000e+00 0.000000e+00 1.000000e+00
    outer loop
      vertex   2.969768e-15 4.850000e+01 3.000000e+00
      vertex   3.588739e-01 4.297813e+01 3.000000e+00
      vertex   2.928357e+00 4.841151e+01 3.000000e+00
    endloop
  endfacet
  facet normal 0.000000e+00 0.000000e+00 1.000000e+00
    outer loop
      vertex   2.928357e+00 4.841151e+01 3.000000e+00
      vertex   3.588739e-01 4.297813e+01 3.000000e+00
      vertex   1.061079e+00 4.280505e+01 3.000000e+00
    endloop
  endfacet
  facet normal 0.000000e+00 0.000000e+00 1.000000e+00
    outer loop
      vertex   2.928357e+00 4.841151e+01 3.000000e+00
      vertex   1.061079e+00 4.280505e+01 3.000000e+00
      vertex   1.701458e+00 4.246895e+01 3.000000e+00
    endloop
  endfacet
  facet normal 0.000000e+00 0.000000e+00 1.000000e+00
    outer loop
      vertex   2.928357e+00 4.841151e+01 3.000000e+00
      vertex   1.701458e+00 4.246895e+01 3.000000e+00
      vertex   5.846029e+00 4.814638e+01 3.000000e+00
    endloop
  endfacet
  facet normal 0.000000e+00 0.000000e+00 1.000000e+00
    outer loop
      vertex   5.846029e+00 4.814638e+01 3.000000e+00
      vertex   1.701458e+00 4.246895e+01 3.000000e+00
      vertex   2.242796e+00 4.198937e+01 3.000000e+00
    endloop
  endfacet
  facet normal 0.000000e+00 0.000000e+00 1.000000e+00
    outer loop
      vertex   5.846029e+00 4.814638e+01 3.000000e+00
      vertex   2.242796e+00 4.198937e+01 3.000000e+00
      vertex   2.653632e+00 4.139417e+01 3.000000e+00
    endloop
  endfacet
  facet normal 0.000000e+00 0.000000e+00 1.000000e+00
    outer loop
      vertex   5.846029e+00 4.814638e+01 3.000000e+00
      vertex   2.653632e+00 4.139417e+01 3.000000e+00
      vertex   8.742369e+00 4.770557e+01 3.000000e+00
    endloop
  endfacet
  facet normal 0.000000e+00 0.000000e+00 1.000000e+00
    outer loop
      vertex   8.742369e+00 4.770557e+01 3.000000e+00
      vertex   2.653632e+00 4.139417e+01 3.000000e+00
      vertex   2.910089e+00 4.071795e+01 3.000000e+00
    endloop
  endfacet
  facet normal 0.000000e+00 0.000000e+00 1.000000e+00
    outer loop
      vertex   8.742369e+00 4.770557e+01 3.000000e+00
      vertex   2.910089e+00 4.071795e+01 3.000000e+00
      vertex   1.160681e+01 4.709068e+01 3.000000e+00
    endloop
  endfacet
  facet normal 0.000000e+00 0.000000e+00 1.000000e+00
    outer loop
      vertex   1.160681e+01 4.709068e+01 3.000000e+00
      vertex   2.910089e+00 4.071795e+01 3.000000e+00
      vertex   2.997264e+00 4.000000e+01 3.000000e+00
    endloop
  endfacet
  facet normal 0.000000e+00 0.000000e+00 1.000000e+00
    outer loop
      vertex   1.160681e+01 4.709068e+01 3.000000e+00
      vertex   2.997264e+00 4.000000e+01 3.000000e+00
      vertex   1.442890e+01 4.630396e+01 3.000000e+00
    endloop
  endfacet
  facet normal 0.000000e+00 0.000000e+00 1.000000e+00
    outer loop
      vertex   1.442890e+01 4.630396e+01 3.000000e+00
      vertex   2.997264e+00 4.000000e+01 3.000000e+00
      vertex   2.910089e+00 3.928205e+01 3.000000e+00
    endloop
  endfacet
  facet normal 0.000000e+00 0.000000e+00 1.000000e+00
    outer loop
      vertex   1.442890e+01 4.630396e+01 3.000000e+00
      vertex   2.910089e+00 3.928205e+01 3.000000e+00
      vertex   1.719834e+01 4.534829e+01 3.000000e+00
    endloop
  endfacet
  facet normal 0.000000e+00 0.000000e+00 1.000000e+00
    outer loop
      vertex   1.719834e+01 4.534829e+01 3.000000e+00
      vertex   2.910089e+00 3.928205e+01 3.000000e+00
      vertex   2.653632e+00 3.860583e+01 3.000000e+00
    endloop
  endfacet
  facet normal 0.000000e+00 0.000000e+00 1.000000e+00
    outer loop
      vertex   1.719834e+01 4.534829e+01 3.000000e+00
      vertex   2.653632e+00 3.860583e+01 3.000000e+00
      vertex   1.990502e+01 4.422714e+01 3.000000e+00
    endloop
  endfacet
  facet normal 0.000000e+00 0.000000e+00 1.000000e+00
    outer loop
      vertex   1.990502e+01 4.422714e+01 3.000000e+00
      vertex   2.653632e+00 3.860583e+01 3.000000e+00
      vertex   2.253907e+01 4.294462e+01 3.000000e+00
    endloop
  endfacet
  facet normal 0.000000e+00 0.000000e+00 1.000000e+00
    outer loop
      vertex   2.253907e+01 4.294462e+01 3.000000e+00
      vertex   2.653632e+00 3.860583e+01 3.000000e+00
      vertex   2.242796e+00 3.801063e+01 3.000000e+00
    endloop
  endfacet
  facet normal 0.000000e+00 0.000000e+00 1.000000e+00
    outer loop
      vertex   2.253907e+01 4.294462e+01 3.000000e+00
      vertex   2.242796e+00 3.801063e+01 3.000000e+00
      vertex   2.509088e+01 4.150539e+01 3.000000e+00
    endloop
  endfacet
  facet normal 0.000000e+00 0.000000e+00 1.000000e+00
    outer loop
      vertex   2.509088e+01 4.150539e+01 3.000000e+00
      vertex   2.242796e+00 3.801063e+01 3.000000e+00
      vertex   2.755114e+01 3.991472e+01 3.000000e+00
    endloop
  endfacet
  facet normal 0.000000e+00 0.000000e+00 1.000000e+00
    outer loop
      vertex   2.755114e+01 3.991472e+01 3.000000e+00
      vertex   2.242796e+00 3.801063e+01 3.000000e+00
      vertex   2.991087e+01 3.817840e+01 3.000000e+00
    endloop
  endfacet
  facet normal 0.000000e+00 0.000000e+00 1.000000e+00
    outer loop
      vertex   2.991087e+01 3.817840e+01 3.000000e+00
      vertex   2.242796e+00 3.801063e+01 3.000000e+00
      vertex   1.701458e+00 3.753105e+01 3.000000e+00
    endloop
  endfacet
  facet normal 0.000000e+00 0.000000e+00 1.000000e+00
    outer loop
      vertex   2.991087e+01 3.817840e+01 3.000000e+00
      vertex   1.701458e+00 3.753105e+01 3.000000e+00
      vertex   4.000000e+00 4.000000e+00 3.000000e+00
    endloop
  endfacet
  facet normal 0.000000e+00 0.000000e+00 1.000000e+00
    outer loop
      vertex   4.000000e+00 4.000000e+00 3.000000e+00
      vertex   1.701458e+00 3.753105e+01 3.000000e+00
      vertex   1.061079e+00 3.719495e+01 3.000000e+00
    endloop
  endfacet
  facet normal 0.000000e+00 0.000000e+00 1.000000e+00
    outer loop
      vertex   4.000000e+00 4.000000e+00 3.000000e+00
      vertex   1.061079e+00 3.719495e+01 3.000000e+00
      vertex   3.588739e-01 3.702187e+01 3.000000e+00
    endloop
  endfacet
  facet normal 0.000000e+00 0.000000e+00 1.000000e+00
    outer loop
      vertex   4.000000e+00 4.000000e+00 3.000000e+00
      vertex   3.588739e-01 3.702187e+01 3.000000e+00
      vertex   -4.000000e+00 4.000000e+00 3.000000e+00
    endloop
  endfacet
  facet normal 0.000000e+00 0.000000e+00 1.000000e+00
    outer loop
      vertex   -4.000000e+00 4.000000e+00 3.000000e+00
      vertex   3.588739e-01 3.702187e+01 3.000000e+00
      vertex   -3.643462e-01 3.702187e+01 3.000000e+00
    endloop
  endfacet
  facet normal 0.000000e+00 0.000000e+00 1.000000e+00
    outer loop
      vertex   -4.000000e+00 4.000000e+00 3.000000e+00
      vertex   -3.643462e-01 3.702187e+01 3.000000e+00
      vertex   -1.066551e+00 3.719495e+01 3.000000e+00
    endloop
  endfacet
  facet normal 0.000000e+00 0.000000e+00 1.000000e+00
    outer loop
      vertex   -1.066551e+00 3.719495e+01 3.000000e+00
      vertex   -1.706930e+00 3.753105e+01 3.000000e+00
      vertex   -4.000000e+00 4.000000e+00 3.000000e+00
    endloop
  endfacet
  facet normal 0.000000e+00 0.000000e+00 1.000000e+00
    outer loop
      vertex   -2.659104e+00 3.860583e+01 3.000000e+00
      vertex   -2.253907e+01 4.294462e+01 3.000000e+00
      vertex   -2.248268e+00 3.801063e+01 3.000000e+00
    endloop
  endfacet
  facet normal 0.000000e+00 0.000000e+00 1.000000e+00
    outer loop
      vertex   -2.248268e+00 3.801063e+01 3.000000e+00
      vertex   -2.253907e+01 4.294462e+01 3.000000e+00
      vertex   -2.509088e+01 4.150539e+01 3.000000e+00
    endloop
  endfacet
  facet normal 0.000000e+00 0.000000e+00 1.000000e+00
    outer loop
      vertex   -2.248268e+00 3.801063e+01 3.000000e+00
      vertex   -2.509088e+01 4.150539e+01 3.000000e+00
      vertex   -2.755114e+01 3.991472e+01 3.000000e+00
    endloop
  endfacet
  facet normal -0.000000e+00 0.000000e+00 1.000000e+00
    outer loop
      vertex   -3.630277e+01 -3.216145e+01 3.000000e+00
      vertex   -3.429468e+01 -3.429468e+01 3.000000e+00
      vertex   -4.000000e+00 -4.000000e+00 3.000000e+00
    endloop
  endfacet
  facet normal 0.000000e+00 0.000000e+00 1.000000e+00
    outer loop
      vertex   -4.000000e+00 -4.000000e+00 3.000000e+00
      vertex   -3.429468e+01 -3.429468e+01 3.000000e+00
      vertex   -3.216145e+01 -3.630277e+01 3.000000e+00
    endloop
  endfacet
  facet normal 0.000000e+00 0.000000e+00 1.000000e+00
    outer loop
      vertex   -4.000000e+00 -4.000000e+00 3.000000e+00
      vertex   -3.216145e+01 -3.630277e+01 3.000000e+00
      vertex   -2.991087e+01 -3.817840e+01 3.000000e+00
    endloop
  endfacet
  facet normal 0.000000e+00 -0.000000e+00 1.000000e+00
    outer loop
      vertex   2.991087e+01 -3.817840e+01 3.000000e+00
      vertex   3.216145e+01 -3.630277e+01 3.000000e+00
      vertex   4.000000e+00 -4.000000e+00 3.000000e+00
    endloop
  endfacet
  facet normal 0.000000e+00 0.000000e+00 1.000000e+00
    outer loop
      vertex   4.000000e+00 -4.000000e+00 3.000000e+00
      vertex   3.216145e+01 -3.630277e+01 3.000000e+00
      vertex   3.429468e+01 -3.429468e+01 3.000000e+00
    endloop
  endfacet
  facet normal 0.000000e+00 0.000000e+00 1.000000e+00
    outer loop
      vertex   4.000000e+00 -4.000000e+00 3.000000e+00
      vertex   3.429468e+01 -3.429468e+01 3.000000e+00
      vertex   3.630277e+01 -3.216145e+01 3.000000e+00
    endloop
  endfacet
  facet normal 0.000000e+00 -0.000000e+00 1.000000e+00
    outer loop
      vertex   3.630277e+01 -3.216145e+01 3.000000e+00
      vertex   3.817840e+01 -2.991087e+01 3.000000e+00
      vertex   4.000000e+00 -4.000000e+00 3.000000e+00
    endloop
  endfacet
  facet normal 0.000000e+00 0.000000e+00 1.000000e+00
    outer loop
      vertex   3.817840e+01 2.991087e+01 3.000000e+00
      vertex   3.630277e+01 3.216145e+01 3.000000e+00
      vertex   4.000000e+00 4.000000e+00 3.000000e+00
    endloop
  endfacet
  facet normal 0.000000e+00 0.000000e+00 1.000000e+00
    outer loop
      vertex   4.000000e+00 4.000000e+00 3.000000e+00
      vertex   3.630277e+01 3.216145e+01 3.000000e+00
      vertex   3.429468e+01 3.429468e+01 3.000000e+00
    endloop
  endfacet
  facet normal 0.000000e+00 0.000000e+00 1.000000e+00
    outer loop
      vertex   4.000000e+00 4.000000e+00 3.000000e+00
      vertex   3.429468e+01 3.429468e+01 3.000000e+00
      vertex   3.216145e+01 3.630277e+01 3.000000e+00
    endloop
  endfacet
  facet normal 0.000000e+00 0.000000e+00 1.000000e+00
    outer loop
      vertex   3.216145e+01 3.630277e+01 3.000000e+00
      vertex   2.991087e+01 3.817840e+01 3.000000e+00
      vertex   4.000000e+00 4.000000e+00 3.000000e+00
    endloop
  endfacet
  facet normal 0.000000e+00 0.000000e+00 1.000000e+00
    outer loop
      vertex   -2.755114e+01 3.991472e+01 3.000000e+00
      vertex   -2.991087e+01 3.817840e+01 3.000000e+00
      vertex   -2.248268e+00 3.801063e+01 3.000000e+00
    endloop
  endfacet
  facet normal 9.927089e-01 1.205367e-01 -2.204256e-16
    outer loop
      vertex   -2.927823e+00 -4.071794e+01 3.000000e+00
      vertex   -2.927823e+00 -4.071794e+01 1.000000e+00
      vertex   -3.014998e+00 -4.000000e+01 3.000000e+00
    endloop
  endfacet
  facet normal 9.927089e-01 1.205367e-01 0.000000e+00
    outer loop
      vertex   -3.014998e+00 -4.000000e+01 3.000000e+00
      vertex   -2.927823e+00 -4.071794e+01 1.000000e+00
      vertex   -3.014998e+00 -4.000000e+01 1.000000e+00
    endloop
  endfacet
  facet normal 9.927089e-01 -1.205367e-01 0.000000e+00
    outer loop
      vertex   -3.014998e+00 -4.000000e+01 3.000000e+00
      vertex   -3.014998e+00 -4.000000e+01 1.000000e+00
      vertex   -2.927823e+00 -3.928205e+01 3.000000e+00
    endloop
  endfacet
  facet normal 9.927089e-01 -1.205367e-01 -2.078067e-16
    outer loop
      vertex   -2.927823e+00 -3.928205e+01 3.000000e+00
      vertex   -3.014998e+00 -4.000000e+01 1.000000e+00
      vertex   -2.927823e+00 -3.928205e+01 1.000000e+00
    endloop
  endfacet
  facet normal 9.350162e-01 -3.546049e-01 -1.052194e-15
    outer loop
      vertex   -2.927823e+00 -3.928205e+01 3.000000e+00
      vertex   -2.927823e+00 -3.928205e+01 1.000000e+00
      vertex   -2.671366e+00 -3.860583e+01 3.000000e+00
    endloop
  endfacet
  facet normal 9.350162e-01 -3.546049e-01 2.076153e-16
    outer loop
      vertex   -2.671366e+00 -3.860583e+01 3.000000e+00
      vertex   -2.927823e+00 -3.928205e+01 1.000000e+00
      vertex   -2.671366e+00 -3.860583e+01 1.000000e+00
    endloop
  endfacet
  facet normal 8.229839e-01 -5.680647e-01 1.827391e-16
    outer loop
      vertex   -2.671366e+00 -3.860583e+01 3.000000e+00
      vertex   -2.671366e+00 -3.860583e+01 1.000000e+00
      vertex   -2.260530e+00 -3.801063e+01 3.000000e+00
    endloop
  endfacet
  facet normal 8.229839e-01 -5.680647e-01 3.654783e-16
    outer loop
      vertex   -2.260530e+00 -3.801063e+01 3.000000e+00
      vertex   -2.671366e+00 -3.860583e+01 1.000000e+00
      vertex   -2.260530e+00 -3.801063e+01 1.000000e+00
    endloop
  endfacet
  facet normal 6.631227e-01 -7.485107e-01 2.944856e-16
    outer loop
      vertex   -2.260530e+00 -3.801063e+01 3.000000e+00
      vertex   -2.260530e+00 -3.801063e+01 1.000000e+00
      vertex   -1.719192e+00 -3.753105e+01 3.000000e+00
    endloop
  endfacet
  facet normal 6.631227e-01 -7.485107e-01 0.000000e+00
    outer loop
      vertex   -1.719192e+00 -3.753105e+01 3.000000e+00
      vertex   -2.260530e+00 -3.801063e+01 1.000000e+00
      vertex   -1.719192e+00 -3.753105e+01 1.000000e+00
    endloop
  endfacet
  facet normal 4.647232e-01 -8.854560e-01 0.000000e+00
    outer loop
      vertex   -1.719192e+00 -3.753105e+01 3.000000e+00
      vertex   -1.719192e+00 -3.753105e+01 1.000000e+00
      vertex   -1.078813e+00 -3.719495e+01 3.000000e+00
    endloop
  endfacet
  facet normal 4.647232e-01 -8.854560e-01 0.000000e+00
    outer loop
      vertex   -1.078813e+00 -3.719495e+01 3.000000e+00
      vertex   -1.719192e+00 -3.753105e+01 1.000000e+00
      vertex   -1.078813e+00 -3.719495e+01 1.000000e+00
    endloop
  endfacet
  facet normal 2.393157e-01 -9.709418e-01 0.000000e+00
    outer loop
      vertex   -1.078813e+00 -3.719495e+01 3.000000e+00
      vertex   -1.078813e+00 -3.719495e+01 1.000000e+00
      vertex   -3.766079e-01 -3.702187e+01 3.000000e+00
    endloop
  endfacet
  facet normal 2.393157e-01 -9.709418e-01 2.324820e-16
    outer loop
      vertex   -3.766079e-01 -3.702187e+01 3.000000e+00
      vertex   -1.078813e+00 -3.719495e+01 1.000000e+00
      vertex   -3.766079e-01 -3.702187e+01 1.000000e+00
    endloop
  endfacet
  facet normal 0.000000e+00 -1.000000e+00 0.000000e+00
    outer loop
      vertex   -3.766079e-01 -3.702187e+01 3.000000e+00
      vertex   -3.766079e-01 -3.702187e+01 1.000000e+00
      vertex   3.466122e-01 -3.702187e+01 3.000000e+00
    endloop
  endfacet
  facet normal 0.000000e+00 -1.000000e+00 -0.000000e+00
    outer loop
      vertex   3.466122e-01 -3.702187e+01 3.000000e+00
      vertex   -3.766079e-01 -3.702187e+01 1.000000e+00
      vertex   3.466122e-01 -3.702187e+01 1.000000e+00
    endloop
  endfacet
  facet normal -2.393157e-01 -9.709418e-01 -1.594163e-16
    outer loop
      vertex   3.466122e-01 -3.702187e+01 3.000000e+00
      vertex   3.466122e-01 -3.702187e+01 1.000000e+00
      vertex   1.048817e+00 -3.719495e+01 3.000000e+00
    endloop
  endfacet
  facet normal -2.393157e-01 -9.709418e-01 -7.970813e-17
    outer loop
      vertex   1.048817e+00 -3.719495e+01 3.000000e+00
      vertex   3.466122e-01 -3.702187e+01 1.000000e+00
      vertex   1.048817e+00 -3.719495e+01 1.000000e+00
    endloop
  endfacet
  facet normal -4.647232e-01 -8.854560e-01 -1.547839e-16
    outer loop
      vertex   1.048817e+00 -3.719495e+01 3.000000e+00
      vertex   1.048817e+00 -3.719495e+01 1.000000e+00
      vertex   1.689196e+00 -3.753105e+01 3.000000e+00
    endloop
  endfacet
  facet normal -4.647232e-01 -8.854560e-01 -0.000000e+00
    outer loop
      vertex   1.689196e+00 -3.753105e+01 3.000000e+00
      vertex   1.048817e+00 -3.719495e+01 1.000000e+00
      vertex   1.689196e+00 -3.753105e+01 1.000000e+00
    endloop
  endfacet
  facet normal -6.631227e-01 -7.485107e-01 -0.000000e+00
    outer loop
      vertex   1.689196e+00 -3.753105e+01 3.000000e+00
      vertex   1.689196e+00 -3.753105e+01 1.000000e+00
      vertex   2.230534e+00 -3.801063e+01 3.000000e+00
    endloop
  endfacet
  facet normal -6.631227e-01 -7.485107e-01 -1.472428e-16
    outer loop
      vertex   2.230534e+00 -3.801063e+01 3.000000e+00
      vertex   1.689196e+00 -3.753105e+01 1.000000e+00
      vertex   2.230534e+00 -3.801063e+01 1.000000e+00
    endloop
  endfacet
  facet normal -8.229839e-01 -5.680647e-01 -1.827391e-16
    outer loop
      vertex   2.230534e+00 -3.801063e+01 3.000000e+00
      vertex   2.230534e+00 -3.801063e+01 1.000000e+00
      vertex   2.641370e+00 -3.860583e+01 3.000000e+00
    endloop
  endfacet
  facet normal -8.229839e-01 -5.680647e-01 -0.000000e+00
    outer loop
      vertex   2.641370e+00 -3.860583e+01 3.000000e+00
      vertex   2.230534e+00 -3.801063e+01 1.000000e+00
      vertex   2.641370e+00 -3.860583e+01 1.000000e+00
    endloop
  endfacet
  facet normal -9.350162e-01 -3.546049e-01 -0.000000e+00
    outer loop
      vertex   2.641370e+00 -3.860583e+01 3.000000e+00
      vertex   2.641370e+00 -3.860583e+01 1.000000e+00
      vertex   2.897828e+00 -3.928205e+01 3.000000e+00
    endloop
  endfacet
  facet normal -9.350162e-01 -3.546049e-01 -0.000000e+00
    outer loop
      vertex   2.897828e+00 -3.928205e+01 3.000000e+00
      vertex   2.641370e+00 -3.860583e+01 1.000000e+00
      vertex   2.897828e+00 -3.928205e+01 1.000000e+00
    endloop
  endfacet
  facet normal -9.927089e-01 -1.205367e-01 -0.000000e+00
    outer loop
      vertex   2.897828e+00 -3.928205e+01 3.000000e+00
      vertex   2.897828e+00 -3.928205e+01 1.000000e+00
      vertex   2.985002e+00 -4.000000e+01 3.000000e+00
    endloop
  endfacet
  facet normal -9.927089e-01 -1.205367e-01 -0.000000e+00
    outer loop
      vertex   2.985002e+00 -4.000000e+01 3.000000e+00
      vertex   2.897828e+00 -3.928205e+01 1.000000e+00
      vertex   2.985002e+00 -4.000000e+01 1.000000e+00
    endloop
  endfacet
  facet normal -9.927089e-01 1.205367e-01 0.000000e+00
    outer loop
      vertex   2.985002e+00 -4.000000e+01 3.000000e+00
      vertex   2.985002e+00 -4.000000e+01 1.000000e+00
      vertex   2.897828e+00 -4.071794e+01 3.000000e+00
    endloop
  endfacet
  facet normal -9.927089e-01 1.205367e-01 0.000000e+00
    outer loop
      vertex   2.897828e+00 -4.071794e+01 3.000000e+00
      vertex   2.985002e+00 -4.000000e+01 1.000000e+00
      vertex   2.897828e+00 -4.071794e+01 1.000000e+00
    endloop
  endfacet
  facet normal -9.350162e-01 3.546049e-01 0.000000e+00
    outer loop
      vertex   2.897828e+00 -4.071794e+01 3.000000e+00
      vertex   2.897828e+00 -4.071794e+01 1.000000e+00
      vertex   2.641370e+00 -4.139417e+01 3.000000e+00
    endloop
  endfacet
  facet normal -9.350162e-01 3.546049e-01 0.000000e+00
    outer loop
      vertex   2.641370e+00 -4.139417e+01 3.000000e+00
      vertex   2.897828e+00 -4.071794e+01 1.000000e+00
      vertex   2.641370e+00 -4.139417e+01 1.000000e+00
    endloop
  endfacet
  facet normal -8.229839e-01 5.680647e-01 0.000000e+00
    outer loop
      vertex   2.641370e+00 -4.139417e+01 3.000000e+00
      vertex   2.641370e+00 -4.139417e+01 1.000000e+00
      vertex   2.230534e+00 -4.198937e+01 3.000000e+00
    endloop
  endfacet
  facet normal -8.229839e-01 5.680647e-01 1.827391e-16
    outer loop
      vertex   2.230534e+00 -4.198937e+01 3.000000e+00
      vertex   2.641370e+00 -4.139417e+01 1.000000e+00
      vertex   2.230534e+00 -4.198937e+01 1.000000e+00
    endloop
  endfacet
  facet normal -6.631227e-01 7.485107e-01 1.472428e-16
    outer loop
      vertex   2.230534e+00 -4.198937e+01 3.000000e+00
      vertex   2.230534e+00 -4.198937e+01 1.000000e+00
      vertex   1.689196e+00 -4.246895e+01 3.000000e+00
    endloop
  endfacet
  facet normal -6.631227e-01 7.485107e-01 0.000000e+00
    outer loop
      vertex   1.689196e+00 -4.246895e+01 3.000000e+00
      vertex   2.230534e+00 -4.198937e+01 1.000000e+00
      vertex   1.689196e+00 -4.246895e+01 1.000000e+00
    endloop
  endfacet
  facet normal -4.647232e-01 8.854560e-01 0.000000e+00
    outer loop
      vertex   1.689196e+00 -4.246895e+01 3.000000e+00
      vertex   1.689196e+00 -4.246895e+01 1.000000e+00
      vertex   1.048817e+00 -4.280505e+01 3.000000e+00
    endloop
  endfacet
  facet normal -4.647232e-01 8.854560e-01 1.547839e-16
    outer loop
      vertex   1.048817e+00 -4.280505e+01 3.000000e+00
      vertex   1.689196e+00 -4.246895e+01 1.000000e+00
      vertex   1.048817e+00 -4.280505e+01 1.000000e+00
    endloop
  endfacet
  facet normal -2.393157e-01 9.709418e-01 7.970813e-17
    outer loop
      vertex   1.048817e+00 -4.280505e+01 3.000000e+00
      vertex   1.048817e+00 -4.280505e+01 1.000000e+00
      vertex   3.466122e-01 -4.297812e+01 3.000000e+00
    endloop
  endfacet
  facet normal -2.393157e-01 9.709418e-01 1.594163e-16
    outer loop
      vertex   3.466122e-01 -4.297812e+01 3.000000e+00
      vertex   1.048817e+00 -4.280505e+01 1.000000e+00
      vertex   3.466122e-01 -4.297812e+01 1.000000e+00
    endloop
  endfacet
  facet normal 0.000000e+00 1.000000e+00 0.000000e+00
    outer loop
      vertex   3.466122e-01 -4.297812e+01 3.000000e+00
      vertex   3.466122e-01 -4.297812e+01 1.000000e+00
      vertex   -3.766079e-01 -4.297812e+01 3.000000e+00
    endloop
  endfacet
  facet normal 0.000000e+00 1.000000e+00 0.000000e+00
    outer loop
      vertex   -3.766079e-01 -4.297812e+01 3.000000e+00
      vertex   3.466122e-01 -4.297812e+01 1.000000e+00
      vertex   -3.766079e-01 -4.297812e+01 1.000000e+00
    endloop
  endfacet
  facet normal 2.393157e-01 9.709418e-01 -2.324820e-16
    outer loop
      vertex   -3.766079e-01 -4.297812e+01 3.000000e+00
      vertex   -3.766079e-01 -4.297812e+01 1.000000e+00
      vertex   -1.078813e+00 -4.280505e+01 3.000000e+00
    endloop
  endfacet
  facet normal 2.393157e-01 9.709418e-01 0.000000e+00
    outer loop
      vertex   -1.078813e+00 -4.280505e+01 3.000000e+00
      vertex   -3.766079e-01 -4.297812e+01 1.000000e+00
      vertex   -1.078813e+00 -4.280505e+01 1.000000e+00
    endloop
  endfacet
  facet normal 4.647232e-01 8.854560e-01 0.000000e+00
    outer loop
      vertex   -1.078813e+00 -4.280505e+01 3.000000e+00
      vertex   -1.078813e+00 -4.280505e+01 1.000000e+00
      vertex   -1.719192e+00 -4.246895e+01 3.000000e+00
    endloop
  endfacet
  facet normal 4.647232e-01 8.854560e-01 0.000000e+00
    outer loop
      vertex   -1.719192e+00 -4.246895e+01 3.000000e+00
      vertex   -1.078813e+00 -4.280505e+01 1.000000e+00
      vertex   -1.719192e+00 -4.246895e+01 1.000000e+00
    endloop
  endfacet
  facet normal 6.631227e-01 7.485107e-01 0.000000e+00
    outer loop
      vertex   -1.719192e+00 -4.246895e+01 3.000000e+00
      vertex   -1.719192e+00 -4.246895e+01 1.000000e+00
      vertex   -2.260530e+00 -4.198937e+01 3.000000e+00
    endloop
  endfacet
  facet normal 6.631227e-01 7.485107e-01 -2.944856e-16
    outer loop
      vertex   -2.260530e+00 -4.198937e+01 3.000000e+00
      vertex   -1.719192e+00 -4.246895e+01 1.000000e+00
      vertex   -2.260530e+00 -4.198937e+01 1.000000e+00
    endloop
  endfacet
  facet normal 8.229839e-01 5.680647e-01 -3.654783e-16
    outer loop
      vertex   -2.260530e+00 -4.198937e+01 3.000000e+00
      vertex   -2.260530e+00 -4.198937e+01 1.000000e+00
      vertex   -2.671366e+00 -4.139417e+01 3.000000e+00
    endloop
  endfacet
  facet normal 8.229839e-01 5.680647e-01 -1.827391e-16
    outer loop
      vertex   -2.671366e+00 -4.139417e+01 3.000000e+00
      vertex   -2.260530e+00 -4.198937e+01 1.000000e+00
      vertex   -2.671366e+00 -4.139417e+01 1.000000e+00
    endloop
  endfacet
  facet normal 9.350162e-01 3.546049e-01 -2.076153e-16
    outer loop
      vertex   -2.671366e+00 -4.139417e+01 3.000000e+00
      vertex   -2.671366e+00 -4.139417e+01 1.000000e+00
      vertex   -2.927823e+00 -4.071794e+01 3.000000e+00
    endloop
  endfacet
  facet normal 9.350162e-01 3.546049e-01 -2.076153e-16
    outer loop
      vertex   -2.927823e+00 -4.071794e+01 3.000000e+00
      vertex   -2.671366e+00 -4.139417e+01 1.000000e+00
      vertex   -2.927823e+00 -4.071794e+01 1.000000e+00
    endloop
  endfacet
  facet normal 0.000000e+00 -0.000000e+00 1.000000e+00
    outer loop
      vertex   -2.927823e+00 -4.071794e+01 1.000000e+00
      vertex   2.897828e+00 -4.071794e+01 1.000000e+00
      vertex   -3.014998e+00 -4.000000e+01 1.000000e+00
    endloop
  endfacet
  facet normal -0.000000e+00 0.000000e+00 1.000000e+00
    outer loop
      vertex   -3.014998e+00 -4.000000e+01 1.000000e+00
      vertex   2.897828e+00 -4.071794e+01 1.000000e+00
      vertex   2.985002e+00 -4.000000e+01 1.000000e+00
    endloop
  endfacet
  facet normal 0.000000e+00 0.000000e+00 1.000000e+00
    outer loop
      vertex   -3.014998e+00 -4.000000e+01 1.000000e+00
      vertex   2.985002e+00 -4.000000e+01 1.000000e+00
      vertex   -2.927823e+00 -3.928205e+01 1.000000e+00
    endloop
  endfacet
  facet normal 0.000000e+00 0.000000e+00 1.000000e+00
    outer loop
      vertex   -2.927823e+00 -3.928205e+01 1.000000e+00
      vertex   2.985002e+00 -4.000000e+01 1.000000e+00
      vertex   2.897828e+00 -3.928205e+01 1.000000e+00
    endloop
  endfacet
  facet normal -0.000000e+00 0.000000e+00 1.000000e+00
    outer loop
      vertex   -2.927823e+00 -3.928205e+01 1.000000e+00
      vertex   2.897828e+00 -3.928205e+01 1.000000e+00
      vertex   -2.671366e+00 -3.860583e+01 1.000000e+00
    endloop
  endfacet
  facet normal -0.000000e+00 0.000000e+00 1.000000e+00
    outer loop
      vertex   -2.671366e+00 -3.860583e+01 1.000000e+00
      vertex   2.897828e+00 -3.928205e+01 1.000000e+00
      vertex   2.641370e+00 -3.860583e+01 1.000000e+00
    endloop
  endfacet
  facet normal 0.000000e+00 0.000000e+00 1.000000e+00
    outer loop
      vertex   -2.671366e+00 -3.860583e+01 1.000000e+00
      vertex   2.641370e+00 -3.860583e+01 1.000000e+00
      vertex   -2.260530e+00 -3.801063e+01 1.000000e+00
    endloop
  endfacet
  facet normal -0.000000e+00 0.000000e+00 1.000000e+00
    outer loop
      vertex   -2.260530e+00 -3.801063e+01 1.000000e+00
      vertex   2.641370e+00 -3.860583e+01 1.000000e+00
      vertex   2.230534e+00 -3.801063e+01 1.000000e+00
    endloop
  endfacet
  facet normal 0.000000e+00 0.000000e+00 1.000000e+00
    outer loop
      vertex   -2.260530e+00 -3.801063e+01 1.000000e+00
      vertex   2.230534e+00 -3.801063e+01 1.000000e+00
      vertex   -1.719192e+00 -3.753105e+01 1.000000e+00
    endloop
  endfacet
  facet normal -0.000000e+00 0.000000e+00 1.000000e+00
    outer loop
      vertex   -1.719192e+00 -3.753105e+01 1.000000e+00
      vertex   2.230534e+00 -3.801063e+01 1.000000e+00
      vertex   1.689196e+00 -3.753105e+01 1.000000e+00
    endloop
  endfacet
  facet normal 0.000000e+00 0.000000e+00 1.000000e+00
    outer loop
      vertex   -1.719192e+00 -3.753105e+01 1.000000e+00
      vertex   1.689196e+00 -3.753105e+01 1.000000e+00
      vertex   -1.078813e+00 -3.719495e+01 1.000000e+00
    endloop
  endfacet
  facet normal -0.000000e+00 0.000000e+00 1.000000e+00
    outer loop
      vertex   -1.078813e+00 -3.719495e+01 1.000000e+00
      vertex   1.689196e+00 -3.753105e+01 1.000000e+00
      vertex   1.048817e+00 -3.719495e+01 1.000000e+00
    endloop
  endfacet
  facet normal 0.000000e+00 0.000000e+00 1.000000e+00
    outer loop
      vertex   -1.078813e+00 -3.719495e+01 1.000000e+00
      vertex   1.048817e+00 -3.719495e+01 1.000000e+00
      vertex   -3.766079e-01 -3.702187e+01 1.000000e+00
    endloop
  endfacet
  facet normal -0.000000e+00 0.000000e+00 1.000000e+00
    outer loop
      vertex   -3.766079e-01 -3.702187e+01 1.000000e+00
      vertex   1.048817e+00 -3.719495e+01 1.000000e+00
      vertex   3.466122e-01 -3.702187e+01 1.000000e+00
    endloop
  endfacet
  facet normal 0.000000e+00 0.000000e+00 1.000000e+00
    outer loop
      vertex   2.897828e+00 -4.071794e+01 1.000000e+00
      vertex   -2.927823e+00 -4.071794e+01 1.000000e+00
      vertex   2.641370e+00 -4.139417e+01 1.000000e+00
    endloop
  endfacet
  facet normal 0.000000e+00 0.000000e+00 1.000000e+00
    outer loop
      vertex   2.641370e+00 -4.139417e+01 1.000000e+00
      vertex   -2.927823e+00 -4.071794e+01 1.000000e+00
      vertex   -2.671366e+00 -4.139417e+01 1.000000e+00
    endloop
  endfacet
  facet normal 0.000000e+00 0.000000e+00 1.000000e+00
    outer loop
      vertex   2.641370e+00 -4.139417e+01 1.000000e+00
      vertex   -2.671366e+00 -4.139417e+01 1.000000e+00
      vertex   2.230534e+00 -4.198937e+01 1.000000e+00
    endloop
  endfacet
  facet normal 0.000000e+00 0.000000e+00 1.000000e+00
    outer loop
      vertex   2.230534e+00 -4.198937e+01 1.000000e+00
      vertex   -2.671366e+00 -4.139417e+01 1.000000e+00
      vertex   -2.260530e+00 -4.198937e+01 1.000000e+00
    endloop
  endfacet
  facet normal 0.000000e+00 0.000000e+00 1.000000e+00
    outer loop
      vertex   2.230534e+00 -4.198937e+01 1.000000e+00
      vertex   -2.260530e+00 -4.198937e+01 1.000000e+00
      vertex   1.689196e+00 -4.246895e+01 1.000000e+00
    endloop
  endfacet
  facet normal 0.000000e+00 0.000000e+00 1.000000e+00
    outer loop
      vertex   1.689196e+00 -4.246895e+01 1.000000e+00
      vertex   -2.260530e+00 -4.198937e+01 1.000000e+00
      vertex   -1.719192e+00 -4.246895e+01 1.000000e+00
    endloop
  endfacet
  facet normal 0.000000e+00 0.000000e+00 1.000000e+00
    outer loop
      vertex   1.689196e+00 -4.246895e+01 1.000000e+00
      vertex   -1.719192e+00 -4.246895e+01 1.000000e+00
      vertex   1.048817e+00 -4.280505e+01 1.000000e+00
    endloop
  endfacet
  facet normal 0.000000e+00 0.000000e+00 1.000000e+00
    outer loop
      vertex   1.048817e+00 -4.280505e+01 1.000000e+00
      vertex   -1.719192e+00 -4.246895e+01 1.000000e+00
      vertex   -1.078813e+00 -4.280505e+01 1.000000e+00
    endloop
  endfacet
  facet normal 0.000000e+00 0.000000e+00 1.000000e+00
    outer loop
      vertex   1.048817e+00 -4.280505e+01 1.000000e+00
      vertex   -1.078813e+00 -4.280505e+01 1.000000e+00
      vertex   3.466122e-01 -4.297812e+01 1.000000e+00
    endloop
  endfacet
  facet normal 0.000000e+00 0.000000e+00 1.000000e+00
    outer loop
      vertex   3.466122e-01 -4.297812e+01 1.000000e+00
      vertex   -1.078813e+00 -4.280505e+01 1.000000e+00
      vertex   -3.766079e-01 -4.297812e+01 1.000000e+00
    endloop
  endfacet
  facet normal 9.927089e-01 1.205367e-01 1.605871e-16
    outer loop
      vertex   -4.291283e+01 -7.179470e-01 3.000000e+00
      vertex   -4.291283e+01 -7.179470e-01 1.000000e+00
      vertex   -4.300000e+01 -4.073498e-15 3.000000e+00
    endloop
  endfacet
  facet normal 9.927089e-01 1.205367e-01 -4.428446e-17
    outer loop
      vertex   -4.300000e+01 -4.073498e-15 3.000000e+00
      vertex   -4.291283e+01 -7.179470e-01 1.000000e+00
      vertex   -4.300000e+01 -4.808286e-15 1.000000e+00
    endloop
  endfacet
  facet normal 9.927089e-01 -1.205367e-01 4.428446e-17
    outer loop
      vertex   -4.300000e+01 -4.073498e-15 3.000000e+00
      vertex   -4.300000e+01 -4.808286e-15 1.000000e+00
      vertex   -4.291283e+01 7.179470e-01 3.000000e+00
    endloop
  endfacet
  facet normal 9.927089e-01 -1.205367e-01 -1.605871e-16
    outer loop
      vertex   -4.291283e+01 7.179470e-01 3.000000e+00
      vertex   -4.300000e+01 -4.808286e-15 1.000000e+00
      vertex   -4.291283e+01 7.179470e-01 1.000000e+00
    endloop
  endfacet
  facet normal 9.350162e-01 -3.546049e-01 -4.724286e-16
    outer loop
      vertex   -4.291283e+01 7.179470e-01 3.000000e+00
      vertex   -4.291283e+01 7.179470e-01 1.000000e+00
      vertex   -4.265637e+01 1.394170e+00 3.000000e+00
    endloop
  endfacet
  facet normal 9.350162e-01 -3.546049e-01 -1.968453e-16
    outer loop
      vertex   -4.265637e+01 1.394170e+00 3.000000e+00
      vertex   -4.291283e+01 7.179470e-01 1.000000e+00
      vertex   -4.265637e+01 1.394170e+00 1.000000e+00
    endloop
  endfacet
  facet normal 8.229839e-01 -5.680647e-01 -3.153393e-16
    outer loop
      vertex   -4.265637e+01 1.394170e+00 3.000000e+00
      vertex   -4.265637e+01 1.394170e+00 1.000000e+00
      vertex   -4.224553e+01 1.989368e+00 3.000000e+00
    endloop
  endfacet
  facet normal 8.229839e-01 -5.680647e-01 2.608487e-15
    outer loop
      vertex   -4.224553e+01 1.989368e+00 3.000000e+00
      vertex   -4.265637e+01 1.394170e+00 1.000000e+00
      vertex   -4.224553e+01 1.989368e+00 1.000000e+00
    endloop
  endfacet
  facet normal 6.631227e-01 -7.485107e-01 1.940378e-15
    outer loop
      vertex   -4.224553e+01 1.989368e+00 3.000000e+00
      vertex   -4.224553e+01 1.989368e+00 1.000000e+00
      vertex   -4.170419e+01 2.468952e+00 3.000000e+00
    endloop
  endfacet
  facet normal 6.631227e-01 -7.485107e-01 0.000000e+00
    outer loop
      vertex   -4.170419e+01 2.468952e+00 3.000000e+00
      vertex   -4.224553e+01 1.989368e+00 1.000000e+00
      vertex   -4.170419e+01 2.468952e+00 1.000000e+00
    endloop
  endfacet
  facet normal 4.647232e-01 -8.854560e-01 0.000000e+00
    outer loop
      vertex   -4.170419e+01 2.468952e+00 3.000000e+00
      vertex   -4.170419e+01 2.468952e+00 1.000000e+00
      vertex   -4.106381e+01 2.805049e+00 3.000000e+00
    endloop
  endfacet
  facet normal 4.647232e-01 -8.854560e-01 0.000000e+00
    outer loop
      vertex   -4.106381e+01 2.805049e+00 3.000000e+00
      vertex   -4.170419e+01 2.468952e+00 1.000000e+00
      vertex   -4.106381e+01 2.805049e+00 1.000000e+00
    endloop
  endfacet
  facet normal 2.393157e-01 -9.709418e-01 0.000000e+00
    outer loop
      vertex   -4.106381e+01 2.805049e+00 3.000000e+00
      vertex   -4.106381e+01 2.805049e+00 1.000000e+00
      vertex   -4.036161e+01 2.978127e+00 3.000000e+00
    endloop
  endfacet
  facet normal 2.393157e-01 -9.709418e-01 -4.311848e-16
    outer loop
      vertex   -4.036161e+01 2.978127e+00 3.000000e+00
      vertex   -4.106381e+01 2.805049e+00 1.000000e+00
      vertex   -4.036161e+01 2.978127e+00 1.000000e+00
    endloop
  endfacet
  facet normal 0.000000e+00 -1.000000e+00 -4.440892e-16
    outer loop
      vertex   -4.036161e+01 2.978127e+00 3.000000e+00
      vertex   -4.036161e+01 2.978127e+00 1.000000e+00
      vertex   -3.963839e+01 2.978127e+00 3.000000e+00
    endloop
  endfacet
  facet normal -1.228089e-15 -1.000000e+00 -4.363048e-30
    outer loop
      vertex   -3.963839e+01 2.978127e+00 3.000000e+00
      vertex   -4.036161e+01 2.978127e+00 1.000000e+00
      vertex   -3.963839e+01 2.978127e+00 1.000000e+00
    endloop
  endfacet
  facet normal -2.393157e-01 -9.709418e-01 -8.502200e-16
    outer loop
      vertex   -3.963839e+01 2.978127e+00 3.000000e+00
      vertex   -3.963839e+01 2.978127e+00 1.000000e+00
      vertex   -3.893619e+01 2.805049e+00 3.000000e+00
    endloop
  endfacet
  facet normal -2.393157e-01 -9.709418e-01 2.155924e-16
    outer loop
      vertex   -3.893619e+01 2.805049e+00 3.000000e+00
      vertex   -3.963839e+01 2.978127e+00 1.000000e+00
      vertex   -3.893619e+01 2.805049e+00 1.000000e+00
    endloop
  endfacet
  facet normal -4.647232e-01 -8.854560e-01 1.966107e-16
    outer loop
      vertex   -3.893619e+01 2.805049e+00 3.000000e+00
      vertex   -3.893619e+01 2.805049e+00 1.000000e+00
      vertex   -3.829581e+01 2.468952e+00 3.000000e+00
    endloop
  endfacet
  facet normal -4.647232e-01 -8.854560e-01 -0.000000e+00
    outer loop
      vertex   -3.829581e+01 2.468952e+00 3.000000e+00
      vertex   -3.893619e+01 2.805049e+00 1.000000e+00
      vertex   -3.829581e+01 2.468952e+00 1.000000e+00
    endloop
  endfacet
  facet normal -6.631227e-01 -7.485107e-01 -0.000000e+00
    outer loop
      vertex   -3.829581e+01 2.468952e+00 3.000000e+00
      vertex   -3.829581e+01 2.468952e+00 1.000000e+00
      vertex   -3.775447e+01 1.989368e+00 3.000000e+00
    endloop
  endfacet
  facet normal -6.631227e-01 -7.485107e-01 2.493042e-16
    outer loop
      vertex   -3.775447e+01 1.989368e+00 3.000000e+00
      vertex   -3.829581e+01 2.468952e+00 1.000000e+00
      vertex   -3.775447e+01 1.989368e+00 1.000000e+00
    endloop
  endfacet
  facet normal -8.229839e-01 -5.680647e-01 1.892036e-16
    outer loop
      vertex   -3.775447e+01 1.989368e+00 3.000000e+00
      vertex   -3.775447e+01 1.989368e+00 1.000000e+00
      vertex   -3.734363e+01 1.394170e+00 3.000000e+00
    endloop
  endfacet
  facet normal -8.229839e-01 -5.680647e-01 -0.000000e+00
    outer loop
      vertex   -3.734363e+01 1.394170e+00 3.000000e+00
      vertex   -3.775447e+01 1.989368e+00 1.000000e+00
      vertex   -3.734363e+01 1.394170e+00 1.000000e+00
    endloop
  endfacet
  facet normal -9.350162e-01 -3.546049e-01 -0.000000e+00
    outer loop
      vertex   -3.734363e+01 1.394170e+00 3.000000e+00
      vertex   -3.734363e+01 1.394170e+00 1.000000e+00
      vertex   -3.708717e+01 7.179470e-01 3.000000e+00
    endloop
  endfacet
  facet normal -9.350162e-01 -3.546049e-01 2.165298e-16
    outer loop
      vertex   -3.708717e+01 7.179470e-01 3.000000e+00
      vertex   -3.734363e+01 1.394170e+00 1.000000e+00
      vertex   -3.708717e+01 7.179470e-01 1.000000e+00
    endloop
  endfacet
  facet normal -9.927089e-01 -1.205367e-01 7.360243e-17
    outer loop
      vertex   -3.708717e+01 7.179470e-01 3.000000e+00
      vertex   -3.708717e+01 7.179470e-01 1.000000e+00
      vertex   -3.700000e+01 -4.440892e-15 3.000000e+00
    endloop
  endfacet
  facet normal -9.927089e-01 -1.205367e-01 -0.000000e+00
    outer loop
      vertex   -3.700000e+01 -4.440892e-15 3.000000e+00
      vertex   -3.708717e+01 7.179470e-01 1.000000e+00
      vertex   -3.700000e+01 -4.440892e-15 1.000000e+00
    endloop
  endfacet
  facet normal -9.927089e-01 1.205367e-01 0.000000e+00
    outer loop
      vertex   -3.700000e+01 -4.440892e-15 3.000000e+00
      vertex   -3.700000e+01 -4.440892e-15 1.000000e+00
      vertex   -3.708717e+01 -7.179470e-01 3.000000e+00
    endloop
  endfacet
  facet normal -9.927089e-01 1.205367e-01 -7.360243e-17
    outer loop
      vertex   -3.708717e+01 -7.179470e-01 3.000000e+00
      vertex   -3.700000e+01 -4.440892e-15 1.000000e+00
      vertex   -3.708717e+01 -7.179470e-01 1.000000e+00
    endloop
  endfacet
  facet normal -9.350162e-01 3.546049e-01 -2.165298e-16
    outer loop
      vertex   -3.708717e+01 -7.179470e-01 3.000000e+00
      vertex   -3.708717e+01 -7.179470e-01 1.000000e+00
      vertex   -3.734363e+01 -1.394170e+00 3.000000e+00
    endloop
  endfacet
  facet normal -9.350162e-01 3.546049e-01 0.000000e+00
    outer loop
      vertex   -3.734363e+01 -1.394170e+00 3.000000e+00
      vertex   -3.708717e+01 -7.179470e-01 1.000000e+00
      vertex   -3.734363e+01 -1.394170e+00 1.000000e+00
    endloop
  endfacet
  facet normal -8.229839e-01 5.680647e-01 0.000000e+00
    outer loop
      vertex   -3.734363e+01 -1.394170e+00 3.000000e+00
      vertex   -3.734363e+01 -1.394170e+00 1.000000e+00
      vertex   -3.775447e+01 -1.989368e+00 3.000000e+00
    endloop
  endfacet
  facet normal -8.229839e-01 5.680647e-01 -1.892036e-16
    outer loop
      vertex   -3.775447e+01 -1.989368e+00 3.000000e+00
      vertex   -3.734363e+01 -1.394170e+00 1.000000e+00
      vertex   -3.775447e+01 -1.989368e+00 1.000000e+00
    endloop
  endfacet
  facet normal -6.631227e-01 7.485107e-01 -2.493042e-16
    outer loop
      vertex   -3.775447e+01 -1.989368e+00 3.000000e+00
      vertex   -3.775447e+01 -1.989368e+00 1.000000e+00
      vertex   -3.829581e+01 -2.468952e+00 3.000000e+00
    endloop
  endfacet
  facet normal -6.631227e-01 7.485107e-01 0.000000e+00
    outer loop
      vertex   -3.829581e+01 -2.468952e+00 3.000000e+00
      vertex   -3.775447e+01 -1.989368e+00 1.000000e+00
      vertex   -3.829581e+01 -2.468952e+00 1.000000e+00
    endloop
  endfacet
  facet normal -4.647232e-01 8.854560e-01 0.000000e+00
    outer loop
      vertex   -3.829581e+01 -2.468952e+00 3.000000e+00
      vertex   -3.829581e+01 -2.468952e+00 1.000000e+00
      vertex   -3.893619e+01 -2.805049e+00 3.000000e+00
    endloop
  endfacet
  facet normal -4.647232e-01 8.854560e-01 -1.966107e-16
    outer loop
      vertex   -3.893619e+01 -2.805049e+00 3.000000e+00
      vertex   -3.829581e+01 -2.468952e+00 1.000000e+00
      vertex   -3.893619e+01 -2.805049e+00 1.000000e+00
    endloop
  endfacet
  facet normal -2.393157e-01 9.709418e-01 -2.155924e-16
    outer loop
      vertex   -3.893619e+01 -2.805049e+00 3.000000e+00
      vertex   -3.893619e+01 -2.805049e+00 1.000000e+00
      vertex   -3.963839e+01 -2.978127e+00 3.000000e+00
    endloop
  endfacet
  facet normal -2.393157e-01 9.709418e-01 8.502200e-16
    outer loop
      vertex   -3.963839e+01 -2.978127e+00 3.000000e+00
      vertex   -3.893619e+01 -2.805049e+00 1.000000e+00
      vertex   -3.963839e+01 -2.978127e+00 1.000000e+00
    endloop
  endfacet
  facet normal -1.228089e-15 1.000000e+00 4.363048e-30
    outer loop
      vertex   -3.963839e+01 -2.978127e+00 3.000000e+00
      vertex   -3.963839e+01 -2.978127e+00 1.000000e+00
      vertex   -4.036161e+01 -2.978127e+00 3.000000e+00
    endloop
  endfacet
  facet normal 0.000000e+00 1.000000e+00 4.440892e-16
    outer loop
      vertex   -4.036161e+01 -2.978127e+00 3.000000e+00
      vertex   -3.963839e+01 -2.978127e+00 1.000000e+00
      vertex   -4.036161e+01 -2.978127e+00 1.000000e+00
    endloop
  endfacet
  facet normal 2.393157e-01 9.709418e-01 4.311848e-16
    outer loop
      vertex   -4.036161e+01 -2.978127e+00 3.000000e+00
      vertex   -4.036161e+01 -2.978127e+00 1.000000e+00
      vertex   -4.106381e+01 -2.805049e+00 3.000000e+00
    endloop
  endfacet
  facet normal 2.393157e-01 9.709418e-01 0.000000e+00
    outer loop
      vertex   -4.106381e+01 -2.805049e+00 3.000000e+00
      vertex   -4.036161e+01 -2.978127e+00 1.000000e+00
      vertex   -4.106381e+01 -2.805049e+00 1.000000e+00
    endloop
  endfacet
  facet normal 4.647232e-01 8.854560e-01 0.000000e+00
    outer loop
      vertex   -4.106381e+01 -2.805049e+00 3.000000e+00
      vertex   -4.106381e+01 -2.805049e+00 1.000000e+00
      vertex   -4.170419e+01 -2.468952e+00 3.000000e+00
    endloop
  endfacet
  facet normal 4.647232e-01 8.854560e-01 0.000000e+00
    outer loop
      vertex   -4.170419e+01 -2.468952e+00 3.000000e+00
      vertex   -4.106381e+01 -2.805049e+00 1.000000e+00
      vertex   -4.170419e+01 -2.468952e+00 1.000000e+00
    endloop
  endfacet
  facet normal 6.631227e-01 7.485107e-01 0.000000e+00
    outer loop
      vertex   -4.170419e+01 -2.468952e+00 3.000000e+00
      vertex   -4.170419e+01 -2.468952e+00 1.000000e+00
      vertex   -4.224553e+01 -1.989368e+00 3.000000e+00
    endloop
  endfacet
  facet normal 6.631227e-01 7.485107e-01 -1.940378e-15
    outer loop
      vertex   -4.224553e+01 -1.989368e+00 3.000000e+00
      vertex   -4.170419e+01 -2.468952e+00 1.000000e+00
      vertex   -4.224553e+01 -1.989368e+00 1.000000e+00
    endloop
  endfacet
  facet normal 8.229839e-01 5.680647e-01 -2.608487e-15
    outer loop
      vertex   -4.224553e+01 -1.989368e+00 3.000000e+00
      vertex   -4.224553e+01 -1.989368e+00 1.000000e+00
      vertex   -4.265637e+01 -1.394170e+00 3.000000e+00
    endloop
  endfacet
  facet normal 8.229839e-01 5.680647e-01 3.153393e-16
    outer loop
      vertex   -4.265637e+01 -1.394170e+00 3.000000e+00
      vertex   -4.224553e+01 -1.989368e+00 1.000000e+00
      vertex   -4.265637e+01 -1.394170e+00 1.000000e+00
    endloop
  endfacet
  facet normal 9.350162e-01 3.546049e-01 1.968453e-16
    outer loop
      vertex   -4.265637e+01 -1.394170e+00 3.000000e+00
      vertex   -4.265637e+01 -1.394170e+00 1.000000e+00
      vertex   -4.291283e+01 -7.179470e-01 3.000000e+00
    endloop
  endfacet
  facet normal 9.350162e-01 3.546049e-01 4.724286e-16
    outer loop
      vertex   -4.291283e+01 -7.179470e-01 3.000000e+00
      vertex   -4.265637e+01 -1.394170e+00 1.000000e+00
      vertex   -4.291283e+01 -7.179470e-01 1.000000e+00
    endloop
  endfacet
  facet normal -0.000000e+00 -0.000000e+00 1.000000e+00
    outer loop
      vertex   -4.291283e+01 -7.179470e-01 1.000000e+00
      vertex   -3.708717e+01 -7.179470e-01 1.000000e+00
      vertex   -4.300000e+01 -4.808286e-15 1.000000e+00
    endloop
  endfacet
  facet normal -0.000000e+00 0.000000e+00 1.000000e+00
    outer loop
      vertex   -4.300000e+01 -4.808286e-15 1.000000e+00
      vertex   -3.708717e+01 -7.179470e-01 1.000000e+00
      vertex   -3.700000e+01 -4.440892e-15 1.000000e+00
    endloop
  endfacet
  facet normal 0.000000e+00 0.000000e+00 1.000000e+00
    outer loop
      vertex   -4.300000e+01 -4.808286e-15 1.000000e+00
      vertex   -3.700000e+01 -4.440892e-15 1.000000e+00
      vertex   -4.291283e+01 7.179470e-01 1.000000e+00
    endloop
  endfacet
  facet normal 0.000000e+00 0.000000e+00 1.000000e+00
    outer loop
      vertex   -4.291283e+01 7.179470e-01 1.000000e+00
      vertex   -3.700000e+01 -4.440892e-15 1.000000e+00
      vertex   -3.708717e+01 7.179470e-01 1.000000e+00
    endloop
  endfacet
  facet normal -0.000000e+00 0.000000e+00 1.000000e+00
    outer loop
      vertex   -4.291283e+01 7.179470e-01 1.000000e+00
      vertex   -3.708717e+01 7.179470e-01 1.000000e+00
      vertex   -4.265637e+01 1.394170e+00 1.000000e+00
    endloop
  endfacet
  facet normal 0.000000e+00 0.000000e+00 1.000000e+00
    outer loop
      vertex   -4.265637e+01 1.394170e+00 1.000000e+00
      vertex   -3.708717e+01 7.179470e-01 1.000000e+00
      vertex   -3.734363e+01 1.394170e+00 1.000000e+00
    endloop
  endfacet
  facet normal -0.000000e+00 0.000000e+00 1.000000e+00
    outer loop
      vertex   -4.265637e+01 1.394170e+00 1.000000e+00
      vertex   -3.734363e+01 1.394170e+00 1.000000e+00
      vertex   -4.224553e+01 1.989368e+00 1.000000e+00
    endloop
  endfacet
  facet normal 0.000000e+00 0.000000e+00 1.000000e+00
    outer loop
      vertex   -4.224553e+01 1.989368e+00 1.000000e+00
      vertex   -3.734363e+01 1.394170e+00 1.000000e+00
      vertex   -3.775447e+01 1.989368e+00 1.000000e+00
    endloop
  endfacet
  facet normal -0.000000e+00 0.000000e+00 1.000000e+00
    outer loop
      vertex   -4.224553e+01 1.989368e+00 1.000000e+00
      vertex   -3.775447e+01 1.989368e+00 1.000000e+00
      vertex   -4.170419e+01 2.468952e+00 1.000000e+00
    endloop
  endfacet
  facet normal -0.000000e+00 0.000000e+00 1.000000e+00
    outer loop
      vertex   -4.170419e+01 2.468952e+00 1.000000e+00
      vertex   -3.775447e+01 1.989368e+00 1.000000e+00
      vertex   -3.829581e+01 2.468952e+00 1.000000e+00
    endloop
  endfacet
  facet normal 0.000000e+00 0.000000e+00 1.000000e+00
    outer loop
      vertex   -4.170419e+01 2.468952e+00 1.000000e+00
      vertex   -3.829581e+01 2.468952e+00 1.000000e+00
      vertex   -4.106381e+01 2.805049e+00 1.000000e+00
    endloop
  endfacet
  facet normal 0.000000e+00 0.000000e+00 1.000000e+00
    outer loop
      vertex   -4.106381e+01 2.805049e+00 1.000000e+00
      vertex   -3.829581e+01 2.468952e+00 1.000000e+00
      vertex   -3.893619e+01 2.805049e+00 1.000000e+00
    endloop
  endfacet
  facet normal -0.000000e+00 0.000000e+00 1.000000e+00
    outer loop
      vertex   -4.106381e+01 2.805049e+00 1.000000e+00
      vertex   -3.893619e+01 2.805049e+00 1.000000e+00
      vertex   -4.036161e+01 2.978127e+00 1.000000e+00
    endloop
  endfacet
  facet normal 0.000000e+00 0.000000e+00 1.000000e+00
    outer loop
      vertex   -4.036161e+01 2.978127e+00 1.000000e+00
      vertex   -3.893619e+01 2.805049e+00 1.000000e+00
      vertex   -3.963839e+01 2.978127e+00 1.000000e+00
    endloop
  endfacet
  facet normal 0.000000e+00 0.000000e+00 1.000000e+00
    outer loop
      vertex   -3.708717e+01 -7.179470e-01 1.000000e+00
      vertex   -4.291283e+01 -7.179470e-01 1.000000e+00
      vertex   -3.734363e+01 -1.394170e+00 1.000000e+00
    endloop
  endfacet
  facet normal 0.000000e+00 0.000000e+00 1.000000e+00
    outer loop
      vertex   -3.734363e+01 -1.394170e+00 1.000000e+00
      vertex   -4.291283e+01 -7.179470e-01 1.000000e+00
      vertex   -4.265637e+01 -1.394170e+00 1.000000e+00
    endloop
  endfacet
  facet normal 0.000000e+00 0.000000e+00 1.000000e+00
    outer loop
      vertex   -3.734363e+01 -1.394170e+00 1.000000e+00
      vertex   -4.265637e+01 -1.394170e+00 1.000000e+00
      vertex   -3.775447e+01 -1.989368e+00 1.000000e+00
    endloop
  endfacet
  facet normal 0.000000e+00 0.000000e+00 1.000000e+00
    outer loop
      vertex   -3.775447e+01 -1.989368e+00 1.000000e+00
      vertex   -4.265637e+01 -1.394170e+00 1.000000e+00
      vertex   -4.224553e+01 -1.989368e+00 1.000000e+00
    endloop
  endfacet
  facet normal 0.000000e+00 0.000000e+00 1.000000e+00
    outer loop
      vertex   -3.775447e+01 -1.989368e+00 1.000000e+00
      vertex   -4.224553e+01 -1.989368e+00 1.000000e+00
      vertex   -3.829581e+01 -2.468952e+00 1.000000e+00
    endloop
  endfacet
  facet normal 0.000000e+00 0.000000e+00 1.000000e+00
    outer loop
      vertex   -3.829581e+01 -2.468952e+00 1.000000e+00
      vertex   -4.224553e+01 -1.989368e+00 1.000000e+00
      vertex   -4.170419e+01 -2.468952e+00 1.000000e+00
    endloop
  endfacet
  facet normal 0.000000e+00 0.000000e+00 1.000000e+00
    outer loop
      vertex   -3.829581e+01 -2.468952e+00 1.000000e+00
      vertex   -4.170419e+01 -2.468952e+00 1.000000e+00
      vertex   -3.893619e+01 -2.805049e+00 1.000000e+00
    endloop
  endfacet
  facet normal 0.000000e+00 0.000000e+00 1.000000e+00
    outer loop
      vertex   -3.893619e+01 -2.805049e+00 1.000000e+00
      vertex   -4.170419e+01 -2.468952e+00 1.000000e+00
      vertex   -4.106381e+01 -2.805049e+00 1.000000e+00
    endloop
  endfacet
  facet normal 0.000000e+00 0.000000e+00 1.000000e+00
    outer loop
      vertex   -3.893619e+01 -2.805049e+00 1.000000e+00
      vertex   -4.106381e+01 -2.805049e+00 1.000000e+00
      vertex   -3.963839e+01 -2.978127e+00 1.000000e+00
    endloop
  endfacet
  facet normal 0.000000e+00 0.000000e+00 1.000000e+00
    outer loop
      vertex   -3.963839e+01 -2.978127e+00 1.000000e+00
      vertex   -4.106381e+01 -2.805049e+00 1.000000e+00
      vertex   -4.036161e+01 -2.978127e+00 1.000000e+00
    endloop
  endfacet
  facet normal 9.927089e-01 1.205367e-01 1.605871e-16
    outer loop
      vertex   3.708717e+01 -7.179470e-01 3.000000e+00
      vertex   3.708717e+01 -7.179470e-01 1.000000e+00
      vertex   3.700000e+01 -4.073498e-15 3.000000e+00
    endloop
  endfacet
  facet normal 9.927089e-01 1.205367e-01 -4.428446e-17
    outer loop
      vertex   3.700000e+01 -4.073498e-15 3.000000e+00
      vertex   3.708717e+01 -7.179470e-01 1.000000e+00
      vertex   3.700000e+01 -4.808286e-15 1.000000e+00
    endloop
  endfacet
  facet normal 9.927089e-01 -1.205367e-01 4.428446e-17
    outer loop
      vertex   3.700000e+01 -4.073498e-15 3.000000e+00
      vertex   3.700000e+01 -4.808286e-15 1.000000e+00
      vertex   3.708717e+01 7.179470e-01 3.000000e+00
    endloop
  endfacet
  facet normal 9.927089e-01 -1.205367e-01 -1.605871e-16
    outer loop
      vertex   3.708717e+01 7.179470e-01 3.000000e+00
      vertex   3.700000e+01 -4.808286e-15 1.000000e+00
      vertex   3.708717e+01 7.179470e-01 1.000000e+00
    endloop
  endfacet
  facet normal 9.350162e-01 -3.546049e-01 -4.724286e-16
    outer loop
      vertex   3.708717e+01 7.179470e-01 3.000000e+00
      vertex   3.708717e+01 7.179470e-01 1.000000e+00
      vertex   3.734363e+01 1.394170e+00 3.000000e+00
    endloop
  endfacet
  facet normal 9.350162e-01 -3.546049e-01 -1.968453e-16
    outer loop
      vertex   3.734363e+01 1.394170e+00 3.000000e+00
      vertex   3.708717e+01 7.179470e-01 1.000000e+00
      vertex   3.734363e+01 1.394170e+00 1.000000e+00
    endloop
  endfacet
  facet normal 8.229839e-01 -5.680647e-01 -3.153393e-16
    outer loop
      vertex   3.734363e+01 1.394170e+00 3.000000e+00
      vertex   3.734363e+01 1.394170e+00 1.000000e+00
      vertex   3.775447e+01 1.989368e+00 3.000000e+00
    endloop
  endfacet
  facet normal 8.229839e-01 -5.680647e-01 -3.153393e-16
    outer loop
      vertex   3.775447e+01 1.989368e+00 3.000000e+00
      vertex   3.734363e+01 1.394170e+00 1.000000e+00
      vertex   3.775447e+01 1.989368e+00 1.000000e+00
    endloop
  endfacet
  facet normal 6.631227e-01 -7.485107e-01 -4.155069e-16
    outer loop
      vertex   3.775447e+01 1.989368e+00 3.000000e+00
      vertex   3.775447e+01 1.989368e+00 1.000000e+00
      vertex   3.829581e+01 2.468952e+00 3.000000e+00
    endloop
  endfacet
  facet normal 6.631227e-01 -7.485107e-01 0.000000e+00
    outer loop
      vertex   3.829581e+01 2.468952e+00 3.000000e+00
      vertex   3.775447e+01 1.989368e+00 1.000000e+00
      vertex   3.829581e+01 2.468952e+00 1.000000e+00
    endloop
  endfacet
  facet normal 4.647232e-01 -8.854560e-01 0.000000e+00
    outer loop
      vertex   3.829581e+01 2.468952e+00 3.000000e+00
      vertex   3.829581e+01 2.468952e+00 1.000000e+00
      vertex   3.893619e+01 2.805049e+00 3.000000e+00
    endloop
  endfacet
  facet normal 4.647232e-01 -8.854560e-01 0.000000e+00
    outer loop
      vertex   3.893619e+01 2.805049e+00 3.000000e+00
      vertex   3.829581e+01 2.468952e+00 1.000000e+00
      vertex   3.893619e+01 2.805049e+00 1.000000e+00
    endloop
  endfacet
  facet normal 2.393157e-01 -9.709418e-01 0.000000e+00
    outer loop
      vertex   3.893619e+01 2.805049e+00 3.000000e+00
      vertex   3.893619e+01 2.805049e+00 1.000000e+00
      vertex   3.963839e+01 2.978127e+00 3.000000e+00
    endloop
  endfacet
  facet normal 2.393157e-01 -9.709418e-01 -4.311848e-16
    outer loop
      vertex   3.963839e+01 2.978127e+00 3.000000e+00
      vertex   3.893619e+01 2.805049e+00 1.000000e+00
      vertex   3.963839e+01 2.978127e+00 1.000000e+00
    endloop
  endfacet
  facet normal 0.000000e+00 -1.000000e+00 -4.440892e-16
    outer loop
      vertex   3.963839e+01 2.978127e+00 3.000000e+00
      vertex   3.963839e+01 2.978127e+00 1.000000e+00
      vertex   4.036161e+01 2.978127e+00 3.000000e+00
    endloop
  endfacet
  facet normal -1.228089e-15 -1.000000e+00 -0.000000e+00
    outer loop
      vertex   4.036161e+01 2.978127e+00 3.000000e+00
      vertex   3.963839e+01 2.978127e+00 1.000000e+00
      vertex   4.036161e+01 2.978127e+00 1.000000e+00
    endloop
  endfacet
  facet normal -2.393157e-01 -9.709418e-01 -0.000000e+00
    outer loop
      vertex   4.036161e+01 2.978127e+00 3.000000e+00
      vertex   4.036161e+01 2.978127e+00 1.000000e+00
      vertex   4.106381e+01 2.805049e+00 3.000000e+00
    endloop
  endfacet
  facet normal -2.393157e-01 -9.709418e-01 2.155924e-16
    outer loop
      vertex   4.106381e+01 2.805049e+00 3.000000e+00
      vertex   4.036161e+01 2.978127e+00 1.000000e+00
      vertex   4.106381e+01 2.805049e+00 1.000000e+00
    endloop
  endfacet
  facet normal -4.647232e-01 -8.854560e-01 1.966107e-16
    outer loop
      vertex   4.106381e+01 2.805049e+00 3.000000e+00
      vertex   4.106381e+01 2.805049e+00 1.000000e+00
      vertex   4.170419e+01 2.468952e+00 3.000000e+00
    endloop
  endfacet
  facet normal -4.647232e-01 -8.854560e-01 -0.000000e+00
    outer loop
      vertex   4.170419e+01 2.468952e+00 3.000000e+00
      vertex   4.106381e+01 2.805049e+00 1.000000e+00
      vertex   4.170419e+01 2.468952e+00 1.000000e+00
    endloop
  endfacet
  facet normal -6.631227e-01 -7.485107e-01 -0.000000e+00
    outer loop
      vertex   4.170419e+01 2.468952e+00 3.000000e+00
      vertex   4.170419e+01 2.468952e+00 1.000000e+00
      vertex   4.224553e+01 1.989368e+00 3.000000e+00
    endloop
  endfacet
  facet normal -6.631227e-01 -7.485107e-01 -4.462466e-15
    outer loop
      vertex   4.224553e+01 1.989368e+00 3.000000e+00
      vertex   4.170419e+01 2.468952e+00 1.000000e+00
      vertex   4.224553e+01 1.989368e+00 1.000000e+00
    endloop
  endfacet
  facet normal -8.229839e-01 -5.680647e-01 -5.658449e-15
    outer loop
      vertex   4.224553e+01 1.989368e+00 3.000000e+00
      vertex   4.224553e+01 1.989368e+00 1.000000e+00
      vertex   4.265637e+01 1.394170e+00 3.000000e+00
    endloop
  endfacet
  facet normal -8.229839e-01 -5.680647e-01 -0.000000e+00
    outer loop
      vertex   4.265637e+01 1.394170e+00 3.000000e+00
      vertex   4.224553e+01 1.989368e+00 1.000000e+00
      vertex   4.265637e+01 1.394170e+00 1.000000e+00
    endloop
  endfacet
  facet normal -9.350162e-01 -3.546049e-01 -0.000000e+00
    outer loop
      vertex   4.265637e+01 1.394170e+00 3.000000e+00
      vertex   4.265637e+01 1.394170e+00 1.000000e+00
      vertex   4.291283e+01 7.179470e-01 3.000000e+00
    endloop
  endfacet
  facet normal -9.350162e-01 -3.546049e-01 2.165298e-16
    outer loop
      vertex   4.291283e+01 7.179470e-01 3.000000e+00
      vertex   4.265637e+01 1.394170e+00 1.000000e+00
      vertex   4.291283e+01 7.179470e-01 1.000000e+00
    endloop
  endfacet
  facet normal -9.927089e-01 -1.205367e-01 7.360243e-17
    outer loop
      vertex   4.291283e+01 7.179470e-01 3.000000e+00
      vertex   4.291283e+01 7.179470e-01 1.000000e+00
      vertex   4.300000e+01 -4.440892e-15 3.000000e+00
    endloop
  endfacet
  facet normal -9.927089e-01 -1.205367e-01 -0.000000e+00
    outer loop
      vertex   4.300000e+01 -4.440892e-15 3.000000e+00
      vertex   4.291283e+01 7.179470e-01 1.000000e+00
      vertex   4.300000e+01 -4.440892e-15 1.000000e+00
    endloop
  endfacet
  facet normal -9.927089e-01 1.205367e-01 0.000000e+00
    outer loop
      vertex   4.300000e+01 -4.440892e-15 3.000000e+00
      vertex   4.300000e+01 -4.440892e-15 1.000000e+00
      vertex   4.291283e+01 -7.179470e-01 3.000000e+00
    endloop
  endfacet
  facet normal -9.927089e-01 1.205367e-01 -7.360243e-17
    outer loop
      vertex   4.291283e+01 -7.179470e-01 3.000000e+00
      vertex   4.300000e+01 -4.440892e-15 1.000000e+00
      vertex   4.291283e+01 -7.179470e-01 1.000000e+00
    endloop
  endfacet
  facet normal -9.350162e-01 3.546049e-01 -2.165298e-16
    outer loop
      vertex   4.291283e+01 -7.179470e-01 3.000000e+00
      vertex   4.291283e+01 -7.179470e-01 1.000000e+00
      vertex   4.265637e+01 -1.394170e+00 3.000000e+00
    endloop
  endfacet
  facet normal -9.350162e-01 3.546049e-01 0.000000e+00
    outer loop
      vertex   4.265637e+01 -1.394170e+00 3.000000e+00
      vertex   4.291283e+01 -7.179470e-01 1.000000e+00
      vertex   4.265637e+01 -1.394170e+00 1.000000e+00
    endloop
  endfacet
  facet normal -8.229839e-01 5.680647e-01 0.000000e+00
    outer loop
      vertex   4.265637e+01 -1.394170e+00 3.000000e+00
      vertex   4.265637e+01 -1.394170e+00 1.000000e+00
      vertex   4.224553e+01 -1.989368e+00 3.000000e+00
    endloop
  endfacet
  facet normal -8.229839e-01 5.680647e-01 5.658449e-15
    outer loop
      vertex   4.224553e+01 -1.989368e+00 3.000000e+00
      vertex   4.265637e+01 -1.394170e+00 1.000000e+00
      vertex   4.224553e+01 -1.989368e+00 1.000000e+00
    endloop
  endfacet
  facet normal -6.631227e-01 7.485107e-01 4.462466e-15
    outer loop
      vertex   4.224553e+01 -1.989368e+00 3.000000e+00
      vertex   4.224553e+01 -1.989368e+00 1.000000e+00
      vertex   4.170419e+01 -2.468952e+00 3.000000e+00
    endloop
  endfacet
  facet normal -6.631227e-01 7.485107e-01 0.000000e+00
    outer loop
      vertex   4.170419e+01 -2.468952e+00 3.000000e+00
      vertex   4.224553e+01 -1.989368e+00 1.000000e+00
      vertex   4.170419e+01 -2.468952e+00 1.000000e+00
    endloop
  endfacet
  facet normal -4.647232e-01 8.854560e-01 0.000000e+00
    outer loop
      vertex   4.170419e+01 -2.468952e+00 3.000000e+00
      vertex   4.170419e+01 -2.468952e+00 1.000000e+00
      vertex   4.106381e+01 -2.805049e+00 3.000000e+00
    endloop
  endfacet
  facet normal -4.647232e-01 8.854560e-01 -1.966107e-16
    outer loop
      vertex   4.106381e+01 -2.805049e+00 3.000000e+00
      vertex   4.170419e+01 -2.468952e+00 1.000000e+00
      vertex   4.106381e+01 -2.805049e+00 1.000000e+00
    endloop
  endfacet
  facet normal -2.393157e-01 9.709418e-01 -2.155924e-16
    outer loop
      vertex   4.106381e+01 -2.805049e+00 3.000000e+00
      vertex   4.106381e+01 -2.805049e+00 1.000000e+00
      vertex   4.036161e+01 -2.978127e+00 3.000000e+00
    endloop
  endfacet
  facet normal -2.393157e-01 9.709418e-01 0.000000e+00
    outer loop
      vertex   4.036161e+01 -2.978127e+00 3.000000e+00
      vertex   4.106381e+01 -2.805049e+00 1.000000e+00
      vertex   4.036161e+01 -2.978127e+00 1.000000e+00
    endloop
  endfacet
  facet normal -1.228089e-15 1.000000e+00 0.000000e+00
    outer loop
      vertex   4.036161e+01 -2.978127e+00 3.000000e+00
      vertex   4.036161e+01 -2.978127e+00 1.000000e+00
      vertex   3.963839e+01 -2.978127e+00 3.000000e+00
    endloop
  endfacet
  facet normal 0.000000e+00 1.000000e+00 4.440892e-16
    outer loop
      vertex   3.963839e+01 -2.978127e+00 3.000000e+00
      vertex   4.036161e+01 -2.978127e+00 1.000000e+00
      vertex   3.963839e+01 -2.978127e+00 1.000000e+00
    endloop
  endfacet
  facet normal 2.393157e-01 9.709418e-01 4.311848e-16
    outer loop
      vertex   3.963839e+01 -2.978127e+00 3.000000e+00
      vertex   3.963839e+01 -2.978127e+00 1.000000e+00
      vertex   3.893619e+01 -2.805049e+00 3.000000e+00
    endloop
  endfacet
  facet normal 2.393157e-01 9.709418e-01 0.000000e+00
    outer loop
      vertex   3.893619e+01 -2.805049e+00 3.000000e+00
      vertex   3.963839e+01 -2.978127e+00 1.000000e+00
      vertex   3.893619e+01 -2.805049e+00 1.000000e+00
    endloop
  endfacet
  facet normal 4.647232e-01 8.854560e-01 0.000000e+00
    outer loop
      vertex   3.893619e+01 -2.805049e+00 3.000000e+00
      vertex   3.893619e+01 -2.805049e+00 1.000000e+00
      vertex   3.829581e+01 -2.468952e+00 3.000000e+00
    endloop
  endfacet
  facet normal 4.647232e-01 8.854560e-01 0.000000e+00
    outer loop
      vertex   3.829581e+01 -2.468952e+00 3.000000e+00
      vertex   3.893619e+01 -2.805049e+00 1.000000e+00
      vertex   3.829581e+01 -2.468952e+00 1.000000e+00
    endloop
  endfacet
  facet normal 6.631227e-01 7.485107e-01 0.000000e+00
    outer loop
      vertex   3.829581e+01 -2.468952e+00 3.000000e+00
      vertex   3.829581e+01 -2.468952e+00 1.000000e+00
      vertex   3.775447e+01 -1.989368e+00 3.000000e+00
    endloop
  endfacet
  facet normal 6.631227e-01 7.485107e-01 4.155069e-16
    outer loop
      vertex   3.775447e+01 -1.989368e+00 3.000000e+00
      vertex   3.829581e+01 -2.468952e+00 1.000000e+00
      vertex   3.775447e+01 -1.989368e+00 1.000000e+00
    endloop
  endfacet
  facet normal 8.229839e-01 5.680647e-01 3.153393e-16
    outer loop
      vertex   3.775447e+01 -1.989368e+00 3.000000e+00
      vertex   3.775447e+01 -1.989368e+00 1.000000e+00
      vertex   3.734363e+01 -1.394170e+00 3.000000e+00
    endloop
  endfacet
  facet normal 8.229839e-01 5.680647e-01 3.153393e-16
    outer loop
      vertex   3.734363e+01 -1.394170e+00 3.000000e+00
      vertex   3.775447e+01 -1.989368e+00 1.000000e+00
      vertex   3.734363e+01 -1.394170e+00 1.000000e+00
    endloop
  endfacet
  facet normal 9.350162e-01 3.546049e-01 1.968453e-16
    outer loop
      vertex   3.734363e+01 -1.394170e+00 3.000000e+00
      vertex   3.734363e+01 -1.394170e+00 1.000000e+00
      vertex   3.708717e+01 -7.179470e-01 3.000000e+00
    endloop
  endfacet
  facet normal 9.350162e-01 3.546049e-01 4.724286e-16
    outer loop
      vertex   3.708717e+01 -7.179470e-01 3.000000e+00
      vertex   3.734363e+01 -1.394170e+00 1.000000e+00
      vertex   3.708717e+01 -7.179470e-01 1.000000e+00
    endloop
  endfacet
  facet normal -0.000000e+00 -0.000000e+00 1.000000e+00
    outer loop
      vertex   3.708717e+01 -7.179470e-01 1.000000e+00
      vertex   4.291283e+01 -7.179470e-01 1.000000e+00
      vertex   3.700000e+01 -4.808286e-15 1.000000e+00
    endloop
  endfacet
  facet normal -0.000000e+00 0.000000e+00 1.000000e+00
    outer loop
      vertex   3.700000e+01 -4.808286e-15 1.000000e+00
      vertex   4.291283e+01 -7.179470e-01 1.000000e+00
      vertex   4.300000e+01 -4.440892e-15 1.000000e+00
    endloop
  endfacet
  facet normal 0.000000e+00 0.000000e+00 1.000000e+00
    outer loop
      vertex   3.700000e+01 -4.808286e-15 1.000000e+00
      vertex   4.300000e+01 -4.440892e-15 1.000000e+00
      vertex   3.708717e+01 7.179470e-01 1.000000e+00
    endloop
  endfacet
  facet normal 0.000000e+00 0.000000e+00 1.000000e+00
    outer loop
      vertex   3.708717e+01 7.179470e-01 1.000000e+00
      vertex   4.300000e+01 -4.440892e-15 1.000000e+00
      vertex   4.291283e+01 7.179470e-01 1.000000e+00
    endloop
  endfacet
  facet normal -0.000000e+00 0.000000e+00 1.000000e+00
    outer loop
      vertex   3.708717e+01 7.179470e-01 1.000000e+00
      vertex   4.291283e+01 7.179470e-01 1.000000e+00
      vertex   3.734363e+01 1.394170e+00 1.000000e+00
    endloop
  endfacet
  facet normal 0.000000e+00 0.000000e+00 1.000000e+00
    outer loop
      vertex   3.734363e+01 1.394170e+00 1.000000e+00
      vertex   4.291283e+01 7.179470e-01 1.000000e+00
      vertex   4.265637e+01 1.394170e+00 1.000000e+00
    endloop
  endfacet
  facet normal -0.000000e+00 0.000000e+00 1.000000e+00
    outer loop
      vertex   3.734363e+01 1.394170e+00 1.000000e+00
      vertex   4.265637e+01 1.394170e+00 1.000000e+00
      vertex   3.775447e+01 1.989368e+00 1.000000e+00
    endloop
  endfacet
  facet normal 0.000000e+00 0.000000e+00 1.000000e+00
    outer loop
      vertex   3.775447e+01 1.989368e+00 1.000000e+00
      vertex   4.265637e+01 1.394170e+00 1.000000e+00
      vertex   4.224553e+01 1.989368e+00 1.000000e+00
    endloop
  endfacet
  facet normal -0.000000e+00 0.000000e+00 1.000000e+00
    outer loop
      vertex   3.775447e+01 1.989368e+00 1.000000e+00
      vertex   4.224553e+01 1.989368e+00 1.000000e+00
      vertex   3.829581e+01 2.468952e+00 1.000000e+00
    endloop
  endfacet
  facet normal -0.000000e+00 0.000000e+00 1.000000e+00
    outer loop
      vertex   3.829581e+01 2.468952e+00 1.000000e+00
      vertex   4.224553e+01 1.989368e+00 1.000000e+00
      vertex   4.170419e+01 2.468952e+00 1.000000e+00
    endloop
  endfacet
  facet normal 0.000000e+00 0.000000e+00 1.000000e+00
    outer loop
      vertex   3.829581e+01 2.468952e+00 1.000000e+00
      vertex   4.170419e+01 2.468952e+00 1.000000e+00
      vertex   3.893619e+01 2.805049e+00 1.000000e+00
    endloop
  endfacet
  facet normal 0.000000e+00 0.000000e+00 1.000000e+00
    outer loop
      vertex   3.893619e+01 2.805049e+00 1.000000e+00
      vertex   4.170419e+01 2.468952e+00 1.000000e+00
      vertex   4.106381e+01 2.805049e+00 1.000000e+00
    endloop
  endfacet
  facet normal -0.000000e+00 0.000000e+00 1.000000e+00
    outer loop
      vertex   3.893619e+01 2.805049e+00 1.000000e+00
      vertex   4.106381e+01 2.805049e+00 1.000000e+00
      vertex   3.963839e+01 2.978127e+00 1.000000e+00
    endloop
  endfacet
  facet normal 0.000000e+00 0.000000e+00 1.000000e+00
    outer loop
      vertex   3.963839e+01 2.978127e+00 1.000000e+00
      vertex   4.106381e+01 2.805049e+00 1.000000e+00
      vertex   4.036161e+01 2.978127e+00 1.000000e+00
    endloop
  endfacet
  facet normal 0.000000e+00 0.000000e+00 1.000000e+00
    outer loop
      vertex   4.291283e+01 -7.179470e-01 1.000000e+00
      vertex   3.708717e+01 -7.179470e-01 1.000000e+00
      vertex   4.265637e+01 -1.394170e+00 1.000000e+00
    endloop
  endfacet
  facet normal 0.000000e+00 0.000000e+00 1.000000e+00
    outer loop
      vertex   4.265637e+01 -1.394170e+00 1.000000e+00
      vertex   3.708717e+01 -7.179470e-01 1.000000e+00
      vertex   3.734363e+01 -1.394170e+00 1.000000e+00
    endloop
  endfacet
  facet normal 0.000000e+00 0.000000e+00 1.000000e+00
    outer loop
      vertex   4.265637e+01 -1.394170e+00 1.000000e+00
      vertex   3.734363e+01 -1.394170e+00 1.000000e+00
      vertex   4.224553e+01 -1.989368e+00 1.000000e+00
    endloop
  endfacet
  facet normal 0.000000e+00 0.000000e+00 1.000000e+00
    outer loop
      vertex   4.224553e+01 -1.989368e+00 1.000000e+00
      vertex   3.734363e+01 -1.394170e+00 1.000000e+00
      vertex   3.775447e+01 -1.989368e+00 1.000000e+00
    endloop
  endfacet
  facet normal 0.000000e+00 0.000000e+00 1.000000e+00
    outer loop
      vertex   4.224553e+01 -1.989368e+00 1.000000e+00
      vertex   3.775447e+01 -1.989368e+00 1.000000e+00
      vertex   4.170419e+01 -2.468952e+00 1.000000e+00
    endloop
  endfacet
  facet normal 0.000000e+00 0.000000e+00 1.000000e+00
    outer loop
      vertex   4.170419e+01 -2.468952e+00 1.000000e+00
      vertex   3.775447e+01 -1.989368e+00 1.000000e+00
      vertex   3.829581e+01 -2.468952e+00 1.000000e+00
    endloop
  endfacet
  facet normal 0.000000e+00 0.000000e+00 1.000000e+00
    outer loop
      vertex   4.170419e+01 -2.468952e+00 1.000000e+00
      vertex   3.829581e+01 -2.468952e+00 1.000000e+00
      vertex   4.106381e+01 -2.805049e+00 1.000000e+00
    endloop
  endfacet
  facet normal 0.000000e+00 0.000000e+00 1.000000e+00
    outer loop
      vertex   4.106381e+01 -2.805049e+00 1.000000e+00
      vertex   3.829581e+01 -2.468952e+00 1.000000e+00
      vertex   3.893619e+01 -2.805049e+00 1.000000e+00
    endloop
  endfacet
  facet normal 0.000000e+00 0.000000e+00 1.000000e+00
    outer loop
      vertex   4.106381e+01 -2.805049e+00 1.000000e+00
      vertex   3.893619e+01 -2.805049e+00 1.000000e+00
      vertex   4.036161e+01 -2.978127e+00 1.000000e+00
    endloop
  endfacet
  facet normal 0.000000e+00 0.000000e+00 1.000000e+00
    outer loop
      vertex   4.036161e+01 -2.978127e+00 1.000000e+00
      vertex   3.893619e+01 -2.805049e+00 1.000000e+00
      vertex   3.963839e+01 -2.978127e+00 1.000000e+00
    endloop
  endfacet
  facet normal 9.927089e-01 1.205367e-01 -1.261899e-17
    outer loop
      vertex   -2.915562e+00 3.928205e+01 3.000000e+00
      vertex   -2.915562e+00 3.928205e+01 1.000000e+00
      vertex   -3.002736e+00 4.000000e+01 3.000000e+00
    endloop
  endfacet
  facet normal 9.927089e-01 1.205367e-01 0.000000e+00
    outer loop
      vertex   -3.002736e+00 4.000000e+01 3.000000e+00
      vertex   -2.915562e+00 3.928205e+01 1.000000e+00
      vertex   -3.002736e+00 4.000000e+01 1.000000e+00
    endloop
  endfacet
  facet normal 9.927089e-01 -1.205367e-01 0.000000e+00
    outer loop
      vertex   -3.002736e+00 4.000000e+01 3.000000e+00
      vertex   -3.002736e+00 4.000000e+01 1.000000e+00
      vertex   -2.915562e+00 4.071795e+01 3.000000e+00
    endloop
  endfacet
  facet normal 9.927089e-01 -1.205367e-01 4.408513e-16
    outer loop
      vertex   -2.915562e+00 4.071795e+01 3.000000e+00
      vertex   -3.002736e+00 4.000000e+01 1.000000e+00
      vertex   -2.915562e+00 4.071795e+01 1.000000e+00
    endloop
  endfacet
  facet normal 9.350162e-01 -3.546049e-01 4.152306e-16
    outer loop
      vertex   -2.915562e+00 4.071795e+01 3.000000e+00
      vertex   -2.915562e+00 4.071795e+01 1.000000e+00
      vertex   -2.659104e+00 4.139417e+01 3.000000e+00
    endloop
  endfacet
  facet normal 9.350162e-01 -3.546049e-01 -8.445790e-16
    outer loop
      vertex   -2.659104e+00 4.139417e+01 3.000000e+00
      vertex   -2.915562e+00 4.071795e+01 1.000000e+00
      vertex   -2.659104e+00 4.139417e+01 1.000000e+00
    endloop
  endfacet
  facet normal 8.229839e-01 -5.680647e-01 -1.652693e-15
    outer loop
      vertex   -2.659104e+00 4.139417e+01 3.000000e+00
      vertex   -2.659104e+00 4.139417e+01 1.000000e+00
      vertex   -2.248268e+00 4.198937e+01 3.000000e+00
    endloop
  endfacet
  facet normal 8.229839e-01 -5.680647e-01 3.654783e-16
    outer loop
      vertex   -2.248268e+00 4.198937e+01 3.000000e+00
      vertex   -2.659104e+00 4.139417e+01 1.000000e+00
      vertex   -2.248268e+00 4.198937e+01 1.000000e+00
    endloop
  endfacet
  facet normal 6.631227e-01 -7.485107e-01 2.944856e-16
    outer loop
      vertex   -2.248268e+00 4.198937e+01 3.000000e+00
      vertex   -2.248268e+00 4.198937e+01 1.000000e+00
      vertex   -1.706930e+00 4.246895e+01 3.000000e+00
    endloop
  endfacet
  facet normal 6.631227e-01 -7.485107e-01 0.000000e+00
    outer loop
      vertex   -1.706930e+00 4.246895e+01 3.000000e+00
      vertex   -2.248268e+00 4.198937e+01 1.000000e+00
      vertex   -1.706930e+00 4.246895e+01 1.000000e+00
    endloop
  endfacet
  facet normal 4.647232e-01 -8.854560e-01 0.000000e+00
    outer loop
      vertex   -1.706930e+00 4.246895e+01 3.000000e+00
      vertex   -1.706930e+00 4.246895e+01 1.000000e+00
      vertex   -1.066551e+00 4.280505e+01 3.000000e+00
    endloop
  endfacet
  facet normal 4.647232e-01 -8.854560e-01 0.000000e+00
    outer loop
      vertex   -1.066551e+00 4.280505e+01 3.000000e+00
      vertex   -1.706930e+00 4.246895e+01 1.000000e+00
      vertex   -1.066551e+00 4.280505e+01 1.000000e+00
    endloop
  endfacet
  facet normal 2.393157e-01 -9.709418e-01 0.000000e+00
    outer loop
      vertex   -1.066551e+00 4.280505e+01 3.000000e+00
      vertex   -1.066551e+00 4.280505e+01 1.000000e+00
      vertex   -3.643462e-01 4.297813e+01 3.000000e+00
    endloop
  endfacet
  facet normal 2.393157e-01 -9.709418e-01 2.324820e-16
    outer loop
      vertex   -3.643462e-01 4.297813e+01 3.000000e+00
      vertex   -1.066551e+00 4.280505e+01 1.000000e+00
      vertex   -3.643462e-01 4.297813e+01 1.000000e+00
    endloop
  endfacet
  facet normal 0.000000e+00 -1.000000e+00 0.000000e+00
    outer loop
      vertex   -3.643462e-01 4.297813e+01 3.000000e+00
      vertex   -3.643462e-01 4.297813e+01 1.000000e+00
      vertex   3.588739e-01 4.297813e+01 3.000000e+00
    endloop
  endfacet
  facet normal 0.000000e+00 -1.000000e+00 -0.000000e+00
    outer loop
      vertex   3.588739e-01 4.297813e+01 3.000000e+00
      vertex   -3.643462e-01 4.297813e+01 1.000000e+00
      vertex   3.588739e-01 4.297813e+01 1.000000e+00
    endloop
  endfacet
  facet normal -2.393157e-01 -9.709418e-01 -1.594163e-16
    outer loop
      vertex   3.588739e-01 4.297813e+01 3.000000e+00
      vertex   3.588739e-01 4.297813e+01 1.000000e+00
      vertex   1.061079e+00 4.280505e+01 3.000000e+00
    endloop
  endfacet
  facet normal -2.393157e-01 -9.709418e-01 -7.970813e-17
    outer loop
      vertex   1.061079e+00 4.280505e+01 3.000000e+00
      vertex   3.588739e-01 4.297813e+01 1.000000e+00
      vertex   1.061079e+00 4.280505e+01 1.000000e+00
    endloop
  endfacet
  facet normal -4.647232e-01 -8.854560e-01 -1.547839e-16
    outer loop
      vertex   1.061079e+00 4.280505e+01 3.000000e+00
      vertex   1.061079e+00 4.280505e+01 1.000000e+00
      vertex   1.701458e+00 4.246895e+01 3.000000e+00
    endloop
  endfacet
  facet normal -4.647232e-01 -8.854560e-01 -0.000000e+00
    outer loop
      vertex   1.701458e+00 4.246895e+01 3.000000e+00
      vertex   1.061079e+00 4.280505e+01 1.000000e+00
      vertex   1.701458e+00 4.246895e+01 1.000000e+00
    endloop
  endfacet
  facet normal -6.631227e-01 -7.485107e-01 -0.000000e+00
    outer loop
      vertex   1.701458e+00 4.246895e+01 3.000000e+00
      vertex   1.701458e+00 4.246895e+01 1.000000e+00
      vertex   2.242796e+00 4.198937e+01 3.000000e+00
    endloop
  endfacet
  facet normal -6.631227e-01 -7.485107e-01 -1.472428e-16
    outer loop
      vertex   2.242796e+00 4.198937e+01 3.000000e+00
      vertex   1.701458e+00 4.246895e+01 1.000000e+00
      vertex   2.242796e+00 4.198937e+01 1.000000e+00
    endloop
  endfacet
  facet normal -8.229839e-01 -5.680647e-01 -1.827391e-16
    outer loop
      vertex   2.242796e+00 4.198937e+01 3.000000e+00
      vertex   2.242796e+00 4.198937e+01 1.000000e+00
      vertex   2.653632e+00 4.139417e+01 3.000000e+00
    endloop
  endfacet
  facet normal -8.229839e-01 -5.680647e-01 -0.000000e+00
    outer loop
      vertex   2.653632e+00 4.139417e+01 3.000000e+00
      vertex   2.242796e+00 4.198937e+01 1.000000e+00
      vertex   2.653632e+00 4.139417e+01 1.000000e+00
    endloop
  endfacet
  facet normal -9.350162e-01 -3.546049e-01 -0.000000e+00
    outer loop
      vertex   2.653632e+00 4.139417e+01 3.000000e+00
      vertex   2.653632e+00 4.139417e+01 1.000000e+00
      vertex   2.910089e+00 4.071795e+01 3.000000e+00
    endloop
  endfacet
  facet normal -9.350162e-01 -3.546049e-01 -0.000000e+00
    outer loop
      vertex   2.910089e+00 4.071795e+01 3.000000e+00
      vertex   2.653632e+00 4.139417e+01 1.000000e+00
      vertex   2.910089e+00 4.071795e+01 1.000000e+00
    endloop
  endfacet
  facet normal -9.927089e-01 -1.205367e-01 -0.000000e+00
    outer loop
      vertex   2.910089e+00 4.071795e+01 3.000000e+00
      vertex   2.910089e+00 4.071795e+01 1.000000e+00
      vertex   2.997264e+00 4.000000e+01 3.000000e+00
    endloop
  endfacet
  facet normal -9.927089e-01 -1.205367e-01 -0.000000e+00
    outer loop
      vertex   2.997264e+00 4.000000e+01 3.000000e+00
      vertex   2.910089e+00 4.071795e+01 1.000000e+00
      vertex   2.997264e+00 4.000000e+01 1.000000e+00
    endloop
  endfacet
  facet normal -9.927089e-01 1.205367e-01 0.000000e+00
    outer loop
      vertex   2.997264e+00 4.000000e+01 3.000000e+00
      vertex   2.997264e+00 4.000000e+01 1.000000e+00
      vertex   2.910089e+00 3.928205e+01 3.000000e+00
    endloop
  endfacet
  facet normal -9.927089e-01 1.205367e-01 0.000000e+00
    outer loop
      vertex   2.910089e+00 3.928205e+01 3.000000e+00
      vertex   2.997264e+00 4.000000e+01 1.000000e+00
      vertex   2.910089e+00 3.928205e+01 1.000000e+00
    endloop
  endfacet
  facet normal -9.350162e-01 3.546049e-01 0.000000e+00
    outer loop
      vertex   2.910089e+00 3.928205e+01 3.000000e+00
      vertex   2.910089e+00 3.928205e+01 1.000000e+00
      vertex   2.653632e+00 3.860583e+01 3.000000e+00
    endloop
  endfacet
  facet normal -9.350162e-01 3.546049e-01 0.000000e+00
    outer loop
      vertex   2.653632e+00 3.860583e+01 3.000000e+00
      vertex   2.910089e+00 3.928205e+01 1.000000e+00
      vertex   2.653632e+00 3.860583e+01 1.000000e+00
    endloop
  endfacet
  facet normal -8.229839e-01 5.680647e-01 0.000000e+00
    outer loop
      vertex   2.653632e+00 3.860583e+01 3.000000e+00
      vertex   2.653632e+00 3.860583e+01 1.000000e+00
      vertex   2.242796e+00 3.801063e+01 3.000000e+00
    endloop
  endfacet
  facet normal -8.229839e-01 5.680647e-01 1.827391e-16
    outer loop
      vertex   2.242796e+00 3.801063e+01 3.000000e+00
      vertex   2.653632e+00 3.860583e+01 1.000000e+00
      vertex   2.242796e+00 3.801063e+01 1.000000e+00
    endloop
  endfacet
  facet normal -6.631227e-01 7.485107e-01 1.472428e-16
    outer loop
      vertex   2.242796e+00 3.801063e+01 3.000000e+00
      vertex   2.242796e+00 3.801063e+01 1.000000e+00
      vertex   1.701458e+00 3.753105e+01 3.000000e+00
    endloop
  endfacet
  facet normal -6.631227e-01 7.485107e-01 0.000000e+00
    outer loop
      vertex   1.701458e+00 3.753105e+01 3.000000e+00
      vertex   2.242796e+00 3.801063e+01 1.000000e+00
      vertex   1.701458e+00 3.753105e+01 1.000000e+00
    endloop
  endfacet
  facet normal -4.647232e-01 8.854560e-01 0.000000e+00
    outer loop
      vertex   1.701458e+00 3.753105e+01 3.000000e+00
      vertex   1.701458e+00 3.753105e+01 1.000000e+00
      vertex   1.061079e+00 3.719495e+01 3.000000e+00
    endloop
  endfacet
  facet normal -4.647232e-01 8.854560e-01 1.547839e-16
    outer loop
      vertex   1.061079e+00 3.719495e+01 3.000000e+00
      vertex   1.701458e+00 3.753105e+01 1.000000e+00
      vertex   1.061079e+00 3.719495e+01 1.000000e+00
    endloop
  endfacet
  facet normal -2.393157e-01 9.709418e-01 7.970813e-17
    outer loop
      vertex   1.061079e+00 3.719495e+01 3.000000e+00
      vertex   1.061079e+00 3.719495e+01 1.000000e+00
      vertex   3.588739e-01 3.702187e+01 3.000000e+00
    endloop
  endfacet
  facet normal -2.393157e-01 9.709418e-01 1.594163e-16
    outer loop
      vertex   3.588739e-01 3.702187e+01 3.000000e+00
      vertex   1.061079e+00 3.719495e+01 1.000000e+00
      vertex   3.588739e-01 3.702187e+01 1.000000e+00
    endloop
  endfacet
  facet normal 0.000000e+00 1.000000e+00 0.000000e+00
    outer loop
      vertex   3.588739e-01 3.702187e+01 3.000000e+00
      vertex   3.588739e-01 3.702187e+01 1.000000e+00
      vertex   -3.643462e-01 3.702187e+01 3.000000e+00
    endloop
  endfacet
  facet normal 0.000000e+00 1.000000e+00 0.000000e+00
    outer loop
      vertex   -3.643462e-01 3.702187e+01 3.000000e+00
      vertex   3.588739e-01 3.702187e+01 1.000000e+00
      vertex   -3.643462e-01 3.702187e+01 1.000000e+00
    endloop
  endfacet
  facet normal 2.393157e-01 9.709418e-01 -2.324820e-16
    outer loop
      vertex   -3.643462e-01 3.702187e+01 3.000000e+00
      vertex   -3.643462e-01 3.702187e+01 1.000000e+00
      vertex   -1.066551e+00 3.719495e+01 3.000000e+00
    endloop
  endfacet
  facet normal 2.393157e-01 9.709418e-01 0.000000e+00
    outer loop
      vertex   -1.066551e+00 3.719495e+01 3.000000e+00
      vertex   -3.643462e-01 3.702187e+01 1.000000e+00
      vertex   -1.066551e+00 3.719495e+01 1.000000e+00
    endloop
  endfacet
  facet normal 4.647232e-01 8.854560e-01 0.000000e+00
    outer loop
      vertex   -1.066551e+00 3.719495e+01 3.000000e+00
      vertex   -1.066551e+00 3.719495e+01 1.000000e+00
      vertex   -1.706930e+00 3.753105e+01 3.000000e+00
    endloop
  endfacet
  facet normal 4.647232e-01 8.854560e-01 0.000000e+00
    outer loop
      vertex   -1.706930e+00 3.753105e+01 3.000000e+00
      vertex   -1.066551e+00 3.719495e+01 1.000000e+00
      vertex   -1.706930e+00 3.753105e+01 1.000000e+00
    endloop
  endfacet
  facet normal 6.631227e-01 7.485107e-01 0.000000e+00
    outer loop
      vertex   -1.706930e+00 3.753105e+01 3.000000e+00
      vertex   -1.706930e+00 3.753105e+01 1.000000e+00
      vertex   -2.248268e+00 3.801063e+01 3.000000e+00
    endloop
  endfacet
  facet normal 6.631227e-01 7.485107e-01 -2.944856e-16
    outer loop
      vertex   -2.248268e+00 3.801063e+01 3.000000e+00
      vertex   -1.706930e+00 3.753105e+01 1.000000e+00
      vertex   -2.248268e+00 3.801063e+01 1.000000e+00
    endloop
  endfacet
  facet normal 8.229839e-01 5.680647e-01 -3.654783e-16
    outer loop
      vertex   -2.248268e+00 3.801063e+01 3.000000e+00
      vertex   -2.248268e+00 3.801063e+01 1.000000e+00
      vertex   -2.659104e+00 3.860583e+01 3.000000e+00
    endloop
  endfacet
  facet normal 8.229839e-01 5.680647e-01 -3.654783e-16
    outer loop
      vertex   -2.659104e+00 3.860583e+01 3.000000e+00
      vertex   -2.248268e+00 3.801063e+01 1.000000e+00
      vertex   -2.659104e+00 3.860583e+01 1.000000e+00
    endloop
  endfacet
  facet normal 9.350162e-01 3.546049e-01 -4.152306e-16
    outer loop
      vertex   -2.659104e+00 3.860583e+01 3.000000e+00
      vertex   -2.659104e+00 3.860583e+01 1.000000e+00
      vertex   -2.915562e+00 3.928205e+01 3.000000e+00
    endloop
  endfacet
  facet normal 9.350162e-01 3.546049e-01 8.445790e-16
    outer loop
      vertex   -2.915562e+00 3.928205e+01 3.000000e+00
      vertex   -2.659104e+00 3.860583e+01 1.000000e+00
      vertex   -2.915562e+00 3.928205e+01 1.000000e+00
    endloop
  endfacet
  facet normal 0.000000e+00 -0.000000e+00 1.000000e+00
    outer loop
      vertex   -2.915562e+00 3.928205e+01 1.000000e+00
      vertex   2.910089e+00 3.928205e+01 1.000000e+00
      vertex   -3.002736e+00 4.000000e+01 1.000000e+00
    endloop
  endfacet
  facet normal -0.000000e+00 0.000000e+00 1.000000e+00
    outer loop
      vertex   -3.002736e+00 4.000000e+01 1.000000e+00
      vertex   2.910089e+00 3.928205e+01 1.000000e+00
      vertex   2.997264e+00 4.000000e+01 1.000000e+00
    endloop
  endfacet
  facet normal 0.000000e+00 0.000000e+00 1.000000e+00
    outer loop
      vertex   -3.002736e+00 4.000000e+01 1.000000e+00
      vertex   2.997264e+00 4.000000e+01 1.000000e+00
      vertex   -2.915562e+00 4.071795e+01 1.000000e+00
    endloop
  endfacet
  facet normal -0.000000e+00 0.000000e+00 1.000000e+00
    outer loop
      vertex   -2.915562e+00 4.071795e+01 1.000000e+00
      vertex   2.997264e+00 4.000000e+01 1.000000e+00
      vertex   2.910089e+00 4.071795e+01 1.000000e+00
    endloop
  endfacet
  facet normal 0.000000e+00 0.000000e+00 1.000000e+00
    outer loop
      vertex   -2.915562e+00 4.071795e+01 1.000000e+00
      vertex   2.910089e+00 4.071795e+01 1.000000e+00
      vertex   -2.659104e+00 4.139417e+01 1.000000e+00
    endloop
  endfacet
  facet normal 0.000000e+00 0.000000e+00 1.000000e+00
    outer loop
      vertex   -2.659104e+00 4.139417e+01 1.000000e+00
      vertex   2.910089e+00 4.071795e+01 1.000000e+00
      vertex   2.653632e+00 4.139417e+01 1.000000e+00
    endloop
  endfacet
  facet normal -0.000000e+00 0.000000e+00 1.000000e+00
    outer loop
      vertex   -2.659104e+00 4.139417e+01 1.000000e+00
      vertex   2.653632e+00 4.139417e+01 1.000000e+00
      vertex   -2.248268e+00 4.198937e+01 1.000000e+00
    endloop
  endfacet
  facet normal -0.000000e+00 0.000000e+00 1.000000e+00
    outer loop
      vertex   -2.248268e+00 4.198937e+01 1.000000e+00
      vertex   2.653632e+00 4.139417e+01 1.000000e+00
      vertex   2.242796e+00 4.198937e+01 1.000000e+00
    endloop
  endfacet
  facet normal 0.000000e+00 0.000000e+00 1.000000e+00
    outer loop
      vertex   -2.248268e+00 4.198937e+01 1.000000e+00
      vertex   2.242796e+00 4.198937e+01 1.000000e+00
      vertex   -1.706930e+00 4.246895e+01 1.000000e+00
    endloop
  endfacet
  facet normal -0.000000e+00 0.000000e+00 1.000000e+00
    outer loop
      vertex   -1.706930e+00 4.246895e+01 1.000000e+00
      vertex   2.242796e+00 4.198937e+01 1.000000e+00
      vertex   1.701458e+00 4.246895e+01 1.000000e+00
    endloop
  endfacet
  facet normal 0.000000e+00 0.000000e+00 1.000000e+00
    outer loop
      vertex   -1.706930e+00 4.246895e+01 1.000000e+00
      vertex   1.701458e+00 4.246895e+01 1.000000e+00
      vertex   -1.066551e+00 4.280505e+01 1.000000e+00
    endloop
  endfacet
  facet normal -0.000000e+00 0.000000e+00 1.000000e+00
    outer loop
      vertex   -1.066551e+00 4.280505e+01 1.000000e+00
      vertex   1.701458e+00 4.246895e+01 1.000000e+00
      vertex   1.061079e+00 4.280505e+01 1.000000e+00
    endloop
  endfacet
  facet normal 0.000000e+00 0.000000e+00 1.000000e+00
    outer loop
      vertex   -1.066551e+00 4.280505e+01 1.000000e+00
      vertex   1.061079e+00 4.280505e+01 1.000000e+00
      vertex   -3.643462e-01 4.297813e+01 1.000000e+00
    endloop
  endfacet
  facet normal -0.000000e+00 0.000000e+00 1.000000e+00
    outer loop
      vertex   -3.643462e-01 4.297813e+01 1.000000e+00
      vertex   1.061079e+00 4.280505e+01 1.000000e+00
      vertex   3.588739e-01 4.297813e+01 1.000000e+00
    endloop
  endfacet
  facet normal 0.000000e+00 0.000000e+00 1.000000e+00
    outer loop
      vertex   2.910089e+00 3.928205e+01 1.000000e+00
      vertex   -2.915562e+00 3.928205e+01 1.000000e+00
      vertex   2.653632e+00 3.860583e+01 1.000000e+00
    endloop
  endfacet
  facet normal 0.000000e+00 0.000000e+00 1.000000e+00
    outer loop
      vertex   2.653632e+00 3.860583e+01 1.000000e+00
      vertex   -2.915562e+00 3.928205e+01 1.000000e+00
      vertex   -2.659104e+00 3.860583e+01 1.000000e+00
    endloop
  endfacet
  facet normal 0.000000e+00 0.000000e+00 1.000000e+00
    outer loop
      vertex   2.653632e+00 3.860583e+01 1.000000e+00
      vertex   -2.659104e+00 3.860583e+01 1.000000e+00
      vertex   2.242796e+00 3.801063e+01 1.000000e+00
    endloop
  endfacet
  facet normal 0.000000e+00 0.000000e+00 1.000000e+00
    outer loop
      vertex   2.242796e+00 3.801063e+01 1.000000e+00
      vertex   -2.659104e+00 3.860583e+01 1.000000e+00
      vertex   -2.248268e+00 3.801063e+01 1.000000e+00
    endloop
  endfacet
  facet normal 0.000000e+00 0.000000e+00 1.000000e+00
    outer loop
      vertex   2.242796e+00 3.801063e+01 1.000000e+00
      vertex   -2.248268e+00 3.801063e+01 1.000000e+00
      vertex   1.701458e+00 3.753105e+01 1.000000e+00
    endloop
  endfacet
  facet normal 0.000000e+00 0.000000e+00 1.000000e+00
    outer loop
      vertex   1.701458e+00 3.753105e+01 1.000000e+00
      vertex   -2.248268e+00 3.801063e+01 1.000000e+00
      vertex   -1.706930e+00 3.753105e+01 1.000000e+00
    endloop
  endfacet
  facet normal 0.000000e+00 0.000000e+00 1.000000e+00
    outer loop
      vertex   1.701458e+00 3.753105e+01 1.000000e+00
      vertex   -1.706930e+00 3.753105e+01 1.000000e+00
      vertex   1.061079e+00 3.719495e+01 1.000000e+00
    endloop
  endfacet
  facet normal 0.000000e+00 0.000000e+00 1.000000e+00
    outer loop
      vertex   1.061079e+00 3.719495e+01 1.000000e+00
      vertex   -1.706930e+00 3.753105e+01 1.000000e+00
      vertex   -1.066551e+00 3.719495e+01 1.000000e+00
    endloop
  endfacet
  facet normal 0.000000e+00 0.000000e+00 1.000000e+00
    outer loop
      vertex   1.061079e+00 3.719495e+01 1.000000e+00
      vertex   -1.066551e+00 3.719495e+01 1.000000e+00
      vertex   3.588739e-01 3.702187e+01 1.000000e+00
    endloop
  endfacet
  facet normal 0.000000e+00 0.000000e+00 1.000000e+00
    outer loop
      vertex   3.588739e-01 3.702187e+01 1.000000e+00
      vertex   -1.066551e+00 3.719495e+01 1.000000e+00
      vertex   -3.643462e-01 3.702187e+01 1.000000e+00
    endloop
  endfacet
  facet normal 0.000000e+00 -1.000000e+00 0.000000e+00
    outer loop
      vertex   -4.000000e+00 4.000000e+00 0.000000e+00
      vertex   4.000000e+00 4.000000e+00 0.000000e+00
      vertex   -4.000000e+00 4.000000e+00 3.000000e+00
    endloop
  endfacet
  facet normal 0.000000e+00 -1.000000e+00 0.000000e+00
    outer loop
      vertex   -4.000000e+00 4.000000e+00 3.000000e+00
      vertex   4.000000e+00 4.000000e+00 0.000000e+00
      vertex   4.000000e+00 4.000000e+00 3.000000e+00
    endloop
  endfacet
  facet normal 1.000000e+00 0.000000e+00 0.000000e+00
    outer loop
      vertex   -4.000000e+00 -4.000000e+00 0.000000e+00
      vertex   -4.000000e+00 4.000000e+00 0.000000e+00
      vertex   -4.000000e+00 -4.000000e+00 3.000000e+00
    endloop
  endfacet
  facet normal 1.000000e+00 -0.000000e+00 0.000000e+00
    outer loop
      vertex   -4.000000e+00 -4.000000e+00 3.000000e+00
      vertex   -4.000000e+00 4.000000e+00 0.000000e+00
      vertex   -4.000000e+00 4.000000e+00 3.000000e+00
    endloop
  endfacet
  facet normal 0.000000e+00 1.000000e+00 -0.000000e+00
    outer loop
      vertex   4.000000e+00 -4.000000e+00 0.000000e+00
      vertex   -4.000000e+00 -4.000000e+00 0.000000e+00
      vertex   4.000000e+00 -4.000000e+00 3.000000e+00
    endloop
  endfacet
  facet normal 0.000000e+00 1.000000e+00 0.000000e+00
    outer loop
      vertex   4.000000e+00 -4.000000e+00 3.000000e+00
      vertex   -4.000000e+00 -4.000000e+00 0.000000e+00
      vertex   -4.000000e+00 -4.000000e+00 3.000000e+00
    endloop
  endfacet
  facet normal -1.000000e+00 0.000000e+00 0.000000e+00
    outer loop
      vertex   4.000000e+00 4.000000e+00 0.000000e+00
      vertex   4.000000e+00 -4.000000e+00 0.000000e+00
      vertex   4.000000e+00 4.000000e+00 3.000000e+00
    endloop
  endfacet
  facet normal -1.000000e+00 -0.000000e+00 0.000000e+00
    outer loop
      vertex   4.000000e+00 4.000000e+00 3.000000e+00
      vertex   4.000000e+00 -4.000000e+00 0.000000e+00
      vertex   4.000000e+00 -4.000000e+00 3.000000e+00
    endloop
  endfacet
endsolid
