ISO-10303-21;
HEADER;
/* Generated by software containing ST-Developer
 * from STEP Tools, Inc. (www.steptools.com) 
 */

FILE_DESCRIPTION(
/* description */ (''),
/* implementation_level */ '2;1');

FILE_NAME(
/* name */ 'wheel_simulator.step',
/* time_stamp */ '2026-09-16T20:02:19+10:00',
/* author */ (''),
/* organization */ (''),
/* preprocessor_version */ 'ST-DEVELOPER v20.2',
/* originating_system */ 'Autodesk Translation Framework v15.15.0.0',
/* authorisation */ '');

FILE_SCHEMA (('AUTOMOTIVE_DESIGN { 1 0 10303 214 3 1 1 }'));
ENDSEC;

DATA;
#10=MECHANICAL_DESIGN_GEOMETRIC_PRESENTATION_REPRESENTATION('',(#25,#26,
#27,#28),#9695);
#11=SHAPE_REPRESENTATION_RELATIONSHIP('SRR','None',#9702,#12);
#12=ADVANCED_BREP_SHAPE_REPRESENTATION('',(#29,#30,#31,#32),#9694);
#13=ELLIPSE('',#6290,0.353553390593269,0.25);
#14=ELLIPSE('',#6291,0.353553390593275,0.25);
#15=ELLIPSE('',#6346,1.4142135623731,1.);
#16=ELLIPSE('',#6347,1.4142135623731,1.);
#17=ELLIPSE('',#6349,1.4142135623731,1.);
#18=ELLIPSE('',#6351,1.4142135623731,1.);
#19=B_SPLINE_CURVE_WITH_KNOTS('',3,(#8054,#8055,#8056,#8057,#8058,#8059,
#8060,#8061,#8062,#8063,#8064,#8065),.UNSPECIFIED.,.F.,.F.,(4,2,2,2,2,4),
(-0.000565581437820649,0.,0.040496339916742,0.0796905449872614,0.118675428359575,
0.157567179996977),.UNSPECIFIED.);
#20=B_SPLINE_CURVE_WITH_KNOTS('',3,(#8077,#8078,#8079,#8080,#8081,#8082,
#8083,#8084,#8085,#8086,#8087,#8088),.UNSPECIFIED.,.F.,.F.,(4,2,2,2,2,4),
(-0.00056558143782052,0.,0.0404963399167606,0.0796905449873037,0.118675428359638,
0.157567179997062),.UNSPECIFIED.);
#21=B_SPLINE_CURVE_WITH_KNOTS('',3,(#9568,#9569,#9570,#9571,#9572,#9573,
#9574,#9575,#9576,#9577,#9578,#9579,#9580,#9581),.UNSPECIFIED.,.F.,.F.,
(4,2,2,2,2,2,4),(-0.966138863550866,-0.965095291315395,-0.841900749309179,
-0.718034298686728,-0.595859951355467,-0.484082459081021,-0.48239512996429),
 .UNSPECIFIED.);
#22=B_SPLINE_CURVE_WITH_KNOTS('',3,(#9584,#9585,#9586,#9587,#9588,#9589,
#9590,#9591,#9592,#9593,#9594,#9595,#9596,#9597),.UNSPECIFIED.,.F.,.F.,
(4,2,2,2,2,2,4),(-0.482385312189182,-0.375555570931641,-0.262411847808363,
-0.13870406910195,-0.069573692660333,0.,0.0010436246984646),
 .UNSPECIFIED.);
#23=B_SPLINE_CURVE_WITH_KNOTS('',3,(#9658,#9659,#9660,#9661,#9662,#9663,
#9664,#9665,#9666,#9667,#9668,#9669),.UNSPECIFIED.,.F.,.F.,(4,2,2,2,2,4),
(-0.000513572016784254,0.,0.0432609932894015,0.0863464619153241,0.126196008746414,
0.162641720626116),.UNSPECIFIED.);
#24=B_SPLINE_CURVE_WITH_KNOTS('',3,(#9671,#9672,#9673,#9674,#9675,#9676,
#9677,#9678,#9679,#9680,#9681,#9682),.UNSPECIFIED.,.F.,.F.,(4,2,2,2,2,4),
(-0.325574701169551,-0.325061343295533,-0.281818388428223,-0.238750885036196,
-0.198917954165236,-0.162487438957445),.UNSPECIFIED.);
#25=STYLED_ITEM('',(#9712),#29);
#26=STYLED_ITEM('',(#9712),#30);
#27=STYLED_ITEM('',(#9712),#31);
#28=STYLED_ITEM('',(#9712),#32);
#29=MANIFOLD_SOLID_BREP('rotor',#5901);
#30=MANIFOLD_SOLID_BREP('rotor_base',#5902);
#31=MANIFOLD_SOLID_BREP('rotor_base_cover',#5903);
#32=MANIFOLD_SOLID_BREP('rotor_shaft_adapter',#5904);
#33=CYLINDRICAL_SURFACE('',#5928,3.);
#34=CYLINDRICAL_SURFACE('',#5931,3.);
#35=CYLINDRICAL_SURFACE('',#5934,3.);
#36=CYLINDRICAL_SURFACE('',#5937,3.);
#37=CYLINDRICAL_SURFACE('',#5944,3.);
#38=CYLINDRICAL_SURFACE('',#5947,2.);
#39=CYLINDRICAL_SURFACE('',#5961,1.);
#40=CYLINDRICAL_SURFACE('',#5970,1.);
#41=CYLINDRICAL_SURFACE('',#5977,5.);
#42=CYLINDRICAL_SURFACE('',#5979,5.);
#43=CYLINDRICAL_SURFACE('',#5982,5.);
#44=CYLINDRICAL_SURFACE('',#5985,5.);
#45=CYLINDRICAL_SURFACE('',#5988,2.);
#46=CYLINDRICAL_SURFACE('',#6172,2.);
#47=CYLINDRICAL_SURFACE('',#6180,2.);
#48=CYLINDRICAL_SURFACE('',#6183,2.);
#49=CYLINDRICAL_SURFACE('',#6186,2.);
#50=CYLINDRICAL_SURFACE('',#6188,1.);
#51=CYLINDRICAL_SURFACE('',#6191,3.);
#52=CYLINDRICAL_SURFACE('',#6207,1.);
#53=CYLINDRICAL_SURFACE('',#6210,3.);
#54=CYLINDRICAL_SURFACE('',#6219,0.999999999999996);
#55=CYLINDRICAL_SURFACE('',#6221,3.);
#56=CYLINDRICAL_SURFACE('',#6224,3.);
#57=CYLINDRICAL_SURFACE('',#6227,3.00000000000001);
#58=CYLINDRICAL_SURFACE('',#6231,0.999999999999996);
#59=CYLINDRICAL_SURFACE('',#6240,3.75);
#60=CYLINDRICAL_SURFACE('',#6243,3.5);
#61=CYLINDRICAL_SURFACE('',#6247,3.5);
#62=CYLINDRICAL_SURFACE('',#6254,3.);
#63=CYLINDRICAL_SURFACE('',#6257,3.);
#64=CYLINDRICAL_SURFACE('',#6263,3.);
#65=CYLINDRICAL_SURFACE('',#6266,3.5);
#66=CYLINDRICAL_SURFACE('',#6267,3.5);
#67=CYLINDRICAL_SURFACE('',#6271,5.);
#68=CYLINDRICAL_SURFACE('',#6273,5.);
#69=CYLINDRICAL_SURFACE('',#6275,1.5);
#70=CYLINDRICAL_SURFACE('',#6277,1.49999999999999);
#71=CYLINDRICAL_SURFACE('',#6289,0.25);
#72=CYLINDRICAL_SURFACE('',#6292,0.25);
#73=CYLINDRICAL_SURFACE('',#6298,0.25);
#74=CYLINDRICAL_SURFACE('',#6304,0.25);
#75=CYLINDRICAL_SURFACE('',#6305,3.);
#76=CYLINDRICAL_SURFACE('',#6311,3.);
#77=CYLINDRICAL_SURFACE('',#6315,2.);
#78=CYLINDRICAL_SURFACE('',#6319,5.);
#79=CYLINDRICAL_SURFACE('',#6323,5.);
#80=CYLINDRICAL_SURFACE('',#6327,2.);
#81=CYLINDRICAL_SURFACE('',#6335,3.);
#82=CYLINDRICAL_SURFACE('',#6336,1.5);
#83=CYLINDRICAL_SURFACE('',#6343,10.);
#84=CYLINDRICAL_SURFACE('',#6345,1.);
#85=CYLINDRICAL_SURFACE('',#6348,1.);
#86=CYLINDRICAL_SURFACE('',#6350,1.);
#87=CYLINDRICAL_SURFACE('',#6352,1.);
#88=CYLINDRICAL_SURFACE('',#6357,1.);
#89=TOROIDAL_SURFACE('',#5920,48.5,1.5);
#90=TOROIDAL_SURFACE('',#5957,4.,1.);
#91=TOROIDAL_SURFACE('',#5963,4.,1.);
#92=TOROIDAL_SURFACE('',#5966,4.,1.);
#93=TOROIDAL_SURFACE('',#5972,4.,1.);
#94=TOROIDAL_SURFACE('',#6294,2.75,0.25);
#95=TOROIDAL_SURFACE('',#6300,2.75,0.25);
#96=TOROIDAL_SURFACE('',#6332,4.5,3.);
#97=TOROIDAL_SURFACE('',#6340,9.,1.);
#98=TOROIDAL_SURFACE('',#6358,2.5,1.);
#99=FACE_BOUND('',#1847,.T.);
#100=FACE_BOUND('',#1850,.T.);
#101=FACE_BOUND('',#1851,.T.);
#102=FACE_BOUND('',#1852,.T.);
#103=FACE_BOUND('',#1853,.T.);
#104=FACE_BOUND('',#1854,.T.);
#105=FACE_BOUND('',#1871,.T.);
#106=FACE_BOUND('',#1872,.T.);
#107=FACE_BOUND('',#1880,.T.);
#108=FACE_BOUND('',#1881,.T.);
#109=FACE_BOUND('',#1882,.T.);
#110=FACE_BOUND('',#1883,.T.);
#111=FACE_BOUND('',#1884,.T.);
#112=FACE_BOUND('',#1885,.T.);
#113=FACE_BOUND('',#1886,.T.);
#114=FACE_BOUND('',#1887,.T.);
#115=FACE_BOUND('',#1888,.T.);
#116=FACE_BOUND('',#1889,.T.);
#117=FACE_BOUND('',#1890,.T.);
#118=FACE_BOUND('',#1891,.T.);
#119=FACE_BOUND('',#1892,.T.);
#120=FACE_BOUND('',#1893,.T.);
#121=FACE_BOUND('',#1894,.T.);
#122=FACE_BOUND('',#1895,.T.);
#123=FACE_BOUND('',#1896,.T.);
#124=FACE_BOUND('',#1897,.T.);
#125=FACE_BOUND('',#1932,.T.);
#126=FACE_BOUND('',#2005,.T.);
#127=FACE_BOUND('',#2029,.T.);
#128=FACE_BOUND('',#2094,.T.);
#129=FACE_BOUND('',#2103,.T.);
#130=FACE_BOUND('',#2105,.T.);
#131=FACE_BOUND('',#2106,.T.);
#132=FACE_BOUND('',#2107,.T.);
#133=FACE_BOUND('',#2111,.T.);
#134=FACE_BOUND('',#2114,.T.);
#135=FACE_BOUND('',#2118,.T.);
#136=FACE_BOUND('',#2124,.T.);
#137=FACE_BOUND('',#2126,.T.);
#138=FACE_BOUND('',#2132,.T.);
#139=FACE_BOUND('',#2145,.T.);
#140=FACE_BOUND('',#2162,.T.);
#141=FACE_BOUND('',#2164,.T.);
#142=FACE_BOUND('',#2166,.T.);
#143=FACE_BOUND('',#2197,.T.);
#144=FACE_BOUND('',#2207,.T.);
#145=FACE_BOUND('',#2212,.T.);
#146=LINE('',#7950,#835);
#147=LINE('',#7952,#836);
#148=LINE('',#7954,#837);
#149=LINE('',#7955,#838);
#150=LINE('',#7971,#839);
#151=LINE('',#7973,#840);
#152=LINE('',#7975,#841);
#153=LINE('',#7976,#842);
#154=LINE('',#7980,#843);
#155=LINE('',#7985,#844);
#156=LINE('',#7990,#845);
#157=LINE('',#7995,#846);
#158=LINE('',#7998,#847);
#159=LINE('',#7999,#848);
#160=LINE('',#8001,#849);
#161=LINE('',#8003,#850);
#162=LINE('',#8009,#851);
#163=LINE('',#8016,#852);
#164=LINE('',#8019,#853);
#165=LINE('',#8022,#854);
#166=LINE('',#8024,#855);
#167=LINE('',#8026,#856);
#168=LINE('',#8028,#857);
#169=LINE('',#8029,#858);
#170=LINE('',#8032,#859);
#171=LINE('',#8036,#860);
#172=LINE('',#8040,#861);
#173=LINE('',#8070,#862);
#174=LINE('',#8071,#863);
#175=LINE('',#8099,#864);
#176=LINE('',#8100,#865);
#177=LINE('',#8106,#866);
#178=LINE('',#8108,#867);
#179=LINE('',#8110,#868);
#180=LINE('',#8112,#869);
#181=LINE('',#8114,#870);
#182=LINE('',#8116,#871);
#183=LINE('',#8118,#872);
#184=LINE('',#8119,#873);
#185=LINE('',#8122,#874);
#186=LINE('',#8124,#875);
#187=LINE('',#8126,#876);
#188=LINE('',#8128,#877);
#189=LINE('',#8130,#878);
#190=LINE('',#8132,#879);
#191=LINE('',#8134,#880);
#192=LINE('',#8136,#881);
#193=LINE('',#8138,#882);
#194=LINE('',#8140,#883);
#195=LINE('',#8142,#884);
#196=LINE('',#8144,#885);
#197=LINE('',#8145,#886);
#198=LINE('',#8148,#887);
#199=LINE('',#8150,#888);
#200=LINE('',#8152,#889);
#201=LINE('',#8153,#890);
#202=LINE('',#8156,#891);
#203=LINE('',#8158,#892);
#204=LINE('',#8160,#893);
#205=LINE('',#8161,#894);
#206=LINE('',#8164,#895);
#207=LINE('',#8166,#896);
#208=LINE('',#8168,#897);
#209=LINE('',#8169,#898);
#210=LINE('',#8172,#899);
#211=LINE('',#8174,#900);
#212=LINE('',#8176,#901);
#213=LINE('',#8177,#902);
#214=LINE('',#8180,#903);
#215=LINE('',#8182,#904);
#216=LINE('',#8184,#905);
#217=LINE('',#8185,#906);
#218=LINE('',#8188,#907);
#219=LINE('',#8190,#908);
#220=LINE('',#8192,#909);
#221=LINE('',#8194,#910);
#222=LINE('',#8196,#911);
#223=LINE('',#8198,#912);
#224=LINE('',#8200,#913);
#225=LINE('',#8202,#914);
#226=LINE('',#8204,#915);
#227=LINE('',#8206,#916);
#228=LINE('',#8208,#917);
#229=LINE('',#8210,#918);
#230=LINE('',#8212,#919);
#231=LINE('',#8214,#920);
#232=LINE('',#8216,#921);
#233=LINE('',#8218,#922);
#234=LINE('',#8220,#923);
#235=LINE('',#8222,#924);
#236=LINE('',#8224,#925);
#237=LINE('',#8226,#926);
#238=LINE('',#8228,#927);
#239=LINE('',#8230,#928);
#240=LINE('',#8232,#929);
#241=LINE('',#8234,#930);
#242=LINE('',#8236,#931);
#243=LINE('',#8238,#932);
#244=LINE('',#8240,#933);
#245=LINE('',#8242,#934);
#246=LINE('',#8244,#935);
#247=LINE('',#8246,#936);
#248=LINE('',#8248,#937);
#249=LINE('',#8250,#938);
#250=LINE('',#8252,#939);
#251=LINE('',#8254,#940);
#252=LINE('',#8256,#941);
#253=LINE('',#8257,#942);
#254=LINE('',#8260,#943);
#255=LINE('',#8262,#944);
#256=LINE('',#8264,#945);
#257=LINE('',#8266,#946);
#258=LINE('',#8268,#947);
#259=LINE('',#8270,#948);
#260=LINE('',#8272,#949);
#261=LINE('',#8274,#950);
#262=LINE('',#8276,#951);
#263=LINE('',#8277,#952);
#264=LINE('',#8280,#953);
#265=LINE('',#8282,#954);
#266=LINE('',#8284,#955);
#267=LINE('',#8286,#956);
#268=LINE('',#8288,#957);
#269=LINE('',#8289,#958);
#270=LINE('',#8292,#959);
#271=LINE('',#8294,#960);
#272=LINE('',#8296,#961);
#273=LINE('',#8297,#962);
#274=LINE('',#8300,#963);
#275=LINE('',#8302,#964);
#276=LINE('',#8304,#965);
#277=LINE('',#8305,#966);
#278=LINE('',#8308,#967);
#279=LINE('',#8310,#968);
#280=LINE('',#8312,#969);
#281=LINE('',#8313,#970);
#282=LINE('',#8316,#971);
#283=LINE('',#8318,#972);
#284=LINE('',#8320,#973);
#285=LINE('',#8321,#974);
#286=LINE('',#8324,#975);
#287=LINE('',#8326,#976);
#288=LINE('',#8328,#977);
#289=LINE('',#8329,#978);
#290=LINE('',#8332,#979);
#291=LINE('',#8334,#980);
#292=LINE('',#8336,#981);
#293=LINE('',#8337,#982);
#294=LINE('',#8340,#983);
#295=LINE('',#8342,#984);
#296=LINE('',#8344,#985);
#297=LINE('',#8346,#986);
#298=LINE('',#8348,#987);
#299=LINE('',#8349,#988);
#300=LINE('',#8352,#989);
#301=LINE('',#8354,#990);
#302=LINE('',#8356,#991);
#303=LINE('',#8358,#992);
#304=LINE('',#8360,#993);
#305=LINE('',#8362,#994);
#306=LINE('',#8364,#995);
#307=LINE('',#8366,#996);
#308=LINE('',#8368,#997);
#309=LINE('',#8370,#998);
#310=LINE('',#8372,#999);
#311=LINE('',#8374,#1000);
#312=LINE('',#8375,#1001);
#313=LINE('',#8380,#1002);
#314=LINE('',#8382,#1003);
#315=LINE('',#8384,#1004);
#316=LINE('',#8387,#1005);
#317=LINE('',#8392,#1006);
#318=LINE('',#8396,#1007);
#319=LINE('',#8397,#1008);
#320=LINE('',#8400,#1009);
#321=LINE('',#8403,#1010);
#322=LINE('',#8405,#1011);
#323=LINE('',#8406,#1012);
#324=LINE('',#8409,#1013);
#325=LINE('',#8414,#1014);
#326=LINE('',#8416,#1015);
#327=LINE('',#8418,#1016);
#328=LINE('',#8419,#1017);
#329=LINE('',#8422,#1018);
#330=LINE('',#8424,#1019);
#331=LINE('',#8425,#1020);
#332=LINE('',#8428,#1021);
#333=LINE('',#8430,#1022);
#334=LINE('',#8431,#1023);
#335=LINE('',#8434,#1024);
#336=LINE('',#8436,#1025);
#337=LINE('',#8437,#1026);
#338=LINE('',#8440,#1027);
#339=LINE('',#8442,#1028);
#340=LINE('',#8443,#1029);
#341=LINE('',#8446,#1030);
#342=LINE('',#8448,#1031);
#343=LINE('',#8449,#1032);
#344=LINE('',#8452,#1033);
#345=LINE('',#8454,#1034);
#346=LINE('',#8455,#1035);
#347=LINE('',#8458,#1036);
#348=LINE('',#8460,#1037);
#349=LINE('',#8461,#1038);
#350=LINE('',#8464,#1039);
#351=LINE('',#8466,#1040);
#352=LINE('',#8467,#1041);
#353=LINE('',#8470,#1042);
#354=LINE('',#8472,#1043);
#355=LINE('',#8473,#1044);
#356=LINE('',#8476,#1045);
#357=LINE('',#8478,#1046);
#358=LINE('',#8479,#1047);
#359=LINE('',#8481,#1048);
#360=LINE('',#8482,#1049);
#361=LINE('',#8485,#1050);
#362=LINE('',#8487,#1051);
#363=LINE('',#8488,#1052);
#364=LINE('',#8491,#1053);
#365=LINE('',#8492,#1054);
#366=LINE('',#8495,#1055);
#367=LINE('',#8496,#1056);
#368=LINE('',#8499,#1057);
#369=LINE('',#8500,#1058);
#370=LINE('',#8503,#1059);
#371=LINE('',#8504,#1060);
#372=LINE('',#8507,#1061);
#373=LINE('',#8508,#1062);
#374=LINE('',#8511,#1063);
#375=LINE('',#8512,#1064);
#376=LINE('',#8515,#1065);
#377=LINE('',#8516,#1066);
#378=LINE('',#8519,#1067);
#379=LINE('',#8520,#1068);
#380=LINE('',#8523,#1069);
#381=LINE('',#8524,#1070);
#382=LINE('',#8527,#1071);
#383=LINE('',#8528,#1072);
#384=LINE('',#8531,#1073);
#385=LINE('',#8532,#1074);
#386=LINE('',#8534,#1075);
#387=LINE('',#8538,#1076);
#388=LINE('',#8540,#1077);
#389=LINE('',#8541,#1078);
#390=LINE('',#8544,#1079);
#391=LINE('',#8545,#1080);
#392=LINE('',#8548,#1081);
#393=LINE('',#8549,#1082);
#394=LINE('',#8551,#1083);
#395=LINE('',#8555,#1084);
#396=LINE('',#8557,#1085);
#397=LINE('',#8558,#1086);
#398=LINE('',#8561,#1087);
#399=LINE('',#8562,#1088);
#400=LINE('',#8565,#1089);
#401=LINE('',#8566,#1090);
#402=LINE('',#8569,#1091);
#403=LINE('',#8570,#1092);
#404=LINE('',#8572,#1093);
#405=LINE('',#8576,#1094);
#406=LINE('',#8578,#1095);
#407=LINE('',#8579,#1096);
#408=LINE('',#8582,#1097);
#409=LINE('',#8583,#1098);
#410=LINE('',#8586,#1099);
#411=LINE('',#8587,#1100);
#412=LINE('',#8589,#1101);
#413=LINE('',#8593,#1102);
#414=LINE('',#8595,#1103);
#415=LINE('',#8596,#1104);
#416=LINE('',#8599,#1105);
#417=LINE('',#8600,#1106);
#418=LINE('',#8603,#1107);
#419=LINE('',#8604,#1108);
#420=LINE('',#8606,#1109);
#421=LINE('',#8610,#1110);
#422=LINE('',#8612,#1111);
#423=LINE('',#8613,#1112);
#424=LINE('',#8616,#1113);
#425=LINE('',#8617,#1114);
#426=LINE('',#8620,#1115);
#427=LINE('',#8621,#1116);
#428=LINE('',#8623,#1117);
#429=LINE('',#8627,#1118);
#430=LINE('',#8629,#1119);
#431=LINE('',#8630,#1120);
#432=LINE('',#8633,#1121);
#433=LINE('',#8634,#1122);
#434=LINE('',#8637,#1123);
#435=LINE('',#8638,#1124);
#436=LINE('',#8640,#1125);
#437=LINE('',#8645,#1126);
#438=LINE('',#8647,#1127);
#439=LINE('',#8649,#1128);
#440=LINE('',#8650,#1129);
#441=LINE('',#8653,#1130);
#442=LINE('',#8655,#1131);
#443=LINE('',#8656,#1132);
#444=LINE('',#8659,#1133);
#445=LINE('',#8661,#1134);
#446=LINE('',#8662,#1135);
#447=LINE('',#8664,#1136);
#448=LINE('',#8665,#1137);
#449=LINE('',#8668,#1138);
#450=LINE('',#8670,#1139);
#451=LINE('',#8671,#1140);
#452=LINE('',#8674,#1141);
#453=LINE('',#8675,#1142);
#454=LINE('',#8678,#1143);
#455=LINE('',#8679,#1144);
#456=LINE('',#8682,#1145);
#457=LINE('',#8683,#1146);
#458=LINE('',#8686,#1147);
#459=LINE('',#8687,#1148);
#460=LINE('',#8690,#1149);
#461=LINE('',#8691,#1150);
#462=LINE('',#8694,#1151);
#463=LINE('',#8695,#1152);
#464=LINE('',#8698,#1153);
#465=LINE('',#8699,#1154);
#466=LINE('',#8702,#1155);
#467=LINE('',#8703,#1156);
#468=LINE('',#8706,#1157);
#469=LINE('',#8707,#1158);
#470=LINE('',#8710,#1159);
#471=LINE('',#8711,#1160);
#472=LINE('',#8714,#1161);
#473=LINE('',#8715,#1162);
#474=LINE('',#8718,#1163);
#475=LINE('',#8719,#1164);
#476=LINE('',#8722,#1165);
#477=LINE('',#8723,#1166);
#478=LINE('',#8726,#1167);
#479=LINE('',#8727,#1168);
#480=LINE('',#8730,#1169);
#481=LINE('',#8731,#1170);
#482=LINE('',#8734,#1171);
#483=LINE('',#8735,#1172);
#484=LINE('',#8738,#1173);
#485=LINE('',#8739,#1174);
#486=LINE('',#8742,#1175);
#487=LINE('',#8743,#1176);
#488=LINE('',#8746,#1177);
#489=LINE('',#8747,#1178);
#490=LINE('',#8750,#1179);
#491=LINE('',#8751,#1180);
#492=LINE('',#8754,#1181);
#493=LINE('',#8755,#1182);
#494=LINE('',#8758,#1183);
#495=LINE('',#8759,#1184);
#496=LINE('',#8762,#1185);
#497=LINE('',#8763,#1186);
#498=LINE('',#8766,#1187);
#499=LINE('',#8767,#1188);
#500=LINE('',#8770,#1189);
#501=LINE('',#8771,#1190);
#502=LINE('',#8774,#1191);
#503=LINE('',#8775,#1192);
#504=LINE('',#8778,#1193);
#505=LINE('',#8779,#1194);
#506=LINE('',#8782,#1195);
#507=LINE('',#8783,#1196);
#508=LINE('',#8786,#1197);
#509=LINE('',#8787,#1198);
#510=LINE('',#8790,#1199);
#511=LINE('',#8791,#1200);
#512=LINE('',#8794,#1201);
#513=LINE('',#8795,#1202);
#514=LINE('',#8798,#1203);
#515=LINE('',#8799,#1204);
#516=LINE('',#8802,#1205);
#517=LINE('',#8803,#1206);
#518=LINE('',#8806,#1207);
#519=LINE('',#8807,#1208);
#520=LINE('',#8809,#1209);
#521=LINE('',#8814,#1210);
#522=LINE('',#8816,#1211);
#523=LINE('',#8818,#1212);
#524=LINE('',#8819,#1213);
#525=LINE('',#8822,#1214);
#526=LINE('',#8824,#1215);
#527=LINE('',#8825,#1216);
#528=LINE('',#8828,#1217);
#529=LINE('',#8830,#1218);
#530=LINE('',#8831,#1219);
#531=LINE('',#8834,#1220);
#532=LINE('',#8836,#1221);
#533=LINE('',#8837,#1222);
#534=LINE('',#8840,#1223);
#535=LINE('',#8842,#1224);
#536=LINE('',#8843,#1225);
#537=LINE('',#8846,#1226);
#538=LINE('',#8848,#1227);
#539=LINE('',#8849,#1228);
#540=LINE('',#8852,#1229);
#541=LINE('',#8854,#1230);
#542=LINE('',#8855,#1231);
#543=LINE('',#8858,#1232);
#544=LINE('',#8860,#1233);
#545=LINE('',#8861,#1234);
#546=LINE('',#8864,#1235);
#547=LINE('',#8866,#1236);
#548=LINE('',#8867,#1237);
#549=LINE('',#8870,#1238);
#550=LINE('',#8872,#1239);
#551=LINE('',#8873,#1240);
#552=LINE('',#8876,#1241);
#553=LINE('',#8878,#1242);
#554=LINE('',#8879,#1243);
#555=LINE('',#8881,#1244);
#556=LINE('',#8882,#1245);
#557=LINE('',#8885,#1246);
#558=LINE('',#8887,#1247);
#559=LINE('',#8888,#1248);
#560=LINE('',#8891,#1249);
#561=LINE('',#8892,#1250);
#562=LINE('',#8895,#1251);
#563=LINE('',#8896,#1252);
#564=LINE('',#8899,#1253);
#565=LINE('',#8900,#1254);
#566=LINE('',#8903,#1255);
#567=LINE('',#8904,#1256);
#568=LINE('',#8907,#1257);
#569=LINE('',#8908,#1258);
#570=LINE('',#8911,#1259);
#571=LINE('',#8912,#1260);
#572=LINE('',#8915,#1261);
#573=LINE('',#8916,#1262);
#574=LINE('',#8919,#1263);
#575=LINE('',#8920,#1264);
#576=LINE('',#8922,#1265);
#577=LINE('',#8926,#1266);
#578=LINE('',#8928,#1267);
#579=LINE('',#8929,#1268);
#580=LINE('',#8932,#1269);
#581=LINE('',#8933,#1270);
#582=LINE('',#8936,#1271);
#583=LINE('',#8937,#1272);
#584=LINE('',#8940,#1273);
#585=LINE('',#8941,#1274);
#586=LINE('',#8944,#1275);
#587=LINE('',#8945,#1276);
#588=LINE('',#8947,#1277);
#589=LINE('',#8951,#1278);
#590=LINE('',#8953,#1279);
#591=LINE('',#8954,#1280);
#592=LINE('',#8957,#1281);
#593=LINE('',#8958,#1282);
#594=LINE('',#8961,#1283);
#595=LINE('',#8962,#1284);
#596=LINE('',#8964,#1285);
#597=LINE('',#8968,#1286);
#598=LINE('',#8970,#1287);
#599=LINE('',#8971,#1288);
#600=LINE('',#8974,#1289);
#601=LINE('',#8975,#1290);
#602=LINE('',#8978,#1291);
#603=LINE('',#8979,#1292);
#604=LINE('',#8981,#1293);
#605=LINE('',#8985,#1294);
#606=LINE('',#8987,#1295);
#607=LINE('',#8988,#1296);
#608=LINE('',#8991,#1297);
#609=LINE('',#8992,#1298);
#610=LINE('',#8995,#1299);
#611=LINE('',#8996,#1300);
#612=LINE('',#8998,#1301);
#613=LINE('',#9002,#1302);
#614=LINE('',#9004,#1303);
#615=LINE('',#9005,#1304);
#616=LINE('',#9008,#1305);
#617=LINE('',#9009,#1306);
#618=LINE('',#9012,#1307);
#619=LINE('',#9013,#1308);
#620=LINE('',#9015,#1309);
#621=LINE('',#9019,#1310);
#622=LINE('',#9021,#1311);
#623=LINE('',#9022,#1312);
#624=LINE('',#9025,#1313);
#625=LINE('',#9026,#1314);
#626=LINE('',#9029,#1315);
#627=LINE('',#9030,#1316);
#628=LINE('',#9032,#1317);
#629=LINE('',#9036,#1318);
#630=LINE('',#9038,#1319);
#631=LINE('',#9039,#1320);
#632=LINE('',#9042,#1321);
#633=LINE('',#9043,#1322);
#634=LINE('',#9046,#1323);
#635=LINE('',#9047,#1324);
#636=LINE('',#9049,#1325);
#637=LINE('',#9053,#1326);
#638=LINE('',#9055,#1327);
#639=LINE('',#9056,#1328);
#640=LINE('',#9059,#1329);
#641=LINE('',#9060,#1330);
#642=LINE('',#9063,#1331);
#643=LINE('',#9064,#1332);
#644=LINE('',#9067,#1333);
#645=LINE('',#9068,#1334);
#646=LINE('',#9071,#1335);
#647=LINE('',#9072,#1336);
#648=LINE('',#9074,#1337);
#649=LINE('',#9078,#1338);
#650=LINE('',#9080,#1339);
#651=LINE('',#9081,#1340);
#652=LINE('',#9084,#1341);
#653=LINE('',#9085,#1342);
#654=LINE('',#9088,#1343);
#655=LINE('',#9089,#1344);
#656=LINE('',#9092,#1345);
#657=LINE('',#9093,#1346);
#658=LINE('',#9096,#1347);
#659=LINE('',#9097,#1348);
#660=LINE('',#9100,#1349);
#661=LINE('',#9101,#1350);
#662=LINE('',#9104,#1351);
#663=LINE('',#9105,#1352);
#664=LINE('',#9108,#1353);
#665=LINE('',#9109,#1354);
#666=LINE('',#9112,#1355);
#667=LINE('',#9113,#1356);
#668=LINE('',#9116,#1357);
#669=LINE('',#9117,#1358);
#670=LINE('',#9120,#1359);
#671=LINE('',#9121,#1360);
#672=LINE('',#9124,#1361);
#673=LINE('',#9125,#1362);
#674=LINE('',#9127,#1363);
#675=LINE('',#9137,#1364);
#676=LINE('',#9140,#1365);
#677=LINE('',#9143,#1366);
#678=LINE('',#9145,#1367);
#679=LINE('',#9146,#1368);
#680=LINE('',#9149,#1369);
#681=LINE('',#9153,#1370);
#682=LINE('',#9157,#1371);
#683=LINE('',#9161,#1372);
#684=LINE('',#9163,#1373);
#685=LINE('',#9165,#1374);
#686=LINE('',#9166,#1375);
#687=LINE('',#9169,#1376);
#688=LINE('',#9173,#1377);
#689=LINE('',#9174,#1378);
#690=LINE('',#9177,#1379);
#691=LINE('',#9180,#1380);
#692=LINE('',#9183,#1381);
#693=LINE('',#9184,#1382);
#694=LINE('',#9191,#1383);
#695=LINE('',#9197,#1384);
#696=LINE('',#9205,#1385);
#697=LINE('',#9213,#1386);
#698=LINE('',#9215,#1387);
#699=LINE('',#9219,#1388);
#700=LINE('',#9223,#1389);
#701=LINE('',#9227,#1390);
#702=LINE('',#9231,#1391);
#703=LINE('',#9233,#1392);
#704=LINE('',#9239,#1393);
#705=LINE('',#9244,#1394);
#706=LINE('',#9249,#1395);
#707=LINE('',#9257,#1396);
#708=LINE('',#9266,#1397);
#709=LINE('',#9270,#1398);
#710=LINE('',#9271,#1399);
#711=LINE('',#9272,#1400);
#712=LINE('',#9276,#1401);
#713=LINE('',#9279,#1402);
#714=LINE('',#9285,#1403);
#715=LINE('',#9288,#1404);
#716=LINE('',#9290,#1405);
#717=LINE('',#9296,#1406);
#718=LINE('',#9301,#1407);
#719=LINE('',#9305,#1408);
#720=LINE('',#9306,#1409);
#721=LINE('',#9309,#1410);
#722=LINE('',#9311,#1411);
#723=LINE('',#9312,#1412);
#724=LINE('',#9315,#1413);
#725=LINE('',#9316,#1414);
#726=LINE('',#9319,#1415);
#727=LINE('',#9323,#1416);
#728=LINE('',#9325,#1417);
#729=LINE('',#9326,#1418);
#730=LINE('',#9328,#1419);
#731=LINE('',#9330,#1420);
#732=LINE('',#9332,#1421);
#733=LINE('',#9334,#1422);
#734=LINE('',#9336,#1423);
#735=LINE('',#9338,#1424);
#736=LINE('',#9339,#1425);
#737=LINE('',#9343,#1426);
#738=LINE('',#9346,#1427);
#739=LINE('',#9347,#1428);
#740=LINE('',#9350,#1429);
#741=LINE('',#9352,#1430);
#742=LINE('',#9353,#1431);
#743=LINE('',#9357,#1432);
#744=LINE('',#9360,#1433);
#745=LINE('',#9361,#1434);
#746=LINE('',#9363,#1435);
#747=LINE('',#9369,#1436);
#748=LINE('',#9373,#1437);
#749=LINE('',#9378,#1438);
#750=LINE('',#9381,#1439);
#751=LINE('',#9384,#1440);
#752=LINE('',#9385,#1441);
#753=LINE('',#9388,#1442);
#754=LINE('',#9389,#1443);
#755=LINE('',#9393,#1444);
#756=LINE('',#9395,#1445);
#757=LINE('',#9402,#1446);
#758=LINE('',#9403,#1447);
#759=LINE('',#9405,#1448);
#760=LINE('',#9411,#1449);
#761=LINE('',#9415,#1450);
#762=LINE('',#9421,#1451);
#763=LINE('',#9422,#1452);
#764=LINE('',#9424,#1453);
#765=LINE('',#9426,#1454);
#766=LINE('',#9432,#1455);
#767=LINE('',#9434,#1456);
#768=LINE('',#9436,#1457);
#769=LINE('',#9437,#1458);
#770=LINE('',#9441,#1459);
#771=LINE('',#9443,#1460);
#772=LINE('',#9445,#1461);
#773=LINE('',#9446,#1462);
#774=LINE('',#9448,#1463);
#775=LINE('',#9449,#1464);
#776=LINE('',#9453,#1465);
#777=LINE('',#9457,#1466);
#778=LINE('',#9461,#1467);
#779=LINE('',#9464,#1468);
#780=LINE('',#9475,#1469);
#781=LINE('',#9476,#1470);
#782=LINE('',#9484,#1471);
#783=LINE('',#9485,#1472);
#784=LINE('',#9488,#1473);
#785=LINE('',#9491,#1474);
#786=LINE('',#9494,#1475);
#787=LINE('',#9495,#1476);
#788=LINE('',#9498,#1477);
#789=LINE('',#9499,#1478);
#790=LINE('',#9500,#1479);
#791=LINE('',#9504,#1480);
#792=LINE('',#9505,#1481);
#793=LINE('',#9509,#1482);
#794=LINE('',#9511,#1483);
#795=LINE('',#9514,#1484);
#796=LINE('',#9516,#1485);
#797=LINE('',#9518,#1486);
#798=LINE('',#9520,#1487);
#799=LINE('',#9521,#1488);
#800=LINE('',#9527,#1489);
#801=LINE('',#9530,#1490);
#802=LINE('',#9532,#1491);
#803=LINE('',#9533,#1492);
#804=LINE('',#9539,#1493);
#805=LINE('',#9542,#1494);
#806=LINE('',#9544,#1495);
#807=LINE('',#9545,#1496);
#808=LINE('',#9551,#1497);
#809=LINE('',#9554,#1498);
#810=LINE('',#9556,#1499);
#811=LINE('',#9557,#1500);
#812=LINE('',#9599,#1501);
#813=LINE('',#9600,#1502);
#814=LINE('',#9603,#1503);
#815=LINE('',#9606,#1504);
#816=LINE('',#9617,#1505);
#817=LINE('',#9621,#1506);
#818=LINE('',#9625,#1507);
#819=LINE('',#9629,#1508);
#820=LINE('',#9632,#1509);
#821=LINE('',#9635,#1510);
#822=LINE('',#9638,#1511);
#823=LINE('',#9640,#1512);
#824=LINE('',#9641,#1513);
#825=LINE('',#9644,#1514);
#826=LINE('',#9646,#1515);
#827=LINE('',#9647,#1516);
#828=LINE('',#9650,#1517);
#829=LINE('',#9651,#1518);
#830=LINE('',#9655,#1519);
#831=LINE('',#9670,#1520);
#832=LINE('',#9687,#1521);
#833=LINE('',#9688,#1522);
#834=LINE('',#9690,#1523);
#835=VECTOR('',#6369,10.);
#836=VECTOR('',#6370,10.);
#837=VECTOR('',#6371,10.);
#838=VECTOR('',#6372,10.);
#839=VECTOR('',#6389,10.);
#840=VECTOR('',#6390,10.);
#841=VECTOR('',#6391,10.);
#842=VECTOR('',#6392,10.);
#843=VECTOR('',#6397,3.);
#844=VECTOR('',#6404,3.);
#845=VECTOR('',#6411,3.);
#846=VECTOR('',#6418,3.);
#847=VECTOR('',#6423,10.);
#848=VECTOR('',#6424,10.);
#849=VECTOR('',#6427,10.);
#850=VECTOR('',#6430,10.);
#851=VECTOR('',#6437,3.);
#852=VECTOR('',#6444,10.);
#853=VECTOR('',#6447,10.);
#854=VECTOR('',#6450,10.);
#855=VECTOR('',#6451,10.);
#856=VECTOR('',#6452,10.);
#857=VECTOR('',#6453,10.);
#858=VECTOR('',#6454,10.);
#859=VECTOR('',#6457,10.);
#860=VECTOR('',#6460,10.);
#861=VECTOR('',#6463,10.);
#862=VECTOR('',#6482,10.);
#863=VECTOR('',#6483,10.);
#864=VECTOR('',#6502,10.);
#865=VECTOR('',#6503,10.);
#866=VECTOR('',#6512,10.);
#867=VECTOR('',#6513,10.);
#868=VECTOR('',#6514,10.);
#869=VECTOR('',#6515,10.);
#870=VECTOR('',#6516,10.);
#871=VECTOR('',#6517,10.);
#872=VECTOR('',#6518,10.);
#873=VECTOR('',#6519,10.);
#874=VECTOR('',#6520,10.);
#875=VECTOR('',#6521,10.);
#876=VECTOR('',#6522,10.);
#877=VECTOR('',#6523,10.);
#878=VECTOR('',#6524,10.);
#879=VECTOR('',#6525,10.);
#880=VECTOR('',#6526,10.);
#881=VECTOR('',#6527,10.);
#882=VECTOR('',#6528,10.);
#883=VECTOR('',#6529,10.);
#884=VECTOR('',#6530,10.);
#885=VECTOR('',#6531,10.);
#886=VECTOR('',#6532,10.);
#887=VECTOR('',#6533,10.);
#888=VECTOR('',#6534,10.);
#889=VECTOR('',#6535,10.);
#890=VECTOR('',#6536,10.);
#891=VECTOR('',#6537,10.);
#892=VECTOR('',#6538,10.);
#893=VECTOR('',#6539,10.);
#894=VECTOR('',#6540,10.);
#895=VECTOR('',#6541,10.);
#896=VECTOR('',#6542,10.);
#897=VECTOR('',#6543,10.);
#898=VECTOR('',#6544,10.);
#899=VECTOR('',#6545,10.);
#900=VECTOR('',#6546,10.);
#901=VECTOR('',#6547,10.);
#902=VECTOR('',#6548,10.);
#903=VECTOR('',#6549,10.);
#904=VECTOR('',#6550,10.);
#905=VECTOR('',#6551,10.);
#906=VECTOR('',#6552,10.);
#907=VECTOR('',#6553,10.);
#908=VECTOR('',#6554,10.);
#909=VECTOR('',#6555,10.);
#910=VECTOR('',#6556,10.);
#911=VECTOR('',#6557,10.);
#912=VECTOR('',#6558,10.);
#913=VECTOR('',#6559,10.);
#914=VECTOR('',#6560,10.);
#915=VECTOR('',#6561,10.);
#916=VECTOR('',#6562,10.);
#917=VECTOR('',#6563,10.);
#918=VECTOR('',#6564,10.);
#919=VECTOR('',#6565,10.);
#920=VECTOR('',#6566,10.);
#921=VECTOR('',#6567,10.);
#922=VECTOR('',#6568,10.);
#923=VECTOR('',#6569,10.);
#924=VECTOR('',#6570,10.);
#925=VECTOR('',#6571,10.);
#926=VECTOR('',#6572,10.);
#927=VECTOR('',#6573,10.);
#928=VECTOR('',#6574,10.);
#929=VECTOR('',#6575,10.);
#930=VECTOR('',#6576,10.);
#931=VECTOR('',#6577,10.);
#932=VECTOR('',#6578,10.);
#933=VECTOR('',#6579,10.);
#934=VECTOR('',#6580,10.);
#935=VECTOR('',#6581,10.);
#936=VECTOR('',#6582,10.);
#937=VECTOR('',#6583,10.);
#938=VECTOR('',#6584,10.);
#939=VECTOR('',#6585,10.);
#940=VECTOR('',#6586,10.);
#941=VECTOR('',#6587,10.);
#942=VECTOR('',#6588,10.);
#943=VECTOR('',#6589,10.);
#944=VECTOR('',#6590,10.);
#945=VECTOR('',#6591,10.);
#946=VECTOR('',#6592,10.);
#947=VECTOR('',#6593,10.);
#948=VECTOR('',#6594,10.);
#949=VECTOR('',#6595,10.);
#950=VECTOR('',#6596,10.);
#951=VECTOR('',#6597,10.);
#952=VECTOR('',#6598,10.);
#953=VECTOR('',#6599,10.);
#954=VECTOR('',#6600,10.);
#955=VECTOR('',#6601,10.);
#956=VECTOR('',#6602,10.);
#957=VECTOR('',#6603,10.);
#958=VECTOR('',#6604,10.);
#959=VECTOR('',#6605,10.);
#960=VECTOR('',#6606,10.);
#961=VECTOR('',#6607,10.);
#962=VECTOR('',#6608,10.);
#963=VECTOR('',#6609,10.);
#964=VECTOR('',#6610,10.);
#965=VECTOR('',#6611,10.);
#966=VECTOR('',#6612,10.);
#967=VECTOR('',#6613,10.);
#968=VECTOR('',#6614,10.);
#969=VECTOR('',#6615,10.);
#970=VECTOR('',#6616,10.);
#971=VECTOR('',#6617,10.);
#972=VECTOR('',#6618,10.);
#973=VECTOR('',#6619,10.);
#974=VECTOR('',#6620,10.);
#975=VECTOR('',#6621,10.);
#976=VECTOR('',#6622,10.);
#977=VECTOR('',#6623,10.);
#978=VECTOR('',#6624,10.);
#979=VECTOR('',#6625,10.);
#980=VECTOR('',#6626,10.);
#981=VECTOR('',#6627,10.);
#982=VECTOR('',#6628,10.);
#983=VECTOR('',#6629,10.);
#984=VECTOR('',#6630,10.);
#985=VECTOR('',#6631,10.);
#986=VECTOR('',#6632,10.);
#987=VECTOR('',#6633,10.);
#988=VECTOR('',#6634,10.);
#989=VECTOR('',#6635,10.);
#990=VECTOR('',#6636,10.);
#991=VECTOR('',#6637,10.);
#992=VECTOR('',#6638,10.);
#993=VECTOR('',#6639,10.);
#994=VECTOR('',#6640,10.);
#995=VECTOR('',#6641,10.);
#996=VECTOR('',#6642,10.);
#997=VECTOR('',#6643,10.);
#998=VECTOR('',#6644,10.);
#999=VECTOR('',#6645,10.);
#1000=VECTOR('',#6646,10.);
#1001=VECTOR('',#6647,10.);
#1002=VECTOR('',#6652,10.);
#1003=VECTOR('',#6653,10.);
#1004=VECTOR('',#6656,10.);
#1005=VECTOR('',#6659,5.);
#1006=VECTOR('',#6666,10.);
#1007=VECTOR('',#6671,10.);
#1008=VECTOR('',#6672,10.);
#1009=VECTOR('',#6675,10.);
#1010=VECTOR('',#6680,10.);
#1011=VECTOR('',#6681,10.);
#1012=VECTOR('',#6682,10.);
#1013=VECTOR('',#6685,10.);
#1014=VECTOR('',#6690,10.);
#1015=VECTOR('',#6691,10.);
#1016=VECTOR('',#6692,10.);
#1017=VECTOR('',#6693,10.);
#1018=VECTOR('',#6696,10.);
#1019=VECTOR('',#6697,10.);
#1020=VECTOR('',#6698,10.);
#1021=VECTOR('',#6701,10.);
#1022=VECTOR('',#6702,10.);
#1023=VECTOR('',#6703,10.);
#1024=VECTOR('',#6706,10.);
#1025=VECTOR('',#6707,10.);
#1026=VECTOR('',#6708,10.);
#1027=VECTOR('',#6711,10.);
#1028=VECTOR('',#6712,10.);
#1029=VECTOR('',#6713,10.);
#1030=VECTOR('',#6716,10.);
#1031=VECTOR('',#6717,10.);
#1032=VECTOR('',#6718,10.);
#1033=VECTOR('',#6721,10.);
#1034=VECTOR('',#6722,10.);
#1035=VECTOR('',#6723,10.);
#1036=VECTOR('',#6726,10.);
#1037=VECTOR('',#6727,10.);
#1038=VECTOR('',#6728,10.);
#1039=VECTOR('',#6731,10.);
#1040=VECTOR('',#6732,10.);
#1041=VECTOR('',#6733,10.);
#1042=VECTOR('',#6736,10.);
#1043=VECTOR('',#6737,10.);
#1044=VECTOR('',#6738,10.);
#1045=VECTOR('',#6741,10.);
#1046=VECTOR('',#6742,10.);
#1047=VECTOR('',#6743,10.);
#1048=VECTOR('',#6746,10.);
#1049=VECTOR('',#6747,10.);
#1050=VECTOR('',#6750,10.);
#1051=VECTOR('',#6751,10.);
#1052=VECTOR('',#6752,10.);
#1053=VECTOR('',#6755,10.);
#1054=VECTOR('',#6756,10.);
#1055=VECTOR('',#6759,10.);
#1056=VECTOR('',#6760,10.);
#1057=VECTOR('',#6763,10.);
#1058=VECTOR('',#6764,10.);
#1059=VECTOR('',#6767,10.);
#1060=VECTOR('',#6768,10.);
#1061=VECTOR('',#6771,10.);
#1062=VECTOR('',#6772,10.);
#1063=VECTOR('',#6775,10.);
#1064=VECTOR('',#6776,10.);
#1065=VECTOR('',#6779,10.);
#1066=VECTOR('',#6780,10.);
#1067=VECTOR('',#6783,10.);
#1068=VECTOR('',#6784,10.);
#1069=VECTOR('',#6787,10.);
#1070=VECTOR('',#6788,10.);
#1071=VECTOR('',#6791,10.);
#1072=VECTOR('',#6792,10.);
#1073=VECTOR('',#6795,10.);
#1074=VECTOR('',#6796,10.);
#1075=VECTOR('',#6799,10.);
#1076=VECTOR('',#6804,10.);
#1077=VECTOR('',#6805,10.);
#1078=VECTOR('',#6806,10.);
#1079=VECTOR('',#6809,10.);
#1080=VECTOR('',#6810,10.);
#1081=VECTOR('',#6813,10.);
#1082=VECTOR('',#6814,10.);
#1083=VECTOR('',#6817,10.);
#1084=VECTOR('',#6822,10.);
#1085=VECTOR('',#6823,10.);
#1086=VECTOR('',#6824,10.);
#1087=VECTOR('',#6827,10.);
#1088=VECTOR('',#6828,10.);
#1089=VECTOR('',#6831,10.);
#1090=VECTOR('',#6832,10.);
#1091=VECTOR('',#6835,10.);
#1092=VECTOR('',#6836,10.);
#1093=VECTOR('',#6839,10.);
#1094=VECTOR('',#6844,10.);
#1095=VECTOR('',#6845,10.);
#1096=VECTOR('',#6846,10.);
#1097=VECTOR('',#6849,10.);
#1098=VECTOR('',#6850,10.);
#1099=VECTOR('',#6853,10.);
#1100=VECTOR('',#6854,10.);
#1101=VECTOR('',#6857,10.);
#1102=VECTOR('',#6862,10.);
#1103=VECTOR('',#6863,10.);
#1104=VECTOR('',#6864,10.);
#1105=VECTOR('',#6867,10.);
#1106=VECTOR('',#6868,10.);
#1107=VECTOR('',#6871,10.);
#1108=VECTOR('',#6872,10.);
#1109=VECTOR('',#6875,10.);
#1110=VECTOR('',#6880,10.);
#1111=VECTOR('',#6881,10.);
#1112=VECTOR('',#6882,10.);
#1113=VECTOR('',#6885,10.);
#1114=VECTOR('',#6886,10.);
#1115=VECTOR('',#6889,10.);
#1116=VECTOR('',#6890,10.);
#1117=VECTOR('',#6893,10.);
#1118=VECTOR('',#6898,10.);
#1119=VECTOR('',#6899,10.);
#1120=VECTOR('',#6900,10.);
#1121=VECTOR('',#6903,10.);
#1122=VECTOR('',#6904,10.);
#1123=VECTOR('',#6907,10.);
#1124=VECTOR('',#6908,10.);
#1125=VECTOR('',#6911,10.);
#1126=VECTOR('',#6916,10.);
#1127=VECTOR('',#6917,10.);
#1128=VECTOR('',#6918,10.);
#1129=VECTOR('',#6919,10.);
#1130=VECTOR('',#6922,10.);
#1131=VECTOR('',#6923,10.);
#1132=VECTOR('',#6924,10.);
#1133=VECTOR('',#6927,10.);
#1134=VECTOR('',#6928,10.);
#1135=VECTOR('',#6929,10.);
#1136=VECTOR('',#6932,10.);
#1137=VECTOR('',#6933,10.);
#1138=VECTOR('',#6936,10.);
#1139=VECTOR('',#6937,10.);
#1140=VECTOR('',#6938,10.);
#1141=VECTOR('',#6941,10.);
#1142=VECTOR('',#6942,10.);
#1143=VECTOR('',#6945,10.);
#1144=VECTOR('',#6946,10.);
#1145=VECTOR('',#6949,10.);
#1146=VECTOR('',#6950,10.);
#1147=VECTOR('',#6953,10.);
#1148=VECTOR('',#6954,10.);
#1149=VECTOR('',#6957,10.);
#1150=VECTOR('',#6958,10.);
#1151=VECTOR('',#6961,10.);
#1152=VECTOR('',#6962,10.);
#1153=VECTOR('',#6965,10.);
#1154=VECTOR('',#6966,10.);
#1155=VECTOR('',#6969,10.);
#1156=VECTOR('',#6970,10.);
#1157=VECTOR('',#6973,10.);
#1158=VECTOR('',#6974,10.);
#1159=VECTOR('',#6977,10.);
#1160=VECTOR('',#6978,10.);
#1161=VECTOR('',#6981,10.);
#1162=VECTOR('',#6982,10.);
#1163=VECTOR('',#6985,10.);
#1164=VECTOR('',#6986,10.);
#1165=VECTOR('',#6989,10.);
#1166=VECTOR('',#6990,10.);
#1167=VECTOR('',#6993,10.);
#1168=VECTOR('',#6994,10.);
#1169=VECTOR('',#6997,10.);
#1170=VECTOR('',#6998,10.);
#1171=VECTOR('',#7001,10.);
#1172=VECTOR('',#7002,10.);
#1173=VECTOR('',#7005,10.);
#1174=VECTOR('',#7006,10.);
#1175=VECTOR('',#7009,10.);
#1176=VECTOR('',#7010,10.);
#1177=VECTOR('',#7013,10.);
#1178=VECTOR('',#7014,10.);
#1179=VECTOR('',#7017,10.);
#1180=VECTOR('',#7018,10.);
#1181=VECTOR('',#7021,10.);
#1182=VECTOR('',#7022,10.);
#1183=VECTOR('',#7025,10.);
#1184=VECTOR('',#7026,10.);
#1185=VECTOR('',#7029,10.);
#1186=VECTOR('',#7030,10.);
#1187=VECTOR('',#7033,10.);
#1188=VECTOR('',#7034,10.);
#1189=VECTOR('',#7037,10.);
#1190=VECTOR('',#7038,10.);
#1191=VECTOR('',#7041,10.);
#1192=VECTOR('',#7042,10.);
#1193=VECTOR('',#7045,10.);
#1194=VECTOR('',#7046,10.);
#1195=VECTOR('',#7049,10.);
#1196=VECTOR('',#7050,10.);
#1197=VECTOR('',#7053,10.);
#1198=VECTOR('',#7054,10.);
#1199=VECTOR('',#7057,10.);
#1200=VECTOR('',#7058,10.);
#1201=VECTOR('',#7061,10.);
#1202=VECTOR('',#7062,10.);
#1203=VECTOR('',#7065,10.);
#1204=VECTOR('',#7066,10.);
#1205=VECTOR('',#7069,10.);
#1206=VECTOR('',#7070,10.);
#1207=VECTOR('',#7073,10.);
#1208=VECTOR('',#7074,10.);
#1209=VECTOR('',#7077,10.);
#1210=VECTOR('',#7082,10.);
#1211=VECTOR('',#7083,10.);
#1212=VECTOR('',#7084,10.);
#1213=VECTOR('',#7085,10.);
#1214=VECTOR('',#7088,10.);
#1215=VECTOR('',#7089,10.);
#1216=VECTOR('',#7090,10.);
#1217=VECTOR('',#7093,10.);
#1218=VECTOR('',#7094,10.);
#1219=VECTOR('',#7095,10.);
#1220=VECTOR('',#7098,10.);
#1221=VECTOR('',#7099,10.);
#1222=VECTOR('',#7100,10.);
#1223=VECTOR('',#7103,10.);
#1224=VECTOR('',#7104,10.);
#1225=VECTOR('',#7105,10.);
#1226=VECTOR('',#7108,10.);
#1227=VECTOR('',#7109,10.);
#1228=VECTOR('',#7110,10.);
#1229=VECTOR('',#7113,10.);
#1230=VECTOR('',#7114,10.);
#1231=VECTOR('',#7115,10.);
#1232=VECTOR('',#7118,10.);
#1233=VECTOR('',#7119,10.);
#1234=VECTOR('',#7120,10.);
#1235=VECTOR('',#7123,10.);
#1236=VECTOR('',#7124,10.);
#1237=VECTOR('',#7125,10.);
#1238=VECTOR('',#7128,10.);
#1239=VECTOR('',#7129,10.);
#1240=VECTOR('',#7130,10.);
#1241=VECTOR('',#7133,10.);
#1242=VECTOR('',#7134,10.);
#1243=VECTOR('',#7135,10.);
#1244=VECTOR('',#7138,10.);
#1245=VECTOR('',#7139,10.);
#1246=VECTOR('',#7142,10.);
#1247=VECTOR('',#7143,10.);
#1248=VECTOR('',#7144,10.);
#1249=VECTOR('',#7147,10.);
#1250=VECTOR('',#7148,10.);
#1251=VECTOR('',#7151,10.);
#1252=VECTOR('',#7152,10.);
#1253=VECTOR('',#7155,10.);
#1254=VECTOR('',#7156,10.);
#1255=VECTOR('',#7159,10.);
#1256=VECTOR('',#7160,10.);
#1257=VECTOR('',#7163,10.);
#1258=VECTOR('',#7164,10.);
#1259=VECTOR('',#7167,10.);
#1260=VECTOR('',#7168,10.);
#1261=VECTOR('',#7171,10.);
#1262=VECTOR('',#7172,10.);
#1263=VECTOR('',#7175,10.);
#1264=VECTOR('',#7176,10.);
#1265=VECTOR('',#7179,10.);
#1266=VECTOR('',#7184,10.);
#1267=VECTOR('',#7185,10.);
#1268=VECTOR('',#7186,10.);
#1269=VECTOR('',#7189,10.);
#1270=VECTOR('',#7190,10.);
#1271=VECTOR('',#7193,10.);
#1272=VECTOR('',#7194,10.);
#1273=VECTOR('',#7197,10.);
#1274=VECTOR('',#7198,10.);
#1275=VECTOR('',#7201,10.);
#1276=VECTOR('',#7202,10.);
#1277=VECTOR('',#7205,10.);
#1278=VECTOR('',#7210,10.);
#1279=VECTOR('',#7211,10.);
#1280=VECTOR('',#7212,10.);
#1281=VECTOR('',#7215,10.);
#1282=VECTOR('',#7216,10.);
#1283=VECTOR('',#7219,10.);
#1284=VECTOR('',#7220,10.);
#1285=VECTOR('',#7223,10.);
#1286=VECTOR('',#7228,10.);
#1287=VECTOR('',#7229,10.);
#1288=VECTOR('',#7230,10.);
#1289=VECTOR('',#7233,10.);
#1290=VECTOR('',#7234,10.);
#1291=VECTOR('',#7237,10.);
#1292=VECTOR('',#7238,10.);
#1293=VECTOR('',#7241,10.);
#1294=VECTOR('',#7246,10.);
#1295=VECTOR('',#7247,10.);
#1296=VECTOR('',#7248,10.);
#1297=VECTOR('',#7251,10.);
#1298=VECTOR('',#7252,10.);
#1299=VECTOR('',#7255,10.);
#1300=VECTOR('',#7256,10.);
#1301=VECTOR('',#7259,10.);
#1302=VECTOR('',#7264,10.);
#1303=VECTOR('',#7265,10.);
#1304=VECTOR('',#7266,10.);
#1305=VECTOR('',#7269,10.);
#1306=VECTOR('',#7270,10.);
#1307=VECTOR('',#7273,10.);
#1308=VECTOR('',#7274,10.);
#1309=VECTOR('',#7277,10.);
#1310=VECTOR('',#7282,10.);
#1311=VECTOR('',#7283,10.);
#1312=VECTOR('',#7284,10.);
#1313=VECTOR('',#7287,10.);
#1314=VECTOR('',#7288,10.);
#1315=VECTOR('',#7291,10.);
#1316=VECTOR('',#7292,10.);
#1317=VECTOR('',#7295,10.);
#1318=VECTOR('',#7300,10.);
#1319=VECTOR('',#7301,10.);
#1320=VECTOR('',#7302,10.);
#1321=VECTOR('',#7305,10.);
#1322=VECTOR('',#7306,10.);
#1323=VECTOR('',#7309,10.);
#1324=VECTOR('',#7310,10.);
#1325=VECTOR('',#7313,10.);
#1326=VECTOR('',#7318,10.);
#1327=VECTOR('',#7319,10.);
#1328=VECTOR('',#7320,10.);
#1329=VECTOR('',#7323,10.);
#1330=VECTOR('',#7324,10.);
#1331=VECTOR('',#7327,10.);
#1332=VECTOR('',#7328,10.);
#1333=VECTOR('',#7331,10.);
#1334=VECTOR('',#7332,10.);
#1335=VECTOR('',#7335,10.);
#1336=VECTOR('',#7336,10.);
#1337=VECTOR('',#7339,10.);
#1338=VECTOR('',#7344,10.);
#1339=VECTOR('',#7345,10.);
#1340=VECTOR('',#7346,10.);
#1341=VECTOR('',#7349,10.);
#1342=VECTOR('',#7350,10.);
#1343=VECTOR('',#7353,10.);
#1344=VECTOR('',#7354,10.);
#1345=VECTOR('',#7357,10.);
#1346=VECTOR('',#7358,10.);
#1347=VECTOR('',#7361,10.);
#1348=VECTOR('',#7362,10.);
#1349=VECTOR('',#7365,10.);
#1350=VECTOR('',#7366,10.);
#1351=VECTOR('',#7369,10.);
#1352=VECTOR('',#7370,10.);
#1353=VECTOR('',#7373,10.);
#1354=VECTOR('',#7374,10.);
#1355=VECTOR('',#7377,10.);
#1356=VECTOR('',#7378,10.);
#1357=VECTOR('',#7381,10.);
#1358=VECTOR('',#7382,10.);
#1359=VECTOR('',#7385,10.);
#1360=VECTOR('',#7386,10.);
#1361=VECTOR('',#7389,10.);
#1362=VECTOR('',#7390,10.);
#1363=VECTOR('',#7393,10.);
#1364=VECTOR('',#7406,10.);
#1365=VECTOR('',#7409,10.);
#1366=VECTOR('',#7412,10.);
#1367=VECTOR('',#7413,10.);
#1368=VECTOR('',#7414,10.);
#1369=VECTOR('',#7417,10.);
#1370=VECTOR('',#7420,10.);
#1371=VECTOR('',#7423,10.);
#1372=VECTOR('',#7426,10.);
#1373=VECTOR('',#7427,10.);
#1374=VECTOR('',#7428,10.);
#1375=VECTOR('',#7429,10.);
#1376=VECTOR('',#7432,10.);
#1377=VECTOR('',#7437,10.);
#1378=VECTOR('',#7438,10.);
#1379=VECTOR('',#7441,10.);
#1380=VECTOR('',#7444,10.);
#1381=VECTOR('',#7447,10.);
#1382=VECTOR('',#7448,10.);
#1383=VECTOR('',#7457,1.);
#1384=VECTOR('',#7464,3.);
#1385=VECTOR('',#7473,10.);
#1386=VECTOR('',#7480,10.);
#1387=VECTOR('',#7481,10.);
#1388=VECTOR('',#7484,10.);
#1389=VECTOR('',#7487,10.);
#1390=VECTOR('',#7490,10.);
#1391=VECTOR('',#7493,10.);
#1392=VECTOR('',#7494,10.);
#1393=VECTOR('',#7501,10.);
#1394=VECTOR('',#7506,1.);
#1395=VECTOR('',#7513,3.);
#1396=VECTOR('',#7522,10.);
#1397=VECTOR('',#7533,0.999999999999996);
#1398=VECTOR('',#7538,3.);
#1399=VECTOR('',#7539,10.);
#1400=VECTOR('',#7540,10.);
#1401=VECTOR('',#7545,10.);
#1402=VECTOR('',#7548,5.);
#1403=VECTOR('',#7555,3.00000000000001);
#1404=VECTOR('',#7558,10.);
#1405=VECTOR('',#7559,10.);
#1406=VECTOR('',#7566,0.999999999999996);
#1407=VECTOR('',#7573,10.);
#1408=VECTOR('',#7578,10.);
#1409=VECTOR('',#7579,5.);
#1410=VECTOR('',#7582,10.);
#1411=VECTOR('',#7583,10.);
#1412=VECTOR('',#7584,10.);
#1413=VECTOR('',#7587,10.);
#1414=VECTOR('',#7588,10.);
#1415=VECTOR('',#7591,3.75);
#1416=VECTOR('',#7596,10.);
#1417=VECTOR('',#7597,10.);
#1418=VECTOR('',#7598,10.);
#1419=VECTOR('',#7599,10.);
#1420=VECTOR('',#7600,10.);
#1421=VECTOR('',#7601,10.);
#1422=VECTOR('',#7602,10.);
#1423=VECTOR('',#7603,10.);
#1424=VECTOR('',#7604,10.);
#1425=VECTOR('',#7605,10.);
#1426=VECTOR('',#7610,10.);
#1427=VECTOR('',#7613,10.);
#1428=VECTOR('',#7614,10.);
#1429=VECTOR('',#7617,10.);
#1430=VECTOR('',#7618,10.);
#1431=VECTOR('',#7619,10.);
#1432=VECTOR('',#7624,10.);
#1433=VECTOR('',#7627,10.);
#1434=VECTOR('',#7628,10.);
#1435=VECTOR('',#7631,10.);
#1436=VECTOR('',#7640,10.);
#1437=VECTOR('',#7643,10.);
#1438=VECTOR('',#7650,10.);
#1439=VECTOR('',#7653,10.);
#1440=VECTOR('',#7658,10.);
#1441=VECTOR('',#7659,10.);
#1442=VECTOR('',#7662,10.);
#1443=VECTOR('',#7663,10.);
#1444=VECTOR('',#7668,10.);
#1445=VECTOR('',#7671,10.);
#1446=VECTOR('',#7682,5.);
#1447=VECTOR('',#7683,10.);
#1448=VECTOR('',#7686,10.);
#1449=VECTOR('',#7695,1.5);
#1450=VECTOR('',#7700,1.49999999999999);
#1451=VECTOR('',#7709,10.);
#1452=VECTOR('',#7710,10.);
#1453=VECTOR('',#7713,10.);
#1454=VECTOR('',#7716,10.);
#1455=VECTOR('',#7723,10.);
#1456=VECTOR('',#7724,10.);
#1457=VECTOR('',#7725,10.);
#1458=VECTOR('',#7726,10.);
#1459=VECTOR('',#7729,10.);
#1460=VECTOR('',#7730,10.);
#1461=VECTOR('',#7731,10.);
#1462=VECTOR('',#7732,10.);
#1463=VECTOR('',#7735,10.);
#1464=VECTOR('',#7736,10.);
#1465=VECTOR('',#7739,10.);
#1466=VECTOR('',#7742,10.);
#1467=VECTOR('',#7747,10.);
#1468=VECTOR('',#7750,10.);
#1469=VECTOR('',#7763,10.);
#1470=VECTOR('',#7764,10.);
#1471=VECTOR('',#7775,10.);
#1472=VECTOR('',#7776,10.);
#1473=VECTOR('',#7779,10.);
#1474=VECTOR('',#7782,10.);
#1475=VECTOR('',#7785,10.);
#1476=VECTOR('',#7786,10.);
#1477=VECTOR('',#7789,10.);
#1478=VECTOR('',#7790,10.);
#1479=VECTOR('',#7791,10.);
#1480=VECTOR('',#7796,10.);
#1481=VECTOR('',#7797,10.);
#1482=VECTOR('',#7802,10.);
#1483=VECTOR('',#7805,10.);
#1484=VECTOR('',#7808,10.);
#1485=VECTOR('',#7809,10.);
#1486=VECTOR('',#7810,10.);
#1487=VECTOR('',#7811,10.);
#1488=VECTOR('',#7812,10.);
#1489=VECTOR('',#7819,10.);
#1490=VECTOR('',#7822,10.);
#1491=VECTOR('',#7823,10.);
#1492=VECTOR('',#7824,10.);
#1493=VECTOR('',#7831,10.);
#1494=VECTOR('',#7834,10.);
#1495=VECTOR('',#7835,10.);
#1496=VECTOR('',#7836,10.);
#1497=VECTOR('',#7843,10.);
#1498=VECTOR('',#7846,10.);
#1499=VECTOR('',#7847,10.);
#1500=VECTOR('',#7848,10.);
#1501=VECTOR('',#7867,10.);
#1502=VECTOR('',#7868,10.);
#1503=VECTOR('',#7871,10.);
#1504=VECTOR('',#7874,10.);
#1505=VECTOR('',#7889,10.);
#1506=VECTOR('',#7892,10.);
#1507=VECTOR('',#7895,10.);
#1508=VECTOR('',#7900,10.);
#1509=VECTOR('',#7903,10.);
#1510=VECTOR('',#7906,10.);
#1511=VECTOR('',#7909,10.);
#1512=VECTOR('',#7912,10.);
#1513=VECTOR('',#7913,10.);
#1514=VECTOR('',#7916,10.);
#1515=VECTOR('',#7917,10.);
#1516=VECTOR('',#7918,10.);
#1517=VECTOR('',#7921,10.);
#1518=VECTOR('',#7922,10.);
#1519=VECTOR('',#7925,10.);
#1520=VECTOR('',#7930,10.);
#1521=VECTOR('',#7937,10.);
#1522=VECTOR('',#7938,10.);
#1523=VECTOR('',#7941,10.);
#1524=FACE_OUTER_BOUND('',#1846,.T.);
#1525=FACE_OUTER_BOUND('',#1848,.T.);
#1526=FACE_OUTER_BOUND('',#1849,.T.);
#1527=FACE_OUTER_BOUND('',#1855,.T.);
#1528=FACE_OUTER_BOUND('',#1856,.T.);
#1529=FACE_OUTER_BOUND('',#1857,.T.);
#1530=FACE_OUTER_BOUND('',#1858,.T.);
#1531=FACE_OUTER_BOUND('',#1859,.T.);
#1532=FACE_OUTER_BOUND('',#1860,.T.);
#1533=FACE_OUTER_BOUND('',#1861,.T.);
#1534=FACE_OUTER_BOUND('',#1862,.T.);
#1535=FACE_OUTER_BOUND('',#1863,.T.);
#1536=FACE_OUTER_BOUND('',#1864,.T.);
#1537=FACE_OUTER_BOUND('',#1865,.T.);
#1538=FACE_OUTER_BOUND('',#1866,.T.);
#1539=FACE_OUTER_BOUND('',#1867,.T.);
#1540=FACE_OUTER_BOUND('',#1868,.T.);
#1541=FACE_OUTER_BOUND('',#1869,.T.);
#1542=FACE_OUTER_BOUND('',#1870,.T.);
#1543=FACE_OUTER_BOUND('',#1873,.T.);
#1544=FACE_OUTER_BOUND('',#1874,.T.);
#1545=FACE_OUTER_BOUND('',#1875,.T.);
#1546=FACE_OUTER_BOUND('',#1876,.T.);
#1547=FACE_OUTER_BOUND('',#1877,.T.);
#1548=FACE_OUTER_BOUND('',#1878,.T.);
#1549=FACE_OUTER_BOUND('',#1879,.T.);
#1550=FACE_OUTER_BOUND('',#1898,.T.);
#1551=FACE_OUTER_BOUND('',#1899,.T.);
#1552=FACE_OUTER_BOUND('',#1900,.T.);
#1553=FACE_OUTER_BOUND('',#1901,.T.);
#1554=FACE_OUTER_BOUND('',#1902,.T.);
#1555=FACE_OUTER_BOUND('',#1903,.T.);
#1556=FACE_OUTER_BOUND('',#1904,.T.);
#1557=FACE_OUTER_BOUND('',#1905,.T.);
#1558=FACE_OUTER_BOUND('',#1906,.T.);
#1559=FACE_OUTER_BOUND('',#1907,.T.);
#1560=FACE_OUTER_BOUND('',#1908,.T.);
#1561=FACE_OUTER_BOUND('',#1909,.T.);
#1562=FACE_OUTER_BOUND('',#1910,.T.);
#1563=FACE_OUTER_BOUND('',#1911,.T.);
#1564=FACE_OUTER_BOUND('',#1912,.T.);
#1565=FACE_OUTER_BOUND('',#1913,.T.);
#1566=FACE_OUTER_BOUND('',#1914,.T.);
#1567=FACE_OUTER_BOUND('',#1915,.T.);
#1568=FACE_OUTER_BOUND('',#1916,.T.);
#1569=FACE_OUTER_BOUND('',#1917,.T.);
#1570=FACE_OUTER_BOUND('',#1918,.T.);
#1571=FACE_OUTER_BOUND('',#1919,.T.);
#1572=FACE_OUTER_BOUND('',#1920,.T.);
#1573=FACE_OUTER_BOUND('',#1921,.T.);
#1574=FACE_OUTER_BOUND('',#1922,.T.);
#1575=FACE_OUTER_BOUND('',#1923,.T.);
#1576=FACE_OUTER_BOUND('',#1924,.T.);
#1577=FACE_OUTER_BOUND('',#1925,.T.);
#1578=FACE_OUTER_BOUND('',#1926,.T.);
#1579=FACE_OUTER_BOUND('',#1927,.T.);
#1580=FACE_OUTER_BOUND('',#1928,.T.);
#1581=FACE_OUTER_BOUND('',#1929,.T.);
#1582=FACE_OUTER_BOUND('',#1930,.T.);
#1583=FACE_OUTER_BOUND('',#1931,.T.);
#1584=FACE_OUTER_BOUND('',#1933,.T.);
#1585=FACE_OUTER_BOUND('',#1934,.T.);
#1586=FACE_OUTER_BOUND('',#1935,.T.);
#1587=FACE_OUTER_BOUND('',#1936,.T.);
#1588=FACE_OUTER_BOUND('',#1937,.T.);
#1589=FACE_OUTER_BOUND('',#1938,.T.);
#1590=FACE_OUTER_BOUND('',#1939,.T.);
#1591=FACE_OUTER_BOUND('',#1940,.T.);
#1592=FACE_OUTER_BOUND('',#1941,.T.);
#1593=FACE_OUTER_BOUND('',#1942,.T.);
#1594=FACE_OUTER_BOUND('',#1943,.T.);
#1595=FACE_OUTER_BOUND('',#1944,.T.);
#1596=FACE_OUTER_BOUND('',#1945,.T.);
#1597=FACE_OUTER_BOUND('',#1946,.T.);
#1598=FACE_OUTER_BOUND('',#1947,.T.);
#1599=FACE_OUTER_BOUND('',#1948,.T.);
#1600=FACE_OUTER_BOUND('',#1949,.T.);
#1601=FACE_OUTER_BOUND('',#1950,.T.);
#1602=FACE_OUTER_BOUND('',#1951,.T.);
#1603=FACE_OUTER_BOUND('',#1952,.T.);
#1604=FACE_OUTER_BOUND('',#1953,.T.);
#1605=FACE_OUTER_BOUND('',#1954,.T.);
#1606=FACE_OUTER_BOUND('',#1955,.T.);
#1607=FACE_OUTER_BOUND('',#1956,.T.);
#1608=FACE_OUTER_BOUND('',#1957,.T.);
#1609=FACE_OUTER_BOUND('',#1958,.T.);
#1610=FACE_OUTER_BOUND('',#1959,.T.);
#1611=FACE_OUTER_BOUND('',#1960,.T.);
#1612=FACE_OUTER_BOUND('',#1961,.T.);
#1613=FACE_OUTER_BOUND('',#1962,.T.);
#1614=FACE_OUTER_BOUND('',#1963,.T.);
#1615=FACE_OUTER_BOUND('',#1964,.T.);
#1616=FACE_OUTER_BOUND('',#1965,.T.);
#1617=FACE_OUTER_BOUND('',#1966,.T.);
#1618=FACE_OUTER_BOUND('',#1967,.T.);
#1619=FACE_OUTER_BOUND('',#1968,.T.);
#1620=FACE_OUTER_BOUND('',#1969,.T.);
#1621=FACE_OUTER_BOUND('',#1970,.T.);
#1622=FACE_OUTER_BOUND('',#1971,.T.);
#1623=FACE_OUTER_BOUND('',#1972,.T.);
#1624=FACE_OUTER_BOUND('',#1973,.T.);
#1625=FACE_OUTER_BOUND('',#1974,.T.);
#1626=FACE_OUTER_BOUND('',#1975,.T.);
#1627=FACE_OUTER_BOUND('',#1976,.T.);
#1628=FACE_OUTER_BOUND('',#1977,.T.);
#1629=FACE_OUTER_BOUND('',#1978,.T.);
#1630=FACE_OUTER_BOUND('',#1979,.T.);
#1631=FACE_OUTER_BOUND('',#1980,.T.);
#1632=FACE_OUTER_BOUND('',#1981,.T.);
#1633=FACE_OUTER_BOUND('',#1982,.T.);
#1634=FACE_OUTER_BOUND('',#1983,.T.);
#1635=FACE_OUTER_BOUND('',#1984,.T.);
#1636=FACE_OUTER_BOUND('',#1985,.T.);
#1637=FACE_OUTER_BOUND('',#1986,.T.);
#1638=FACE_OUTER_BOUND('',#1987,.T.);
#1639=FACE_OUTER_BOUND('',#1988,.T.);
#1640=FACE_OUTER_BOUND('',#1989,.T.);
#1641=FACE_OUTER_BOUND('',#1990,.T.);
#1642=FACE_OUTER_BOUND('',#1991,.T.);
#1643=FACE_OUTER_BOUND('',#1992,.T.);
#1644=FACE_OUTER_BOUND('',#1993,.T.);
#1645=FACE_OUTER_BOUND('',#1994,.T.);
#1646=FACE_OUTER_BOUND('',#1995,.T.);
#1647=FACE_OUTER_BOUND('',#1996,.T.);
#1648=FACE_OUTER_BOUND('',#1997,.T.);
#1649=FACE_OUTER_BOUND('',#1998,.T.);
#1650=FACE_OUTER_BOUND('',#1999,.T.);
#1651=FACE_OUTER_BOUND('',#2000,.T.);
#1652=FACE_OUTER_BOUND('',#2001,.T.);
#1653=FACE_OUTER_BOUND('',#2002,.T.);
#1654=FACE_OUTER_BOUND('',#2003,.T.);
#1655=FACE_OUTER_BOUND('',#2004,.T.);
#1656=FACE_OUTER_BOUND('',#2006,.T.);
#1657=FACE_OUTER_BOUND('',#2007,.T.);
#1658=FACE_OUTER_BOUND('',#2008,.T.);
#1659=FACE_OUTER_BOUND('',#2009,.T.);
#1660=FACE_OUTER_BOUND('',#2010,.T.);
#1661=FACE_OUTER_BOUND('',#2011,.T.);
#1662=FACE_OUTER_BOUND('',#2012,.T.);
#1663=FACE_OUTER_BOUND('',#2013,.T.);
#1664=FACE_OUTER_BOUND('',#2014,.T.);
#1665=FACE_OUTER_BOUND('',#2015,.T.);
#1666=FACE_OUTER_BOUND('',#2016,.T.);
#1667=FACE_OUTER_BOUND('',#2017,.T.);
#1668=FACE_OUTER_BOUND('',#2018,.T.);
#1669=FACE_OUTER_BOUND('',#2019,.T.);
#1670=FACE_OUTER_BOUND('',#2020,.T.);
#1671=FACE_OUTER_BOUND('',#2021,.T.);
#1672=FACE_OUTER_BOUND('',#2022,.T.);
#1673=FACE_OUTER_BOUND('',#2023,.T.);
#1674=FACE_OUTER_BOUND('',#2024,.T.);
#1675=FACE_OUTER_BOUND('',#2025,.T.);
#1676=FACE_OUTER_BOUND('',#2026,.T.);
#1677=FACE_OUTER_BOUND('',#2027,.T.);
#1678=FACE_OUTER_BOUND('',#2028,.T.);
#1679=FACE_OUTER_BOUND('',#2030,.T.);
#1680=FACE_OUTER_BOUND('',#2031,.T.);
#1681=FACE_OUTER_BOUND('',#2032,.T.);
#1682=FACE_OUTER_BOUND('',#2033,.T.);
#1683=FACE_OUTER_BOUND('',#2034,.T.);
#1684=FACE_OUTER_BOUND('',#2035,.T.);
#1685=FACE_OUTER_BOUND('',#2036,.T.);
#1686=FACE_OUTER_BOUND('',#2037,.T.);
#1687=FACE_OUTER_BOUND('',#2038,.T.);
#1688=FACE_OUTER_BOUND('',#2039,.T.);
#1689=FACE_OUTER_BOUND('',#2040,.T.);
#1690=FACE_OUTER_BOUND('',#2041,.T.);
#1691=FACE_OUTER_BOUND('',#2042,.T.);
#1692=FACE_OUTER_BOUND('',#2043,.T.);
#1693=FACE_OUTER_BOUND('',#2044,.T.);
#1694=FACE_OUTER_BOUND('',#2045,.T.);
#1695=FACE_OUTER_BOUND('',#2046,.T.);
#1696=FACE_OUTER_BOUND('',#2047,.T.);
#1697=FACE_OUTER_BOUND('',#2048,.T.);
#1698=FACE_OUTER_BOUND('',#2049,.T.);
#1699=FACE_OUTER_BOUND('',#2050,.T.);
#1700=FACE_OUTER_BOUND('',#2051,.T.);
#1701=FACE_OUTER_BOUND('',#2052,.T.);
#1702=FACE_OUTER_BOUND('',#2053,.T.);
#1703=FACE_OUTER_BOUND('',#2054,.T.);
#1704=FACE_OUTER_BOUND('',#2055,.T.);
#1705=FACE_OUTER_BOUND('',#2056,.T.);
#1706=FACE_OUTER_BOUND('',#2057,.T.);
#1707=FACE_OUTER_BOUND('',#2058,.T.);
#1708=FACE_OUTER_BOUND('',#2059,.T.);
#1709=FACE_OUTER_BOUND('',#2060,.T.);
#1710=FACE_OUTER_BOUND('',#2061,.T.);
#1711=FACE_OUTER_BOUND('',#2062,.T.);
#1712=FACE_OUTER_BOUND('',#2063,.T.);
#1713=FACE_OUTER_BOUND('',#2064,.T.);
#1714=FACE_OUTER_BOUND('',#2065,.T.);
#1715=FACE_OUTER_BOUND('',#2066,.T.);
#1716=FACE_OUTER_BOUND('',#2067,.T.);
#1717=FACE_OUTER_BOUND('',#2068,.T.);
#1718=FACE_OUTER_BOUND('',#2069,.T.);
#1719=FACE_OUTER_BOUND('',#2070,.T.);
#1720=FACE_OUTER_BOUND('',#2071,.T.);
#1721=FACE_OUTER_BOUND('',#2072,.T.);
#1722=FACE_OUTER_BOUND('',#2073,.T.);
#1723=FACE_OUTER_BOUND('',#2074,.T.);
#1724=FACE_OUTER_BOUND('',#2075,.T.);
#1725=FACE_OUTER_BOUND('',#2076,.T.);
#1726=FACE_OUTER_BOUND('',#2077,.T.);
#1727=FACE_OUTER_BOUND('',#2078,.T.);
#1728=FACE_OUTER_BOUND('',#2079,.T.);
#1729=FACE_OUTER_BOUND('',#2080,.T.);
#1730=FACE_OUTER_BOUND('',#2081,.T.);
#1731=FACE_OUTER_BOUND('',#2082,.T.);
#1732=FACE_OUTER_BOUND('',#2083,.T.);
#1733=FACE_OUTER_BOUND('',#2084,.T.);
#1734=FACE_OUTER_BOUND('',#2085,.T.);
#1735=FACE_OUTER_BOUND('',#2086,.T.);
#1736=FACE_OUTER_BOUND('',#2087,.T.);
#1737=FACE_OUTER_BOUND('',#2088,.T.);
#1738=FACE_OUTER_BOUND('',#2089,.T.);
#1739=FACE_OUTER_BOUND('',#2090,.T.);
#1740=FACE_OUTER_BOUND('',#2091,.T.);
#1741=FACE_OUTER_BOUND('',#2092,.T.);
#1742=FACE_OUTER_BOUND('',#2093,.T.);
#1743=FACE_OUTER_BOUND('',#2095,.T.);
#1744=FACE_OUTER_BOUND('',#2096,.T.);
#1745=FACE_OUTER_BOUND('',#2097,.T.);
#1746=FACE_OUTER_BOUND('',#2098,.T.);
#1747=FACE_OUTER_BOUND('',#2099,.T.);
#1748=FACE_OUTER_BOUND('',#2100,.T.);
#1749=FACE_OUTER_BOUND('',#2101,.T.);
#1750=FACE_OUTER_BOUND('',#2102,.T.);
#1751=FACE_OUTER_BOUND('',#2104,.T.);
#1752=FACE_OUTER_BOUND('',#2108,.T.);
#1753=FACE_OUTER_BOUND('',#2109,.T.);
#1754=FACE_OUTER_BOUND('',#2110,.T.);
#1755=FACE_OUTER_BOUND('',#2112,.T.);
#1756=FACE_OUTER_BOUND('',#2113,.T.);
#1757=FACE_OUTER_BOUND('',#2115,.T.);
#1758=FACE_OUTER_BOUND('',#2116,.T.);
#1759=FACE_OUTER_BOUND('',#2117,.T.);
#1760=FACE_OUTER_BOUND('',#2119,.T.);
#1761=FACE_OUTER_BOUND('',#2120,.T.);
#1762=FACE_OUTER_BOUND('',#2121,.T.);
#1763=FACE_OUTER_BOUND('',#2122,.T.);
#1764=FACE_OUTER_BOUND('',#2123,.T.);
#1765=FACE_OUTER_BOUND('',#2125,.T.);
#1766=FACE_OUTER_BOUND('',#2127,.T.);
#1767=FACE_OUTER_BOUND('',#2128,.T.);
#1768=FACE_OUTER_BOUND('',#2129,.T.);
#1769=FACE_OUTER_BOUND('',#2130,.T.);
#1770=FACE_OUTER_BOUND('',#2131,.T.);
#1771=FACE_OUTER_BOUND('',#2133,.T.);
#1772=FACE_OUTER_BOUND('',#2134,.T.);
#1773=FACE_OUTER_BOUND('',#2135,.T.);
#1774=FACE_OUTER_BOUND('',#2136,.T.);
#1775=FACE_OUTER_BOUND('',#2137,.T.);
#1776=FACE_OUTER_BOUND('',#2138,.T.);
#1777=FACE_OUTER_BOUND('',#2139,.T.);
#1778=FACE_OUTER_BOUND('',#2140,.T.);
#1779=FACE_OUTER_BOUND('',#2141,.T.);
#1780=FACE_OUTER_BOUND('',#2142,.T.);
#1781=FACE_OUTER_BOUND('',#2143,.T.);
#1782=FACE_OUTER_BOUND('',#2144,.T.);
#1783=FACE_OUTER_BOUND('',#2146,.T.);
#1784=FACE_OUTER_BOUND('',#2147,.T.);
#1785=FACE_OUTER_BOUND('',#2148,.T.);
#1786=FACE_OUTER_BOUND('',#2149,.T.);
#1787=FACE_OUTER_BOUND('',#2150,.T.);
#1788=FACE_OUTER_BOUND('',#2151,.T.);
#1789=FACE_OUTER_BOUND('',#2152,.T.);
#1790=FACE_OUTER_BOUND('',#2153,.T.);
#1791=FACE_OUTER_BOUND('',#2154,.T.);
#1792=FACE_OUTER_BOUND('',#2155,.T.);
#1793=FACE_OUTER_BOUND('',#2156,.T.);
#1794=FACE_OUTER_BOUND('',#2157,.T.);
#1795=FACE_OUTER_BOUND('',#2158,.T.);
#1796=FACE_OUTER_BOUND('',#2159,.T.);
#1797=FACE_OUTER_BOUND('',#2160,.T.);
#1798=FACE_OUTER_BOUND('',#2161,.T.);
#1799=FACE_OUTER_BOUND('',#2163,.T.);
#1800=FACE_OUTER_BOUND('',#2165,.T.);
#1801=FACE_OUTER_BOUND('',#2167,.T.);
#1802=FACE_OUTER_BOUND('',#2168,.T.);
#1803=FACE_OUTER_BOUND('',#2169,.T.);
#1804=FACE_OUTER_BOUND('',#2170,.T.);
#1805=FACE_OUTER_BOUND('',#2171,.T.);
#1806=FACE_OUTER_BOUND('',#2172,.T.);
#1807=FACE_OUTER_BOUND('',#2173,.T.);
#1808=FACE_OUTER_BOUND('',#2174,.T.);
#1809=FACE_OUTER_BOUND('',#2175,.T.);
#1810=FACE_OUTER_BOUND('',#2176,.T.);
#1811=FACE_OUTER_BOUND('',#2177,.T.);
#1812=FACE_OUTER_BOUND('',#2178,.T.);
#1813=FACE_OUTER_BOUND('',#2179,.T.);
#1814=FACE_OUTER_BOUND('',#2180,.T.);
#1815=FACE_OUTER_BOUND('',#2181,.T.);
#1816=FACE_OUTER_BOUND('',#2182,.T.);
#1817=FACE_OUTER_BOUND('',#2183,.T.);
#1818=FACE_OUTER_BOUND('',#2184,.T.);
#1819=FACE_OUTER_BOUND('',#2185,.T.);
#1820=FACE_OUTER_BOUND('',#2186,.T.);
#1821=FACE_OUTER_BOUND('',#2187,.T.);
#1822=FACE_OUTER_BOUND('',#2188,.T.);
#1823=FACE_OUTER_BOUND('',#2189,.T.);
#1824=FACE_OUTER_BOUND('',#2190,.T.);
#1825=FACE_OUTER_BOUND('',#2191,.T.);
#1826=FACE_OUTER_BOUND('',#2192,.T.);
#1827=FACE_OUTER_BOUND('',#2193,.T.);
#1828=FACE_OUTER_BOUND('',#2194,.T.);
#1829=FACE_OUTER_BOUND('',#2195,.T.);
#1830=FACE_OUTER_BOUND('',#2196,.T.);
#1831=FACE_OUTER_BOUND('',#2198,.T.);
#1832=FACE_OUTER_BOUND('',#2199,.T.);
#1833=FACE_OUTER_BOUND('',#2200,.T.);
#1834=FACE_OUTER_BOUND('',#2201,.T.);
#1835=FACE_OUTER_BOUND('',#2202,.T.);
#1836=FACE_OUTER_BOUND('',#2203,.T.);
#1837=FACE_OUTER_BOUND('',#2204,.T.);
#1838=FACE_OUTER_BOUND('',#2205,.T.);
#1839=FACE_OUTER_BOUND('',#2206,.T.);
#1840=FACE_OUTER_BOUND('',#2208,.T.);
#1841=FACE_OUTER_BOUND('',#2209,.T.);
#1842=FACE_OUTER_BOUND('',#2210,.T.);
#1843=FACE_OUTER_BOUND('',#2211,.T.);
#1844=FACE_OUTER_BOUND('',#2213,.T.);
#1845=FACE_OUTER_BOUND('',#2214,.T.);
#1846=EDGE_LOOP('',(#3687));
#1847=EDGE_LOOP('',(#3688,#3689,#3690,#3691));
#1848=EDGE_LOOP('',(#3692,#3693,#3694,#3695));
#1849=EDGE_LOOP('',(#3696));
#1850=EDGE_LOOP('',(#3697));
#1851=EDGE_LOOP('',(#3698));
#1852=EDGE_LOOP('',(#3699));
#1853=EDGE_LOOP('',(#3700));
#1854=EDGE_LOOP('',(#3701,#3702,#3703,#3704));
#1855=EDGE_LOOP('',(#3705,#3706,#3707,#3708));
#1856=EDGE_LOOP('',(#3709));
#1857=EDGE_LOOP('',(#3710,#3711,#3712,#3713));
#1858=EDGE_LOOP('',(#3714));
#1859=EDGE_LOOP('',(#3715,#3716,#3717,#3718));
#1860=EDGE_LOOP('',(#3719));
#1861=EDGE_LOOP('',(#3720,#3721,#3722,#3723));
#1862=EDGE_LOOP('',(#3724));
#1863=EDGE_LOOP('',(#3725,#3726,#3727,#3728));
#1864=EDGE_LOOP('',(#3729,#3730,#3731,#3732));
#1865=EDGE_LOOP('',(#3733,#3734,#3735,#3736));
#1866=EDGE_LOOP('',(#3737,#3738,#3739,#3740));
#1867=EDGE_LOOP('',(#3741,#3742,#3743,#3744));
#1868=EDGE_LOOP('',(#3745,#3746,#3747,#3748));
#1869=EDGE_LOOP('',(#3749,#3750,#3751,#3752,#3753,#3754));
#1870=EDGE_LOOP('',(#3755,#3756,#3757,#3758,#3759,#3760,#3761,#3762));
#1871=EDGE_LOOP('',(#3763));
#1872=EDGE_LOOP('',(#3764));
#1873=EDGE_LOOP('',(#3765,#3766,#3767,#3768));
#1874=EDGE_LOOP('',(#3769,#3770,#3771,#3772));
#1875=EDGE_LOOP('',(#3773,#3774,#3775,#3776));
#1876=EDGE_LOOP('',(#3777,#3778,#3779,#3780));
#1877=EDGE_LOOP('',(#3781,#3782,#3783,#3784));
#1878=EDGE_LOOP('',(#3785,#3786,#3787,#3788));
#1879=EDGE_LOOP('',(#3789,#3790,#3791,#3792,#3793,#3794,#3795,#3796,#3797));
#1880=EDGE_LOOP('',(#3798,#3799,#3800,#3801,#3802,#3803,#3804,#3805,#3806,
#3807,#3808,#3809,#3810));
#1881=EDGE_LOOP('',(#3811,#3812,#3813,#3814));
#1882=EDGE_LOOP('',(#3815,#3816,#3817,#3818));
#1883=EDGE_LOOP('',(#3819,#3820,#3821,#3822));
#1884=EDGE_LOOP('',(#3823,#3824,#3825,#3826));
#1885=EDGE_LOOP('',(#3827,#3828,#3829,#3830));
#1886=EDGE_LOOP('',(#3831,#3832,#3833,#3834,#3835,#3836,#3837,#3838,#3839,
#3840,#3841,#3842,#3843,#3844,#3845,#3846,#3847,#3848,#3849,#3850,#3851,
#3852,#3853,#3854,#3855,#3856,#3857,#3858,#3859,#3860,#3861,#3862,#3863,
#3864,#3865,#3866));
#1887=EDGE_LOOP('',(#3867,#3868,#3869,#3870,#3871,#3872,#3873,#3874,#3875,
#3876));
#1888=EDGE_LOOP('',(#3877,#3878,#3879,#3880,#3881,#3882));
#1889=EDGE_LOOP('',(#3883,#3884,#3885,#3886));
#1890=EDGE_LOOP('',(#3887,#3888,#3889,#3890));
#1891=EDGE_LOOP('',(#3891,#3892,#3893,#3894));
#1892=EDGE_LOOP('',(#3895,#3896,#3897,#3898));
#1893=EDGE_LOOP('',(#3899,#3900,#3901,#3902));
#1894=EDGE_LOOP('',(#3903,#3904,#3905,#3906));
#1895=EDGE_LOOP('',(#3907,#3908,#3909,#3910,#3911,#3912));
#1896=EDGE_LOOP('',(#3913,#3914,#3915,#3916,#3917,#3918,#3919,#3920,#3921,
#3922,#3923,#3924,#3925));
#1897=EDGE_LOOP('',(#3926));
#1898=EDGE_LOOP('',(#3927,#3928,#3929,#3930,#3931,#3932,#3933));
#1899=EDGE_LOOP('',(#3934,#3935,#3936,#3937));
#1900=EDGE_LOOP('',(#3938,#3939,#3940,#3941,#3942,#3943));
#1901=EDGE_LOOP('',(#3944,#3945,#3946,#3947));
#1902=EDGE_LOOP('',(#3948,#3949,#3950,#3951));
#1903=EDGE_LOOP('',(#3952,#3953,#3954,#3955));
#1904=EDGE_LOOP('',(#3956,#3957,#3958,#3959,#3960,#3961));
#1905=EDGE_LOOP('',(#3962,#3963,#3964,#3965));
#1906=EDGE_LOOP('',(#3966,#3967,#3968,#3969));
#1907=EDGE_LOOP('',(#3970,#3971,#3972,#3973));
#1908=EDGE_LOOP('',(#3974,#3975,#3976,#3977));
#1909=EDGE_LOOP('',(#3978,#3979,#3980,#3981));
#1910=EDGE_LOOP('',(#3982,#3983,#3984,#3985));
#1911=EDGE_LOOP('',(#3986,#3987,#3988,#3989));
#1912=EDGE_LOOP('',(#3990,#3991,#3992,#3993));
#1913=EDGE_LOOP('',(#3994,#3995,#3996,#3997));
#1914=EDGE_LOOP('',(#3998,#3999,#4000,#4001));
#1915=EDGE_LOOP('',(#4002,#4003,#4004,#4005));
#1916=EDGE_LOOP('',(#4006,#4007,#4008,#4009));
#1917=EDGE_LOOP('',(#4010,#4011,#4012,#4013));
#1918=EDGE_LOOP('',(#4014,#4015,#4016,#4017));
#1919=EDGE_LOOP('',(#4018,#4019,#4020,#4021));
#1920=EDGE_LOOP('',(#4022,#4023,#4024,#4025));
#1921=EDGE_LOOP('',(#4026,#4027,#4028,#4029));
#1922=EDGE_LOOP('',(#4030,#4031,#4032,#4033));
#1923=EDGE_LOOP('',(#4034,#4035,#4036,#4037));
#1924=EDGE_LOOP('',(#4038,#4039,#4040,#4041));
#1925=EDGE_LOOP('',(#4042,#4043,#4044,#4045));
#1926=EDGE_LOOP('',(#4046,#4047,#4048,#4049));
#1927=EDGE_LOOP('',(#4050,#4051,#4052,#4053));
#1928=EDGE_LOOP('',(#4054,#4055,#4056,#4057));
#1929=EDGE_LOOP('',(#4058,#4059,#4060,#4061));
#1930=EDGE_LOOP('',(#4062,#4063,#4064,#4065));
#1931=EDGE_LOOP('',(#4066,#4067,#4068,#4069,#4070,#4071,#4072,#4073,#4074,
#4075,#4076,#4077,#4078));
#1932=EDGE_LOOP('',(#4079,#4080,#4081,#4082,#4083,#4084,#4085,#4086,#4087,
#4088,#4089,#4090));
#1933=EDGE_LOOP('',(#4091,#4092,#4093,#4094));
#1934=EDGE_LOOP('',(#4095,#4096,#4097,#4098));
#1935=EDGE_LOOP('',(#4099,#4100,#4101,#4102));
#1936=EDGE_LOOP('',(#4103,#4104,#4105,#4106));
#1937=EDGE_LOOP('',(#4107,#4108,#4109,#4110));
#1938=EDGE_LOOP('',(#4111,#4112,#4113,#4114));
#1939=EDGE_LOOP('',(#4115,#4116,#4117,#4118));
#1940=EDGE_LOOP('',(#4119,#4120,#4121,#4122));
#1941=EDGE_LOOP('',(#4123,#4124,#4125,#4126));
#1942=EDGE_LOOP('',(#4127,#4128,#4129,#4130));
#1943=EDGE_LOOP('',(#4131,#4132,#4133,#4134,#4135));
#1944=EDGE_LOOP('',(#4136,#4137,#4138,#4139));
#1945=EDGE_LOOP('',(#4140,#4141,#4142,#4143));
#1946=EDGE_LOOP('',(#4144,#4145,#4146,#4147));
#1947=EDGE_LOOP('',(#4148,#4149,#4150,#4151));
#1948=EDGE_LOOP('',(#4152,#4153,#4154,#4155));
#1949=EDGE_LOOP('',(#4156,#4157,#4158,#4159));
#1950=EDGE_LOOP('',(#4160,#4161,#4162,#4163));
#1951=EDGE_LOOP('',(#4164,#4165,#4166,#4167));
#1952=EDGE_LOOP('',(#4168,#4169,#4170,#4171));
#1953=EDGE_LOOP('',(#4172,#4173,#4174,#4175));
#1954=EDGE_LOOP('',(#4176,#4177,#4178,#4179));
#1955=EDGE_LOOP('',(#4180,#4181,#4182,#4183));
#1956=EDGE_LOOP('',(#4184,#4185,#4186,#4187));
#1957=EDGE_LOOP('',(#4188,#4189,#4190,#4191));
#1958=EDGE_LOOP('',(#4192,#4193,#4194,#4195));
#1959=EDGE_LOOP('',(#4196,#4197,#4198,#4199));
#1960=EDGE_LOOP('',(#4200,#4201,#4202,#4203));
#1961=EDGE_LOOP('',(#4204,#4205,#4206,#4207));
#1962=EDGE_LOOP('',(#4208,#4209,#4210,#4211));
#1963=EDGE_LOOP('',(#4212,#4213,#4214,#4215));
#1964=EDGE_LOOP('',(#4216,#4217,#4218,#4219));
#1965=EDGE_LOOP('',(#4220,#4221,#4222,#4223));
#1966=EDGE_LOOP('',(#4224,#4225,#4226,#4227));
#1967=EDGE_LOOP('',(#4228,#4229,#4230,#4231));
#1968=EDGE_LOOP('',(#4232,#4233,#4234,#4235));
#1969=EDGE_LOOP('',(#4236,#4237,#4238,#4239));
#1970=EDGE_LOOP('',(#4240,#4241,#4242,#4243));
#1971=EDGE_LOOP('',(#4244,#4245,#4246,#4247));
#1972=EDGE_LOOP('',(#4248,#4249,#4250,#4251));
#1973=EDGE_LOOP('',(#4252,#4253,#4254,#4255));
#1974=EDGE_LOOP('',(#4256,#4257,#4258,#4259));
#1975=EDGE_LOOP('',(#4260,#4261,#4262,#4263));
#1976=EDGE_LOOP('',(#4264,#4265,#4266,#4267));
#1977=EDGE_LOOP('',(#4268,#4269,#4270,#4271));
#1978=EDGE_LOOP('',(#4272,#4273,#4274,#4275));
#1979=EDGE_LOOP('',(#4276,#4277,#4278,#4279));
#1980=EDGE_LOOP('',(#4280,#4281,#4282,#4283));
#1981=EDGE_LOOP('',(#4284,#4285,#4286,#4287));
#1982=EDGE_LOOP('',(#4288,#4289,#4290,#4291));
#1983=EDGE_LOOP('',(#4292,#4293,#4294,#4295));
#1984=EDGE_LOOP('',(#4296,#4297,#4298,#4299));
#1985=EDGE_LOOP('',(#4300,#4301,#4302,#4303));
#1986=EDGE_LOOP('',(#4304,#4305,#4306,#4307));
#1987=EDGE_LOOP('',(#4308,#4309,#4310,#4311));
#1988=EDGE_LOOP('',(#4312,#4313,#4314,#4315));
#1989=EDGE_LOOP('',(#4316,#4317,#4318,#4319));
#1990=EDGE_LOOP('',(#4320,#4321,#4322,#4323));
#1991=EDGE_LOOP('',(#4324,#4325,#4326,#4327));
#1992=EDGE_LOOP('',(#4328,#4329,#4330,#4331));
#1993=EDGE_LOOP('',(#4332,#4333,#4334,#4335));
#1994=EDGE_LOOP('',(#4336,#4337,#4338,#4339));
#1995=EDGE_LOOP('',(#4340,#4341,#4342,#4343));
#1996=EDGE_LOOP('',(#4344,#4345,#4346,#4347));
#1997=EDGE_LOOP('',(#4348,#4349,#4350,#4351));
#1998=EDGE_LOOP('',(#4352,#4353,#4354,#4355));
#1999=EDGE_LOOP('',(#4356,#4357,#4358,#4359));
#2000=EDGE_LOOP('',(#4360,#4361,#4362,#4363));
#2001=EDGE_LOOP('',(#4364,#4365,#4366,#4367));
#2002=EDGE_LOOP('',(#4368,#4369,#4370,#4371));
#2003=EDGE_LOOP('',(#4372,#4373,#4374,#4375));
#2004=EDGE_LOOP('',(#4376,#4377,#4378,#4379,#4380,#4381,#4382,#4383,#4384,
#4385,#4386,#4387,#4388,#4389,#4390,#4391,#4392,#4393,#4394,#4395,#4396,
#4397,#4398,#4399,#4400,#4401,#4402,#4403,#4404,#4405,#4406,#4407,#4408,
#4409,#4410,#4411));
#2005=EDGE_LOOP('',(#4412,#4413,#4414,#4415));
#2006=EDGE_LOOP('',(#4416,#4417,#4418,#4419));
#2007=EDGE_LOOP('',(#4420,#4421,#4422,#4423));
#2008=EDGE_LOOP('',(#4424,#4425,#4426,#4427));
#2009=EDGE_LOOP('',(#4428,#4429,#4430,#4431));
#2010=EDGE_LOOP('',(#4432,#4433,#4434,#4435));
#2011=EDGE_LOOP('',(#4436,#4437,#4438,#4439));
#2012=EDGE_LOOP('',(#4440,#4441,#4442,#4443));
#2013=EDGE_LOOP('',(#4444,#4445,#4446,#4447));
#2014=EDGE_LOOP('',(#4448,#4449,#4450,#4451));
#2015=EDGE_LOOP('',(#4452,#4453,#4454,#4455));
#2016=EDGE_LOOP('',(#4456,#4457,#4458,#4459));
#2017=EDGE_LOOP('',(#4460,#4461,#4462,#4463));
#2018=EDGE_LOOP('',(#4464,#4465,#4466,#4467));
#2019=EDGE_LOOP('',(#4468,#4469,#4470,#4471));
#2020=EDGE_LOOP('',(#4472,#4473,#4474,#4475));
#2021=EDGE_LOOP('',(#4476,#4477,#4478,#4479));
#2022=EDGE_LOOP('',(#4480,#4481,#4482,#4483));
#2023=EDGE_LOOP('',(#4484,#4485,#4486,#4487));
#2024=EDGE_LOOP('',(#4488,#4489,#4490,#4491));
#2025=EDGE_LOOP('',(#4492,#4493,#4494,#4495));
#2026=EDGE_LOOP('',(#4496,#4497,#4498,#4499));
#2027=EDGE_LOOP('',(#4500,#4501,#4502,#4503));
#2028=EDGE_LOOP('',(#4504,#4505,#4506,#4507,#4508,#4509,#4510,#4511,#4512,
#4513));
#2029=EDGE_LOOP('',(#4514,#4515,#4516,#4517,#4518,#4519,#4520,#4521,#4522,
#4523,#4524,#4525));
#2030=EDGE_LOOP('',(#4526,#4527,#4528,#4529));
#2031=EDGE_LOOP('',(#4530,#4531,#4532,#4533));
#2032=EDGE_LOOP('',(#4534,#4535,#4536,#4537));
#2033=EDGE_LOOP('',(#4538,#4539,#4540,#4541));
#2034=EDGE_LOOP('',(#4542,#4543,#4544,#4545));
#2035=EDGE_LOOP('',(#4546,#4547,#4548,#4549));
#2036=EDGE_LOOP('',(#4550,#4551,#4552,#4553,#4554,#4555));
#2037=EDGE_LOOP('',(#4556,#4557,#4558,#4559));
#2038=EDGE_LOOP('',(#4560,#4561,#4562,#4563));
#2039=EDGE_LOOP('',(#4564,#4565,#4566,#4567));
#2040=EDGE_LOOP('',(#4568,#4569,#4570,#4571));
#2041=EDGE_LOOP('',(#4572,#4573,#4574,#4575));
#2042=EDGE_LOOP('',(#4576,#4577,#4578,#4579));
#2043=EDGE_LOOP('',(#4580,#4581,#4582,#4583));
#2044=EDGE_LOOP('',(#4584,#4585,#4586,#4587));
#2045=EDGE_LOOP('',(#4588,#4589,#4590,#4591));
#2046=EDGE_LOOP('',(#4592,#4593,#4594,#4595));
#2047=EDGE_LOOP('',(#4596,#4597,#4598,#4599));
#2048=EDGE_LOOP('',(#4600,#4601,#4602,#4603));
#2049=EDGE_LOOP('',(#4604,#4605,#4606,#4607));
#2050=EDGE_LOOP('',(#4608,#4609,#4610,#4611));
#2051=EDGE_LOOP('',(#4612,#4613,#4614,#4615));
#2052=EDGE_LOOP('',(#4616,#4617,#4618,#4619));
#2053=EDGE_LOOP('',(#4620,#4621,#4622,#4623));
#2054=EDGE_LOOP('',(#4624,#4625,#4626,#4627));
#2055=EDGE_LOOP('',(#4628,#4629,#4630,#4631));
#2056=EDGE_LOOP('',(#4632,#4633,#4634,#4635));
#2057=EDGE_LOOP('',(#4636,#4637,#4638,#4639));
#2058=EDGE_LOOP('',(#4640,#4641,#4642,#4643));
#2059=EDGE_LOOP('',(#4644,#4645,#4646,#4647));
#2060=EDGE_LOOP('',(#4648,#4649,#4650,#4651));
#2061=EDGE_LOOP('',(#4652,#4653,#4654,#4655));
#2062=EDGE_LOOP('',(#4656,#4657,#4658,#4659));
#2063=EDGE_LOOP('',(#4660,#4661,#4662,#4663));
#2064=EDGE_LOOP('',(#4664,#4665,#4666,#4667));
#2065=EDGE_LOOP('',(#4668,#4669,#4670,#4671));
#2066=EDGE_LOOP('',(#4672,#4673,#4674,#4675));
#2067=EDGE_LOOP('',(#4676,#4677,#4678,#4679));
#2068=EDGE_LOOP('',(#4680,#4681,#4682,#4683));
#2069=EDGE_LOOP('',(#4684,#4685,#4686,#4687));
#2070=EDGE_LOOP('',(#4688,#4689,#4690,#4691));
#2071=EDGE_LOOP('',(#4692,#4693,#4694,#4695));
#2072=EDGE_LOOP('',(#4696,#4697,#4698,#4699));
#2073=EDGE_LOOP('',(#4700,#4701,#4702,#4703,#4704,#4705));
#2074=EDGE_LOOP('',(#4706,#4707,#4708,#4709));
#2075=EDGE_LOOP('',(#4710,#4711,#4712,#4713));
#2076=EDGE_LOOP('',(#4714,#4715,#4716,#4717));
#2077=EDGE_LOOP('',(#4718,#4719,#4720,#4721));
#2078=EDGE_LOOP('',(#4722,#4723,#4724,#4725));
#2079=EDGE_LOOP('',(#4726,#4727,#4728,#4729));
#2080=EDGE_LOOP('',(#4730,#4731,#4732,#4733));
#2081=EDGE_LOOP('',(#4734,#4735,#4736,#4737));
#2082=EDGE_LOOP('',(#4738,#4739,#4740,#4741));
#2083=EDGE_LOOP('',(#4742,#4743,#4744,#4745));
#2084=EDGE_LOOP('',(#4746,#4747,#4748,#4749));
#2085=EDGE_LOOP('',(#4750,#4751,#4752,#4753));
#2086=EDGE_LOOP('',(#4754,#4755,#4756,#4757));
#2087=EDGE_LOOP('',(#4758,#4759,#4760,#4761,#4762,#4763,#4764,#4765,#4766,
#4767,#4768,#4769,#4770));
#2088=EDGE_LOOP('',(#4771,#4772,#4773,#4774,#4775,#4776,#4777,#4778,#4779,
#4780,#4781,#4782));
#2089=EDGE_LOOP('',(#4783,#4784,#4785,#4786));
#2090=EDGE_LOOP('',(#4787,#4788,#4789,#4790,#4791,#4792,#4793,#4794,#4795,
#4796,#4797,#4798));
#2091=EDGE_LOOP('',(#4799,#4800,#4801,#4802));
#2092=EDGE_LOOP('',(#4803,#4804,#4805,#4806));
#2093=EDGE_LOOP('',(#4807,#4808,#4809,#4810,#4811,#4812,#4813,#4814));
#2094=EDGE_LOOP('',(#4815,#4816,#4817,#4818));
#2095=EDGE_LOOP('',(#4819,#4820,#4821,#4822));
#2096=EDGE_LOOP('',(#4823,#4824,#4825,#4826));
#2097=EDGE_LOOP('',(#4827,#4828,#4829,#4830));
#2098=EDGE_LOOP('',(#4831,#4832,#4833,#4834));
#2099=EDGE_LOOP('',(#4835,#4836,#4837,#4838));
#2100=EDGE_LOOP('',(#4839,#4840,#4841,#4842));
#2101=EDGE_LOOP('',(#4843,#4844,#4845,#4846));
#2102=EDGE_LOOP('',(#4847));
#2103=EDGE_LOOP('',(#4848));
#2104=EDGE_LOOP('',(#4849,#4850,#4851,#4852,#4853,#4854,#4855,#4856,#4857,
#4858,#4859,#4860,#4861,#4862,#4863,#4864,#4865,#4866));
#2105=EDGE_LOOP('',(#4867));
#2106=EDGE_LOOP('',(#4868,#4869,#4870,#4871,#4872,#4873,#4874,#4875));
#2107=EDGE_LOOP('',(#4876));
#2108=EDGE_LOOP('',(#4877,#4878,#4879,#4880));
#2109=EDGE_LOOP('',(#4881,#4882,#4883,#4884));
#2110=EDGE_LOOP('',(#4885));
#2111=EDGE_LOOP('',(#4886));
#2112=EDGE_LOOP('',(#4887));
#2113=EDGE_LOOP('',(#4888,#4889,#4890,#4891));
#2114=EDGE_LOOP('',(#4892));
#2115=EDGE_LOOP('',(#4893,#4894,#4895,#4896));
#2116=EDGE_LOOP('',(#4897,#4898,#4899,#4900,#4901,#4902,#4903,#4904));
#2117=EDGE_LOOP('',(#4905));
#2118=EDGE_LOOP('',(#4906));
#2119=EDGE_LOOP('',(#4907,#4908,#4909,#4910,#4911,#4912));
#2120=EDGE_LOOP('',(#4913));
#2121=EDGE_LOOP('',(#4914,#4915,#4916,#4917,#4918,#4919,#4920,#4921));
#2122=EDGE_LOOP('',(#4922,#4923,#4924,#4925));
#2123=EDGE_LOOP('',(#4926,#4927,#4928,#4929));
#2124=EDGE_LOOP('',(#4930));
#2125=EDGE_LOOP('',(#4931));
#2126=EDGE_LOOP('',(#4932));
#2127=EDGE_LOOP('',(#4933,#4934,#4935,#4936,#4937,#4938,#4939,#4940));
#2128=EDGE_LOOP('',(#4941,#4942,#4943,#4944));
#2129=EDGE_LOOP('',(#4945,#4946,#4947,#4948));
#2130=EDGE_LOOP('',(#4949,#4950,#4951,#4952));
#2131=EDGE_LOOP('',(#4953,#4954,#4955,#4956,#4957,#4958,#4959,#4960,#4961,
#4962,#4963,#4964));
#2132=EDGE_LOOP('',(#4965));
#2133=EDGE_LOOP('',(#4966,#4967,#4968,#4969));
#2134=EDGE_LOOP('',(#4970,#4971,#4972,#4973));
#2135=EDGE_LOOP('',(#4974,#4975,#4976,#4977));
#2136=EDGE_LOOP('',(#4978,#4979,#4980,#4981));
#2137=EDGE_LOOP('',(#4982,#4983,#4984,#4985));
#2138=EDGE_LOOP('',(#4986,#4987,#4988,#4989));
#2139=EDGE_LOOP('',(#4990,#4991,#4992,#4993));
#2140=EDGE_LOOP('',(#4994,#4995,#4996,#4997,#4998,#4999));
#2141=EDGE_LOOP('',(#5000,#5001,#5002,#5003,#5004,#5005));
#2142=EDGE_LOOP('',(#5006,#5007,#5008,#5009,#5010,#5011));
#2143=EDGE_LOOP('',(#5012,#5013,#5014,#5015,#5016,#5017));
#2144=EDGE_LOOP('',(#5018,#5019,#5020,#5021));
#2145=EDGE_LOOP('',(#5022));
#2146=EDGE_LOOP('',(#5023,#5024,#5025,#5026,#5027,#5028));
#2147=EDGE_LOOP('',(#5029,#5030,#5031,#5032,#5033,#5034));
#2148=EDGE_LOOP('',(#5035,#5036,#5037,#5038));
#2149=EDGE_LOOP('',(#5039,#5040,#5041,#5042));
#2150=EDGE_LOOP('',(#5043,#5044,#5045,#5046));
#2151=EDGE_LOOP('',(#5047,#5048,#5049,#5050));
#2152=EDGE_LOOP('',(#5051,#5052,#5053,#5054));
#2153=EDGE_LOOP('',(#5055,#5056,#5057,#5058));
#2154=EDGE_LOOP('',(#5059,#5060,#5061,#5062,#5063));
#2155=EDGE_LOOP('',(#5064,#5065,#5066,#5067));
#2156=EDGE_LOOP('',(#5068,#5069,#5070,#5071));
#2157=EDGE_LOOP('',(#5072));
#2158=EDGE_LOOP('',(#5073));
#2159=EDGE_LOOP('',(#5074,#5075,#5076,#5077));
#2160=EDGE_LOOP('',(#5078,#5079,#5080,#5081));
#2161=EDGE_LOOP('',(#5082,#5083,#5084,#5085));
#2162=EDGE_LOOP('',(#5086));
#2163=EDGE_LOOP('',(#5087,#5088,#5089,#5090,#5091,#5092,#5093,#5094));
#2164=EDGE_LOOP('',(#5095,#5096,#5097,#5098));
#2165=EDGE_LOOP('',(#5099,#5100,#5101,#5102,#5103,#5104,#5105,#5106));
#2166=EDGE_LOOP('',(#5107,#5108,#5109,#5110,#5111,#5112));
#2167=EDGE_LOOP('',(#5113,#5114,#5115,#5116));
#2168=EDGE_LOOP('',(#5117,#5118,#5119,#5120));
#2169=EDGE_LOOP('',(#5121,#5122,#5123,#5124));
#2170=EDGE_LOOP('',(#5125,#5126,#5127,#5128));
#2171=EDGE_LOOP('',(#5129,#5130,#5131,#5132));
#2172=EDGE_LOOP('',(#5133,#5134,#5135,#5136));
#2173=EDGE_LOOP('',(#5137,#5138,#5139,#5140));
#2174=EDGE_LOOP('',(#5141,#5142,#5143,#5144));
#2175=EDGE_LOOP('',(#5145,#5146,#5147,#5148));
#2176=EDGE_LOOP('',(#5149,#5150,#5151,#5152));
#2177=EDGE_LOOP('',(#5153,#5154,#5155,#5156));
#2178=EDGE_LOOP('',(#5157,#5158,#5159,#5160,#5161,#5162,#5163,#5164));
#2179=EDGE_LOOP('',(#5165,#5166,#5167,#5168,#5169,#5170));
#2180=EDGE_LOOP('',(#5171,#5172,#5173,#5174));
#2181=EDGE_LOOP('',(#5175,#5176,#5177,#5178));
#2182=EDGE_LOOP('',(#5179,#5180,#5181,#5182));
#2183=EDGE_LOOP('',(#5183,#5184,#5185,#5186,#5187,#5188,#5189,#5190));
#2184=EDGE_LOOP('',(#5191,#5192,#5193,#5194));
#2185=EDGE_LOOP('',(#5195,#5196,#5197,#5198));
#2186=EDGE_LOOP('',(#5199,#5200,#5201,#5202));
#2187=EDGE_LOOP('',(#5203,#5204,#5205,#5206));
#2188=EDGE_LOOP('',(#5207,#5208,#5209,#5210));
#2189=EDGE_LOOP('',(#5211,#5212,#5213,#5214));
#2190=EDGE_LOOP('',(#5215,#5216,#5217,#5218));
#2191=EDGE_LOOP('',(#5219,#5220,#5221,#5222,#5223,#5224,#5225,#5226));
#2192=EDGE_LOOP('',(#5227,#5228,#5229,#5230,#5231,#5232,#5233,#5234,#5235,
#5236,#5237,#5238,#5239,#5240,#5241,#5242,#5243,#5244));
#2193=EDGE_LOOP('',(#5245,#5246,#5247,#5248));
#2194=EDGE_LOOP('',(#5249,#5250,#5251,#5252));
#2195=EDGE_LOOP('',(#5253,#5254,#5255,#5256));
#2196=EDGE_LOOP('',(#5257));
#2197=EDGE_LOOP('',(#5258,#5259));
#2198=EDGE_LOOP('',(#5260,#5261,#5262,#5263));
#2199=EDGE_LOOP('',(#5264,#5265,#5266,#5267));
#2200=EDGE_LOOP('',(#5268,#5269,#5270,#5271));
#2201=EDGE_LOOP('',(#5272,#5273,#5274,#5275));
#2202=EDGE_LOOP('',(#5276,#5277,#5278,#5279));
#2203=EDGE_LOOP('',(#5280,#5281,#5282,#5283));
#2204=EDGE_LOOP('',(#5284,#5285,#5286,#5287));
#2205=EDGE_LOOP('',(#5288,#5289,#5290,#5291));
#2206=EDGE_LOOP('',(#5292,#5293,#5294,#5295));
#2207=EDGE_LOOP('',(#5296,#5297));
#2208=EDGE_LOOP('',(#5298,#5299,#5300,#5301));
#2209=EDGE_LOOP('',(#5302,#5303,#5304,#5305));
#2210=EDGE_LOOP('',(#5306,#5307,#5308,#5309));
#2211=EDGE_LOOP('',(#5310));
#2212=EDGE_LOOP('',(#5311,#5312,#5313,#5314));
#2213=EDGE_LOOP('',(#5315,#5316,#5317,#5318));
#2214=EDGE_LOOP('',(#5319,#5320,#5321,#5322));
#2215=CIRCLE('',#5919,48.5);
#2216=CIRCLE('',#5921,48.5);
#2217=CIRCLE('',#5922,1.5);
#2218=CIRCLE('',#5924,3.);
#2219=CIRCLE('',#5925,3.);
#2220=CIRCLE('',#5926,3.);
#2221=CIRCLE('',#5927,3.);
#2222=CIRCLE('',#5929,3.);
#2223=CIRCLE('',#5932,3.);
#2224=CIRCLE('',#5935,3.);
#2225=CIRCLE('',#5938,3.);
#2226=CIRCLE('',#5945,3.);
#2227=CIRCLE('',#5946,3.);
#2228=CIRCLE('',#5948,2.);
#2229=CIRCLE('',#5949,2.);
#2230=CIRCLE('',#5952,2.);
#2231=CIRCLE('',#5953,5.);
#2232=CIRCLE('',#5954,5.);
#2233=CIRCLE('',#5955,1.49999999999999);
#2234=CIRCLE('',#5956,1.5);
#2235=CIRCLE('',#5958,4.);
#2236=CIRCLE('',#5959,1.);
#2237=CIRCLE('',#5960,5.);
#2238=CIRCLE('',#5962,1.);
#2239=CIRCLE('',#5964,5.);
#2240=CIRCLE('',#5965,4.);
#2241=CIRCLE('',#5967,4.);
#2242=CIRCLE('',#5968,1.);
#2243=CIRCLE('',#5969,5.);
#2244=CIRCLE('',#5971,1.);
#2245=CIRCLE('',#5973,5.);
#2246=CIRCLE('',#5974,4.);
#2247=CIRCLE('',#5976,3.75);
#2248=CIRCLE('',#5978,5.);
#2249=CIRCLE('',#5980,5.);
#2250=CIRCLE('',#5983,5.);
#2251=CIRCLE('',#5986,5.);
#2252=CIRCLE('',#5989,2.);
#2253=CIRCLE('',#6173,2.);
#2254=CIRCLE('',#6174,2.);
#2255=CIRCLE('',#6177,2.);
#2256=CIRCLE('',#6178,2.);
#2257=CIRCLE('',#6179,2.);
#2258=CIRCLE('',#6181,2.);
#2259=CIRCLE('',#6184,2.);
#2260=CIRCLE('',#6187,2.);
#2261=CIRCLE('',#6189,1.);
#2262=CIRCLE('',#6190,1.);
#2263=CIRCLE('',#6192,3.);
#2264=CIRCLE('',#6193,3.);
#2265=CIRCLE('',#6196,3.);
#2266=CIRCLE('',#6197,3.00000000000001);
#2267=CIRCLE('',#6198,3.);
#2268=CIRCLE('',#6199,3.);
#2269=CIRCLE('',#6200,3.5);
#2270=CIRCLE('',#6201,3.5);
#2271=CIRCLE('',#6202,3.5);
#2272=CIRCLE('',#6203,3.5);
#2273=CIRCLE('',#6204,3.);
#2274=CIRCLE('',#6205,3.);
#2275=CIRCLE('',#6206,3.);
#2276=CIRCLE('',#6208,1.);
#2277=CIRCLE('',#6209,1.);
#2278=CIRCLE('',#6211,3.);
#2279=CIRCLE('',#6215,3.);
#2280=CIRCLE('',#6216,3.);
#2281=CIRCLE('',#6217,3.);
#2282=CIRCLE('',#6218,0.999999999999996);
#2283=CIRCLE('',#6220,0.999999999999996);
#2284=CIRCLE('',#6222,3.);
#2285=CIRCLE('',#6225,3.);
#2286=CIRCLE('',#6228,3.00000000000001);
#2287=CIRCLE('',#6229,3.00000000000001);
#2288=CIRCLE('',#6230,3.00000000000001);
#2289=CIRCLE('',#6232,0.999999999999996);
#2290=CIRCLE('',#6233,0.999999999999996);
#2291=CIRCLE('',#6235,3.);
#2292=CIRCLE('',#6241,3.75);
#2293=CIRCLE('',#6244,3.5);
#2294=CIRCLE('',#6248,3.5);
#2295=CIRCLE('',#6251,3.5);
#2296=CIRCLE('',#6253,3.5);
#2297=CIRCLE('',#6255,3.);
#2298=CIRCLE('',#6256,3.);
#2299=CIRCLE('',#6258,3.);
#2300=CIRCLE('',#6260,3.);
#2301=CIRCLE('',#6264,3.);
#2302=CIRCLE('',#6272,5.);
#2303=CIRCLE('',#6274,5.);
#2304=CIRCLE('',#6276,1.5);
#2305=CIRCLE('',#6278,1.49999999999999);
#2306=CIRCLE('',#6293,0.250000000000001);
#2307=CIRCLE('',#6295,0.249999999999995);
#2308=CIRCLE('',#6296,2.75);
#2309=CIRCLE('',#6297,3.);
#2310=CIRCLE('',#6299,0.250000000000004);
#2311=CIRCLE('',#6301,0.250000000000001);
#2312=CIRCLE('',#6302,2.75);
#2313=CIRCLE('',#6303,3.);
#2314=CIRCLE('',#6306,3.);
#2315=CIRCLE('',#6312,3.);
#2316=CIRCLE('',#6316,2.);
#2317=CIRCLE('',#6317,2.);
#2318=CIRCLE('',#6320,5.);
#2319=CIRCLE('',#6321,5.);
#2320=CIRCLE('',#6324,5.);
#2321=CIRCLE('',#6325,5.);
#2322=CIRCLE('',#6328,2.);
#2323=CIRCLE('',#6329,2.);
#2324=CIRCLE('',#6333,4.5);
#2325=CIRCLE('',#6334,1.5);
#2326=CIRCLE('',#6337,1.5);
#2327=CIRCLE('',#6339,9.);
#2328=CIRCLE('',#6341,10.);
#2329=CIRCLE('',#6342,1.);
#2330=CIRCLE('',#6344,10.);
#2331=CIRCLE('',#6356,2.5);
#2332=VERTEX_POINT('',#7946);
#2333=VERTEX_POINT('',#7948);
#2334=VERTEX_POINT('',#7949);
#2335=VERTEX_POINT('',#7951);
#2336=VERTEX_POINT('',#7953);
#2337=VERTEX_POINT('',#7957);
#2338=VERTEX_POINT('',#7961);
#2339=VERTEX_POINT('',#7963);
#2340=VERTEX_POINT('',#7965);
#2341=VERTEX_POINT('',#7967);
#2342=VERTEX_POINT('',#7969);
#2343=VERTEX_POINT('',#7970);
#2344=VERTEX_POINT('',#7972);
#2345=VERTEX_POINT('',#7974);
#2346=VERTEX_POINT('',#7978);
#2347=VERTEX_POINT('',#7983);
#2348=VERTEX_POINT('',#7988);
#2349=VERTEX_POINT('',#7993);
#2350=VERTEX_POINT('',#8006);
#2351=VERTEX_POINT('',#8008);
#2352=VERTEX_POINT('',#8012);
#2353=VERTEX_POINT('',#8013);
#2354=VERTEX_POINT('',#8015);
#2355=VERTEX_POINT('',#8017);
#2356=VERTEX_POINT('',#8021);
#2357=VERTEX_POINT('',#8023);
#2358=VERTEX_POINT('',#8025);
#2359=VERTEX_POINT('',#8027);
#2360=VERTEX_POINT('',#8031);
#2361=VERTEX_POINT('',#8033);
#2362=VERTEX_POINT('',#8035);
#2363=VERTEX_POINT('',#8037);
#2364=VERTEX_POINT('',#8039);
#2365=VERTEX_POINT('',#8042);
#2366=VERTEX_POINT('',#8044);
#2367=VERTEX_POINT('',#8047);
#2368=VERTEX_POINT('',#8048);
#2369=VERTEX_POINT('',#8050);
#2370=VERTEX_POINT('',#8052);
#2371=VERTEX_POINT('',#8067);
#2372=VERTEX_POINT('',#8068);
#2373=VERTEX_POINT('',#8073);
#2374=VERTEX_POINT('',#8075);
#2375=VERTEX_POINT('',#8090);
#2376=VERTEX_POINT('',#8092);
#2377=VERTEX_POINT('',#8096);
#2378=VERTEX_POINT('',#8097);
#2379=VERTEX_POINT('',#8105);
#2380=VERTEX_POINT('',#8107);
#2381=VERTEX_POINT('',#8109);
#2382=VERTEX_POINT('',#8111);
#2383=VERTEX_POINT('',#8113);
#2384=VERTEX_POINT('',#8115);
#2385=VERTEX_POINT('',#8117);
#2386=VERTEX_POINT('',#8120);
#2387=VERTEX_POINT('',#8121);
#2388=VERTEX_POINT('',#8123);
#2389=VERTEX_POINT('',#8125);
#2390=VERTEX_POINT('',#8127);
#2391=VERTEX_POINT('',#8129);
#2392=VERTEX_POINT('',#8131);
#2393=VERTEX_POINT('',#8133);
#2394=VERTEX_POINT('',#8135);
#2395=VERTEX_POINT('',#8137);
#2396=VERTEX_POINT('',#8139);
#2397=VERTEX_POINT('',#8141);
#2398=VERTEX_POINT('',#8143);
#2399=VERTEX_POINT('',#8146);
#2400=VERTEX_POINT('',#8147);
#2401=VERTEX_POINT('',#8149);
#2402=VERTEX_POINT('',#8151);
#2403=VERTEX_POINT('',#8154);
#2404=VERTEX_POINT('',#8155);
#2405=VERTEX_POINT('',#8157);
#2406=VERTEX_POINT('',#8159);
#2407=VERTEX_POINT('',#8162);
#2408=VERTEX_POINT('',#8163);
#2409=VERTEX_POINT('',#8165);
#2410=VERTEX_POINT('',#8167);
#2411=VERTEX_POINT('',#8170);
#2412=VERTEX_POINT('',#8171);
#2413=VERTEX_POINT('',#8173);
#2414=VERTEX_POINT('',#8175);
#2415=VERTEX_POINT('',#8178);
#2416=VERTEX_POINT('',#8179);
#2417=VERTEX_POINT('',#8181);
#2418=VERTEX_POINT('',#8183);
#2419=VERTEX_POINT('',#8186);
#2420=VERTEX_POINT('',#8187);
#2421=VERTEX_POINT('',#8189);
#2422=VERTEX_POINT('',#8191);
#2423=VERTEX_POINT('',#8193);
#2424=VERTEX_POINT('',#8195);
#2425=VERTEX_POINT('',#8197);
#2426=VERTEX_POINT('',#8199);
#2427=VERTEX_POINT('',#8201);
#2428=VERTEX_POINT('',#8203);
#2429=VERTEX_POINT('',#8205);
#2430=VERTEX_POINT('',#8207);
#2431=VERTEX_POINT('',#8209);
#2432=VERTEX_POINT('',#8211);
#2433=VERTEX_POINT('',#8213);
#2434=VERTEX_POINT('',#8215);
#2435=VERTEX_POINT('',#8217);
#2436=VERTEX_POINT('',#8219);
#2437=VERTEX_POINT('',#8221);
#2438=VERTEX_POINT('',#8223);
#2439=VERTEX_POINT('',#8225);
#2440=VERTEX_POINT('',#8227);
#2441=VERTEX_POINT('',#8229);
#2442=VERTEX_POINT('',#8231);
#2443=VERTEX_POINT('',#8233);
#2444=VERTEX_POINT('',#8235);
#2445=VERTEX_POINT('',#8237);
#2446=VERTEX_POINT('',#8239);
#2447=VERTEX_POINT('',#8241);
#2448=VERTEX_POINT('',#8243);
#2449=VERTEX_POINT('',#8245);
#2450=VERTEX_POINT('',#8247);
#2451=VERTEX_POINT('',#8249);
#2452=VERTEX_POINT('',#8251);
#2453=VERTEX_POINT('',#8253);
#2454=VERTEX_POINT('',#8255);
#2455=VERTEX_POINT('',#8258);
#2456=VERTEX_POINT('',#8259);
#2457=VERTEX_POINT('',#8261);
#2458=VERTEX_POINT('',#8263);
#2459=VERTEX_POINT('',#8265);
#2460=VERTEX_POINT('',#8267);
#2461=VERTEX_POINT('',#8269);
#2462=VERTEX_POINT('',#8271);
#2463=VERTEX_POINT('',#8273);
#2464=VERTEX_POINT('',#8275);
#2465=VERTEX_POINT('',#8278);
#2466=VERTEX_POINT('',#8279);
#2467=VERTEX_POINT('',#8281);
#2468=VERTEX_POINT('',#8283);
#2469=VERTEX_POINT('',#8285);
#2470=VERTEX_POINT('',#8287);
#2471=VERTEX_POINT('',#8290);
#2472=VERTEX_POINT('',#8291);
#2473=VERTEX_POINT('',#8293);
#2474=VERTEX_POINT('',#8295);
#2475=VERTEX_POINT('',#8298);
#2476=VERTEX_POINT('',#8299);
#2477=VERTEX_POINT('',#8301);
#2478=VERTEX_POINT('',#8303);
#2479=VERTEX_POINT('',#8306);
#2480=VERTEX_POINT('',#8307);
#2481=VERTEX_POINT('',#8309);
#2482=VERTEX_POINT('',#8311);
#2483=VERTEX_POINT('',#8314);
#2484=VERTEX_POINT('',#8315);
#2485=VERTEX_POINT('',#8317);
#2486=VERTEX_POINT('',#8319);
#2487=VERTEX_POINT('',#8322);
#2488=VERTEX_POINT('',#8323);
#2489=VERTEX_POINT('',#8325);
#2490=VERTEX_POINT('',#8327);
#2491=VERTEX_POINT('',#8330);
#2492=VERTEX_POINT('',#8331);
#2493=VERTEX_POINT('',#8333);
#2494=VERTEX_POINT('',#8335);
#2495=VERTEX_POINT('',#8338);
#2496=VERTEX_POINT('',#8339);
#2497=VERTEX_POINT('',#8341);
#2498=VERTEX_POINT('',#8343);
#2499=VERTEX_POINT('',#8345);
#2500=VERTEX_POINT('',#8347);
#2501=VERTEX_POINT('',#8350);
#2502=VERTEX_POINT('',#8351);
#2503=VERTEX_POINT('',#8353);
#2504=VERTEX_POINT('',#8355);
#2505=VERTEX_POINT('',#8357);
#2506=VERTEX_POINT('',#8359);
#2507=VERTEX_POINT('',#8361);
#2508=VERTEX_POINT('',#8363);
#2509=VERTEX_POINT('',#8365);
#2510=VERTEX_POINT('',#8367);
#2511=VERTEX_POINT('',#8369);
#2512=VERTEX_POINT('',#8371);
#2513=VERTEX_POINT('',#8373);
#2514=VERTEX_POINT('',#8376);
#2515=VERTEX_POINT('',#8379);
#2516=VERTEX_POINT('',#8381);
#2517=VERTEX_POINT('',#8386);
#2518=VERTEX_POINT('',#8391);
#2519=VERTEX_POINT('',#8395);
#2520=VERTEX_POINT('',#8399);
#2521=VERTEX_POINT('',#8404);
#2522=VERTEX_POINT('',#8408);
#2523=VERTEX_POINT('',#8412);
#2524=VERTEX_POINT('',#8413);
#2525=VERTEX_POINT('',#8415);
#2526=VERTEX_POINT('',#8417);
#2527=VERTEX_POINT('',#8421);
#2528=VERTEX_POINT('',#8423);
#2529=VERTEX_POINT('',#8427);
#2530=VERTEX_POINT('',#8429);
#2531=VERTEX_POINT('',#8433);
#2532=VERTEX_POINT('',#8435);
#2533=VERTEX_POINT('',#8439);
#2534=VERTEX_POINT('',#8441);
#2535=VERTEX_POINT('',#8445);
#2536=VERTEX_POINT('',#8447);
#2537=VERTEX_POINT('',#8451);
#2538=VERTEX_POINT('',#8453);
#2539=VERTEX_POINT('',#8457);
#2540=VERTEX_POINT('',#8459);
#2541=VERTEX_POINT('',#8463);
#2542=VERTEX_POINT('',#8465);
#2543=VERTEX_POINT('',#8469);
#2544=VERTEX_POINT('',#8471);
#2545=VERTEX_POINT('',#8475);
#2546=VERTEX_POINT('',#8477);
#2547=VERTEX_POINT('',#8484);
#2548=VERTEX_POINT('',#8486);
#2549=VERTEX_POINT('',#8490);
#2550=VERTEX_POINT('',#8494);
#2551=VERTEX_POINT('',#8498);
#2552=VERTEX_POINT('',#8502);
#2553=VERTEX_POINT('',#8506);
#2554=VERTEX_POINT('',#8510);
#2555=VERTEX_POINT('',#8514);
#2556=VERTEX_POINT('',#8518);
#2557=VERTEX_POINT('',#8522);
#2558=VERTEX_POINT('',#8526);
#2559=VERTEX_POINT('',#8530);
#2560=VERTEX_POINT('',#8537);
#2561=VERTEX_POINT('',#8539);
#2562=VERTEX_POINT('',#8543);
#2563=VERTEX_POINT('',#8547);
#2564=VERTEX_POINT('',#8554);
#2565=VERTEX_POINT('',#8556);
#2566=VERTEX_POINT('',#8560);
#2567=VERTEX_POINT('',#8564);
#2568=VERTEX_POINT('',#8568);
#2569=VERTEX_POINT('',#8575);
#2570=VERTEX_POINT('',#8577);
#2571=VERTEX_POINT('',#8581);
#2572=VERTEX_POINT('',#8585);
#2573=VERTEX_POINT('',#8592);
#2574=VERTEX_POINT('',#8594);
#2575=VERTEX_POINT('',#8598);
#2576=VERTEX_POINT('',#8602);
#2577=VERTEX_POINT('',#8609);
#2578=VERTEX_POINT('',#8611);
#2579=VERTEX_POINT('',#8615);
#2580=VERTEX_POINT('',#8619);
#2581=VERTEX_POINT('',#8626);
#2582=VERTEX_POINT('',#8628);
#2583=VERTEX_POINT('',#8632);
#2584=VERTEX_POINT('',#8636);
#2585=VERTEX_POINT('',#8643);
#2586=VERTEX_POINT('',#8644);
#2587=VERTEX_POINT('',#8646);
#2588=VERTEX_POINT('',#8648);
#2589=VERTEX_POINT('',#8652);
#2590=VERTEX_POINT('',#8654);
#2591=VERTEX_POINT('',#8658);
#2592=VERTEX_POINT('',#8660);
#2593=VERTEX_POINT('',#8667);
#2594=VERTEX_POINT('',#8669);
#2595=VERTEX_POINT('',#8673);
#2596=VERTEX_POINT('',#8677);
#2597=VERTEX_POINT('',#8681);
#2598=VERTEX_POINT('',#8685);
#2599=VERTEX_POINT('',#8689);
#2600=VERTEX_POINT('',#8693);
#2601=VERTEX_POINT('',#8697);
#2602=VERTEX_POINT('',#8701);
#2603=VERTEX_POINT('',#8705);
#2604=VERTEX_POINT('',#8709);
#2605=VERTEX_POINT('',#8713);
#2606=VERTEX_POINT('',#8717);
#2607=VERTEX_POINT('',#8721);
#2608=VERTEX_POINT('',#8725);
#2609=VERTEX_POINT('',#8729);
#2610=VERTEX_POINT('',#8733);
#2611=VERTEX_POINT('',#8737);
#2612=VERTEX_POINT('',#8741);
#2613=VERTEX_POINT('',#8745);
#2614=VERTEX_POINT('',#8749);
#2615=VERTEX_POINT('',#8753);
#2616=VERTEX_POINT('',#8757);
#2617=VERTEX_POINT('',#8761);
#2618=VERTEX_POINT('',#8765);
#2619=VERTEX_POINT('',#8769);
#2620=VERTEX_POINT('',#8773);
#2621=VERTEX_POINT('',#8777);
#2622=VERTEX_POINT('',#8781);
#2623=VERTEX_POINT('',#8785);
#2624=VERTEX_POINT('',#8789);
#2625=VERTEX_POINT('',#8793);
#2626=VERTEX_POINT('',#8797);
#2627=VERTEX_POINT('',#8801);
#2628=VERTEX_POINT('',#8805);
#2629=VERTEX_POINT('',#8812);
#2630=VERTEX_POINT('',#8813);
#2631=VERTEX_POINT('',#8815);
#2632=VERTEX_POINT('',#8817);
#2633=VERTEX_POINT('',#8821);
#2634=VERTEX_POINT('',#8823);
#2635=VERTEX_POINT('',#8827);
#2636=VERTEX_POINT('',#8829);
#2637=VERTEX_POINT('',#8833);
#2638=VERTEX_POINT('',#8835);
#2639=VERTEX_POINT('',#8839);
#2640=VERTEX_POINT('',#8841);
#2641=VERTEX_POINT('',#8845);
#2642=VERTEX_POINT('',#8847);
#2643=VERTEX_POINT('',#8851);
#2644=VERTEX_POINT('',#8853);
#2645=VERTEX_POINT('',#8857);
#2646=VERTEX_POINT('',#8859);
#2647=VERTEX_POINT('',#8863);
#2648=VERTEX_POINT('',#8865);
#2649=VERTEX_POINT('',#8869);
#2650=VERTEX_POINT('',#8871);
#2651=VERTEX_POINT('',#8875);
#2652=VERTEX_POINT('',#8877);
#2653=VERTEX_POINT('',#8884);
#2654=VERTEX_POINT('',#8886);
#2655=VERTEX_POINT('',#8890);
#2656=VERTEX_POINT('',#8894);
#2657=VERTEX_POINT('',#8898);
#2658=VERTEX_POINT('',#8902);
#2659=VERTEX_POINT('',#8906);
#2660=VERTEX_POINT('',#8910);
#2661=VERTEX_POINT('',#8914);
#2662=VERTEX_POINT('',#8918);
#2663=VERTEX_POINT('',#8925);
#2664=VERTEX_POINT('',#8927);
#2665=VERTEX_POINT('',#8931);
#2666=VERTEX_POINT('',#8935);
#2667=VERTEX_POINT('',#8939);
#2668=VERTEX_POINT('',#8943);
#2669=VERTEX_POINT('',#8950);
#2670=VERTEX_POINT('',#8952);
#2671=VERTEX_POINT('',#8956);
#2672=VERTEX_POINT('',#8960);
#2673=VERTEX_POINT('',#8967);
#2674=VERTEX_POINT('',#8969);
#2675=VERTEX_POINT('',#8973);
#2676=VERTEX_POINT('',#8977);
#2677=VERTEX_POINT('',#8984);
#2678=VERTEX_POINT('',#8986);
#2679=VERTEX_POINT('',#8990);
#2680=VERTEX_POINT('',#8994);
#2681=VERTEX_POINT('',#9001);
#2682=VERTEX_POINT('',#9003);
#2683=VERTEX_POINT('',#9007);
#2684=VERTEX_POINT('',#9011);
#2685=VERTEX_POINT('',#9018);
#2686=VERTEX_POINT('',#9020);
#2687=VERTEX_POINT('',#9024);
#2688=VERTEX_POINT('',#9028);
#2689=VERTEX_POINT('',#9035);
#2690=VERTEX_POINT('',#9037);
#2691=VERTEX_POINT('',#9041);
#2692=VERTEX_POINT('',#9045);
#2693=VERTEX_POINT('',#9052);
#2694=VERTEX_POINT('',#9054);
#2695=VERTEX_POINT('',#9058);
#2696=VERTEX_POINT('',#9062);
#2697=VERTEX_POINT('',#9066);
#2698=VERTEX_POINT('',#9070);
#2699=VERTEX_POINT('',#9077);
#2700=VERTEX_POINT('',#9079);
#2701=VERTEX_POINT('',#9083);
#2702=VERTEX_POINT('',#9087);
#2703=VERTEX_POINT('',#9091);
#2704=VERTEX_POINT('',#9095);
#2705=VERTEX_POINT('',#9099);
#2706=VERTEX_POINT('',#9103);
#2707=VERTEX_POINT('',#9107);
#2708=VERTEX_POINT('',#9111);
#2709=VERTEX_POINT('',#9115);
#2710=VERTEX_POINT('',#9119);
#2711=VERTEX_POINT('',#9123);
#2712=VERTEX_POINT('',#9133);
#2713=VERTEX_POINT('',#9134);
#2714=VERTEX_POINT('',#9136);
#2715=VERTEX_POINT('',#9138);
#2716=VERTEX_POINT('',#9142);
#2717=VERTEX_POINT('',#9144);
#2718=VERTEX_POINT('',#9148);
#2719=VERTEX_POINT('',#9150);
#2720=VERTEX_POINT('',#9152);
#2721=VERTEX_POINT('',#9154);
#2722=VERTEX_POINT('',#9156);
#2723=VERTEX_POINT('',#9159);
#2724=VERTEX_POINT('',#9160);
#2725=VERTEX_POINT('',#9162);
#2726=VERTEX_POINT('',#9164);
#2727=VERTEX_POINT('',#9168);
#2728=VERTEX_POINT('',#9172);
#2729=VERTEX_POINT('',#9176);
#2730=VERTEX_POINT('',#9178);
#2731=VERTEX_POINT('',#9182);
#2732=VERTEX_POINT('',#9188);
#2733=VERTEX_POINT('',#9190);
#2734=VERTEX_POINT('',#9194);
#2735=VERTEX_POINT('',#9196);
#2736=VERTEX_POINT('',#9201);
#2737=VERTEX_POINT('',#9202);
#2738=VERTEX_POINT('',#9204);
#2739=VERTEX_POINT('',#9206);
#2740=VERTEX_POINT('',#9208);
#2741=VERTEX_POINT('',#9210);
#2742=VERTEX_POINT('',#9212);
#2743=VERTEX_POINT('',#9214);
#2744=VERTEX_POINT('',#9216);
#2745=VERTEX_POINT('',#9218);
#2746=VERTEX_POINT('',#9220);
#2747=VERTEX_POINT('',#9222);
#2748=VERTEX_POINT('',#9224);
#2749=VERTEX_POINT('',#9226);
#2750=VERTEX_POINT('',#9228);
#2751=VERTEX_POINT('',#9230);
#2752=VERTEX_POINT('',#9232);
#2753=VERTEX_POINT('',#9234);
#2754=VERTEX_POINT('',#9237);
#2755=VERTEX_POINT('',#9241);
#2756=VERTEX_POINT('',#9243);
#2757=VERTEX_POINT('',#9247);
#2758=VERTEX_POINT('',#9253);
#2759=VERTEX_POINT('',#9254);
#2760=VERTEX_POINT('',#9256);
#2761=VERTEX_POINT('',#9258);
#2762=VERTEX_POINT('',#9261);
#2763=VERTEX_POINT('',#9264);
#2764=VERTEX_POINT('',#9268);
#2765=VERTEX_POINT('',#9275);
#2766=VERTEX_POINT('',#9277);
#2767=VERTEX_POINT('',#9282);
#2768=VERTEX_POINT('',#9284);
#2769=VERTEX_POINT('',#9286);
#2770=VERTEX_POINT('',#9289);
#2771=VERTEX_POINT('',#9293);
#2772=VERTEX_POINT('',#9295);
#2773=VERTEX_POINT('',#9299);
#2774=VERTEX_POINT('',#9304);
#2775=VERTEX_POINT('',#9308);
#2776=VERTEX_POINT('',#9310);
#2777=VERTEX_POINT('',#9314);
#2778=VERTEX_POINT('',#9318);
#2779=VERTEX_POINT('',#9322);
#2780=VERTEX_POINT('',#9324);
#2781=VERTEX_POINT('',#9327);
#2782=VERTEX_POINT('',#9329);
#2783=VERTEX_POINT('',#9331);
#2784=VERTEX_POINT('',#9333);
#2785=VERTEX_POINT('',#9335);
#2786=VERTEX_POINT('',#9337);
#2787=VERTEX_POINT('',#9341);
#2788=VERTEX_POINT('',#9345);
#2789=VERTEX_POINT('',#9349);
#2790=VERTEX_POINT('',#9351);
#2791=VERTEX_POINT('',#9355);
#2792=VERTEX_POINT('',#9359);
#2793=VERTEX_POINT('',#9368);
#2794=VERTEX_POINT('',#9370);
#2795=VERTEX_POINT('',#9372);
#2796=VERTEX_POINT('',#9376);
#2797=VERTEX_POINT('',#9380);
#2798=VERTEX_POINT('',#9387);
#2799=VERTEX_POINT('',#9391);
#2800=VERTEX_POINT('',#9401);
#2801=VERTEX_POINT('',#9410);
#2802=VERTEX_POINT('',#9414);
#2803=VERTEX_POINT('',#9420);
#2804=VERTEX_POINT('',#9430);
#2805=VERTEX_POINT('',#9431);
#2806=VERTEX_POINT('',#9433);
#2807=VERTEX_POINT('',#9435);
#2808=VERTEX_POINT('',#9439);
#2809=VERTEX_POINT('',#9440);
#2810=VERTEX_POINT('',#9442);
#2811=VERTEX_POINT('',#9444);
#2812=VERTEX_POINT('',#9451);
#2813=VERTEX_POINT('',#9452);
#2814=VERTEX_POINT('',#9454);
#2815=VERTEX_POINT('',#9456);
#2816=VERTEX_POINT('',#9460);
#2817=VERTEX_POINT('',#9462);
#2818=VERTEX_POINT('',#9466);
#2819=VERTEX_POINT('',#9467);
#2820=VERTEX_POINT('',#9472);
#2821=VERTEX_POINT('',#9473);
#2822=VERTEX_POINT('',#9478);
#2823=VERTEX_POINT('',#9479);
#2824=VERTEX_POINT('',#9487);
#2825=VERTEX_POINT('',#9489);
#2826=VERTEX_POINT('',#9493);
#2827=VERTEX_POINT('',#9497);
#2828=VERTEX_POINT('',#9503);
#2829=VERTEX_POINT('',#9507);
#2830=VERTEX_POINT('',#9513);
#2831=VERTEX_POINT('',#9515);
#2832=VERTEX_POINT('',#9517);
#2833=VERTEX_POINT('',#9519);
#2834=VERTEX_POINT('',#9523);
#2835=VERTEX_POINT('',#9525);
#2836=VERTEX_POINT('',#9529);
#2837=VERTEX_POINT('',#9531);
#2838=VERTEX_POINT('',#9535);
#2839=VERTEX_POINT('',#9537);
#2840=VERTEX_POINT('',#9541);
#2841=VERTEX_POINT('',#9543);
#2842=VERTEX_POINT('',#9547);
#2843=VERTEX_POINT('',#9549);
#2844=VERTEX_POINT('',#9553);
#2845=VERTEX_POINT('',#9555);
#2846=VERTEX_POINT('',#9564);
#2847=VERTEX_POINT('',#9565);
#2848=VERTEX_POINT('',#9567);
#2849=VERTEX_POINT('',#9582);
#2850=VERTEX_POINT('',#9602);
#2851=VERTEX_POINT('',#9604);
#2852=VERTEX_POINT('',#9608);
#2853=VERTEX_POINT('',#9611);
#2854=VERTEX_POINT('',#9615);
#2855=VERTEX_POINT('',#9619);
#2856=VERTEX_POINT('',#9620);
#2857=VERTEX_POINT('',#9622);
#2858=VERTEX_POINT('',#9624);
#2859=VERTEX_POINT('',#9628);
#2860=VERTEX_POINT('',#9630);
#2861=VERTEX_POINT('',#9634);
#2862=VERTEX_POINT('',#9636);
#2863=VERTEX_POINT('',#9643);
#2864=VERTEX_POINT('',#9645);
#2865=VERTEX_POINT('',#9649);
#2866=VERTEX_POINT('',#9653);
#2867=VERTEX_POINT('',#9654);
#2868=VERTEX_POINT('',#9686);
#2869=EDGE_CURVE('',#2332,#2332,#2215,.T.);
#2870=EDGE_CURVE('',#2333,#2334,#146,.T.);
#2871=EDGE_CURVE('',#2335,#2333,#147,.T.);
#2872=EDGE_CURVE('',#2336,#2335,#148,.T.);
#2873=EDGE_CURVE('',#2334,#2336,#149,.T.);
#2874=EDGE_CURVE('',#2337,#2337,#2216,.T.);
#2875=EDGE_CURVE('',#2337,#2332,#2217,.T.);
#2876=EDGE_CURVE('',#2338,#2338,#2218,.T.);
#2877=EDGE_CURVE('',#2339,#2339,#2219,.T.);
#2878=EDGE_CURVE('',#2340,#2340,#2220,.T.);
#2879=EDGE_CURVE('',#2341,#2341,#2221,.T.);
#2880=EDGE_CURVE('',#2342,#2343,#150,.T.);
#2881=EDGE_CURVE('',#2343,#2344,#151,.T.);
#2882=EDGE_CURVE('',#2344,#2345,#152,.T.);
#2883=EDGE_CURVE('',#2345,#2342,#153,.T.);
#2884=EDGE_CURVE('',#2346,#2346,#2222,.T.);
#2885=EDGE_CURVE('',#2346,#2338,#154,.T.);
#2886=EDGE_CURVE('',#2347,#2347,#2223,.T.);
#2887=EDGE_CURVE('',#2347,#2339,#155,.T.);
#2888=EDGE_CURVE('',#2348,#2348,#2224,.T.);
#2889=EDGE_CURVE('',#2348,#2340,#156,.T.);
#2890=EDGE_CURVE('',#2349,#2349,#2225,.T.);
#2891=EDGE_CURVE('',#2349,#2341,#157,.T.);
#2892=EDGE_CURVE('',#2333,#2342,#158,.T.);
#2893=EDGE_CURVE('',#2335,#2345,#159,.T.);
#2894=EDGE_CURVE('',#2336,#2344,#160,.T.);
#2895=EDGE_CURVE('',#2334,#2343,#161,.T.);
#2896=EDGE_CURVE('',#2350,#2350,#2226,.T.);
#2897=EDGE_CURVE('',#2350,#2351,#162,.T.);
#2898=EDGE_CURVE('',#2351,#2351,#2227,.T.);
#2899=EDGE_CURVE('',#2352,#2353,#2228,.T.);
#2900=EDGE_CURVE('',#2353,#2354,#163,.T.);
#2901=EDGE_CURVE('',#2354,#2355,#2229,.T.);
#2902=EDGE_CURVE('',#2355,#2352,#164,.T.);
#2903=EDGE_CURVE('',#2356,#2353,#165,.T.);
#2904=EDGE_CURVE('',#2357,#2356,#166,.T.);
#2905=EDGE_CURVE('',#2358,#2357,#167,.T.);
#2906=EDGE_CURVE('',#2359,#2358,#168,.T.);
#2907=EDGE_CURVE('',#2354,#2359,#169,.T.);
#2908=EDGE_CURVE('',#2352,#2360,#170,.T.);
#2909=EDGE_CURVE('',#2361,#2360,#2230,.T.);
#2910=EDGE_CURVE('',#2361,#2362,#171,.T.);
#2911=EDGE_CURVE('',#2363,#2362,#2231,.T.);
#2912=EDGE_CURVE('',#2363,#2364,#172,.T.);
#2913=EDGE_CURVE('',#2356,#2364,#2232,.T.);
#2914=EDGE_CURVE('',#2365,#2365,#2233,.T.);
#2915=EDGE_CURVE('',#2366,#2366,#2234,.T.);
#2916=EDGE_CURVE('',#2367,#2368,#2235,.T.);
#2917=EDGE_CURVE('',#2368,#2369,#2236,.T.);
#2918=EDGE_CURVE('',#2369,#2370,#2237,.T.);
#2919=EDGE_CURVE('',#2367,#2370,#19,.T.);
#2920=EDGE_CURVE('',#2371,#2372,#2238,.T.);
#2921=EDGE_CURVE('',#2372,#2369,#173,.T.);
#2922=EDGE_CURVE('',#2368,#2371,#174,.T.);
#2923=EDGE_CURVE('',#2373,#2372,#2239,.T.);
#2924=EDGE_CURVE('',#2371,#2374,#2240,.T.);
#2925=EDGE_CURVE('',#2374,#2373,#20,.T.);
#2926=EDGE_CURVE('',#2374,#2375,#2241,.T.);
#2927=EDGE_CURVE('',#2375,#2376,#2242,.T.);
#2928=EDGE_CURVE('',#2376,#2373,#2243,.T.);
#2929=EDGE_CURVE('',#2377,#2378,#2244,.T.);
#2930=EDGE_CURVE('',#2378,#2376,#175,.T.);
#2931=EDGE_CURVE('',#2375,#2377,#176,.T.);
#2932=EDGE_CURVE('',#2370,#2378,#2245,.T.);
#2933=EDGE_CURVE('',#2377,#2367,#2246,.T.);
#2934=EDGE_CURVE('',#2379,#2378,#177,.T.);
#2935=EDGE_CURVE('',#2379,#2380,#178,.T.);
#2936=EDGE_CURVE('',#2380,#2381,#179,.T.);
#2937=EDGE_CURVE('',#2381,#2382,#180,.T.);
#2938=EDGE_CURVE('',#2382,#2383,#181,.T.);
#2939=EDGE_CURVE('',#2384,#2383,#182,.T.);
#2940=EDGE_CURVE('',#2385,#2384,#183,.T.);
#2941=EDGE_CURVE('',#2376,#2385,#184,.T.);
#2942=EDGE_CURVE('',#2386,#2387,#185,.T.);
#2943=EDGE_CURVE('',#2387,#2388,#186,.T.);
#2944=EDGE_CURVE('',#2388,#2389,#187,.T.);
#2945=EDGE_CURVE('',#2389,#2390,#188,.T.);
#2946=EDGE_CURVE('',#2390,#2391,#189,.T.);
#2947=EDGE_CURVE('',#2391,#2392,#190,.T.);
#2948=EDGE_CURVE('',#2392,#2393,#191,.T.);
#2949=EDGE_CURVE('',#2393,#2394,#192,.T.);
#2950=EDGE_CURVE('',#2394,#2395,#193,.T.);
#2951=EDGE_CURVE('',#2395,#2396,#194,.T.);
#2952=EDGE_CURVE('',#2396,#2397,#195,.T.);
#2953=EDGE_CURVE('',#2397,#2398,#196,.T.);
#2954=EDGE_CURVE('',#2398,#2386,#197,.T.);
#2955=EDGE_CURVE('',#2399,#2400,#198,.T.);
#2956=EDGE_CURVE('',#2400,#2401,#199,.T.);
#2957=EDGE_CURVE('',#2401,#2402,#200,.T.);
#2958=EDGE_CURVE('',#2402,#2399,#201,.T.);
#2959=EDGE_CURVE('',#2403,#2404,#202,.T.);
#2960=EDGE_CURVE('',#2404,#2405,#203,.T.);
#2961=EDGE_CURVE('',#2405,#2406,#204,.T.);
#2962=EDGE_CURVE('',#2406,#2403,#205,.T.);
#2963=EDGE_CURVE('',#2407,#2408,#206,.T.);
#2964=EDGE_CURVE('',#2408,#2409,#207,.T.);
#2965=EDGE_CURVE('',#2409,#2410,#208,.T.);
#2966=EDGE_CURVE('',#2410,#2407,#209,.T.);
#2967=EDGE_CURVE('',#2411,#2412,#210,.T.);
#2968=EDGE_CURVE('',#2412,#2413,#211,.T.);
#2969=EDGE_CURVE('',#2413,#2414,#212,.T.);
#2970=EDGE_CURVE('',#2414,#2411,#213,.T.);
#2971=EDGE_CURVE('',#2415,#2416,#214,.T.);
#2972=EDGE_CURVE('',#2416,#2417,#215,.T.);
#2973=EDGE_CURVE('',#2417,#2418,#216,.T.);
#2974=EDGE_CURVE('',#2418,#2415,#217,.T.);
#2975=EDGE_CURVE('',#2419,#2420,#218,.T.);
#2976=EDGE_CURVE('',#2420,#2421,#219,.T.);
#2977=EDGE_CURVE('',#2421,#2422,#220,.T.);
#2978=EDGE_CURVE('',#2422,#2423,#221,.T.);
#2979=EDGE_CURVE('',#2423,#2424,#222,.T.);
#2980=EDGE_CURVE('',#2424,#2425,#223,.T.);
#2981=EDGE_CURVE('',#2425,#2426,#224,.T.);
#2982=EDGE_CURVE('',#2426,#2427,#225,.T.);
#2983=EDGE_CURVE('',#2427,#2428,#226,.T.);
#2984=EDGE_CURVE('',#2428,#2429,#227,.T.);
#2985=EDGE_CURVE('',#2429,#2430,#228,.T.);
#2986=EDGE_CURVE('',#2430,#2431,#229,.T.);
#2987=EDGE_CURVE('',#2431,#2432,#230,.T.);
#2988=EDGE_CURVE('',#2432,#2433,#231,.T.);
#2989=EDGE_CURVE('',#2433,#2434,#232,.T.);
#2990=EDGE_CURVE('',#2434,#2435,#233,.T.);
#2991=EDGE_CURVE('',#2435,#2436,#234,.T.);
#2992=EDGE_CURVE('',#2436,#2437,#235,.T.);
#2993=EDGE_CURVE('',#2437,#2438,#236,.T.);
#2994=EDGE_CURVE('',#2438,#2439,#237,.T.);
#2995=EDGE_CURVE('',#2439,#2440,#238,.T.);
#2996=EDGE_CURVE('',#2440,#2441,#239,.T.);
#2997=EDGE_CURVE('',#2441,#2442,#240,.T.);
#2998=EDGE_CURVE('',#2442,#2443,#241,.T.);
#2999=EDGE_CURVE('',#2443,#2444,#242,.T.);
#3000=EDGE_CURVE('',#2444,#2445,#243,.T.);
#3001=EDGE_CURVE('',#2445,#2446,#244,.T.);
#3002=EDGE_CURVE('',#2446,#2447,#245,.T.);
#3003=EDGE_CURVE('',#2447,#2448,#246,.T.);
#3004=EDGE_CURVE('',#2448,#2449,#247,.T.);
#3005=EDGE_CURVE('',#2449,#2450,#248,.T.);
#3006=EDGE_CURVE('',#2450,#2451,#249,.T.);
#3007=EDGE_CURVE('',#2451,#2452,#250,.T.);
#3008=EDGE_CURVE('',#2452,#2453,#251,.T.);
#3009=EDGE_CURVE('',#2453,#2454,#252,.T.);
#3010=EDGE_CURVE('',#2454,#2419,#253,.T.);
#3011=EDGE_CURVE('',#2455,#2456,#254,.T.);
#3012=EDGE_CURVE('',#2456,#2457,#255,.T.);
#3013=EDGE_CURVE('',#2457,#2458,#256,.T.);
#3014=EDGE_CURVE('',#2458,#2459,#257,.T.);
#3015=EDGE_CURVE('',#2459,#2460,#258,.T.);
#3016=EDGE_CURVE('',#2460,#2461,#259,.T.);
#3017=EDGE_CURVE('',#2461,#2462,#260,.T.);
#3018=EDGE_CURVE('',#2462,#2463,#261,.T.);
#3019=EDGE_CURVE('',#2463,#2464,#262,.T.);
#3020=EDGE_CURVE('',#2464,#2455,#263,.T.);
#3021=EDGE_CURVE('',#2465,#2466,#264,.T.);
#3022=EDGE_CURVE('',#2466,#2467,#265,.T.);
#3023=EDGE_CURVE('',#2467,#2468,#266,.T.);
#3024=EDGE_CURVE('',#2468,#2469,#267,.T.);
#3025=EDGE_CURVE('',#2469,#2470,#268,.T.);
#3026=EDGE_CURVE('',#2470,#2465,#269,.T.);
#3027=EDGE_CURVE('',#2471,#2472,#270,.T.);
#3028=EDGE_CURVE('',#2472,#2473,#271,.T.);
#3029=EDGE_CURVE('',#2473,#2474,#272,.T.);
#3030=EDGE_CURVE('',#2474,#2471,#273,.T.);
#3031=EDGE_CURVE('',#2475,#2476,#274,.T.);
#3032=EDGE_CURVE('',#2476,#2477,#275,.T.);
#3033=EDGE_CURVE('',#2477,#2478,#276,.T.);
#3034=EDGE_CURVE('',#2478,#2475,#277,.T.);
#3035=EDGE_CURVE('',#2479,#2480,#278,.T.);
#3036=EDGE_CURVE('',#2480,#2481,#279,.T.);
#3037=EDGE_CURVE('',#2481,#2482,#280,.T.);
#3038=EDGE_CURVE('',#2482,#2479,#281,.T.);
#3039=EDGE_CURVE('',#2483,#2484,#282,.T.);
#3040=EDGE_CURVE('',#2484,#2485,#283,.T.);
#3041=EDGE_CURVE('',#2485,#2486,#284,.T.);
#3042=EDGE_CURVE('',#2486,#2483,#285,.T.);
#3043=EDGE_CURVE('',#2487,#2488,#286,.T.);
#3044=EDGE_CURVE('',#2488,#2489,#287,.T.);
#3045=EDGE_CURVE('',#2489,#2490,#288,.T.);
#3046=EDGE_CURVE('',#2490,#2487,#289,.T.);
#3047=EDGE_CURVE('',#2491,#2492,#290,.T.);
#3048=EDGE_CURVE('',#2492,#2493,#291,.T.);
#3049=EDGE_CURVE('',#2493,#2494,#292,.T.);
#3050=EDGE_CURVE('',#2494,#2491,#293,.T.);
#3051=EDGE_CURVE('',#2495,#2496,#294,.T.);
#3052=EDGE_CURVE('',#2496,#2497,#295,.T.);
#3053=EDGE_CURVE('',#2497,#2498,#296,.T.);
#3054=EDGE_CURVE('',#2498,#2499,#297,.T.);
#3055=EDGE_CURVE('',#2499,#2500,#298,.T.);
#3056=EDGE_CURVE('',#2500,#2495,#299,.T.);
#3057=EDGE_CURVE('',#2501,#2502,#300,.T.);
#3058=EDGE_CURVE('',#2502,#2503,#301,.T.);
#3059=EDGE_CURVE('',#2503,#2504,#302,.T.);
#3060=EDGE_CURVE('',#2504,#2505,#303,.T.);
#3061=EDGE_CURVE('',#2505,#2506,#304,.T.);
#3062=EDGE_CURVE('',#2506,#2507,#305,.T.);
#3063=EDGE_CURVE('',#2507,#2508,#306,.T.);
#3064=EDGE_CURVE('',#2508,#2509,#307,.T.);
#3065=EDGE_CURVE('',#2509,#2510,#308,.T.);
#3066=EDGE_CURVE('',#2510,#2511,#309,.T.);
#3067=EDGE_CURVE('',#2511,#2512,#310,.T.);
#3068=EDGE_CURVE('',#2512,#2513,#311,.T.);
#3069=EDGE_CURVE('',#2513,#2501,#312,.T.);
#3070=EDGE_CURVE('',#2514,#2514,#2247,.T.);
#3071=EDGE_CURVE('',#2370,#2515,#313,.T.);
#3072=EDGE_CURVE('',#2515,#2516,#314,.T.);
#3073=EDGE_CURVE('',#2516,#2384,#2248,.T.);
#3074=EDGE_CURVE('',#2383,#2379,#315,.T.);
#3075=EDGE_CURVE('',#2369,#2517,#316,.T.);
#3076=EDGE_CURVE('',#2515,#2517,#2249,.T.);
#3077=EDGE_CURVE('',#2364,#2518,#317,.T.);
#3078=EDGE_CURVE('',#2518,#2357,#2250,.F.);
#3079=EDGE_CURVE('',#2519,#2363,#318,.T.);
#3080=EDGE_CURVE('',#2518,#2519,#319,.T.);
#3081=EDGE_CURVE('',#2362,#2520,#320,.T.);
#3082=EDGE_CURVE('',#2520,#2519,#2251,.F.);
#3083=EDGE_CURVE('',#2515,#2520,#321,.T.);
#3084=EDGE_CURVE('',#2521,#2361,#322,.T.);
#3085=EDGE_CURVE('',#2516,#2521,#323,.T.);
#3086=EDGE_CURVE('',#2360,#2522,#324,.T.);
#3087=EDGE_CURVE('',#2522,#2521,#2252,.T.);
#3088=EDGE_CURVE('',#2523,#2524,#325,.T.);
#3089=EDGE_CURVE('',#2523,#2525,#326,.T.);
#3090=EDGE_CURVE('',#2525,#2526,#327,.T.);
#3091=EDGE_CURVE('',#2524,#2526,#328,.T.);
#3092=EDGE_CURVE('',#2527,#2523,#329,.T.);
#3093=EDGE_CURVE('',#2527,#2528,#330,.T.);
#3094=EDGE_CURVE('',#2528,#2525,#331,.T.);
#3095=EDGE_CURVE('',#2529,#2527,#332,.T.);
#3096=EDGE_CURVE('',#2529,#2530,#333,.T.);
#3097=EDGE_CURVE('',#2530,#2528,#334,.T.);
#3098=EDGE_CURVE('',#2531,#2529,#335,.T.);
#3099=EDGE_CURVE('',#2531,#2532,#336,.T.);
#3100=EDGE_CURVE('',#2532,#2530,#337,.T.);
#3101=EDGE_CURVE('',#2533,#2531,#338,.T.);
#3102=EDGE_CURVE('',#2533,#2534,#339,.T.);
#3103=EDGE_CURVE('',#2534,#2532,#340,.T.);
#3104=EDGE_CURVE('',#2535,#2533,#341,.T.);
#3105=EDGE_CURVE('',#2535,#2536,#342,.T.);
#3106=EDGE_CURVE('',#2536,#2534,#343,.T.);
#3107=EDGE_CURVE('',#2537,#2535,#344,.T.);
#3108=EDGE_CURVE('',#2537,#2538,#345,.T.);
#3109=EDGE_CURVE('',#2538,#2536,#346,.T.);
#3110=EDGE_CURVE('',#2539,#2537,#347,.T.);
#3111=EDGE_CURVE('',#2539,#2540,#348,.T.);
#3112=EDGE_CURVE('',#2540,#2538,#349,.T.);
#3113=EDGE_CURVE('',#2541,#2539,#350,.T.);
#3114=EDGE_CURVE('',#2541,#2542,#351,.T.);
#3115=EDGE_CURVE('',#2542,#2540,#352,.T.);
#3116=EDGE_CURVE('',#2543,#2541,#353,.T.);
#3117=EDGE_CURVE('',#2543,#2544,#354,.T.);
#3118=EDGE_CURVE('',#2544,#2542,#355,.T.);
#3119=EDGE_CURVE('',#2545,#2543,#356,.T.);
#3120=EDGE_CURVE('',#2545,#2546,#357,.T.);
#3121=EDGE_CURVE('',#2546,#2544,#358,.T.);
#3122=EDGE_CURVE('',#2524,#2545,#359,.T.);
#3123=EDGE_CURVE('',#2526,#2546,#360,.T.);
#3124=EDGE_CURVE('',#2386,#2547,#361,.T.);
#3125=EDGE_CURVE('',#2547,#2548,#362,.T.);
#3126=EDGE_CURVE('',#2387,#2548,#363,.T.);
#3127=EDGE_CURVE('',#2398,#2549,#364,.T.);
#3128=EDGE_CURVE('',#2549,#2547,#365,.T.);
#3129=EDGE_CURVE('',#2397,#2550,#366,.T.);
#3130=EDGE_CURVE('',#2550,#2549,#367,.T.);
#3131=EDGE_CURVE('',#2396,#2551,#368,.T.);
#3132=EDGE_CURVE('',#2551,#2550,#369,.T.);
#3133=EDGE_CURVE('',#2395,#2552,#370,.T.);
#3134=EDGE_CURVE('',#2552,#2551,#371,.T.);
#3135=EDGE_CURVE('',#2394,#2553,#372,.T.);
#3136=EDGE_CURVE('',#2553,#2552,#373,.T.);
#3137=EDGE_CURVE('',#2393,#2554,#374,.T.);
#3138=EDGE_CURVE('',#2554,#2553,#375,.T.);
#3139=EDGE_CURVE('',#2392,#2555,#376,.T.);
#3140=EDGE_CURVE('',#2555,#2554,#377,.T.);
#3141=EDGE_CURVE('',#2391,#2556,#378,.T.);
#3142=EDGE_CURVE('',#2556,#2555,#379,.T.);
#3143=EDGE_CURVE('',#2390,#2557,#380,.T.);
#3144=EDGE_CURVE('',#2557,#2556,#381,.T.);
#3145=EDGE_CURVE('',#2389,#2558,#382,.T.);
#3146=EDGE_CURVE('',#2558,#2557,#383,.T.);
#3147=EDGE_CURVE('',#2388,#2559,#384,.T.);
#3148=EDGE_CURVE('',#2559,#2558,#385,.T.);
#3149=EDGE_CURVE('',#2548,#2559,#386,.T.);
#3150=EDGE_CURVE('',#2399,#2560,#387,.T.);
#3151=EDGE_CURVE('',#2560,#2561,#388,.T.);
#3152=EDGE_CURVE('',#2400,#2561,#389,.T.);
#3153=EDGE_CURVE('',#2402,#2562,#390,.T.);
#3154=EDGE_CURVE('',#2562,#2560,#391,.T.);
#3155=EDGE_CURVE('',#2401,#2563,#392,.T.);
#3156=EDGE_CURVE('',#2563,#2562,#393,.T.);
#3157=EDGE_CURVE('',#2561,#2563,#394,.T.);
#3158=EDGE_CURVE('',#2382,#2564,#395,.T.);
#3159=EDGE_CURVE('',#2564,#2565,#396,.T.);
#3160=EDGE_CURVE('',#2383,#2565,#397,.T.);
#3161=EDGE_CURVE('',#2381,#2566,#398,.T.);
#3162=EDGE_CURVE('',#2566,#2564,#399,.T.);
#3163=EDGE_CURVE('',#2380,#2567,#400,.T.);
#3164=EDGE_CURVE('',#2567,#2566,#401,.T.);
#3165=EDGE_CURVE('',#2379,#2568,#402,.T.);
#3166=EDGE_CURVE('',#2568,#2567,#403,.T.);
#3167=EDGE_CURVE('',#2565,#2568,#404,.T.);
#3168=EDGE_CURVE('',#2403,#2569,#405,.T.);
#3169=EDGE_CURVE('',#2569,#2570,#406,.T.);
#3170=EDGE_CURVE('',#2404,#2570,#407,.T.);
#3171=EDGE_CURVE('',#2406,#2571,#408,.T.);
#3172=EDGE_CURVE('',#2571,#2569,#409,.T.);
#3173=EDGE_CURVE('',#2405,#2572,#410,.T.);
#3174=EDGE_CURVE('',#2572,#2571,#411,.T.);
#3175=EDGE_CURVE('',#2570,#2572,#412,.T.);
#3176=EDGE_CURVE('',#2407,#2573,#413,.T.);
#3177=EDGE_CURVE('',#2573,#2574,#414,.T.);
#3178=EDGE_CURVE('',#2408,#2574,#415,.T.);
#3179=EDGE_CURVE('',#2410,#2575,#416,.T.);
#3180=EDGE_CURVE('',#2575,#2573,#417,.T.);
#3181=EDGE_CURVE('',#2409,#2576,#418,.T.);
#3182=EDGE_CURVE('',#2576,#2575,#419,.T.);
#3183=EDGE_CURVE('',#2574,#2576,#420,.T.);
#3184=EDGE_CURVE('',#2411,#2577,#421,.T.);
#3185=EDGE_CURVE('',#2577,#2578,#422,.T.);
#3186=EDGE_CURVE('',#2412,#2578,#423,.T.);
#3187=EDGE_CURVE('',#2414,#2579,#424,.T.);
#3188=EDGE_CURVE('',#2579,#2577,#425,.T.);
#3189=EDGE_CURVE('',#2413,#2580,#426,.T.);
#3190=EDGE_CURVE('',#2580,#2579,#427,.T.);
#3191=EDGE_CURVE('',#2578,#2580,#428,.T.);
#3192=EDGE_CURVE('',#2415,#2581,#429,.T.);
#3193=EDGE_CURVE('',#2581,#2582,#430,.T.);
#3194=EDGE_CURVE('',#2416,#2582,#431,.T.);
#3195=EDGE_CURVE('',#2418,#2583,#432,.T.);
#3196=EDGE_CURVE('',#2583,#2581,#433,.T.);
#3197=EDGE_CURVE('',#2417,#2584,#434,.T.);
#3198=EDGE_CURVE('',#2584,#2583,#435,.T.);
#3199=EDGE_CURVE('',#2582,#2584,#436,.T.);
#3200=EDGE_CURVE('',#2585,#2586,#437,.T.);
#3201=EDGE_CURVE('',#2585,#2587,#438,.T.);
#3202=EDGE_CURVE('',#2587,#2588,#439,.T.);
#3203=EDGE_CURVE('',#2586,#2588,#440,.T.);
#3204=EDGE_CURVE('',#2589,#2585,#441,.T.);
#3205=EDGE_CURVE('',#2589,#2590,#442,.T.);
#3206=EDGE_CURVE('',#2590,#2587,#443,.T.);
#3207=EDGE_CURVE('',#2591,#2589,#444,.T.);
#3208=EDGE_CURVE('',#2591,#2592,#445,.T.);
#3209=EDGE_CURVE('',#2592,#2590,#446,.T.);
#3210=EDGE_CURVE('',#2586,#2591,#447,.T.);
#3211=EDGE_CURVE('',#2588,#2592,#448,.T.);
#3212=EDGE_CURVE('',#2419,#2593,#449,.T.);
#3213=EDGE_CURVE('',#2593,#2594,#450,.T.);
#3214=EDGE_CURVE('',#2420,#2594,#451,.T.);
#3215=EDGE_CURVE('',#2454,#2595,#452,.T.);
#3216=EDGE_CURVE('',#2595,#2593,#453,.T.);
#3217=EDGE_CURVE('',#2453,#2596,#454,.T.);
#3218=EDGE_CURVE('',#2596,#2595,#455,.T.);
#3219=EDGE_CURVE('',#2452,#2597,#456,.T.);
#3220=EDGE_CURVE('',#2597,#2596,#457,.T.);
#3221=EDGE_CURVE('',#2451,#2598,#458,.T.);
#3222=EDGE_CURVE('',#2598,#2597,#459,.T.);
#3223=EDGE_CURVE('',#2450,#2599,#460,.T.);
#3224=EDGE_CURVE('',#2599,#2598,#461,.T.);
#3225=EDGE_CURVE('',#2449,#2600,#462,.T.);
#3226=EDGE_CURVE('',#2600,#2599,#463,.T.);
#3227=EDGE_CURVE('',#2448,#2601,#464,.T.);
#3228=EDGE_CURVE('',#2601,#2600,#465,.T.);
#3229=EDGE_CURVE('',#2447,#2602,#466,.T.);
#3230=EDGE_CURVE('',#2602,#2601,#467,.T.);
#3231=EDGE_CURVE('',#2446,#2603,#468,.T.);
#3232=EDGE_CURVE('',#2603,#2602,#469,.T.);
#3233=EDGE_CURVE('',#2445,#2604,#470,.T.);
#3234=EDGE_CURVE('',#2604,#2603,#471,.T.);
#3235=EDGE_CURVE('',#2444,#2605,#472,.T.);
#3236=EDGE_CURVE('',#2605,#2604,#473,.T.);
#3237=EDGE_CURVE('',#2443,#2606,#474,.T.);
#3238=EDGE_CURVE('',#2606,#2605,#475,.T.);
#3239=EDGE_CURVE('',#2442,#2607,#476,.T.);
#3240=EDGE_CURVE('',#2607,#2606,#477,.T.);
#3241=EDGE_CURVE('',#2441,#2608,#478,.T.);
#3242=EDGE_CURVE('',#2608,#2607,#479,.T.);
#3243=EDGE_CURVE('',#2440,#2609,#480,.T.);
#3244=EDGE_CURVE('',#2609,#2608,#481,.T.);
#3245=EDGE_CURVE('',#2439,#2610,#482,.T.);
#3246=EDGE_CURVE('',#2610,#2609,#483,.T.);
#3247=EDGE_CURVE('',#2438,#2611,#484,.T.);
#3248=EDGE_CURVE('',#2611,#2610,#485,.T.);
#3249=EDGE_CURVE('',#2437,#2612,#486,.T.);
#3250=EDGE_CURVE('',#2612,#2611,#487,.T.);
#3251=EDGE_CURVE('',#2436,#2613,#488,.T.);
#3252=EDGE_CURVE('',#2613,#2612,#489,.T.);
#3253=EDGE_CURVE('',#2435,#2614,#490,.T.);
#3254=EDGE_CURVE('',#2614,#2613,#491,.T.);
#3255=EDGE_CURVE('',#2434,#2615,#492,.T.);
#3256=EDGE_CURVE('',#2615,#2614,#493,.T.);
#3257=EDGE_CURVE('',#2433,#2616,#494,.T.);
#3258=EDGE_CURVE('',#2616,#2615,#495,.T.);
#3259=EDGE_CURVE('',#2432,#2617,#496,.T.);
#3260=EDGE_CURVE('',#2617,#2616,#497,.T.);
#3261=EDGE_CURVE('',#2431,#2618,#498,.T.);
#3262=EDGE_CURVE('',#2618,#2617,#499,.T.);
#3263=EDGE_CURVE('',#2430,#2619,#500,.T.);
#3264=EDGE_CURVE('',#2619,#2618,#501,.T.);
#3265=EDGE_CURVE('',#2429,#2620,#502,.T.);
#3266=EDGE_CURVE('',#2620,#2619,#503,.T.);
#3267=EDGE_CURVE('',#2428,#2621,#504,.T.);
#3268=EDGE_CURVE('',#2621,#2620,#505,.T.);
#3269=EDGE_CURVE('',#2427,#2622,#506,.T.);
#3270=EDGE_CURVE('',#2622,#2621,#507,.T.);
#3271=EDGE_CURVE('',#2426,#2623,#508,.T.);
#3272=EDGE_CURVE('',#2623,#2622,#509,.T.);
#3273=EDGE_CURVE('',#2425,#2624,#510,.T.);
#3274=EDGE_CURVE('',#2624,#2623,#511,.T.);
#3275=EDGE_CURVE('',#2424,#2625,#512,.T.);
#3276=EDGE_CURVE('',#2625,#2624,#513,.T.);
#3277=EDGE_CURVE('',#2423,#2626,#514,.T.);
#3278=EDGE_CURVE('',#2626,#2625,#515,.T.);
#3279=EDGE_CURVE('',#2422,#2627,#516,.T.);
#3280=EDGE_CURVE('',#2627,#2626,#517,.T.);
#3281=EDGE_CURVE('',#2421,#2628,#518,.T.);
#3282=EDGE_CURVE('',#2628,#2627,#519,.T.);
#3283=EDGE_CURVE('',#2594,#2628,#520,.T.);
#3284=EDGE_CURVE('',#2629,#2630,#521,.T.);
#3285=EDGE_CURVE('',#2629,#2631,#522,.T.);
#3286=EDGE_CURVE('',#2631,#2632,#523,.T.);
#3287=EDGE_CURVE('',#2630,#2632,#524,.T.);
#3288=EDGE_CURVE('',#2633,#2629,#525,.T.);
#3289=EDGE_CURVE('',#2633,#2634,#526,.T.);
#3290=EDGE_CURVE('',#2634,#2631,#527,.T.);
#3291=EDGE_CURVE('',#2635,#2633,#528,.T.);
#3292=EDGE_CURVE('',#2635,#2636,#529,.T.);
#3293=EDGE_CURVE('',#2636,#2634,#530,.T.);
#3294=EDGE_CURVE('',#2637,#2635,#531,.T.);
#3295=EDGE_CURVE('',#2637,#2638,#532,.T.);
#3296=EDGE_CURVE('',#2638,#2636,#533,.T.);
#3297=EDGE_CURVE('',#2639,#2637,#534,.T.);
#3298=EDGE_CURVE('',#2639,#2640,#535,.T.);
#3299=EDGE_CURVE('',#2640,#2638,#536,.T.);
#3300=EDGE_CURVE('',#2641,#2639,#537,.T.);
#3301=EDGE_CURVE('',#2641,#2642,#538,.T.);
#3302=EDGE_CURVE('',#2642,#2640,#539,.T.);
#3303=EDGE_CURVE('',#2643,#2641,#540,.T.);
#3304=EDGE_CURVE('',#2643,#2644,#541,.T.);
#3305=EDGE_CURVE('',#2644,#2642,#542,.T.);
#3306=EDGE_CURVE('',#2645,#2643,#543,.T.);
#3307=EDGE_CURVE('',#2645,#2646,#544,.T.);
#3308=EDGE_CURVE('',#2646,#2644,#545,.T.);
#3309=EDGE_CURVE('',#2647,#2645,#546,.T.);
#3310=EDGE_CURVE('',#2647,#2648,#547,.T.);
#3311=EDGE_CURVE('',#2648,#2646,#548,.T.);
#3312=EDGE_CURVE('',#2649,#2647,#549,.T.);
#3313=EDGE_CURVE('',#2649,#2650,#550,.T.);
#3314=EDGE_CURVE('',#2650,#2648,#551,.T.);
#3315=EDGE_CURVE('',#2651,#2649,#552,.T.);
#3316=EDGE_CURVE('',#2651,#2652,#553,.T.);
#3317=EDGE_CURVE('',#2652,#2650,#554,.T.);
#3318=EDGE_CURVE('',#2630,#2651,#555,.T.);
#3319=EDGE_CURVE('',#2632,#2652,#556,.T.);
#3320=EDGE_CURVE('',#2455,#2653,#557,.T.);
#3321=EDGE_CURVE('',#2653,#2654,#558,.T.);
#3322=EDGE_CURVE('',#2456,#2654,#559,.T.);
#3323=EDGE_CURVE('',#2464,#2655,#560,.T.);
#3324=EDGE_CURVE('',#2655,#2653,#561,.T.);
#3325=EDGE_CURVE('',#2463,#2656,#562,.T.);
#3326=EDGE_CURVE('',#2656,#2655,#563,.T.);
#3327=EDGE_CURVE('',#2462,#2657,#564,.T.);
#3328=EDGE_CURVE('',#2657,#2656,#565,.T.);
#3329=EDGE_CURVE('',#2461,#2658,#566,.T.);
#3330=EDGE_CURVE('',#2658,#2657,#567,.T.);
#3331=EDGE_CURVE('',#2460,#2659,#568,.T.);
#3332=EDGE_CURVE('',#2659,#2658,#569,.T.);
#3333=EDGE_CURVE('',#2459,#2660,#570,.T.);
#3334=EDGE_CURVE('',#2660,#2659,#571,.T.);
#3335=EDGE_CURVE('',#2458,#2661,#572,.T.);
#3336=EDGE_CURVE('',#2661,#2660,#573,.T.);
#3337=EDGE_CURVE('',#2457,#2662,#574,.T.);
#3338=EDGE_CURVE('',#2662,#2661,#575,.T.);
#3339=EDGE_CURVE('',#2654,#2662,#576,.T.);
#3340=EDGE_CURVE('',#2465,#2663,#577,.T.);
#3341=EDGE_CURVE('',#2663,#2664,#578,.T.);
#3342=EDGE_CURVE('',#2466,#2664,#579,.T.);
#3343=EDGE_CURVE('',#2470,#2665,#580,.T.);
#3344=EDGE_CURVE('',#2665,#2663,#581,.T.);
#3345=EDGE_CURVE('',#2469,#2666,#582,.T.);
#3346=EDGE_CURVE('',#2666,#2665,#583,.T.);
#3347=EDGE_CURVE('',#2468,#2667,#584,.T.);
#3348=EDGE_CURVE('',#2667,#2666,#585,.T.);
#3349=EDGE_CURVE('',#2467,#2668,#586,.T.);
#3350=EDGE_CURVE('',#2668,#2667,#587,.T.);
#3351=EDGE_CURVE('',#2664,#2668,#588,.T.);
#3352=EDGE_CURVE('',#2471,#2669,#589,.T.);
#3353=EDGE_CURVE('',#2669,#2670,#590,.T.);
#3354=EDGE_CURVE('',#2472,#2670,#591,.T.);
#3355=EDGE_CURVE('',#2474,#2671,#592,.T.);
#3356=EDGE_CURVE('',#2671,#2669,#593,.T.);
#3357=EDGE_CURVE('',#2473,#2672,#594,.T.);
#3358=EDGE_CURVE('',#2672,#2671,#595,.T.);
#3359=EDGE_CURVE('',#2670,#2672,#596,.T.);
#3360=EDGE_CURVE('',#2475,#2673,#597,.T.);
#3361=EDGE_CURVE('',#2673,#2674,#598,.T.);
#3362=EDGE_CURVE('',#2476,#2674,#599,.T.);
#3363=EDGE_CURVE('',#2478,#2675,#600,.T.);
#3364=EDGE_CURVE('',#2675,#2673,#601,.T.);
#3365=EDGE_CURVE('',#2477,#2676,#602,.T.);
#3366=EDGE_CURVE('',#2676,#2675,#603,.T.);
#3367=EDGE_CURVE('',#2674,#2676,#604,.T.);
#3368=EDGE_CURVE('',#2479,#2677,#605,.T.);
#3369=EDGE_CURVE('',#2677,#2678,#606,.T.);
#3370=EDGE_CURVE('',#2480,#2678,#607,.T.);
#3371=EDGE_CURVE('',#2482,#2679,#608,.T.);
#3372=EDGE_CURVE('',#2679,#2677,#609,.T.);
#3373=EDGE_CURVE('',#2481,#2680,#610,.T.);
#3374=EDGE_CURVE('',#2680,#2679,#611,.T.);
#3375=EDGE_CURVE('',#2678,#2680,#612,.T.);
#3376=EDGE_CURVE('',#2483,#2681,#613,.T.);
#3377=EDGE_CURVE('',#2681,#2682,#614,.T.);
#3378=EDGE_CURVE('',#2484,#2682,#615,.T.);
#3379=EDGE_CURVE('',#2486,#2683,#616,.T.);
#3380=EDGE_CURVE('',#2683,#2681,#617,.T.);
#3381=EDGE_CURVE('',#2485,#2684,#618,.T.);
#3382=EDGE_CURVE('',#2684,#2683,#619,.T.);
#3383=EDGE_CURVE('',#2682,#2684,#620,.T.);
#3384=EDGE_CURVE('',#2487,#2685,#621,.T.);
#3385=EDGE_CURVE('',#2685,#2686,#622,.T.);
#3386=EDGE_CURVE('',#2488,#2686,#623,.T.);
#3387=EDGE_CURVE('',#2490,#2687,#624,.T.);
#3388=EDGE_CURVE('',#2687,#2685,#625,.T.);
#3389=EDGE_CURVE('',#2489,#2688,#626,.T.);
#3390=EDGE_CURVE('',#2688,#2687,#627,.T.);
#3391=EDGE_CURVE('',#2686,#2688,#628,.T.);
#3392=EDGE_CURVE('',#2491,#2689,#629,.T.);
#3393=EDGE_CURVE('',#2689,#2690,#630,.T.);
#3394=EDGE_CURVE('',#2492,#2690,#631,.T.);
#3395=EDGE_CURVE('',#2494,#2691,#632,.T.);
#3396=EDGE_CURVE('',#2691,#2689,#633,.T.);
#3397=EDGE_CURVE('',#2493,#2692,#634,.T.);
#3398=EDGE_CURVE('',#2692,#2691,#635,.T.);
#3399=EDGE_CURVE('',#2690,#2692,#636,.T.);
#3400=EDGE_CURVE('',#2495,#2693,#637,.T.);
#3401=EDGE_CURVE('',#2693,#2694,#638,.T.);
#3402=EDGE_CURVE('',#2496,#2694,#639,.T.);
#3403=EDGE_CURVE('',#2500,#2695,#640,.T.);
#3404=EDGE_CURVE('',#2695,#2693,#641,.T.);
#3405=EDGE_CURVE('',#2499,#2696,#642,.T.);
#3406=EDGE_CURVE('',#2696,#2695,#643,.T.);
#3407=EDGE_CURVE('',#2498,#2697,#644,.T.);
#3408=EDGE_CURVE('',#2697,#2696,#645,.T.);
#3409=EDGE_CURVE('',#2497,#2698,#646,.T.);
#3410=EDGE_CURVE('',#2698,#2697,#647,.T.);
#3411=EDGE_CURVE('',#2694,#2698,#648,.T.);
#3412=EDGE_CURVE('',#2501,#2699,#649,.T.);
#3413=EDGE_CURVE('',#2699,#2700,#650,.T.);
#3414=EDGE_CURVE('',#2502,#2700,#651,.T.);
#3415=EDGE_CURVE('',#2513,#2701,#652,.T.);
#3416=EDGE_CURVE('',#2701,#2699,#653,.T.);
#3417=EDGE_CURVE('',#2512,#2702,#654,.T.);
#3418=EDGE_CURVE('',#2702,#2701,#655,.T.);
#3419=EDGE_CURVE('',#2511,#2703,#656,.T.);
#3420=EDGE_CURVE('',#2703,#2702,#657,.T.);
#3421=EDGE_CURVE('',#2510,#2704,#658,.T.);
#3422=EDGE_CURVE('',#2704,#2703,#659,.T.);
#3423=EDGE_CURVE('',#2509,#2705,#660,.T.);
#3424=EDGE_CURVE('',#2705,#2704,#661,.T.);
#3425=EDGE_CURVE('',#2508,#2706,#662,.T.);
#3426=EDGE_CURVE('',#2706,#2705,#663,.T.);
#3427=EDGE_CURVE('',#2507,#2707,#664,.T.);
#3428=EDGE_CURVE('',#2707,#2706,#665,.T.);
#3429=EDGE_CURVE('',#2506,#2708,#666,.T.);
#3430=EDGE_CURVE('',#2708,#2707,#667,.T.);
#3431=EDGE_CURVE('',#2505,#2709,#668,.T.);
#3432=EDGE_CURVE('',#2709,#2708,#669,.T.);
#3433=EDGE_CURVE('',#2504,#2710,#670,.T.);
#3434=EDGE_CURVE('',#2710,#2709,#671,.T.);
#3435=EDGE_CURVE('',#2503,#2711,#672,.T.);
#3436=EDGE_CURVE('',#2711,#2710,#673,.T.);
#3437=EDGE_CURVE('',#2700,#2711,#674,.T.);
#3438=EDGE_CURVE('',#2712,#2713,#2253,.T.);
#3439=EDGE_CURVE('',#2713,#2714,#675,.T.);
#3440=EDGE_CURVE('',#2714,#2715,#2254,.F.);
#3441=EDGE_CURVE('',#2715,#2712,#676,.T.);
#3442=EDGE_CURVE('',#2713,#2716,#677,.T.);
#3443=EDGE_CURVE('',#2717,#2716,#678,.T.);
#3444=EDGE_CURVE('',#2717,#2714,#679,.F.);
#3445=EDGE_CURVE('',#2718,#2712,#680,.T.);
#3446=EDGE_CURVE('',#2719,#2718,#2255,.T.);
#3447=EDGE_CURVE('',#2720,#2719,#681,.T.);
#3448=EDGE_CURVE('',#2721,#2720,#2256,.T.);
#3449=EDGE_CURVE('',#2722,#2721,#682,.T.);
#3450=EDGE_CURVE('',#2716,#2722,#2257,.T.);
#3451=EDGE_CURVE('',#2723,#2724,#683,.T.);
#3452=EDGE_CURVE('',#2725,#2723,#684,.T.);
#3453=EDGE_CURVE('',#2726,#2725,#685,.T.);
#3454=EDGE_CURVE('',#2724,#2726,#686,.T.);
#3455=EDGE_CURVE('',#2722,#2727,#687,.T.);
#3456=EDGE_CURVE('',#2727,#2717,#2258,.F.);
#3457=EDGE_CURVE('',#2728,#2721,#688,.T.);
#3458=EDGE_CURVE('',#2728,#2727,#689,.F.);
#3459=EDGE_CURVE('',#2718,#2729,#690,.T.);
#3460=EDGE_CURVE('',#2729,#2730,#2259,.F.);
#3461=EDGE_CURVE('',#2730,#2719,#691,.T.);
#3462=EDGE_CURVE('',#2730,#2731,#692,.F.);
#3463=EDGE_CURVE('',#2720,#2731,#693,.T.);
#3464=EDGE_CURVE('',#2731,#2728,#2260,.F.);
#3465=EDGE_CURVE('',#2732,#2732,#2261,.T.);
#3466=EDGE_CURVE('',#2732,#2733,#694,.T.);
#3467=EDGE_CURVE('',#2733,#2733,#2262,.T.);
#3468=EDGE_CURVE('',#2734,#2734,#2263,.T.);
#3469=EDGE_CURVE('',#2734,#2735,#695,.T.);
#3470=EDGE_CURVE('',#2735,#2735,#2264,.T.);
#3471=EDGE_CURVE('',#2736,#2737,#2265,.T.);
#3472=EDGE_CURVE('',#2738,#2737,#696,.T.);
#3473=EDGE_CURVE('',#2738,#2739,#2266,.T.);
#3474=EDGE_CURVE('',#2740,#2739,#2267,.T.);
#3475=EDGE_CURVE('',#2740,#2741,#2268,.T.);
#3476=EDGE_CURVE('',#2741,#2742,#697,.T.);
#3477=EDGE_CURVE('',#2743,#2742,#698,.T.);
#3478=EDGE_CURVE('',#2744,#2743,#2269,.T.);
#3479=EDGE_CURVE('',#2745,#2744,#699,.T.);
#3480=EDGE_CURVE('',#2746,#2745,#2270,.T.);
#3481=EDGE_CURVE('',#2747,#2746,#700,.T.);
#3482=EDGE_CURVE('',#2748,#2747,#2271,.T.);
#3483=EDGE_CURVE('',#2749,#2748,#701,.T.);
#3484=EDGE_CURVE('',#2750,#2749,#2272,.T.);
#3485=EDGE_CURVE('',#2751,#2750,#702,.T.);
#3486=EDGE_CURVE('',#2752,#2751,#703,.F.);
#3487=EDGE_CURVE('',#2753,#2752,#2273,.T.);
#3488=EDGE_CURVE('',#2753,#2736,#2274,.F.);
#3489=EDGE_CURVE('',#2754,#2754,#2275,.T.);
#3490=EDGE_CURVE('',#2715,#2729,#704,.F.);
#3491=EDGE_CURVE('',#2755,#2755,#2276,.T.);
#3492=EDGE_CURVE('',#2755,#2756,#705,.T.);
#3493=EDGE_CURVE('',#2756,#2756,#2277,.T.);
#3494=EDGE_CURVE('',#2757,#2757,#2278,.T.);
#3495=EDGE_CURVE('',#2757,#2754,#706,.T.);
#3496=EDGE_CURVE('',#2758,#2759,#2279,.T.);
#3497=EDGE_CURVE('',#2760,#2758,#707,.T.);
#3498=EDGE_CURVE('',#2760,#2761,#2280,.T.);
#3499=EDGE_CURVE('',#2761,#2759,#2281,.T.);
#3500=EDGE_CURVE('',#2762,#2762,#2282,.T.);
#3501=EDGE_CURVE('',#2763,#2763,#2283,.T.);
#3502=EDGE_CURVE('',#2763,#2762,#708,.T.);
#3503=EDGE_CURVE('',#2764,#2764,#2284,.T.);
#3504=EDGE_CURVE('',#2764,#2761,#709,.T.);
#3505=EDGE_CURVE('',#2737,#2760,#710,.T.);
#3506=EDGE_CURVE('',#2759,#2736,#711,.T.);
#3507=EDGE_CURVE('',#2753,#2765,#712,.F.);
#3508=EDGE_CURVE('',#2766,#2765,#2285,.F.);
#3509=EDGE_CURVE('',#2758,#2766,#713,.T.);
#3510=EDGE_CURVE('',#2767,#2767,#2286,.T.);
#3511=EDGE_CURVE('',#2767,#2768,#714,.T.);
#3512=EDGE_CURVE('',#2769,#2768,#2287,.T.);
#3513=EDGE_CURVE('',#2739,#2769,#715,.T.);
#3514=EDGE_CURVE('',#2770,#2738,#716,.T.);
#3515=EDGE_CURVE('',#2768,#2770,#2288,.T.);
#3516=EDGE_CURVE('',#2771,#2771,#2289,.T.);
#3517=EDGE_CURVE('',#2771,#2772,#717,.T.);
#3518=EDGE_CURVE('',#2772,#2772,#2290,.T.);
#3519=EDGE_CURVE('',#2769,#2773,#2291,.T.);
#3520=EDGE_CURVE('',#2773,#2770,#718,.T.);
#3521=EDGE_CURVE('',#2766,#2774,#719,.F.);
#3522=EDGE_CURVE('',#2774,#2773,#720,.T.);
#3523=EDGE_CURVE('',#2775,#2726,#721,.T.);
#3524=EDGE_CURVE('',#2776,#2775,#722,.T.);
#3525=EDGE_CURVE('',#2776,#2724,#723,.T.);
#3526=EDGE_CURVE('',#2777,#2725,#724,.T.);
#3527=EDGE_CURVE('',#2775,#2777,#725,.T.);
#3528=EDGE_CURVE('',#2514,#2778,#726,.T.);
#3529=EDGE_CURVE('',#2778,#2778,#2292,.T.);
#3530=EDGE_CURVE('',#2748,#2779,#727,.T.);
#3531=EDGE_CURVE('',#2779,#2780,#728,.T.);
#3532=EDGE_CURVE('',#2780,#2745,#729,.T.);
#3533=EDGE_CURVE('',#2744,#2781,#730,.T.);
#3534=EDGE_CURVE('',#2781,#2782,#731,.T.);
#3535=EDGE_CURVE('',#2783,#2782,#732,.F.);
#3536=EDGE_CURVE('',#2784,#2783,#733,.T.);
#3537=EDGE_CURVE('',#2784,#2785,#734,.T.);
#3538=EDGE_CURVE('',#2785,#2786,#735,.T.);
#3539=EDGE_CURVE('',#2786,#2749,#736,.T.);
#3540=EDGE_CURVE('',#2780,#2787,#2293,.F.);
#3541=EDGE_CURVE('',#2746,#2787,#737,.T.);
#3542=EDGE_CURVE('',#2787,#2788,#738,.F.);
#3543=EDGE_CURVE('',#2788,#2747,#739,.T.);
#3544=EDGE_CURVE('',#2789,#2743,#740,.T.);
#3545=EDGE_CURVE('',#2742,#2790,#741,.T.);
#3546=EDGE_CURVE('',#2790,#2789,#742,.F.);
#3547=EDGE_CURVE('',#2786,#2791,#2294,.F.);
#3548=EDGE_CURVE('',#2750,#2791,#743,.T.);
#3549=EDGE_CURVE('',#2791,#2792,#744,.F.);
#3550=EDGE_CURVE('',#2751,#2792,#745,.F.);
#3551=EDGE_CURVE('',#2782,#2790,#746,.F.);
#3552=EDGE_CURVE('',#2789,#2781,#2295,.F.);
#3553=EDGE_CURVE('',#2788,#2779,#2296,.F.);
#3554=EDGE_CURVE('',#2793,#2752,#747,.T.);
#3555=EDGE_CURVE('',#2794,#2793,#2297,.T.);
#3556=EDGE_CURVE('',#2795,#2794,#748,.T.);
#3557=EDGE_CURVE('',#2765,#2795,#2298,.F.);
#3558=EDGE_CURVE('',#2796,#2774,#2299,.T.);
#3559=EDGE_CURVE('',#2796,#2740,#749,.F.);
#3560=EDGE_CURVE('',#2797,#2795,#750,.T.);
#3561=EDGE_CURVE('',#2797,#2796,#2300,.F.);
#3562=EDGE_CURVE('',#2792,#2785,#751,.F.);
#3563=EDGE_CURVE('',#2793,#2784,#752,.T.);
#3564=EDGE_CURVE('',#2798,#2794,#753,.T.);
#3565=EDGE_CURVE('',#2798,#2797,#754,.T.);
#3566=EDGE_CURVE('',#2799,#2798,#2301,.T.);
#3567=EDGE_CURVE('',#2741,#2799,#755,.T.);
#3568=EDGE_CURVE('',#2783,#2799,#756,.T.);
#3569=EDGE_CURVE('',#2800,#2372,#757,.T.);
#3570=EDGE_CURVE('',#2517,#2800,#758,.T.);
#3571=EDGE_CURVE('',#2358,#2373,#759,.T.);
#3572=EDGE_CURVE('',#2358,#2800,#2302,.F.);
#3573=EDGE_CURVE('',#2385,#2359,#2303,.T.);
#3574=EDGE_CURVE('',#2366,#2801,#760,.T.);
#3575=EDGE_CURVE('',#2801,#2801,#2304,.T.);
#3576=EDGE_CURVE('',#2365,#2802,#761,.T.);
#3577=EDGE_CURVE('',#2802,#2802,#2305,.T.);
#3578=EDGE_CURVE('',#2803,#2723,#762,.T.);
#3579=EDGE_CURVE('',#2777,#2803,#763,.T.);
#3580=EDGE_CURVE('',#2803,#2776,#764,.T.);
#3581=EDGE_CURVE('',#2522,#2355,#765,.T.);
#3582=EDGE_CURVE('',#2804,#2805,#766,.T.);
#3583=EDGE_CURVE('',#2806,#2804,#767,.T.);
#3584=EDGE_CURVE('',#2806,#2807,#768,.T.);
#3585=EDGE_CURVE('',#2805,#2807,#769,.T.);
#3586=EDGE_CURVE('',#2808,#2809,#770,.T.);
#3587=EDGE_CURVE('',#2808,#2810,#771,.T.);
#3588=EDGE_CURVE('',#2810,#2811,#772,.T.);
#3589=EDGE_CURVE('',#2809,#2811,#773,.T.);
#3590=EDGE_CURVE('',#2805,#2808,#774,.T.);
#3591=EDGE_CURVE('',#2807,#2810,#775,.T.);
#3592=EDGE_CURVE('',#2812,#2813,#776,.T.);
#3593=EDGE_CURVE('',#2813,#2814,#13,.T.);
#3594=EDGE_CURVE('',#2814,#2815,#777,.T.);
#3595=EDGE_CURVE('',#2812,#2815,#14,.T.);
#3596=EDGE_CURVE('',#2815,#2816,#778,.T.);
#3597=EDGE_CURVE('',#2816,#2817,#2306,.T.);
#3598=EDGE_CURVE('',#2817,#2812,#779,.T.);
#3599=EDGE_CURVE('',#2818,#2819,#2307,.T.);
#3600=EDGE_CURVE('',#2819,#2817,#2308,.T.);
#3601=EDGE_CURVE('',#2816,#2818,#2309,.T.);
#3602=EDGE_CURVE('',#2820,#2821,#2310,.T.);
#3603=EDGE_CURVE('',#2821,#2819,#780,.T.);
#3604=EDGE_CURVE('',#2818,#2820,#781,.T.);
#3605=EDGE_CURVE('',#2822,#2823,#2311,.T.);
#3606=EDGE_CURVE('',#2823,#2821,#2312,.T.);
#3607=EDGE_CURVE('',#2820,#2822,#2313,.T.);
#3608=EDGE_CURVE('',#2813,#2823,#782,.T.);
#3609=EDGE_CURVE('',#2822,#2814,#783,.T.);
#3610=EDGE_CURVE('',#2824,#2816,#784,.T.);
#3611=EDGE_CURVE('',#2824,#2825,#2314,.T.);
#3612=EDGE_CURVE('',#2825,#2818,#785,.T.);
#3613=EDGE_CURVE('',#2826,#2815,#786,.T.);
#3614=EDGE_CURVE('',#2826,#2824,#787,.T.);
#3615=EDGE_CURVE('',#2827,#2814,#788,.T.);
#3616=EDGE_CURVE('',#2827,#2811,#789,.T.);
#3617=EDGE_CURVE('',#2806,#2826,#790,.T.);
#3618=EDGE_CURVE('',#2825,#2828,#791,.T.);
#3619=EDGE_CURVE('',#2828,#2820,#792,.T.);
#3620=EDGE_CURVE('',#2828,#2829,#2315,.T.);
#3621=EDGE_CURVE('',#2829,#2822,#793,.T.);
#3622=EDGE_CURVE('',#2829,#2827,#794,.T.);
#3623=EDGE_CURVE('',#2809,#2830,#795,.T.);
#3624=EDGE_CURVE('',#2830,#2831,#796,.T.);
#3625=EDGE_CURVE('',#2832,#2831,#797,.T.);
#3626=EDGE_CURVE('',#2833,#2832,#798,.T.);
#3627=EDGE_CURVE('',#2833,#2804,#799,.T.);
#3628=EDGE_CURVE('',#2833,#2834,#2316,.T.);
#3629=EDGE_CURVE('',#2835,#2832,#2317,.T.);
#3630=EDGE_CURVE('',#2834,#2835,#800,.T.);
#3631=EDGE_CURVE('',#2836,#2834,#801,.T.);
#3632=EDGE_CURVE('',#2837,#2835,#802,.T.);
#3633=EDGE_CURVE('',#2836,#2837,#803,.T.);
#3634=EDGE_CURVE('',#2836,#2838,#2318,.T.);
#3635=EDGE_CURVE('',#2839,#2837,#2319,.T.);
#3636=EDGE_CURVE('',#2838,#2839,#804,.T.);
#3637=EDGE_CURVE('',#2840,#2838,#805,.T.);
#3638=EDGE_CURVE('',#2841,#2839,#806,.T.);
#3639=EDGE_CURVE('',#2840,#2841,#807,.T.);
#3640=EDGE_CURVE('',#2840,#2842,#2320,.T.);
#3641=EDGE_CURVE('',#2843,#2841,#2321,.T.);
#3642=EDGE_CURVE('',#2842,#2843,#808,.T.);
#3643=EDGE_CURVE('',#2844,#2842,#809,.T.);
#3644=EDGE_CURVE('',#2845,#2843,#810,.T.);
#3645=EDGE_CURVE('',#2844,#2845,#811,.T.);
#3646=EDGE_CURVE('',#2844,#2830,#2322,.T.);
#3647=EDGE_CURVE('',#2831,#2845,#2323,.T.);
#3648=EDGE_CURVE('',#2846,#2847,#2324,.T.);
#3649=EDGE_CURVE('',#2847,#2848,#21,.T.);
#3650=EDGE_CURVE('',#2848,#2849,#2325,.T.);
#3651=EDGE_CURVE('',#2849,#2846,#22,.T.);
#3652=EDGE_CURVE('',#2849,#2848,#812,.T.);
#3653=EDGE_CURVE('',#2847,#2846,#813,.T.);
#3654=EDGE_CURVE('',#2848,#2850,#814,.T.);
#3655=EDGE_CURVE('',#2851,#2850,#2326,.T.);
#3656=EDGE_CURVE('',#2849,#2851,#815,.T.);
#3657=EDGE_CURVE('',#2852,#2852,#2327,.T.);
#3658=EDGE_CURVE('',#2853,#2853,#2328,.T.);
#3659=EDGE_CURVE('',#2853,#2852,#2329,.T.);
#3660=EDGE_CURVE('',#2854,#2854,#2330,.T.);
#3661=EDGE_CURVE('',#2854,#2853,#816,.T.);
#3662=EDGE_CURVE('',#2855,#2856,#817,.T.);
#3663=EDGE_CURVE('',#2856,#2857,#15,.T.);
#3664=EDGE_CURVE('',#2857,#2858,#818,.T.);
#3665=EDGE_CURVE('',#2855,#2858,#16,.T.);
#3666=EDGE_CURVE('',#2856,#2859,#819,.T.);
#3667=EDGE_CURVE('',#2859,#2860,#17,.T.);
#3668=EDGE_CURVE('',#2860,#2857,#820,.T.);
#3669=EDGE_CURVE('',#2859,#2861,#821,.T.);
#3670=EDGE_CURVE('',#2861,#2862,#18,.T.);
#3671=EDGE_CURVE('',#2862,#2860,#822,.T.);
#3672=EDGE_CURVE('',#2858,#2862,#823,.T.);
#3673=EDGE_CURVE('',#2861,#2855,#824,.T.);
#3674=EDGE_CURVE('',#2863,#2858,#825,.T.);
#3675=EDGE_CURVE('',#2863,#2864,#826,.T.);
#3676=EDGE_CURVE('',#2864,#2862,#827,.T.);
#3677=EDGE_CURVE('',#2865,#2857,#828,.T.);
#3678=EDGE_CURVE('',#2865,#2863,#829,.T.);
#3679=EDGE_CURVE('',#2866,#2867,#830,.T.);
#3680=EDGE_CURVE('',#2867,#2866,#2331,.T.);
#3681=EDGE_CURVE('',#2867,#2850,#23,.T.);
#3682=EDGE_CURVE('',#2850,#2851,#831,.T.);
#3683=EDGE_CURVE('',#2866,#2851,#24,.T.);
#3684=EDGE_CURVE('',#2868,#2865,#832,.T.);
#3685=EDGE_CURVE('',#2864,#2868,#833,.T.);
#3686=EDGE_CURVE('',#2868,#2860,#834,.T.);
#3687=ORIENTED_EDGE('',*,*,#2869,.F.);
#3688=ORIENTED_EDGE('',*,*,#2870,.F.);
#3689=ORIENTED_EDGE('',*,*,#2871,.F.);
#3690=ORIENTED_EDGE('',*,*,#2872,.F.);
#3691=ORIENTED_EDGE('',*,*,#2873,.F.);
#3692=ORIENTED_EDGE('',*,*,#2874,.T.);
#3693=ORIENTED_EDGE('',*,*,#2875,.T.);
#3694=ORIENTED_EDGE('',*,*,#2869,.T.);
#3695=ORIENTED_EDGE('',*,*,#2875,.F.);
#3696=ORIENTED_EDGE('',*,*,#2874,.F.);
#3697=ORIENTED_EDGE('',*,*,#2876,.T.);
#3698=ORIENTED_EDGE('',*,*,#2877,.T.);
#3699=ORIENTED_EDGE('',*,*,#2878,.T.);
#3700=ORIENTED_EDGE('',*,*,#2879,.T.);
#3701=ORIENTED_EDGE('',*,*,#2880,.T.);
#3702=ORIENTED_EDGE('',*,*,#2881,.T.);
#3703=ORIENTED_EDGE('',*,*,#2882,.T.);
#3704=ORIENTED_EDGE('',*,*,#2883,.T.);
#3705=ORIENTED_EDGE('',*,*,#2884,.F.);
#3706=ORIENTED_EDGE('',*,*,#2885,.T.);
#3707=ORIENTED_EDGE('',*,*,#2876,.F.);
#3708=ORIENTED_EDGE('',*,*,#2885,.F.);
#3709=ORIENTED_EDGE('',*,*,#2884,.T.);
#3710=ORIENTED_EDGE('',*,*,#2886,.F.);
#3711=ORIENTED_EDGE('',*,*,#2887,.T.);
#3712=ORIENTED_EDGE('',*,*,#2877,.F.);
#3713=ORIENTED_EDGE('',*,*,#2887,.F.);
#3714=ORIENTED_EDGE('',*,*,#2886,.T.);
#3715=ORIENTED_EDGE('',*,*,#2888,.F.);
#3716=ORIENTED_EDGE('',*,*,#2889,.T.);
#3717=ORIENTED_EDGE('',*,*,#2878,.F.);
#3718=ORIENTED_EDGE('',*,*,#2889,.F.);
#3719=ORIENTED_EDGE('',*,*,#2888,.T.);
#3720=ORIENTED_EDGE('',*,*,#2890,.F.);
#3721=ORIENTED_EDGE('',*,*,#2891,.T.);
#3722=ORIENTED_EDGE('',*,*,#2879,.F.);
#3723=ORIENTED_EDGE('',*,*,#2891,.F.);
#3724=ORIENTED_EDGE('',*,*,#2890,.T.);
#3725=ORIENTED_EDGE('',*,*,#2871,.T.);
#3726=ORIENTED_EDGE('',*,*,#2892,.T.);
#3727=ORIENTED_EDGE('',*,*,#2883,.F.);
#3728=ORIENTED_EDGE('',*,*,#2893,.F.);
#3729=ORIENTED_EDGE('',*,*,#2872,.T.);
#3730=ORIENTED_EDGE('',*,*,#2893,.T.);
#3731=ORIENTED_EDGE('',*,*,#2882,.F.);
#3732=ORIENTED_EDGE('',*,*,#2894,.F.);
#3733=ORIENTED_EDGE('',*,*,#2873,.T.);
#3734=ORIENTED_EDGE('',*,*,#2894,.T.);
#3735=ORIENTED_EDGE('',*,*,#2881,.F.);
#3736=ORIENTED_EDGE('',*,*,#2895,.F.);
#3737=ORIENTED_EDGE('',*,*,#2870,.T.);
#3738=ORIENTED_EDGE('',*,*,#2895,.T.);
#3739=ORIENTED_EDGE('',*,*,#2880,.F.);
#3740=ORIENTED_EDGE('',*,*,#2892,.F.);
#3741=ORIENTED_EDGE('',*,*,#2896,.F.);
#3742=ORIENTED_EDGE('',*,*,#2897,.T.);
#3743=ORIENTED_EDGE('',*,*,#2898,.F.);
#3744=ORIENTED_EDGE('',*,*,#2897,.F.);
#3745=ORIENTED_EDGE('',*,*,#2899,.T.);
#3746=ORIENTED_EDGE('',*,*,#2900,.T.);
#3747=ORIENTED_EDGE('',*,*,#2901,.T.);
#3748=ORIENTED_EDGE('',*,*,#2902,.T.);
#3749=ORIENTED_EDGE('',*,*,#2900,.F.);
#3750=ORIENTED_EDGE('',*,*,#2903,.F.);
#3751=ORIENTED_EDGE('',*,*,#2904,.F.);
#3752=ORIENTED_EDGE('',*,*,#2905,.F.);
#3753=ORIENTED_EDGE('',*,*,#2906,.F.);
#3754=ORIENTED_EDGE('',*,*,#2907,.F.);
#3755=ORIENTED_EDGE('',*,*,#2899,.F.);
#3756=ORIENTED_EDGE('',*,*,#2908,.T.);
#3757=ORIENTED_EDGE('',*,*,#2909,.F.);
#3758=ORIENTED_EDGE('',*,*,#2910,.T.);
#3759=ORIENTED_EDGE('',*,*,#2911,.F.);
#3760=ORIENTED_EDGE('',*,*,#2912,.T.);
#3761=ORIENTED_EDGE('',*,*,#2913,.F.);
#3762=ORIENTED_EDGE('',*,*,#2903,.T.);
#3763=ORIENTED_EDGE('',*,*,#2914,.T.);
#3764=ORIENTED_EDGE('',*,*,#2915,.T.);
#3765=ORIENTED_EDGE('',*,*,#2916,.T.);
#3766=ORIENTED_EDGE('',*,*,#2917,.T.);
#3767=ORIENTED_EDGE('',*,*,#2918,.T.);
#3768=ORIENTED_EDGE('',*,*,#2919,.F.);
#3769=ORIENTED_EDGE('',*,*,#2920,.T.);
#3770=ORIENTED_EDGE('',*,*,#2921,.T.);
#3771=ORIENTED_EDGE('',*,*,#2917,.F.);
#3772=ORIENTED_EDGE('',*,*,#2922,.T.);
#3773=ORIENTED_EDGE('',*,*,#2923,.T.);
#3774=ORIENTED_EDGE('',*,*,#2920,.F.);
#3775=ORIENTED_EDGE('',*,*,#2924,.T.);
#3776=ORIENTED_EDGE('',*,*,#2925,.T.);
#3777=ORIENTED_EDGE('',*,*,#2926,.T.);
#3778=ORIENTED_EDGE('',*,*,#2927,.T.);
#3779=ORIENTED_EDGE('',*,*,#2928,.T.);
#3780=ORIENTED_EDGE('',*,*,#2925,.F.);
#3781=ORIENTED_EDGE('',*,*,#2929,.T.);
#3782=ORIENTED_EDGE('',*,*,#2930,.T.);
#3783=ORIENTED_EDGE('',*,*,#2927,.F.);
#3784=ORIENTED_EDGE('',*,*,#2931,.T.);
#3785=ORIENTED_EDGE('',*,*,#2932,.T.);
#3786=ORIENTED_EDGE('',*,*,#2929,.F.);
#3787=ORIENTED_EDGE('',*,*,#2933,.T.);
#3788=ORIENTED_EDGE('',*,*,#2919,.T.);
#3789=ORIENTED_EDGE('',*,*,#2930,.F.);
#3790=ORIENTED_EDGE('',*,*,#2934,.F.);
#3791=ORIENTED_EDGE('',*,*,#2935,.T.);
#3792=ORIENTED_EDGE('',*,*,#2936,.T.);
#3793=ORIENTED_EDGE('',*,*,#2937,.T.);
#3794=ORIENTED_EDGE('',*,*,#2938,.T.);
#3795=ORIENTED_EDGE('',*,*,#2939,.F.);
#3796=ORIENTED_EDGE('',*,*,#2940,.F.);
#3797=ORIENTED_EDGE('',*,*,#2941,.F.);
#3798=ORIENTED_EDGE('',*,*,#2942,.T.);
#3799=ORIENTED_EDGE('',*,*,#2943,.T.);
#3800=ORIENTED_EDGE('',*,*,#2944,.T.);
#3801=ORIENTED_EDGE('',*,*,#2945,.T.);
#3802=ORIENTED_EDGE('',*,*,#2946,.T.);
#3803=ORIENTED_EDGE('',*,*,#2947,.T.);
#3804=ORIENTED_EDGE('',*,*,#2948,.T.);
#3805=ORIENTED_EDGE('',*,*,#2949,.T.);
#3806=ORIENTED_EDGE('',*,*,#2950,.T.);
#3807=ORIENTED_EDGE('',*,*,#2951,.T.);
#3808=ORIENTED_EDGE('',*,*,#2952,.T.);
#3809=ORIENTED_EDGE('',*,*,#2953,.T.);
#3810=ORIENTED_EDGE('',*,*,#2954,.T.);
#3811=ORIENTED_EDGE('',*,*,#2955,.T.);
#3812=ORIENTED_EDGE('',*,*,#2956,.T.);
#3813=ORIENTED_EDGE('',*,*,#2957,.T.);
#3814=ORIENTED_EDGE('',*,*,#2958,.T.);
#3815=ORIENTED_EDGE('',*,*,#2959,.T.);
#3816=ORIENTED_EDGE('',*,*,#2960,.T.);
#3817=ORIENTED_EDGE('',*,*,#2961,.T.);
#3818=ORIENTED_EDGE('',*,*,#2962,.T.);
#3819=ORIENTED_EDGE('',*,*,#2963,.T.);
#3820=ORIENTED_EDGE('',*,*,#2964,.T.);
#3821=ORIENTED_EDGE('',*,*,#2965,.T.);
#3822=ORIENTED_EDGE('',*,*,#2966,.T.);
#3823=ORIENTED_EDGE('',*,*,#2967,.T.);
#3824=ORIENTED_EDGE('',*,*,#2968,.T.);
#3825=ORIENTED_EDGE('',*,*,#2969,.T.);
#3826=ORIENTED_EDGE('',*,*,#2970,.T.);
#3827=ORIENTED_EDGE('',*,*,#2971,.T.);
#3828=ORIENTED_EDGE('',*,*,#2972,.T.);
#3829=ORIENTED_EDGE('',*,*,#2973,.T.);
#3830=ORIENTED_EDGE('',*,*,#2974,.T.);
#3831=ORIENTED_EDGE('',*,*,#2975,.T.);
#3832=ORIENTED_EDGE('',*,*,#2976,.T.);
#3833=ORIENTED_EDGE('',*,*,#2977,.T.);
#3834=ORIENTED_EDGE('',*,*,#2978,.T.);
#3835=ORIENTED_EDGE('',*,*,#2979,.T.);
#3836=ORIENTED_EDGE('',*,*,#2980,.T.);
#3837=ORIENTED_EDGE('',*,*,#2981,.T.);
#3838=ORIENTED_EDGE('',*,*,#2982,.T.);
#3839=ORIENTED_EDGE('',*,*,#2983,.T.);
#3840=ORIENTED_EDGE('',*,*,#2984,.T.);
#3841=ORIENTED_EDGE('',*,*,#2985,.T.);
#3842=ORIENTED_EDGE('',*,*,#2986,.T.);
#3843=ORIENTED_EDGE('',*,*,#2987,.T.);
#3844=ORIENTED_EDGE('',*,*,#2988,.T.);
#3845=ORIENTED_EDGE('',*,*,#2989,.T.);
#3846=ORIENTED_EDGE('',*,*,#2990,.T.);
#3847=ORIENTED_EDGE('',*,*,#2991,.T.);
#3848=ORIENTED_EDGE('',*,*,#2992,.T.);
#3849=ORIENTED_EDGE('',*,*,#2993,.T.);
#3850=ORIENTED_EDGE('',*,*,#2994,.T.);
#3851=ORIENTED_EDGE('',*,*,#2995,.T.);
#3852=ORIENTED_EDGE('',*,*,#2996,.T.);
#3853=ORIENTED_EDGE('',*,*,#2997,.T.);
#3854=ORIENTED_EDGE('',*,*,#2998,.T.);
#3855=ORIENTED_EDGE('',*,*,#2999,.T.);
#3856=ORIENTED_EDGE('',*,*,#3000,.T.);
#3857=ORIENTED_EDGE('',*,*,#3001,.T.);
#3858=ORIENTED_EDGE('',*,*,#3002,.T.);
#3859=ORIENTED_EDGE('',*,*,#3003,.T.);
#3860=ORIENTED_EDGE('',*,*,#3004,.T.);
#3861=ORIENTED_EDGE('',*,*,#3005,.T.);
#3862=ORIENTED_EDGE('',*,*,#3006,.T.);
#3863=ORIENTED_EDGE('',*,*,#3007,.T.);
#3864=ORIENTED_EDGE('',*,*,#3008,.T.);
#3865=ORIENTED_EDGE('',*,*,#3009,.T.);
#3866=ORIENTED_EDGE('',*,*,#3010,.T.);
#3867=ORIENTED_EDGE('',*,*,#3011,.T.);
#3868=ORIENTED_EDGE('',*,*,#3012,.T.);
#3869=ORIENTED_EDGE('',*,*,#3013,.T.);
#3870=ORIENTED_EDGE('',*,*,#3014,.T.);
#3871=ORIENTED_EDGE('',*,*,#3015,.T.);
#3872=ORIENTED_EDGE('',*,*,#3016,.T.);
#3873=ORIENTED_EDGE('',*,*,#3017,.T.);
#3874=ORIENTED_EDGE('',*,*,#3018,.T.);
#3875=ORIENTED_EDGE('',*,*,#3019,.T.);
#3876=ORIENTED_EDGE('',*,*,#3020,.T.);
#3877=ORIENTED_EDGE('',*,*,#3021,.T.);
#3878=ORIENTED_EDGE('',*,*,#3022,.T.);
#3879=ORIENTED_EDGE('',*,*,#3023,.T.);
#3880=ORIENTED_EDGE('',*,*,#3024,.T.);
#3881=ORIENTED_EDGE('',*,*,#3025,.T.);
#3882=ORIENTED_EDGE('',*,*,#3026,.T.);
#3883=ORIENTED_EDGE('',*,*,#3027,.T.);
#3884=ORIENTED_EDGE('',*,*,#3028,.T.);
#3885=ORIENTED_EDGE('',*,*,#3029,.T.);
#3886=ORIENTED_EDGE('',*,*,#3030,.T.);
#3887=ORIENTED_EDGE('',*,*,#3031,.T.);
#3888=ORIENTED_EDGE('',*,*,#3032,.T.);
#3889=ORIENTED_EDGE('',*,*,#3033,.T.);
#3890=ORIENTED_EDGE('',*,*,#3034,.T.);
#3891=ORIENTED_EDGE('',*,*,#3035,.T.);
#3892=ORIENTED_EDGE('',*,*,#3036,.T.);
#3893=ORIENTED_EDGE('',*,*,#3037,.T.);
#3894=ORIENTED_EDGE('',*,*,#3038,.T.);
#3895=ORIENTED_EDGE('',*,*,#3039,.T.);
#3896=ORIENTED_EDGE('',*,*,#3040,.T.);
#3897=ORIENTED_EDGE('',*,*,#3041,.T.);
#3898=ORIENTED_EDGE('',*,*,#3042,.T.);
#3899=ORIENTED_EDGE('',*,*,#3043,.T.);
#3900=ORIENTED_EDGE('',*,*,#3044,.T.);
#3901=ORIENTED_EDGE('',*,*,#3045,.T.);
#3902=ORIENTED_EDGE('',*,*,#3046,.T.);
#3903=ORIENTED_EDGE('',*,*,#3047,.T.);
#3904=ORIENTED_EDGE('',*,*,#3048,.T.);
#3905=ORIENTED_EDGE('',*,*,#3049,.T.);
#3906=ORIENTED_EDGE('',*,*,#3050,.T.);
#3907=ORIENTED_EDGE('',*,*,#3051,.T.);
#3908=ORIENTED_EDGE('',*,*,#3052,.T.);
#3909=ORIENTED_EDGE('',*,*,#3053,.T.);
#3910=ORIENTED_EDGE('',*,*,#3054,.T.);
#3911=ORIENTED_EDGE('',*,*,#3055,.T.);
#3912=ORIENTED_EDGE('',*,*,#3056,.T.);
#3913=ORIENTED_EDGE('',*,*,#3057,.T.);
#3914=ORIENTED_EDGE('',*,*,#3058,.T.);
#3915=ORIENTED_EDGE('',*,*,#3059,.T.);
#3916=ORIENTED_EDGE('',*,*,#3060,.T.);
#3917=ORIENTED_EDGE('',*,*,#3061,.T.);
#3918=ORIENTED_EDGE('',*,*,#3062,.T.);
#3919=ORIENTED_EDGE('',*,*,#3063,.T.);
#3920=ORIENTED_EDGE('',*,*,#3064,.T.);
#3921=ORIENTED_EDGE('',*,*,#3065,.T.);
#3922=ORIENTED_EDGE('',*,*,#3066,.T.);
#3923=ORIENTED_EDGE('',*,*,#3067,.T.);
#3924=ORIENTED_EDGE('',*,*,#3068,.T.);
#3925=ORIENTED_EDGE('',*,*,#3069,.T.);
#3926=ORIENTED_EDGE('',*,*,#3070,.T.);
#3927=ORIENTED_EDGE('',*,*,#2932,.F.);
#3928=ORIENTED_EDGE('',*,*,#3071,.T.);
#3929=ORIENTED_EDGE('',*,*,#3072,.T.);
#3930=ORIENTED_EDGE('',*,*,#3073,.T.);
#3931=ORIENTED_EDGE('',*,*,#2939,.T.);
#3932=ORIENTED_EDGE('',*,*,#3074,.T.);
#3933=ORIENTED_EDGE('',*,*,#2934,.T.);
#3934=ORIENTED_EDGE('',*,*,#2918,.F.);
#3935=ORIENTED_EDGE('',*,*,#3075,.T.);
#3936=ORIENTED_EDGE('',*,*,#3076,.F.);
#3937=ORIENTED_EDGE('',*,*,#3071,.F.);
#3938=ORIENTED_EDGE('',*,*,#2916,.F.);
#3939=ORIENTED_EDGE('',*,*,#2933,.F.);
#3940=ORIENTED_EDGE('',*,*,#2931,.F.);
#3941=ORIENTED_EDGE('',*,*,#2926,.F.);
#3942=ORIENTED_EDGE('',*,*,#2924,.F.);
#3943=ORIENTED_EDGE('',*,*,#2922,.F.);
#3944=ORIENTED_EDGE('',*,*,#2913,.T.);
#3945=ORIENTED_EDGE('',*,*,#3077,.T.);
#3946=ORIENTED_EDGE('',*,*,#3078,.T.);
#3947=ORIENTED_EDGE('',*,*,#2904,.T.);
#3948=ORIENTED_EDGE('',*,*,#3077,.F.);
#3949=ORIENTED_EDGE('',*,*,#2912,.F.);
#3950=ORIENTED_EDGE('',*,*,#3079,.F.);
#3951=ORIENTED_EDGE('',*,*,#3080,.F.);
#3952=ORIENTED_EDGE('',*,*,#2911,.T.);
#3953=ORIENTED_EDGE('',*,*,#3081,.T.);
#3954=ORIENTED_EDGE('',*,*,#3082,.T.);
#3955=ORIENTED_EDGE('',*,*,#3079,.T.);
#3956=ORIENTED_EDGE('',*,*,#3083,.T.);
#3957=ORIENTED_EDGE('',*,*,#3081,.F.);
#3958=ORIENTED_EDGE('',*,*,#2910,.F.);
#3959=ORIENTED_EDGE('',*,*,#3084,.F.);
#3960=ORIENTED_EDGE('',*,*,#3085,.F.);
#3961=ORIENTED_EDGE('',*,*,#3072,.F.);
#3962=ORIENTED_EDGE('',*,*,#2909,.T.);
#3963=ORIENTED_EDGE('',*,*,#3086,.T.);
#3964=ORIENTED_EDGE('',*,*,#3087,.T.);
#3965=ORIENTED_EDGE('',*,*,#3084,.T.);
#3966=ORIENTED_EDGE('',*,*,#3088,.F.);
#3967=ORIENTED_EDGE('',*,*,#3089,.T.);
#3968=ORIENTED_EDGE('',*,*,#3090,.T.);
#3969=ORIENTED_EDGE('',*,*,#3091,.F.);
#3970=ORIENTED_EDGE('',*,*,#3092,.F.);
#3971=ORIENTED_EDGE('',*,*,#3093,.T.);
#3972=ORIENTED_EDGE('',*,*,#3094,.T.);
#3973=ORIENTED_EDGE('',*,*,#3089,.F.);
#3974=ORIENTED_EDGE('',*,*,#3095,.F.);
#3975=ORIENTED_EDGE('',*,*,#3096,.T.);
#3976=ORIENTED_EDGE('',*,*,#3097,.T.);
#3977=ORIENTED_EDGE('',*,*,#3093,.F.);
#3978=ORIENTED_EDGE('',*,*,#3098,.F.);
#3979=ORIENTED_EDGE('',*,*,#3099,.T.);
#3980=ORIENTED_EDGE('',*,*,#3100,.T.);
#3981=ORIENTED_EDGE('',*,*,#3096,.F.);
#3982=ORIENTED_EDGE('',*,*,#3101,.F.);
#3983=ORIENTED_EDGE('',*,*,#3102,.T.);
#3984=ORIENTED_EDGE('',*,*,#3103,.T.);
#3985=ORIENTED_EDGE('',*,*,#3099,.F.);
#3986=ORIENTED_EDGE('',*,*,#3104,.F.);
#3987=ORIENTED_EDGE('',*,*,#3105,.T.);
#3988=ORIENTED_EDGE('',*,*,#3106,.T.);
#3989=ORIENTED_EDGE('',*,*,#3102,.F.);
#3990=ORIENTED_EDGE('',*,*,#3107,.F.);
#3991=ORIENTED_EDGE('',*,*,#3108,.T.);
#3992=ORIENTED_EDGE('',*,*,#3109,.T.);
#3993=ORIENTED_EDGE('',*,*,#3105,.F.);
#3994=ORIENTED_EDGE('',*,*,#3110,.F.);
#3995=ORIENTED_EDGE('',*,*,#3111,.T.);
#3996=ORIENTED_EDGE('',*,*,#3112,.T.);
#3997=ORIENTED_EDGE('',*,*,#3108,.F.);
#3998=ORIENTED_EDGE('',*,*,#3113,.F.);
#3999=ORIENTED_EDGE('',*,*,#3114,.T.);
#4000=ORIENTED_EDGE('',*,*,#3115,.T.);
#4001=ORIENTED_EDGE('',*,*,#3111,.F.);
#4002=ORIENTED_EDGE('',*,*,#3116,.F.);
#4003=ORIENTED_EDGE('',*,*,#3117,.T.);
#4004=ORIENTED_EDGE('',*,*,#3118,.T.);
#4005=ORIENTED_EDGE('',*,*,#3114,.F.);
#4006=ORIENTED_EDGE('',*,*,#3119,.F.);
#4007=ORIENTED_EDGE('',*,*,#3120,.T.);
#4008=ORIENTED_EDGE('',*,*,#3121,.T.);
#4009=ORIENTED_EDGE('',*,*,#3117,.F.);
#4010=ORIENTED_EDGE('',*,*,#3122,.F.);
#4011=ORIENTED_EDGE('',*,*,#3091,.T.);
#4012=ORIENTED_EDGE('',*,*,#3123,.T.);
#4013=ORIENTED_EDGE('',*,*,#3120,.F.);
#4014=ORIENTED_EDGE('',*,*,#2942,.F.);
#4015=ORIENTED_EDGE('',*,*,#3124,.T.);
#4016=ORIENTED_EDGE('',*,*,#3125,.T.);
#4017=ORIENTED_EDGE('',*,*,#3126,.F.);
#4018=ORIENTED_EDGE('',*,*,#2954,.F.);
#4019=ORIENTED_EDGE('',*,*,#3127,.T.);
#4020=ORIENTED_EDGE('',*,*,#3128,.T.);
#4021=ORIENTED_EDGE('',*,*,#3124,.F.);
#4022=ORIENTED_EDGE('',*,*,#2953,.F.);
#4023=ORIENTED_EDGE('',*,*,#3129,.T.);
#4024=ORIENTED_EDGE('',*,*,#3130,.T.);
#4025=ORIENTED_EDGE('',*,*,#3127,.F.);
#4026=ORIENTED_EDGE('',*,*,#2952,.F.);
#4027=ORIENTED_EDGE('',*,*,#3131,.T.);
#4028=ORIENTED_EDGE('',*,*,#3132,.T.);
#4029=ORIENTED_EDGE('',*,*,#3129,.F.);
#4030=ORIENTED_EDGE('',*,*,#2951,.F.);
#4031=ORIENTED_EDGE('',*,*,#3133,.T.);
#4032=ORIENTED_EDGE('',*,*,#3134,.T.);
#4033=ORIENTED_EDGE('',*,*,#3131,.F.);
#4034=ORIENTED_EDGE('',*,*,#2950,.F.);
#4035=ORIENTED_EDGE('',*,*,#3135,.T.);
#4036=ORIENTED_EDGE('',*,*,#3136,.T.);
#4037=ORIENTED_EDGE('',*,*,#3133,.F.);
#4038=ORIENTED_EDGE('',*,*,#2949,.F.);
#4039=ORIENTED_EDGE('',*,*,#3137,.T.);
#4040=ORIENTED_EDGE('',*,*,#3138,.T.);
#4041=ORIENTED_EDGE('',*,*,#3135,.F.);
#4042=ORIENTED_EDGE('',*,*,#2948,.F.);
#4043=ORIENTED_EDGE('',*,*,#3139,.T.);
#4044=ORIENTED_EDGE('',*,*,#3140,.T.);
#4045=ORIENTED_EDGE('',*,*,#3137,.F.);
#4046=ORIENTED_EDGE('',*,*,#2947,.F.);
#4047=ORIENTED_EDGE('',*,*,#3141,.T.);
#4048=ORIENTED_EDGE('',*,*,#3142,.T.);
#4049=ORIENTED_EDGE('',*,*,#3139,.F.);
#4050=ORIENTED_EDGE('',*,*,#2946,.F.);
#4051=ORIENTED_EDGE('',*,*,#3143,.T.);
#4052=ORIENTED_EDGE('',*,*,#3144,.T.);
#4053=ORIENTED_EDGE('',*,*,#3141,.F.);
#4054=ORIENTED_EDGE('',*,*,#2945,.F.);
#4055=ORIENTED_EDGE('',*,*,#3145,.T.);
#4056=ORIENTED_EDGE('',*,*,#3146,.T.);
#4057=ORIENTED_EDGE('',*,*,#3143,.F.);
#4058=ORIENTED_EDGE('',*,*,#2944,.F.);
#4059=ORIENTED_EDGE('',*,*,#3147,.T.);
#4060=ORIENTED_EDGE('',*,*,#3148,.T.);
#4061=ORIENTED_EDGE('',*,*,#3145,.F.);
#4062=ORIENTED_EDGE('',*,*,#2943,.F.);
#4063=ORIENTED_EDGE('',*,*,#3126,.T.);
#4064=ORIENTED_EDGE('',*,*,#3149,.T.);
#4065=ORIENTED_EDGE('',*,*,#3147,.F.);
#4066=ORIENTED_EDGE('',*,*,#3149,.F.);
#4067=ORIENTED_EDGE('',*,*,#3125,.F.);
#4068=ORIENTED_EDGE('',*,*,#3128,.F.);
#4069=ORIENTED_EDGE('',*,*,#3130,.F.);
#4070=ORIENTED_EDGE('',*,*,#3132,.F.);
#4071=ORIENTED_EDGE('',*,*,#3134,.F.);
#4072=ORIENTED_EDGE('',*,*,#3136,.F.);
#4073=ORIENTED_EDGE('',*,*,#3138,.F.);
#4074=ORIENTED_EDGE('',*,*,#3140,.F.);
#4075=ORIENTED_EDGE('',*,*,#3142,.F.);
#4076=ORIENTED_EDGE('',*,*,#3144,.F.);
#4077=ORIENTED_EDGE('',*,*,#3146,.F.);
#4078=ORIENTED_EDGE('',*,*,#3148,.F.);
#4079=ORIENTED_EDGE('',*,*,#3123,.F.);
#4080=ORIENTED_EDGE('',*,*,#3090,.F.);
#4081=ORIENTED_EDGE('',*,*,#3094,.F.);
#4082=ORIENTED_EDGE('',*,*,#3097,.F.);
#4083=ORIENTED_EDGE('',*,*,#3100,.F.);
#4084=ORIENTED_EDGE('',*,*,#3103,.F.);
#4085=ORIENTED_EDGE('',*,*,#3106,.F.);
#4086=ORIENTED_EDGE('',*,*,#3109,.F.);
#4087=ORIENTED_EDGE('',*,*,#3112,.F.);
#4088=ORIENTED_EDGE('',*,*,#3115,.F.);
#4089=ORIENTED_EDGE('',*,*,#3118,.F.);
#4090=ORIENTED_EDGE('',*,*,#3121,.F.);
#4091=ORIENTED_EDGE('',*,*,#2955,.F.);
#4092=ORIENTED_EDGE('',*,*,#3150,.T.);
#4093=ORIENTED_EDGE('',*,*,#3151,.T.);
#4094=ORIENTED_EDGE('',*,*,#3152,.F.);
#4095=ORIENTED_EDGE('',*,*,#2958,.F.);
#4096=ORIENTED_EDGE('',*,*,#3153,.T.);
#4097=ORIENTED_EDGE('',*,*,#3154,.T.);
#4098=ORIENTED_EDGE('',*,*,#3150,.F.);
#4099=ORIENTED_EDGE('',*,*,#2957,.F.);
#4100=ORIENTED_EDGE('',*,*,#3155,.T.);
#4101=ORIENTED_EDGE('',*,*,#3156,.T.);
#4102=ORIENTED_EDGE('',*,*,#3153,.F.);
#4103=ORIENTED_EDGE('',*,*,#2956,.F.);
#4104=ORIENTED_EDGE('',*,*,#3152,.T.);
#4105=ORIENTED_EDGE('',*,*,#3157,.T.);
#4106=ORIENTED_EDGE('',*,*,#3155,.F.);
#4107=ORIENTED_EDGE('',*,*,#3157,.F.);
#4108=ORIENTED_EDGE('',*,*,#3151,.F.);
#4109=ORIENTED_EDGE('',*,*,#3154,.F.);
#4110=ORIENTED_EDGE('',*,*,#3156,.F.);
#4111=ORIENTED_EDGE('',*,*,#2938,.F.);
#4112=ORIENTED_EDGE('',*,*,#3158,.T.);
#4113=ORIENTED_EDGE('',*,*,#3159,.T.);
#4114=ORIENTED_EDGE('',*,*,#3160,.F.);
#4115=ORIENTED_EDGE('',*,*,#2937,.F.);
#4116=ORIENTED_EDGE('',*,*,#3161,.T.);
#4117=ORIENTED_EDGE('',*,*,#3162,.T.);
#4118=ORIENTED_EDGE('',*,*,#3158,.F.);
#4119=ORIENTED_EDGE('',*,*,#2936,.F.);
#4120=ORIENTED_EDGE('',*,*,#3163,.T.);
#4121=ORIENTED_EDGE('',*,*,#3164,.T.);
#4122=ORIENTED_EDGE('',*,*,#3161,.F.);
#4123=ORIENTED_EDGE('',*,*,#2935,.F.);
#4124=ORIENTED_EDGE('',*,*,#3165,.T.);
#4125=ORIENTED_EDGE('',*,*,#3166,.T.);
#4126=ORIENTED_EDGE('',*,*,#3163,.F.);
#4127=ORIENTED_EDGE('',*,*,#3074,.F.);
#4128=ORIENTED_EDGE('',*,*,#3160,.T.);
#4129=ORIENTED_EDGE('',*,*,#3167,.T.);
#4130=ORIENTED_EDGE('',*,*,#3165,.F.);
#4131=ORIENTED_EDGE('',*,*,#3167,.F.);
#4132=ORIENTED_EDGE('',*,*,#3159,.F.);
#4133=ORIENTED_EDGE('',*,*,#3162,.F.);
#4134=ORIENTED_EDGE('',*,*,#3164,.F.);
#4135=ORIENTED_EDGE('',*,*,#3166,.F.);
#4136=ORIENTED_EDGE('',*,*,#2959,.F.);
#4137=ORIENTED_EDGE('',*,*,#3168,.T.);
#4138=ORIENTED_EDGE('',*,*,#3169,.T.);
#4139=ORIENTED_EDGE('',*,*,#3170,.F.);
#4140=ORIENTED_EDGE('',*,*,#2962,.F.);
#4141=ORIENTED_EDGE('',*,*,#3171,.T.);
#4142=ORIENTED_EDGE('',*,*,#3172,.T.);
#4143=ORIENTED_EDGE('',*,*,#3168,.F.);
#4144=ORIENTED_EDGE('',*,*,#2961,.F.);
#4145=ORIENTED_EDGE('',*,*,#3173,.T.);
#4146=ORIENTED_EDGE('',*,*,#3174,.T.);
#4147=ORIENTED_EDGE('',*,*,#3171,.F.);
#4148=ORIENTED_EDGE('',*,*,#2960,.F.);
#4149=ORIENTED_EDGE('',*,*,#3170,.T.);
#4150=ORIENTED_EDGE('',*,*,#3175,.T.);
#4151=ORIENTED_EDGE('',*,*,#3173,.F.);
#4152=ORIENTED_EDGE('',*,*,#3175,.F.);
#4153=ORIENTED_EDGE('',*,*,#3169,.F.);
#4154=ORIENTED_EDGE('',*,*,#3172,.F.);
#4155=ORIENTED_EDGE('',*,*,#3174,.F.);
#4156=ORIENTED_EDGE('',*,*,#2963,.F.);
#4157=ORIENTED_EDGE('',*,*,#3176,.T.);
#4158=ORIENTED_EDGE('',*,*,#3177,.T.);
#4159=ORIENTED_EDGE('',*,*,#3178,.F.);
#4160=ORIENTED_EDGE('',*,*,#2966,.F.);
#4161=ORIENTED_EDGE('',*,*,#3179,.T.);
#4162=ORIENTED_EDGE('',*,*,#3180,.T.);
#4163=ORIENTED_EDGE('',*,*,#3176,.F.);
#4164=ORIENTED_EDGE('',*,*,#2965,.F.);
#4165=ORIENTED_EDGE('',*,*,#3181,.T.);
#4166=ORIENTED_EDGE('',*,*,#3182,.T.);
#4167=ORIENTED_EDGE('',*,*,#3179,.F.);
#4168=ORIENTED_EDGE('',*,*,#2964,.F.);
#4169=ORIENTED_EDGE('',*,*,#3178,.T.);
#4170=ORIENTED_EDGE('',*,*,#3183,.T.);
#4171=ORIENTED_EDGE('',*,*,#3181,.F.);
#4172=ORIENTED_EDGE('',*,*,#3183,.F.);
#4173=ORIENTED_EDGE('',*,*,#3177,.F.);
#4174=ORIENTED_EDGE('',*,*,#3180,.F.);
#4175=ORIENTED_EDGE('',*,*,#3182,.F.);
#4176=ORIENTED_EDGE('',*,*,#2967,.F.);
#4177=ORIENTED_EDGE('',*,*,#3184,.T.);
#4178=ORIENTED_EDGE('',*,*,#3185,.T.);
#4179=ORIENTED_EDGE('',*,*,#3186,.F.);
#4180=ORIENTED_EDGE('',*,*,#2970,.F.);
#4181=ORIENTED_EDGE('',*,*,#3187,.T.);
#4182=ORIENTED_EDGE('',*,*,#3188,.T.);
#4183=ORIENTED_EDGE('',*,*,#3184,.F.);
#4184=ORIENTED_EDGE('',*,*,#2969,.F.);
#4185=ORIENTED_EDGE('',*,*,#3189,.T.);
#4186=ORIENTED_EDGE('',*,*,#3190,.T.);
#4187=ORIENTED_EDGE('',*,*,#3187,.F.);
#4188=ORIENTED_EDGE('',*,*,#2968,.F.);
#4189=ORIENTED_EDGE('',*,*,#3186,.T.);
#4190=ORIENTED_EDGE('',*,*,#3191,.T.);
#4191=ORIENTED_EDGE('',*,*,#3189,.F.);
#4192=ORIENTED_EDGE('',*,*,#3191,.F.);
#4193=ORIENTED_EDGE('',*,*,#3185,.F.);
#4194=ORIENTED_EDGE('',*,*,#3188,.F.);
#4195=ORIENTED_EDGE('',*,*,#3190,.F.);
#4196=ORIENTED_EDGE('',*,*,#2971,.F.);
#4197=ORIENTED_EDGE('',*,*,#3192,.T.);
#4198=ORIENTED_EDGE('',*,*,#3193,.T.);
#4199=ORIENTED_EDGE('',*,*,#3194,.F.);
#4200=ORIENTED_EDGE('',*,*,#2974,.F.);
#4201=ORIENTED_EDGE('',*,*,#3195,.T.);
#4202=ORIENTED_EDGE('',*,*,#3196,.T.);
#4203=ORIENTED_EDGE('',*,*,#3192,.F.);
#4204=ORIENTED_EDGE('',*,*,#2973,.F.);
#4205=ORIENTED_EDGE('',*,*,#3197,.T.);
#4206=ORIENTED_EDGE('',*,*,#3198,.T.);
#4207=ORIENTED_EDGE('',*,*,#3195,.F.);
#4208=ORIENTED_EDGE('',*,*,#2972,.F.);
#4209=ORIENTED_EDGE('',*,*,#3194,.T.);
#4210=ORIENTED_EDGE('',*,*,#3199,.T.);
#4211=ORIENTED_EDGE('',*,*,#3197,.F.);
#4212=ORIENTED_EDGE('',*,*,#3199,.F.);
#4213=ORIENTED_EDGE('',*,*,#3193,.F.);
#4214=ORIENTED_EDGE('',*,*,#3196,.F.);
#4215=ORIENTED_EDGE('',*,*,#3198,.F.);
#4216=ORIENTED_EDGE('',*,*,#3200,.F.);
#4217=ORIENTED_EDGE('',*,*,#3201,.T.);
#4218=ORIENTED_EDGE('',*,*,#3202,.T.);
#4219=ORIENTED_EDGE('',*,*,#3203,.F.);
#4220=ORIENTED_EDGE('',*,*,#3204,.F.);
#4221=ORIENTED_EDGE('',*,*,#3205,.T.);
#4222=ORIENTED_EDGE('',*,*,#3206,.T.);
#4223=ORIENTED_EDGE('',*,*,#3201,.F.);
#4224=ORIENTED_EDGE('',*,*,#3207,.F.);
#4225=ORIENTED_EDGE('',*,*,#3208,.T.);
#4226=ORIENTED_EDGE('',*,*,#3209,.T.);
#4227=ORIENTED_EDGE('',*,*,#3205,.F.);
#4228=ORIENTED_EDGE('',*,*,#3210,.F.);
#4229=ORIENTED_EDGE('',*,*,#3203,.T.);
#4230=ORIENTED_EDGE('',*,*,#3211,.T.);
#4231=ORIENTED_EDGE('',*,*,#3208,.F.);
#4232=ORIENTED_EDGE('',*,*,#2975,.F.);
#4233=ORIENTED_EDGE('',*,*,#3212,.T.);
#4234=ORIENTED_EDGE('',*,*,#3213,.T.);
#4235=ORIENTED_EDGE('',*,*,#3214,.F.);
#4236=ORIENTED_EDGE('',*,*,#3010,.F.);
#4237=ORIENTED_EDGE('',*,*,#3215,.T.);
#4238=ORIENTED_EDGE('',*,*,#3216,.T.);
#4239=ORIENTED_EDGE('',*,*,#3212,.F.);
#4240=ORIENTED_EDGE('',*,*,#3009,.F.);
#4241=ORIENTED_EDGE('',*,*,#3217,.T.);
#4242=ORIENTED_EDGE('',*,*,#3218,.T.);
#4243=ORIENTED_EDGE('',*,*,#3215,.F.);
#4244=ORIENTED_EDGE('',*,*,#3008,.F.);
#4245=ORIENTED_EDGE('',*,*,#3219,.T.);
#4246=ORIENTED_EDGE('',*,*,#3220,.T.);
#4247=ORIENTED_EDGE('',*,*,#3217,.F.);
#4248=ORIENTED_EDGE('',*,*,#3007,.F.);
#4249=ORIENTED_EDGE('',*,*,#3221,.T.);
#4250=ORIENTED_EDGE('',*,*,#3222,.T.);
#4251=ORIENTED_EDGE('',*,*,#3219,.F.);
#4252=ORIENTED_EDGE('',*,*,#3006,.F.);
#4253=ORIENTED_EDGE('',*,*,#3223,.T.);
#4254=ORIENTED_EDGE('',*,*,#3224,.T.);
#4255=ORIENTED_EDGE('',*,*,#3221,.F.);
#4256=ORIENTED_EDGE('',*,*,#3005,.F.);
#4257=ORIENTED_EDGE('',*,*,#3225,.T.);
#4258=ORIENTED_EDGE('',*,*,#3226,.T.);
#4259=ORIENTED_EDGE('',*,*,#3223,.F.);
#4260=ORIENTED_EDGE('',*,*,#3004,.F.);
#4261=ORIENTED_EDGE('',*,*,#3227,.T.);
#4262=ORIENTED_EDGE('',*,*,#3228,.T.);
#4263=ORIENTED_EDGE('',*,*,#3225,.F.);
#4264=ORIENTED_EDGE('',*,*,#3003,.F.);
#4265=ORIENTED_EDGE('',*,*,#3229,.T.);
#4266=ORIENTED_EDGE('',*,*,#3230,.T.);
#4267=ORIENTED_EDGE('',*,*,#3227,.F.);
#4268=ORIENTED_EDGE('',*,*,#3002,.F.);
#4269=ORIENTED_EDGE('',*,*,#3231,.T.);
#4270=ORIENTED_EDGE('',*,*,#3232,.T.);
#4271=ORIENTED_EDGE('',*,*,#3229,.F.);
#4272=ORIENTED_EDGE('',*,*,#3001,.F.);
#4273=ORIENTED_EDGE('',*,*,#3233,.T.);
#4274=ORIENTED_EDGE('',*,*,#3234,.T.);
#4275=ORIENTED_EDGE('',*,*,#3231,.F.);
#4276=ORIENTED_EDGE('',*,*,#3000,.F.);
#4277=ORIENTED_EDGE('',*,*,#3235,.T.);
#4278=ORIENTED_EDGE('',*,*,#3236,.T.);
#4279=ORIENTED_EDGE('',*,*,#3233,.F.);
#4280=ORIENTED_EDGE('',*,*,#2999,.F.);
#4281=ORIENTED_EDGE('',*,*,#3237,.T.);
#4282=ORIENTED_EDGE('',*,*,#3238,.T.);
#4283=ORIENTED_EDGE('',*,*,#3235,.F.);
#4284=ORIENTED_EDGE('',*,*,#2998,.F.);
#4285=ORIENTED_EDGE('',*,*,#3239,.T.);
#4286=ORIENTED_EDGE('',*,*,#3240,.T.);
#4287=ORIENTED_EDGE('',*,*,#3237,.F.);
#4288=ORIENTED_EDGE('',*,*,#2997,.F.);
#4289=ORIENTED_EDGE('',*,*,#3241,.T.);
#4290=ORIENTED_EDGE('',*,*,#3242,.T.);
#4291=ORIENTED_EDGE('',*,*,#3239,.F.);
#4292=ORIENTED_EDGE('',*,*,#2996,.F.);
#4293=ORIENTED_EDGE('',*,*,#3243,.T.);
#4294=ORIENTED_EDGE('',*,*,#3244,.T.);
#4295=ORIENTED_EDGE('',*,*,#3241,.F.);
#4296=ORIENTED_EDGE('',*,*,#2995,.F.);
#4297=ORIENTED_EDGE('',*,*,#3245,.T.);
#4298=ORIENTED_EDGE('',*,*,#3246,.T.);
#4299=ORIENTED_EDGE('',*,*,#3243,.F.);
#4300=ORIENTED_EDGE('',*,*,#2994,.F.);
#4301=ORIENTED_EDGE('',*,*,#3247,.T.);
#4302=ORIENTED_EDGE('',*,*,#3248,.T.);
#4303=ORIENTED_EDGE('',*,*,#3245,.F.);
#4304=ORIENTED_EDGE('',*,*,#2993,.F.);
#4305=ORIENTED_EDGE('',*,*,#3249,.T.);
#4306=ORIENTED_EDGE('',*,*,#3250,.T.);
#4307=ORIENTED_EDGE('',*,*,#3247,.F.);
#4308=ORIENTED_EDGE('',*,*,#2992,.F.);
#4309=ORIENTED_EDGE('',*,*,#3251,.T.);
#4310=ORIENTED_EDGE('',*,*,#3252,.T.);
#4311=ORIENTED_EDGE('',*,*,#3249,.F.);
#4312=ORIENTED_EDGE('',*,*,#2991,.F.);
#4313=ORIENTED_EDGE('',*,*,#3253,.T.);
#4314=ORIENTED_EDGE('',*,*,#3254,.T.);
#4315=ORIENTED_EDGE('',*,*,#3251,.F.);
#4316=ORIENTED_EDGE('',*,*,#2990,.F.);
#4317=ORIENTED_EDGE('',*,*,#3255,.T.);
#4318=ORIENTED_EDGE('',*,*,#3256,.T.);
#4319=ORIENTED_EDGE('',*,*,#3253,.F.);
#4320=ORIENTED_EDGE('',*,*,#2989,.F.);
#4321=ORIENTED_EDGE('',*,*,#3257,.T.);
#4322=ORIENTED_EDGE('',*,*,#3258,.T.);
#4323=ORIENTED_EDGE('',*,*,#3255,.F.);
#4324=ORIENTED_EDGE('',*,*,#2988,.F.);
#4325=ORIENTED_EDGE('',*,*,#3259,.T.);
#4326=ORIENTED_EDGE('',*,*,#3260,.T.);
#4327=ORIENTED_EDGE('',*,*,#3257,.F.);
#4328=ORIENTED_EDGE('',*,*,#2987,.F.);
#4329=ORIENTED_EDGE('',*,*,#3261,.T.);
#4330=ORIENTED_EDGE('',*,*,#3262,.T.);
#4331=ORIENTED_EDGE('',*,*,#3259,.F.);
#4332=ORIENTED_EDGE('',*,*,#2986,.F.);
#4333=ORIENTED_EDGE('',*,*,#3263,.T.);
#4334=ORIENTED_EDGE('',*,*,#3264,.T.);
#4335=ORIENTED_EDGE('',*,*,#3261,.F.);
#4336=ORIENTED_EDGE('',*,*,#2985,.F.);
#4337=ORIENTED_EDGE('',*,*,#3265,.T.);
#4338=ORIENTED_EDGE('',*,*,#3266,.T.);
#4339=ORIENTED_EDGE('',*,*,#3263,.F.);
#4340=ORIENTED_EDGE('',*,*,#2984,.F.);
#4341=ORIENTED_EDGE('',*,*,#3267,.T.);
#4342=ORIENTED_EDGE('',*,*,#3268,.T.);
#4343=ORIENTED_EDGE('',*,*,#3265,.F.);
#4344=ORIENTED_EDGE('',*,*,#2983,.F.);
#4345=ORIENTED_EDGE('',*,*,#3269,.T.);
#4346=ORIENTED_EDGE('',*,*,#3270,.T.);
#4347=ORIENTED_EDGE('',*,*,#3267,.F.);
#4348=ORIENTED_EDGE('',*,*,#2982,.F.);
#4349=ORIENTED_EDGE('',*,*,#3271,.T.);
#4350=ORIENTED_EDGE('',*,*,#3272,.T.);
#4351=ORIENTED_EDGE('',*,*,#3269,.F.);
#4352=ORIENTED_EDGE('',*,*,#2981,.F.);
#4353=ORIENTED_EDGE('',*,*,#3273,.T.);
#4354=ORIENTED_EDGE('',*,*,#3274,.T.);
#4355=ORIENTED_EDGE('',*,*,#3271,.F.);
#4356=ORIENTED_EDGE('',*,*,#2980,.F.);
#4357=ORIENTED_EDGE('',*,*,#3275,.T.);
#4358=ORIENTED_EDGE('',*,*,#3276,.T.);
#4359=ORIENTED_EDGE('',*,*,#3273,.F.);
#4360=ORIENTED_EDGE('',*,*,#2979,.F.);
#4361=ORIENTED_EDGE('',*,*,#3277,.T.);
#4362=ORIENTED_EDGE('',*,*,#3278,.T.);
#4363=ORIENTED_EDGE('',*,*,#3275,.F.);
#4364=ORIENTED_EDGE('',*,*,#2978,.F.);
#4365=ORIENTED_EDGE('',*,*,#3279,.T.);
#4366=ORIENTED_EDGE('',*,*,#3280,.T.);
#4367=ORIENTED_EDGE('',*,*,#3277,.F.);
#4368=ORIENTED_EDGE('',*,*,#2977,.F.);
#4369=ORIENTED_EDGE('',*,*,#3281,.T.);
#4370=ORIENTED_EDGE('',*,*,#3282,.T.);
#4371=ORIENTED_EDGE('',*,*,#3279,.F.);
#4372=ORIENTED_EDGE('',*,*,#2976,.F.);
#4373=ORIENTED_EDGE('',*,*,#3214,.T.);
#4374=ORIENTED_EDGE('',*,*,#3283,.T.);
#4375=ORIENTED_EDGE('',*,*,#3281,.F.);
#4376=ORIENTED_EDGE('',*,*,#3283,.F.);
#4377=ORIENTED_EDGE('',*,*,#3213,.F.);
#4378=ORIENTED_EDGE('',*,*,#3216,.F.);
#4379=ORIENTED_EDGE('',*,*,#3218,.F.);
#4380=ORIENTED_EDGE('',*,*,#3220,.F.);
#4381=ORIENTED_EDGE('',*,*,#3222,.F.);
#4382=ORIENTED_EDGE('',*,*,#3224,.F.);
#4383=ORIENTED_EDGE('',*,*,#3226,.F.);
#4384=ORIENTED_EDGE('',*,*,#3228,.F.);
#4385=ORIENTED_EDGE('',*,*,#3230,.F.);
#4386=ORIENTED_EDGE('',*,*,#3232,.F.);
#4387=ORIENTED_EDGE('',*,*,#3234,.F.);
#4388=ORIENTED_EDGE('',*,*,#3236,.F.);
#4389=ORIENTED_EDGE('',*,*,#3238,.F.);
#4390=ORIENTED_EDGE('',*,*,#3240,.F.);
#4391=ORIENTED_EDGE('',*,*,#3242,.F.);
#4392=ORIENTED_EDGE('',*,*,#3244,.F.);
#4393=ORIENTED_EDGE('',*,*,#3246,.F.);
#4394=ORIENTED_EDGE('',*,*,#3248,.F.);
#4395=ORIENTED_EDGE('',*,*,#3250,.F.);
#4396=ORIENTED_EDGE('',*,*,#3252,.F.);
#4397=ORIENTED_EDGE('',*,*,#3254,.F.);
#4398=ORIENTED_EDGE('',*,*,#3256,.F.);
#4399=ORIENTED_EDGE('',*,*,#3258,.F.);
#4400=ORIENTED_EDGE('',*,*,#3260,.F.);
#4401=ORIENTED_EDGE('',*,*,#3262,.F.);
#4402=ORIENTED_EDGE('',*,*,#3264,.F.);
#4403=ORIENTED_EDGE('',*,*,#3266,.F.);
#4404=ORIENTED_EDGE('',*,*,#3268,.F.);
#4405=ORIENTED_EDGE('',*,*,#3270,.F.);
#4406=ORIENTED_EDGE('',*,*,#3272,.F.);
#4407=ORIENTED_EDGE('',*,*,#3274,.F.);
#4408=ORIENTED_EDGE('',*,*,#3276,.F.);
#4409=ORIENTED_EDGE('',*,*,#3278,.F.);
#4410=ORIENTED_EDGE('',*,*,#3280,.F.);
#4411=ORIENTED_EDGE('',*,*,#3282,.F.);
#4412=ORIENTED_EDGE('',*,*,#3211,.F.);
#4413=ORIENTED_EDGE('',*,*,#3202,.F.);
#4414=ORIENTED_EDGE('',*,*,#3206,.F.);
#4415=ORIENTED_EDGE('',*,*,#3209,.F.);
#4416=ORIENTED_EDGE('',*,*,#3284,.F.);
#4417=ORIENTED_EDGE('',*,*,#3285,.T.);
#4418=ORIENTED_EDGE('',*,*,#3286,.T.);
#4419=ORIENTED_EDGE('',*,*,#3287,.F.);
#4420=ORIENTED_EDGE('',*,*,#3288,.F.);
#4421=ORIENTED_EDGE('',*,*,#3289,.T.);
#4422=ORIENTED_EDGE('',*,*,#3290,.T.);
#4423=ORIENTED_EDGE('',*,*,#3285,.F.);
#4424=ORIENTED_EDGE('',*,*,#3291,.F.);
#4425=ORIENTED_EDGE('',*,*,#3292,.T.);
#4426=ORIENTED_EDGE('',*,*,#3293,.T.);
#4427=ORIENTED_EDGE('',*,*,#3289,.F.);
#4428=ORIENTED_EDGE('',*,*,#3294,.F.);
#4429=ORIENTED_EDGE('',*,*,#3295,.T.);
#4430=ORIENTED_EDGE('',*,*,#3296,.T.);
#4431=ORIENTED_EDGE('',*,*,#3292,.F.);
#4432=ORIENTED_EDGE('',*,*,#3297,.F.);
#4433=ORIENTED_EDGE('',*,*,#3298,.T.);
#4434=ORIENTED_EDGE('',*,*,#3299,.T.);
#4435=ORIENTED_EDGE('',*,*,#3295,.F.);
#4436=ORIENTED_EDGE('',*,*,#3300,.F.);
#4437=ORIENTED_EDGE('',*,*,#3301,.T.);
#4438=ORIENTED_EDGE('',*,*,#3302,.T.);
#4439=ORIENTED_EDGE('',*,*,#3298,.F.);
#4440=ORIENTED_EDGE('',*,*,#3303,.F.);
#4441=ORIENTED_EDGE('',*,*,#3304,.T.);
#4442=ORIENTED_EDGE('',*,*,#3305,.T.);
#4443=ORIENTED_EDGE('',*,*,#3301,.F.);
#4444=ORIENTED_EDGE('',*,*,#3306,.F.);
#4445=ORIENTED_EDGE('',*,*,#3307,.T.);
#4446=ORIENTED_EDGE('',*,*,#3308,.T.);
#4447=ORIENTED_EDGE('',*,*,#3304,.F.);
#4448=ORIENTED_EDGE('',*,*,#3309,.F.);
#4449=ORIENTED_EDGE('',*,*,#3310,.T.);
#4450=ORIENTED_EDGE('',*,*,#3311,.T.);
#4451=ORIENTED_EDGE('',*,*,#3307,.F.);
#4452=ORIENTED_EDGE('',*,*,#3312,.F.);
#4453=ORIENTED_EDGE('',*,*,#3313,.T.);
#4454=ORIENTED_EDGE('',*,*,#3314,.T.);
#4455=ORIENTED_EDGE('',*,*,#3310,.F.);
#4456=ORIENTED_EDGE('',*,*,#3315,.F.);
#4457=ORIENTED_EDGE('',*,*,#3316,.T.);
#4458=ORIENTED_EDGE('',*,*,#3317,.T.);
#4459=ORIENTED_EDGE('',*,*,#3313,.F.);
#4460=ORIENTED_EDGE('',*,*,#3318,.F.);
#4461=ORIENTED_EDGE('',*,*,#3287,.T.);
#4462=ORIENTED_EDGE('',*,*,#3319,.T.);
#4463=ORIENTED_EDGE('',*,*,#3316,.F.);
#4464=ORIENTED_EDGE('',*,*,#3011,.F.);
#4465=ORIENTED_EDGE('',*,*,#3320,.T.);
#4466=ORIENTED_EDGE('',*,*,#3321,.T.);
#4467=ORIENTED_EDGE('',*,*,#3322,.F.);
#4468=ORIENTED_EDGE('',*,*,#3020,.F.);
#4469=ORIENTED_EDGE('',*,*,#3323,.T.);
#4470=ORIENTED_EDGE('',*,*,#3324,.T.);
#4471=ORIENTED_EDGE('',*,*,#3320,.F.);
#4472=ORIENTED_EDGE('',*,*,#3019,.F.);
#4473=ORIENTED_EDGE('',*,*,#3325,.T.);
#4474=ORIENTED_EDGE('',*,*,#3326,.T.);
#4475=ORIENTED_EDGE('',*,*,#3323,.F.);
#4476=ORIENTED_EDGE('',*,*,#3018,.F.);
#4477=ORIENTED_EDGE('',*,*,#3327,.T.);
#4478=ORIENTED_EDGE('',*,*,#3328,.T.);
#4479=ORIENTED_EDGE('',*,*,#3325,.F.);
#4480=ORIENTED_EDGE('',*,*,#3017,.F.);
#4481=ORIENTED_EDGE('',*,*,#3329,.T.);
#4482=ORIENTED_EDGE('',*,*,#3330,.T.);
#4483=ORIENTED_EDGE('',*,*,#3327,.F.);
#4484=ORIENTED_EDGE('',*,*,#3016,.F.);
#4485=ORIENTED_EDGE('',*,*,#3331,.T.);
#4486=ORIENTED_EDGE('',*,*,#3332,.T.);
#4487=ORIENTED_EDGE('',*,*,#3329,.F.);
#4488=ORIENTED_EDGE('',*,*,#3015,.F.);
#4489=ORIENTED_EDGE('',*,*,#3333,.T.);
#4490=ORIENTED_EDGE('',*,*,#3334,.T.);
#4491=ORIENTED_EDGE('',*,*,#3331,.F.);
#4492=ORIENTED_EDGE('',*,*,#3014,.F.);
#4493=ORIENTED_EDGE('',*,*,#3335,.T.);
#4494=ORIENTED_EDGE('',*,*,#3336,.T.);
#4495=ORIENTED_EDGE('',*,*,#3333,.F.);
#4496=ORIENTED_EDGE('',*,*,#3013,.F.);
#4497=ORIENTED_EDGE('',*,*,#3337,.T.);
#4498=ORIENTED_EDGE('',*,*,#3338,.T.);
#4499=ORIENTED_EDGE('',*,*,#3335,.F.);
#4500=ORIENTED_EDGE('',*,*,#3012,.F.);
#4501=ORIENTED_EDGE('',*,*,#3322,.T.);
#4502=ORIENTED_EDGE('',*,*,#3339,.T.);
#4503=ORIENTED_EDGE('',*,*,#3337,.F.);
#4504=ORIENTED_EDGE('',*,*,#3339,.F.);
#4505=ORIENTED_EDGE('',*,*,#3321,.F.);
#4506=ORIENTED_EDGE('',*,*,#3324,.F.);
#4507=ORIENTED_EDGE('',*,*,#3326,.F.);
#4508=ORIENTED_EDGE('',*,*,#3328,.F.);
#4509=ORIENTED_EDGE('',*,*,#3330,.F.);
#4510=ORIENTED_EDGE('',*,*,#3332,.F.);
#4511=ORIENTED_EDGE('',*,*,#3334,.F.);
#4512=ORIENTED_EDGE('',*,*,#3336,.F.);
#4513=ORIENTED_EDGE('',*,*,#3338,.F.);
#4514=ORIENTED_EDGE('',*,*,#3319,.F.);
#4515=ORIENTED_EDGE('',*,*,#3286,.F.);
#4516=ORIENTED_EDGE('',*,*,#3290,.F.);
#4517=ORIENTED_EDGE('',*,*,#3293,.F.);
#4518=ORIENTED_EDGE('',*,*,#3296,.F.);
#4519=ORIENTED_EDGE('',*,*,#3299,.F.);
#4520=ORIENTED_EDGE('',*,*,#3302,.F.);
#4521=ORIENTED_EDGE('',*,*,#3305,.F.);
#4522=ORIENTED_EDGE('',*,*,#3308,.F.);
#4523=ORIENTED_EDGE('',*,*,#3311,.F.);
#4524=ORIENTED_EDGE('',*,*,#3314,.F.);
#4525=ORIENTED_EDGE('',*,*,#3317,.F.);
#4526=ORIENTED_EDGE('',*,*,#3021,.F.);
#4527=ORIENTED_EDGE('',*,*,#3340,.T.);
#4528=ORIENTED_EDGE('',*,*,#3341,.T.);
#4529=ORIENTED_EDGE('',*,*,#3342,.F.);
#4530=ORIENTED_EDGE('',*,*,#3026,.F.);
#4531=ORIENTED_EDGE('',*,*,#3343,.T.);
#4532=ORIENTED_EDGE('',*,*,#3344,.T.);
#4533=ORIENTED_EDGE('',*,*,#3340,.F.);
#4534=ORIENTED_EDGE('',*,*,#3025,.F.);
#4535=ORIENTED_EDGE('',*,*,#3345,.T.);
#4536=ORIENTED_EDGE('',*,*,#3346,.T.);
#4537=ORIENTED_EDGE('',*,*,#3343,.F.);
#4538=ORIENTED_EDGE('',*,*,#3024,.F.);
#4539=ORIENTED_EDGE('',*,*,#3347,.T.);
#4540=ORIENTED_EDGE('',*,*,#3348,.T.);
#4541=ORIENTED_EDGE('',*,*,#3345,.F.);
#4542=ORIENTED_EDGE('',*,*,#3023,.F.);
#4543=ORIENTED_EDGE('',*,*,#3349,.T.);
#4544=ORIENTED_EDGE('',*,*,#3350,.T.);
#4545=ORIENTED_EDGE('',*,*,#3347,.F.);
#4546=ORIENTED_EDGE('',*,*,#3022,.F.);
#4547=ORIENTED_EDGE('',*,*,#3342,.T.);
#4548=ORIENTED_EDGE('',*,*,#3351,.T.);
#4549=ORIENTED_EDGE('',*,*,#3349,.F.);
#4550=ORIENTED_EDGE('',*,*,#3351,.F.);
#4551=ORIENTED_EDGE('',*,*,#3341,.F.);
#4552=ORIENTED_EDGE('',*,*,#3344,.F.);
#4553=ORIENTED_EDGE('',*,*,#3346,.F.);
#4554=ORIENTED_EDGE('',*,*,#3348,.F.);
#4555=ORIENTED_EDGE('',*,*,#3350,.F.);
#4556=ORIENTED_EDGE('',*,*,#3027,.F.);
#4557=ORIENTED_EDGE('',*,*,#3352,.T.);
#4558=ORIENTED_EDGE('',*,*,#3353,.T.);
#4559=ORIENTED_EDGE('',*,*,#3354,.F.);
#4560=ORIENTED_EDGE('',*,*,#3030,.F.);
#4561=ORIENTED_EDGE('',*,*,#3355,.T.);
#4562=ORIENTED_EDGE('',*,*,#3356,.T.);
#4563=ORIENTED_EDGE('',*,*,#3352,.F.);
#4564=ORIENTED_EDGE('',*,*,#3029,.F.);
#4565=ORIENTED_EDGE('',*,*,#3357,.T.);
#4566=ORIENTED_EDGE('',*,*,#3358,.T.);
#4567=ORIENTED_EDGE('',*,*,#3355,.F.);
#4568=ORIENTED_EDGE('',*,*,#3028,.F.);
#4569=ORIENTED_EDGE('',*,*,#3354,.T.);
#4570=ORIENTED_EDGE('',*,*,#3359,.T.);
#4571=ORIENTED_EDGE('',*,*,#3357,.F.);
#4572=ORIENTED_EDGE('',*,*,#3359,.F.);
#4573=ORIENTED_EDGE('',*,*,#3353,.F.);
#4574=ORIENTED_EDGE('',*,*,#3356,.F.);
#4575=ORIENTED_EDGE('',*,*,#3358,.F.);
#4576=ORIENTED_EDGE('',*,*,#3031,.F.);
#4577=ORIENTED_EDGE('',*,*,#3360,.T.);
#4578=ORIENTED_EDGE('',*,*,#3361,.T.);
#4579=ORIENTED_EDGE('',*,*,#3362,.F.);
#4580=ORIENTED_EDGE('',*,*,#3034,.F.);
#4581=ORIENTED_EDGE('',*,*,#3363,.T.);
#4582=ORIENTED_EDGE('',*,*,#3364,.T.);
#4583=ORIENTED_EDGE('',*,*,#3360,.F.);
#4584=ORIENTED_EDGE('',*,*,#3033,.F.);
#4585=ORIENTED_EDGE('',*,*,#3365,.T.);
#4586=ORIENTED_EDGE('',*,*,#3366,.T.);
#4587=ORIENTED_EDGE('',*,*,#3363,.F.);
#4588=ORIENTED_EDGE('',*,*,#3032,.F.);
#4589=ORIENTED_EDGE('',*,*,#3362,.T.);
#4590=ORIENTED_EDGE('',*,*,#3367,.T.);
#4591=ORIENTED_EDGE('',*,*,#3365,.F.);
#4592=ORIENTED_EDGE('',*,*,#3367,.F.);
#4593=ORIENTED_EDGE('',*,*,#3361,.F.);
#4594=ORIENTED_EDGE('',*,*,#3364,.F.);
#4595=ORIENTED_EDGE('',*,*,#3366,.F.);
#4596=ORIENTED_EDGE('',*,*,#3035,.F.);
#4597=ORIENTED_EDGE('',*,*,#3368,.T.);
#4598=ORIENTED_EDGE('',*,*,#3369,.T.);
#4599=ORIENTED_EDGE('',*,*,#3370,.F.);
#4600=ORIENTED_EDGE('',*,*,#3038,.F.);
#4601=ORIENTED_EDGE('',*,*,#3371,.T.);
#4602=ORIENTED_EDGE('',*,*,#3372,.T.);
#4603=ORIENTED_EDGE('',*,*,#3368,.F.);
#4604=ORIENTED_EDGE('',*,*,#3037,.F.);
#4605=ORIENTED_EDGE('',*,*,#3373,.T.);
#4606=ORIENTED_EDGE('',*,*,#3374,.T.);
#4607=ORIENTED_EDGE('',*,*,#3371,.F.);
#4608=ORIENTED_EDGE('',*,*,#3036,.F.);
#4609=ORIENTED_EDGE('',*,*,#3370,.T.);
#4610=ORIENTED_EDGE('',*,*,#3375,.T.);
#4611=ORIENTED_EDGE('',*,*,#3373,.F.);
#4612=ORIENTED_EDGE('',*,*,#3375,.F.);
#4613=ORIENTED_EDGE('',*,*,#3369,.F.);
#4614=ORIENTED_EDGE('',*,*,#3372,.F.);
#4615=ORIENTED_EDGE('',*,*,#3374,.F.);
#4616=ORIENTED_EDGE('',*,*,#3039,.F.);
#4617=ORIENTED_EDGE('',*,*,#3376,.T.);
#4618=ORIENTED_EDGE('',*,*,#3377,.T.);
#4619=ORIENTED_EDGE('',*,*,#3378,.F.);
#4620=ORIENTED_EDGE('',*,*,#3042,.F.);
#4621=ORIENTED_EDGE('',*,*,#3379,.T.);
#4622=ORIENTED_EDGE('',*,*,#3380,.T.);
#4623=ORIENTED_EDGE('',*,*,#3376,.F.);
#4624=ORIENTED_EDGE('',*,*,#3041,.F.);
#4625=ORIENTED_EDGE('',*,*,#3381,.T.);
#4626=ORIENTED_EDGE('',*,*,#3382,.T.);
#4627=ORIENTED_EDGE('',*,*,#3379,.F.);
#4628=ORIENTED_EDGE('',*,*,#3040,.F.);
#4629=ORIENTED_EDGE('',*,*,#3378,.T.);
#4630=ORIENTED_EDGE('',*,*,#3383,.T.);
#4631=ORIENTED_EDGE('',*,*,#3381,.F.);
#4632=ORIENTED_EDGE('',*,*,#3383,.F.);
#4633=ORIENTED_EDGE('',*,*,#3377,.F.);
#4634=ORIENTED_EDGE('',*,*,#3380,.F.);
#4635=ORIENTED_EDGE('',*,*,#3382,.F.);
#4636=ORIENTED_EDGE('',*,*,#3043,.F.);
#4637=ORIENTED_EDGE('',*,*,#3384,.T.);
#4638=ORIENTED_EDGE('',*,*,#3385,.T.);
#4639=ORIENTED_EDGE('',*,*,#3386,.F.);
#4640=ORIENTED_EDGE('',*,*,#3046,.F.);
#4641=ORIENTED_EDGE('',*,*,#3387,.T.);
#4642=ORIENTED_EDGE('',*,*,#3388,.T.);
#4643=ORIENTED_EDGE('',*,*,#3384,.F.);
#4644=ORIENTED_EDGE('',*,*,#3045,.F.);
#4645=ORIENTED_EDGE('',*,*,#3389,.T.);
#4646=ORIENTED_EDGE('',*,*,#3390,.T.);
#4647=ORIENTED_EDGE('',*,*,#3387,.F.);
#4648=ORIENTED_EDGE('',*,*,#3044,.F.);
#4649=ORIENTED_EDGE('',*,*,#3386,.T.);
#4650=ORIENTED_EDGE('',*,*,#3391,.T.);
#4651=ORIENTED_EDGE('',*,*,#3389,.F.);
#4652=ORIENTED_EDGE('',*,*,#3391,.F.);
#4653=ORIENTED_EDGE('',*,*,#3385,.F.);
#4654=ORIENTED_EDGE('',*,*,#3388,.F.);
#4655=ORIENTED_EDGE('',*,*,#3390,.F.);
#4656=ORIENTED_EDGE('',*,*,#3047,.F.);
#4657=ORIENTED_EDGE('',*,*,#3392,.T.);
#4658=ORIENTED_EDGE('',*,*,#3393,.T.);
#4659=ORIENTED_EDGE('',*,*,#3394,.F.);
#4660=ORIENTED_EDGE('',*,*,#3050,.F.);
#4661=ORIENTED_EDGE('',*,*,#3395,.T.);
#4662=ORIENTED_EDGE('',*,*,#3396,.T.);
#4663=ORIENTED_EDGE('',*,*,#3392,.F.);
#4664=ORIENTED_EDGE('',*,*,#3049,.F.);
#4665=ORIENTED_EDGE('',*,*,#3397,.T.);
#4666=ORIENTED_EDGE('',*,*,#3398,.T.);
#4667=ORIENTED_EDGE('',*,*,#3395,.F.);
#4668=ORIENTED_EDGE('',*,*,#3048,.F.);
#4669=ORIENTED_EDGE('',*,*,#3394,.T.);
#4670=ORIENTED_EDGE('',*,*,#3399,.T.);
#4671=ORIENTED_EDGE('',*,*,#3397,.F.);
#4672=ORIENTED_EDGE('',*,*,#3399,.F.);
#4673=ORIENTED_EDGE('',*,*,#3393,.F.);
#4674=ORIENTED_EDGE('',*,*,#3396,.F.);
#4675=ORIENTED_EDGE('',*,*,#3398,.F.);
#4676=ORIENTED_EDGE('',*,*,#3051,.F.);
#4677=ORIENTED_EDGE('',*,*,#3400,.T.);
#4678=ORIENTED_EDGE('',*,*,#3401,.T.);
#4679=ORIENTED_EDGE('',*,*,#3402,.F.);
#4680=ORIENTED_EDGE('',*,*,#3056,.F.);
#4681=ORIENTED_EDGE('',*,*,#3403,.T.);
#4682=ORIENTED_EDGE('',*,*,#3404,.T.);
#4683=ORIENTED_EDGE('',*,*,#3400,.F.);
#4684=ORIENTED_EDGE('',*,*,#3055,.F.);
#4685=ORIENTED_EDGE('',*,*,#3405,.T.);
#4686=ORIENTED_EDGE('',*,*,#3406,.T.);
#4687=ORIENTED_EDGE('',*,*,#3403,.F.);
#4688=ORIENTED_EDGE('',*,*,#3054,.F.);
#4689=ORIENTED_EDGE('',*,*,#3407,.T.);
#4690=ORIENTED_EDGE('',*,*,#3408,.T.);
#4691=ORIENTED_EDGE('',*,*,#3405,.F.);
#4692=ORIENTED_EDGE('',*,*,#3053,.F.);
#4693=ORIENTED_EDGE('',*,*,#3409,.T.);
#4694=ORIENTED_EDGE('',*,*,#3410,.T.);
#4695=ORIENTED_EDGE('',*,*,#3407,.F.);
#4696=ORIENTED_EDGE('',*,*,#3052,.F.);
#4697=ORIENTED_EDGE('',*,*,#3402,.T.);
#4698=ORIENTED_EDGE('',*,*,#3411,.T.);
#4699=ORIENTED_EDGE('',*,*,#3409,.F.);
#4700=ORIENTED_EDGE('',*,*,#3411,.F.);
#4701=ORIENTED_EDGE('',*,*,#3401,.F.);
#4702=ORIENTED_EDGE('',*,*,#3404,.F.);
#4703=ORIENTED_EDGE('',*,*,#3406,.F.);
#4704=ORIENTED_EDGE('',*,*,#3408,.F.);
#4705=ORIENTED_EDGE('',*,*,#3410,.F.);
#4706=ORIENTED_EDGE('',*,*,#3057,.F.);
#4707=ORIENTED_EDGE('',*,*,#3412,.T.);
#4708=ORIENTED_EDGE('',*,*,#3413,.T.);
#4709=ORIENTED_EDGE('',*,*,#3414,.F.);
#4710=ORIENTED_EDGE('',*,*,#3069,.F.);
#4711=ORIENTED_EDGE('',*,*,#3415,.T.);
#4712=ORIENTED_EDGE('',*,*,#3416,.T.);
#4713=ORIENTED_EDGE('',*,*,#3412,.F.);
#4714=ORIENTED_EDGE('',*,*,#3068,.F.);
#4715=ORIENTED_EDGE('',*,*,#3417,.T.);
#4716=ORIENTED_EDGE('',*,*,#3418,.T.);
#4717=ORIENTED_EDGE('',*,*,#3415,.F.);
#4718=ORIENTED_EDGE('',*,*,#3067,.F.);
#4719=ORIENTED_EDGE('',*,*,#3419,.T.);
#4720=ORIENTED_EDGE('',*,*,#3420,.T.);
#4721=ORIENTED_EDGE('',*,*,#3417,.F.);
#4722=ORIENTED_EDGE('',*,*,#3066,.F.);
#4723=ORIENTED_EDGE('',*,*,#3421,.T.);
#4724=ORIENTED_EDGE('',*,*,#3422,.T.);
#4725=ORIENTED_EDGE('',*,*,#3419,.F.);
#4726=ORIENTED_EDGE('',*,*,#3065,.F.);
#4727=ORIENTED_EDGE('',*,*,#3423,.T.);
#4728=ORIENTED_EDGE('',*,*,#3424,.T.);
#4729=ORIENTED_EDGE('',*,*,#3421,.F.);
#4730=ORIENTED_EDGE('',*,*,#3064,.F.);
#4731=ORIENTED_EDGE('',*,*,#3425,.T.);
#4732=ORIENTED_EDGE('',*,*,#3426,.T.);
#4733=ORIENTED_EDGE('',*,*,#3423,.F.);
#4734=ORIENTED_EDGE('',*,*,#3063,.F.);
#4735=ORIENTED_EDGE('',*,*,#3427,.T.);
#4736=ORIENTED_EDGE('',*,*,#3428,.T.);
#4737=ORIENTED_EDGE('',*,*,#3425,.F.);
#4738=ORIENTED_EDGE('',*,*,#3062,.F.);
#4739=ORIENTED_EDGE('',*,*,#3429,.T.);
#4740=ORIENTED_EDGE('',*,*,#3430,.T.);
#4741=ORIENTED_EDGE('',*,*,#3427,.F.);
#4742=ORIENTED_EDGE('',*,*,#3061,.F.);
#4743=ORIENTED_EDGE('',*,*,#3431,.T.);
#4744=ORIENTED_EDGE('',*,*,#3432,.T.);
#4745=ORIENTED_EDGE('',*,*,#3429,.F.);
#4746=ORIENTED_EDGE('',*,*,#3060,.F.);
#4747=ORIENTED_EDGE('',*,*,#3433,.T.);
#4748=ORIENTED_EDGE('',*,*,#3434,.T.);
#4749=ORIENTED_EDGE('',*,*,#3431,.F.);
#4750=ORIENTED_EDGE('',*,*,#3059,.F.);
#4751=ORIENTED_EDGE('',*,*,#3435,.T.);
#4752=ORIENTED_EDGE('',*,*,#3436,.T.);
#4753=ORIENTED_EDGE('',*,*,#3433,.F.);
#4754=ORIENTED_EDGE('',*,*,#3058,.F.);
#4755=ORIENTED_EDGE('',*,*,#3414,.T.);
#4756=ORIENTED_EDGE('',*,*,#3437,.T.);
#4757=ORIENTED_EDGE('',*,*,#3435,.F.);
#4758=ORIENTED_EDGE('',*,*,#3437,.F.);
#4759=ORIENTED_EDGE('',*,*,#3413,.F.);
#4760=ORIENTED_EDGE('',*,*,#3416,.F.);
#4761=ORIENTED_EDGE('',*,*,#3418,.F.);
#4762=ORIENTED_EDGE('',*,*,#3420,.F.);
#4763=ORIENTED_EDGE('',*,*,#3422,.F.);
#4764=ORIENTED_EDGE('',*,*,#3424,.F.);
#4765=ORIENTED_EDGE('',*,*,#3426,.F.);
#4766=ORIENTED_EDGE('',*,*,#3428,.F.);
#4767=ORIENTED_EDGE('',*,*,#3430,.F.);
#4768=ORIENTED_EDGE('',*,*,#3432,.F.);
#4769=ORIENTED_EDGE('',*,*,#3434,.F.);
#4770=ORIENTED_EDGE('',*,*,#3436,.F.);
#4771=ORIENTED_EDGE('',*,*,#3284,.T.);
#4772=ORIENTED_EDGE('',*,*,#3318,.T.);
#4773=ORIENTED_EDGE('',*,*,#3315,.T.);
#4774=ORIENTED_EDGE('',*,*,#3312,.T.);
#4775=ORIENTED_EDGE('',*,*,#3309,.T.);
#4776=ORIENTED_EDGE('',*,*,#3306,.T.);
#4777=ORIENTED_EDGE('',*,*,#3303,.T.);
#4778=ORIENTED_EDGE('',*,*,#3300,.T.);
#4779=ORIENTED_EDGE('',*,*,#3297,.T.);
#4780=ORIENTED_EDGE('',*,*,#3294,.T.);
#4781=ORIENTED_EDGE('',*,*,#3291,.T.);
#4782=ORIENTED_EDGE('',*,*,#3288,.T.);
#4783=ORIENTED_EDGE('',*,*,#3200,.T.);
#4784=ORIENTED_EDGE('',*,*,#3210,.T.);
#4785=ORIENTED_EDGE('',*,*,#3207,.T.);
#4786=ORIENTED_EDGE('',*,*,#3204,.T.);
#4787=ORIENTED_EDGE('',*,*,#3088,.T.);
#4788=ORIENTED_EDGE('',*,*,#3122,.T.);
#4789=ORIENTED_EDGE('',*,*,#3119,.T.);
#4790=ORIENTED_EDGE('',*,*,#3116,.T.);
#4791=ORIENTED_EDGE('',*,*,#3113,.T.);
#4792=ORIENTED_EDGE('',*,*,#3110,.T.);
#4793=ORIENTED_EDGE('',*,*,#3107,.T.);
#4794=ORIENTED_EDGE('',*,*,#3104,.T.);
#4795=ORIENTED_EDGE('',*,*,#3101,.T.);
#4796=ORIENTED_EDGE('',*,*,#3098,.T.);
#4797=ORIENTED_EDGE('',*,*,#3095,.T.);
#4798=ORIENTED_EDGE('',*,*,#3092,.T.);
#4799=ORIENTED_EDGE('',*,*,#3438,.T.);
#4800=ORIENTED_EDGE('',*,*,#3439,.T.);
#4801=ORIENTED_EDGE('',*,*,#3440,.T.);
#4802=ORIENTED_EDGE('',*,*,#3441,.T.);
#4803=ORIENTED_EDGE('',*,*,#3439,.F.);
#4804=ORIENTED_EDGE('',*,*,#3442,.T.);
#4805=ORIENTED_EDGE('',*,*,#3443,.F.);
#4806=ORIENTED_EDGE('',*,*,#3444,.T.);
#4807=ORIENTED_EDGE('',*,*,#3438,.F.);
#4808=ORIENTED_EDGE('',*,*,#3445,.F.);
#4809=ORIENTED_EDGE('',*,*,#3446,.F.);
#4810=ORIENTED_EDGE('',*,*,#3447,.F.);
#4811=ORIENTED_EDGE('',*,*,#3448,.F.);
#4812=ORIENTED_EDGE('',*,*,#3449,.F.);
#4813=ORIENTED_EDGE('',*,*,#3450,.F.);
#4814=ORIENTED_EDGE('',*,*,#3442,.F.);
#4815=ORIENTED_EDGE('',*,*,#3451,.F.);
#4816=ORIENTED_EDGE('',*,*,#3452,.F.);
#4817=ORIENTED_EDGE('',*,*,#3453,.F.);
#4818=ORIENTED_EDGE('',*,*,#3454,.F.);
#4819=ORIENTED_EDGE('',*,*,#3450,.T.);
#4820=ORIENTED_EDGE('',*,*,#3455,.T.);
#4821=ORIENTED_EDGE('',*,*,#3456,.T.);
#4822=ORIENTED_EDGE('',*,*,#3443,.T.);
#4823=ORIENTED_EDGE('',*,*,#3455,.F.);
#4824=ORIENTED_EDGE('',*,*,#3449,.T.);
#4825=ORIENTED_EDGE('',*,*,#3457,.F.);
#4826=ORIENTED_EDGE('',*,*,#3458,.T.);
#4827=ORIENTED_EDGE('',*,*,#3446,.T.);
#4828=ORIENTED_EDGE('',*,*,#3459,.T.);
#4829=ORIENTED_EDGE('',*,*,#3460,.T.);
#4830=ORIENTED_EDGE('',*,*,#3461,.T.);
#4831=ORIENTED_EDGE('',*,*,#3461,.F.);
#4832=ORIENTED_EDGE('',*,*,#3462,.T.);
#4833=ORIENTED_EDGE('',*,*,#3463,.F.);
#4834=ORIENTED_EDGE('',*,*,#3447,.T.);
#4835=ORIENTED_EDGE('',*,*,#3448,.T.);
#4836=ORIENTED_EDGE('',*,*,#3463,.T.);
#4837=ORIENTED_EDGE('',*,*,#3464,.T.);
#4838=ORIENTED_EDGE('',*,*,#3457,.T.);
#4839=ORIENTED_EDGE('',*,*,#3465,.F.);
#4840=ORIENTED_EDGE('',*,*,#3466,.T.);
#4841=ORIENTED_EDGE('',*,*,#3467,.F.);
#4842=ORIENTED_EDGE('',*,*,#3466,.F.);
#4843=ORIENTED_EDGE('',*,*,#3468,.F.);
#4844=ORIENTED_EDGE('',*,*,#3469,.T.);
#4845=ORIENTED_EDGE('',*,*,#3470,.F.);
#4846=ORIENTED_EDGE('',*,*,#3469,.F.);
#4847=ORIENTED_EDGE('',*,*,#3468,.T.);
#4848=ORIENTED_EDGE('',*,*,#3465,.T.);
#4849=ORIENTED_EDGE('',*,*,#3471,.T.);
#4850=ORIENTED_EDGE('',*,*,#3472,.F.);
#4851=ORIENTED_EDGE('',*,*,#3473,.T.);
#4852=ORIENTED_EDGE('',*,*,#3474,.F.);
#4853=ORIENTED_EDGE('',*,*,#3475,.T.);
#4854=ORIENTED_EDGE('',*,*,#3476,.T.);
#4855=ORIENTED_EDGE('',*,*,#3477,.F.);
#4856=ORIENTED_EDGE('',*,*,#3478,.F.);
#4857=ORIENTED_EDGE('',*,*,#3479,.F.);
#4858=ORIENTED_EDGE('',*,*,#3480,.F.);
#4859=ORIENTED_EDGE('',*,*,#3481,.F.);
#4860=ORIENTED_EDGE('',*,*,#3482,.F.);
#4861=ORIENTED_EDGE('',*,*,#3483,.F.);
#4862=ORIENTED_EDGE('',*,*,#3484,.F.);
#4863=ORIENTED_EDGE('',*,*,#3485,.F.);
#4864=ORIENTED_EDGE('',*,*,#3486,.F.);
#4865=ORIENTED_EDGE('',*,*,#3487,.F.);
#4866=ORIENTED_EDGE('',*,*,#3488,.T.);
#4867=ORIENTED_EDGE('',*,*,#3489,.T.);
#4868=ORIENTED_EDGE('',*,*,#3444,.F.);
#4869=ORIENTED_EDGE('',*,*,#3456,.F.);
#4870=ORIENTED_EDGE('',*,*,#3458,.F.);
#4871=ORIENTED_EDGE('',*,*,#3464,.F.);
#4872=ORIENTED_EDGE('',*,*,#3462,.F.);
#4873=ORIENTED_EDGE('',*,*,#3460,.F.);
#4874=ORIENTED_EDGE('',*,*,#3490,.F.);
#4875=ORIENTED_EDGE('',*,*,#3440,.F.);
#4876=ORIENTED_EDGE('',*,*,#3470,.T.);
#4877=ORIENTED_EDGE('',*,*,#3491,.F.);
#4878=ORIENTED_EDGE('',*,*,#3492,.T.);
#4879=ORIENTED_EDGE('',*,*,#3493,.F.);
#4880=ORIENTED_EDGE('',*,*,#3492,.F.);
#4881=ORIENTED_EDGE('',*,*,#3494,.F.);
#4882=ORIENTED_EDGE('',*,*,#3495,.T.);
#4883=ORIENTED_EDGE('',*,*,#3489,.F.);
#4884=ORIENTED_EDGE('',*,*,#3495,.F.);
#4885=ORIENTED_EDGE('',*,*,#3494,.T.);
#4886=ORIENTED_EDGE('',*,*,#3491,.T.);
#4887=ORIENTED_EDGE('',*,*,#3467,.T.);
#4888=ORIENTED_EDGE('',*,*,#3496,.F.);
#4889=ORIENTED_EDGE('',*,*,#3497,.F.);
#4890=ORIENTED_EDGE('',*,*,#3498,.T.);
#4891=ORIENTED_EDGE('',*,*,#3499,.T.);
#4892=ORIENTED_EDGE('',*,*,#3500,.T.);
#4893=ORIENTED_EDGE('',*,*,#3501,.F.);
#4894=ORIENTED_EDGE('',*,*,#3502,.T.);
#4895=ORIENTED_EDGE('',*,*,#3500,.F.);
#4896=ORIENTED_EDGE('',*,*,#3502,.F.);
#4897=ORIENTED_EDGE('',*,*,#3503,.F.);
#4898=ORIENTED_EDGE('',*,*,#3504,.T.);
#4899=ORIENTED_EDGE('',*,*,#3498,.F.);
#4900=ORIENTED_EDGE('',*,*,#3505,.F.);
#4901=ORIENTED_EDGE('',*,*,#3471,.F.);
#4902=ORIENTED_EDGE('',*,*,#3506,.F.);
#4903=ORIENTED_EDGE('',*,*,#3499,.F.);
#4904=ORIENTED_EDGE('',*,*,#3504,.F.);
#4905=ORIENTED_EDGE('',*,*,#3503,.T.);
#4906=ORIENTED_EDGE('',*,*,#3501,.T.);
#4907=ORIENTED_EDGE('',*,*,#3496,.T.);
#4908=ORIENTED_EDGE('',*,*,#3506,.T.);
#4909=ORIENTED_EDGE('',*,*,#3488,.F.);
#4910=ORIENTED_EDGE('',*,*,#3507,.T.);
#4911=ORIENTED_EDGE('',*,*,#3508,.F.);
#4912=ORIENTED_EDGE('',*,*,#3509,.F.);
#4913=ORIENTED_EDGE('',*,*,#3493,.T.);
#4914=ORIENTED_EDGE('',*,*,#3510,.F.);
#4915=ORIENTED_EDGE('',*,*,#3511,.T.);
#4916=ORIENTED_EDGE('',*,*,#3512,.F.);
#4917=ORIENTED_EDGE('',*,*,#3513,.F.);
#4918=ORIENTED_EDGE('',*,*,#3473,.F.);
#4919=ORIENTED_EDGE('',*,*,#3514,.F.);
#4920=ORIENTED_EDGE('',*,*,#3515,.F.);
#4921=ORIENTED_EDGE('',*,*,#3511,.F.);
#4922=ORIENTED_EDGE('',*,*,#3516,.F.);
#4923=ORIENTED_EDGE('',*,*,#3517,.T.);
#4924=ORIENTED_EDGE('',*,*,#3518,.F.);
#4925=ORIENTED_EDGE('',*,*,#3517,.F.);
#4926=ORIENTED_EDGE('',*,*,#3519,.F.);
#4927=ORIENTED_EDGE('',*,*,#3512,.T.);
#4928=ORIENTED_EDGE('',*,*,#3515,.T.);
#4929=ORIENTED_EDGE('',*,*,#3520,.F.);
#4930=ORIENTED_EDGE('',*,*,#3518,.T.);
#4931=ORIENTED_EDGE('',*,*,#3510,.T.);
#4932=ORIENTED_EDGE('',*,*,#3516,.T.);
#4933=ORIENTED_EDGE('',*,*,#3497,.T.);
#4934=ORIENTED_EDGE('',*,*,#3509,.T.);
#4935=ORIENTED_EDGE('',*,*,#3521,.T.);
#4936=ORIENTED_EDGE('',*,*,#3522,.T.);
#4937=ORIENTED_EDGE('',*,*,#3520,.T.);
#4938=ORIENTED_EDGE('',*,*,#3514,.T.);
#4939=ORIENTED_EDGE('',*,*,#3472,.T.);
#4940=ORIENTED_EDGE('',*,*,#3505,.T.);
#4941=ORIENTED_EDGE('',*,*,#3454,.T.);
#4942=ORIENTED_EDGE('',*,*,#3523,.F.);
#4943=ORIENTED_EDGE('',*,*,#3524,.F.);
#4944=ORIENTED_EDGE('',*,*,#3525,.T.);
#4945=ORIENTED_EDGE('',*,*,#3453,.T.);
#4946=ORIENTED_EDGE('',*,*,#3526,.F.);
#4947=ORIENTED_EDGE('',*,*,#3527,.F.);
#4948=ORIENTED_EDGE('',*,*,#3523,.T.);
#4949=ORIENTED_EDGE('',*,*,#3070,.F.);
#4950=ORIENTED_EDGE('',*,*,#3528,.T.);
#4951=ORIENTED_EDGE('',*,*,#3529,.F.);
#4952=ORIENTED_EDGE('',*,*,#3528,.F.);
#4953=ORIENTED_EDGE('',*,*,#3483,.T.);
#4954=ORIENTED_EDGE('',*,*,#3530,.T.);
#4955=ORIENTED_EDGE('',*,*,#3531,.T.);
#4956=ORIENTED_EDGE('',*,*,#3532,.T.);
#4957=ORIENTED_EDGE('',*,*,#3479,.T.);
#4958=ORIENTED_EDGE('',*,*,#3533,.T.);
#4959=ORIENTED_EDGE('',*,*,#3534,.T.);
#4960=ORIENTED_EDGE('',*,*,#3535,.F.);
#4961=ORIENTED_EDGE('',*,*,#3536,.F.);
#4962=ORIENTED_EDGE('',*,*,#3537,.T.);
#4963=ORIENTED_EDGE('',*,*,#3538,.T.);
#4964=ORIENTED_EDGE('',*,*,#3539,.T.);
#4965=ORIENTED_EDGE('',*,*,#2898,.T.);
#4966=ORIENTED_EDGE('',*,*,#3532,.F.);
#4967=ORIENTED_EDGE('',*,*,#3540,.T.);
#4968=ORIENTED_EDGE('',*,*,#3541,.F.);
#4969=ORIENTED_EDGE('',*,*,#3480,.T.);
#4970=ORIENTED_EDGE('',*,*,#3541,.T.);
#4971=ORIENTED_EDGE('',*,*,#3542,.T.);
#4972=ORIENTED_EDGE('',*,*,#3543,.T.);
#4973=ORIENTED_EDGE('',*,*,#3481,.T.);
#4974=ORIENTED_EDGE('',*,*,#3544,.T.);
#4975=ORIENTED_EDGE('',*,*,#3477,.T.);
#4976=ORIENTED_EDGE('',*,*,#3545,.T.);
#4977=ORIENTED_EDGE('',*,*,#3546,.T.);
#4978=ORIENTED_EDGE('',*,*,#3539,.F.);
#4979=ORIENTED_EDGE('',*,*,#3547,.T.);
#4980=ORIENTED_EDGE('',*,*,#3548,.F.);
#4981=ORIENTED_EDGE('',*,*,#3484,.T.);
#4982=ORIENTED_EDGE('',*,*,#3548,.T.);
#4983=ORIENTED_EDGE('',*,*,#3549,.T.);
#4984=ORIENTED_EDGE('',*,*,#3550,.F.);
#4985=ORIENTED_EDGE('',*,*,#3485,.T.);
#4986=ORIENTED_EDGE('',*,*,#3546,.F.);
#4987=ORIENTED_EDGE('',*,*,#3551,.F.);
#4988=ORIENTED_EDGE('',*,*,#3534,.F.);
#4989=ORIENTED_EDGE('',*,*,#3552,.F.);
#4990=ORIENTED_EDGE('',*,*,#3553,.F.);
#4991=ORIENTED_EDGE('',*,*,#3542,.F.);
#4992=ORIENTED_EDGE('',*,*,#3540,.F.);
#4993=ORIENTED_EDGE('',*,*,#3531,.F.);
#4994=ORIENTED_EDGE('',*,*,#3487,.T.);
#4995=ORIENTED_EDGE('',*,*,#3554,.F.);
#4996=ORIENTED_EDGE('',*,*,#3555,.F.);
#4997=ORIENTED_EDGE('',*,*,#3556,.F.);
#4998=ORIENTED_EDGE('',*,*,#3557,.F.);
#4999=ORIENTED_EDGE('',*,*,#3507,.F.);
#5000=ORIENTED_EDGE('',*,*,#3519,.T.);
#5001=ORIENTED_EDGE('',*,*,#3522,.F.);
#5002=ORIENTED_EDGE('',*,*,#3558,.F.);
#5003=ORIENTED_EDGE('',*,*,#3559,.T.);
#5004=ORIENTED_EDGE('',*,*,#3474,.T.);
#5005=ORIENTED_EDGE('',*,*,#3513,.T.);
#5006=ORIENTED_EDGE('',*,*,#3558,.T.);
#5007=ORIENTED_EDGE('',*,*,#3521,.F.);
#5008=ORIENTED_EDGE('',*,*,#3508,.T.);
#5009=ORIENTED_EDGE('',*,*,#3557,.T.);
#5010=ORIENTED_EDGE('',*,*,#3560,.F.);
#5011=ORIENTED_EDGE('',*,*,#3561,.T.);
#5012=ORIENTED_EDGE('',*,*,#3554,.T.);
#5013=ORIENTED_EDGE('',*,*,#3486,.T.);
#5014=ORIENTED_EDGE('',*,*,#3550,.T.);
#5015=ORIENTED_EDGE('',*,*,#3562,.T.);
#5016=ORIENTED_EDGE('',*,*,#3537,.F.);
#5017=ORIENTED_EDGE('',*,*,#3563,.F.);
#5018=ORIENTED_EDGE('',*,*,#3556,.T.);
#5019=ORIENTED_EDGE('',*,*,#3564,.F.);
#5020=ORIENTED_EDGE('',*,*,#3565,.T.);
#5021=ORIENTED_EDGE('',*,*,#3560,.T.);
#5022=ORIENTED_EDGE('',*,*,#3529,.T.);
#5023=ORIENTED_EDGE('',*,*,#3475,.F.);
#5024=ORIENTED_EDGE('',*,*,#3559,.F.);
#5025=ORIENTED_EDGE('',*,*,#3561,.F.);
#5026=ORIENTED_EDGE('',*,*,#3565,.F.);
#5027=ORIENTED_EDGE('',*,*,#3566,.F.);
#5028=ORIENTED_EDGE('',*,*,#3567,.F.);
#5029=ORIENTED_EDGE('',*,*,#3476,.F.);
#5030=ORIENTED_EDGE('',*,*,#3567,.T.);
#5031=ORIENTED_EDGE('',*,*,#3568,.F.);
#5032=ORIENTED_EDGE('',*,*,#3535,.T.);
#5033=ORIENTED_EDGE('',*,*,#3551,.T.);
#5034=ORIENTED_EDGE('',*,*,#3545,.F.);
#5035=ORIENTED_EDGE('',*,*,#3530,.F.);
#5036=ORIENTED_EDGE('',*,*,#3482,.T.);
#5037=ORIENTED_EDGE('',*,*,#3543,.F.);
#5038=ORIENTED_EDGE('',*,*,#3553,.T.);
#5039=ORIENTED_EDGE('',*,*,#3533,.F.);
#5040=ORIENTED_EDGE('',*,*,#3478,.T.);
#5041=ORIENTED_EDGE('',*,*,#3544,.F.);
#5042=ORIENTED_EDGE('',*,*,#3552,.T.);
#5043=ORIENTED_EDGE('',*,*,#3538,.F.);
#5044=ORIENTED_EDGE('',*,*,#3562,.F.);
#5045=ORIENTED_EDGE('',*,*,#3549,.F.);
#5046=ORIENTED_EDGE('',*,*,#3547,.F.);
#5047=ORIENTED_EDGE('',*,*,#3441,.F.);
#5048=ORIENTED_EDGE('',*,*,#3490,.T.);
#5049=ORIENTED_EDGE('',*,*,#3459,.F.);
#5050=ORIENTED_EDGE('',*,*,#3445,.T.);
#5051=ORIENTED_EDGE('',*,*,#2921,.F.);
#5052=ORIENTED_EDGE('',*,*,#3569,.F.);
#5053=ORIENTED_EDGE('',*,*,#3570,.F.);
#5054=ORIENTED_EDGE('',*,*,#3075,.F.);
#5055=ORIENTED_EDGE('',*,*,#2923,.F.);
#5056=ORIENTED_EDGE('',*,*,#3571,.F.);
#5057=ORIENTED_EDGE('',*,*,#3572,.T.);
#5058=ORIENTED_EDGE('',*,*,#3569,.T.);
#5059=ORIENTED_EDGE('',*,*,#2928,.F.);
#5060=ORIENTED_EDGE('',*,*,#2941,.T.);
#5061=ORIENTED_EDGE('',*,*,#3573,.T.);
#5062=ORIENTED_EDGE('',*,*,#2906,.T.);
#5063=ORIENTED_EDGE('',*,*,#3571,.T.);
#5064=ORIENTED_EDGE('',*,*,#2915,.F.);
#5065=ORIENTED_EDGE('',*,*,#3574,.T.);
#5066=ORIENTED_EDGE('',*,*,#3575,.F.);
#5067=ORIENTED_EDGE('',*,*,#3574,.F.);
#5068=ORIENTED_EDGE('',*,*,#2914,.F.);
#5069=ORIENTED_EDGE('',*,*,#3576,.T.);
#5070=ORIENTED_EDGE('',*,*,#3577,.F.);
#5071=ORIENTED_EDGE('',*,*,#3576,.F.);
#5072=ORIENTED_EDGE('',*,*,#3577,.T.);
#5073=ORIENTED_EDGE('',*,*,#3575,.T.);
#5074=ORIENTED_EDGE('',*,*,#3452,.T.);
#5075=ORIENTED_EDGE('',*,*,#3578,.F.);
#5076=ORIENTED_EDGE('',*,*,#3579,.F.);
#5077=ORIENTED_EDGE('',*,*,#3526,.T.);
#5078=ORIENTED_EDGE('',*,*,#3451,.T.);
#5079=ORIENTED_EDGE('',*,*,#3525,.F.);
#5080=ORIENTED_EDGE('',*,*,#3580,.F.);
#5081=ORIENTED_EDGE('',*,*,#3578,.T.);
#5082=ORIENTED_EDGE('',*,*,#2902,.F.);
#5083=ORIENTED_EDGE('',*,*,#3581,.F.);
#5084=ORIENTED_EDGE('',*,*,#3086,.F.);
#5085=ORIENTED_EDGE('',*,*,#2908,.F.);
#5086=ORIENTED_EDGE('',*,*,#2896,.T.);
#5087=ORIENTED_EDGE('',*,*,#3080,.T.);
#5088=ORIENTED_EDGE('',*,*,#3082,.F.);
#5089=ORIENTED_EDGE('',*,*,#3083,.F.);
#5090=ORIENTED_EDGE('',*,*,#3076,.T.);
#5091=ORIENTED_EDGE('',*,*,#3570,.T.);
#5092=ORIENTED_EDGE('',*,*,#3572,.F.);
#5093=ORIENTED_EDGE('',*,*,#2905,.T.);
#5094=ORIENTED_EDGE('',*,*,#3078,.F.);
#5095=ORIENTED_EDGE('',*,*,#3580,.T.);
#5096=ORIENTED_EDGE('',*,*,#3524,.T.);
#5097=ORIENTED_EDGE('',*,*,#3527,.T.);
#5098=ORIENTED_EDGE('',*,*,#3579,.T.);
#5099=ORIENTED_EDGE('',*,*,#2901,.F.);
#5100=ORIENTED_EDGE('',*,*,#2907,.T.);
#5101=ORIENTED_EDGE('',*,*,#3573,.F.);
#5102=ORIENTED_EDGE('',*,*,#2940,.T.);
#5103=ORIENTED_EDGE('',*,*,#3073,.F.);
#5104=ORIENTED_EDGE('',*,*,#3085,.T.);
#5105=ORIENTED_EDGE('',*,*,#3087,.F.);
#5106=ORIENTED_EDGE('',*,*,#3581,.T.);
#5107=ORIENTED_EDGE('',*,*,#3555,.T.);
#5108=ORIENTED_EDGE('',*,*,#3563,.T.);
#5109=ORIENTED_EDGE('',*,*,#3536,.T.);
#5110=ORIENTED_EDGE('',*,*,#3568,.T.);
#5111=ORIENTED_EDGE('',*,*,#3566,.T.);
#5112=ORIENTED_EDGE('',*,*,#3564,.T.);
#5113=ORIENTED_EDGE('',*,*,#3582,.F.);
#5114=ORIENTED_EDGE('',*,*,#3583,.F.);
#5115=ORIENTED_EDGE('',*,*,#3584,.T.);
#5116=ORIENTED_EDGE('',*,*,#3585,.F.);
#5117=ORIENTED_EDGE('',*,*,#3586,.F.);
#5118=ORIENTED_EDGE('',*,*,#3587,.T.);
#5119=ORIENTED_EDGE('',*,*,#3588,.T.);
#5120=ORIENTED_EDGE('',*,*,#3589,.F.);
#5121=ORIENTED_EDGE('',*,*,#3590,.F.);
#5122=ORIENTED_EDGE('',*,*,#3585,.T.);
#5123=ORIENTED_EDGE('',*,*,#3591,.T.);
#5124=ORIENTED_EDGE('',*,*,#3587,.F.);
#5125=ORIENTED_EDGE('',*,*,#3592,.T.);
#5126=ORIENTED_EDGE('',*,*,#3593,.T.);
#5127=ORIENTED_EDGE('',*,*,#3594,.T.);
#5128=ORIENTED_EDGE('',*,*,#3595,.F.);
#5129=ORIENTED_EDGE('',*,*,#3596,.T.);
#5130=ORIENTED_EDGE('',*,*,#3597,.T.);
#5131=ORIENTED_EDGE('',*,*,#3598,.T.);
#5132=ORIENTED_EDGE('',*,*,#3595,.T.);
#5133=ORIENTED_EDGE('',*,*,#3599,.T.);
#5134=ORIENTED_EDGE('',*,*,#3600,.T.);
#5135=ORIENTED_EDGE('',*,*,#3597,.F.);
#5136=ORIENTED_EDGE('',*,*,#3601,.T.);
#5137=ORIENTED_EDGE('',*,*,#3602,.T.);
#5138=ORIENTED_EDGE('',*,*,#3603,.T.);
#5139=ORIENTED_EDGE('',*,*,#3599,.F.);
#5140=ORIENTED_EDGE('',*,*,#3604,.T.);
#5141=ORIENTED_EDGE('',*,*,#3605,.T.);
#5142=ORIENTED_EDGE('',*,*,#3606,.T.);
#5143=ORIENTED_EDGE('',*,*,#3602,.F.);
#5144=ORIENTED_EDGE('',*,*,#3607,.T.);
#5145=ORIENTED_EDGE('',*,*,#3608,.T.);
#5146=ORIENTED_EDGE('',*,*,#3605,.F.);
#5147=ORIENTED_EDGE('',*,*,#3609,.T.);
#5148=ORIENTED_EDGE('',*,*,#3593,.F.);
#5149=ORIENTED_EDGE('',*,*,#3601,.F.);
#5150=ORIENTED_EDGE('',*,*,#3610,.F.);
#5151=ORIENTED_EDGE('',*,*,#3611,.T.);
#5152=ORIENTED_EDGE('',*,*,#3612,.T.);
#5153=ORIENTED_EDGE('',*,*,#3596,.F.);
#5154=ORIENTED_EDGE('',*,*,#3613,.F.);
#5155=ORIENTED_EDGE('',*,*,#3614,.T.);
#5156=ORIENTED_EDGE('',*,*,#3610,.T.);
#5157=ORIENTED_EDGE('',*,*,#3594,.F.);
#5158=ORIENTED_EDGE('',*,*,#3615,.F.);
#5159=ORIENTED_EDGE('',*,*,#3616,.T.);
#5160=ORIENTED_EDGE('',*,*,#3588,.F.);
#5161=ORIENTED_EDGE('',*,*,#3591,.F.);
#5162=ORIENTED_EDGE('',*,*,#3584,.F.);
#5163=ORIENTED_EDGE('',*,*,#3617,.T.);
#5164=ORIENTED_EDGE('',*,*,#3613,.T.);
#5165=ORIENTED_EDGE('',*,*,#3592,.F.);
#5166=ORIENTED_EDGE('',*,*,#3598,.F.);
#5167=ORIENTED_EDGE('',*,*,#3600,.F.);
#5168=ORIENTED_EDGE('',*,*,#3603,.F.);
#5169=ORIENTED_EDGE('',*,*,#3606,.F.);
#5170=ORIENTED_EDGE('',*,*,#3608,.F.);
#5171=ORIENTED_EDGE('',*,*,#3604,.F.);
#5172=ORIENTED_EDGE('',*,*,#3612,.F.);
#5173=ORIENTED_EDGE('',*,*,#3618,.T.);
#5174=ORIENTED_EDGE('',*,*,#3619,.T.);
#5175=ORIENTED_EDGE('',*,*,#3607,.F.);
#5176=ORIENTED_EDGE('',*,*,#3619,.F.);
#5177=ORIENTED_EDGE('',*,*,#3620,.T.);
#5178=ORIENTED_EDGE('',*,*,#3621,.T.);
#5179=ORIENTED_EDGE('',*,*,#3609,.F.);
#5180=ORIENTED_EDGE('',*,*,#3621,.F.);
#5181=ORIENTED_EDGE('',*,*,#3622,.T.);
#5182=ORIENTED_EDGE('',*,*,#3615,.T.);
#5183=ORIENTED_EDGE('',*,*,#3586,.T.);
#5184=ORIENTED_EDGE('',*,*,#3623,.T.);
#5185=ORIENTED_EDGE('',*,*,#3624,.T.);
#5186=ORIENTED_EDGE('',*,*,#3625,.F.);
#5187=ORIENTED_EDGE('',*,*,#3626,.F.);
#5188=ORIENTED_EDGE('',*,*,#3627,.T.);
#5189=ORIENTED_EDGE('',*,*,#3582,.T.);
#5190=ORIENTED_EDGE('',*,*,#3590,.T.);
#5191=ORIENTED_EDGE('',*,*,#3628,.F.);
#5192=ORIENTED_EDGE('',*,*,#3626,.T.);
#5193=ORIENTED_EDGE('',*,*,#3629,.F.);
#5194=ORIENTED_EDGE('',*,*,#3630,.F.);
#5195=ORIENTED_EDGE('',*,*,#3631,.T.);
#5196=ORIENTED_EDGE('',*,*,#3630,.T.);
#5197=ORIENTED_EDGE('',*,*,#3632,.F.);
#5198=ORIENTED_EDGE('',*,*,#3633,.F.);
#5199=ORIENTED_EDGE('',*,*,#3634,.F.);
#5200=ORIENTED_EDGE('',*,*,#3633,.T.);
#5201=ORIENTED_EDGE('',*,*,#3635,.F.);
#5202=ORIENTED_EDGE('',*,*,#3636,.F.);
#5203=ORIENTED_EDGE('',*,*,#3637,.T.);
#5204=ORIENTED_EDGE('',*,*,#3636,.T.);
#5205=ORIENTED_EDGE('',*,*,#3638,.F.);
#5206=ORIENTED_EDGE('',*,*,#3639,.F.);
#5207=ORIENTED_EDGE('',*,*,#3640,.F.);
#5208=ORIENTED_EDGE('',*,*,#3639,.T.);
#5209=ORIENTED_EDGE('',*,*,#3641,.F.);
#5210=ORIENTED_EDGE('',*,*,#3642,.F.);
#5211=ORIENTED_EDGE('',*,*,#3643,.T.);
#5212=ORIENTED_EDGE('',*,*,#3642,.T.);
#5213=ORIENTED_EDGE('',*,*,#3644,.F.);
#5214=ORIENTED_EDGE('',*,*,#3645,.F.);
#5215=ORIENTED_EDGE('',*,*,#3646,.F.);
#5216=ORIENTED_EDGE('',*,*,#3645,.T.);
#5217=ORIENTED_EDGE('',*,*,#3647,.F.);
#5218=ORIENTED_EDGE('',*,*,#3624,.F.);
#5219=ORIENTED_EDGE('',*,*,#3647,.T.);
#5220=ORIENTED_EDGE('',*,*,#3644,.T.);
#5221=ORIENTED_EDGE('',*,*,#3641,.T.);
#5222=ORIENTED_EDGE('',*,*,#3638,.T.);
#5223=ORIENTED_EDGE('',*,*,#3635,.T.);
#5224=ORIENTED_EDGE('',*,*,#3632,.T.);
#5225=ORIENTED_EDGE('',*,*,#3629,.T.);
#5226=ORIENTED_EDGE('',*,*,#3625,.T.);
#5227=ORIENTED_EDGE('',*,*,#3589,.T.);
#5228=ORIENTED_EDGE('',*,*,#3616,.F.);
#5229=ORIENTED_EDGE('',*,*,#3622,.F.);
#5230=ORIENTED_EDGE('',*,*,#3620,.F.);
#5231=ORIENTED_EDGE('',*,*,#3618,.F.);
#5232=ORIENTED_EDGE('',*,*,#3611,.F.);
#5233=ORIENTED_EDGE('',*,*,#3614,.F.);
#5234=ORIENTED_EDGE('',*,*,#3617,.F.);
#5235=ORIENTED_EDGE('',*,*,#3583,.T.);
#5236=ORIENTED_EDGE('',*,*,#3627,.F.);
#5237=ORIENTED_EDGE('',*,*,#3628,.T.);
#5238=ORIENTED_EDGE('',*,*,#3631,.F.);
#5239=ORIENTED_EDGE('',*,*,#3634,.T.);
#5240=ORIENTED_EDGE('',*,*,#3637,.F.);
#5241=ORIENTED_EDGE('',*,*,#3640,.T.);
#5242=ORIENTED_EDGE('',*,*,#3643,.F.);
#5243=ORIENTED_EDGE('',*,*,#3646,.T.);
#5244=ORIENTED_EDGE('',*,*,#3623,.F.);
#5245=ORIENTED_EDGE('',*,*,#3648,.T.);
#5246=ORIENTED_EDGE('',*,*,#3649,.T.);
#5247=ORIENTED_EDGE('',*,*,#3650,.T.);
#5248=ORIENTED_EDGE('',*,*,#3651,.T.);
#5249=ORIENTED_EDGE('',*,*,#3652,.T.);
#5250=ORIENTED_EDGE('',*,*,#3649,.F.);
#5251=ORIENTED_EDGE('',*,*,#3653,.T.);
#5252=ORIENTED_EDGE('',*,*,#3651,.F.);
#5253=ORIENTED_EDGE('',*,*,#3650,.F.);
#5254=ORIENTED_EDGE('',*,*,#3654,.T.);
#5255=ORIENTED_EDGE('',*,*,#3655,.F.);
#5256=ORIENTED_EDGE('',*,*,#3656,.F.);
#5257=ORIENTED_EDGE('',*,*,#3657,.F.);
#5258=ORIENTED_EDGE('',*,*,#3648,.F.);
#5259=ORIENTED_EDGE('',*,*,#3653,.F.);
#5260=ORIENTED_EDGE('',*,*,#3658,.T.);
#5261=ORIENTED_EDGE('',*,*,#3659,.T.);
#5262=ORIENTED_EDGE('',*,*,#3657,.T.);
#5263=ORIENTED_EDGE('',*,*,#3659,.F.);
#5264=ORIENTED_EDGE('',*,*,#3660,.F.);
#5265=ORIENTED_EDGE('',*,*,#3661,.T.);
#5266=ORIENTED_EDGE('',*,*,#3658,.F.);
#5267=ORIENTED_EDGE('',*,*,#3661,.F.);
#5268=ORIENTED_EDGE('',*,*,#3662,.T.);
#5269=ORIENTED_EDGE('',*,*,#3663,.T.);
#5270=ORIENTED_EDGE('',*,*,#3664,.T.);
#5271=ORIENTED_EDGE('',*,*,#3665,.F.);
#5272=ORIENTED_EDGE('',*,*,#3666,.T.);
#5273=ORIENTED_EDGE('',*,*,#3667,.T.);
#5274=ORIENTED_EDGE('',*,*,#3668,.T.);
#5275=ORIENTED_EDGE('',*,*,#3663,.F.);
#5276=ORIENTED_EDGE('',*,*,#3669,.T.);
#5277=ORIENTED_EDGE('',*,*,#3670,.T.);
#5278=ORIENTED_EDGE('',*,*,#3671,.T.);
#5279=ORIENTED_EDGE('',*,*,#3667,.F.);
#5280=ORIENTED_EDGE('',*,*,#3672,.T.);
#5281=ORIENTED_EDGE('',*,*,#3670,.F.);
#5282=ORIENTED_EDGE('',*,*,#3673,.T.);
#5283=ORIENTED_EDGE('',*,*,#3665,.T.);
#5284=ORIENTED_EDGE('',*,*,#3672,.F.);
#5285=ORIENTED_EDGE('',*,*,#3674,.F.);
#5286=ORIENTED_EDGE('',*,*,#3675,.T.);
#5287=ORIENTED_EDGE('',*,*,#3676,.T.);
#5288=ORIENTED_EDGE('',*,*,#3664,.F.);
#5289=ORIENTED_EDGE('',*,*,#3677,.F.);
#5290=ORIENTED_EDGE('',*,*,#3678,.T.);
#5291=ORIENTED_EDGE('',*,*,#3674,.T.);
#5292=ORIENTED_EDGE('',*,*,#3662,.F.);
#5293=ORIENTED_EDGE('',*,*,#3673,.F.);
#5294=ORIENTED_EDGE('',*,*,#3669,.F.);
#5295=ORIENTED_EDGE('',*,*,#3666,.F.);
#5296=ORIENTED_EDGE('',*,*,#3679,.F.);
#5297=ORIENTED_EDGE('',*,*,#3680,.F.);
#5298=ORIENTED_EDGE('',*,*,#3679,.T.);
#5299=ORIENTED_EDGE('',*,*,#3681,.T.);
#5300=ORIENTED_EDGE('',*,*,#3682,.T.);
#5301=ORIENTED_EDGE('',*,*,#3683,.F.);
#5302=ORIENTED_EDGE('',*,*,#3655,.T.);
#5303=ORIENTED_EDGE('',*,*,#3681,.F.);
#5304=ORIENTED_EDGE('',*,*,#3680,.T.);
#5305=ORIENTED_EDGE('',*,*,#3683,.T.);
#5306=ORIENTED_EDGE('',*,*,#3652,.F.);
#5307=ORIENTED_EDGE('',*,*,#3656,.T.);
#5308=ORIENTED_EDGE('',*,*,#3682,.F.);
#5309=ORIENTED_EDGE('',*,*,#3654,.F.);
#5310=ORIENTED_EDGE('',*,*,#3660,.T.);
#5311=ORIENTED_EDGE('',*,*,#3675,.F.);
#5312=ORIENTED_EDGE('',*,*,#3678,.F.);
#5313=ORIENTED_EDGE('',*,*,#3684,.F.);
#5314=ORIENTED_EDGE('',*,*,#3685,.F.);
#5315=ORIENTED_EDGE('',*,*,#3668,.F.);
#5316=ORIENTED_EDGE('',*,*,#3686,.F.);
#5317=ORIENTED_EDGE('',*,*,#3684,.T.);
#5318=ORIENTED_EDGE('',*,*,#3677,.T.);
#5319=ORIENTED_EDGE('',*,*,#3671,.F.);
#5320=ORIENTED_EDGE('',*,*,#3676,.F.);
#5321=ORIENTED_EDGE('',*,*,#3685,.T.);
#5322=ORIENTED_EDGE('',*,*,#3686,.T.);
#5323=PLANE('',#5918);
#5324=PLANE('',#5923);
#5325=PLANE('',#5930);
#5326=PLANE('',#5933);
#5327=PLANE('',#5936);
#5328=PLANE('',#5939);
#5329=PLANE('',#5940);
#5330=PLANE('',#5941);
#5331=PLANE('',#5942);
#5332=PLANE('',#5943);
#5333=PLANE('',#5950);
#5334=PLANE('',#5951);
#5335=PLANE('',#5975);
#5336=PLANE('',#5981);
#5337=PLANE('',#5984);
#5338=PLANE('',#5987);
#5339=PLANE('',#5990);
#5340=PLANE('',#5991);
#5341=PLANE('',#5992);
#5342=PLANE('',#5993);
#5343=PLANE('',#5994);
#5344=PLANE('',#5995);
#5345=PLANE('',#5996);
#5346=PLANE('',#5997);
#5347=PLANE('',#5998);
#5348=PLANE('',#5999);
#5349=PLANE('',#6000);
#5350=PLANE('',#6001);
#5351=PLANE('',#6002);
#5352=PLANE('',#6003);
#5353=PLANE('',#6004);
#5354=PLANE('',#6005);
#5355=PLANE('',#6006);
#5356=PLANE('',#6007);
#5357=PLANE('',#6008);
#5358=PLANE('',#6009);
#5359=PLANE('',#6010);
#5360=PLANE('',#6011);
#5361=PLANE('',#6012);
#5362=PLANE('',#6013);
#5363=PLANE('',#6014);
#5364=PLANE('',#6015);
#5365=PLANE('',#6016);
#5366=PLANE('',#6017);
#5367=PLANE('',#6018);
#5368=PLANE('',#6019);
#5369=PLANE('',#6020);
#5370=PLANE('',#6021);
#5371=PLANE('',#6022);
#5372=PLANE('',#6023);
#5373=PLANE('',#6024);
#5374=PLANE('',#6025);
#5375=PLANE('',#6026);
#5376=PLANE('',#6027);
#5377=PLANE('',#6028);
#5378=PLANE('',#6029);
#5379=PLANE('',#6030);
#5380=PLANE('',#6031);
#5381=PLANE('',#6032);
#5382=PLANE('',#6033);
#5383=PLANE('',#6034);
#5384=PLANE('',#6035);
#5385=PLANE('',#6036);
#5386=PLANE('',#6037);
#5387=PLANE('',#6038);
#5388=PLANE('',#6039);
#5389=PLANE('',#6040);
#5390=PLANE('',#6041);
#5391=PLANE('',#6042);
#5392=PLANE('',#6043);
#5393=PLANE('',#6044);
#5394=PLANE('',#6045);
#5395=PLANE('',#6046);
#5396=PLANE('',#6047);
#5397=PLANE('',#6048);
#5398=PLANE('',#6049);
#5399=PLANE('',#6050);
#5400=PLANE('',#6051);
#5401=PLANE('',#6052);
#5402=PLANE('',#6053);
#5403=PLANE('',#6054);
#5404=PLANE('',#6055);
#5405=PLANE('',#6056);
#5406=PLANE('',#6057);
#5407=PLANE('',#6058);
#5408=PLANE('',#6059);
#5409=PLANE('',#6060);
#5410=PLANE('',#6061);
#5411=PLANE('',#6062);
#5412=PLANE('',#6063);
#5413=PLANE('',#6064);
#5414=PLANE('',#6065);
#5415=PLANE('',#6066);
#5416=PLANE('',#6067);
#5417=PLANE('',#6068);
#5418=PLANE('',#6069);
#5419=PLANE('',#6070);
#5420=PLANE('',#6071);
#5421=PLANE('',#6072);
#5422=PLANE('',#6073);
#5423=PLANE('',#6074);
#5424=PLANE('',#6075);
#5425=PLANE('',#6076);
#5426=PLANE('',#6077);
#5427=PLANE('',#6078);
#5428=PLANE('',#6079);
#5429=PLANE('',#6080);
#5430=PLANE('',#6081);
#5431=PLANE('',#6082);
#5432=PLANE('',#6083);
#5433=PLANE('',#6084);
#5434=PLANE('',#6085);
#5435=PLANE('',#6086);
#5436=PLANE('',#6087);
#5437=PLANE('',#6088);
#5438=PLANE('',#6089);
#5439=PLANE('',#6090);
#5440=PLANE('',#6091);
#5441=PLANE('',#6092);
#5442=PLANE('',#6093);
#5443=PLANE('',#6094);
#5444=PLANE('',#6095);
#5445=PLANE('',#6096);
#5446=PLANE('',#6097);
#5447=PLANE('',#6098);
#5448=PLANE('',#6099);
#5449=PLANE('',#6100);
#5450=PLANE('',#6101);
#5451=PLANE('',#6102);
#5452=PLANE('',#6103);
#5453=PLANE('',#6104);
#5454=PLANE('',#6105);
#5455=PLANE('',#6106);
#5456=PLANE('',#6107);
#5457=PLANE('',#6108);
#5458=PLANE('',#6109);
#5459=PLANE('',#6110);
#5460=PLANE('',#6111);
#5461=PLANE('',#6112);
#5462=PLANE('',#6113);
#5463=PLANE('',#6114);
#5464=PLANE('',#6115);
#5465=PLANE('',#6116);
#5466=PLANE('',#6117);
#5467=PLANE('',#6118);
#5468=PLANE('',#6119);
#5469=PLANE('',#6120);
#5470=PLANE('',#6121);
#5471=PLANE('',#6122);
#5472=PLANE('',#6123);
#5473=PLANE('',#6124);
#5474=PLANE('',#6125);
#5475=PLANE('',#6126);
#5476=PLANE('',#6127);
#5477=PLANE('',#6128);
#5478=PLANE('',#6129);
#5479=PLANE('',#6130);
#5480=PLANE('',#6131);
#5481=PLANE('',#6132);
#5482=PLANE('',#6133);
#5483=PLANE('',#6134);
#5484=PLANE('',#6135);
#5485=PLANE('',#6136);
#5486=PLANE('',#6137);
#5487=PLANE('',#6138);
#5488=PLANE('',#6139);
#5489=PLANE('',#6140);
#5490=PLANE('',#6141);
#5491=PLANE('',#6142);
#5492=PLANE('',#6143);
#5493=PLANE('',#6144);
#5494=PLANE('',#6145);
#5495=PLANE('',#6146);
#5496=PLANE('',#6147);
#5497=PLANE('',#6148);
#5498=PLANE('',#6149);
#5499=PLANE('',#6150);
#5500=PLANE('',#6151);
#5501=PLANE('',#6152);
#5502=PLANE('',#6153);
#5503=PLANE('',#6154);
#5504=PLANE('',#6155);
#5505=PLANE('',#6156);
#5506=PLANE('',#6157);
#5507=PLANE('',#6158);
#5508=PLANE('',#6159);
#5509=PLANE('',#6160);
#5510=PLANE('',#6161);
#5511=PLANE('',#6162);
#5512=PLANE('',#6163);
#5513=PLANE('',#6164);
#5514=PLANE('',#6165);
#5515=PLANE('',#6166);
#5516=PLANE('',#6167);
#5517=PLANE('',#6168);
#5518=PLANE('',#6169);
#5519=PLANE('',#6170);
#5520=PLANE('',#6171);
#5521=PLANE('',#6175);
#5522=PLANE('',#6176);
#5523=PLANE('',#6182);
#5524=PLANE('',#6185);
#5525=PLANE('',#6194);
#5526=PLANE('',#6195);
#5527=PLANE('',#6212);
#5528=PLANE('',#6213);
#5529=PLANE('',#6214);
#5530=PLANE('',#6223);
#5531=PLANE('',#6226);
#5532=PLANE('',#6234);
#5533=PLANE('',#6236);
#5534=PLANE('',#6237);
#5535=PLANE('',#6238);
#5536=PLANE('',#6239);
#5537=PLANE('',#6242);
#5538=PLANE('',#6245);
#5539=PLANE('',#6246);
#5540=PLANE('',#6249);
#5541=PLANE('',#6250);
#5542=PLANE('',#6252);
#5543=PLANE('',#6259);
#5544=PLANE('',#6261);
#5545=PLANE('',#6262);
#5546=PLANE('',#6265);
#5547=PLANE('',#6268);
#5548=PLANE('',#6269);
#5549=PLANE('',#6270);
#5550=PLANE('',#6279);
#5551=PLANE('',#6280);
#5552=PLANE('',#6281);
#5553=PLANE('',#6282);
#5554=PLANE('',#6283);
#5555=PLANE('',#6284);
#5556=PLANE('',#6285);
#5557=PLANE('',#6286);
#5558=PLANE('',#6287);
#5559=PLANE('',#6288);
#5560=PLANE('',#6307);
#5561=PLANE('',#6308);
#5562=PLANE('',#6309);
#5563=PLANE('',#6310);
#5564=PLANE('',#6313);
#5565=PLANE('',#6314);
#5566=PLANE('',#6318);
#5567=PLANE('',#6322);
#5568=PLANE('',#6326);
#5569=PLANE('',#6330);
#5570=PLANE('',#6331);
#5571=PLANE('',#6338);
#5572=PLANE('',#6353);
#5573=PLANE('',#6354);
#5574=PLANE('',#6355);
#5575=PLANE('',#6359);
#5576=PLANE('',#6360);
#5577=PLANE('',#6361);
#5578=PLANE('',#6362);
#5579=ADVANCED_FACE('',(#1524,#99),#5323,.F.);
#5580=ADVANCED_FACE('',(#1525),#89,.T.);
#5581=ADVANCED_FACE('',(#1526,#100,#101,#102,#103,#104),#5324,.T.);
#5582=ADVANCED_FACE('',(#1527),#33,.F.);
#5583=ADVANCED_FACE('',(#1528),#5325,.T.);
#5584=ADVANCED_FACE('',(#1529),#34,.F.);
#5585=ADVANCED_FACE('',(#1530),#5326,.T.);
#5586=ADVANCED_FACE('',(#1531),#35,.F.);
#5587=ADVANCED_FACE('',(#1532),#5327,.T.);
#5588=ADVANCED_FACE('',(#1533),#36,.F.);
#5589=ADVANCED_FACE('',(#1534),#5328,.T.);
#5590=ADVANCED_FACE('',(#1535),#5329,.T.);
#5591=ADVANCED_FACE('',(#1536),#5330,.T.);
#5592=ADVANCED_FACE('',(#1537),#5331,.T.);
#5593=ADVANCED_FACE('',(#1538),#5332,.T.);
#5594=ADVANCED_FACE('',(#1539),#37,.F.);
#5595=ADVANCED_FACE('',(#1540),#38,.T.);
#5596=ADVANCED_FACE('',(#1541),#5333,.T.);
#5597=ADVANCED_FACE('',(#1542,#105,#106),#5334,.T.);
#5598=ADVANCED_FACE('',(#1543),#90,.T.);
#5599=ADVANCED_FACE('',(#1544),#39,.T.);
#5600=ADVANCED_FACE('',(#1545),#91,.T.);
#5601=ADVANCED_FACE('',(#1546),#92,.T.);
#5602=ADVANCED_FACE('',(#1547),#40,.T.);
#5603=ADVANCED_FACE('',(#1548),#93,.T.);
#5604=ADVANCED_FACE('',(#1549,#107,#108,#109,#110,#111,#112,#113,#114,#115,
#116,#117,#118,#119,#120,#121,#122,#123,#124),#5335,.T.);
#5605=ADVANCED_FACE('',(#1550),#41,.T.);
#5606=ADVANCED_FACE('',(#1551),#42,.T.);
#5607=ADVANCED_FACE('',(#1552),#5336,.T.);
#5608=ADVANCED_FACE('',(#1553),#43,.T.);
#5609=ADVANCED_FACE('',(#1554),#5337,.T.);
#5610=ADVANCED_FACE('',(#1555),#44,.T.);
#5611=ADVANCED_FACE('',(#1556),#5338,.T.);
#5612=ADVANCED_FACE('',(#1557),#45,.T.);
#5613=ADVANCED_FACE('',(#1558),#5339,.F.);
#5614=ADVANCED_FACE('',(#1559),#5340,.F.);
#5615=ADVANCED_FACE('',(#1560),#5341,.F.);
#5616=ADVANCED_FACE('',(#1561),#5342,.F.);
#5617=ADVANCED_FACE('',(#1562),#5343,.F.);
#5618=ADVANCED_FACE('',(#1563),#5344,.F.);
#5619=ADVANCED_FACE('',(#1564),#5345,.F.);
#5620=ADVANCED_FACE('',(#1565),#5346,.F.);
#5621=ADVANCED_FACE('',(#1566),#5347,.F.);
#5622=ADVANCED_FACE('',(#1567),#5348,.F.);
#5623=ADVANCED_FACE('',(#1568),#5349,.F.);
#5624=ADVANCED_FACE('',(#1569),#5350,.F.);
#5625=ADVANCED_FACE('',(#1570),#5351,.F.);
#5626=ADVANCED_FACE('',(#1571),#5352,.F.);
#5627=ADVANCED_FACE('',(#1572),#5353,.F.);
#5628=ADVANCED_FACE('',(#1573),#5354,.F.);
#5629=ADVANCED_FACE('',(#1574),#5355,.F.);
#5630=ADVANCED_FACE('',(#1575),#5356,.F.);
#5631=ADVANCED_FACE('',(#1576),#5357,.F.);
#5632=ADVANCED_FACE('',(#1577),#5358,.F.);
#5633=ADVANCED_FACE('',(#1578),#5359,.F.);
#5634=ADVANCED_FACE('',(#1579),#5360,.F.);
#5635=ADVANCED_FACE('',(#1580),#5361,.F.);
#5636=ADVANCED_FACE('',(#1581),#5362,.F.);
#5637=ADVANCED_FACE('',(#1582),#5363,.F.);
#5638=ADVANCED_FACE('',(#1583,#125),#5364,.F.);
#5639=ADVANCED_FACE('',(#1584),#5365,.F.);
#5640=ADVANCED_FACE('',(#1585),#5366,.F.);
#5641=ADVANCED_FACE('',(#1586),#5367,.F.);
#5642=ADVANCED_FACE('',(#1587),#5368,.F.);
#5643=ADVANCED_FACE('',(#1588),#5369,.F.);
#5644=ADVANCED_FACE('',(#1589),#5370,.F.);
#5645=ADVANCED_FACE('',(#1590),#5371,.F.);
#5646=ADVANCED_FACE('',(#1591),#5372,.F.);
#5647=ADVANCED_FACE('',(#1592),#5373,.F.);
#5648=ADVANCED_FACE('',(#1593),#5374,.F.);
#5649=ADVANCED_FACE('',(#1594),#5375,.F.);
#5650=ADVANCED_FACE('',(#1595),#5376,.F.);
#5651=ADVANCED_FACE('',(#1596),#5377,.F.);
#5652=ADVANCED_FACE('',(#1597),#5378,.F.);
#5653=ADVANCED_FACE('',(#1598),#5379,.F.);
#5654=ADVANCED_FACE('',(#1599),#5380,.F.);
#5655=ADVANCED_FACE('',(#1600),#5381,.F.);
#5656=ADVANCED_FACE('',(#1601),#5382,.F.);
#5657=ADVANCED_FACE('',(#1602),#5383,.F.);
#5658=ADVANCED_FACE('',(#1603),#5384,.F.);
#5659=ADVANCED_FACE('',(#1604),#5385,.F.);
#5660=ADVANCED_FACE('',(#1605),#5386,.F.);
#5661=ADVANCED_FACE('',(#1606),#5387,.F.);
#5662=ADVANCED_FACE('',(#1607),#5388,.F.);
#5663=ADVANCED_FACE('',(#1608),#5389,.F.);
#5664=ADVANCED_FACE('',(#1609),#5390,.F.);
#5665=ADVANCED_FACE('',(#1610),#5391,.F.);
#5666=ADVANCED_FACE('',(#1611),#5392,.F.);
#5667=ADVANCED_FACE('',(#1612),#5393,.F.);
#5668=ADVANCED_FACE('',(#1613),#5394,.F.);
#5669=ADVANCED_FACE('',(#1614),#5395,.F.);
#5670=ADVANCED_FACE('',(#1615),#5396,.F.);
#5671=ADVANCED_FACE('',(#1616),#5397,.F.);
#5672=ADVANCED_FACE('',(#1617),#5398,.F.);
#5673=ADVANCED_FACE('',(#1618),#5399,.F.);
#5674=ADVANCED_FACE('',(#1619),#5400,.F.);
#5675=ADVANCED_FACE('',(#1620),#5401,.F.);
#5676=ADVANCED_FACE('',(#1621),#5402,.F.);
#5677=ADVANCED_FACE('',(#1622),#5403,.F.);
#5678=ADVANCED_FACE('',(#1623),#5404,.F.);
#5679=ADVANCED_FACE('',(#1624),#5405,.F.);
#5680=ADVANCED_FACE('',(#1625),#5406,.F.);
#5681=ADVANCED_FACE('',(#1626),#5407,.F.);
#5682=ADVANCED_FACE('',(#1627),#5408,.F.);
#5683=ADVANCED_FACE('',(#1628),#5409,.F.);
#5684=ADVANCED_FACE('',(#1629),#5410,.F.);
#5685=ADVANCED_FACE('',(#1630),#5411,.F.);
#5686=ADVANCED_FACE('',(#1631),#5412,.F.);
#5687=ADVANCED_FACE('',(#1632),#5413,.F.);
#5688=ADVANCED_FACE('',(#1633),#5414,.F.);
#5689=ADVANCED_FACE('',(#1634),#5415,.F.);
#5690=ADVANCED_FACE('',(#1635),#5416,.F.);
#5691=ADVANCED_FACE('',(#1636),#5417,.F.);
#5692=ADVANCED_FACE('',(#1637),#5418,.F.);
#5693=ADVANCED_FACE('',(#1638),#5419,.F.);
#5694=ADVANCED_FACE('',(#1639),#5420,.F.);
#5695=ADVANCED_FACE('',(#1640),#5421,.F.);
#5696=ADVANCED_FACE('',(#1641),#5422,.F.);
#5697=ADVANCED_FACE('',(#1642),#5423,.F.);
#5698=ADVANCED_FACE('',(#1643),#5424,.F.);
#5699=ADVANCED_FACE('',(#1644),#5425,.F.);
#5700=ADVANCED_FACE('',(#1645),#5426,.F.);
#5701=ADVANCED_FACE('',(#1646),#5427,.F.);
#5702=ADVANCED_FACE('',(#1647),#5428,.F.);
#5703=ADVANCED_FACE('',(#1648),#5429,.F.);
#5704=ADVANCED_FACE('',(#1649),#5430,.F.);
#5705=ADVANCED_FACE('',(#1650),#5431,.F.);
#5706=ADVANCED_FACE('',(#1651),#5432,.F.);
#5707=ADVANCED_FACE('',(#1652),#5433,.F.);
#5708=ADVANCED_FACE('',(#1653),#5434,.F.);
#5709=ADVANCED_FACE('',(#1654),#5435,.F.);
#5710=ADVANCED_FACE('',(#1655,#126),#5436,.F.);
#5711=ADVANCED_FACE('',(#1656),#5437,.F.);
#5712=ADVANCED_FACE('',(#1657),#5438,.F.);
#5713=ADVANCED_FACE('',(#1658),#5439,.F.);
#5714=ADVANCED_FACE('',(#1659),#5440,.F.);
#5715=ADVANCED_FACE('',(#1660),#5441,.F.);
#5716=ADVANCED_FACE('',(#1661),#5442,.F.);
#5717=ADVANCED_FACE('',(#1662),#5443,.F.);
#5718=ADVANCED_FACE('',(#1663),#5444,.F.);
#5719=ADVANCED_FACE('',(#1664),#5445,.F.);
#5720=ADVANCED_FACE('',(#1665),#5446,.F.);
#5721=ADVANCED_FACE('',(#1666),#5447,.F.);
#5722=ADVANCED_FACE('',(#1667),#5448,.F.);
#5723=ADVANCED_FACE('',(#1668),#5449,.F.);
#5724=ADVANCED_FACE('',(#1669),#5450,.F.);
#5725=ADVANCED_FACE('',(#1670),#5451,.F.);
#5726=ADVANCED_FACE('',(#1671),#5452,.F.);
#5727=ADVANCED_FACE('',(#1672),#5453,.F.);
#5728=ADVANCED_FACE('',(#1673),#5454,.F.);
#5729=ADVANCED_FACE('',(#1674),#5455,.F.);
#5730=ADVANCED_FACE('',(#1675),#5456,.F.);
#5731=ADVANCED_FACE('',(#1676),#5457,.F.);
#5732=ADVANCED_FACE('',(#1677),#5458,.F.);
#5733=ADVANCED_FACE('',(#1678,#127),#5459,.F.);
#5734=ADVANCED_FACE('',(#1679),#5460,.F.);
#5735=ADVANCED_FACE('',(#1680),#5461,.F.);
#5736=ADVANCED_FACE('',(#1681),#5462,.F.);
#5737=ADVANCED_FACE('',(#1682),#5463,.F.);
#5738=ADVANCED_FACE('',(#1683),#5464,.F.);
#5739=ADVANCED_FACE('',(#1684),#5465,.F.);
#5740=ADVANCED_FACE('',(#1685),#5466,.F.);
#5741=ADVANCED_FACE('',(#1686),#5467,.F.);
#5742=ADVANCED_FACE('',(#1687),#5468,.F.);
#5743=ADVANCED_FACE('',(#1688),#5469,.F.);
#5744=ADVANCED_FACE('',(#1689),#5470,.F.);
#5745=ADVANCED_FACE('',(#1690),#5471,.F.);
#5746=ADVANCED_FACE('',(#1691),#5472,.F.);
#5747=ADVANCED_FACE('',(#1692),#5473,.F.);
#5748=ADVANCED_FACE('',(#1693),#5474,.F.);
#5749=ADVANCED_FACE('',(#1694),#5475,.F.);
#5750=ADVANCED_FACE('',(#1695),#5476,.F.);
#5751=ADVANCED_FACE('',(#1696),#5477,.F.);
#5752=ADVANCED_FACE('',(#1697),#5478,.F.);
#5753=ADVANCED_FACE('',(#1698),#5479,.F.);
#5754=ADVANCED_FACE('',(#1699),#5480,.F.);
#5755=ADVANCED_FACE('',(#1700),#5481,.F.);
#5756=ADVANCED_FACE('',(#1701),#5482,.F.);
#5757=ADVANCED_FACE('',(#1702),#5483,.F.);
#5758=ADVANCED_FACE('',(#1703),#5484,.F.);
#5759=ADVANCED_FACE('',(#1704),#5485,.F.);
#5760=ADVANCED_FACE('',(#1705),#5486,.F.);
#5761=ADVANCED_FACE('',(#1706),#5487,.F.);
#5762=ADVANCED_FACE('',(#1707),#5488,.F.);
#5763=ADVANCED_FACE('',(#1708),#5489,.F.);
#5764=ADVANCED_FACE('',(#1709),#5490,.F.);
#5765=ADVANCED_FACE('',(#1710),#5491,.F.);
#5766=ADVANCED_FACE('',(#1711),#5492,.F.);
#5767=ADVANCED_FACE('',(#1712),#5493,.F.);
#5768=ADVANCED_FACE('',(#1713),#5494,.F.);
#5769=ADVANCED_FACE('',(#1714),#5495,.F.);
#5770=ADVANCED_FACE('',(#1715),#5496,.F.);
#5771=ADVANCED_FACE('',(#1716),#5497,.F.);
#5772=ADVANCED_FACE('',(#1717),#5498,.F.);
#5773=ADVANCED_FACE('',(#1718),#5499,.F.);
#5774=ADVANCED_FACE('',(#1719),#5500,.F.);
#5775=ADVANCED_FACE('',(#1720),#5501,.F.);
#5776=ADVANCED_FACE('',(#1721),#5502,.F.);
#5777=ADVANCED_FACE('',(#1722),#5503,.F.);
#5778=ADVANCED_FACE('',(#1723),#5504,.F.);
#5779=ADVANCED_FACE('',(#1724),#5505,.F.);
#5780=ADVANCED_FACE('',(#1725),#5506,.F.);
#5781=ADVANCED_FACE('',(#1726),#5507,.F.);
#5782=ADVANCED_FACE('',(#1727),#5508,.F.);
#5783=ADVANCED_FACE('',(#1728),#5509,.F.);
#5784=ADVANCED_FACE('',(#1729),#5510,.F.);
#5785=ADVANCED_FACE('',(#1730),#5511,.F.);
#5786=ADVANCED_FACE('',(#1731),#5512,.F.);
#5787=ADVANCED_FACE('',(#1732),#5513,.F.);
#5788=ADVANCED_FACE('',(#1733),#5514,.F.);
#5789=ADVANCED_FACE('',(#1734),#5515,.F.);
#5790=ADVANCED_FACE('',(#1735),#5516,.F.);
#5791=ADVANCED_FACE('',(#1736),#5517,.F.);
#5792=ADVANCED_FACE('',(#1737),#5518,.T.);
#5793=ADVANCED_FACE('',(#1738),#5519,.T.);
#5794=ADVANCED_FACE('',(#1739),#5520,.T.);
#5795=ADVANCED_FACE('',(#1740),#46,.T.);
#5796=ADVANCED_FACE('',(#1741),#5521,.F.);
#5797=ADVANCED_FACE('',(#1742,#128),#5522,.F.);
#5798=ADVANCED_FACE('',(#1743),#47,.T.);
#5799=ADVANCED_FACE('',(#1744),#5523,.F.);
#5800=ADVANCED_FACE('',(#1745),#48,.T.);
#5801=ADVANCED_FACE('',(#1746),#5524,.F.);
#5802=ADVANCED_FACE('',(#1747),#49,.T.);
#5803=ADVANCED_FACE('',(#1748),#50,.F.);
#5804=ADVANCED_FACE('',(#1749),#51,.T.);
#5805=ADVANCED_FACE('',(#1750,#129),#5525,.F.);
#5806=ADVANCED_FACE('',(#1751,#130,#131,#132),#5526,.F.);
#5807=ADVANCED_FACE('',(#1752),#52,.F.);
#5808=ADVANCED_FACE('',(#1753),#53,.T.);
#5809=ADVANCED_FACE('',(#1754,#133),#5527,.F.);
#5810=ADVANCED_FACE('',(#1755),#5528,.F.);
#5811=ADVANCED_FACE('',(#1756,#134),#5529,.T.);
#5812=ADVANCED_FACE('',(#1757),#54,.F.);
#5813=ADVANCED_FACE('',(#1758),#55,.T.);
#5814=ADVANCED_FACE('',(#1759,#135),#5530,.F.);
#5815=ADVANCED_FACE('',(#1760),#56,.F.);
#5816=ADVANCED_FACE('',(#1761),#5531,.F.);
#5817=ADVANCED_FACE('',(#1762),#57,.T.);
#5818=ADVANCED_FACE('',(#1763),#58,.F.);
#5819=ADVANCED_FACE('',(#1764,#136),#5532,.T.);
#5820=ADVANCED_FACE('',(#1765,#137),#5533,.F.);
#5821=ADVANCED_FACE('',(#1766),#5534,.F.);
#5822=ADVANCED_FACE('',(#1767),#5535,.T.);
#5823=ADVANCED_FACE('',(#1768),#5536,.T.);
#5824=ADVANCED_FACE('',(#1769),#59,.F.);
#5825=ADVANCED_FACE('',(#1770,#138),#5537,.F.);
#5826=ADVANCED_FACE('',(#1771),#60,.T.);
#5827=ADVANCED_FACE('',(#1772),#5538,.F.);
#5828=ADVANCED_FACE('',(#1773),#5539,.F.);
#5829=ADVANCED_FACE('',(#1774),#61,.T.);
#5830=ADVANCED_FACE('',(#1775),#5540,.F.);
#5831=ADVANCED_FACE('',(#1776),#5541,.F.);
#5832=ADVANCED_FACE('',(#1777),#5542,.F.);
#5833=ADVANCED_FACE('',(#1778),#62,.F.);
#5834=ADVANCED_FACE('',(#1779),#63,.F.);
#5835=ADVANCED_FACE('',(#1780),#5543,.F.);
#5836=ADVANCED_FACE('',(#1781),#5544,.F.);
#5837=ADVANCED_FACE('',(#1782,#139),#5545,.F.);
#5838=ADVANCED_FACE('',(#1783),#64,.F.);
#5839=ADVANCED_FACE('',(#1784),#5546,.F.);
#5840=ADVANCED_FACE('',(#1785),#65,.T.);
#5841=ADVANCED_FACE('',(#1786),#66,.T.);
#5842=ADVANCED_FACE('',(#1787),#5547,.F.);
#5843=ADVANCED_FACE('',(#1788),#5548,.F.);
#5844=ADVANCED_FACE('',(#1789),#5549,.T.);
#5845=ADVANCED_FACE('',(#1790),#67,.T.);
#5846=ADVANCED_FACE('',(#1791),#68,.T.);
#5847=ADVANCED_FACE('',(#1792),#69,.F.);
#5848=ADVANCED_FACE('',(#1793),#70,.F.);
#5849=ADVANCED_FACE('',(#1794),#5550,.T.);
#5850=ADVANCED_FACE('',(#1795),#5551,.T.);
#5851=ADVANCED_FACE('',(#1796),#5552,.T.);
#5852=ADVANCED_FACE('',(#1797),#5553,.T.);
#5853=ADVANCED_FACE('',(#1798,#140),#5554,.T.);
#5854=ADVANCED_FACE('',(#1799,#141),#5555,.T.);
#5855=ADVANCED_FACE('',(#1800,#142),#5556,.T.);
#5856=ADVANCED_FACE('',(#1801),#5557,.F.);
#5857=ADVANCED_FACE('',(#1802),#5558,.F.);
#5858=ADVANCED_FACE('',(#1803),#5559,.F.);
#5859=ADVANCED_FACE('',(#1804),#71,.T.);
#5860=ADVANCED_FACE('',(#1805),#72,.T.);
#5861=ADVANCED_FACE('',(#1806),#94,.T.);
#5862=ADVANCED_FACE('',(#1807),#73,.T.);
#5863=ADVANCED_FACE('',(#1808),#95,.T.);
#5864=ADVANCED_FACE('',(#1809),#74,.T.);
#5865=ADVANCED_FACE('',(#1810),#75,.T.);
#5866=ADVANCED_FACE('',(#1811),#5560,.T.);
#5867=ADVANCED_FACE('',(#1812),#5561,.T.);
#5868=ADVANCED_FACE('',(#1813),#5562,.F.);
#5869=ADVANCED_FACE('',(#1814),#5563,.T.);
#5870=ADVANCED_FACE('',(#1815),#76,.T.);
#5871=ADVANCED_FACE('',(#1816),#5564,.T.);
#5872=ADVANCED_FACE('',(#1817),#5565,.T.);
#5873=ADVANCED_FACE('',(#1818),#77,.T.);
#5874=ADVANCED_FACE('',(#1819),#5566,.T.);
#5875=ADVANCED_FACE('',(#1820),#78,.T.);
#5876=ADVANCED_FACE('',(#1821),#5567,.T.);
#5877=ADVANCED_FACE('',(#1822),#79,.T.);
#5878=ADVANCED_FACE('',(#1823),#5568,.T.);
#5879=ADVANCED_FACE('',(#1824),#80,.T.);
#5880=ADVANCED_FACE('',(#1825),#5569,.T.);
#5881=ADVANCED_FACE('',(#1826),#5570,.F.);
#5882=ADVANCED_FACE('',(#1827),#96,.T.);
#5883=ADVANCED_FACE('',(#1828),#81,.T.);
#5884=ADVANCED_FACE('',(#1829),#82,.F.);
#5885=ADVANCED_FACE('',(#1830,#143),#5571,.F.);
#5886=ADVANCED_FACE('',(#1831),#97,.T.);
#5887=ADVANCED_FACE('',(#1832),#83,.T.);
#5888=ADVANCED_FACE('',(#1833),#84,.T.);
#5889=ADVANCED_FACE('',(#1834),#85,.T.);
#5890=ADVANCED_FACE('',(#1835),#86,.T.);
#5891=ADVANCED_FACE('',(#1836),#87,.T.);
#5892=ADVANCED_FACE('',(#1837),#5572,.T.);
#5893=ADVANCED_FACE('',(#1838),#5573,.T.);
#5894=ADVANCED_FACE('',(#1839,#144),#5574,.T.);
#5895=ADVANCED_FACE('',(#1840),#88,.T.);
#5896=ADVANCED_FACE('',(#1841),#98,.T.);
#5897=ADVANCED_FACE('',(#1842),#5575,.T.);
#5898=ADVANCED_FACE('',(#1843,#145),#5576,.T.);
#5899=ADVANCED_FACE('',(#1844),#5577,.T.);
#5900=ADVANCED_FACE('',(#1845),#5578,.T.);
#5901=CLOSED_SHELL('',(#5579,#5580,#5581,#5582,#5583,#5584,#5585,#5586,
#5587,#5588,#5589,#5590,#5591,#5592,#5593));
#5902=CLOSED_SHELL('',(#5594,#5595,#5596,#5597,#5598,#5599,#5600,#5601,
#5602,#5603,#5604,#5605,#5606,#5607,#5608,#5609,#5610,#5611,#5612,#5613,
#5614,#5615,#5616,#5617,#5618,#5619,#5620,#5621,#5622,#5623,#5624,#5625,
#5626,#5627,#5628,#5629,#5630,#5631,#5632,#5633,#5634,#5635,#5636,#5637,
#5638,#5639,#5640,#5641,#5642,#5643,#5644,#5645,#5646,#5647,#5648,#5649,
#5650,#5651,#5652,#5653,#5654,#5655,#5656,#5657,#5658,#5659,#5660,#5661,
#5662,#5663,#5664,#5665,#5666,#5667,#5668,#5669,#5670,#5671,#5672,#5673,
#5674,#5675,#5676,#5677,#5678,#5679,#5680,#5681,#5682,#5683,#5684,#5685,
#5686,#5687,#5688,#5689,#5690,#5691,#5692,#5693,#5694,#5695,#5696,#5697,
#5698,#5699,#5700,#5701,#5702,#5703,#5704,#5705,#5706,#5707,#5708,#5709,
#5710,#5711,#5712,#5713,#5714,#5715,#5716,#5717,#5718,#5719,#5720,#5721,
#5722,#5723,#5724,#5725,#5726,#5727,#5728,#5729,#5730,#5731,#5732,#5733,
#5734,#5735,#5736,#5737,#5738,#5739,#5740,#5741,#5742,#5743,#5744,#5745,
#5746,#5747,#5748,#5749,#5750,#5751,#5752,#5753,#5754,#5755,#5756,#5757,
#5758,#5759,#5760,#5761,#5762,#5763,#5764,#5765,#5766,#5767,#5768,#5769,
#5770,#5771,#5772,#5773,#5774,#5775,#5776,#5777,#5778,#5779,#5780,#5781,
#5782,#5783,#5784,#5785,#5786,#5787,#5788,#5789,#5790,#5791,#5792,#5793,
#5794,#5795,#5796,#5797,#5798,#5799,#5800,#5801,#5802,#5803,#5804,#5805,
#5806,#5807,#5808,#5809,#5810,#5811,#5812,#5813,#5814,#5815,#5816,#5817,
#5818,#5819,#5820,#5821,#5822,#5823,#5824,#5825,#5826,#5827,#5828,#5829,
#5830,#5831,#5832,#5833,#5834,#5835,#5836,#5837,#5838,#5839,#5840,#5841,
#5842,#5843,#5844,#5845,#5846,#5847,#5848,#5849,#5850,#5851,#5852,#5853,
#5854,#5855));
#5903=CLOSED_SHELL('',(#5856,#5857,#5858,#5859,#5860,#5861,#5862,#5863,
#5864,#5865,#5866,#5867,#5868,#5869,#5870,#5871,#5872,#5873,#5874,#5875,
#5876,#5877,#5878,#5879,#5880,#5881));
#5904=CLOSED_SHELL('',(#5882,#5883,#5884,#5885,#5886,#5887,#5888,#5889,
#5890,#5891,#5892,#5893,#5894,#5895,#5896,#5897,#5898,#5899,#5900));
#5905=DERIVED_UNIT_ELEMENT(#5907,1.);
#5906=DERIVED_UNIT_ELEMENT(#9697,-3.);
#5907=(
MASS_UNIT()
NAMED_UNIT(*)
SI_UNIT(.KILO.,.GRAM.)
);
#5908=DERIVED_UNIT((#5905,#5906));
#5909=MEASURE_REPRESENTATION_ITEM('density measure',
POSITIVE_RATIO_MEASURE(7850.),#5908);
#5910=PROPERTY_DEFINITION_REPRESENTATION(#5915,#5912);
#5911=PROPERTY_DEFINITION_REPRESENTATION(#5916,#5913);
#5912=REPRESENTATION('material name',(#5914),#9694);
#5913=REPRESENTATION('density',(#5909),#9694);
#5914=DESCRIPTIVE_REPRESENTATION_ITEM('Steel','Steel');
#5915=PROPERTY_DEFINITION('material property','material name',#9704);
#5916=PROPERTY_DEFINITION('material property','density of part',#9704);
#5917=AXIS2_PLACEMENT_3D('',#7944,#6363,#6364);
#5918=AXIS2_PLACEMENT_3D('',#7945,#6365,#6366);
#5919=AXIS2_PLACEMENT_3D('',#7947,#6367,#6368);
#5920=AXIS2_PLACEMENT_3D('',#7956,#6373,#6374);
#5921=AXIS2_PLACEMENT_3D('',#7958,#6375,#6376);
#5922=AXIS2_PLACEMENT_3D('',#7959,#6377,#6378);
#5923=AXIS2_PLACEMENT_3D('',#7960,#6379,#6380);
#5924=AXIS2_PLACEMENT_3D('',#7962,#6381,#6382);
#5925=AXIS2_PLACEMENT_3D('',#7964,#6383,#6384);
#5926=AXIS2_PLACEMENT_3D('',#7966,#6385,#6386);
#5927=AXIS2_PLACEMENT_3D('',#7968,#6387,#6388);
#5928=AXIS2_PLACEMENT_3D('',#7977,#6393,#6394);
#5929=AXIS2_PLACEMENT_3D('',#7979,#6395,#6396);
#5930=AXIS2_PLACEMENT_3D('',#7981,#6398,#6399);
#5931=AXIS2_PLACEMENT_3D('',#7982,#6400,#6401);
#5932=AXIS2_PLACEMENT_3D('',#7984,#6402,#6403);
#5933=AXIS2_PLACEMENT_3D('',#7986,#6405,#6406);
#5934=AXIS2_PLACEMENT_3D('',#7987,#6407,#6408);
#5935=AXIS2_PLACEMENT_3D('',#7989,#6409,#6410);
#5936=AXIS2_PLACEMENT_3D('',#7991,#6412,#6413);
#5937=AXIS2_PLACEMENT_3D('',#7992,#6414,#6415);
#5938=AXIS2_PLACEMENT_3D('',#7994,#6416,#6417);
#5939=AXIS2_PLACEMENT_3D('',#7996,#6419,#6420);
#5940=AXIS2_PLACEMENT_3D('',#7997,#6421,#6422);
#5941=AXIS2_PLACEMENT_3D('',#8000,#6425,#6426);
#5942=AXIS2_PLACEMENT_3D('',#8002,#6428,#6429);
#5943=AXIS2_PLACEMENT_3D('',#8004,#6431,#6432);
#5944=AXIS2_PLACEMENT_3D('',#8005,#6433,#6434);
#5945=AXIS2_PLACEMENT_3D('',#8007,#6435,#6436);
#5946=AXIS2_PLACEMENT_3D('',#8010,#6438,#6439);
#5947=AXIS2_PLACEMENT_3D('',#8011,#6440,#6441);
#5948=AXIS2_PLACEMENT_3D('',#8014,#6442,#6443);
#5949=AXIS2_PLACEMENT_3D('',#8018,#6445,#6446);
#5950=AXIS2_PLACEMENT_3D('',#8020,#6448,#6449);
#5951=AXIS2_PLACEMENT_3D('',#8030,#6455,#6456);
#5952=AXIS2_PLACEMENT_3D('',#8034,#6458,#6459);
#5953=AXIS2_PLACEMENT_3D('',#8038,#6461,#6462);
#5954=AXIS2_PLACEMENT_3D('',#8041,#6464,#6465);
#5955=AXIS2_PLACEMENT_3D('',#8043,#6466,#6467);
#5956=AXIS2_PLACEMENT_3D('',#8045,#6468,#6469);
#5957=AXIS2_PLACEMENT_3D('',#8046,#6470,#6471);
#5958=AXIS2_PLACEMENT_3D('',#8049,#6472,#6473);
#5959=AXIS2_PLACEMENT_3D('',#8051,#6474,#6475);
#5960=AXIS2_PLACEMENT_3D('',#8053,#6476,#6477);
#5961=AXIS2_PLACEMENT_3D('',#8066,#6478,#6479);
#5962=AXIS2_PLACEMENT_3D('',#8069,#6480,#6481);
#5963=AXIS2_PLACEMENT_3D('',#8072,#6484,#6485);
#5964=AXIS2_PLACEMENT_3D('',#8074,#6486,#6487);
#5965=AXIS2_PLACEMENT_3D('',#8076,#6488,#6489);
#5966=AXIS2_PLACEMENT_3D('',#8089,#6490,#6491);
#5967=AXIS2_PLACEMENT_3D('',#8091,#6492,#6493);
#5968=AXIS2_PLACEMENT_3D('',#8093,#6494,#6495);
#5969=AXIS2_PLACEMENT_3D('',#8094,#6496,#6497);
#5970=AXIS2_PLACEMENT_3D('',#8095,#6498,#6499);
#5971=AXIS2_PLACEMENT_3D('',#8098,#6500,#6501);
#5972=AXIS2_PLACEMENT_3D('',#8101,#6504,#6505);
#5973=AXIS2_PLACEMENT_3D('',#8102,#6506,#6507);
#5974=AXIS2_PLACEMENT_3D('',#8103,#6508,#6509);
#5975=AXIS2_PLACEMENT_3D('',#8104,#6510,#6511);
#5976=AXIS2_PLACEMENT_3D('',#8377,#6648,#6649);
#5977=AXIS2_PLACEMENT_3D('',#8378,#6650,#6651);
#5978=AXIS2_PLACEMENT_3D('',#8383,#6654,#6655);
#5979=AXIS2_PLACEMENT_3D('',#8385,#6657,#6658);
#5980=AXIS2_PLACEMENT_3D('',#8388,#6660,#6661);
#5981=AXIS2_PLACEMENT_3D('',#8389,#6662,#6663);
#5982=AXIS2_PLACEMENT_3D('',#8390,#6664,#6665);
#5983=AXIS2_PLACEMENT_3D('',#8393,#6667,#6668);
#5984=AXIS2_PLACEMENT_3D('',#8394,#6669,#6670);
#5985=AXIS2_PLACEMENT_3D('',#8398,#6673,#6674);
#5986=AXIS2_PLACEMENT_3D('',#8401,#6676,#6677);
#5987=AXIS2_PLACEMENT_3D('',#8402,#6678,#6679);
#5988=AXIS2_PLACEMENT_3D('',#8407,#6683,#6684);
#5989=AXIS2_PLACEMENT_3D('',#8410,#6686,#6687);
#5990=AXIS2_PLACEMENT_3D('',#8411,#6688,#6689);
#5991=AXIS2_PLACEMENT_3D('',#8420,#6694,#6695);
#5992=AXIS2_PLACEMENT_3D('',#8426,#6699,#6700);
#5993=AXIS2_PLACEMENT_3D('',#8432,#6704,#6705);
#5994=AXIS2_PLACEMENT_3D('',#8438,#6709,#6710);
#5995=AXIS2_PLACEMENT_3D('',#8444,#6714,#6715);
#5996=AXIS2_PLACEMENT_3D('',#8450,#6719,#6720);
#5997=AXIS2_PLACEMENT_3D('',#8456,#6724,#6725);
#5998=AXIS2_PLACEMENT_3D('',#8462,#6729,#6730);
#5999=AXIS2_PLACEMENT_3D('',#8468,#6734,#6735);
#6000=AXIS2_PLACEMENT_3D('',#8474,#6739,#6740);
#6001=AXIS2_PLACEMENT_3D('',#8480,#6744,#6745);
#6002=AXIS2_PLACEMENT_3D('',#8483,#6748,#6749);
#6003=AXIS2_PLACEMENT_3D('',#8489,#6753,#6754);
#6004=AXIS2_PLACEMENT_3D('',#8493,#6757,#6758);
#6005=AXIS2_PLACEMENT_3D('',#8497,#6761,#6762);
#6006=AXIS2_PLACEMENT_3D('',#8501,#6765,#6766);
#6007=AXIS2_PLACEMENT_3D('',#8505,#6769,#6770);
#6008=AXIS2_PLACEMENT_3D('',#8509,#6773,#6774);
#6009=AXIS2_PLACEMENT_3D('',#8513,#6777,#6778);
#6010=AXIS2_PLACEMENT_3D('',#8517,#6781,#6782);
#6011=AXIS2_PLACEMENT_3D('',#8521,#6785,#6786);
#6012=AXIS2_PLACEMENT_3D('',#8525,#6789,#6790);
#6013=AXIS2_PLACEMENT_3D('',#8529,#6793,#6794);
#6014=AXIS2_PLACEMENT_3D('',#8533,#6797,#6798);
#6015=AXIS2_PLACEMENT_3D('',#8535,#6800,#6801);
#6016=AXIS2_PLACEMENT_3D('',#8536,#6802,#6803);
#6017=AXIS2_PLACEMENT_3D('',#8542,#6807,#6808);
#6018=AXIS2_PLACEMENT_3D('',#8546,#6811,#6812);
#6019=AXIS2_PLACEMENT_3D('',#8550,#6815,#6816);
#6020=AXIS2_PLACEMENT_3D('',#8552,#6818,#6819);
#6021=AXIS2_PLACEMENT_3D('',#8553,#6820,#6821);
#6022=AXIS2_PLACEMENT_3D('',#8559,#6825,#6826);
#6023=AXIS2_PLACEMENT_3D('',#8563,#6829,#6830);
#6024=AXIS2_PLACEMENT_3D('',#8567,#6833,#6834);
#6025=AXIS2_PLACEMENT_3D('',#8571,#6837,#6838);
#6026=AXIS2_PLACEMENT_3D('',#8573,#6840,#6841);
#6027=AXIS2_PLACEMENT_3D('',#8574,#6842,#6843);
#6028=AXIS2_PLACEMENT_3D('',#8580,#6847,#6848);
#6029=AXIS2_PLACEMENT_3D('',#8584,#6851,#6852);
#6030=AXIS2_PLACEMENT_3D('',#8588,#6855,#6856);
#6031=AXIS2_PLACEMENT_3D('',#8590,#6858,#6859);
#6032=AXIS2_PLACEMENT_3D('',#8591,#6860,#6861);
#6033=AXIS2_PLACEMENT_3D('',#8597,#6865,#6866);
#6034=AXIS2_PLACEMENT_3D('',#8601,#6869,#6870);
#6035=AXIS2_PLACEMENT_3D('',#8605,#6873,#6874);
#6036=AXIS2_PLACEMENT_3D('',#8607,#6876,#6877);
#6037=AXIS2_PLACEMENT_3D('',#8608,#6878,#6879);
#6038=AXIS2_PLACEMENT_3D('',#8614,#6883,#6884);
#6039=AXIS2_PLACEMENT_3D('',#8618,#6887,#6888);
#6040=AXIS2_PLACEMENT_3D('',#8622,#6891,#6892);
#6041=AXIS2_PLACEMENT_3D('',#8624,#6894,#6895);
#6042=AXIS2_PLACEMENT_3D('',#8625,#6896,#6897);
#6043=AXIS2_PLACEMENT_3D('',#8631,#6901,#6902);
#6044=AXIS2_PLACEMENT_3D('',#8635,#6905,#6906);
#6045=AXIS2_PLACEMENT_3D('',#8639,#6909,#6910);
#6046=AXIS2_PLACEMENT_3D('',#8641,#6912,#6913);
#6047=AXIS2_PLACEMENT_3D('',#8642,#6914,#6915);
#6048=AXIS2_PLACEMENT_3D('',#8651,#6920,#6921);
#6049=AXIS2_PLACEMENT_3D('',#8657,#6925,#6926);
#6050=AXIS2_PLACEMENT_3D('',#8663,#6930,#6931);
#6051=AXIS2_PLACEMENT_3D('',#8666,#6934,#6935);
#6052=AXIS2_PLACEMENT_3D('',#8672,#6939,#6940);
#6053=AXIS2_PLACEMENT_3D('',#8676,#6943,#6944);
#6054=AXIS2_PLACEMENT_3D('',#8680,#6947,#6948);
#6055=AXIS2_PLACEMENT_3D('',#8684,#6951,#6952);
#6056=AXIS2_PLACEMENT_3D('',#8688,#6955,#6956);
#6057=AXIS2_PLACEMENT_3D('',#8692,#6959,#6960);
#6058=AXIS2_PLACEMENT_3D('',#8696,#6963,#6964);
#6059=AXIS2_PLACEMENT_3D('',#8700,#6967,#6968);
#6060=AXIS2_PLACEMENT_3D('',#8704,#6971,#6972);
#6061=AXIS2_PLACEMENT_3D('',#8708,#6975,#6976);
#6062=AXIS2_PLACEMENT_3D('',#8712,#6979,#6980);
#6063=AXIS2_PLACEMENT_3D('',#8716,#6983,#6984);
#6064=AXIS2_PLACEMENT_3D('',#8720,#6987,#6988);
#6065=AXIS2_PLACEMENT_3D('',#8724,#6991,#6992);
#6066=AXIS2_PLACEMENT_3D('',#8728,#6995,#6996);
#6067=AXIS2_PLACEMENT_3D('',#8732,#6999,#7000);
#6068=AXIS2_PLACEMENT_3D('',#8736,#7003,#7004);
#6069=AXIS2_PLACEMENT_3D('',#8740,#7007,#7008);
#6070=AXIS2_PLACEMENT_3D('',#8744,#7011,#7012);
#6071=AXIS2_PLACEMENT_3D('',#8748,#7015,#7016);
#6072=AXIS2_PLACEMENT_3D('',#8752,#7019,#7020);
#6073=AXIS2_PLACEMENT_3D('',#8756,#7023,#7024);
#6074=AXIS2_PLACEMENT_3D('',#8760,#7027,#7028);
#6075=AXIS2_PLACEMENT_3D('',#8764,#7031,#7032);
#6076=AXIS2_PLACEMENT_3D('',#8768,#7035,#7036);
#6077=AXIS2_PLACEMENT_3D('',#8772,#7039,#7040);
#6078=AXIS2_PLACEMENT_3D('',#8776,#7043,#7044);
#6079=AXIS2_PLACEMENT_3D('',#8780,#7047,#7048);
#6080=AXIS2_PLACEMENT_3D('',#8784,#7051,#7052);
#6081=AXIS2_PLACEMENT_3D('',#8788,#7055,#7056);
#6082=AXIS2_PLACEMENT_3D('',#8792,#7059,#7060);
#6083=AXIS2_PLACEMENT_3D('',#8796,#7063,#7064);
#6084=AXIS2_PLACEMENT_3D('',#8800,#7067,#7068);
#6085=AXIS2_PLACEMENT_3D('',#8804,#7071,#7072);
#6086=AXIS2_PLACEMENT_3D('',#8808,#7075,#7076);
#6087=AXIS2_PLACEMENT_3D('',#8810,#7078,#7079);
#6088=AXIS2_PLACEMENT_3D('',#8811,#7080,#7081);
#6089=AXIS2_PLACEMENT_3D('',#8820,#7086,#7087);
#6090=AXIS2_PLACEMENT_3D('',#8826,#7091,#7092);
#6091=AXIS2_PLACEMENT_3D('',#8832,#7096,#7097);
#6092=AXIS2_PLACEMENT_3D('',#8838,#7101,#7102);
#6093=AXIS2_PLACEMENT_3D('',#8844,#7106,#7107);
#6094=AXIS2_PLACEMENT_3D('',#8850,#7111,#7112);
#6095=AXIS2_PLACEMENT_3D('',#8856,#7116,#7117);
#6096=AXIS2_PLACEMENT_3D('',#8862,#7121,#7122);
#6097=AXIS2_PLACEMENT_3D('',#8868,#7126,#7127);
#6098=AXIS2_PLACEMENT_3D('',#8874,#7131,#7132);
#6099=AXIS2_PLACEMENT_3D('',#8880,#7136,#7137);
#6100=AXIS2_PLACEMENT_3D('',#8883,#7140,#7141);
#6101=AXIS2_PLACEMENT_3D('',#8889,#7145,#7146);
#6102=AXIS2_PLACEMENT_3D('',#8893,#7149,#7150);
#6103=AXIS2_PLACEMENT_3D('',#8897,#7153,#7154);
#6104=AXIS2_PLACEMENT_3D('',#8901,#7157,#7158);
#6105=AXIS2_PLACEMENT_3D('',#8905,#7161,#7162);
#6106=AXIS2_PLACEMENT_3D('',#8909,#7165,#7166);
#6107=AXIS2_PLACEMENT_3D('',#8913,#7169,#7170);
#6108=AXIS2_PLACEMENT_3D('',#8917,#7173,#7174);
#6109=AXIS2_PLACEMENT_3D('',#8921,#7177,#7178);
#6110=AXIS2_PLACEMENT_3D('',#8923,#7180,#7181);
#6111=AXIS2_PLACEMENT_3D('',#8924,#7182,#7183);
#6112=AXIS2_PLACEMENT_3D('',#8930,#7187,#7188);
#6113=AXIS2_PLACEMENT_3D('',#8934,#7191,#7192);
#6114=AXIS2_PLACEMENT_3D('',#8938,#7195,#7196);
#6115=AXIS2_PLACEMENT_3D('',#8942,#7199,#7200);
#6116=AXIS2_PLACEMENT_3D('',#8946,#7203,#7204);
#6117=AXIS2_PLACEMENT_3D('',#8948,#7206,#7207);
#6118=AXIS2_PLACEMENT_3D('',#8949,#7208,#7209);
#6119=AXIS2_PLACEMENT_3D('',#8955,#7213,#7214);
#6120=AXIS2_PLACEMENT_3D('',#8959,#7217,#7218);
#6121=AXIS2_PLACEMENT_3D('',#8963,#7221,#7222);
#6122=AXIS2_PLACEMENT_3D('',#8965,#7224,#7225);
#6123=AXIS2_PLACEMENT_3D('',#8966,#7226,#7227);
#6124=AXIS2_PLACEMENT_3D('',#8972,#7231,#7232);
#6125=AXIS2_PLACEMENT_3D('',#8976,#7235,#7236);
#6126=AXIS2_PLACEMENT_3D('',#8980,#7239,#7240);
#6127=AXIS2_PLACEMENT_3D('',#8982,#7242,#7243);
#6128=AXIS2_PLACEMENT_3D('',#8983,#7244,#7245);
#6129=AXIS2_PLACEMENT_3D('',#8989,#7249,#7250);
#6130=AXIS2_PLACEMENT_3D('',#8993,#7253,#7254);
#6131=AXIS2_PLACEMENT_3D('',#8997,#7257,#7258);
#6132=AXIS2_PLACEMENT_3D('',#8999,#7260,#7261);
#6133=AXIS2_PLACEMENT_3D('',#9000,#7262,#7263);
#6134=AXIS2_PLACEMENT_3D('',#9006,#7267,#7268);
#6135=AXIS2_PLACEMENT_3D('',#9010,#7271,#7272);
#6136=AXIS2_PLACEMENT_3D('',#9014,#7275,#7276);
#6137=AXIS2_PLACEMENT_3D('',#9016,#7278,#7279);
#6138=AXIS2_PLACEMENT_3D('',#9017,#7280,#7281);
#6139=AXIS2_PLACEMENT_3D('',#9023,#7285,#7286);
#6140=AXIS2_PLACEMENT_3D('',#9027,#7289,#7290);
#6141=AXIS2_PLACEMENT_3D('',#9031,#7293,#7294);
#6142=AXIS2_PLACEMENT_3D('',#9033,#7296,#7297);
#6143=AXIS2_PLACEMENT_3D('',#9034,#7298,#7299);
#6144=AXIS2_PLACEMENT_3D('',#9040,#7303,#7304);
#6145=AXIS2_PLACEMENT_3D('',#9044,#7307,#7308);
#6146=AXIS2_PLACEMENT_3D('',#9048,#7311,#7312);
#6147=AXIS2_PLACEMENT_3D('',#9050,#7314,#7315);
#6148=AXIS2_PLACEMENT_3D('',#9051,#7316,#7317);
#6149=AXIS2_PLACEMENT_3D('',#9057,#7321,#7322);
#6150=AXIS2_PLACEMENT_3D('',#9061,#7325,#7326);
#6151=AXIS2_PLACEMENT_3D('',#9065,#7329,#7330);
#6152=AXIS2_PLACEMENT_3D('',#9069,#7333,#7334);
#6153=AXIS2_PLACEMENT_3D('',#9073,#7337,#7338);
#6154=AXIS2_PLACEMENT_3D('',#9075,#7340,#7341);
#6155=AXIS2_PLACEMENT_3D('',#9076,#7342,#7343);
#6156=AXIS2_PLACEMENT_3D('',#9082,#7347,#7348);
#6157=AXIS2_PLACEMENT_3D('',#9086,#7351,#7352);
#6158=AXIS2_PLACEMENT_3D('',#9090,#7355,#7356);
#6159=AXIS2_PLACEMENT_3D('',#9094,#7359,#7360);
#6160=AXIS2_PLACEMENT_3D('',#9098,#7363,#7364);
#6161=AXIS2_PLACEMENT_3D('',#9102,#7367,#7368);
#6162=AXIS2_PLACEMENT_3D('',#9106,#7371,#7372);
#6163=AXIS2_PLACEMENT_3D('',#9110,#7375,#7376);
#6164=AXIS2_PLACEMENT_3D('',#9114,#7379,#7380);
#6165=AXIS2_PLACEMENT_3D('',#9118,#7383,#7384);
#6166=AXIS2_PLACEMENT_3D('',#9122,#7387,#7388);
#6167=AXIS2_PLACEMENT_3D('',#9126,#7391,#7392);
#6168=AXIS2_PLACEMENT_3D('',#9128,#7394,#7395);
#6169=AXIS2_PLACEMENT_3D('',#9129,#7396,#7397);
#6170=AXIS2_PLACEMENT_3D('',#9130,#7398,#7399);
#6171=AXIS2_PLACEMENT_3D('',#9131,#7400,#7401);
#6172=AXIS2_PLACEMENT_3D('',#9132,#7402,#7403);
#6173=AXIS2_PLACEMENT_3D('',#9135,#7404,#7405);
#6174=AXIS2_PLACEMENT_3D('',#9139,#7407,#7408);
#6175=AXIS2_PLACEMENT_3D('',#9141,#7410,#7411);
#6176=AXIS2_PLACEMENT_3D('',#9147,#7415,#7416);
#6177=AXIS2_PLACEMENT_3D('',#9151,#7418,#7419);
#6178=AXIS2_PLACEMENT_3D('',#9155,#7421,#7422);
#6179=AXIS2_PLACEMENT_3D('',#9158,#7424,#7425);
#6180=AXIS2_PLACEMENT_3D('',#9167,#7430,#7431);
#6181=AXIS2_PLACEMENT_3D('',#9170,#7433,#7434);
#6182=AXIS2_PLACEMENT_3D('',#9171,#7435,#7436);
#6183=AXIS2_PLACEMENT_3D('',#9175,#7439,#7440);
#6184=AXIS2_PLACEMENT_3D('',#9179,#7442,#7443);
#6185=AXIS2_PLACEMENT_3D('',#9181,#7445,#7446);
#6186=AXIS2_PLACEMENT_3D('',#9185,#7449,#7450);
#6187=AXIS2_PLACEMENT_3D('',#9186,#7451,#7452);
#6188=AXIS2_PLACEMENT_3D('',#9187,#7453,#7454);
#6189=AXIS2_PLACEMENT_3D('',#9189,#7455,#7456);
#6190=AXIS2_PLACEMENT_3D('',#9192,#7458,#7459);
#6191=AXIS2_PLACEMENT_3D('',#9193,#7460,#7461);
#6192=AXIS2_PLACEMENT_3D('',#9195,#7462,#7463);
#6193=AXIS2_PLACEMENT_3D('',#9198,#7465,#7466);
#6194=AXIS2_PLACEMENT_3D('',#9199,#7467,#7468);
#6195=AXIS2_PLACEMENT_3D('',#9200,#7469,#7470);
#6196=AXIS2_PLACEMENT_3D('',#9203,#7471,#7472);
#6197=AXIS2_PLACEMENT_3D('',#9207,#7474,#7475);
#6198=AXIS2_PLACEMENT_3D('',#9209,#7476,#7477);
#6199=AXIS2_PLACEMENT_3D('',#9211,#7478,#7479);
#6200=AXIS2_PLACEMENT_3D('',#9217,#7482,#7483);
#6201=AXIS2_PLACEMENT_3D('',#9221,#7485,#7486);
#6202=AXIS2_PLACEMENT_3D('',#9225,#7488,#7489);
#6203=AXIS2_PLACEMENT_3D('',#9229,#7491,#7492);
#6204=AXIS2_PLACEMENT_3D('',#9235,#7495,#7496);
#6205=AXIS2_PLACEMENT_3D('',#9236,#7497,#7498);
#6206=AXIS2_PLACEMENT_3D('',#9238,#7499,#7500);
#6207=AXIS2_PLACEMENT_3D('',#9240,#7502,#7503);
#6208=AXIS2_PLACEMENT_3D('',#9242,#7504,#7505);
#6209=AXIS2_PLACEMENT_3D('',#9245,#7507,#7508);
#6210=AXIS2_PLACEMENT_3D('',#9246,#7509,#7510);
#6211=AXIS2_PLACEMENT_3D('',#9248,#7511,#7512);
#6212=AXIS2_PLACEMENT_3D('',#9250,#7514,#7515);
#6213=AXIS2_PLACEMENT_3D('',#9251,#7516,#7517);
#6214=AXIS2_PLACEMENT_3D('',#9252,#7518,#7519);
#6215=AXIS2_PLACEMENT_3D('',#9255,#7520,#7521);
#6216=AXIS2_PLACEMENT_3D('',#9259,#7523,#7524);
#6217=AXIS2_PLACEMENT_3D('',#9260,#7525,#7526);
#6218=AXIS2_PLACEMENT_3D('',#9262,#7527,#7528);
#6219=AXIS2_PLACEMENT_3D('',#9263,#7529,#7530);
#6220=AXIS2_PLACEMENT_3D('',#9265,#7531,#7532);
#6221=AXIS2_PLACEMENT_3D('',#9267,#7534,#7535);
#6222=AXIS2_PLACEMENT_3D('',#9269,#7536,#7537);
#6223=AXIS2_PLACEMENT_3D('',#9273,#7541,#7542);
#6224=AXIS2_PLACEMENT_3D('',#9274,#7543,#7544);
#6225=AXIS2_PLACEMENT_3D('',#9278,#7546,#7547);
#6226=AXIS2_PLACEMENT_3D('',#9280,#7549,#7550);
#6227=AXIS2_PLACEMENT_3D('',#9281,#7551,#7552);
#6228=AXIS2_PLACEMENT_3D('',#9283,#7553,#7554);
#6229=AXIS2_PLACEMENT_3D('',#9287,#7556,#7557);
#6230=AXIS2_PLACEMENT_3D('',#9291,#7560,#7561);
#6231=AXIS2_PLACEMENT_3D('',#9292,#7562,#7563);
#6232=AXIS2_PLACEMENT_3D('',#9294,#7564,#7565);
#6233=AXIS2_PLACEMENT_3D('',#9297,#7567,#7568);
#6234=AXIS2_PLACEMENT_3D('',#9298,#7569,#7570);
#6235=AXIS2_PLACEMENT_3D('',#9300,#7571,#7572);
#6236=AXIS2_PLACEMENT_3D('',#9302,#7574,#7575);
#6237=AXIS2_PLACEMENT_3D('',#9303,#7576,#7577);
#6238=AXIS2_PLACEMENT_3D('',#9307,#7580,#7581);
#6239=AXIS2_PLACEMENT_3D('',#9313,#7585,#7586);
#6240=AXIS2_PLACEMENT_3D('',#9317,#7589,#7590);
#6241=AXIS2_PLACEMENT_3D('',#9320,#7592,#7593);
#6242=AXIS2_PLACEMENT_3D('',#9321,#7594,#7595);
#6243=AXIS2_PLACEMENT_3D('',#9340,#7606,#7607);
#6244=AXIS2_PLACEMENT_3D('',#9342,#7608,#7609);
#6245=AXIS2_PLACEMENT_3D('',#9344,#7611,#7612);
#6246=AXIS2_PLACEMENT_3D('',#9348,#7615,#7616);
#6247=AXIS2_PLACEMENT_3D('',#9354,#7620,#7621);
#6248=AXIS2_PLACEMENT_3D('',#9356,#7622,#7623);
#6249=AXIS2_PLACEMENT_3D('',#9358,#7625,#7626);
#6250=AXIS2_PLACEMENT_3D('',#9362,#7629,#7630);
#6251=AXIS2_PLACEMENT_3D('',#9364,#7632,#7633);
#6252=AXIS2_PLACEMENT_3D('',#9365,#7634,#7635);
#6253=AXIS2_PLACEMENT_3D('',#9366,#7636,#7637);
#6254=AXIS2_PLACEMENT_3D('',#9367,#7638,#7639);
#6255=AXIS2_PLACEMENT_3D('',#9371,#7641,#7642);
#6256=AXIS2_PLACEMENT_3D('',#9374,#7644,#7645);
#6257=AXIS2_PLACEMENT_3D('',#9375,#7646,#7647);
#6258=AXIS2_PLACEMENT_3D('',#9377,#7648,#7649);
#6259=AXIS2_PLACEMENT_3D('',#9379,#7651,#7652);
#6260=AXIS2_PLACEMENT_3D('',#9382,#7654,#7655);
#6261=AXIS2_PLACEMENT_3D('',#9383,#7656,#7657);
#6262=AXIS2_PLACEMENT_3D('',#9386,#7660,#7661);
#6263=AXIS2_PLACEMENT_3D('',#9390,#7664,#7665);
#6264=AXIS2_PLACEMENT_3D('',#9392,#7666,#7667);
#6265=AXIS2_PLACEMENT_3D('',#9394,#7669,#7670);
#6266=AXIS2_PLACEMENT_3D('',#9396,#7672,#7673);
#6267=AXIS2_PLACEMENT_3D('',#9397,#7674,#7675);
#6268=AXIS2_PLACEMENT_3D('',#9398,#7676,#7677);
#6269=AXIS2_PLACEMENT_3D('',#9399,#7678,#7679);
#6270=AXIS2_PLACEMENT_3D('',#9400,#7680,#7681);
#6271=AXIS2_PLACEMENT_3D('',#9404,#7684,#7685);
#6272=AXIS2_PLACEMENT_3D('',#9406,#7687,#7688);
#6273=AXIS2_PLACEMENT_3D('',#9407,#7689,#7690);
#6274=AXIS2_PLACEMENT_3D('',#9408,#7691,#7692);
#6275=AXIS2_PLACEMENT_3D('',#9409,#7693,#7694);
#6276=AXIS2_PLACEMENT_3D('',#9412,#7696,#7697);
#6277=AXIS2_PLACEMENT_3D('',#9413,#7698,#7699);
#6278=AXIS2_PLACEMENT_3D('',#9416,#7701,#7702);
#6279=AXIS2_PLACEMENT_3D('',#9417,#7703,#7704);
#6280=AXIS2_PLACEMENT_3D('',#9418,#7705,#7706);
#6281=AXIS2_PLACEMENT_3D('',#9419,#7707,#7708);
#6282=AXIS2_PLACEMENT_3D('',#9423,#7711,#7712);
#6283=AXIS2_PLACEMENT_3D('',#9425,#7714,#7715);
#6284=AXIS2_PLACEMENT_3D('',#9427,#7717,#7718);
#6285=AXIS2_PLACEMENT_3D('',#9428,#7719,#7720);
#6286=AXIS2_PLACEMENT_3D('',#9429,#7721,#7722);
#6287=AXIS2_PLACEMENT_3D('',#9438,#7727,#7728);
#6288=AXIS2_PLACEMENT_3D('',#9447,#7733,#7734);
#6289=AXIS2_PLACEMENT_3D('',#9450,#7737,#7738);
#6290=AXIS2_PLACEMENT_3D('',#9455,#7740,#7741);
#6291=AXIS2_PLACEMENT_3D('',#9458,#7743,#7744);
#6292=AXIS2_PLACEMENT_3D('',#9459,#7745,#7746);
#6293=AXIS2_PLACEMENT_3D('',#9463,#7748,#7749);
#6294=AXIS2_PLACEMENT_3D('',#9465,#7751,#7752);
#6295=AXIS2_PLACEMENT_3D('',#9468,#7753,#7754);
#6296=AXIS2_PLACEMENT_3D('',#9469,#7755,#7756);
#6297=AXIS2_PLACEMENT_3D('',#9470,#7757,#7758);
#6298=AXIS2_PLACEMENT_3D('',#9471,#7759,#7760);
#6299=AXIS2_PLACEMENT_3D('',#9474,#7761,#7762);
#6300=AXIS2_PLACEMENT_3D('',#9477,#7765,#7766);
#6301=AXIS2_PLACEMENT_3D('',#9480,#7767,#7768);
#6302=AXIS2_PLACEMENT_3D('',#9481,#7769,#7770);
#6303=AXIS2_PLACEMENT_3D('',#9482,#7771,#7772);
#6304=AXIS2_PLACEMENT_3D('',#9483,#7773,#7774);
#6305=AXIS2_PLACEMENT_3D('',#9486,#7777,#7778);
#6306=AXIS2_PLACEMENT_3D('',#9490,#7780,#7781);
#6307=AXIS2_PLACEMENT_3D('',#9492,#7783,#7784);
#6308=AXIS2_PLACEMENT_3D('',#9496,#7787,#7788);
#6309=AXIS2_PLACEMENT_3D('',#9501,#7792,#7793);
#6310=AXIS2_PLACEMENT_3D('',#9502,#7794,#7795);
#6311=AXIS2_PLACEMENT_3D('',#9506,#7798,#7799);
#6312=AXIS2_PLACEMENT_3D('',#9508,#7800,#7801);
#6313=AXIS2_PLACEMENT_3D('',#9510,#7803,#7804);
#6314=AXIS2_PLACEMENT_3D('',#9512,#7806,#7807);
#6315=AXIS2_PLACEMENT_3D('',#9522,#7813,#7814);
#6316=AXIS2_PLACEMENT_3D('',#9524,#7815,#7816);
#6317=AXIS2_PLACEMENT_3D('',#9526,#7817,#7818);
#6318=AXIS2_PLACEMENT_3D('',#9528,#7820,#7821);
#6319=AXIS2_PLACEMENT_3D('',#9534,#7825,#7826);
#6320=AXIS2_PLACEMENT_3D('',#9536,#7827,#7828);
#6321=AXIS2_PLACEMENT_3D('',#9538,#7829,#7830);
#6322=AXIS2_PLACEMENT_3D('',#9540,#7832,#7833);
#6323=AXIS2_PLACEMENT_3D('',#9546,#7837,#7838);
#6324=AXIS2_PLACEMENT_3D('',#9548,#7839,#7840);
#6325=AXIS2_PLACEMENT_3D('',#9550,#7841,#7842);
#6326=AXIS2_PLACEMENT_3D('',#9552,#7844,#7845);
#6327=AXIS2_PLACEMENT_3D('',#9558,#7849,#7850);
#6328=AXIS2_PLACEMENT_3D('',#9559,#7851,#7852);
#6329=AXIS2_PLACEMENT_3D('',#9560,#7853,#7854);
#6330=AXIS2_PLACEMENT_3D('',#9561,#7855,#7856);
#6331=AXIS2_PLACEMENT_3D('',#9562,#7857,#7858);
#6332=AXIS2_PLACEMENT_3D('',#9563,#7859,#7860);
#6333=AXIS2_PLACEMENT_3D('',#9566,#7861,#7862);
#6334=AXIS2_PLACEMENT_3D('',#9583,#7863,#7864);
#6335=AXIS2_PLACEMENT_3D('',#9598,#7865,#7866);
#6336=AXIS2_PLACEMENT_3D('',#9601,#7869,#7870);
#6337=AXIS2_PLACEMENT_3D('',#9605,#7872,#7873);
#6338=AXIS2_PLACEMENT_3D('',#9607,#7875,#7876);
#6339=AXIS2_PLACEMENT_3D('',#9609,#7877,#7878);
#6340=AXIS2_PLACEMENT_3D('',#9610,#7879,#7880);
#6341=AXIS2_PLACEMENT_3D('',#9612,#7881,#7882);
#6342=AXIS2_PLACEMENT_3D('',#9613,#7883,#7884);
#6343=AXIS2_PLACEMENT_3D('',#9614,#7885,#7886);
#6344=AXIS2_PLACEMENT_3D('',#9616,#7887,#7888);
#6345=AXIS2_PLACEMENT_3D('',#9618,#7890,#7891);
#6346=AXIS2_PLACEMENT_3D('',#9623,#7893,#7894);
#6347=AXIS2_PLACEMENT_3D('',#9626,#7896,#7897);
#6348=AXIS2_PLACEMENT_3D('',#9627,#7898,#7899);
#6349=AXIS2_PLACEMENT_3D('',#9631,#7901,#7902);
#6350=AXIS2_PLACEMENT_3D('',#9633,#7904,#7905);
#6351=AXIS2_PLACEMENT_3D('',#9637,#7907,#7908);
#6352=AXIS2_PLACEMENT_3D('',#9639,#7910,#7911);
#6353=AXIS2_PLACEMENT_3D('',#9642,#7914,#7915);
#6354=AXIS2_PLACEMENT_3D('',#9648,#7919,#7920);
#6355=AXIS2_PLACEMENT_3D('',#9652,#7923,#7924);
#6356=AXIS2_PLACEMENT_3D('',#9656,#7926,#7927);
#6357=AXIS2_PLACEMENT_3D('',#9657,#7928,#7929);
#6358=AXIS2_PLACEMENT_3D('',#9683,#7931,#7932);
#6359=AXIS2_PLACEMENT_3D('',#9684,#7933,#7934);
#6360=AXIS2_PLACEMENT_3D('',#9685,#7935,#7936);
#6361=AXIS2_PLACEMENT_3D('',#9689,#7939,#7940);
#6362=AXIS2_PLACEMENT_3D('',#9691,#7942,#7943);
#6363=DIRECTION('axis',(0.,0.,1.));
#6364=DIRECTION('refdir',(1.,0.,0.));
#6365=DIRECTION('center_axis',(0.,0.,1.));
#6366=DIRECTION('ref_axis',(1.,0.,0.));
#6367=DIRECTION('center_axis',(0.,0.,1.));
#6368=DIRECTION('ref_axis',(1.,0.,0.));
#6369=DIRECTION('',(0.,-1.,0.));
#6370=DIRECTION('',(1.,0.,0.));
#6371=DIRECTION('',(0.,1.,0.));
#6372=DIRECTION('',(-1.,0.,0.));
#6373=DIRECTION('center_axis',(0.,0.,1.));
#6374=DIRECTION('ref_axis',(1.,0.,0.));
#6375=DIRECTION('center_axis',(0.,0.,-1.));
#6376=DIRECTION('ref_axis',(1.,0.,0.));
#6377=DIRECTION('center_axis',(1.22464679914735E-16,-1.,0.));
#6378=DIRECTION('ref_axis',(-1.,-1.22464679914735E-16,0.));
#6379=DIRECTION('center_axis',(0.,0.,1.));
#6380=DIRECTION('ref_axis',(1.,0.,0.));
#6381=DIRECTION('center_axis',(0.,0.,-1.));
#6382=DIRECTION('ref_axis',(1.,0.,0.));
#6383=DIRECTION('center_axis',(0.,0.,-1.));
#6384=DIRECTION('ref_axis',(1.,0.,0.));
#6385=DIRECTION('center_axis',(0.,0.,-1.));
#6386=DIRECTION('ref_axis',(1.,0.,0.));
#6387=DIRECTION('center_axis',(0.,0.,-1.));
#6388=DIRECTION('ref_axis',(1.,0.,0.));
#6389=DIRECTION('',(0.,-1.,0.));
#6390=DIRECTION('',(-1.,0.,0.));
#6391=DIRECTION('',(0.,1.,0.));
#6392=DIRECTION('',(1.,0.,0.));
#6393=DIRECTION('center_axis',(0.,0.,1.));
#6394=DIRECTION('ref_axis',(1.,0.,0.));
#6395=DIRECTION('center_axis',(0.,0.,1.));
#6396=DIRECTION('ref_axis',(1.,0.,0.));
#6397=DIRECTION('',(0.,0.,1.));
#6398=DIRECTION('center_axis',(0.,0.,1.));
#6399=DIRECTION('ref_axis',(1.,0.,0.));
#6400=DIRECTION('center_axis',(0.,0.,1.));
#6401=DIRECTION('ref_axis',(1.,0.,0.));
#6402=DIRECTION('center_axis',(0.,0.,1.));
#6403=DIRECTION('ref_axis',(1.,0.,0.));
#6404=DIRECTION('',(0.,0.,1.));
#6405=DIRECTION('center_axis',(0.,0.,1.));
#6406=DIRECTION('ref_axis',(1.,0.,0.));
#6407=DIRECTION('center_axis',(0.,0.,1.));
#6408=DIRECTION('ref_axis',(1.,0.,0.));
#6409=DIRECTION('center_axis',(0.,0.,1.));
#6410=DIRECTION('ref_axis',(1.,0.,0.));
#6411=DIRECTION('',(0.,0.,1.));
#6412=DIRECTION('center_axis',(0.,0.,1.));
#6413=DIRECTION('ref_axis',(1.,0.,0.));
#6414=DIRECTION('center_axis',(0.,0.,1.));
#6415=DIRECTION('ref_axis',(1.,0.,0.));
#6416=DIRECTION('center_axis',(0.,0.,1.));
#6417=DIRECTION('ref_axis',(1.,0.,0.));
#6418=DIRECTION('',(0.,0.,1.));
#6419=DIRECTION('center_axis',(0.,0.,1.));
#6420=DIRECTION('ref_axis',(1.,0.,0.));
#6421=DIRECTION('center_axis',(0.,-1.,0.));
#6422=DIRECTION('ref_axis',(1.,0.,0.));
#6423=DIRECTION('',(0.,0.,1.));
#6424=DIRECTION('',(0.,0.,1.));
#6425=DIRECTION('center_axis',(1.,0.,0.));
#6426=DIRECTION('ref_axis',(0.,1.,0.));
#6427=DIRECTION('',(0.,0.,1.));
#6428=DIRECTION('center_axis',(0.,1.,0.));
#6429=DIRECTION('ref_axis',(-1.,0.,0.));
#6430=DIRECTION('',(0.,0.,1.));
#6431=DIRECTION('center_axis',(-1.,0.,0.));
#6432=DIRECTION('ref_axis',(0.,-1.,0.));
#6433=DIRECTION('center_axis',(-1.,0.,0.));
#6434=DIRECTION('ref_axis',(0.,1.,0.));
#6435=DIRECTION('center_axis',(-1.,-6.66133814775094E-16,0.));
#6436=DIRECTION('ref_axis',(0.,1.,0.));
#6437=DIRECTION('',(-1.,0.,0.));
#6438=DIRECTION('center_axis',(1.,6.66133814775094E-16,0.));
#6439=DIRECTION('ref_axis',(0.,1.,0.));
#6440=DIRECTION('center_axis',(0.,0.,1.));
#6441=DIRECTION('ref_axis',(0.707106781186547,-0.707106781186548,0.));
#6442=DIRECTION('center_axis',(0.,0.,-1.));
#6443=DIRECTION('ref_axis',(0.707106781186547,-0.707106781186548,0.));
#6444=DIRECTION('',(0.,0.,-1.));
#6445=DIRECTION('center_axis',(0.,0.,1.));
#6446=DIRECTION('ref_axis',(0.707106781186547,-0.707106781186548,0.));
#6447=DIRECTION('',(0.,0.,1.));
#6448=DIRECTION('center_axis',(-4.9343245538896E-16,-1.,0.));
#6449=DIRECTION('ref_axis',(-1.,4.9343245538896E-16,0.));
#6450=DIRECTION('',(1.,4.93432455388958E-16,0.));
#6451=DIRECTION('',(0.,0.,1.));
#6452=DIRECTION('',(1.,-4.9343245538896E-16,0.));
#6453=DIRECTION('',(0.,0.,1.));
#6454=DIRECTION('',(-1.,4.9343245538896E-16,0.));
#6455=DIRECTION('center_axis',(0.,0.,1.));
#6456=DIRECTION('ref_axis',(1.,0.,0.));
#6457=DIRECTION('',(0.,1.,0.));
#6458=DIRECTION('center_axis',(0.,0.,-1.));
#6459=DIRECTION('ref_axis',(0.707106781186549,0.707106781186546,0.));
#6460=DIRECTION('',(-1.,0.,0.));
#6461=DIRECTION('center_axis',(0.,0.,-1.));
#6462=DIRECTION('ref_axis',(-0.707106781186547,0.707106781186547,0.));
#6463=DIRECTION('',(0.,-1.,0.));
#6464=DIRECTION('center_axis',(0.,0.,-1.));
#6465=DIRECTION('ref_axis',(-0.707106781186548,-0.707106781186547,0.));
#6466=DIRECTION('center_axis',(0.,0.,-1.));
#6467=DIRECTION('ref_axis',(1.,0.,0.));
#6468=DIRECTION('center_axis',(0.,0.,-1.));
#6469=DIRECTION('ref_axis',(1.,0.,0.));
#6470=DIRECTION('center_axis',(0.,0.,-1.));
#6471=DIRECTION('ref_axis',(-1.,0.,0.));
#6472=DIRECTION('center_axis',(0.,0.,-1.));
#6473=DIRECTION('ref_axis',(0.774596669241485,0.632455532033674,0.));
#6474=DIRECTION('center_axis',(-2.22044604925032E-15,1.,0.));
#6475=DIRECTION('ref_axis',(0.,0.,1.));
#6476=DIRECTION('center_axis',(0.,0.,1.));
#6477=DIRECTION('ref_axis',(0.774596669241485,0.632455532033674,0.));
#6478=DIRECTION('center_axis',(0.,1.,0.));
#6479=DIRECTION('ref_axis',(0.707106781186547,0.,0.707106781186548));
#6480=DIRECTION('center_axis',(0.,1.,0.));
#6481=DIRECTION('ref_axis',(0.,0.,1.));
#6482=DIRECTION('',(0.,1.,0.));
#6483=DIRECTION('',(0.,-1.,0.));
#6484=DIRECTION('center_axis',(0.,0.,-1.));
#6485=DIRECTION('ref_axis',(-1.,0.,0.));
#6486=DIRECTION('center_axis',(0.,0.,1.));
#6487=DIRECTION('ref_axis',(0.774596669241485,-0.632455532033674,0.));
#6488=DIRECTION('center_axis',(0.,0.,-1.));
#6489=DIRECTION('ref_axis',(0.774596669241485,-0.632455532033674,0.));
#6490=DIRECTION('center_axis',(0.,0.,-1.));
#6491=DIRECTION('ref_axis',(-1.,0.,0.));
#6492=DIRECTION('center_axis',(0.,0.,-1.));
#6493=DIRECTION('ref_axis',(-0.707106781186548,-0.707106781186547,0.));
#6494=DIRECTION('center_axis',(0.,-1.,0.));
#6495=DIRECTION('ref_axis',(0.,0.,1.));
#6496=DIRECTION('center_axis',(0.,0.,1.));
#6497=DIRECTION('ref_axis',(-0.707106781186548,-0.707106781186547,0.));
#6498=DIRECTION('center_axis',(0.,-1.,0.));
#6499=DIRECTION('ref_axis',(-0.707106781186547,0.,0.707106781186548));
#6500=DIRECTION('center_axis',(0.,-1.,0.));
#6501=DIRECTION('ref_axis',(0.,0.,1.));
#6502=DIRECTION('',(0.,-1.,0.));
#6503=DIRECTION('',(0.,1.,0.));
#6504=DIRECTION('center_axis',(0.,0.,-1.));
#6505=DIRECTION('ref_axis',(-1.,0.,0.));
#6506=DIRECTION('center_axis',(0.,0.,1.));
#6507=DIRECTION('ref_axis',(-0.707106781186548,0.707106781186547,0.));
#6508=DIRECTION('center_axis',(0.,0.,-1.));
#6509=DIRECTION('ref_axis',(-0.707106781186548,0.707106781186547,0.));
#6510=DIRECTION('center_axis',(-1.,0.,0.));
#6511=DIRECTION('ref_axis',(0.,1.,0.));
#6512=DIRECTION('',(0.,0.,1.));
#6513=DIRECTION('',(0.,-0.995471922573085,0.095056043304182));
#6514=DIRECTION('',(0.,-0.0950560433041813,-0.995471922573085));
#6515=DIRECTION('',(0.,0.995471922573085,-0.0950560433041819));
#6516=DIRECTION('',(0.,0.0950560433041786,0.995471922573085));
#6517=DIRECTION('',(0.,0.,1.));
#6518=DIRECTION('',(0.,1.,0.));
#6519=DIRECTION('',(0.,0.,-1.));
#6520=DIRECTION('',(0.,-0.31570541134329,-0.948857256518895));
#6521=DIRECTION('',(0.,0.,-1.));
#6522=DIRECTION('',(0.,0.262395743899982,-0.964960348192181));
#6523=DIRECTION('',(0.,0.874672509930491,-0.48471434925314));
#6524=DIRECTION('',(0.,-0.421625557704993,-0.906770030983575));
#6525=DIRECTION('',(0.,1.,0.));
#6526=DIRECTION('',(0.,0.420888079413756,0.907112575487409));
#6527=DIRECTION('',(0.,1.,0.));
#6528=DIRECTION('',(0.,0.,-1.));
#6529=DIRECTION('',(0.,1.,0.));
#6530=DIRECTION('',(0.,0.,1.));
#6531=DIRECTION('',(0.,-1.,0.));
#6532=DIRECTION('',(0.,-0.948508795612387,-0.316750792652425));
#6533=DIRECTION('',(0.,-0.500000000000001,0.866025403784438));
#6534=DIRECTION('',(0.,-0.866025403784438,-0.500000000000001));
#6535=DIRECTION('',(0.,0.500000000000001,-0.866025403784438));
#6536=DIRECTION('',(0.,0.866025403784438,0.500000000000001));
#6537=DIRECTION('',(0.,0.928367933016072,-0.371662455660328));
#6538=DIRECTION('',(0.,0.371662455660327,0.928367933016073));
#6539=DIRECTION('',(0.,-0.928367933016073,0.371662455660327));
#6540=DIRECTION('',(0.,-0.37166245566033,-0.928367933016072));
#6541=DIRECTION('',(0.,-0.235758935509427,-0.971811568323542));
#6542=DIRECTION('',(0.,0.971811568323542,-0.235758935509425));
#6543=DIRECTION('',(0.,0.235758935509427,0.971811568323542));
#6544=DIRECTION('',(0.,-0.971811568323542,0.235758935509425));
#6545=DIRECTION('',(0.,0.75574957435426,-0.654860733945283));
#6546=DIRECTION('',(0.,0.654860733945285,0.755749574354258));
#6547=DIRECTION('',(0.,-0.755749574354257,0.654860733945287));
#6548=DIRECTION('',(0.,-0.654860733945285,-0.755749574354259));
#6549=DIRECTION('',(0.,0.841253532831182,-0.540640817455596));
#6550=DIRECTION('',(0.,0.540640817455596,0.841253532831182));
#6551=DIRECTION('',(0.,-0.841253532831181,0.540640817455598));
#6552=DIRECTION('',(0.,-0.540640817455596,-0.841253532831182));
#6553=DIRECTION('',(0.,-0.0975714240313953,0.995228525119978));
#6554=DIRECTION('',(0.,-0.297146825379915,0.954831798887447));
#6555=DIRECTION('',(0.,-0.476736695815916,0.879046143761818));
#6556=DIRECTION('',(0.,-0.63836553338349,0.769733360189106));
#6557=DIRECTION('',(0.,-0.776674884447345,0.629901677937679));
#6558=DIRECTION('',(0.,-0.878277579579652,0.478151119634481));
#6559=DIRECTION('',(0.,-0.951597140550526,0.307348144774071));
#6560=DIRECTION('',(0.,-0.99490186990281,0.100847752894609));
#6561=DIRECTION('',(0.,-1.,0.));
#6562=DIRECTION('',(0.,-0.99490186990281,-0.100847752894609));
#6563=DIRECTION('',(0.,-0.951597140550518,-0.307348144774094));
#6564=DIRECTION('',(0.,-0.877818969853971,-0.478992542911175));
#6565=DIRECTION('',(0.,-0.774231000208575,-0.632903119218123));
#6566=DIRECTION('',(0.,-0.641992563292796,-0.766710863805089));
#6567=DIRECTION('',(0.,-0.478288827396793,-0.878202594842102));
#6568=DIRECTION('',(0.,-0.297146825379959,-0.954831798887434));
#6569=DIRECTION('',(0.,-0.097571424031362,-0.995228525119981));
#6570=DIRECTION('',(0.,0.,-1.));
#6571=DIRECTION('',(0.,0.0970062159500682,-0.995283775647453));
#6572=DIRECTION('',(0.,0.296585781617434,-0.955006216808234));
#6573=DIRECTION('',(0.,0.476605674053616,-0.879117188695511));
#6574=DIRECTION('',(0.,0.635991190412893,-0.771696317029692));
#6575=DIRECTION('',(0.,0.772225007493415,-0.635349146376852));
#6576=DIRECTION('',(0.,0.879502113983638,-0.475894979484247));
#6577=DIRECTION('',(0.,0.955006216808227,-0.296585781617457));
#6578=DIRECTION('',(0.,0.995283775647448,-0.097006215950119));
#6579=DIRECTION('',(0.,1.,0.));
#6580=DIRECTION('',(0.,0.995283775647448,0.0970062159501179));
#6581=DIRECTION('',(0.,0.955006216808231,0.296585781617445));
#6582=DIRECTION('',(0.,0.879955674812087,0.475055797108092));
#6583=DIRECTION('',(0.,0.774681527508833,0.632351588071526));
#6584=DIRECTION('',(0.,0.632351588071514,0.774681527508843));
#6585=DIRECTION('',(0.,0.475055797108113,0.879955674812076));
#6586=DIRECTION('',(0.,0.296585781617443,0.955006216808231));
#6587=DIRECTION('',(0.,0.0970062159500589,0.995283775647454));
#6588=DIRECTION('',(0.,0.,1.));
#6589=DIRECTION('',(0.,1.,0.));
#6590=DIRECTION('',(0.,0.,1.));
#6591=DIRECTION('',(0.,-1.,0.));
#6592=DIRECTION('',(0.,-0.948508795612387,-0.316750792652425));
#6593=DIRECTION('',(0.,-0.31570541134329,-0.948857256518895));
#6594=DIRECTION('',(0.,0.,-1.));
#6595=DIRECTION('',(0.,0.31570541134329,-0.948857256518895));
#6596=DIRECTION('',(0.,0.948508795612387,-0.316750792652424));
#6597=DIRECTION('',(0.,1.,0.));
#6598=DIRECTION('',(0.,1.24646957640443E-16,-1.));
#6599=DIRECTION('',(0.,0.,-1.));
#6600=DIRECTION('',(0.,1.,0.));
#6601=DIRECTION('',(0.,0.,1.));
#6602=DIRECTION('',(0.,1.,0.));
#6603=DIRECTION('',(0.,0.,1.));
#6604=DIRECTION('',(0.,-1.,0.));
#6605=DIRECTION('',(0.,-0.866025403784438,0.500000000000001));
#6606=DIRECTION('',(0.,-0.5,-0.866025403784439));
#6607=DIRECTION('',(0.,0.866025403784438,-0.500000000000001));
#6608=DIRECTION('',(0.,0.5,0.866025403784439));
#6609=DIRECTION('',(0.,0.0950560433041841,-0.995471922573084));
#6610=DIRECTION('',(0.,0.995471922573085,0.0950560433041829));
#6611=DIRECTION('',(0.,-0.0950560433041868,0.995471922573084));
#6612=DIRECTION('',(0.,-0.995471922573085,-0.095056043304183));
#6613=DIRECTION('',(0.,-0.755749574354257,-0.654860733945287));
#6614=DIRECTION('',(0.,0.654860733945285,-0.755749574354258));
#6615=DIRECTION('',(0.,0.75574957435426,0.654860733945283));
#6616=DIRECTION('',(0.,-0.654860733945285,0.755749574354259));
#6617=DIRECTION('',(0.,-0.971811568323542,-0.235758935509425));
#6618=DIRECTION('',(0.,0.235758935509427,-0.971811568323542));
#6619=DIRECTION('',(0.,0.971811568323542,0.235758935509425));
#6620=DIRECTION('',(0.,-0.235758935509427,0.971811568323542));
#6621=DIRECTION('',(0.,-0.371662455660332,0.928367933016071));
#6622=DIRECTION('',(0.,-0.928367933016073,-0.371662455660327));
#6623=DIRECTION('',(0.,0.371662455660331,-0.928367933016071));
#6624=DIRECTION('',(0.,0.928367933016072,0.371662455660328));
#6625=DIRECTION('',(0.,-0.841253532831181,-0.540640817455598));
#6626=DIRECTION('',(0.,0.540640817455598,-0.841253532831181));
#6627=DIRECTION('',(0.,0.841253532831181,0.540640817455597));
#6628=DIRECTION('',(0.,-0.5406408174556,0.84125353283118));
#6629=DIRECTION('',(0.,1.,0.));
#6630=DIRECTION('',(0.,0.,1.));
#6631=DIRECTION('',(0.,-1.,0.));
#6632=DIRECTION('',(0.,0.,-1.));
#6633=DIRECTION('',(0.,1.,0.));
#6634=DIRECTION('',(0.,0.,1.));
#6635=DIRECTION('',(0.,1.,0.));
#6636=DIRECTION('',(0.,0.,1.));
#6637=DIRECTION('',(0.,-1.,0.));
#6638=DIRECTION('',(0.,-0.451122924798118,-0.892461823677401));
#6639=DIRECTION('',(0.,-0.451964793188669,0.892035776030269));
#6640=DIRECTION('',(0.,-1.,0.));
#6641=DIRECTION('',(0.,0.,-1.));
#6642=DIRECTION('',(0.,1.,0.));
#6643=DIRECTION('',(0.,0.,1.));
#6644=DIRECTION('',(0.,0.453714386811568,-0.891147156871525));
#6645=DIRECTION('',(0.,1.,0.));
#6646=DIRECTION('',(0.,0.453714386811569,0.891147156871525));
#6647=DIRECTION('',(0.,0.,-1.));
#6648=DIRECTION('center_axis',(1.,0.,0.));
#6649=DIRECTION('ref_axis',(0.,-1.,0.));
#6650=DIRECTION('center_axis',(0.,0.,-1.));
#6651=DIRECTION('ref_axis',(-0.707106781186547,0.707106781186547,0.));
#6652=DIRECTION('',(0.,0.,-1.));
#6653=DIRECTION('',(0.,0.,-1.));
#6654=DIRECTION('center_axis',(0.,0.,1.));
#6655=DIRECTION('ref_axis',(-0.707106781186547,0.707106781186547,0.));
#6656=DIRECTION('',(0.,0.,1.));
#6657=DIRECTION('center_axis',(0.,0.,-1.));
#6658=DIRECTION('ref_axis',(0.200000000000006,0.97979589711327,0.));
#6659=DIRECTION('',(0.,0.,-1.));
#6660=DIRECTION('center_axis',(0.,0.,-1.));
#6661=DIRECTION('ref_axis',(0.200000000000006,0.97979589711327,0.));
#6662=DIRECTION('center_axis',(0.,0.,1.));
#6663=DIRECTION('ref_axis',(1.,0.,0.));
#6664=DIRECTION('center_axis',(0.,0.,1.));
#6665=DIRECTION('ref_axis',(-0.707106781186548,-0.707106781186547,0.));
#6666=DIRECTION('',(0.,0.,-1.));
#6667=DIRECTION('center_axis',(0.,0.,-1.));
#6668=DIRECTION('ref_axis',(-0.707106781186548,-0.707106781186547,0.));
#6669=DIRECTION('center_axis',(-1.,0.,0.));
#6670=DIRECTION('ref_axis',(0.,-1.,0.));
#6671=DIRECTION('',(0.,0.,1.));
#6672=DIRECTION('',(0.,1.,0.));
#6673=DIRECTION('center_axis',(0.,0.,1.));
#6674=DIRECTION('ref_axis',(-0.707106781186547,0.707106781186547,0.));
#6675=DIRECTION('',(0.,0.,-1.));
#6676=DIRECTION('center_axis',(0.,0.,-1.));
#6677=DIRECTION('ref_axis',(-0.707106781186547,0.707106781186547,0.));
#6678=DIRECTION('center_axis',(-1.85037170770859E-17,1.,0.));
#6679=DIRECTION('ref_axis',(1.,1.85037170770859E-17,0.));
#6680=DIRECTION('',(1.,1.85037170770859E-17,0.));
#6681=DIRECTION('',(0.,0.,1.));
#6682=DIRECTION('',(1.,1.85037170770859E-17,0.));
#6683=DIRECTION('center_axis',(0.,0.,1.));
#6684=DIRECTION('ref_axis',(0.707106781186549,0.707106781186546,0.));
#6685=DIRECTION('',(0.,0.,-1.));
#6686=DIRECTION('center_axis',(0.,0.,1.));
#6687=DIRECTION('ref_axis',(0.707106781186549,0.707106781186546,0.));
#6688=DIRECTION('center_axis',(0.,0.493605519458394,0.86968591523619));
#6689=DIRECTION('ref_axis',(0.,-0.86968591523619,0.493605519458394));
#6690=DIRECTION('',(0.,-0.86968591523619,0.493605519458394));
#6691=DIRECTION('',(1.,0.,0.));
#6692=DIRECTION('',(0.,-0.86968591523619,0.493605519458394));
#6693=DIRECTION('',(1.,0.,0.));
#6694=DIRECTION('center_axis',(0.,0.126254279673887,0.991997911723623));
#6695=DIRECTION('ref_axis',(0.,-0.991997911723623,0.126254279673887));
#6696=DIRECTION('',(0.,-0.991997911723623,0.126254279673887));
#6697=DIRECTION('',(1.,0.,0.));
#6698=DIRECTION('',(0.,-0.991997911723623,0.126254279673887));
#6699=DIRECTION('center_axis',(0.,0.,1.));
#6700=DIRECTION('ref_axis',(0.,-1.,0.));
#6701=DIRECTION('',(0.,-1.,0.));
#6702=DIRECTION('',(1.,0.,0.));
#6703=DIRECTION('',(0.,-1.,0.));
#6704=DIRECTION('center_axis',(0.,-1.,0.));
#6705=DIRECTION('ref_axis',(0.,0.,-1.));
#6706=DIRECTION('',(0.,0.,-1.));
#6707=DIRECTION('',(1.,0.,0.));
#6708=DIRECTION('',(0.,0.,-1.));
#6709=DIRECTION('center_axis',(0.,0.,-1.));
#6710=DIRECTION('ref_axis',(0.,1.,0.));
#6711=DIRECTION('',(0.,1.,0.));
#6712=DIRECTION('',(1.,0.,0.));
#6713=DIRECTION('',(0.,1.,0.));
#6714=DIRECTION('center_axis',(0.,0.127363343710873,-0.99185612801393));
#6715=DIRECTION('ref_axis',(0.,0.99185612801393,0.127363343710873));
#6716=DIRECTION('',(0.,0.99185612801393,0.127363343710873));
#6717=DIRECTION('',(1.,0.,0.));
#6718=DIRECTION('',(0.,0.99185612801393,0.127363343710873));
#6719=DIRECTION('center_axis',(0.,0.496928044962156,-0.86779174813436));
#6720=DIRECTION('ref_axis',(0.,0.86779174813436,0.496928044962156));
#6721=DIRECTION('',(0.,0.86779174813436,0.496928044962156));
#6722=DIRECTION('',(1.,0.,0.));
#6723=DIRECTION('',(0.,0.86779174813436,0.496928044962156));
#6724=DIRECTION('center_axis',(0.,0.868153035394618,-0.496296591903582));
#6725=DIRECTION('ref_axis',(0.,0.496296591903582,0.868153035394618));
#6726=DIRECTION('',(0.,0.496296591903582,0.868153035394618));
#6727=DIRECTION('',(1.,0.,0.));
#6728=DIRECTION('',(0.,0.496296591903582,0.868153035394618));
#6729=DIRECTION('center_axis',(0.,0.991910703246216,-0.126937609815202));
#6730=DIRECTION('ref_axis',(0.,0.126937609815202,0.991910703246216));
#6731=DIRECTION('',(0.,0.126937609815202,0.991910703246216));
#6732=DIRECTION('',(1.,0.,0.));
#6733=DIRECTION('',(0.,0.126937609815202,0.991910703246216));
#6734=DIRECTION('center_axis',(0.,1.,0.));
#6735=DIRECTION('ref_axis',(0.,0.,1.));
#6736=DIRECTION('',(0.,0.,1.));
#6737=DIRECTION('',(1.,0.,0.));
#6738=DIRECTION('',(0.,0.,1.));
#6739=DIRECTION('center_axis',(0.,0.991928773618543,0.126796325134495));
#6740=DIRECTION('ref_axis',(0.,-0.126796325134495,0.991928773618543));
#6741=DIRECTION('',(0.,-0.126796325134495,0.991928773618543));
#6742=DIRECTION('',(1.,0.,0.));
#6743=DIRECTION('',(0.,-0.126796325134495,0.991928773618543));
#6744=DIRECTION('center_axis',(0.,0.869228673102407,0.494410268761308));
#6745=DIRECTION('ref_axis',(0.,-0.494410268761307,0.869228673102407));
#6746=DIRECTION('',(0.,-0.494410268761307,0.869228673102407));
#6747=DIRECTION('',(0.,-0.494410268761307,0.869228673102407));
#6748=DIRECTION('center_axis',(0.,-0.948857256518895,0.31570541134329));
#6749=DIRECTION('ref_axis',(0.,-0.31570541134329,-0.948857256518895));
#6750=DIRECTION('',(1.,0.,0.));
#6751=DIRECTION('',(0.,-0.31570541134329,-0.948857256518895));
#6752=DIRECTION('',(1.,0.,0.));
#6753=DIRECTION('center_axis',(0.,-0.316750792652425,0.948508795612387));
#6754=DIRECTION('ref_axis',(0.,-0.948508795612387,-0.316750792652425));
#6755=DIRECTION('',(1.,0.,0.));
#6756=DIRECTION('',(0.,-0.948508795612387,-0.316750792652425));
#6757=DIRECTION('center_axis',(0.,0.,1.));
#6758=DIRECTION('ref_axis',(0.,-1.,0.));
#6759=DIRECTION('',(1.,0.,0.));
#6760=DIRECTION('',(0.,-1.,0.));
#6761=DIRECTION('center_axis',(0.,1.,0.));
#6762=DIRECTION('ref_axis',(0.,0.,1.));
#6763=DIRECTION('',(1.,0.,0.));
#6764=DIRECTION('',(0.,0.,1.));
#6765=DIRECTION('center_axis',(0.,0.,-1.));
#6766=DIRECTION('ref_axis',(0.,1.,0.));
#6767=DIRECTION('',(1.,0.,0.));
#6768=DIRECTION('',(0.,1.,0.));
#6769=DIRECTION('center_axis',(0.,-1.,0.));
#6770=DIRECTION('ref_axis',(0.,0.,-1.));
#6771=DIRECTION('',(1.,0.,0.));
#6772=DIRECTION('',(0.,0.,-1.));
#6773=DIRECTION('center_axis',(0.,0.,-1.));
#6774=DIRECTION('ref_axis',(0.,1.,0.));
#6775=DIRECTION('',(1.,0.,0.));
#6776=DIRECTION('',(0.,1.,0.));
#6777=DIRECTION('center_axis',(0.,0.907112575487409,-0.420888079413755));
#6778=DIRECTION('ref_axis',(0.,0.420888079413756,0.907112575487409));
#6779=DIRECTION('',(1.,0.,0.));
#6780=DIRECTION('',(0.,0.420888079413756,0.907112575487409));
#6781=DIRECTION('center_axis',(0.,0.,-1.));
#6782=DIRECTION('ref_axis',(0.,1.,0.));
#6783=DIRECTION('',(1.,0.,0.));
#6784=DIRECTION('',(0.,1.,0.));
#6785=DIRECTION('center_axis',(0.,-0.906770030983575,0.421625557704993));
#6786=DIRECTION('ref_axis',(0.,-0.421625557704993,-0.906770030983575));
#6787=DIRECTION('',(1.,0.,0.));
#6788=DIRECTION('',(0.,-0.421625557704993,-0.906770030983575));
#6789=DIRECTION('center_axis',(0.,-0.48471434925314,-0.874672509930491));
#6790=DIRECTION('ref_axis',(0.,0.874672509930491,-0.48471434925314));
#6791=DIRECTION('',(1.,0.,0.));
#6792=DIRECTION('',(0.,0.874672509930491,-0.48471434925314));
#6793=DIRECTION('center_axis',(0.,-0.964960348192181,-0.262395743899982));
#6794=DIRECTION('ref_axis',(0.,0.262395743899982,-0.964960348192181));
#6795=DIRECTION('',(1.,0.,0.));
#6796=DIRECTION('',(0.,0.262395743899982,-0.964960348192181));
#6797=DIRECTION('center_axis',(0.,-1.,0.));
#6798=DIRECTION('ref_axis',(0.,0.,-1.));
#6799=DIRECTION('',(0.,0.,-1.));
#6800=DIRECTION('center_axis',(1.,0.,0.));
#6801=DIRECTION('ref_axis',(0.,0.,-1.));
#6802=DIRECTION('center_axis',(0.,0.866025403784438,0.500000000000001));
#6803=DIRECTION('ref_axis',(0.,-0.500000000000001,0.866025403784438));
#6804=DIRECTION('',(1.,0.,0.));
#6805=DIRECTION('',(0.,-0.500000000000001,0.866025403784438));
#6806=DIRECTION('',(1.,0.,0.));
#6807=DIRECTION('center_axis',(0.,0.500000000000001,-0.866025403784438));
#6808=DIRECTION('ref_axis',(0.,0.866025403784438,0.500000000000001));
#6809=DIRECTION('',(1.,0.,0.));
#6810=DIRECTION('',(0.,0.866025403784438,0.500000000000001));
#6811=DIRECTION('center_axis',(0.,-0.866025403784438,-0.500000000000001));
#6812=DIRECTION('ref_axis',(0.,0.500000000000001,-0.866025403784438));
#6813=DIRECTION('',(1.,0.,0.));
#6814=DIRECTION('',(0.,0.500000000000001,-0.866025403784438));
#6815=DIRECTION('center_axis',(0.,-0.500000000000001,0.866025403784438));
#6816=DIRECTION('ref_axis',(0.,-0.866025403784438,-0.500000000000001));
#6817=DIRECTION('',(0.,-0.866025403784438,-0.500000000000001));
#6818=DIRECTION('center_axis',(1.,0.,0.));
#6819=DIRECTION('ref_axis',(0.,0.,-1.));
#6820=DIRECTION('center_axis',(0.,0.995471922573085,-0.0950560433041786));
#6821=DIRECTION('ref_axis',(0.,0.0950560433041786,0.995471922573085));
#6822=DIRECTION('',(1.,0.,0.));
#6823=DIRECTION('',(0.,0.0950560433041786,0.995471922573085));
#6824=DIRECTION('',(1.,0.,0.));
#6825=DIRECTION('center_axis',(0.,-0.095056043304182,-0.995471922573085));
#6826=DIRECTION('ref_axis',(0.,0.995471922573085,-0.0950560433041819));
#6827=DIRECTION('',(1.,0.,0.));
#6828=DIRECTION('',(0.,0.995471922573085,-0.0950560433041819));
#6829=DIRECTION('center_axis',(0.,-0.995471922573085,0.0950560433041813));
#6830=DIRECTION('ref_axis',(0.,-0.0950560433041813,-0.995471922573085));
#6831=DIRECTION('',(1.,0.,0.));
#6832=DIRECTION('',(0.,-0.0950560433041813,-0.995471922573085));
#6833=DIRECTION('center_axis',(0.,0.095056043304182,0.995471922573085));
#6834=DIRECTION('ref_axis',(0.,-0.995471922573085,0.095056043304182));
#6835=DIRECTION('',(1.,0.,0.));
#6836=DIRECTION('',(0.,-0.995471922573085,0.095056043304182));
#6837=DIRECTION('center_axis',(0.,1.,4.44089209850063E-17));
#6838=DIRECTION('ref_axis',(0.,-4.44089209850063E-17,1.));
#6839=DIRECTION('',(0.,-4.44089209850063E-17,1.));
#6840=DIRECTION('center_axis',(1.,0.,0.));
#6841=DIRECTION('ref_axis',(0.,0.,-1.));
#6842=DIRECTION('center_axis',(0.,-0.371662455660328,-0.928367933016072));
#6843=DIRECTION('ref_axis',(0.,0.928367933016072,-0.371662455660328));
#6844=DIRECTION('',(1.,0.,0.));
#6845=DIRECTION('',(0.,0.928367933016072,-0.371662455660328));
#6846=DIRECTION('',(1.,0.,0.));
#6847=DIRECTION('center_axis',(0.,-0.928367933016072,0.37166245566033));
#6848=DIRECTION('ref_axis',(0.,-0.37166245566033,-0.928367933016072));
#6849=DIRECTION('',(1.,0.,0.));
#6850=DIRECTION('',(0.,-0.37166245566033,-0.928367933016072));
#6851=DIRECTION('center_axis',(0.,0.371662455660327,0.928367933016073));
#6852=DIRECTION('ref_axis',(0.,-0.928367933016073,0.371662455660327));
#6853=DIRECTION('',(1.,0.,0.));
#6854=DIRECTION('',(0.,-0.928367933016073,0.371662455660327));
#6855=DIRECTION('center_axis',(0.,0.928367933016073,-0.371662455660327));
#6856=DIRECTION('ref_axis',(0.,0.371662455660327,0.928367933016073));
#6857=DIRECTION('',(0.,0.371662455660327,0.928367933016073));
#6858=DIRECTION('center_axis',(1.,0.,0.));
#6859=DIRECTION('ref_axis',(0.,0.,-1.));
#6860=DIRECTION('center_axis',(0.,-0.971811568323542,0.235758935509427));
#6861=DIRECTION('ref_axis',(0.,-0.235758935509427,-0.971811568323542));
#6862=DIRECTION('',(1.,0.,0.));
#6863=DIRECTION('',(0.,-0.235758935509427,-0.971811568323542));
#6864=DIRECTION('',(1.,0.,0.));
#6865=DIRECTION('center_axis',(0.,0.235758935509425,0.971811568323542));
#6866=DIRECTION('ref_axis',(0.,-0.971811568323542,0.235758935509425));
#6867=DIRECTION('',(1.,0.,0.));
#6868=DIRECTION('',(0.,-0.971811568323542,0.235758935509425));
#6869=DIRECTION('center_axis',(0.,0.971811568323542,-0.235758935509427));
#6870=DIRECTION('ref_axis',(0.,0.235758935509427,0.971811568323542));
#6871=DIRECTION('',(1.,0.,0.));
#6872=DIRECTION('',(0.,0.235758935509427,0.971811568323542));
#6873=DIRECTION('center_axis',(0.,-0.235758935509425,-0.971811568323542));
#6874=DIRECTION('ref_axis',(0.,0.971811568323542,-0.235758935509425));
#6875=DIRECTION('',(0.,0.971811568323542,-0.235758935509425));
#6876=DIRECTION('center_axis',(1.,0.,0.));
#6877=DIRECTION('ref_axis',(0.,0.,-1.));
#6878=DIRECTION('center_axis',(0.,-0.654860733945283,-0.75574957435426));
#6879=DIRECTION('ref_axis',(0.,0.75574957435426,-0.654860733945283));
#6880=DIRECTION('',(1.,0.,0.));
#6881=DIRECTION('',(0.,0.75574957435426,-0.654860733945283));
#6882=DIRECTION('',(1.,0.,0.));
#6883=DIRECTION('center_axis',(0.,-0.755749574354259,0.654860733945285));
#6884=DIRECTION('ref_axis',(0.,-0.654860733945285,-0.755749574354259));
#6885=DIRECTION('',(1.,0.,0.));
#6886=DIRECTION('',(0.,-0.654860733945285,-0.755749574354259));
#6887=DIRECTION('center_axis',(0.,0.654860733945287,0.755749574354257));
#6888=DIRECTION('ref_axis',(0.,-0.755749574354257,0.654860733945287));
#6889=DIRECTION('',(1.,0.,0.));
#6890=DIRECTION('',(0.,-0.755749574354257,0.654860733945287));
#6891=DIRECTION('center_axis',(0.,0.755749574354258,-0.654860733945285));
#6892=DIRECTION('ref_axis',(0.,0.654860733945285,0.755749574354258));
#6893=DIRECTION('',(0.,0.654860733945285,0.755749574354258));
#6894=DIRECTION('center_axis',(1.,0.,0.));
#6895=DIRECTION('ref_axis',(0.,0.,-1.));
#6896=DIRECTION('center_axis',(0.,-0.540640817455596,-0.841253532831182));
#6897=DIRECTION('ref_axis',(0.,0.841253532831182,-0.540640817455596));
#6898=DIRECTION('',(1.,0.,0.));
#6899=DIRECTION('',(0.,0.841253532831182,-0.540640817455596));
#6900=DIRECTION('',(1.,0.,0.));
#6901=DIRECTION('center_axis',(0.,-0.841253532831182,0.540640817455596));
#6902=DIRECTION('ref_axis',(0.,-0.540640817455596,-0.841253532831182));
#6903=DIRECTION('',(1.,0.,0.));
#6904=DIRECTION('',(0.,-0.540640817455596,-0.841253532831182));
#6905=DIRECTION('center_axis',(0.,0.540640817455598,0.841253532831181));
#6906=DIRECTION('ref_axis',(0.,-0.841253532831181,0.540640817455598));
#6907=DIRECTION('',(1.,0.,0.));
#6908=DIRECTION('',(0.,-0.841253532831181,0.540640817455598));
#6909=DIRECTION('center_axis',(0.,0.841253532831182,-0.540640817455596));
#6910=DIRECTION('ref_axis',(0.,0.540640817455596,0.841253532831182));
#6911=DIRECTION('',(0.,0.540640817455596,0.841253532831182));
#6912=DIRECTION('center_axis',(1.,0.,0.));
#6913=DIRECTION('ref_axis',(0.,0.,-1.));
#6914=DIRECTION('center_axis',(0.,0.,-1.));
#6915=DIRECTION('ref_axis',(0.,1.,0.));
#6916=DIRECTION('',(0.,1.,0.));
#6917=DIRECTION('',(1.,0.,0.));
#6918=DIRECTION('',(0.,1.,0.));
#6919=DIRECTION('',(1.,0.,0.));
#6920=DIRECTION('center_axis',(0.,1.,0.));
#6921=DIRECTION('ref_axis',(0.,0.,1.));
#6922=DIRECTION('',(0.,0.,1.));
#6923=DIRECTION('',(1.,0.,0.));
#6924=DIRECTION('',(0.,0.,1.));
#6925=DIRECTION('center_axis',(0.,0.,1.));
#6926=DIRECTION('ref_axis',(0.,-1.,0.));
#6927=DIRECTION('',(0.,-1.,0.));
#6928=DIRECTION('',(1.,0.,0.));
#6929=DIRECTION('',(0.,-1.,0.));
#6930=DIRECTION('center_axis',(0.,-1.,0.));
#6931=DIRECTION('ref_axis',(0.,0.,-1.));
#6932=DIRECTION('',(0.,0.,-1.));
#6933=DIRECTION('',(0.,0.,-1.));
#6934=DIRECTION('center_axis',(0.,0.995228525119978,0.0975714240313953));
#6935=DIRECTION('ref_axis',(0.,-0.0975714240313953,0.995228525119978));
#6936=DIRECTION('',(1.,0.,0.));
#6937=DIRECTION('',(0.,-0.0975714240313953,0.995228525119978));
#6938=DIRECTION('',(1.,0.,0.));
#6939=DIRECTION('center_axis',(0.,1.,0.));
#6940=DIRECTION('ref_axis',(0.,0.,1.));
#6941=DIRECTION('',(1.,0.,0.));
#6942=DIRECTION('',(0.,0.,1.));
#6943=DIRECTION('center_axis',(0.,0.995283775647454,-0.0970062159500589));
#6944=DIRECTION('ref_axis',(0.,0.0970062159500589,0.995283775647454));
#6945=DIRECTION('',(1.,0.,0.));
#6946=DIRECTION('',(0.,0.0970062159500589,0.995283775647454));
#6947=DIRECTION('center_axis',(0.,0.955006216808231,-0.296585781617443));
#6948=DIRECTION('ref_axis',(0.,0.296585781617443,0.955006216808231));
#6949=DIRECTION('',(1.,0.,0.));
#6950=DIRECTION('',(0.,0.296585781617443,0.955006216808231));
#6951=DIRECTION('center_axis',(0.,0.879955674812075,-0.475055797108113));
#6952=DIRECTION('ref_axis',(0.,0.475055797108113,0.879955674812076));
#6953=DIRECTION('',(1.,0.,0.));
#6954=DIRECTION('',(0.,0.475055797108113,0.879955674812076));
#6955=DIRECTION('center_axis',(0.,0.774681527508843,-0.632351588071514));
#6956=DIRECTION('ref_axis',(0.,0.632351588071514,0.774681527508843));
#6957=DIRECTION('',(1.,0.,0.));
#6958=DIRECTION('',(0.,0.632351588071514,0.774681527508843));
#6959=DIRECTION('center_axis',(0.,0.632351588071526,-0.774681527508833));
#6960=DIRECTION('ref_axis',(0.,0.774681527508833,0.632351588071526));
#6961=DIRECTION('',(1.,0.,0.));
#6962=DIRECTION('',(0.,0.774681527508833,0.632351588071526));
#6963=DIRECTION('center_axis',(0.,0.475055797108092,-0.879955674812087));
#6964=DIRECTION('ref_axis',(0.,0.879955674812087,0.475055797108092));
#6965=DIRECTION('',(1.,0.,0.));
#6966=DIRECTION('',(0.,0.879955674812087,0.475055797108092));
#6967=DIRECTION('center_axis',(0.,0.296585781617445,-0.955006216808231));
#6968=DIRECTION('ref_axis',(0.,0.955006216808231,0.296585781617445));
#6969=DIRECTION('',(1.,0.,0.));
#6970=DIRECTION('',(0.,0.955006216808231,0.296585781617445));
#6971=DIRECTION('center_axis',(0.,0.0970062159501179,-0.995283775647448));
#6972=DIRECTION('ref_axis',(0.,0.995283775647448,0.0970062159501179));
#6973=DIRECTION('',(1.,0.,0.));
#6974=DIRECTION('',(0.,0.995283775647448,0.0970062159501179));
#6975=DIRECTION('center_axis',(0.,0.,-1.));
#6976=DIRECTION('ref_axis',(0.,1.,0.));
#6977=DIRECTION('',(1.,0.,0.));
#6978=DIRECTION('',(0.,1.,0.));
#6979=DIRECTION('center_axis',(0.,-0.097006215950119,-0.995283775647448));
#6980=DIRECTION('ref_axis',(0.,0.995283775647448,-0.097006215950119));
#6981=DIRECTION('',(1.,0.,0.));
#6982=DIRECTION('',(0.,0.995283775647448,-0.097006215950119));
#6983=DIRECTION('center_axis',(0.,-0.296585781617457,-0.955006216808227));
#6984=DIRECTION('ref_axis',(0.,0.955006216808227,-0.296585781617457));
#6985=DIRECTION('',(1.,0.,0.));
#6986=DIRECTION('',(0.,0.955006216808227,-0.296585781617457));
#6987=DIRECTION('center_axis',(0.,-0.475894979484247,-0.879502113983638));
#6988=DIRECTION('ref_axis',(0.,0.879502113983638,-0.475894979484247));
#6989=DIRECTION('',(1.,0.,0.));
#6990=DIRECTION('',(0.,0.879502113983638,-0.475894979484247));
#6991=DIRECTION('center_axis',(0.,-0.635349146376852,-0.772225007493415));
#6992=DIRECTION('ref_axis',(0.,0.772225007493415,-0.635349146376852));
#6993=DIRECTION('',(1.,0.,0.));
#6994=DIRECTION('',(0.,0.772225007493415,-0.635349146376852));
#6995=DIRECTION('center_axis',(0.,-0.771696317029692,-0.635991190412893));
#6996=DIRECTION('ref_axis',(0.,0.635991190412893,-0.771696317029692));
#6997=DIRECTION('',(1.,0.,0.));
#6998=DIRECTION('',(0.,0.635991190412893,-0.771696317029692));
#6999=DIRECTION('center_axis',(0.,-0.879117188695511,-0.476605674053616));
#7000=DIRECTION('ref_axis',(0.,0.476605674053616,-0.879117188695511));
#7001=DIRECTION('',(1.,0.,0.));
#7002=DIRECTION('',(0.,0.476605674053616,-0.879117188695511));
#7003=DIRECTION('center_axis',(0.,-0.955006216808234,-0.296585781617434));
#7004=DIRECTION('ref_axis',(0.,0.296585781617434,-0.955006216808234));
#7005=DIRECTION('',(1.,0.,0.));
#7006=DIRECTION('',(0.,0.296585781617434,-0.955006216808234));
#7007=DIRECTION('center_axis',(0.,-0.995283775647453,-0.0970062159500682));
#7008=DIRECTION('ref_axis',(0.,0.0970062159500682,-0.995283775647453));
#7009=DIRECTION('',(1.,0.,0.));
#7010=DIRECTION('',(0.,0.0970062159500682,-0.995283775647453));
#7011=DIRECTION('center_axis',(0.,-1.,0.));
#7012=DIRECTION('ref_axis',(0.,0.,-1.));
#7013=DIRECTION('',(1.,0.,0.));
#7014=DIRECTION('',(0.,0.,-1.));
#7015=DIRECTION('center_axis',(0.,-0.995228525119981,0.097571424031362));
#7016=DIRECTION('ref_axis',(0.,-0.097571424031362,-0.995228525119981));
#7017=DIRECTION('',(1.,0.,0.));
#7018=DIRECTION('',(0.,-0.097571424031362,-0.995228525119981));
#7019=DIRECTION('center_axis',(0.,-0.954831798887434,0.297146825379959));
#7020=DIRECTION('ref_axis',(0.,-0.297146825379959,-0.954831798887434));
#7021=DIRECTION('',(1.,0.,0.));
#7022=DIRECTION('',(0.,-0.297146825379959,-0.954831798887434));
#7023=DIRECTION('center_axis',(0.,-0.878202594842102,0.478288827396793));
#7024=DIRECTION('ref_axis',(0.,-0.478288827396793,-0.878202594842102));
#7025=DIRECTION('',(1.,0.,0.));
#7026=DIRECTION('',(0.,-0.478288827396793,-0.878202594842102));
#7027=DIRECTION('center_axis',(0.,-0.766710863805089,0.641992563292796));
#7028=DIRECTION('ref_axis',(0.,-0.641992563292796,-0.766710863805089));
#7029=DIRECTION('',(1.,0.,0.));
#7030=DIRECTION('',(0.,-0.641992563292796,-0.766710863805089));
#7031=DIRECTION('center_axis',(0.,-0.632903119218123,0.774231000208575));
#7032=DIRECTION('ref_axis',(0.,-0.774231000208575,-0.632903119218123));
#7033=DIRECTION('',(1.,0.,0.));
#7034=DIRECTION('',(0.,-0.774231000208575,-0.632903119218123));
#7035=DIRECTION('center_axis',(0.,-0.478992542911175,0.877818969853971));
#7036=DIRECTION('ref_axis',(0.,-0.877818969853971,-0.478992542911175));
#7037=DIRECTION('',(1.,0.,0.));
#7038=DIRECTION('',(0.,-0.877818969853971,-0.478992542911175));
#7039=DIRECTION('center_axis',(0.,-0.307348144774094,0.951597140550518));
#7040=DIRECTION('ref_axis',(0.,-0.951597140550518,-0.307348144774094));
#7041=DIRECTION('',(1.,0.,0.));
#7042=DIRECTION('',(0.,-0.951597140550518,-0.307348144774094));
#7043=DIRECTION('center_axis',(0.,-0.100847752894609,0.99490186990281));
#7044=DIRECTION('ref_axis',(0.,-0.99490186990281,-0.100847752894609));
#7045=DIRECTION('',(1.,0.,0.));
#7046=DIRECTION('',(0.,-0.99490186990281,-0.100847752894609));
#7047=DIRECTION('center_axis',(0.,0.,1.));
#7048=DIRECTION('ref_axis',(0.,-1.,0.));
#7049=DIRECTION('',(1.,0.,0.));
#7050=DIRECTION('',(0.,-1.,0.));
#7051=DIRECTION('center_axis',(0.,0.100847752894609,0.99490186990281));
#7052=DIRECTION('ref_axis',(0.,-0.99490186990281,0.100847752894609));
#7053=DIRECTION('',(1.,0.,0.));
#7054=DIRECTION('',(0.,-0.99490186990281,0.100847752894609));
#7055=DIRECTION('center_axis',(0.,0.307348144774071,0.951597140550526));
#7056=DIRECTION('ref_axis',(0.,-0.951597140550526,0.307348144774071));
#7057=DIRECTION('',(1.,0.,0.));
#7058=DIRECTION('',(0.,-0.951597140550526,0.307348144774071));
#7059=DIRECTION('center_axis',(0.,0.478151119634481,0.878277579579652));
#7060=DIRECTION('ref_axis',(0.,-0.878277579579652,0.478151119634481));
#7061=DIRECTION('',(1.,0.,0.));
#7062=DIRECTION('',(0.,-0.878277579579652,0.478151119634481));
#7063=DIRECTION('center_axis',(0.,0.629901677937679,0.776674884447345));
#7064=DIRECTION('ref_axis',(0.,-0.776674884447345,0.629901677937679));
#7065=DIRECTION('',(1.,0.,0.));
#7066=DIRECTION('',(0.,-0.776674884447345,0.629901677937679));
#7067=DIRECTION('center_axis',(0.,0.769733360189106,0.63836553338349));
#7068=DIRECTION('ref_axis',(0.,-0.63836553338349,0.769733360189106));
#7069=DIRECTION('',(1.,0.,0.));
#7070=DIRECTION('',(0.,-0.63836553338349,0.769733360189106));
#7071=DIRECTION('center_axis',(0.,0.879046143761818,0.476736695815916));
#7072=DIRECTION('ref_axis',(0.,-0.476736695815916,0.879046143761818));
#7073=DIRECTION('',(1.,0.,0.));
#7074=DIRECTION('',(0.,-0.476736695815916,0.879046143761818));
#7075=DIRECTION('center_axis',(0.,0.954831798887447,0.297146825379915));
#7076=DIRECTION('ref_axis',(0.,-0.297146825379915,0.954831798887447));
#7077=DIRECTION('',(0.,-0.297146825379915,0.954831798887447));
#7078=DIRECTION('center_axis',(1.,0.,0.));
#7079=DIRECTION('ref_axis',(0.,0.,-1.));
#7080=DIRECTION('center_axis',(0.,0.868153035394623,-0.496296591903573));
#7081=DIRECTION('ref_axis',(0.,0.496296591903573,0.868153035394623));
#7082=DIRECTION('',(0.,0.496296591903573,0.868153035394623));
#7083=DIRECTION('',(1.,0.,0.));
#7084=DIRECTION('',(0.,0.496296591903573,0.868153035394623));
#7085=DIRECTION('',(1.,0.,0.));
#7086=DIRECTION('center_axis',(0.,0.991910703246216,-0.126937609815203));
#7087=DIRECTION('ref_axis',(0.,0.126937609815203,0.991910703246216));
#7088=DIRECTION('',(0.,0.126937609815203,0.991910703246216));
#7089=DIRECTION('',(1.,0.,0.));
#7090=DIRECTION('',(0.,0.126937609815203,0.991910703246216));
#7091=DIRECTION('center_axis',(0.,1.,0.));
#7092=DIRECTION('ref_axis',(0.,0.,1.));
#7093=DIRECTION('',(0.,0.,1.));
#7094=DIRECTION('',(1.,0.,0.));
#7095=DIRECTION('',(0.,0.,1.));
#7096=DIRECTION('center_axis',(0.,0.991874380713974,0.127221118071138));
#7097=DIRECTION('ref_axis',(0.,-0.127221118071138,0.991874380713974));
#7098=DIRECTION('',(0.,-0.127221118071138,0.991874380713974));
#7099=DIRECTION('',(1.,0.,0.));
#7100=DIRECTION('',(0.,-0.127221118071138,0.991874380713974));
#7101=DIRECTION('center_axis',(0.,0.868871491493118,0.495037706917891));
#7102=DIRECTION('ref_axis',(0.,-0.495037706917891,0.868871491493118));
#7103=DIRECTION('',(0.,-0.495037706917891,0.868871491493118));
#7104=DIRECTION('',(1.,0.,0.));
#7105=DIRECTION('',(0.,-0.495037706917891,0.868871491493118));
#7106=DIRECTION('center_axis',(0.,0.493605519458356,0.869685915236211));
#7107=DIRECTION('ref_axis',(0.,-0.869685915236211,0.493605519458356));
#7108=DIRECTION('',(0.,-0.869685915236211,0.493605519458356));
#7109=DIRECTION('',(1.,0.,0.));
#7110=DIRECTION('',(0.,-0.869685915236211,0.493605519458356));
#7111=DIRECTION('center_axis',(0.,0.126254279673846,0.991997911723628));
#7112=DIRECTION('ref_axis',(0.,-0.991997911723628,0.126254279673846));
#7113=DIRECTION('',(0.,-0.991997911723628,0.126254279673846));
#7114=DIRECTION('',(1.,0.,0.));
#7115=DIRECTION('',(0.,-0.991997911723628,0.126254279673846));
#7116=DIRECTION('center_axis',(0.,0.,1.));
#7117=DIRECTION('ref_axis',(0.,-1.,0.));
#7118=DIRECTION('',(0.,-1.,0.));
#7119=DIRECTION('',(1.,0.,0.));
#7120=DIRECTION('',(0.,-1.,0.));
#7121=DIRECTION('center_axis',(0.,-1.,0.));
#7122=DIRECTION('ref_axis',(0.,0.,-1.));
#7123=DIRECTION('',(0.,0.,-1.));
#7124=DIRECTION('',(1.,0.,0.));
#7125=DIRECTION('',(0.,0.,-1.));
#7126=DIRECTION('center_axis',(0.,0.,-1.));
#7127=DIRECTION('ref_axis',(0.,1.,0.));
#7128=DIRECTION('',(0.,1.,0.));
#7129=DIRECTION('',(1.,0.,0.));
#7130=DIRECTION('',(0.,1.,0.));
#7131=DIRECTION('center_axis',(0.,0.127363343710873,-0.99185612801393));
#7132=DIRECTION('ref_axis',(0.,0.99185612801393,0.127363343710873));
#7133=DIRECTION('',(0.,0.99185612801393,0.127363343710873));
#7134=DIRECTION('',(1.,0.,0.));
#7135=DIRECTION('',(0.,0.99185612801393,0.127363343710873));
#7136=DIRECTION('center_axis',(0.,0.496928044962161,-0.867791748134358));
#7137=DIRECTION('ref_axis',(0.,0.867791748134358,0.496928044962161));
#7138=DIRECTION('',(0.,0.867791748134358,0.496928044962161));
#7139=DIRECTION('',(0.,0.867791748134358,0.496928044962161));
#7140=DIRECTION('center_axis',(0.,0.,-1.));
#7141=DIRECTION('ref_axis',(0.,1.,0.));
#7142=DIRECTION('',(1.,0.,0.));
#7143=DIRECTION('',(0.,1.,0.));
#7144=DIRECTION('',(1.,0.,0.));
#7145=DIRECTION('center_axis',(0.,-1.,-1.24646957640443E-16));
#7146=DIRECTION('ref_axis',(0.,1.24646957640443E-16,-1.));
#7147=DIRECTION('',(1.,0.,0.));
#7148=DIRECTION('',(0.,1.24646957640443E-16,-1.));
#7149=DIRECTION('center_axis',(0.,0.,-1.));
#7150=DIRECTION('ref_axis',(0.,1.,0.));
#7151=DIRECTION('',(1.,0.,0.));
#7152=DIRECTION('',(0.,1.,0.));
#7153=DIRECTION('center_axis',(0.,-0.316750792652424,-0.948508795612387));
#7154=DIRECTION('ref_axis',(0.,0.948508795612387,-0.316750792652424));
#7155=DIRECTION('',(1.,0.,0.));
#7156=DIRECTION('',(0.,0.948508795612387,-0.316750792652424));
#7157=DIRECTION('center_axis',(0.,-0.948857256518895,-0.31570541134329));
#7158=DIRECTION('ref_axis',(0.,0.31570541134329,-0.948857256518895));
#7159=DIRECTION('',(1.,0.,0.));
#7160=DIRECTION('',(0.,0.31570541134329,-0.948857256518895));
#7161=DIRECTION('center_axis',(0.,-1.,0.));
#7162=DIRECTION('ref_axis',(0.,0.,-1.));
#7163=DIRECTION('',(1.,0.,0.));
#7164=DIRECTION('',(0.,0.,-1.));
#7165=DIRECTION('center_axis',(0.,-0.948857256518895,0.31570541134329));
#7166=DIRECTION('ref_axis',(0.,-0.31570541134329,-0.948857256518895));
#7167=DIRECTION('',(1.,0.,0.));
#7168=DIRECTION('',(0.,-0.31570541134329,-0.948857256518895));
#7169=DIRECTION('center_axis',(0.,-0.316750792652425,0.948508795612387));
#7170=DIRECTION('ref_axis',(0.,-0.948508795612387,-0.316750792652425));
#7171=DIRECTION('',(1.,0.,0.));
#7172=DIRECTION('',(0.,-0.948508795612387,-0.316750792652425));
#7173=DIRECTION('center_axis',(0.,0.,1.));
#7174=DIRECTION('ref_axis',(0.,-1.,0.));
#7175=DIRECTION('',(1.,0.,0.));
#7176=DIRECTION('',(0.,-1.,0.));
#7177=DIRECTION('center_axis',(0.,1.,0.));
#7178=DIRECTION('ref_axis',(0.,0.,1.));
#7179=DIRECTION('',(0.,0.,1.));
#7180=DIRECTION('center_axis',(1.,0.,0.));
#7181=DIRECTION('ref_axis',(0.,0.,-1.));
#7182=DIRECTION('center_axis',(0.,-1.,0.));
#7183=DIRECTION('ref_axis',(0.,0.,-1.));
#7184=DIRECTION('',(1.,0.,0.));
#7185=DIRECTION('',(0.,0.,-1.));
#7186=DIRECTION('',(1.,0.,0.));
#7187=DIRECTION('center_axis',(0.,0.,1.));
#7188=DIRECTION('ref_axis',(0.,-1.,0.));
#7189=DIRECTION('',(1.,0.,0.));
#7190=DIRECTION('',(0.,-1.,0.));
#7191=DIRECTION('center_axis',(0.,1.,0.));
#7192=DIRECTION('ref_axis',(0.,0.,1.));
#7193=DIRECTION('',(1.,0.,0.));
#7194=DIRECTION('',(0.,0.,1.));
#7195=DIRECTION('center_axis',(0.,0.,-1.));
#7196=DIRECTION('ref_axis',(0.,1.,0.));
#7197=DIRECTION('',(1.,0.,0.));
#7198=DIRECTION('',(0.,1.,0.));
#7199=DIRECTION('center_axis',(0.,1.,0.));
#7200=DIRECTION('ref_axis',(0.,0.,1.));
#7201=DIRECTION('',(1.,0.,0.));
#7202=DIRECTION('',(0.,0.,1.));
#7203=DIRECTION('center_axis',(0.,0.,-1.));
#7204=DIRECTION('ref_axis',(0.,1.,0.));
#7205=DIRECTION('',(0.,1.,0.));
#7206=DIRECTION('center_axis',(1.,0.,0.));
#7207=DIRECTION('ref_axis',(0.,0.,-1.));
#7208=DIRECTION('center_axis',(0.,0.500000000000001,0.866025403784438));
#7209=DIRECTION('ref_axis',(0.,-0.866025403784438,0.500000000000001));
#7210=DIRECTION('',(1.,0.,0.));
#7211=DIRECTION('',(0.,-0.866025403784438,0.500000000000001));
#7212=DIRECTION('',(1.,0.,0.));
#7213=DIRECTION('center_axis',(0.,0.866025403784439,-0.5));
#7214=DIRECTION('ref_axis',(0.,0.5,0.866025403784439));
#7215=DIRECTION('',(1.,0.,0.));
#7216=DIRECTION('',(0.,0.5,0.866025403784439));
#7217=DIRECTION('center_axis',(0.,-0.500000000000001,-0.866025403784438));
#7218=DIRECTION('ref_axis',(0.,0.866025403784438,-0.500000000000001));
#7219=DIRECTION('',(1.,0.,0.));
#7220=DIRECTION('',(0.,0.866025403784438,-0.500000000000001));
#7221=DIRECTION('center_axis',(0.,-0.866025403784439,0.5));
#7222=DIRECTION('ref_axis',(0.,-0.5,-0.866025403784439));
#7223=DIRECTION('',(0.,-0.5,-0.866025403784439));
#7224=DIRECTION('center_axis',(1.,0.,0.));
#7225=DIRECTION('ref_axis',(0.,0.,-1.));
#7226=DIRECTION('center_axis',(0.,-0.995471922573084,-0.0950560433041841));
#7227=DIRECTION('ref_axis',(0.,0.0950560433041841,-0.995471922573084));
#7228=DIRECTION('',(1.,0.,0.));
#7229=DIRECTION('',(0.,0.0950560433041841,-0.995471922573084));
#7230=DIRECTION('',(1.,0.,0.));
#7231=DIRECTION('center_axis',(0.,-0.095056043304183,0.995471922573085));
#7232=DIRECTION('ref_axis',(0.,-0.995471922573085,-0.095056043304183));
#7233=DIRECTION('',(1.,0.,0.));
#7234=DIRECTION('',(0.,-0.995471922573085,-0.095056043304183));
#7235=DIRECTION('center_axis',(0.,0.995471922573084,0.0950560433041868));
#7236=DIRECTION('ref_axis',(0.,-0.0950560433041868,0.995471922573084));
#7237=DIRECTION('',(1.,0.,0.));
#7238=DIRECTION('',(0.,-0.0950560433041868,0.995471922573084));
#7239=DIRECTION('center_axis',(0.,0.0950560433041829,-0.995471922573085));
#7240=DIRECTION('ref_axis',(0.,0.995471922573085,0.0950560433041829));
#7241=DIRECTION('',(0.,0.995471922573085,0.0950560433041829));
#7242=DIRECTION('center_axis',(1.,0.,0.));
#7243=DIRECTION('ref_axis',(0.,0.,-1.));
#7244=DIRECTION('center_axis',(0.,-0.654860733945287,0.755749574354257));
#7245=DIRECTION('ref_axis',(0.,-0.755749574354257,-0.654860733945287));
#7246=DIRECTION('',(1.,0.,0.));
#7247=DIRECTION('',(0.,-0.755749574354257,-0.654860733945287));
#7248=DIRECTION('',(1.,0.,0.));
#7249=DIRECTION('center_axis',(0.,0.755749574354259,0.654860733945285));
#7250=DIRECTION('ref_axis',(0.,-0.654860733945285,0.755749574354259));
#7251=DIRECTION('',(1.,0.,0.));
#7252=DIRECTION('',(0.,-0.654860733945285,0.755749574354259));
#7253=DIRECTION('center_axis',(0.,0.654860733945283,-0.75574957435426));
#7254=DIRECTION('ref_axis',(0.,0.75574957435426,0.654860733945283));
#7255=DIRECTION('',(1.,0.,0.));
#7256=DIRECTION('',(0.,0.75574957435426,0.654860733945283));
#7257=DIRECTION('center_axis',(0.,-0.755749574354258,-0.654860733945285));
#7258=DIRECTION('ref_axis',(0.,0.654860733945285,-0.755749574354258));
#7259=DIRECTION('',(0.,0.654860733945285,-0.755749574354258));
#7260=DIRECTION('center_axis',(1.,0.,0.));
#7261=DIRECTION('ref_axis',(0.,0.,-1.));
#7262=DIRECTION('center_axis',(0.,-0.235758935509425,0.971811568323542));
#7263=DIRECTION('ref_axis',(0.,-0.971811568323542,-0.235758935509425));
#7264=DIRECTION('',(1.,0.,0.));
#7265=DIRECTION('',(0.,-0.971811568323542,-0.235758935509425));
#7266=DIRECTION('',(1.,0.,0.));
#7267=DIRECTION('center_axis',(0.,0.971811568323542,0.235758935509427));
#7268=DIRECTION('ref_axis',(0.,-0.235758935509427,0.971811568323542));
#7269=DIRECTION('',(1.,0.,0.));
#7270=DIRECTION('',(0.,-0.235758935509427,0.971811568323542));
#7271=DIRECTION('center_axis',(0.,0.235758935509425,-0.971811568323542));
#7272=DIRECTION('ref_axis',(0.,0.971811568323542,0.235758935509425));
#7273=DIRECTION('',(1.,0.,0.));
#7274=DIRECTION('',(0.,0.971811568323542,0.235758935509425));
#7275=DIRECTION('center_axis',(0.,-0.971811568323542,-0.235758935509427));
#7276=DIRECTION('ref_axis',(0.,0.235758935509427,-0.971811568323542));
#7277=DIRECTION('',(0.,0.235758935509427,-0.971811568323542));
#7278=DIRECTION('center_axis',(1.,0.,0.));
#7279=DIRECTION('ref_axis',(0.,0.,-1.));
#7280=DIRECTION('center_axis',(0.,0.928367933016071,0.371662455660332));
#7281=DIRECTION('ref_axis',(0.,-0.371662455660332,0.928367933016071));
#7282=DIRECTION('',(1.,0.,0.));
#7283=DIRECTION('',(0.,-0.371662455660332,0.928367933016071));
#7284=DIRECTION('',(1.,0.,0.));
#7285=DIRECTION('center_axis',(0.,0.371662455660328,-0.928367933016072));
#7286=DIRECTION('ref_axis',(0.,0.928367933016072,0.371662455660328));
#7287=DIRECTION('',(1.,0.,0.));
#7288=DIRECTION('',(0.,0.928367933016072,0.371662455660328));
#7289=DIRECTION('center_axis',(0.,-0.928367933016071,-0.371662455660331));
#7290=DIRECTION('ref_axis',(0.,0.371662455660331,-0.928367933016071));
#7291=DIRECTION('',(1.,0.,0.));
#7292=DIRECTION('',(0.,0.371662455660331,-0.928367933016071));
#7293=DIRECTION('center_axis',(0.,-0.371662455660327,0.928367933016073));
#7294=DIRECTION('ref_axis',(0.,-0.928367933016073,-0.371662455660327));
#7295=DIRECTION('',(0.,-0.928367933016073,-0.371662455660327));
#7296=DIRECTION('center_axis',(1.,0.,0.));
#7297=DIRECTION('ref_axis',(0.,0.,-1.));
#7298=DIRECTION('center_axis',(0.,-0.540640817455598,0.841253532831181));
#7299=DIRECTION('ref_axis',(0.,-0.841253532831181,-0.540640817455598));
#7300=DIRECTION('',(1.,0.,0.));
#7301=DIRECTION('',(0.,-0.841253532831181,-0.540640817455598));
#7302=DIRECTION('',(1.,0.,0.));
#7303=DIRECTION('center_axis',(0.,0.84125353283118,0.5406408174556));
#7304=DIRECTION('ref_axis',(0.,-0.5406408174556,0.84125353283118));
#7305=DIRECTION('',(1.,0.,0.));
#7306=DIRECTION('',(0.,-0.5406408174556,0.84125353283118));
#7307=DIRECTION('center_axis',(0.,0.540640817455597,-0.841253532831181));
#7308=DIRECTION('ref_axis',(0.,0.841253532831181,0.540640817455597));
#7309=DIRECTION('',(1.,0.,0.));
#7310=DIRECTION('',(0.,0.841253532831181,0.540640817455597));
#7311=DIRECTION('center_axis',(0.,-0.841253532831181,-0.540640817455598));
#7312=DIRECTION('ref_axis',(0.,0.540640817455598,-0.841253532831181));
#7313=DIRECTION('',(0.,0.540640817455598,-0.841253532831181));
#7314=DIRECTION('center_axis',(1.,0.,0.));
#7315=DIRECTION('ref_axis',(0.,0.,-1.));
#7316=DIRECTION('center_axis',(0.,0.,-1.));
#7317=DIRECTION('ref_axis',(0.,1.,0.));
#7318=DIRECTION('',(1.,0.,0.));
#7319=DIRECTION('',(0.,1.,0.));
#7320=DIRECTION('',(1.,0.,0.));
#7321=DIRECTION('center_axis',(0.,1.,0.));
#7322=DIRECTION('ref_axis',(0.,0.,1.));
#7323=DIRECTION('',(1.,0.,0.));
#7324=DIRECTION('',(0.,0.,1.));
#7325=DIRECTION('center_axis',(0.,0.,-1.));
#7326=DIRECTION('ref_axis',(0.,1.,0.));
#7327=DIRECTION('',(1.,0.,0.));
#7328=DIRECTION('',(0.,1.,0.));
#7329=DIRECTION('center_axis',(0.,-1.,0.));
#7330=DIRECTION('ref_axis',(0.,0.,-1.));
#7331=DIRECTION('',(1.,0.,0.));
#7332=DIRECTION('',(0.,0.,-1.));
#7333=DIRECTION('center_axis',(0.,0.,1.));
#7334=DIRECTION('ref_axis',(0.,-1.,0.));
#7335=DIRECTION('',(1.,0.,0.));
#7336=DIRECTION('',(0.,-1.,0.));
#7337=DIRECTION('center_axis',(0.,1.,0.));
#7338=DIRECTION('ref_axis',(0.,0.,1.));
#7339=DIRECTION('',(0.,0.,1.));
#7340=DIRECTION('center_axis',(1.,0.,0.));
#7341=DIRECTION('ref_axis',(0.,0.,-1.));
#7342=DIRECTION('center_axis',(0.,0.,-1.));
#7343=DIRECTION('ref_axis',(0.,1.,0.));
#7344=DIRECTION('',(1.,0.,0.));
#7345=DIRECTION('',(0.,1.,0.));
#7346=DIRECTION('',(1.,0.,0.));
#7347=DIRECTION('center_axis',(0.,-1.,0.));
#7348=DIRECTION('ref_axis',(0.,0.,-1.));
#7349=DIRECTION('',(1.,0.,0.));
#7350=DIRECTION('',(0.,0.,-1.));
#7351=DIRECTION('center_axis',(0.,0.891147156871525,-0.453714386811569));
#7352=DIRECTION('ref_axis',(0.,0.453714386811569,0.891147156871525));
#7353=DIRECTION('',(1.,0.,0.));
#7354=DIRECTION('',(0.,0.453714386811569,0.891147156871525));
#7355=DIRECTION('center_axis',(0.,0.,-1.));
#7356=DIRECTION('ref_axis',(0.,1.,0.));
#7357=DIRECTION('',(1.,0.,0.));
#7358=DIRECTION('',(0.,1.,0.));
#7359=DIRECTION('center_axis',(0.,-0.891147156871525,-0.453714386811568));
#7360=DIRECTION('ref_axis',(0.,0.453714386811568,-0.891147156871525));
#7361=DIRECTION('',(1.,0.,0.));
#7362=DIRECTION('',(0.,0.453714386811568,-0.891147156871525));
#7363=DIRECTION('center_axis',(0.,1.,0.));
#7364=DIRECTION('ref_axis',(0.,0.,1.));
#7365=DIRECTION('',(1.,0.,0.));
#7366=DIRECTION('',(0.,0.,1.));
#7367=DIRECTION('center_axis',(0.,0.,-1.));
#7368=DIRECTION('ref_axis',(0.,1.,0.));
#7369=DIRECTION('',(1.,0.,0.));
#7370=DIRECTION('',(0.,1.,0.));
#7371=DIRECTION('center_axis',(0.,-1.,0.));
#7372=DIRECTION('ref_axis',(0.,0.,-1.));
#7373=DIRECTION('',(1.,0.,0.));
#7374=DIRECTION('',(0.,0.,-1.));
#7375=DIRECTION('center_axis',(0.,0.,1.));
#7376=DIRECTION('ref_axis',(0.,-1.,0.));
#7377=DIRECTION('',(1.,0.,0.));
#7378=DIRECTION('',(0.,-1.,0.));
#7379=DIRECTION('center_axis',(0.,0.892035776030269,0.451964793188669));
#7380=DIRECTION('ref_axis',(0.,-0.451964793188669,0.892035776030269));
#7381=DIRECTION('',(1.,0.,0.));
#7382=DIRECTION('',(0.,-0.451964793188669,0.892035776030269));
#7383=DIRECTION('center_axis',(0.,-0.892461823677401,0.451122924798118));
#7384=DIRECTION('ref_axis',(0.,-0.451122924798118,-0.892461823677401));
#7385=DIRECTION('',(1.,0.,0.));
#7386=DIRECTION('',(0.,-0.451122924798118,-0.892461823677401));
#7387=DIRECTION('center_axis',(0.,0.,1.));
#7388=DIRECTION('ref_axis',(0.,-1.,0.));
#7389=DIRECTION('',(1.,0.,0.));
#7390=DIRECTION('',(0.,-1.,0.));
#7391=DIRECTION('center_axis',(0.,1.,0.));
#7392=DIRECTION('ref_axis',(0.,0.,1.));
#7393=DIRECTION('',(0.,0.,1.));
#7394=DIRECTION('center_axis',(1.,0.,0.));
#7395=DIRECTION('ref_axis',(0.,0.,-1.));
#7396=DIRECTION('center_axis',(-1.,0.,0.));
#7397=DIRECTION('ref_axis',(0.,1.,0.));
#7398=DIRECTION('center_axis',(-1.,0.,0.));
#7399=DIRECTION('ref_axis',(0.,1.,0.));
#7400=DIRECTION('center_axis',(-1.,0.,0.));
#7401=DIRECTION('ref_axis',(0.,1.,0.));
#7402=DIRECTION('center_axis',(0.,0.,-1.));
#7403=DIRECTION('ref_axis',(0.707106781186548,-0.707106781186547,0.));
#7404=DIRECTION('center_axis',(0.,0.,1.));
#7405=DIRECTION('ref_axis',(0.707106781186548,-0.707106781186547,0.));
#7406=DIRECTION('',(0.,0.,1.));
#7407=DIRECTION('center_axis',(0.,0.,1.));
#7408=DIRECTION('ref_axis',(0.707106781186548,-0.707106781186547,0.));
#7409=DIRECTION('',(0.,0.,-1.));
#7410=DIRECTION('center_axis',(-1.,0.,0.));
#7411=DIRECTION('ref_axis',(0.,1.,0.));
#7412=DIRECTION('',(0.,1.,0.));
#7413=DIRECTION('',(0.,0.,-1.));
#7414=DIRECTION('',(0.,1.,0.));
#7415=DIRECTION('center_axis',(0.,0.,1.));
#7416=DIRECTION('ref_axis',(1.,0.,0.));
#7417=DIRECTION('',(1.,3.70074341541718E-16,0.));
#7418=DIRECTION('center_axis',(0.,0.,1.));
#7419=DIRECTION('ref_axis',(-0.707106781186547,-0.707106781186548,0.));
#7420=DIRECTION('',(0.,-1.,0.));
#7421=DIRECTION('center_axis',(0.,0.,1.));
#7422=DIRECTION('ref_axis',(-0.707106781186547,0.707106781186548,0.));
#7423=DIRECTION('',(-1.,7.40148683083437E-16,0.));
#7424=DIRECTION('center_axis',(0.,0.,1.));
#7425=DIRECTION('ref_axis',(0.707106781186548,0.707106781186547,0.));
#7426=DIRECTION('',(-1.,-3.70074341541718E-16,0.));
#7427=DIRECTION('',(0.,-1.,0.));
#7428=DIRECTION('',(1.,-7.40148683083437E-16,0.));
#7429=DIRECTION('',(0.,1.,0.));
#7430=DIRECTION('center_axis',(0.,0.,-1.));
#7431=DIRECTION('ref_axis',(0.707106781186548,0.707106781186547,0.));
#7432=DIRECTION('',(0.,0.,1.));
#7433=DIRECTION('center_axis',(0.,0.,1.));
#7434=DIRECTION('ref_axis',(0.707106781186548,0.707106781186547,0.));
#7435=DIRECTION('center_axis',(-7.40148683083437E-16,-1.,0.));
#7436=DIRECTION('ref_axis',(-1.,7.40148683083437E-16,0.));
#7437=DIRECTION('',(0.,0.,-1.));
#7438=DIRECTION('',(-1.,7.40148683083437E-16,0.));
#7439=DIRECTION('center_axis',(0.,0.,-1.));
#7440=DIRECTION('ref_axis',(-0.707106781186547,-0.707106781186548,0.));
#7441=DIRECTION('',(0.,0.,1.));
#7442=DIRECTION('center_axis',(0.,0.,1.));
#7443=DIRECTION('ref_axis',(-0.707106781186547,-0.707106781186548,0.));
#7444=DIRECTION('',(0.,0.,-1.));
#7445=DIRECTION('center_axis',(1.,0.,0.));
#7446=DIRECTION('ref_axis',(0.,-1.,0.));
#7447=DIRECTION('',(0.,-1.,0.));
#7448=DIRECTION('',(0.,0.,1.));
#7449=DIRECTION('center_axis',(0.,0.,-1.));
#7450=DIRECTION('ref_axis',(-0.707106781186547,0.707106781186548,0.));
#7451=DIRECTION('center_axis',(0.,0.,1.));
#7452=DIRECTION('ref_axis',(-0.707106781186547,0.707106781186548,0.));
#7453=DIRECTION('center_axis',(0.,0.,-1.));
#7454=DIRECTION('ref_axis',(1.,0.,0.));
#7455=DIRECTION('center_axis',(0.,0.,1.));
#7456=DIRECTION('ref_axis',(1.,0.,0.));
#7457=DIRECTION('',(0.,0.,1.));
#7458=DIRECTION('center_axis',(0.,0.,-1.));
#7459=DIRECTION('ref_axis',(1.,0.,0.));
#7460=DIRECTION('center_axis',(0.,0.,-1.));
#7461=DIRECTION('ref_axis',(1.,0.,0.));
#7462=DIRECTION('center_axis',(0.,0.,-1.));
#7463=DIRECTION('ref_axis',(1.,0.,0.));
#7464=DIRECTION('',(0.,0.,1.));
#7465=DIRECTION('center_axis',(0.,0.,1.));
#7466=DIRECTION('ref_axis',(1.,0.,0.));
#7467=DIRECTION('center_axis',(0.,0.,1.));
#7468=DIRECTION('ref_axis',(1.,0.,0.));
#7469=DIRECTION('center_axis',(0.,0.,1.));
#7470=DIRECTION('ref_axis',(1.,0.,0.));
#7471=DIRECTION('center_axis',(0.,0.,1.));
#7472=DIRECTION('ref_axis',(1.,0.,0.));
#7473=DIRECTION('',(0.,-1.,0.));
#7474=DIRECTION('center_axis',(0.,0.,1.));
#7475=DIRECTION('ref_axis',(1.,0.,0.));
#7476=DIRECTION('center_axis',(0.,0.,-1.));
#7477=DIRECTION('ref_axis',(0.200000000000006,0.97979589711327,0.));
#7478=DIRECTION('center_axis',(0.,0.,-1.));
#7479=DIRECTION('ref_axis',(-0.707106781186548,0.707106781186548,0.));
#7480=DIRECTION('',(1.,1.85037170770859E-17,0.));
#7481=DIRECTION('',(0.,1.,0.));
#7482=DIRECTION('center_axis',(0.,0.,1.));
#7483=DIRECTION('ref_axis',(1.,0.,0.));
#7484=DIRECTION('',(-6.66133814775094E-16,1.,0.));
#7485=DIRECTION('center_axis',(0.,0.,1.));
#7486=DIRECTION('ref_axis',(1.,0.,0.));
#7487=DIRECTION('',(0.,1.,0.));
#7488=DIRECTION('center_axis',(0.,0.,1.));
#7489=DIRECTION('ref_axis',(1.,0.,0.));
#7490=DIRECTION('',(-6.66133814775094E-16,1.,0.));
#7491=DIRECTION('center_axis',(0.,0.,1.));
#7492=DIRECTION('ref_axis',(1.,0.,0.));
#7493=DIRECTION('',(0.,1.,0.));
#7494=DIRECTION('',(-1.,4.9343245538896E-16,0.));
#7495=DIRECTION('center_axis',(0.,0.,1.));
#7496=DIRECTION('ref_axis',(-0.707106781186548,-0.707106781186548,0.));
#7497=DIRECTION('center_axis',(0.,0.,-1.));
#7498=DIRECTION('ref_axis',(0.200000000000006,-0.97979589711327,0.));
#7499=DIRECTION('center_axis',(0.,0.,1.));
#7500=DIRECTION('ref_axis',(1.,0.,0.));
#7501=DIRECTION('',(1.,3.70074341541718E-16,0.));
#7502=DIRECTION('center_axis',(0.,0.,-1.));
#7503=DIRECTION('ref_axis',(1.,0.,0.));
#7504=DIRECTION('center_axis',(0.,0.,1.));
#7505=DIRECTION('ref_axis',(1.,0.,0.));
#7506=DIRECTION('',(0.,0.,1.));
#7507=DIRECTION('center_axis',(0.,0.,-1.));
#7508=DIRECTION('ref_axis',(1.,0.,0.));
#7509=DIRECTION('center_axis',(0.,0.,-1.));
#7510=DIRECTION('ref_axis',(1.,0.,0.));
#7511=DIRECTION('center_axis',(0.,0.,-1.));
#7512=DIRECTION('ref_axis',(1.,0.,0.));
#7513=DIRECTION('',(0.,0.,1.));
#7514=DIRECTION('center_axis',(0.,0.,1.));
#7515=DIRECTION('ref_axis',(1.,0.,0.));
#7516=DIRECTION('center_axis',(0.,0.,1.));
#7517=DIRECTION('ref_axis',(1.,0.,0.));
#7518=DIRECTION('center_axis',(0.,0.,1.));
#7519=DIRECTION('ref_axis',(1.,0.,0.));
#7520=DIRECTION('center_axis',(0.,0.,-1.));
#7521=DIRECTION('ref_axis',(0.200000000000006,-0.97979589711327,0.));
#7522=DIRECTION('',(0.,-1.,0.));
#7523=DIRECTION('center_axis',(0.,0.,1.));
#7524=DIRECTION('ref_axis',(1.,0.,0.));
#7525=DIRECTION('center_axis',(0.,0.,1.));
#7526=DIRECTION('ref_axis',(1.,0.,0.));
#7527=DIRECTION('center_axis',(0.,0.,-1.));
#7528=DIRECTION('ref_axis',(1.,0.,0.));
#7529=DIRECTION('center_axis',(0.,0.,-1.));
#7530=DIRECTION('ref_axis',(1.,0.,0.));
#7531=DIRECTION('center_axis',(0.,0.,1.));
#7532=DIRECTION('ref_axis',(1.,0.,0.));
#7533=DIRECTION('',(0.,0.,1.));
#7534=DIRECTION('center_axis',(0.,0.,-1.));
#7535=DIRECTION('ref_axis',(1.,0.,0.));
#7536=DIRECTION('center_axis',(0.,0.,-1.));
#7537=DIRECTION('ref_axis',(1.,0.,0.));
#7538=DIRECTION('',(0.,0.,1.));
#7539=DIRECTION('',(0.,0.,1.));
#7540=DIRECTION('',(0.,0.,-1.));
#7541=DIRECTION('center_axis',(0.,0.,1.));
#7542=DIRECTION('ref_axis',(1.,0.,0.));
#7543=DIRECTION('center_axis',(0.,0.,1.));
#7544=DIRECTION('ref_axis',(0.200000000000006,-0.97979589711327,0.));
#7545=DIRECTION('',(0.,0.,-1.));
#7546=DIRECTION('center_axis',(0.,0.,1.));
#7547=DIRECTION('ref_axis',(0.200000000000006,-0.97979589711327,0.));
#7548=DIRECTION('',(0.,0.,1.));
#7549=DIRECTION('center_axis',(0.,0.,1.));
#7550=DIRECTION('ref_axis',(1.,0.,0.));
#7551=DIRECTION('center_axis',(0.,0.,-1.));
#7552=DIRECTION('ref_axis',(1.,0.,0.));
#7553=DIRECTION('center_axis',(0.,0.,-1.));
#7554=DIRECTION('ref_axis',(1.,0.,0.));
#7555=DIRECTION('',(0.,0.,1.));
#7556=DIRECTION('center_axis',(0.,0.,1.));
#7557=DIRECTION('ref_axis',(1.,0.,0.));
#7558=DIRECTION('',(0.,0.,1.));
#7559=DIRECTION('',(0.,0.,-1.));
#7560=DIRECTION('center_axis',(0.,0.,1.));
#7561=DIRECTION('ref_axis',(1.,0.,0.));
#7562=DIRECTION('center_axis',(0.,0.,-1.));
#7563=DIRECTION('ref_axis',(1.,0.,0.));
#7564=DIRECTION('center_axis',(0.,0.,1.));
#7565=DIRECTION('ref_axis',(1.,0.,0.));
#7566=DIRECTION('',(0.,0.,1.));
#7567=DIRECTION('center_axis',(0.,0.,-1.));
#7568=DIRECTION('ref_axis',(1.,0.,0.));
#7569=DIRECTION('center_axis',(0.,0.,1.));
#7570=DIRECTION('ref_axis',(1.,0.,0.));
#7571=DIRECTION('center_axis',(0.,0.,-1.));
#7572=DIRECTION('ref_axis',(0.200000000000006,0.97979589711327,0.));
#7573=DIRECTION('',(0.,-1.,0.));
#7574=DIRECTION('center_axis',(0.,0.,1.));
#7575=DIRECTION('ref_axis',(1.,0.,0.));
#7576=DIRECTION('center_axis',(1.,0.,0.));
#7577=DIRECTION('ref_axis',(0.,1.,0.));
#7578=DIRECTION('',(0.,-1.,0.));
#7579=DIRECTION('',(0.,0.,-1.));
#7580=DIRECTION('center_axis',(1.,0.,0.));
#7581=DIRECTION('ref_axis',(0.,-1.,0.));
#7582=DIRECTION('',(0.,0.,-1.));
#7583=DIRECTION('',(0.,1.,0.));
#7584=DIRECTION('',(0.,0.,-1.));
#7585=DIRECTION('center_axis',(-7.40148683083437E-16,-1.,0.));
#7586=DIRECTION('ref_axis',(-1.,7.40148683083437E-16,0.));
#7587=DIRECTION('',(0.,0.,-1.));
#7588=DIRECTION('',(1.,-7.40148683083437E-16,0.));
#7589=DIRECTION('center_axis',(1.,0.,0.));
#7590=DIRECTION('ref_axis',(0.,-1.,0.));
#7591=DIRECTION('',(1.,0.,0.));
#7592=DIRECTION('center_axis',(-1.,0.,0.));
#7593=DIRECTION('ref_axis',(0.,-1.,0.));
#7594=DIRECTION('center_axis',(1.,6.66133814775094E-16,0.));
#7595=DIRECTION('ref_axis',(6.66133814775094E-16,-1.,0.));
#7596=DIRECTION('',(0.,0.,1.));
#7597=DIRECTION('',(-6.66133814775094E-16,1.,0.));
#7598=DIRECTION('',(0.,0.,-1.));
#7599=DIRECTION('',(0.,0.,1.));
#7600=DIRECTION('',(-6.66133814775094E-16,1.,0.));
#7601=DIRECTION('',(0.,0.,-1.));
#7602=DIRECTION('',(-6.66133814775094E-16,1.,0.));
#7603=DIRECTION('',(0.,0.,1.));
#7604=DIRECTION('',(-6.66133814775094E-16,1.,0.));
#7605=DIRECTION('',(0.,0.,-1.));
#7606=DIRECTION('center_axis',(0.,0.,1.));
#7607=DIRECTION('ref_axis',(1.,0.,0.));
#7608=DIRECTION('center_axis',(0.,0.,1.));
#7609=DIRECTION('ref_axis',(1.,0.,0.));
#7610=DIRECTION('',(0.,0.,1.));
#7611=DIRECTION('center_axis',(-1.,0.,0.));
#7612=DIRECTION('ref_axis',(0.,-1.,0.));
#7613=DIRECTION('',(0.,1.,0.));
#7614=DIRECTION('',(0.,0.,-1.));
#7615=DIRECTION('center_axis',(-1.,0.,0.));
#7616=DIRECTION('ref_axis',(0.,-1.,0.));
#7617=DIRECTION('',(0.,0.,-1.));
#7618=DIRECTION('',(0.,0.,1.));
#7619=DIRECTION('',(0.,1.,0.));
#7620=DIRECTION('center_axis',(0.,0.,1.));
#7621=DIRECTION('ref_axis',(1.,0.,0.));
#7622=DIRECTION('center_axis',(0.,0.,1.));
#7623=DIRECTION('ref_axis',(1.,0.,0.));
#7624=DIRECTION('',(0.,0.,1.));
#7625=DIRECTION('center_axis',(-1.,0.,0.));
#7626=DIRECTION('ref_axis',(0.,-1.,0.));
#7627=DIRECTION('',(0.,1.,0.));
#7628=DIRECTION('',(0.,0.,-1.));
#7629=DIRECTION('center_axis',(0.,0.,1.));
#7630=DIRECTION('ref_axis',(1.,0.,0.));
#7631=DIRECTION('',(1.,1.85037170770859E-17,0.));
#7632=DIRECTION('center_axis',(0.,0.,1.));
#7633=DIRECTION('ref_axis',(1.,0.,0.));
#7634=DIRECTION('center_axis',(0.,0.,1.));
#7635=DIRECTION('ref_axis',(1.,0.,0.));
#7636=DIRECTION('center_axis',(0.,0.,1.));
#7637=DIRECTION('ref_axis',(1.,0.,0.));
#7638=DIRECTION('center_axis',(0.,0.,1.));
#7639=DIRECTION('ref_axis',(-0.707106781186548,-0.707106781186548,0.));
#7640=DIRECTION('',(0.,0.,1.));
#7641=DIRECTION('center_axis',(0.,0.,1.));
#7642=DIRECTION('ref_axis',(-0.707106781186548,-0.707106781186548,0.));
#7643=DIRECTION('',(0.,0.,-1.));
#7644=DIRECTION('center_axis',(0.,0.,1.));
#7645=DIRECTION('ref_axis',(-0.707106781186548,-0.707106781186548,0.));
#7646=DIRECTION('center_axis',(0.,0.,-1.));
#7647=DIRECTION('ref_axis',(0.200000000000006,0.97979589711327,0.));
#7648=DIRECTION('center_axis',(0.,0.,-1.));
#7649=DIRECTION('ref_axis',(0.200000000000006,0.97979589711327,0.));
#7650=DIRECTION('',(0.,0.,1.));
#7651=DIRECTION('center_axis',(0.,0.,1.));
#7652=DIRECTION('ref_axis',(1.,0.,0.));
#7653=DIRECTION('',(0.,-1.,0.));
#7654=DIRECTION('center_axis',(0.,0.,1.));
#7655=DIRECTION('ref_axis',(-0.707106781186548,0.707106781186548,0.));
#7656=DIRECTION('center_axis',(-4.9343245538896E-16,-1.,0.));
#7657=DIRECTION('ref_axis',(-1.,4.9343245538896E-16,0.));
#7658=DIRECTION('',(-1.,4.9343245538896E-16,0.));
#7659=DIRECTION('',(1.,-4.9343245538896E-16,0.));
#7660=DIRECTION('center_axis',(-1.,0.,0.));
#7661=DIRECTION('ref_axis',(0.,1.,0.));
#7662=DIRECTION('',(0.,-1.,0.));
#7663=DIRECTION('',(0.,0.,1.));
#7664=DIRECTION('center_axis',(0.,0.,-1.));
#7665=DIRECTION('ref_axis',(-0.707106781186548,0.707106781186548,0.));
#7666=DIRECTION('center_axis',(0.,0.,1.));
#7667=DIRECTION('ref_axis',(-0.707106781186548,0.707106781186548,0.));
#7668=DIRECTION('',(0.,0.,-1.));
#7669=DIRECTION('center_axis',(-1.85037170770859E-17,1.,0.));
#7670=DIRECTION('ref_axis',(1.,1.85037170770859E-17,0.));
#7671=DIRECTION('',(-1.,-1.85037170770859E-17,0.));
#7672=DIRECTION('center_axis',(0.,0.,1.));
#7673=DIRECTION('ref_axis',(1.,0.,0.));
#7674=DIRECTION('center_axis',(0.,0.,1.));
#7675=DIRECTION('ref_axis',(1.,0.,0.));
#7676=DIRECTION('center_axis',(0.,0.,1.));
#7677=DIRECTION('ref_axis',(1.,0.,0.));
#7678=DIRECTION('center_axis',(-3.70074341541719E-16,1.,0.));
#7679=DIRECTION('ref_axis',(1.,3.70074341541718E-16,0.));
#7680=DIRECTION('center_axis',(1.,0.,0.));
#7681=DIRECTION('ref_axis',(0.,1.,0.));
#7682=DIRECTION('',(0.,0.,1.));
#7683=DIRECTION('',(0.,-1.,0.));
#7684=DIRECTION('center_axis',(0.,0.,1.));
#7685=DIRECTION('ref_axis',(0.200000000000006,-0.97979589711327,0.));
#7686=DIRECTION('',(0.,0.,1.));
#7687=DIRECTION('center_axis',(0.,0.,-1.));
#7688=DIRECTION('ref_axis',(0.200000000000006,-0.97979589711327,0.));
#7689=DIRECTION('center_axis',(0.,0.,1.));
#7690=DIRECTION('ref_axis',(-0.707106781186547,-0.707106781186547,0.));
#7691=DIRECTION('center_axis',(0.,0.,1.));
#7692=DIRECTION('ref_axis',(-0.707106781186547,-0.707106781186547,0.));
#7693=DIRECTION('center_axis',(0.,0.,1.));
#7694=DIRECTION('ref_axis',(1.,0.,0.));
#7695=DIRECTION('',(0.,0.,-1.));
#7696=DIRECTION('center_axis',(0.,0.,1.));
#7697=DIRECTION('ref_axis',(1.,0.,0.));
#7698=DIRECTION('center_axis',(0.,0.,1.));
#7699=DIRECTION('ref_axis',(1.,0.,0.));
#7700=DIRECTION('',(0.,0.,-1.));
#7701=DIRECTION('center_axis',(0.,0.,1.));
#7702=DIRECTION('ref_axis',(1.,0.,0.));
#7703=DIRECTION('center_axis',(0.,0.,1.));
#7704=DIRECTION('ref_axis',(1.,0.,0.));
#7705=DIRECTION('center_axis',(0.,0.,1.));
#7706=DIRECTION('ref_axis',(1.,0.,0.));
#7707=DIRECTION('center_axis',(-1.,0.,0.));
#7708=DIRECTION('ref_axis',(0.,1.,0.));
#7709=DIRECTION('',(0.,0.,-1.));
#7710=DIRECTION('',(0.,-1.,0.));
#7711=DIRECTION('center_axis',(-3.70074341541719E-16,1.,0.));
#7712=DIRECTION('ref_axis',(1.,3.70074341541718E-16,0.));
#7713=DIRECTION('',(-1.,-3.70074341541718E-16,0.));
#7714=DIRECTION('center_axis',(1.,6.66133814775094E-16,0.));
#7715=DIRECTION('ref_axis',(6.66133814775094E-16,-1.,0.));
#7716=DIRECTION('',(6.66133814775094E-16,-1.,0.));
#7717=DIRECTION('center_axis',(0.,0.,1.));
#7718=DIRECTION('ref_axis',(1.,0.,0.));
#7719=DIRECTION('center_axis',(0.,0.,-1.));
#7720=DIRECTION('ref_axis',(-1.,0.,0.));
#7721=DIRECTION('center_axis',(0.,1.,0.));
#7722=DIRECTION('ref_axis',(0.,0.,-1.));
#7723=DIRECTION('',(0.,0.,-1.));
#7724=DIRECTION('',(1.,0.,0.));
#7725=DIRECTION('',(0.,0.,-1.));
#7726=DIRECTION('',(-1.,0.,0.));
#7727=DIRECTION('center_axis',(0.,-1.,5.5511151231258E-16));
#7728=DIRECTION('ref_axis',(-5.91172789637034E-45,5.5511151231258E-16,1.));
#7729=DIRECTION('',(-3.69778549322351E-31,5.5511151231258E-16,1.));
#7730=DIRECTION('',(-1.,0.,0.));
#7731=DIRECTION('',(-5.91172789637034E-45,5.5511151231258E-16,1.));
#7732=DIRECTION('',(-1.,0.,0.));
#7733=DIRECTION('center_axis',(0.,0.,-1.));
#7734=DIRECTION('ref_axis',(0.,-1.,0.));
#7735=DIRECTION('',(6.66133814775094E-16,-1.,0.));
#7736=DIRECTION('',(0.,-1.,0.));
#7737=DIRECTION('center_axis',(-7.40148683083436E-16,1.,0.));
#7738=DIRECTION('ref_axis',(0.707106781186548,0.,0.707106781186548));
#7739=DIRECTION('',(7.40148683083436E-16,-1.,0.));
#7740=DIRECTION('center_axis',(0.707106781186538,0.707106781186557,0.));
#7741=DIRECTION('ref_axis',(0.707106781186557,-0.707106781186538,0.));
#7742=DIRECTION('',(-7.40148683083436E-16,1.,0.));
#7743=DIRECTION('center_axis',(-0.707106781186544,0.707106781186551,0.));
#7744=DIRECTION('ref_axis',(0.707106781186551,0.707106781186544,0.));
#7745=DIRECTION('center_axis',(-1.,-1.96499650376134E-17,0.));
#7746=DIRECTION('ref_axis',(0.,0.707106781186548,0.707106781186548));
#7747=DIRECTION('',(-1.,-1.96499650376134E-17,0.));
#7748=DIRECTION('center_axis',(1.,3.55271367880048E-14,0.));
#7749=DIRECTION('ref_axis',(-3.55271367880048E-14,1.,0.));
#7750=DIRECTION('',(1.,1.96499650376134E-17,0.));
#7751=DIRECTION('center_axis',(0.,0.,1.));
#7752=DIRECTION('ref_axis',(1.,0.,0.));
#7753=DIRECTION('center_axis',(0.,1.,0.));
#7754=DIRECTION('ref_axis',(-1.,0.,0.));
#7755=DIRECTION('center_axis',(0.,0.,-1.));
#7756=DIRECTION('ref_axis',(-0.707106781186547,0.707106781186548,0.));
#7757=DIRECTION('center_axis',(0.,0.,1.));
#7758=DIRECTION('ref_axis',(-0.707106781186547,0.707106781186548,0.));
#7759=DIRECTION('center_axis',(0.,-1.,0.));
#7760=DIRECTION('ref_axis',(-0.707106781186548,0.,0.707106781186548));
#7761=DIRECTION('center_axis',(0.,1.,0.));
#7762=DIRECTION('ref_axis',(-1.,0.,0.));
#7763=DIRECTION('',(0.,1.,0.));
#7764=DIRECTION('',(0.,-1.,0.));
#7765=DIRECTION('center_axis',(0.,0.,1.));
#7766=DIRECTION('ref_axis',(1.,0.,0.));
#7767=DIRECTION('center_axis',(-1.,0.,0.));
#7768=DIRECTION('ref_axis',(0.,-1.,0.));
#7769=DIRECTION('center_axis',(0.,0.,-1.));
#7770=DIRECTION('ref_axis',(-0.707106781186548,-0.707106781186547,0.));
#7771=DIRECTION('center_axis',(0.,0.,1.));
#7772=DIRECTION('ref_axis',(-0.707106781186548,-0.707106781186547,0.));
#7773=DIRECTION('center_axis',(1.,-5.10899090977948E-16,0.));
#7774=DIRECTION('ref_axis',(0.,-0.707106781186535,0.70710678118656));
#7775=DIRECTION('',(-1.,5.10899090977948E-16,0.));
#7776=DIRECTION('',(1.,-5.10899090977948E-16,0.));
#7777=DIRECTION('center_axis',(0.,0.,1.));
#7778=DIRECTION('ref_axis',(-1.,0.,0.));
#7779=DIRECTION('',(0.,0.,1.));
#7780=DIRECTION('center_axis',(0.,0.,1.));
#7781=DIRECTION('ref_axis',(-0.707106781186548,0.707106781186548,0.));
#7782=DIRECTION('',(0.,0.,1.));
#7783=DIRECTION('center_axis',(-1.96499650376134E-17,1.,0.));
#7784=DIRECTION('ref_axis',(-1.,-1.96499650376134E-17,0.));
#7785=DIRECTION('',(0.,0.,1.));
#7786=DIRECTION('',(-1.,-1.85037170770859E-17,0.));
#7787=DIRECTION('center_axis',(1.,7.40148683083436E-16,0.));
#7788=DIRECTION('ref_axis',(-7.40148683083436E-16,1.,0.));
#7789=DIRECTION('',(0.,0.,1.));
#7790=DIRECTION('',(-6.66133814775094E-16,1.,0.));
#7791=DIRECTION('',(-6.66133814775094E-16,1.,0.));
#7792=DIRECTION('center_axis',(0.,0.,-1.));
#7793=DIRECTION('ref_axis',(1.,0.,0.));
#7794=DIRECTION('center_axis',(-1.,0.,0.));
#7795=DIRECTION('ref_axis',(0.,-1.,0.));
#7796=DIRECTION('',(0.,-1.,0.));
#7797=DIRECTION('',(0.,0.,1.));
#7798=DIRECTION('center_axis',(0.,0.,1.));
#7799=DIRECTION('ref_axis',(0.,-1.,0.));
#7800=DIRECTION('center_axis',(0.,0.,1.));
#7801=DIRECTION('ref_axis',(-0.707106781186548,-0.707106781186548,0.));
#7802=DIRECTION('',(0.,0.,1.));
#7803=DIRECTION('center_axis',(-5.10899090977948E-16,-1.,0.));
#7804=DIRECTION('ref_axis',(1.,-5.10899090977948E-16,0.));
#7805=DIRECTION('',(1.,-4.9343245538896E-16,0.));
#7806=DIRECTION('center_axis',(1.,6.66133814775094E-16,0.));
#7807=DIRECTION('ref_axis',(6.66133814775094E-16,-1.,0.));
#7808=DIRECTION('',(6.66133814775094E-16,-1.,0.));
#7809=DIRECTION('',(0.,0.,-1.));
#7810=DIRECTION('',(6.66133814775094E-16,-1.,0.));
#7811=DIRECTION('',(0.,0.,-1.));
#7812=DIRECTION('',(6.66133814775094E-16,-1.,0.));
#7813=DIRECTION('center_axis',(0.,0.,-1.));
#7814=DIRECTION('ref_axis',(0.707106781186549,0.707106781186546,0.));
#7815=DIRECTION('center_axis',(0.,0.,1.));
#7816=DIRECTION('ref_axis',(0.707106781186549,0.707106781186546,0.));
#7817=DIRECTION('center_axis',(0.,0.,-1.));
#7818=DIRECTION('ref_axis',(0.707106781186549,0.707106781186546,0.));
#7819=DIRECTION('',(0.,0.,-1.));
#7820=DIRECTION('center_axis',(-1.85037170770859E-17,1.,0.));
#7821=DIRECTION('ref_axis',(1.,1.85037170770859E-17,0.));
#7822=DIRECTION('',(1.,1.85037170770859E-17,0.));
#7823=DIRECTION('',(1.,1.85037170770859E-17,0.));
#7824=DIRECTION('',(0.,0.,-1.));
#7825=DIRECTION('center_axis',(0.,0.,-1.));
#7826=DIRECTION('ref_axis',(-0.707106781186547,0.707106781186547,0.));
#7827=DIRECTION('center_axis',(0.,0.,1.));
#7828=DIRECTION('ref_axis',(-0.707106781186547,0.707106781186547,0.));
#7829=DIRECTION('center_axis',(0.,0.,-1.));
#7830=DIRECTION('ref_axis',(-0.707106781186547,0.707106781186547,0.));
#7831=DIRECTION('',(0.,0.,-1.));
#7832=DIRECTION('center_axis',(-1.,0.,0.));
#7833=DIRECTION('ref_axis',(0.,1.,0.));
#7834=DIRECTION('',(0.,1.,0.));
#7835=DIRECTION('',(0.,1.,0.));
#7836=DIRECTION('',(0.,0.,-1.));
#7837=DIRECTION('center_axis',(0.,0.,-1.));
#7838=DIRECTION('ref_axis',(-0.707106781186547,-0.707106781186547,0.));
#7839=DIRECTION('center_axis',(0.,0.,1.));
#7840=DIRECTION('ref_axis',(-0.707106781186547,-0.707106781186547,0.));
#7841=DIRECTION('center_axis',(0.,0.,-1.));
#7842=DIRECTION('ref_axis',(-0.707106781186547,-0.707106781186547,0.));
#7843=DIRECTION('',(0.,0.,-1.));
#7844=DIRECTION('center_axis',(-4.9343245538896E-16,-1.,0.));
#7845=DIRECTION('ref_axis',(-1.,4.9343245538896E-16,0.));
#7846=DIRECTION('',(-1.,4.9343245538896E-16,0.));
#7847=DIRECTION('',(-1.,4.9343245538896E-16,0.));
#7848=DIRECTION('',(0.,0.,-1.));
#7849=DIRECTION('center_axis',(0.,0.,-1.));
#7850=DIRECTION('ref_axis',(0.707106781186547,-0.707106781186548,0.));
#7851=DIRECTION('center_axis',(0.,0.,1.));
#7852=DIRECTION('ref_axis',(0.707106781186547,-0.707106781186548,0.));
#7853=DIRECTION('center_axis',(0.,0.,-1.));
#7854=DIRECTION('ref_axis',(0.707106781186547,-0.707106781186548,0.));
#7855=DIRECTION('center_axis',(0.,0.,-1.));
#7856=DIRECTION('ref_axis',(-1.,0.,0.));
#7857=DIRECTION('center_axis',(0.,0.,-1.));
#7858=DIRECTION('ref_axis',(-1.,0.,0.));
#7859=DIRECTION('center_axis',(0.,0.,-1.));
#7860=DIRECTION('ref_axis',(-6.12323399573677E-17,1.,0.));
#7861=DIRECTION('center_axis',(0.,0.,-1.));
#7862=DIRECTION('ref_axis',(2.83276944882399E-16,1.,0.));
#7863=DIRECTION('center_axis',(0.,0.,1.));
#7864=DIRECTION('ref_axis',(2.83276944882399E-16,1.,0.));
#7865=DIRECTION('center_axis',(-1.,0.,0.));
#7866=DIRECTION('ref_axis',(0.,0.707106781186548,-0.707106781186547));
#7867=DIRECTION('',(1.,0.,0.));
#7868=DIRECTION('',(-1.,0.,0.));
#7869=DIRECTION('center_axis',(0.,0.,1.));
#7870=DIRECTION('ref_axis',(6.12323399573677E-17,1.,0.));
#7871=DIRECTION('',(0.,0.,1.));
#7872=DIRECTION('center_axis',(0.,0.,-1.));
#7873=DIRECTION('ref_axis',(2.83276944882399E-16,1.,0.));
#7874=DIRECTION('',(0.,0.,1.));
#7875=DIRECTION('center_axis',(0.,0.,1.));
#7876=DIRECTION('ref_axis',(1.,0.,0.));
#7877=DIRECTION('center_axis',(0.,0.,1.));
#7878=DIRECTION('ref_axis',(1.,0.,0.));
#7879=DIRECTION('center_axis',(0.,0.,1.));
#7880=DIRECTION('ref_axis',(1.,0.,0.));
#7881=DIRECTION('center_axis',(0.,0.,-1.));
#7882=DIRECTION('ref_axis',(1.,0.,0.));
#7883=DIRECTION('center_axis',(1.22464679914735E-16,-1.,0.));
#7884=DIRECTION('ref_axis',(-1.,-1.22464679914735E-16,0.));
#7885=DIRECTION('center_axis',(0.,0.,1.));
#7886=DIRECTION('ref_axis',(1.,0.,0.));
#7887=DIRECTION('center_axis',(0.,0.,1.));
#7888=DIRECTION('ref_axis',(1.,0.,0.));
#7889=DIRECTION('',(0.,0.,-1.));
#7890=DIRECTION('center_axis',(0.,-1.,0.));
#7891=DIRECTION('ref_axis',(-0.707106781186549,0.,0.707106781186546));
#7892=DIRECTION('',(0.,1.,0.));
#7893=DIRECTION('center_axis',(-0.707106781186548,-0.707106781186548,0.));
#7894=DIRECTION('ref_axis',(-0.707106781186548,0.707106781186548,0.));
#7895=DIRECTION('',(0.,-1.,0.));
#7896=DIRECTION('center_axis',(0.707106781186548,-0.707106781186548,0.));
#7897=DIRECTION('ref_axis',(-0.707106781186548,-0.707106781186548,0.));
#7898=DIRECTION('center_axis',(-1.,0.,0.));
#7899=DIRECTION('ref_axis',(0.,0.707106781186549,0.707106781186546));
#7900=DIRECTION('',(1.,0.,0.));
#7901=DIRECTION('center_axis',(-0.707106781186548,0.707106781186548,0.));
#7902=DIRECTION('ref_axis',(0.707106781186548,0.707106781186548,0.));
#7903=DIRECTION('',(-1.,0.,0.));
#7904=DIRECTION('center_axis',(0.,1.,0.));
#7905=DIRECTION('ref_axis',(0.707106781186549,0.,0.707106781186546));
#7906=DIRECTION('',(0.,-1.,0.));
#7907=DIRECTION('center_axis',(0.707106781186548,0.707106781186548,0.));
#7908=DIRECTION('ref_axis',(0.707106781186548,-0.707106781186548,0.));
#7909=DIRECTION('',(0.,1.,0.));
#7910=DIRECTION('center_axis',(1.,0.,0.));
#7911=DIRECTION('ref_axis',(0.,-0.707106781186549,0.707106781186546));
#7912=DIRECTION('',(1.,0.,0.));
#7913=DIRECTION('',(-1.,0.,0.));
#7914=DIRECTION('center_axis',(0.,-1.,0.));
#7915=DIRECTION('ref_axis',(1.,0.,0.));
#7916=DIRECTION('',(0.,0.,1.));
#7917=DIRECTION('',(1.,0.,0.));
#7918=DIRECTION('',(0.,0.,1.));
#7919=DIRECTION('center_axis',(-1.,0.,0.));
#7920=DIRECTION('ref_axis',(0.,-1.,0.));
#7921=DIRECTION('',(0.,0.,1.));
#7922=DIRECTION('',(0.,-1.,0.));
#7923=DIRECTION('center_axis',(0.,0.,1.));
#7924=DIRECTION('ref_axis',(1.,0.,0.));
#7925=DIRECTION('',(1.,0.,0.));
#7926=DIRECTION('center_axis',(0.,0.,1.));
#7927=DIRECTION('ref_axis',(2.83276944882399E-16,1.,0.));
#7928=DIRECTION('center_axis',(-1.,0.,0.));
#7929=DIRECTION('ref_axis',(0.,0.707106781186549,0.707106781186546));
#7930=DIRECTION('',(-1.,0.,0.));
#7931=DIRECTION('center_axis',(0.,0.,-1.));
#7932=DIRECTION('ref_axis',(-6.12323399573677E-17,1.,0.));
#7933=DIRECTION('center_axis',(0.,1.,0.));
#7934=DIRECTION('ref_axis',(-1.,0.,0.));
#7935=DIRECTION('center_axis',(0.,0.,1.));
#7936=DIRECTION('ref_axis',(1.,0.,0.));
#7937=DIRECTION('',(-1.,0.,0.));
#7938=DIRECTION('',(0.,1.,0.));
#7939=DIRECTION('center_axis',(0.,1.,0.));
#7940=DIRECTION('ref_axis',(-1.,0.,0.));
#7941=DIRECTION('',(0.,0.,1.));
#7942=DIRECTION('center_axis',(1.,0.,0.));
#7943=DIRECTION('ref_axis',(0.,1.,0.));
#7944=CARTESIAN_POINT('',(0.,0.,0.));
#7945=CARTESIAN_POINT('Origin',(0.,0.,0.));
#7946=CARTESIAN_POINT('',(-48.5,-5.93953697586466E-15,0.));
#7947=CARTESIAN_POINT('Origin',(0.,0.,0.));
#7948=CARTESIAN_POINT('',(4.,4.,0.));
#7949=CARTESIAN_POINT('',(4.,-4.00000000000005,0.));
#7950=CARTESIAN_POINT('',(4.,-4.00000000000005,0.));
#7951=CARTESIAN_POINT('',(-3.99999999999996,4.,0.));
#7952=CARTESIAN_POINT('',(4.,4.,0.));
#7953=CARTESIAN_POINT('',(-3.99999999999996,-4.00000000000005,0.));
#7954=CARTESIAN_POINT('',(-3.99999999999996,4.,0.));
#7955=CARTESIAN_POINT('',(-3.99999999999996,-4.00000000000005,0.));
#7956=CARTESIAN_POINT('Origin',(0.,0.,1.5));
#7957=CARTESIAN_POINT('',(-48.5,5.93953697586466E-15,3.));
#7958=CARTESIAN_POINT('Origin',(0.,0.,3.));
#7959=CARTESIAN_POINT('Origin',(-48.5,-5.93953697586466E-15,1.5));
#7960=CARTESIAN_POINT('Origin',(0.,0.,3.));
#7961=CARTESIAN_POINT('',(-3.01499784835251,-39.9999971883067,3.));
#7962=CARTESIAN_POINT('Origin',(-0.0149978483525063,-39.9999971883067,3.));
#7963=CARTESIAN_POINT('',(-43.,-4.07349805875642E-15,3.));
#7964=CARTESIAN_POINT('Origin',(-40.,-4.44089209850063E-15,3.));
#7965=CARTESIAN_POINT('',(37.,-4.07349805875642E-15,3.));
#7966=CARTESIAN_POINT('Origin',(40.,-4.44089209850063E-15,3.));
#7967=CARTESIAN_POINT('',(-3.00273613529581,39.9999999064195,3.));
#7968=CARTESIAN_POINT('Origin',(-0.00273613529581006,39.9999999064195,3.));
#7969=CARTESIAN_POINT('',(4.,4.,3.));
#7970=CARTESIAN_POINT('',(4.,-4.00000000000005,3.));
#7971=CARTESIAN_POINT('',(4.,-4.00000000000005,3.));
#7972=CARTESIAN_POINT('',(-3.99999999999996,-4.00000000000005,3.));
#7973=CARTESIAN_POINT('',(-3.99999999999996,-4.00000000000005,3.));
#7974=CARTESIAN_POINT('',(-3.99999999999996,4.,3.));
#7975=CARTESIAN_POINT('',(-3.99999999999996,4.,3.));
#7976=CARTESIAN_POINT('',(4.,4.,3.));
#7977=CARTESIAN_POINT('Origin',(-0.0149978483525063,-39.9999971883067,1.));
#7978=CARTESIAN_POINT('',(-3.01499784835251,-39.9999971883067,1.));
#7979=CARTESIAN_POINT('Origin',(-0.0149978483525063,-39.9999971883067,1.));
#7980=CARTESIAN_POINT('',(-3.01499784835251,-39.9999971883067,1.));
#7981=CARTESIAN_POINT('Origin',(-0.0149978483525065,-39.9999971883067,1.));
#7982=CARTESIAN_POINT('Origin',(-40.,-4.44089209850063E-15,1.));
#7983=CARTESIAN_POINT('',(-43.,-4.80828613824483E-15,1.));
#7984=CARTESIAN_POINT('Origin',(-40.,-4.44089209850063E-15,1.));
#7985=CARTESIAN_POINT('',(-43.,-4.80828613824483E-15,1.));
#7986=CARTESIAN_POINT('Origin',(-40.,-4.44089209850063E-15,1.));
#7987=CARTESIAN_POINT('Origin',(40.,-4.44089209850063E-15,1.));
#7988=CARTESIAN_POINT('',(37.,-4.80828613824483E-15,1.));
#7989=CARTESIAN_POINT('Origin',(40.,-4.44089209850063E-15,1.));
#7990=CARTESIAN_POINT('',(37.,-4.80828613824483E-15,1.));
#7991=CARTESIAN_POINT('Origin',(40.,-4.44089209850063E-15,1.));
#7992=CARTESIAN_POINT('Origin',(-0.00273613529581006,39.9999999064195,1.));
#7993=CARTESIAN_POINT('',(-3.00273613529581,39.9999999064195,1.));
#7994=CARTESIAN_POINT('Origin',(-0.00273613529581006,39.9999999064195,1.));
#7995=CARTESIAN_POINT('',(-3.00273613529581,39.9999999064195,1.));
#7996=CARTESIAN_POINT('Origin',(-0.00273613529580996,39.9999999064195,1.));
#7997=CARTESIAN_POINT('Origin',(-3.99999999999996,4.,0.));
#7998=CARTESIAN_POINT('',(4.,4.,0.));
#7999=CARTESIAN_POINT('',(-3.99999999999996,4.,0.));
#8000=CARTESIAN_POINT('Origin',(-3.99999999999996,-4.00000000000005,0.));
#8001=CARTESIAN_POINT('',(-3.99999999999996,-4.00000000000005,0.));
#8002=CARTESIAN_POINT('Origin',(4.,-4.00000000000005,0.));
#8003=CARTESIAN_POINT('',(4.,-4.00000000000005,0.));
#8004=CARTESIAN_POINT('Origin',(4.,4.,0.));
#8005=CARTESIAN_POINT('Origin',(60.,-0.011021462577903,-33.3967220793084));
#8006=CARTESIAN_POINT('',(60.,-3.0110214625779,-33.3967220793084));
#8007=CARTESIAN_POINT('Origin',(60.,-0.011021462577903,-33.3967220793084));
#8008=CARTESIAN_POINT('',(58.,-3.0110214625779,-33.3967220793084));
#8009=CARTESIAN_POINT('',(60.,-3.0110214625779,-33.3967220793084));
#8010=CARTESIAN_POINT('Origin',(58.,-0.011021462577903,-33.3967220793084));
#8011=CARTESIAN_POINT('Origin',(58.,-18.0000000000001,0.));
#8012=CARTESIAN_POINT('',(60.,-18.0000000000001,10.));
#8013=CARTESIAN_POINT('',(58.,-20.,10.));
#8014=CARTESIAN_POINT('Origin',(58.,-18.0000000000001,10.));
#8015=CARTESIAN_POINT('',(58.,-20.0000000000001,-40.));
#8016=CARTESIAN_POINT('',(58.,-20.0000000000001,0.));
#8017=CARTESIAN_POINT('',(60.,-18.0000000000001,-40.));
#8018=CARTESIAN_POINT('Origin',(58.,-18.0000000000001,-40.));
#8019=CARTESIAN_POINT('',(60.,-18.0000000000001,0.));
#8020=CARTESIAN_POINT('Origin',(60.,-20.0000000000001,0.));
#8021=CARTESIAN_POINT('',(56.,-20.,10.));
#8022=CARTESIAN_POINT('',(51.,-20.,10.));
#8023=CARTESIAN_POINT('',(56.,-20.0000000000001,0.));
#8024=CARTESIAN_POINT('',(56.,-20.0000000000001,0.));
#8025=CARTESIAN_POINT('',(-55.,-20.,0.));
#8026=CARTESIAN_POINT('',(30.,-20.,0.));
#8027=CARTESIAN_POINT('',(-55.,-20.,-40.));
#8028=CARTESIAN_POINT('',(-55.,-20.,0.));
#8029=CARTESIAN_POINT('',(-51.,-20.,-40.));
#8030=CARTESIAN_POINT('Origin',(55.5,-4.44089209850063E-15,10.));
#8031=CARTESIAN_POINT('',(60.,18.,10.));
#8032=CARTESIAN_POINT('',(60.,-20.,10.));
#8033=CARTESIAN_POINT('',(58.,20.,10.));
#8034=CARTESIAN_POINT('Origin',(58.,18.,10.));
#8035=CARTESIAN_POINT('',(56.,20.,10.));
#8036=CARTESIAN_POINT('',(60.,20.,10.));
#8037=CARTESIAN_POINT('',(51.,15.,10.));
#8038=CARTESIAN_POINT('Origin',(56.,15.,10.));
#8039=CARTESIAN_POINT('',(51.,-15.0000000000001,10.));
#8040=CARTESIAN_POINT('',(51.,20.,10.));
#8041=CARTESIAN_POINT('Origin',(56.,-15.0000000000001,10.));
#8042=CARTESIAN_POINT('',(54.,7.5,10.));
#8043=CARTESIAN_POINT('Origin',(55.5,7.5,10.));
#8044=CARTESIAN_POINT('',(54.,-7.5,10.));
#8045=CARTESIAN_POINT('Origin',(55.5,-7.5,10.));
#8046=CARTESIAN_POINT('Origin',(-56.,15.1010205144336,9.));
#8047=CARTESIAN_POINT('',(-55.1011497310898,18.9987208869713,10.));
#8048=CARTESIAN_POINT('',(-52.,15.1010205144336,10.));
#8049=CARTESIAN_POINT('Origin',(-56.,15.1010205144336,10.));
#8050=CARTESIAN_POINT('',(-51.,15.1010205144336,9.));
#8051=CARTESIAN_POINT('Origin',(-52.,15.1010205144336,9.));
#8052=CARTESIAN_POINT('',(-55.,20.,9.));
#8053=CARTESIAN_POINT('Origin',(-56.,15.1010205144336,9.));
#8054=CARTESIAN_POINT('Ctrl Pts',(-55.1011497310898,18.9987208869713,10.));
#8055=CARTESIAN_POINT('Ctrl Pts',(-55.1009602444124,19.0005966117045,10.));
#8056=CARTESIAN_POINT('Ctrl Pts',(-55.1007707580893,19.0024723329352,9.9999947527801));
#8057=CARTESIAN_POINT('Ctrl Pts',(-55.0870140009205,19.1386501898291,9.99923282185368));
#8058=CARTESIAN_POINT('Ctrl Pts',(-55.0735946898516,19.2714876749118,9.97158620382765));
#8059=CARTESIAN_POINT('Ctrl Pts',(-55.0490486473048,19.5144684465353,9.86714852768413));
#8060=CARTESIAN_POINT('Ctrl Pts',(-55.0380941630613,19.6229066613365,9.7929505686652));
#8061=CARTESIAN_POINT('Ctrl Pts',(-55.0197121164498,19.8048701636464,9.60738786785948));
#8062=CARTESIAN_POINT('Ctrl Pts',(-55.0124438417426,19.8768186658681,9.49801306737322));
#8063=CARTESIAN_POINT('Ctrl Pts',(-55.0025448255661,19.9748088239268,9.25791914515001));
#8064=CARTESIAN_POINT('Ctrl Pts',(-55.,20.,9.12959503323802));
#8065=CARTESIAN_POINT('Ctrl Pts',(-55.,20.,9.));
#8066=CARTESIAN_POINT('Origin',(-52.,-10.,9.));
#8067=CARTESIAN_POINT('',(-52.,-15.1010205144336,10.));
#8068=CARTESIAN_POINT('',(-51.,-15.1010205144336,9.));
#8069=CARTESIAN_POINT('Origin',(-52.,-15.1010205144336,9.));
#8070=CARTESIAN_POINT('',(-51.,-10.,9.));
#8071=CARTESIAN_POINT('',(-52.,-10.,10.));
#8072=CARTESIAN_POINT('Origin',(-56.,-15.1010205144336,9.));
#8073=CARTESIAN_POINT('',(-55.,-20.,9.));
#8074=CARTESIAN_POINT('Origin',(-56.,-15.1010205144336,9.));
#8075=CARTESIAN_POINT('',(-55.1011497310898,-18.9987208869713,10.));
#8076=CARTESIAN_POINT('Origin',(-56.,-15.1010205144336,10.));
#8077=CARTESIAN_POINT('Ctrl Pts',(-55.1011497310898,-18.9987208869713,10.));
#8078=CARTESIAN_POINT('Ctrl Pts',(-55.1009602444123,-19.0005966117045,10.));
#8079=CARTESIAN_POINT('Ctrl Pts',(-55.1007707580881,-19.002472332935,9.9999947527801));
#8080=CARTESIAN_POINT('Ctrl Pts',(-55.0870140009405,-19.1386501898312,9.99923282185368));
#8081=CARTESIAN_POINT('Ctrl Pts',(-55.0735946898516,-19.2714876749118,9.97158620382764));
#8082=CARTESIAN_POINT('Ctrl Pts',(-55.0490486473047,-19.5144684465353,9.86714852768413));
#8083=CARTESIAN_POINT('Ctrl Pts',(-55.0380941630613,-19.6229066613365,9.7929505686652));
#8084=CARTESIAN_POINT('Ctrl Pts',(-55.0197121164498,-19.8048701636464,9.60738786785949));
#8085=CARTESIAN_POINT('Ctrl Pts',(-55.0124438417426,-19.8768186658681,9.49801306737323));
#8086=CARTESIAN_POINT('Ctrl Pts',(-55.0025448255661,-19.9748088239268,9.25791914514999));
#8087=CARTESIAN_POINT('Ctrl Pts',(-55.,-20.,9.12959503323801));
#8088=CARTESIAN_POINT('Ctrl Pts',(-55.,-20.,9.));
#8089=CARTESIAN_POINT('Origin',(-55.,-15.,9.));
#8090=CARTESIAN_POINT('',(-59.,-15.,10.));
#8091=CARTESIAN_POINT('Origin',(-55.,-15.,10.));
#8092=CARTESIAN_POINT('',(-60.,-15.,9.));
#8093=CARTESIAN_POINT('Origin',(-59.,-15.,9.));
#8094=CARTESIAN_POINT('Origin',(-55.,-15.,9.));
#8095=CARTESIAN_POINT('Origin',(-59.,-10.,9.));
#8096=CARTESIAN_POINT('',(-59.,15.,10.));
#8097=CARTESIAN_POINT('',(-60.,15.,9.));
#8098=CARTESIAN_POINT('Origin',(-59.,15.,9.));
#8099=CARTESIAN_POINT('',(-60.,-10.,9.));
#8100=CARTESIAN_POINT('',(-59.,-10.,10.));
#8101=CARTESIAN_POINT('Origin',(-55.,15.,9.));
#8102=CARTESIAN_POINT('Origin',(-55.,15.,9.));
#8103=CARTESIAN_POINT('Origin',(-55.,15.,10.));
#8104=CARTESIAN_POINT('Origin',(-60.,-20.,0.));
#8105=CARTESIAN_POINT('',(-60.,15.,-17.0744696823593));
#8106=CARTESIAN_POINT('',(-60.,15.,0.));
#8107=CARTESIAN_POINT('',(-60.,12.4453269389113,-16.830527982331));
#8108=CARTESIAN_POINT('',(-60.,-3.14971725959383,-15.3413818165285));
#8109=CARTESIAN_POINT('',(-60.,12.3692821042679,-17.6269055203895));
#8110=CARTESIAN_POINT('',(-60.,13.0950441985051,-10.0263810069821));
#8111=CARTESIAN_POINT('',(-60.,14.9290670480273,-17.8713353460288));
#8112=CARTESIAN_POINT('',(-60.,-4.50309862478154,-16.0157885045729));
#8113=CARTESIAN_POINT('',(-60.,15.,-17.1284918652823));
#8114=CARTESIAN_POINT('',(-60.,15.6168067249428,-10.6689996016506));
#8115=CARTESIAN_POINT('',(-60.,15.,-40.));
#8116=CARTESIAN_POINT('',(-60.,15.,0.));
#8117=CARTESIAN_POINT('',(-60.,-15.,-40.));
#8118=CARTESIAN_POINT('',(-60.,-20.,-40.));
#8119=CARTESIAN_POINT('',(-60.,-15.,0.));
#8120=CARTESIAN_POINT('',(-60.,2.35837734460737,-35.6033215139468));
#8121=CARTESIAN_POINT('',(-60.,2.14283588897093,-36.2511345285894));
#8122=CARTESIAN_POINT('',(-60.,6.57680294185709,-22.9247813457422));
#8123=CARTESIAN_POINT('',(-60.,2.14283588897093,-36.639861381974));
#8124=CARTESIAN_POINT('',(-60.,2.14283588897093,-18.1255672642947));
#8125=CARTESIAN_POINT('',(-60.,2.30007276418604,-37.2180999905776));
#8126=CARTESIAN_POINT('',(-60.,-3.25808185440931,-16.7779863806933));
#8127=CARTESIAN_POINT('',(-60.,2.63050202391113,-37.4012128720086));
#8128=CARTESIAN_POINT('',(-60.,-14.1198952451935,-28.1187010520466));
#8129=CARTESIAN_POINT('',(-60.,2.02320117133197,-38.7073059274368));
#8130=CARTESIAN_POINT('',(-60.,7.76857883253313,-26.3509954888156));
#8131=CARTESIAN_POINT('',(-60.,2.85086448919921,-38.7073059274368));
#8132=CARTESIAN_POINT('',(-60.,-8.98839941433401,-38.7073059274368));
#8133=CARTESIAN_POINT('',(-60.,3.40721351843375,-37.5082432182202));
#8134=CARTESIAN_POINT('',(-60.,8.21597271397114,-27.1442387426395));
#8135=CARTESIAN_POINT('',(-60.,4.08436679725033,-37.5082432182202));
#8136=CARTESIAN_POINT('',(-60.,-8.29639324078312,-37.5082432182202));
#8137=CARTESIAN_POINT('',(-60.,4.08436679725033,-38.7073059274368));
#8138=CARTESIAN_POINT('',(-60.,4.08436679725033,-18.7541216091101));
#8139=CARTESIAN_POINT('',(-60.,4.83351207732174,-38.7073059274368));
#8140=CARTESIAN_POINT('',(-60.,-7.95781660137483,-38.7073059274368));
#8141=CARTESIAN_POINT('',(-60.,4.83351207732174,-35.3873059274368));
#8142=CARTESIAN_POINT('',(-60.,4.83351207732174,-19.3536529637184));
#8143=CARTESIAN_POINT('',(-60.,3.00523502751413,-35.3873059274368));
#8144=CARTESIAN_POINT('',(-60.,-7.58324396133913,-35.3873059274368));
#8145=CARTESIAN_POINT('',(-60.,-2.02741537683702,-37.067939794086));
#8146=CARTESIAN_POINT('',(-60.,7.88142078826646,-28.8376869842034));
#8147=CARTESIAN_POINT('',(-60.,6.16713507398074,-25.8684570283711));
#8148=CARTESIAN_POINT('',(-60.,-1.84729918894287,-11.9870496910666));
#8149=CARTESIAN_POINT('',(-60.,5.47431475095319,-26.2684570283711));
#8150=CARTESIAN_POINT('',(-60.,1.95514465705685,-28.3002508294062));
#8151=CARTESIAN_POINT('',(-60.,7.18860046523891,-29.2376869842034));
#8152=CARTESIAN_POINT('',(-60.,-3.39726236911327,-10.9024347131504));
#8153=CARTESIAN_POINT('',(-60.,3.32302020982879,-31.4694807852386));
#8154=CARTESIAN_POINT('',(-60.,-14.0391733507525,-10.8437162657384));
#8155=CARTESIAN_POINT('',(-60.,-11.6519415229969,-11.7994197231506));
#8156=CARTESIAN_POINT('',(-60.,-18.4786485487538,-9.06641849913865));
#8157=CARTESIAN_POINT('',(-60.,-11.3546115584687,-11.0567253767378));
#8158=CARTESIAN_POINT('',(-60.,-10.1928796496194,-8.15485935688115));
#8159=CARTESIAN_POINT('',(-60.,-13.7418433862243,-10.1010219193255));
#8160=CARTESIAN_POINT('',(-60.,-16.9877026703477,-8.80157588143194));
#8161=CARTESIAN_POINT('',(-60.,-12.4314464951109,-6.82780872626247));
#8162=CARTESIAN_POINT('',(-60.,3.18267003206466,-1.37582882837995));
#8163=CARTESIAN_POINT('',(-60.,2.57643276932614,-3.87477286121191));
#8164=CARTESIAN_POINT('',(-60.,2.69600756842102,-3.38187882608541));
#8165=CARTESIAN_POINT('',(-60.,3.35388202398497,-4.06338000961945));
#8166=CARTESIAN_POINT('',(-60.,-8.52823978306256,-1.1808084493165));
#8167=CARTESIAN_POINT('',(-60.,3.9601192867235,-1.56443597678749));
#8168=CARTESIAN_POINT('',(-60.,3.17033819171059,-4.81995799090893));
#8169=CARTESIAN_POINT('',(-60.,-7.53327789299462,1.2238320093117));
#8170=CARTESIAN_POINT('',(-60.,7.87169420461666,-6.39247406688438));
#8171=CARTESIAN_POINT('',(-60.,8.47629386410006,-6.9163626540406));
#8172=CARTESIAN_POINT('',(-60.,-1.66972023433815,1.87520860790753));
#8173=CARTESIAN_POINT('',(-60.,10.1602214656737,-4.97300660570108));
#8174=CARTESIAN_POINT('',(-60.,4.08186120074651,-11.9878082953903));
#8175=CARTESIAN_POINT('',(-60.,9.55562180619025,-4.44911801854485));
#8176=CARTESIAN_POINT('',(-60.,0.316507196977204,3.55662036266895));
#8177=CARTESIAN_POINT('',(-60.,4.31922534204991,-10.4922416840643));
#8178=CARTESIAN_POINT('',(-60.,10.2743339221008,-23.1032003575175));
#8179=CARTESIAN_POINT('',(-60.,12.4375572922382,-24.4934196024033));
#8180=CARTESIAN_POINT('',(-60.,-5.69220532346359,-12.8421286439666));
#8181=CARTESIAN_POINT('',(-60.,12.8700699462026,-23.8204167761383));
#8182=CARTESIAN_POINT('',(-60.,13.2669295767522,-23.2028911371954));
#8183=CARTESIAN_POINT('',(-60.,10.7068465760653,-22.4301975312525));
#8184=CARTESIAN_POINT('',(-60.,-4.17808098443044,-12.8642354401445));
#8185=CARTESIAN_POINT('',(-60.,11.3199625335971,-21.4761704791772));
#8186=CARTESIAN_POINT('',(-60.,10.2055631182246,-30.7094894889914));
#8187=CARTESIAN_POINT('',(-60.,10.1960288151111,-30.6122395972334));
#8188=CARTESIAN_POINT('',(-60.,8.57074611562546,-14.0343560624843));
#8189=CARTESIAN_POINT('',(-60.,10.164987743444,-30.5124942869433));
#8190=CARTESIAN_POINT('',(-60.,4.52019849453684,-12.3739048337884));
#8191=CARTESIAN_POINT('',(-60.,10.1160397521859,-30.4222399739483));
#8192=CARTESIAN_POINT('',(-60.,0.343580842510092,-12.402980296614));
#8193=CARTESIAN_POINT('',(-60.,10.0513170887605,-30.3441981772135));
#8194=CARTESIAN_POINT('',(-60.,-3.49456926973324,-14.0107339185793));
#8195=CARTESIAN_POINT('',(-60.,9.97298307137813,-30.2806674387065));
#8196=CARTESIAN_POINT('',(-60.,-6.43514692651204,-16.9732864167942));
#8197=CARTESIAN_POINT('',(-60.,9.88400077112182,-30.2322237718244));
#8198=CARTESIAN_POINT('',(-60.,-7.94534366879284,-20.5255875049916));
#8199=CARTESIAN_POINT('',(-60.,9.78434396275609,-30.2000364796814));
#8200=CARTESIAN_POINT('',(-60.,-8.06756886042334,-24.434201282133));
#8201=CARTESIAN_POINT('',(-60.,9.68581274492149,-30.1900489098425));
#8202=CARTESIAN_POINT('',(-60.,-6.47141008046454,-28.55227973456));
#8203=CARTESIAN_POINT('',(-60.,8.38420850858388,-30.1900489098425));
#8204=CARTESIAN_POINT('',(-60.,-5.15709362753926,-30.1900489098425));
#8205=CARTESIAN_POINT('',(-60.,8.28567729074928,-30.2000364796814));
#8206=CARTESIAN_POINT('',(-60.,-4.14901980771143,-31.4604736124686));
#8207=CARTESIAN_POINT('',(-60.,8.18594689114434,-30.2322475404234));
#8208=CARTESIAN_POINT('',(-60.,-0.104861323147737,-32.9100241065303));
#8209=CARTESIAN_POINT('',(-60.,8.09684748253943,-30.2808657108722));
#8210=CARTESIAN_POINT('',(-60.,3.68223621221722,-32.6897517693356));
#8211=CARTESIAN_POINT('',(-60.,8.01937356565552,-30.344197563563));
#8212=CARTESIAN_POINT('',(-60.,7.09476185978891,-31.1000309421683));
#8213=CARTESIAN_POINT('',(-60.,7.95439843866023,-30.4217952470765));
#8214=CARTESIAN_POINT('',(-60.,9.71326981019544,-28.3212323033641));
#8215=CARTESIAN_POINT('',(-60.,7.9050759103702,-30.5123580406174));
#8216=CARTESIAN_POINT('',(-60.,11.1460731312411,-24.5614513787657));
#8217=CARTESIAN_POINT('',(-60.,7.87399243839429,-30.6122395972334));
#8218=CARTESIAN_POINT('',(-60.,11.0016823492328,-20.5619293504075));
#8219=CARTESIAN_POINT('',(-60.,7.86445813528075,-30.7094894889914));
#8220=CARTESIAN_POINT('',(-60.,9.22762368103216,-16.8052009223259));
#8221=CARTESIAN_POINT('',(-60.,7.86445813528075,-32.5614175104361));
#8222=CARTESIAN_POINT('',(-60.,7.86445813528076,-15.3547447444957));
#8223=CARTESIAN_POINT('',(-60.,7.8739741891589,-32.6590522232258));
#8224=CARTESIAN_POINT('',(-60.,6.1614715156881,-15.0887747934197));
#8225=CARTESIAN_POINT('',(-60.,7.90500731630341,-32.7589788926312));
#8226=CARTESIAN_POINT('',(-60.,2.02283760230708,-13.8183924135611));
#8227=CARTESIAN_POINT('',(-60.,7.95399870441794,-32.8493453606239));
#8228=CARTESIAN_POINT('',(-60.,-2.12722428613619,-14.2541483318292));
#8229=CARTESIAN_POINT('',(-60.,8.01872333908338,-32.9278806657435));
#8230=CARTESIAN_POINT('',(-60.,-5.76058393143148,-16.2084027355957));
#8231=CARTESIAN_POINT('',(-60.,8.09684314995475,-32.992153843471));
#8232=CARTESIAN_POINT('',(-60.,-8.41324398397975,-19.4084578152869));
#8233=CARTESIAN_POINT('',(-60.,8.18701906637078,-33.0409476612577));
#8234=CARTESIAN_POINT('',(-60.,-9.674391219081,-23.3762119588568));
#8235=CARTESIAN_POINT('',(-60.,8.28688339332594,-33.0719614273929));
#8236=CARTESIAN_POINT('',(-60.,-9.34606122447965,-27.5958916703105));
#8237=CARTESIAN_POINT('',(-60.,8.38451810611565,-33.081477481271));
#8238=CARTESIAN_POINT('',(-60.,-7.31999325835596,-31.550823352179));
#8239=CARTESIAN_POINT('',(-60.,9.68550314738972,-33.081477481271));
#8240=CARTESIAN_POINT('',(-60.,-5.80774094694218,-33.081477481271));
#8241=CARTESIAN_POINT('',(-60.,9.78313786017943,-33.0719614273929));
#8242=CARTESIAN_POINT('',(-60.,-3.42058804202277,-34.358874283359));
#8243=CARTESIAN_POINT('',(-60.,9.88292861509301,-33.0409705097179));
#8244=CARTESIAN_POINT('',(-60.,0.885149981793368,-35.8353117001834));
#8245=CARTESIAN_POINT('',(-60.,9.9729867424339,-32.9923514295817));
#8246=CARTESIAN_POINT('',(-60.,5.21945038999954,-35.5586113738342));
#8247=CARTESIAN_POINT('',(-60.,10.0519673399521,-32.9278817029985));
#8248=CARTESIAN_POINT('',(-60.,9.06012010647957,-33.7374997859643));
#8249=CARTESIAN_POINT('',(-60.,10.1164370665352,-32.8489011054803));
#8250=CARTESIAN_POINT('',(-60.,12.1087580432342,-30.4081477546048));
#8251=CARTESIAN_POINT('',(-60.,10.1650561466714,-32.7588429781394));
#8252=CARTESIAN_POINT('',(-60.,13.5840092151296,-26.4258455222191));
#8253=CARTESIAN_POINT('',(-60.,10.1960470643465,-32.6590522232258));
#8254=CARTESIAN_POINT('',(-60.,13.4776778983223,-22.0922009378229));
#8255=CARTESIAN_POINT('',(-60.,10.2055631182246,-32.5614175104361));
#8256=CARTESIAN_POINT('',(-60.,11.6305662816149,-17.9408850540539));
#8257=CARTESIAN_POINT('',(-60.,10.2055631182246,-16.2807087552181));
#8258=CARTESIAN_POINT('',(-60.,0.998420579888136,-38.7073059274368));
#8259=CARTESIAN_POINT('',(-60.,1.74756585995955,-38.7073059274368));
#8260=CARTESIAN_POINT('',(-60.,-9.50078971005593,-38.7073059274368));
#8261=CARTESIAN_POINT('',(-60.,1.74756585995955,-35.3873059274368));
#8262=CARTESIAN_POINT('',(-60.,1.74756585995955,-19.3536529637184));
#8263=CARTESIAN_POINT('',(-60.,-0.0807111898480711,-35.3873059274368));
#8264=CARTESIAN_POINT('',(-60.,-9.12621707002022,-35.3873059274368));
#8265=CARTESIAN_POINT('',(-60.,-0.727568872754823,-35.6033215139468));
#8266=CARTESIAN_POINT('',(-60.,-3.72519662023215,-36.6043675448139));
#8267=CARTESIAN_POINT('',(-60.,-0.943110328391265,-36.2511345285894));
#8268=CARTESIAN_POINT('',(-60.,3.6446447103571,-22.4625692926453));
#8269=CARTESIAN_POINT('',(-60.,-0.943110328391265,-36.7301097743986));
#8270=CARTESIAN_POINT('',(-60.,-0.943110328391265,-18.1255672642947));
#8271=CARTESIAN_POINT('',(-60.,-0.727568872754823,-37.3779227890412));
#8272=CARTESIAN_POINT('',(-60.,-7.394233817417,-17.3411632586687));
#8273=CARTESIAN_POINT('',(-60.,-0.0807111898480697,-37.5939383755511));
#8274=CARTESIAN_POINT('',(-60.,-15.0119012912726,-32.607725994867));
#8275=CARTESIAN_POINT('',(-60.,0.998420579888136,-37.5939383755511));
#8276=CARTESIAN_POINT('',(-60.,-10.040355594924,-37.5939383755511));
#8277=CARTESIAN_POINT('',(-60.,0.998420579888133,-18.7969691877756));
#8278=CARTESIAN_POINT('',(-60.,-10.172160763562,-30.1900489098425));
#8279=CARTESIAN_POINT('',(-60.,-10.172160763562,-33.081477481271));
#8280=CARTESIAN_POINT('',(-60.,-10.172160763562,-15.0950244549212));
#8281=CARTESIAN_POINT('',(-60.,-9.48432195207221,-33.081477481271));
#8282=CARTESIAN_POINT('',(-60.,-15.086080381781,-33.081477481271));
#8283=CARTESIAN_POINT('',(-60.,-9.48432195207221,-30.8773138698322));
#8284=CARTESIAN_POINT('',(-60.,-9.48432195207221,-16.5407387406355));
#8285=CARTESIAN_POINT('',(-60.,-9.04360400008445,-30.8773138698322));
#8286=CARTESIAN_POINT('',(-60.,-14.7421609760361,-30.8773138698322));
#8287=CARTESIAN_POINT('',(-60.,-9.04360400008445,-30.1900489098425));
#8288=CARTESIAN_POINT('',(-60.,-9.04360400008445,-15.4386569349161));
#8289=CARTESIAN_POINT('',(-60.,-14.5218020000422,-30.1900489098425));
#8290=CARTESIAN_POINT('',(-60.,-5.40429349744784,-26.2684570283711));
#8291=CARTESIAN_POINT('',(-60.,-6.09711382047539,-25.8684570283711));
#8292=CARTESIAN_POINT('',(-60.,-16.5649712121022,-19.8248367454767));
#8293=CARTESIAN_POINT('',(-60.,-7.8113995347611,-28.8376869842034));
#8294=CARTESIAN_POINT('',(-60.,-2.2342893570971,-19.1778487970799));
#8295=CARTESIAN_POINT('',(-60.,-7.11857921173355,-29.2376869842034));
#8296=CARTESIAN_POINT('',(-60.,-18.6256670879017,-22.594066701309));
#8297=CARTESIAN_POINT('',(-60.,-2.39861189121241,-21.0624637749961));
#8298=CARTESIAN_POINT('',(-60.,-14.9350906291653,-17.0749578079704));
#8299=CARTESIAN_POINT('',(-60.,-14.8590457945219,-17.8713353460288));
#8300=CARTESIAN_POINT('',(-60.,-15.7658372599496,-8.37498548667797));
#8301=CARTESIAN_POINT('',(-60.,-12.2992608507626,-17.6269055203895));
#8302=CARTESIAN_POINT('',(-60.,-16.560753849155,-18.033828763336));
#8303=CARTESIAN_POINT('',(-60.,-12.3753056854059,-16.830527982331));
#8304=CARTESIAN_POINT('',(-60.,-13.1680298988686,-8.52874443006787));
#8305=CARTESIAN_POINT('',(-60.,-15.3569062119187,-17.1152363124579));
#8306=CARTESIAN_POINT('',(-60.,-9.48560055268489,-4.44911801854485));
#8307=CARTESIAN_POINT('',(-60.,-10.0902002121683,-4.97300660570108));
#8308=CARTESIAN_POINT('',(-60.,-11.3873310756814,-6.09697689708901));
#8309=CARTESIAN_POINT('',(-60.,-8.40627261059471,-6.9163626540406));
#8310=CARTESIAN_POINT('',(-60.,-13.4456694128294,-1.1005887178845));
#8311=CARTESIAN_POINT('',(-60.,-7.80167295111131,-6.39247406688438));
#8312=CARTESIAN_POINT('',(-60.,-10.0057033038495,-8.30227723900665));
#8313=CARTESIAN_POINT('',(-60.,-11.9991059525592,-1.54837815489803));
#8314=CARTESIAN_POINT('',(-60.,-3.11264877855931,-1.37582882837995));
#8315=CARTESIAN_POINT('',(-60.,-3.89009803321815,-1.56443597678749));
#8316=CARTESIAN_POINT('',(-60.,-10.9293953691649,-3.27215103261879));
#8317=CARTESIAN_POINT('',(-60.,-3.28386077047962,-4.06338000961945));
#8318=CARTESIAN_POINT('',(-60.,-4.51702705333291,1.01980064164134));
#8319=CARTESIAN_POINT('',(-60.,-2.50641151582079,-3.87477286121191));
#8320=CARTESIAN_POINT('',(-60.,-10.7118827337558,-5.86539863965452));
#8321=CARTESIAN_POINT('',(-60.,-3.43645916730481,-0.0410642263670991));
#8322=CARTESIAN_POINT('',(-60.,14.1091946042579,-10.8437162657384));
#8323=CARTESIAN_POINT('',(-60.,13.8118646397296,-10.1010219193255));
#8324=CARTESIAN_POINT('',(-60.,9.88263698969286,-0.286285735297298));
#8325=CARTESIAN_POINT('',(-60.,11.424632811974,-11.0567253767378));
#8326=CARTESIAN_POINT('',(-60.,0.983824952165651,-15.2365943168973));
#8327=CARTESIAN_POINT('',(-60.,11.7219627765023,-11.7994197231506));
#8328=CARTESIAN_POINT('',(-60.,7.34674017967313,-0.870642019503153));
#8329=CARTESIAN_POINT('',(-60.,0.087539002816121,-16.4571403920163));
#8330=CARTESIAN_POINT('',(-60.,-10.63682532256,-22.4301975312525));
#8331=CARTESIAN_POINT('',(-60.,-12.8000486926973,-23.8204167761383));
#8332=CARTESIAN_POINT('',(-60.,-8.84921349037458,-21.2813691643826));
#8333=CARTESIAN_POINT('',(-60.,-12.3675360387328,-24.4934196024033));
#8334=CARTESIAN_POINT('',(-60.,-19.2692478636027,-13.754146377382));
#8335=CARTESIAN_POINT('',(-60.,-10.2043126685955,-23.1032003575175));
#8336=CARTESIAN_POINT('',(-60.,-9.49831252147877,-22.6494816130905));
#8337=CARTESIAN_POINT('',(-60.,-16.8897681664831,-12.7004285456287));
#8338=CARTESIAN_POINT('',(-60.,-8.19853593492042,-30.8773138698322));
#8339=CARTESIAN_POINT('',(-60.,-7.75781798293266,-30.8773138698322));
#8340=CARTESIAN_POINT('',(-60.,-14.0992679674602,-30.8773138698322));
#8341=CARTESIAN_POINT('',(-60.,-7.75781798293266,-30.1900489098425));
#8342=CARTESIAN_POINT('',(-60.,-7.75781798293266,-15.4386569349161));
#8343=CARTESIAN_POINT('',(-60.,-8.8863747464102,-30.1900489098425));
#8344=CARTESIAN_POINT('',(-60.,-13.8789089914663,-30.1900489098425));
#8345=CARTESIAN_POINT('',(-60.,-8.8863747464102,-33.081477481271));
#8346=CARTESIAN_POINT('',(-60.,-8.8863747464102,-15.0950244549212));
#8347=CARTESIAN_POINT('',(-60.,-8.19853593492042,-33.081477481271));
#8348=CARTESIAN_POINT('',(-60.,-14.4431873732051,-33.081477481271));
#8349=CARTESIAN_POINT('',(-60.,-8.19853593492042,-16.5407387406355));
#8350=CARTESIAN_POINT('',(-60.,-1.97036428956065,-38.7073059274368));
#8351=CARTESIAN_POINT('',(-60.,-1.22121900948923,-38.7073059274368));
#8352=CARTESIAN_POINT('',(-60.,-10.9851821447803,-38.7073059274368));
#8353=CARTESIAN_POINT('',(-60.,-1.22121900948923,-35.3873059274368));
#8354=CARTESIAN_POINT('',(-60.,-1.22121900948923,-19.3536529637184));
#8355=CARTESIAN_POINT('',(-60.,-1.94826674139138,-35.3873059274368));
#8356=CARTESIAN_POINT('',(-60.,-10.6106095047446,-35.3873059274368));
#8357=CARTESIAN_POINT('',(-60.,-2.99218733603319,-37.452506400424));
#8358=CARTESIAN_POINT('',(-60.,3.33850346277206,-24.9284258342061));
#8359=CARTESIAN_POINT('',(-60.,-4.03855557568002,-35.3873059274368));
#8360=CARTESIAN_POINT('',(-60.,-12.2791391487349,-19.1229962437759));
#8361=CARTESIAN_POINT('',(-60.,-4.76349082381639,-35.3873059274368));
#8362=CARTESIAN_POINT('',(-60.,-12.01927778784,-35.3873059274368));
#8363=CARTESIAN_POINT('',(-60.,-4.76349082381639,-38.7073059274368));
#8364=CARTESIAN_POINT('',(-60.,-4.76349082381639,-17.6936529637184));
#8365=CARTESIAN_POINT('',(-60.,-4.01635402399492,-38.7073059274368));
#8366=CARTESIAN_POINT('',(-60.,-12.3817454119082,-38.7073059274368));
#8367=CARTESIAN_POINT('',(-60.,-4.01635402399492,-37.0155926780655));
#8368=CARTESIAN_POINT('',(-60.,-4.01635402399492,-19.3536529637184));
#8369=CARTESIAN_POINT('',(-60.,-3.15504325878518,-38.7073059274368));
#8370=CARTESIAN_POINT('',(-60.,-13.144713242144,-19.0864469409832));
#8371=CARTESIAN_POINT('',(-60.,-2.8316750547704,-38.7073059274368));
#8372=CARTESIAN_POINT('',(-60.,-11.5775216293926,-38.7073059274368));
#8373=CARTESIAN_POINT('',(-60.,-1.97036428956065,-37.0155926780655));
#8374=CARTESIAN_POINT('',(-60.,3.2264078220186,-26.8085354924039));
#8375=CARTESIAN_POINT('',(-60.,-1.97036428956065,-18.5077963390328));
#8376=CARTESIAN_POINT('',(-60.,3.75,-15.5));
#8377=CARTESIAN_POINT('Origin',(-60.,-1.11022302462516E-15,-15.5));
#8378=CARTESIAN_POINT('Origin',(-55.,15.,0.));
#8379=CARTESIAN_POINT('',(-55.,20.,0.));
#8380=CARTESIAN_POINT('',(-55.,20.,0.));
#8381=CARTESIAN_POINT('',(-55.,20.,-40.));
#8382=CARTESIAN_POINT('',(-55.,20.,0.));
#8383=CARTESIAN_POINT('Origin',(-55.,15.,-40.));
#8384=CARTESIAN_POINT('',(-60.,15.,0.));
#8385=CARTESIAN_POINT('Origin',(-56.,15.1010205144336,0.));
#8386=CARTESIAN_POINT('',(-51.,15.1010205144336,0.));
#8387=CARTESIAN_POINT('',(-51.,15.1010205144336,0.));
#8388=CARTESIAN_POINT('Origin',(-56.,15.1010205144336,0.));
#8389=CARTESIAN_POINT('Origin',(-55.5,-2.22044604925031E-15,10.));
#8390=CARTESIAN_POINT('Origin',(56.,-15.0000000000001,0.));
#8391=CARTESIAN_POINT('',(51.,-15.0000000000001,0.));
#8392=CARTESIAN_POINT('',(51.,-15.0000000000001,0.));
#8393=CARTESIAN_POINT('Origin',(56.,-15.0000000000001,0.));
#8394=CARTESIAN_POINT('Origin',(51.,20.,0.));
#8395=CARTESIAN_POINT('',(51.,15.,0.));
#8396=CARTESIAN_POINT('',(51.,15.,0.));
#8397=CARTESIAN_POINT('',(51.,10.,0.));
#8398=CARTESIAN_POINT('Origin',(56.,15.,0.));
#8399=CARTESIAN_POINT('',(56.,20.,0.));
#8400=CARTESIAN_POINT('',(56.,20.,0.));
#8401=CARTESIAN_POINT('Origin',(56.,15.,0.));
#8402=CARTESIAN_POINT('Origin',(-60.,20.,0.));
#8403=CARTESIAN_POINT('',(-60.,20.,0.));
#8404=CARTESIAN_POINT('',(58.,20.,-40.));
#8405=CARTESIAN_POINT('',(58.,20.,0.));
#8406=CARTESIAN_POINT('',(-60.,20.,-40.));
#8407=CARTESIAN_POINT('Origin',(58.,18.,0.));
#8408=CARTESIAN_POINT('',(60.,18.,-40.));
#8409=CARTESIAN_POINT('',(60.,18.,0.));
#8410=CARTESIAN_POINT('Origin',(58.,18.,-40.));
#8411=CARTESIAN_POINT('Origin',(-60.,2.95823852287445,-36.7462879902303));
#8412=CARTESIAN_POINT('',(-60.,2.95823852287445,-36.7462879902303));
#8413=CARTESIAN_POINT('',(-60.,2.92492765656396,-36.7273818228648));
#8414=CARTESIAN_POINT('',(-60.,-13.6112902909996,-27.3419608255987));
#8415=CARTESIAN_POINT('',(-59.,2.95823852287445,-36.7462879902303));
#8416=CARTESIAN_POINT('',(-60.,2.95823852287445,-36.7462879902303));
#8417=CARTESIAN_POINT('',(-59.,2.92492765656396,-36.7273818228648));
#8418=CARTESIAN_POINT('',(-59.,2.95823852287445,-36.7462879902303));
#8419=CARTESIAN_POINT('',(-60.,2.92492765656396,-36.7273818228648));
#8420=CARTESIAN_POINT('Origin',(-60.,3.06414841907901,-36.7597674315654));
#8421=CARTESIAN_POINT('',(-60.,3.06414841907901,-36.7597674315654));
#8422=CARTESIAN_POINT('',(-60.,-10.5860726981728,-35.0224665620974));
#8423=CARTESIAN_POINT('',(-59.,3.06414841907901,-36.7597674315654));
#8424=CARTESIAN_POINT('',(-60.,3.06414841907901,-36.7597674315654));
#8425=CARTESIAN_POINT('',(-59.,3.06414841907901,-36.7597674315654));
#8426=CARTESIAN_POINT('Origin',(-60.,4.08436679725033,-36.7597674315654));
#8427=CARTESIAN_POINT('',(-60.,4.08436679725033,-36.7597674315654));
#8428=CARTESIAN_POINT('',(-60.,-7.95781660137483,-36.7597674315654));
#8429=CARTESIAN_POINT('',(-59.,4.08436679725033,-36.7597674315654));
#8430=CARTESIAN_POINT('',(-60.,4.08436679725033,-36.7597674315654));
#8431=CARTESIAN_POINT('',(-59.,4.08436679725033,-36.7597674315654));
#8432=CARTESIAN_POINT('Origin',(-60.,4.08436679725033,-36.1357817140916));
#8433=CARTESIAN_POINT('',(-60.,4.08436679725033,-36.1357817140916));
#8434=CARTESIAN_POINT('',(-60.,4.08436679725033,-18.0678908570458));
#8435=CARTESIAN_POINT('',(-59.,4.08436679725033,-36.1357817140916));
#8436=CARTESIAN_POINT('',(-60.,4.08436679725033,-36.1357817140916));
#8437=CARTESIAN_POINT('',(-59.,4.08436679725033,-36.1357817140916));
#8438=CARTESIAN_POINT('Origin',(-60.,3.06423822880984,-36.1357817140916));
#8439=CARTESIAN_POINT('',(-60.,3.06423822880984,-36.1357817140916));
#8440=CARTESIAN_POINT('',(-60.,-8.46788088559508,-36.1357817140916));
#8441=CARTESIAN_POINT('',(-59.,3.06423822880984,-36.1357817140916));
#8442=CARTESIAN_POINT('',(-60.,3.06423822880984,-36.1357817140916));
#8443=CARTESIAN_POINT('',(-59.,3.06423822880984,-36.1357817140916));
#8444=CARTESIAN_POINT('Origin',(-60.,2.95863467036034,-36.1493421710289));
#8445=CARTESIAN_POINT('',(-60.,2.95863467036034,-36.1493421710289));
#8446=CARTESIAN_POINT('',(-60.,-6.05116888087209,-37.3062828543121));
#8447=CARTESIAN_POINT('',(-59.,2.95863467036034,-36.1493421710289));
#8448=CARTESIAN_POINT('',(-60.,2.95863467036034,-36.1493421710289));
#8449=CARTESIAN_POINT('',(-59.,2.95863467036034,-36.1493421710289));
#8450=CARTESIAN_POINT('Origin',(-60.,2.92492835024463,-36.1686435942032));
#8451=CARTESIAN_POINT('',(-60.,2.92492835024463,-36.1686435942032));
#8452=CARTESIAN_POINT('',(-60.,2.09147933093222,-36.6459057860055));
#8453=CARTESIAN_POINT('',(-59.,2.92492835024463,-36.1686435942032));
#8454=CARTESIAN_POINT('',(-60.,2.92492835024463,-36.1686435942032));
#8455=CARTESIAN_POINT('',(-59.,2.92492835024463,-36.1686435942032));
#8456=CARTESIAN_POINT('Origin',(-60.,2.90556704350874,-36.2025116027412));
#8457=CARTESIAN_POINT('',(-60.,2.90556704350874,-36.2025116027412));
#8458=CARTESIAN_POINT('',(-60.,7.8837607012205,-27.494343936008));
#8459=CARTESIAN_POINT('',(-59.,2.90556704350874,-36.2025116027412));
#8460=CARTESIAN_POINT('',(-60.,2.90556704350874,-36.2025116027412));
#8461=CARTESIAN_POINT('',(-59.,2.90556704350874,-36.2025116027412));
#8462=CARTESIAN_POINT('Origin',(-60.,2.89198116904234,-36.3086737899433));
#8463=CARTESIAN_POINT('',(-60.,2.89198116904234,-36.3086737899433));
#8464=CARTESIAN_POINT('',(-60.,4.99337673482581,-19.8880341033345));
#8465=CARTESIAN_POINT('',(-59.,2.89198116904234,-36.3086737899433));
#8466=CARTESIAN_POINT('',(-60.,2.89198116904234,-36.3086737899433));
#8467=CARTESIAN_POINT('',(-59.,2.89198116904234,-36.3086737899433));
#8468=CARTESIAN_POINT('Origin',(-60.,2.89198116904234,-36.5868867967849));
#8469=CARTESIAN_POINT('',(-60.,2.89198116904234,-36.5868867967849));
#8470=CARTESIAN_POINT('',(-60.,2.89198116904234,-18.2934433983925));
#8471=CARTESIAN_POINT('',(-59.,2.89198116904234,-36.5868867967849));
#8472=CARTESIAN_POINT('',(-60.,2.89198116904234,-36.5868867967849));
#8473=CARTESIAN_POINT('',(-59.,2.89198116904234,-36.5868867967849));
#8474=CARTESIAN_POINT('Origin',(-60.,2.90559581266015,-36.6933942742906));
#8475=CARTESIAN_POINT('',(-60.,2.90559581266015,-36.6933942742906));
#8476=CARTESIAN_POINT('',(-60.,0.413947920828975,-17.2012107665137));
#8477=CARTESIAN_POINT('',(-59.,2.90559581266015,-36.6933942742906));
#8478=CARTESIAN_POINT('',(-60.,2.90559581266015,-36.6933942742906));
#8479=CARTESIAN_POINT('',(-59.,2.90559581266015,-36.6933942742906));
#8480=CARTESIAN_POINT('Origin',(-60.,2.92492765656396,-36.7273818228648));
#8481=CARTESIAN_POINT('',(-60.,-7.76887302732127,-17.9264815054752));
#8482=CARTESIAN_POINT('',(-59.,2.92492765656396,-36.7273818228648));
#8483=CARTESIAN_POINT('Origin',(-60.,2.35837734460737,-35.6033215139468));
#8484=CARTESIAN_POINT('',(-59.,2.35837734460737,-35.6033215139468));
#8485=CARTESIAN_POINT('',(-60.,2.35837734460737,-35.6033215139468));
#8486=CARTESIAN_POINT('',(-59.,2.14283588897093,-36.2511345285894));
#8487=CARTESIAN_POINT('',(-59.,2.35837734460737,-35.6033215139468));
#8488=CARTESIAN_POINT('',(-60.,2.14283588897093,-36.2511345285894));
#8489=CARTESIAN_POINT('Origin',(-60.,3.00523502751413,-35.3873059274368));
#8490=CARTESIAN_POINT('',(-59.,3.00523502751413,-35.3873059274368));
#8491=CARTESIAN_POINT('',(-60.,3.00523502751413,-35.3873059274368));
#8492=CARTESIAN_POINT('',(-59.,3.00523502751413,-35.3873059274368));
#8493=CARTESIAN_POINT('Origin',(-60.,4.83351207732174,-35.3873059274368));
#8494=CARTESIAN_POINT('',(-59.,4.83351207732174,-35.3873059274368));
#8495=CARTESIAN_POINT('',(-60.,4.83351207732174,-35.3873059274368));
#8496=CARTESIAN_POINT('',(-59.,4.83351207732174,-35.3873059274368));
#8497=CARTESIAN_POINT('Origin',(-60.,4.83351207732174,-38.7073059274368));
#8498=CARTESIAN_POINT('',(-59.,4.83351207732174,-38.7073059274368));
#8499=CARTESIAN_POINT('',(-60.,4.83351207732174,-38.7073059274368));
#8500=CARTESIAN_POINT('',(-59.,4.83351207732174,-38.7073059274368));
#8501=CARTESIAN_POINT('Origin',(-60.,4.08436679725033,-38.7073059274368));
#8502=CARTESIAN_POINT('',(-59.,4.08436679725033,-38.7073059274368));
#8503=CARTESIAN_POINT('',(-60.,4.08436679725033,-38.7073059274368));
#8504=CARTESIAN_POINT('',(-59.,4.08436679725033,-38.7073059274368));
#8505=CARTESIAN_POINT('Origin',(-60.,4.08436679725033,-37.5082432182202));
#8506=CARTESIAN_POINT('',(-59.,4.08436679725033,-37.5082432182202));
#8507=CARTESIAN_POINT('',(-60.,4.08436679725033,-37.5082432182202));
#8508=CARTESIAN_POINT('',(-59.,4.08436679725033,-37.5082432182202));
#8509=CARTESIAN_POINT('Origin',(-60.,3.40721351843375,-37.5082432182202));
#8510=CARTESIAN_POINT('',(-59.,3.40721351843375,-37.5082432182202));
#8511=CARTESIAN_POINT('',(-60.,3.40721351843375,-37.5082432182202));
#8512=CARTESIAN_POINT('',(-59.,3.40721351843375,-37.5082432182202));
#8513=CARTESIAN_POINT('Origin',(-60.,2.85086448919921,-38.7073059274368));
#8514=CARTESIAN_POINT('',(-59.,2.85086448919921,-38.7073059274368));
#8515=CARTESIAN_POINT('',(-60.,2.85086448919921,-38.7073059274368));
#8516=CARTESIAN_POINT('',(-59.,2.85086448919921,-38.7073059274368));
#8517=CARTESIAN_POINT('Origin',(-60.,2.02320117133197,-38.7073059274368));
#8518=CARTESIAN_POINT('',(-59.,2.02320117133197,-38.7073059274368));
#8519=CARTESIAN_POINT('',(-60.,2.02320117133197,-38.7073059274368));
#8520=CARTESIAN_POINT('',(-59.,2.02320117133197,-38.7073059274368));
#8521=CARTESIAN_POINT('Origin',(-60.,2.63050202391113,-37.4012128720086));
#8522=CARTESIAN_POINT('',(-59.,2.63050202391113,-37.4012128720086));
#8523=CARTESIAN_POINT('',(-60.,2.63050202391113,-37.4012128720086));
#8524=CARTESIAN_POINT('',(-59.,2.63050202391113,-37.4012128720086));
#8525=CARTESIAN_POINT('Origin',(-60.,2.30007276418604,-37.2180999905776));
#8526=CARTESIAN_POINT('',(-59.,2.30007276418604,-37.2180999905776));
#8527=CARTESIAN_POINT('',(-60.,2.30007276418604,-37.2180999905776));
#8528=CARTESIAN_POINT('',(-59.,2.30007276418604,-37.2180999905776));
#8529=CARTESIAN_POINT('Origin',(-60.,2.14283588897093,-36.639861381974));
#8530=CARTESIAN_POINT('',(-59.,2.14283588897093,-36.639861381974));
#8531=CARTESIAN_POINT('',(-60.,2.14283588897093,-36.639861381974));
#8532=CARTESIAN_POINT('',(-59.,2.14283588897093,-36.639861381974));
#8533=CARTESIAN_POINT('Origin',(-60.,2.14283588897093,-36.2511345285894));
#8534=CARTESIAN_POINT('',(-59.,2.14283588897093,-36.2511345285894));
#8535=CARTESIAN_POINT('Origin',(-59.,3.42835662432686,-37.0473059274368));
#8536=CARTESIAN_POINT('Origin',(-60.,7.88142078826646,-28.8376869842034));
#8537=CARTESIAN_POINT('',(-59.,7.88142078826646,-28.8376869842034));
#8538=CARTESIAN_POINT('',(-60.,7.88142078826646,-28.8376869842034));
#8539=CARTESIAN_POINT('',(-59.,6.16713507398074,-25.8684570283711));
#8540=CARTESIAN_POINT('',(-59.,7.88142078826646,-28.8376869842034));
#8541=CARTESIAN_POINT('',(-60.,6.16713507398074,-25.8684570283711));
#8542=CARTESIAN_POINT('Origin',(-60.,7.18860046523891,-29.2376869842034));
#8543=CARTESIAN_POINT('',(-59.,7.18860046523891,-29.2376869842034));
#8544=CARTESIAN_POINT('',(-60.,7.18860046523891,-29.2376869842034));
#8545=CARTESIAN_POINT('',(-59.,7.18860046523891,-29.2376869842034));
#8546=CARTESIAN_POINT('Origin',(-60.,5.47431475095319,-26.2684570283711));
#8547=CARTESIAN_POINT('',(-59.,5.47431475095319,-26.2684570283711));
#8548=CARTESIAN_POINT('',(-60.,5.47431475095319,-26.2684570283711));
#8549=CARTESIAN_POINT('',(-59.,5.47431475095319,-26.2684570283711));
#8550=CARTESIAN_POINT('Origin',(-60.,6.16713507398074,-25.8684570283711));
#8551=CARTESIAN_POINT('',(-59.,6.16713507398074,-25.8684570283711));
#8552=CARTESIAN_POINT('Origin',(-59.,6.67786776960983,-27.5530720062872));
#8553=CARTESIAN_POINT('Origin',(-60.,14.9290670480273,-17.8713353460288));
#8554=CARTESIAN_POINT('',(-59.,14.9290670480273,-17.8713353460288));
#8555=CARTESIAN_POINT('',(-60.,14.9290670480273,-17.8713353460288));
#8556=CARTESIAN_POINT('',(-59.,15.,-17.1284918652823));
#8557=CARTESIAN_POINT('',(-59.,14.9290670480273,-17.8713353460288));
#8558=CARTESIAN_POINT('',(-60.,15.,-17.1284918652823));
#8559=CARTESIAN_POINT('Origin',(-60.,12.3692821042679,-17.6269055203895));
#8560=CARTESIAN_POINT('',(-59.,12.3692821042679,-17.6269055203895));
#8561=CARTESIAN_POINT('',(-60.,12.3692821042679,-17.6269055203895));
#8562=CARTESIAN_POINT('',(-59.,12.3692821042679,-17.6269055203895));
#8563=CARTESIAN_POINT('Origin',(-60.,12.4453269389113,-16.830527982331));
#8564=CARTESIAN_POINT('',(-59.,12.4453269389113,-16.830527982331));
#8565=CARTESIAN_POINT('',(-60.,12.4453269389113,-16.830527982331));
#8566=CARTESIAN_POINT('',(-59.,12.4453269389113,-16.830527982331));
#8567=CARTESIAN_POINT('Origin',(-60.,15.,-17.0744696823593));
#8568=CARTESIAN_POINT('',(-59.,15.,-17.0744696823593));
#8569=CARTESIAN_POINT('',(-60.,15.,-17.0744696823593));
#8570=CARTESIAN_POINT('',(-59.,15.0051118826706,-17.0749578079703));
#8571=CARTESIAN_POINT('Origin',(-60.,15.,-17.1284918652823));
#8572=CARTESIAN_POINT('',(-59.,15.,10.));
#8573=CARTESIAN_POINT('Origin',(-59.,13.684641052134,-17.3509316641799));
#8574=CARTESIAN_POINT('Origin',(-60.,-14.0391733507525,-10.8437162657384));
#8575=CARTESIAN_POINT('',(-59.,-14.0391733507525,-10.8437162657384));
#8576=CARTESIAN_POINT('',(-60.,-14.0391733507525,-10.8437162657384));
#8577=CARTESIAN_POINT('',(-59.,-11.6519415229969,-11.7994197231506));
#8578=CARTESIAN_POINT('',(-59.,-14.0391733507525,-10.8437162657384));
#8579=CARTESIAN_POINT('',(-60.,-11.6519415229969,-11.7994197231506));
#8580=CARTESIAN_POINT('Origin',(-60.,-13.7418433862243,-10.1010219193255));
#8581=CARTESIAN_POINT('',(-59.,-13.7418433862243,-10.1010219193255));
#8582=CARTESIAN_POINT('',(-60.,-13.7418433862243,-10.1010219193255));
#8583=CARTESIAN_POINT('',(-59.,-13.7418433862243,-10.1010219193255));
#8584=CARTESIAN_POINT('Origin',(-60.,-11.3546115584687,-11.0567253767378));
#8585=CARTESIAN_POINT('',(-59.,-11.3546115584687,-11.0567253767378));
#8586=CARTESIAN_POINT('',(-60.,-11.3546115584687,-11.0567253767378));
#8587=CARTESIAN_POINT('',(-59.,-11.3546115584687,-11.0567253767378));
#8588=CARTESIAN_POINT('Origin',(-60.,-11.6519415229969,-11.7994197231506));
#8589=CARTESIAN_POINT('',(-59.,-11.6519415229969,-11.7994197231506));
#8590=CARTESIAN_POINT('Origin',(-59.,-12.6968924546106,-10.9502208212381));
#8591=CARTESIAN_POINT('Origin',(-60.,3.18267003206466,-1.37582882837995));
#8592=CARTESIAN_POINT('',(-59.,3.18267003206466,-1.37582882837995));
#8593=CARTESIAN_POINT('',(-60.,3.18267003206466,-1.37582882837995));
#8594=CARTESIAN_POINT('',(-59.,2.57643276932614,-3.87477286121191));
#8595=CARTESIAN_POINT('',(-59.,3.18267003206466,-1.37582882837995));
#8596=CARTESIAN_POINT('',(-60.,2.57643276932614,-3.87477286121191));
#8597=CARTESIAN_POINT('Origin',(-60.,3.9601192867235,-1.56443597678749));
#8598=CARTESIAN_POINT('',(-59.,3.9601192867235,-1.56443597678749));
#8599=CARTESIAN_POINT('',(-60.,3.9601192867235,-1.56443597678749));
#8600=CARTESIAN_POINT('',(-59.,3.9601192867235,-1.56443597678749));
#8601=CARTESIAN_POINT('Origin',(-60.,3.35388202398497,-4.06338000961945));
#8602=CARTESIAN_POINT('',(-59.,3.35388202398497,-4.06338000961945));
#8603=CARTESIAN_POINT('',(-60.,3.35388202398497,-4.06338000961945));
#8604=CARTESIAN_POINT('',(-59.,3.35388202398497,-4.06338000961945));
#8605=CARTESIAN_POINT('Origin',(-60.,2.57643276932614,-3.87477286121191));
#8606=CARTESIAN_POINT('',(-59.,2.57643276932614,-3.87477286121191));
#8607=CARTESIAN_POINT('Origin',(-59.,3.26827602802482,-2.7196044189997));
#8608=CARTESIAN_POINT('Origin',(-60.,7.87169420461666,-6.39247406688438));
#8609=CARTESIAN_POINT('',(-59.,7.87169420461666,-6.39247406688438));
#8610=CARTESIAN_POINT('',(-60.,7.87169420461666,-6.39247406688438));
#8611=CARTESIAN_POINT('',(-59.,8.47629386410006,-6.9163626540406));
#8612=CARTESIAN_POINT('',(-59.,7.87169420461666,-6.39247406688438));
#8613=CARTESIAN_POINT('',(-60.,8.47629386410006,-6.9163626540406));
#8614=CARTESIAN_POINT('Origin',(-60.,9.55562180619025,-4.44911801854485));
#8615=CARTESIAN_POINT('',(-59.,9.55562180619025,-4.44911801854485));
#8616=CARTESIAN_POINT('',(-60.,9.55562180619025,-4.44911801854485));
#8617=CARTESIAN_POINT('',(-59.,9.55562180619025,-4.44911801854485));
#8618=CARTESIAN_POINT('Origin',(-60.,10.1602214656737,-4.97300660570108));
#8619=CARTESIAN_POINT('',(-59.,10.1602214656737,-4.97300660570108));
#8620=CARTESIAN_POINT('',(-60.,10.1602214656737,-4.97300660570108));
#8621=CARTESIAN_POINT('',(-59.,10.1602214656737,-4.97300660570108));
#8622=CARTESIAN_POINT('Origin',(-60.,8.47629386410006,-6.9163626540406));
#8623=CARTESIAN_POINT('',(-59.,8.47629386410006,-6.9163626540406));
#8624=CARTESIAN_POINT('Origin',(-59.,9.01595783514516,-5.68274033629273));
#8625=CARTESIAN_POINT('Origin',(-60.,10.2743339221008,-23.1032003575175));
#8626=CARTESIAN_POINT('',(-59.,10.2743339221008,-23.1032003575175));
#8627=CARTESIAN_POINT('',(-60.,10.2743339221008,-23.1032003575175));
#8628=CARTESIAN_POINT('',(-59.,12.4375572922382,-24.4934196024033));
#8629=CARTESIAN_POINT('',(-59.,10.2743339221008,-23.1032003575175));
#8630=CARTESIAN_POINT('',(-60.,12.4375572922382,-24.4934196024033));
#8631=CARTESIAN_POINT('Origin',(-60.,10.7068465760653,-22.4301975312525));
#8632=CARTESIAN_POINT('',(-59.,10.7068465760653,-22.4301975312525));
#8633=CARTESIAN_POINT('',(-60.,10.7068465760653,-22.4301975312525));
#8634=CARTESIAN_POINT('',(-59.,10.7068465760653,-22.4301975312525));
#8635=CARTESIAN_POINT('Origin',(-60.,12.8700699462026,-23.8204167761383));
#8636=CARTESIAN_POINT('',(-59.,12.8700699462026,-23.8204167761383));
#8637=CARTESIAN_POINT('',(-60.,12.8700699462026,-23.8204167761383));
#8638=CARTESIAN_POINT('',(-59.,12.8700699462026,-23.8204167761383));
#8639=CARTESIAN_POINT('Origin',(-60.,12.4375572922382,-24.4934196024033));
#8640=CARTESIAN_POINT('',(-59.,12.4375572922382,-24.4934196024033));
#8641=CARTESIAN_POINT('Origin',(-59.,11.5722019341517,-23.4618085668279));
#8642=CARTESIAN_POINT('Origin',(-60.,8.55229694677054,-30.8773138698322));
#8643=CARTESIAN_POINT('',(-60.,8.55229694677054,-30.8773138698322));
#8644=CARTESIAN_POINT('',(-60.,9.51772430673483,-30.8773138698322));
#8645=CARTESIAN_POINT('',(-60.,-5.72385152661473,-30.8773138698322));
#8646=CARTESIAN_POINT('',(-59.,8.55229694677054,-30.8773138698322));
#8647=CARTESIAN_POINT('',(-60.,8.55229694677054,-30.8773138698322));
#8648=CARTESIAN_POINT('',(-59.,9.51772430673483,-30.8773138698322));
#8649=CARTESIAN_POINT('',(-59.,8.55229694677054,-30.8773138698322));
#8650=CARTESIAN_POINT('',(-60.,9.51772430673483,-30.8773138698322));
#8651=CARTESIAN_POINT('Origin',(-60.,8.55229694677054,-32.3936386697812));
#8652=CARTESIAN_POINT('',(-60.,8.55229694677054,-32.3936386697812));
#8653=CARTESIAN_POINT('',(-60.,8.55229694677054,-16.1968193348906));
#8654=CARTESIAN_POINT('',(-59.,8.55229694677054,-32.3936386697812));
#8655=CARTESIAN_POINT('',(-60.,8.55229694677054,-32.3936386697812));
#8656=CARTESIAN_POINT('',(-59.,8.55229694677054,-32.3936386697812));
#8657=CARTESIAN_POINT('Origin',(-60.,9.51772430673483,-32.3936386697812));
#8658=CARTESIAN_POINT('',(-60.,9.51772430673483,-32.3936386697812));
#8659=CARTESIAN_POINT('',(-60.,-5.24113784663258,-32.3936386697812));
#8660=CARTESIAN_POINT('',(-59.,9.51772430673483,-32.3936386697812));
#8661=CARTESIAN_POINT('',(-60.,9.51772430673483,-32.3936386697812));
#8662=CARTESIAN_POINT('',(-59.,9.51772430673483,-32.3936386697812));
#8663=CARTESIAN_POINT('Origin',(-60.,9.51772430673483,-30.8773138698322));
#8664=CARTESIAN_POINT('',(-60.,9.51772430673483,-15.4386569349161));
#8665=CARTESIAN_POINT('',(-59.,9.51772430673483,-30.8773138698322));
#8666=CARTESIAN_POINT('Origin',(-60.,10.2055631182246,-30.7094894889914));
#8667=CARTESIAN_POINT('',(-59.,10.2055631182246,-30.7094894889914));
#8668=CARTESIAN_POINT('',(-60.,10.2055631182246,-30.7094894889914));
#8669=CARTESIAN_POINT('',(-59.,10.1960288151111,-30.6122395972334));
#8670=CARTESIAN_POINT('',(-59.,10.2055631182246,-30.7094894889914));
#8671=CARTESIAN_POINT('',(-60.,10.1960288151111,-30.6122395972334));
#8672=CARTESIAN_POINT('Origin',(-60.,10.2055631182246,-32.5614175104361));
#8673=CARTESIAN_POINT('',(-59.,10.2055631182246,-32.5614175104361));
#8674=CARTESIAN_POINT('',(-60.,10.2055631182246,-32.5614175104361));
#8675=CARTESIAN_POINT('',(-59.,10.2055631182246,-32.5614175104361));
#8676=CARTESIAN_POINT('Origin',(-60.,10.1960470643465,-32.6590522232258));
#8677=CARTESIAN_POINT('',(-59.,10.1960470643465,-32.6590522232258));
#8678=CARTESIAN_POINT('',(-60.,10.1960470643465,-32.6590522232258));
#8679=CARTESIAN_POINT('',(-59.,10.1960470643465,-32.6590522232258));
#8680=CARTESIAN_POINT('Origin',(-60.,10.1650561466714,-32.7588429781394));
#8681=CARTESIAN_POINT('',(-59.,10.1650561466714,-32.7588429781394));
#8682=CARTESIAN_POINT('',(-60.,10.1650561466714,-32.7588429781394));
#8683=CARTESIAN_POINT('',(-59.,10.1650561466714,-32.7588429781394));
#8684=CARTESIAN_POINT('Origin',(-60.,10.1164370665352,-32.8489011054803));
#8685=CARTESIAN_POINT('',(-59.,10.1164370665352,-32.8489011054803));
#8686=CARTESIAN_POINT('',(-60.,10.1164370665352,-32.8489011054803));
#8687=CARTESIAN_POINT('',(-59.,10.1164370665352,-32.8489011054803));
#8688=CARTESIAN_POINT('Origin',(-60.,10.0519673399521,-32.9278817029985));
#8689=CARTESIAN_POINT('',(-59.,10.0519673399521,-32.9278817029985));
#8690=CARTESIAN_POINT('',(-60.,10.0519673399521,-32.9278817029985));
#8691=CARTESIAN_POINT('',(-59.,10.0519673399521,-32.9278817029985));
#8692=CARTESIAN_POINT('Origin',(-60.,9.9729867424339,-32.9923514295817));
#8693=CARTESIAN_POINT('',(-59.,9.9729867424339,-32.9923514295817));
#8694=CARTESIAN_POINT('',(-60.,9.9729867424339,-32.9923514295817));
#8695=CARTESIAN_POINT('',(-59.,9.9729867424339,-32.9923514295817));
#8696=CARTESIAN_POINT('Origin',(-60.,9.88292861509301,-33.0409705097179));
#8697=CARTESIAN_POINT('',(-59.,9.88292861509301,-33.0409705097179));
#8698=CARTESIAN_POINT('',(-60.,9.88292861509301,-33.0409705097179));
#8699=CARTESIAN_POINT('',(-59.,9.88292861509301,-33.0409705097179));
#8700=CARTESIAN_POINT('Origin',(-60.,9.78313786017943,-33.0719614273929));
#8701=CARTESIAN_POINT('',(-59.,9.78313786017943,-33.0719614273929));
#8702=CARTESIAN_POINT('',(-60.,9.78313786017943,-33.0719614273929));
#8703=CARTESIAN_POINT('',(-59.,9.78313786017943,-33.0719614273929));
#8704=CARTESIAN_POINT('Origin',(-60.,9.68550314738972,-33.081477481271));
#8705=CARTESIAN_POINT('',(-59.,9.68550314738972,-33.081477481271));
#8706=CARTESIAN_POINT('',(-60.,9.68550314738972,-33.081477481271));
#8707=CARTESIAN_POINT('',(-59.,9.68550314738972,-33.081477481271));
#8708=CARTESIAN_POINT('Origin',(-60.,8.38451810611565,-33.081477481271));
#8709=CARTESIAN_POINT('',(-59.,8.38451810611565,-33.081477481271));
#8710=CARTESIAN_POINT('',(-60.,8.38451810611565,-33.081477481271));
#8711=CARTESIAN_POINT('',(-59.,8.38451810611565,-33.081477481271));
#8712=CARTESIAN_POINT('Origin',(-60.,8.28688339332594,-33.0719614273929));
#8713=CARTESIAN_POINT('',(-59.,8.28688339332594,-33.0719614273929));
#8714=CARTESIAN_POINT('',(-60.,8.28688339332594,-33.0719614273929));
#8715=CARTESIAN_POINT('',(-59.,8.28688339332594,-33.0719614273929));
#8716=CARTESIAN_POINT('Origin',(-60.,8.18701906637078,-33.0409476612577));
#8717=CARTESIAN_POINT('',(-59.,8.18701906637078,-33.0409476612577));
#8718=CARTESIAN_POINT('',(-60.,8.18701906637078,-33.0409476612577));
#8719=CARTESIAN_POINT('',(-59.,8.18701906637078,-33.0409476612577));
#8720=CARTESIAN_POINT('Origin',(-60.,8.09684314995475,-32.992153843471));
#8721=CARTESIAN_POINT('',(-59.,8.09684314995475,-32.992153843471));
#8722=CARTESIAN_POINT('',(-60.,8.09684314995475,-32.992153843471));
#8723=CARTESIAN_POINT('',(-59.,8.09684314995475,-32.992153843471));
#8724=CARTESIAN_POINT('Origin',(-60.,8.01872333908338,-32.9278806657435));
#8725=CARTESIAN_POINT('',(-59.,8.01872333908338,-32.9278806657435));
#8726=CARTESIAN_POINT('',(-60.,8.01872333908338,-32.9278806657435));
#8727=CARTESIAN_POINT('',(-59.,8.01872333908338,-32.9278806657435));
#8728=CARTESIAN_POINT('Origin',(-60.,7.95399870441794,-32.8493453606239));
#8729=CARTESIAN_POINT('',(-59.,7.95399870441794,-32.8493453606239));
#8730=CARTESIAN_POINT('',(-60.,7.95399870441794,-32.8493453606239));
#8731=CARTESIAN_POINT('',(-59.,7.95399870441794,-32.8493453606239));
#8732=CARTESIAN_POINT('Origin',(-60.,7.90500731630341,-32.7589788926312));
#8733=CARTESIAN_POINT('',(-59.,7.90500731630341,-32.7589788926312));
#8734=CARTESIAN_POINT('',(-60.,7.90500731630341,-32.7589788926312));
#8735=CARTESIAN_POINT('',(-59.,7.90500731630341,-32.7589788926312));
#8736=CARTESIAN_POINT('Origin',(-60.,7.8739741891589,-32.6590522232258));
#8737=CARTESIAN_POINT('',(-59.,7.8739741891589,-32.6590522232258));
#8738=CARTESIAN_POINT('',(-60.,7.8739741891589,-32.6590522232258));
#8739=CARTESIAN_POINT('',(-59.,7.8739741891589,-32.6590522232258));
#8740=CARTESIAN_POINT('Origin',(-60.,7.86445813528075,-32.5614175104361));
#8741=CARTESIAN_POINT('',(-59.,7.86445813528075,-32.5614175104361));
#8742=CARTESIAN_POINT('',(-60.,7.86445813528075,-32.5614175104361));
#8743=CARTESIAN_POINT('',(-59.,7.86445813528075,-32.5614175104361));
#8744=CARTESIAN_POINT('Origin',(-60.,7.86445813528075,-30.7094894889914));
#8745=CARTESIAN_POINT('',(-59.,7.86445813528075,-30.7094894889914));
#8746=CARTESIAN_POINT('',(-60.,7.86445813528075,-30.7094894889914));
#8747=CARTESIAN_POINT('',(-59.,7.86445813528075,-30.7094894889914));
#8748=CARTESIAN_POINT('Origin',(-60.,7.87399243839429,-30.6122395972334));
#8749=CARTESIAN_POINT('',(-59.,7.87399243839429,-30.6122395972334));
#8750=CARTESIAN_POINT('',(-60.,7.87399243839429,-30.6122395972334));
#8751=CARTESIAN_POINT('',(-59.,7.87399243839429,-30.6122395972334));
#8752=CARTESIAN_POINT('Origin',(-60.,7.9050759103702,-30.5123580406174));
#8753=CARTESIAN_POINT('',(-59.,7.9050759103702,-30.5123580406174));
#8754=CARTESIAN_POINT('',(-60.,7.9050759103702,-30.5123580406174));
#8755=CARTESIAN_POINT('',(-59.,7.9050759103702,-30.5123580406174));
#8756=CARTESIAN_POINT('Origin',(-60.,7.95439843866023,-30.4217952470765));
#8757=CARTESIAN_POINT('',(-59.,7.95439843866023,-30.4217952470765));
#8758=CARTESIAN_POINT('',(-60.,7.95439843866023,-30.4217952470765));
#8759=CARTESIAN_POINT('',(-59.,7.95439843866023,-30.4217952470765));
#8760=CARTESIAN_POINT('Origin',(-60.,8.01937356565552,-30.344197563563));
#8761=CARTESIAN_POINT('',(-59.,8.01937356565552,-30.344197563563));
#8762=CARTESIAN_POINT('',(-60.,8.01937356565552,-30.344197563563));
#8763=CARTESIAN_POINT('',(-59.,8.01937356565552,-30.344197563563));
#8764=CARTESIAN_POINT('Origin',(-60.,8.09684748253943,-30.2808657108722));
#8765=CARTESIAN_POINT('',(-59.,8.09684748253943,-30.2808657108722));
#8766=CARTESIAN_POINT('',(-60.,8.09684748253943,-30.2808657108722));
#8767=CARTESIAN_POINT('',(-59.,8.09684748253943,-30.2808657108722));
#8768=CARTESIAN_POINT('Origin',(-60.,8.18594689114434,-30.2322475404234));
#8769=CARTESIAN_POINT('',(-59.,8.18594689114434,-30.2322475404234));
#8770=CARTESIAN_POINT('',(-60.,8.18594689114434,-30.2322475404234));
#8771=CARTESIAN_POINT('',(-59.,8.18594689114434,-30.2322475404234));
#8772=CARTESIAN_POINT('Origin',(-60.,8.28567729074928,-30.2000364796814));
#8773=CARTESIAN_POINT('',(-59.,8.28567729074928,-30.2000364796814));
#8774=CARTESIAN_POINT('',(-60.,8.28567729074928,-30.2000364796814));
#8775=CARTESIAN_POINT('',(-59.,8.28567729074928,-30.2000364796814));
#8776=CARTESIAN_POINT('Origin',(-60.,8.38420850858388,-30.1900489098425));
#8777=CARTESIAN_POINT('',(-59.,8.38420850858388,-30.1900489098425));
#8778=CARTESIAN_POINT('',(-60.,8.38420850858388,-30.1900489098425));
#8779=CARTESIAN_POINT('',(-59.,8.38420850858388,-30.1900489098425));
#8780=CARTESIAN_POINT('Origin',(-60.,9.68581274492149,-30.1900489098425));
#8781=CARTESIAN_POINT('',(-59.,9.68581274492149,-30.1900489098425));
#8782=CARTESIAN_POINT('',(-60.,9.68581274492149,-30.1900489098425));
#8783=CARTESIAN_POINT('',(-59.,9.68581274492149,-30.1900489098425));
#8784=CARTESIAN_POINT('Origin',(-60.,9.78434396275609,-30.2000364796814));
#8785=CARTESIAN_POINT('',(-59.,9.78434396275609,-30.2000364796814));
#8786=CARTESIAN_POINT('',(-60.,9.78434396275609,-30.2000364796814));
#8787=CARTESIAN_POINT('',(-59.,9.78434396275609,-30.2000364796814));
#8788=CARTESIAN_POINT('Origin',(-60.,9.88400077112182,-30.2322237718244));
#8789=CARTESIAN_POINT('',(-59.,9.88400077112182,-30.2322237718244));
#8790=CARTESIAN_POINT('',(-60.,9.88400077112182,-30.2322237718244));
#8791=CARTESIAN_POINT('',(-59.,9.88400077112182,-30.2322237718244));
#8792=CARTESIAN_POINT('Origin',(-60.,9.97298307137813,-30.2806674387065));
#8793=CARTESIAN_POINT('',(-59.,9.97298307137813,-30.2806674387065));
#8794=CARTESIAN_POINT('',(-60.,9.97298307137813,-30.2806674387065));
#8795=CARTESIAN_POINT('',(-59.,9.97298307137813,-30.2806674387065));
#8796=CARTESIAN_POINT('Origin',(-60.,10.0513170887605,-30.3441981772135));
#8797=CARTESIAN_POINT('',(-59.,10.0513170887605,-30.3441981772135));
#8798=CARTESIAN_POINT('',(-60.,10.0513170887605,-30.3441981772135));
#8799=CARTESIAN_POINT('',(-59.,10.0513170887605,-30.3441981772135));
#8800=CARTESIAN_POINT('Origin',(-60.,10.1160397521859,-30.4222399739483));
#8801=CARTESIAN_POINT('',(-59.,10.1160397521859,-30.4222399739483));
#8802=CARTESIAN_POINT('',(-60.,10.1160397521859,-30.4222399739483));
#8803=CARTESIAN_POINT('',(-59.,10.1160397521859,-30.4222399739483));
#8804=CARTESIAN_POINT('Origin',(-60.,10.164987743444,-30.5124942869433));
#8805=CARTESIAN_POINT('',(-59.,10.164987743444,-30.5124942869433));
#8806=CARTESIAN_POINT('',(-60.,10.164987743444,-30.5124942869433));
#8807=CARTESIAN_POINT('',(-59.,10.164987743444,-30.5124942869433));
#8808=CARTESIAN_POINT('Origin',(-60.,10.1960288151111,-30.6122395972334));
#8809=CARTESIAN_POINT('',(-59.,10.1960288151111,-30.6122395972334));
#8810=CARTESIAN_POINT('Origin',(-59.,9.03501062675268,-31.6357631955567));
#8811=CARTESIAN_POINT('Origin',(-60.,-0.180379173853455,-36.2025116027412));
#8812=CARTESIAN_POINT('',(-60.,-0.180379173853455,-36.2025116027412));
#8813=CARTESIAN_POINT('',(-60.,-0.161017867117563,-36.1686435942032));
#8814=CARTESIAN_POINT('',(-60.,5.17786466415876,-26.8295363934764));
#8815=CARTESIAN_POINT('',(-59.,-0.180379173853455,-36.2025116027412));
#8816=CARTESIAN_POINT('',(-60.,-0.180379173853455,-36.2025116027412));
#8817=CARTESIAN_POINT('',(-59.,-0.161017867117563,-36.1686435942032));
#8818=CARTESIAN_POINT('',(-59.,-0.180379173853455,-36.2025116027412));
#8819=CARTESIAN_POINT('',(-60.,-0.161017867117563,-36.1686435942032));
#8820=CARTESIAN_POINT('Origin',(-60.,-0.193965048319852,-36.3086737899433));
#8821=CARTESIAN_POINT('',(-60.,-0.193965048319852,-36.3086737899433));
#8822=CARTESIAN_POINT('',(-60.,1.93229268507977,-19.6937571652368));
#8823=CARTESIAN_POINT('',(-59.,-0.193965048319852,-36.3086737899433));
#8824=CARTESIAN_POINT('',(-60.,-0.193965048319852,-36.3086737899433));
#8825=CARTESIAN_POINT('',(-59.,-0.193965048319852,-36.3086737899433));
#8826=CARTESIAN_POINT('Origin',(-60.,-0.193965048319852,-36.6732170473455));
#8827=CARTESIAN_POINT('',(-60.,-0.193965048319852,-36.6732170473455));
#8828=CARTESIAN_POINT('',(-60.,-0.193965048319852,-18.3366085236728));
#8829=CARTESIAN_POINT('',(-59.,-0.193965048319852,-36.6732170473455));
#8830=CARTESIAN_POINT('',(-60.,-0.193965048319852,-36.6732170473455));
#8831=CARTESIAN_POINT('',(-59.,-0.193965048319852,-36.6732170473455));
#8832=CARTESIAN_POINT('Origin',(-60.,-0.180375638426921,-36.7791663404046));
#8833=CARTESIAN_POINT('',(-60.,-0.180375638426921,-36.7791663404046));
#8834=CARTESIAN_POINT('',(-60.,-2.66130115156432,-17.4367293751463));
#8835=CARTESIAN_POINT('',(-59.,-0.180375638426921,-36.7791663404046));
#8836=CARTESIAN_POINT('',(-60.,-0.180375638426921,-36.7791663404046));
#8837=CARTESIAN_POINT('',(-59.,-0.180375638426921,-36.7791663404046));
#8838=CARTESIAN_POINT('Origin',(-60.,-0.161072596048929,-36.81304631154));
#8839=CARTESIAN_POINT('',(-60.,-0.161072596048929,-36.81304631154));
#8840=CARTESIAN_POINT('',(-60.,-10.5090496365377,-18.6506677301498));
#8841=CARTESIAN_POINT('',(-59.,-0.161072596048929,-36.81304631154));
#8842=CARTESIAN_POINT('',(-60.,-0.161072596048929,-36.81304631154));
#8843=CARTESIAN_POINT('',(-59.,-0.161072596048929,-36.81304631154));
#8844=CARTESIAN_POINT('Origin',(-60.,-0.127707694487746,-36.8319831475612));
#8845=CARTESIAN_POINT('',(-60.,-0.127707694487746,-36.8319831475612));
#8846=CARTESIAN_POINT('',(-60.,-15.5485969408693,-28.0795865482642));
#8847=CARTESIAN_POINT('',(-59.,-0.127707694487746,-36.8319831475612));
#8848=CARTESIAN_POINT('',(-60.,-0.127707694487746,-36.8319831475612));
#8849=CARTESIAN_POINT('',(-59.,-0.127707694487746,-36.8319831475612));
#8850=CARTESIAN_POINT('Origin',(-60.,-0.0217977982831885,-36.8454625888963));
#8851=CARTESIAN_POINT('',(-60.,-0.0217977982831885,-36.8454625888963));
#8852=CARTESIAN_POINT('',(-60.,-12.1590074204224,-35.3007268188068));
#8853=CARTESIAN_POINT('',(-59.,-0.0217977982831885,-36.8454625888963));
#8854=CARTESIAN_POINT('',(-60.,-0.0217977982831885,-36.8454625888963));
#8855=CARTESIAN_POINT('',(-59.,-0.0217977982831885,-36.8454625888963));
#8856=CARTESIAN_POINT('Origin',(-60.,0.998420579888136,-36.8454625888963));
#8857=CARTESIAN_POINT('',(-60.,0.998420579888136,-36.8454625888963));
#8858=CARTESIAN_POINT('',(-60.,-9.50078971005593,-36.8454625888963));
#8859=CARTESIAN_POINT('',(-59.,0.998420579888136,-36.8454625888963));
#8860=CARTESIAN_POINT('',(-60.,0.998420579888136,-36.8454625888963));
#8861=CARTESIAN_POINT('',(-59.,0.998420579888136,-36.8454625888963));
#8862=CARTESIAN_POINT('Origin',(-60.,0.998420579888136,-36.1357817140916));
#8863=CARTESIAN_POINT('',(-60.,0.998420579888136,-36.1357817140916));
#8864=CARTESIAN_POINT('',(-60.,0.998420579888136,-18.0678908570458));
#8865=CARTESIAN_POINT('',(-59.,0.998420579888136,-36.1357817140916));
#8866=CARTESIAN_POINT('',(-60.,0.998420579888136,-36.1357817140916));
#8867=CARTESIAN_POINT('',(-59.,0.998420579888136,-36.1357817140916));
#8868=CARTESIAN_POINT('Origin',(-60.,-0.0217079885523579,-36.1357817140916));
#8869=CARTESIAN_POINT('',(-60.,-0.0217079885523579,-36.1357817140916));
#8870=CARTESIAN_POINT('',(-60.,-10.0108539942762,-36.1357817140916));
#8871=CARTESIAN_POINT('',(-59.,-0.0217079885523579,-36.1357817140916));
#8872=CARTESIAN_POINT('',(-60.,-0.0217079885523579,-36.1357817140916));
#8873=CARTESIAN_POINT('',(-59.,-0.0217079885523579,-36.1357817140916));
#8874=CARTESIAN_POINT('Origin',(-60.,-0.12731154700186,-36.1493421710289));
#8875=CARTESIAN_POINT('',(-60.,-0.12731154700186,-36.1493421710289));
#8876=CARTESIAN_POINT('',(-60.,-7.6191712064364,-37.1113650591153));
#8877=CARTESIAN_POINT('',(-59.,-0.12731154700186,-36.1493421710289));
#8878=CARTESIAN_POINT('',(-60.,-0.12731154700186,-36.1493421710289));
#8879=CARTESIAN_POINT('',(-59.,-0.12731154700186,-36.1493421710289));
#8880=CARTESIAN_POINT('Origin',(-60.,-0.161017867117563,-36.1686435942032));
#8881=CARTESIAN_POINT('',(-60.,0.167488328200525,-35.9805294046545));
#8882=CARTESIAN_POINT('',(-59.,-0.161017867117563,-36.1686435942032));
#8883=CARTESIAN_POINT('Origin',(-60.,0.998420579888136,-38.7073059274368));
#8884=CARTESIAN_POINT('',(-59.,0.998420579888136,-38.7073059274368));
#8885=CARTESIAN_POINT('',(-60.,0.998420579888136,-38.7073059274368));
#8886=CARTESIAN_POINT('',(-59.,1.74756585995955,-38.7073059274368));
#8887=CARTESIAN_POINT('',(-59.,0.998420579888136,-38.7073059274368));
#8888=CARTESIAN_POINT('',(-60.,1.74756585995955,-38.7073059274368));
#8889=CARTESIAN_POINT('Origin',(-60.,0.998420579888136,-37.5939383755511));
#8890=CARTESIAN_POINT('',(-59.,0.998420579888136,-37.5939383755511));
#8891=CARTESIAN_POINT('',(-60.,0.998420579888136,-37.5939383755511));
#8892=CARTESIAN_POINT('',(-59.,0.998420579888136,-37.5939383755511));
#8893=CARTESIAN_POINT('Origin',(-60.,-0.0807111898480697,-37.5939383755511));
#8894=CARTESIAN_POINT('',(-59.,-0.0807111898480697,-37.5939383755511));
#8895=CARTESIAN_POINT('',(-60.,-0.0807111898480697,-37.5939383755511));
#8896=CARTESIAN_POINT('',(-59.,-0.0807111898480697,-37.5939383755511));
#8897=CARTESIAN_POINT('Origin',(-60.,-0.727568872754823,-37.3779227890412));
#8898=CARTESIAN_POINT('',(-59.,-0.727568872754823,-37.3779227890412));
#8899=CARTESIAN_POINT('',(-60.,-0.727568872754823,-37.3779227890412));
#8900=CARTESIAN_POINT('',(-59.,-0.727568872754823,-37.3779227890412));
#8901=CARTESIAN_POINT('Origin',(-60.,-0.943110328391265,-36.7301097743986));
#8902=CARTESIAN_POINT('',(-59.,-0.943110328391265,-36.7301097743986));
#8903=CARTESIAN_POINT('',(-60.,-0.943110328391265,-36.7301097743986));
#8904=CARTESIAN_POINT('',(-59.,-0.943110328391265,-36.7301097743986));
#8905=CARTESIAN_POINT('Origin',(-60.,-0.943110328391265,-36.2511345285894));
#8906=CARTESIAN_POINT('',(-59.,-0.943110328391265,-36.2511345285894));
#8907=CARTESIAN_POINT('',(-60.,-0.943110328391265,-36.2511345285894));
#8908=CARTESIAN_POINT('',(-59.,-0.943110328391265,-36.2511345285894));
#8909=CARTESIAN_POINT('Origin',(-60.,-0.727568872754823,-35.6033215139468));
#8910=CARTESIAN_POINT('',(-59.,-0.727568872754823,-35.6033215139468));
#8911=CARTESIAN_POINT('',(-60.,-0.727568872754823,-35.6033215139468));
#8912=CARTESIAN_POINT('',(-59.,-0.727568872754823,-35.6033215139468));
#8913=CARTESIAN_POINT('Origin',(-60.,-0.0807111898480711,-35.3873059274368));
#8914=CARTESIAN_POINT('',(-59.,-0.0807111898480711,-35.3873059274368));
#8915=CARTESIAN_POINT('',(-60.,-0.0807111898480711,-35.3873059274368));
#8916=CARTESIAN_POINT('',(-59.,-0.080711189848071,-35.3873059274368));
#8917=CARTESIAN_POINT('Origin',(-60.,1.74756585995955,-35.3873059274368));
#8918=CARTESIAN_POINT('',(-59.,1.74756585995955,-35.3873059274368));
#8919=CARTESIAN_POINT('',(-60.,1.74756585995955,-35.3873059274368));
#8920=CARTESIAN_POINT('',(-59.,1.74756585995955,-35.3873059274368));
#8921=CARTESIAN_POINT('Origin',(-60.,1.74756585995955,-38.7073059274368));
#8922=CARTESIAN_POINT('',(-59.,1.74756585995955,-38.7073059274368));
#8923=CARTESIAN_POINT('Origin',(-59.,0.402227765784142,-37.0473059274368));
#8924=CARTESIAN_POINT('Origin',(-60.,-10.172160763562,-30.1900489098425));
#8925=CARTESIAN_POINT('',(-59.,-10.172160763562,-30.1900489098425));
#8926=CARTESIAN_POINT('',(-60.,-10.172160763562,-30.1900489098425));
#8927=CARTESIAN_POINT('',(-59.,-10.172160763562,-33.081477481271));
#8928=CARTESIAN_POINT('',(-59.,-10.172160763562,-30.1900489098425));
#8929=CARTESIAN_POINT('',(-60.,-10.172160763562,-33.081477481271));
#8930=CARTESIAN_POINT('Origin',(-60.,-9.04360400008445,-30.1900489098425));
#8931=CARTESIAN_POINT('',(-59.,-9.04360400008445,-30.1900489098425));
#8932=CARTESIAN_POINT('',(-60.,-9.04360400008445,-30.1900489098425));
#8933=CARTESIAN_POINT('',(-59.,-9.04360400008445,-30.1900489098425));
#8934=CARTESIAN_POINT('Origin',(-60.,-9.04360400008445,-30.8773138698322));
#8935=CARTESIAN_POINT('',(-59.,-9.04360400008445,-30.8773138698322));
#8936=CARTESIAN_POINT('',(-60.,-9.04360400008445,-30.8773138698322));
#8937=CARTESIAN_POINT('',(-59.,-9.04360400008445,-30.8773138698322));
#8938=CARTESIAN_POINT('Origin',(-60.,-9.48432195207221,-30.8773138698322));
#8939=CARTESIAN_POINT('',(-59.,-9.48432195207221,-30.8773138698322));
#8940=CARTESIAN_POINT('',(-60.,-9.48432195207221,-30.8773138698322));
#8941=CARTESIAN_POINT('',(-59.,-9.48432195207221,-30.8773138698322));
#8942=CARTESIAN_POINT('Origin',(-60.,-9.48432195207221,-33.081477481271));
#8943=CARTESIAN_POINT('',(-59.,-9.48432195207221,-33.081477481271));
#8944=CARTESIAN_POINT('',(-60.,-9.48432195207221,-33.081477481271));
#8945=CARTESIAN_POINT('',(-59.,-9.48432195207221,-33.081477481271));
#8946=CARTESIAN_POINT('Origin',(-60.,-10.172160763562,-33.081477481271));
#8947=CARTESIAN_POINT('',(-59.,-10.172160763562,-33.081477481271));
#8948=CARTESIAN_POINT('Origin',(-59.,-9.60788238182322,-31.6357631955567));
#8949=CARTESIAN_POINT('Origin',(-60.,-5.40429349744784,-26.2684570283711));
#8950=CARTESIAN_POINT('',(-59.,-5.40429349744784,-26.2684570283711));
#8951=CARTESIAN_POINT('',(-60.,-5.40429349744784,-26.2684570283711));
#8952=CARTESIAN_POINT('',(-59.,-6.09711382047539,-25.8684570283711));
#8953=CARTESIAN_POINT('',(-59.,-5.40429349744784,-26.2684570283711));
#8954=CARTESIAN_POINT('',(-60.,-6.09711382047539,-25.8684570283711));
#8955=CARTESIAN_POINT('Origin',(-60.,-7.11857921173355,-29.2376869842034));
#8956=CARTESIAN_POINT('',(-59.,-7.11857921173355,-29.2376869842034));
#8957=CARTESIAN_POINT('',(-60.,-7.11857921173355,-29.2376869842034));
#8958=CARTESIAN_POINT('',(-59.,-7.11857921173355,-29.2376869842034));
#8959=CARTESIAN_POINT('Origin',(-60.,-7.8113995347611,-28.8376869842034));
#8960=CARTESIAN_POINT('',(-59.,-7.8113995347611,-28.8376869842034));
#8961=CARTESIAN_POINT('',(-60.,-7.8113995347611,-28.8376869842034));
#8962=CARTESIAN_POINT('',(-59.,-7.8113995347611,-28.8376869842034));
#8963=CARTESIAN_POINT('Origin',(-60.,-6.09711382047539,-25.8684570283711));
#8964=CARTESIAN_POINT('',(-59.,-6.09711382047539,-25.8684570283711));
#8965=CARTESIAN_POINT('Origin',(-59.,-6.60784651610447,-27.5530720062872));
#8966=CARTESIAN_POINT('Origin',(-60.,-14.9350906291653,-17.0749578079704));
#8967=CARTESIAN_POINT('',(-59.,-14.9350906291653,-17.0749578079704));
#8968=CARTESIAN_POINT('',(-60.,-14.9350906291653,-17.0749578079704));
#8969=CARTESIAN_POINT('',(-59.,-14.8590457945219,-17.8713353460288));
#8970=CARTESIAN_POINT('',(-59.,-14.9350906291653,-17.0749578079704));
#8971=CARTESIAN_POINT('',(-60.,-14.8590457945219,-17.8713353460288));
#8972=CARTESIAN_POINT('Origin',(-60.,-12.3753056854059,-16.830527982331));
#8973=CARTESIAN_POINT('',(-59.,-12.3753056854059,-16.830527982331));
#8974=CARTESIAN_POINT('',(-60.,-12.3753056854059,-16.830527982331));
#8975=CARTESIAN_POINT('',(-59.,-12.3753056854059,-16.830527982331));
#8976=CARTESIAN_POINT('Origin',(-60.,-12.2992608507626,-17.6269055203895));
#8977=CARTESIAN_POINT('',(-59.,-12.2992608507626,-17.6269055203895));
#8978=CARTESIAN_POINT('',(-60.,-12.2992608507626,-17.6269055203895));
#8979=CARTESIAN_POINT('',(-59.,-12.2992608507626,-17.6269055203895));
#8980=CARTESIAN_POINT('Origin',(-60.,-14.8590457945219,-17.8713353460288));
#8981=CARTESIAN_POINT('',(-59.,-14.8590457945219,-17.8713353460288));
#8982=CARTESIAN_POINT('Origin',(-59.,-13.6171757399639,-17.3509316641799));
#8983=CARTESIAN_POINT('Origin',(-60.,-9.48560055268489,-4.44911801854485));
#8984=CARTESIAN_POINT('',(-59.,-9.48560055268489,-4.44911801854485));
#8985=CARTESIAN_POINT('',(-60.,-9.48560055268489,-4.44911801854485));
#8986=CARTESIAN_POINT('',(-59.,-10.0902002121683,-4.97300660570108));
#8987=CARTESIAN_POINT('',(-59.,-9.48560055268489,-4.44911801854485));
#8988=CARTESIAN_POINT('',(-60.,-10.0902002121683,-4.97300660570108));
#8989=CARTESIAN_POINT('Origin',(-60.,-7.80167295111131,-6.39247406688438));
#8990=CARTESIAN_POINT('',(-59.,-7.80167295111131,-6.39247406688438));
#8991=CARTESIAN_POINT('',(-60.,-7.80167295111131,-6.39247406688438));
#8992=CARTESIAN_POINT('',(-59.,-7.80167295111131,-6.39247406688438));
#8993=CARTESIAN_POINT('Origin',(-60.,-8.40627261059471,-6.9163626540406));
#8994=CARTESIAN_POINT('',(-59.,-8.40627261059471,-6.9163626540406));
#8995=CARTESIAN_POINT('',(-60.,-8.40627261059471,-6.9163626540406));
#8996=CARTESIAN_POINT('',(-59.,-8.40627261059471,-6.9163626540406));
#8997=CARTESIAN_POINT('Origin',(-60.,-10.0902002121683,-4.97300660570108));
#8998=CARTESIAN_POINT('',(-59.,-10.0902002121683,-4.97300660570108));
#8999=CARTESIAN_POINT('Origin',(-59.,-8.9459365816398,-5.68274033629273));
#9000=CARTESIAN_POINT('Origin',(-60.,-3.11264877855931,-1.37582882837995));
#9001=CARTESIAN_POINT('',(-59.,-3.11264877855931,-1.37582882837995));
#9002=CARTESIAN_POINT('',(-60.,-3.11264877855931,-1.37582882837995));
#9003=CARTESIAN_POINT('',(-59.,-3.89009803321815,-1.56443597678749));
#9004=CARTESIAN_POINT('',(-59.,-3.11264877855931,-1.37582882837995));
#9005=CARTESIAN_POINT('',(-60.,-3.89009803321815,-1.56443597678749));
#9006=CARTESIAN_POINT('Origin',(-60.,-2.50641151582079,-3.87477286121191));
#9007=CARTESIAN_POINT('',(-59.,-2.50641151582079,-3.87477286121191));
#9008=CARTESIAN_POINT('',(-60.,-2.50641151582079,-3.87477286121191));
#9009=CARTESIAN_POINT('',(-59.,-2.50641151582079,-3.87477286121191));
#9010=CARTESIAN_POINT('Origin',(-60.,-3.28386077047962,-4.06338000961945));
#9011=CARTESIAN_POINT('',(-59.,-3.28386077047962,-4.06338000961945));
#9012=CARTESIAN_POINT('',(-60.,-3.28386077047962,-4.06338000961945));
#9013=CARTESIAN_POINT('',(-59.,-3.28386077047962,-4.06338000961945));
#9014=CARTESIAN_POINT('Origin',(-60.,-3.89009803321815,-1.56443597678749));
#9015=CARTESIAN_POINT('',(-59.,-3.89009803321815,-1.56443597678749));
#9016=CARTESIAN_POINT('Origin',(-59.,-3.19825477451947,-2.7196044189997));
#9017=CARTESIAN_POINT('Origin',(-60.,14.1091946042579,-10.8437162657384));
#9018=CARTESIAN_POINT('',(-59.,14.1091946042579,-10.8437162657384));
#9019=CARTESIAN_POINT('',(-60.,14.1091946042579,-10.8437162657384));
#9020=CARTESIAN_POINT('',(-59.,13.8118646397296,-10.1010219193255));
#9021=CARTESIAN_POINT('',(-59.,14.1091946042579,-10.8437162657384));
#9022=CARTESIAN_POINT('',(-60.,13.8118646397296,-10.1010219193255));
#9023=CARTESIAN_POINT('Origin',(-60.,11.7219627765023,-11.7994197231506));
#9024=CARTESIAN_POINT('',(-59.,11.7219627765023,-11.7994197231506));
#9025=CARTESIAN_POINT('',(-60.,11.7219627765023,-11.7994197231506));
#9026=CARTESIAN_POINT('',(-59.,11.7219627765023,-11.7994197231506));
#9027=CARTESIAN_POINT('Origin',(-60.,11.424632811974,-11.0567253767378));
#9028=CARTESIAN_POINT('',(-59.,11.424632811974,-11.0567253767378));
#9029=CARTESIAN_POINT('',(-60.,11.424632811974,-11.0567253767378));
#9030=CARTESIAN_POINT('',(-59.,11.424632811974,-11.0567253767378));
#9031=CARTESIAN_POINT('Origin',(-60.,13.8118646397296,-10.1010219193255));
#9032=CARTESIAN_POINT('',(-59.,13.8118646397296,-10.1010219193255));
#9033=CARTESIAN_POINT('Origin',(-59.,12.766913708116,-10.9502208212381));
#9034=CARTESIAN_POINT('Origin',(-60.,-10.63682532256,-22.4301975312525));
#9035=CARTESIAN_POINT('',(-59.,-10.63682532256,-22.4301975312525));
#9036=CARTESIAN_POINT('',(-60.,-10.63682532256,-22.4301975312525));
#9037=CARTESIAN_POINT('',(-59.,-12.8000486926973,-23.8204167761383));
#9038=CARTESIAN_POINT('',(-59.,-10.63682532256,-22.4301975312525));
#9039=CARTESIAN_POINT('',(-60.,-12.8000486926973,-23.8204167761383));
#9040=CARTESIAN_POINT('Origin',(-60.,-10.2043126685955,-23.1032003575175));
#9041=CARTESIAN_POINT('',(-59.,-10.2043126685955,-23.1032003575175));
#9042=CARTESIAN_POINT('',(-60.,-10.2043126685955,-23.1032003575175));
#9043=CARTESIAN_POINT('',(-59.,-10.2043126685955,-23.1032003575175));
#9044=CARTESIAN_POINT('Origin',(-60.,-12.3675360387328,-24.4934196024033));
#9045=CARTESIAN_POINT('',(-59.,-12.3675360387328,-24.4934196024033));
#9046=CARTESIAN_POINT('',(-60.,-12.3675360387328,-24.4934196024033));
#9047=CARTESIAN_POINT('',(-59.,-12.3675360387328,-24.4934196024033));
#9048=CARTESIAN_POINT('Origin',(-60.,-12.8000486926973,-23.8204167761383));
#9049=CARTESIAN_POINT('',(-59.,-12.8000486926973,-23.8204167761383));
#9050=CARTESIAN_POINT('Origin',(-59.,-11.5021806806464,-23.4618085668279));
#9051=CARTESIAN_POINT('Origin',(-60.,-8.19853593492042,-30.8773138698322));
#9052=CARTESIAN_POINT('',(-59.,-8.19853593492042,-30.8773138698322));
#9053=CARTESIAN_POINT('',(-60.,-8.19853593492042,-30.8773138698322));
#9054=CARTESIAN_POINT('',(-59.,-7.75781798293266,-30.8773138698322));
#9055=CARTESIAN_POINT('',(-59.,-8.19853593492042,-30.8773138698322));
#9056=CARTESIAN_POINT('',(-60.,-7.75781798293266,-30.8773138698322));
#9057=CARTESIAN_POINT('Origin',(-60.,-8.19853593492042,-33.081477481271));
#9058=CARTESIAN_POINT('',(-59.,-8.19853593492042,-33.081477481271));
#9059=CARTESIAN_POINT('',(-60.,-8.19853593492042,-33.081477481271));
#9060=CARTESIAN_POINT('',(-59.,-8.19853593492042,-33.081477481271));
#9061=CARTESIAN_POINT('Origin',(-60.,-8.8863747464102,-33.081477481271));
#9062=CARTESIAN_POINT('',(-59.,-8.8863747464102,-33.081477481271));
#9063=CARTESIAN_POINT('',(-60.,-8.8863747464102,-33.081477481271));
#9064=CARTESIAN_POINT('',(-59.,-8.8863747464102,-33.081477481271));
#9065=CARTESIAN_POINT('Origin',(-60.,-8.8863747464102,-30.1900489098425));
#9066=CARTESIAN_POINT('',(-59.,-8.8863747464102,-30.1900489098425));
#9067=CARTESIAN_POINT('',(-60.,-8.8863747464102,-30.1900489098425));
#9068=CARTESIAN_POINT('',(-59.,-8.8863747464102,-30.1900489098425));
#9069=CARTESIAN_POINT('Origin',(-60.,-7.75781798293266,-30.1900489098425));
#9070=CARTESIAN_POINT('',(-59.,-7.75781798293266,-30.1900489098425));
#9071=CARTESIAN_POINT('',(-60.,-7.75781798293266,-30.1900489098425));
#9072=CARTESIAN_POINT('',(-59.,-7.75781798293266,-30.1900489098425));
#9073=CARTESIAN_POINT('Origin',(-60.,-7.75781798293266,-30.8773138698322));
#9074=CARTESIAN_POINT('',(-59.,-7.75781798293266,-30.8773138698322));
#9075=CARTESIAN_POINT('Origin',(-59.,-8.32209636467143,-31.6357631955567));
#9076=CARTESIAN_POINT('Origin',(-60.,-1.97036428956065,-38.7073059274368));
#9077=CARTESIAN_POINT('',(-59.,-1.97036428956065,-38.7073059274368));
#9078=CARTESIAN_POINT('',(-60.,-1.97036428956065,-38.7073059274368));
#9079=CARTESIAN_POINT('',(-59.,-1.22121900948923,-38.7073059274368));
#9080=CARTESIAN_POINT('',(-59.,-1.97036428956065,-38.7073059274368));
#9081=CARTESIAN_POINT('',(-60.,-1.22121900948923,-38.7073059274368));
#9082=CARTESIAN_POINT('Origin',(-60.,-1.97036428956065,-37.0155926780655));
#9083=CARTESIAN_POINT('',(-59.,-1.97036428956065,-37.0155926780655));
#9084=CARTESIAN_POINT('',(-60.,-1.97036428956065,-37.0155926780655));
#9085=CARTESIAN_POINT('',(-59.,-1.97036428956065,-37.0155926780655));
#9086=CARTESIAN_POINT('Origin',(-60.,-2.8316750547704,-38.7073059274368));
#9087=CARTESIAN_POINT('',(-59.,-2.8316750547704,-38.7073059274368));
#9088=CARTESIAN_POINT('',(-60.,-2.8316750547704,-38.7073059274368));
#9089=CARTESIAN_POINT('',(-59.,-2.8316750547704,-38.7073059274368));
#9090=CARTESIAN_POINT('Origin',(-60.,-3.15504325878518,-38.7073059274368));
#9091=CARTESIAN_POINT('',(-59.,-3.15504325878518,-38.7073059274368));
#9092=CARTESIAN_POINT('',(-60.,-3.15504325878518,-38.7073059274368));
#9093=CARTESIAN_POINT('',(-59.,-3.15504325878518,-38.7073059274368));
#9094=CARTESIAN_POINT('Origin',(-60.,-4.01635402399492,-37.0155926780655));
#9095=CARTESIAN_POINT('',(-59.,-4.01635402399492,-37.0155926780655));
#9096=CARTESIAN_POINT('',(-60.,-4.01635402399492,-37.0155926780655));
#9097=CARTESIAN_POINT('',(-59.,-4.01635402399492,-37.0155926780655));
#9098=CARTESIAN_POINT('Origin',(-60.,-4.01635402399492,-38.7073059274368));
#9099=CARTESIAN_POINT('',(-59.,-4.01635402399492,-38.7073059274368));
#9100=CARTESIAN_POINT('',(-60.,-4.01635402399492,-38.7073059274368));
#9101=CARTESIAN_POINT('',(-59.,-4.01635402399492,-38.7073059274368));
#9102=CARTESIAN_POINT('Origin',(-60.,-4.76349082381639,-38.7073059274368));
#9103=CARTESIAN_POINT('',(-59.,-4.76349082381639,-38.7073059274368));
#9104=CARTESIAN_POINT('',(-60.,-4.76349082381639,-38.7073059274368));
#9105=CARTESIAN_POINT('',(-59.,-4.76349082381639,-38.7073059274368));
#9106=CARTESIAN_POINT('Origin',(-60.,-4.76349082381639,-35.3873059274368));
#9107=CARTESIAN_POINT('',(-59.,-4.76349082381639,-35.3873059274368));
#9108=CARTESIAN_POINT('',(-60.,-4.76349082381639,-35.3873059274368));
#9109=CARTESIAN_POINT('',(-59.,-4.76349082381639,-35.3873059274368));
#9110=CARTESIAN_POINT('Origin',(-60.,-4.03855557568002,-35.3873059274368));
#9111=CARTESIAN_POINT('',(-59.,-4.03855557568002,-35.3873059274368));
#9112=CARTESIAN_POINT('',(-60.,-4.03855557568002,-35.3873059274368));
#9113=CARTESIAN_POINT('',(-59.,-4.03855557568002,-35.3873059274368));
#9114=CARTESIAN_POINT('Origin',(-60.,-2.99218733603319,-37.452506400424));
#9115=CARTESIAN_POINT('',(-59.,-2.99218733603319,-37.452506400424));
#9116=CARTESIAN_POINT('',(-60.,-2.99218733603319,-37.452506400424));
#9117=CARTESIAN_POINT('',(-59.,-2.99218733603319,-37.452506400424));
#9118=CARTESIAN_POINT('Origin',(-60.,-1.94826674139138,-35.3873059274368));
#9119=CARTESIAN_POINT('',(-59.,-1.94826674139138,-35.3873059274368));
#9120=CARTESIAN_POINT('',(-60.,-1.94826674139138,-35.3873059274368));
#9121=CARTESIAN_POINT('',(-59.,-1.94826674139138,-35.3873059274368));
#9122=CARTESIAN_POINT('Origin',(-60.,-1.22121900948923,-35.3873059274368));
#9123=CARTESIAN_POINT('',(-59.,-1.22121900948923,-35.3873059274368));
#9124=CARTESIAN_POINT('',(-60.,-1.22121900948923,-35.3873059274368));
#9125=CARTESIAN_POINT('',(-59.,-1.22121900948923,-35.3873059274368));
#9126=CARTESIAN_POINT('Origin',(-60.,-1.22121900948923,-38.7073059274368));
#9127=CARTESIAN_POINT('',(-59.,-1.22121900948923,-38.7073059274368));
#9128=CARTESIAN_POINT('Origin',(-59.,-2.99235491665281,-37.0473059274368));
#9129=CARTESIAN_POINT('Origin',(-60.,-20.,0.));
#9130=CARTESIAN_POINT('Origin',(-60.,-20.,0.));
#9131=CARTESIAN_POINT('Origin',(-60.,-20.,0.));
#9132=CARTESIAN_POINT('Origin',(6.00000000000001,-5.00000000000001,0.));
#9133=CARTESIAN_POINT('',(6.00000000000002,-7.00000000000001,-30.));
#9134=CARTESIAN_POINT('',(8.00000000000001,-5.00000000000001,-30.));
#9135=CARTESIAN_POINT('Origin',(6.00000000000001,-5.00000000000001,-30.));
#9136=CARTESIAN_POINT('',(8.00000000000001,-5.00000000000001,-2.));
#9137=CARTESIAN_POINT('',(8.00000000000001,-5.00000000000001,0.));
#9138=CARTESIAN_POINT('',(6.00000000000002,-7.00000000000001,-2.));
#9139=CARTESIAN_POINT('Origin',(6.00000000000001,-5.00000000000001,-2.));
#9140=CARTESIAN_POINT('',(6.00000000000002,-7.00000000000001,0.));
#9141=CARTESIAN_POINT('Origin',(8.00000000000001,-5.00000000000001,0.));
#9142=CARTESIAN_POINT('',(8.00000000000001,4.99999999999999,-30.));
#9143=CARTESIAN_POINT('',(8.00000000000001,-2.50000000000001,-30.));
#9144=CARTESIAN_POINT('',(8.00000000000001,4.99999999999999,-2.));
#9145=CARTESIAN_POINT('',(8.00000000000001,4.99999999999999,0.));
#9146=CARTESIAN_POINT('',(8.00000000000001,-2.50000000000001,-2.));
#9147=CARTESIAN_POINT('Origin',(1.77635683940025E-14,-4.44089209850063E-15,
-30.));
#9148=CARTESIAN_POINT('',(-6.,-7.00000000000001,-30.));
#9149=CARTESIAN_POINT('',(-2.99999999999999,-7.00000000000001,-30.));
#9150=CARTESIAN_POINT('',(-8.,-5.00000000000001,-30.));
#9151=CARTESIAN_POINT('Origin',(-6.,-5.00000000000001,-30.));
#9152=CARTESIAN_POINT('',(-8.,4.99999999999999,-30.));
#9153=CARTESIAN_POINT('',(-8.,2.5,-30.));
#9154=CARTESIAN_POINT('',(-6.,6.99999999999999,-30.));
#9155=CARTESIAN_POINT('Origin',(-6.,4.99999999999999,-30.));
#9156=CARTESIAN_POINT('',(6.00000000000002,6.99999999999999,-30.));
#9157=CARTESIAN_POINT('',(3.00000000000002,6.99999999999999,-30.));
#9158=CARTESIAN_POINT('Origin',(6.00000000000001,4.99999999999999,-30.));
#9159=CARTESIAN_POINT('',(6.00000000000001,-5.00000000000001,-30.));
#9160=CARTESIAN_POINT('',(-6.,-5.00000000000001,-30.));
#9161=CARTESIAN_POINT('',(-2.99999999999999,-5.00000000000001,-30.));
#9162=CARTESIAN_POINT('',(6.00000000000001,4.99999999999999,-30.));
#9163=CARTESIAN_POINT('',(6.00000000000001,-2.50000000000001,-30.));
#9164=CARTESIAN_POINT('',(-6.,5.,-30.));
#9165=CARTESIAN_POINT('',(3.00000000000002,4.99999999999999,-30.));
#9166=CARTESIAN_POINT('',(-6.,2.5,-30.));
#9167=CARTESIAN_POINT('Origin',(6.00000000000001,4.99999999999999,0.));
#9168=CARTESIAN_POINT('',(6.00000000000002,6.99999999999999,-2.));
#9169=CARTESIAN_POINT('',(6.00000000000002,6.99999999999999,0.));
#9170=CARTESIAN_POINT('Origin',(6.00000000000001,4.99999999999999,-2.));
#9171=CARTESIAN_POINT('Origin',(6.00000000000002,6.99999999999999,0.));
#9172=CARTESIAN_POINT('',(-6.,6.99999999999999,-2.));
#9173=CARTESIAN_POINT('',(-6.,6.99999999999999,0.));
#9174=CARTESIAN_POINT('',(3.00000000000002,6.99999999999999,-2.));
#9175=CARTESIAN_POINT('Origin',(-6.,-5.00000000000001,0.));
#9176=CARTESIAN_POINT('',(-6.,-7.00000000000001,-2.));
#9177=CARTESIAN_POINT('',(-6.,-7.00000000000001,0.));
#9178=CARTESIAN_POINT('',(-8.,-5.00000000000001,-2.));
#9179=CARTESIAN_POINT('Origin',(-6.,-5.00000000000001,-2.));
#9180=CARTESIAN_POINT('',(-8.,-5.00000000000001,0.));
#9181=CARTESIAN_POINT('Origin',(-8.,5.,0.));
#9182=CARTESIAN_POINT('',(-8.,4.99999999999999,-2.));
#9183=CARTESIAN_POINT('',(-8.,2.5,-2.));
#9184=CARTESIAN_POINT('',(-8.,4.99999999999999,0.));
#9185=CARTESIAN_POINT('Origin',(-6.,4.99999999999999,0.));
#9186=CARTESIAN_POINT('Origin',(-6.,4.99999999999999,-2.));
#9187=CARTESIAN_POINT('Origin',(-28.0266830272568,-12.5,0.));
#9188=CARTESIAN_POINT('',(-29.0266830272568,-12.5,-8.));
#9189=CARTESIAN_POINT('Origin',(-28.0266830272568,-12.5,-8.));
#9190=CARTESIAN_POINT('',(-29.0266830272568,-12.5,-2.));
#9191=CARTESIAN_POINT('',(-29.0266830272568,-12.5,0.));
#9192=CARTESIAN_POINT('Origin',(-28.0266830272568,-12.5,-2.));
#9193=CARTESIAN_POINT('Origin',(-28.0266830272568,-12.5,0.));
#9194=CARTESIAN_POINT('',(-31.0266830272568,-12.5,-8.));
#9195=CARTESIAN_POINT('Origin',(-28.0266830272568,-12.5,-8.));
#9196=CARTESIAN_POINT('',(-31.0266830272568,-12.5,-2.));
#9197=CARTESIAN_POINT('',(-31.0266830272568,-12.5,0.));
#9198=CARTESIAN_POINT('Origin',(-28.0266830272568,-12.5,-2.));
#9199=CARTESIAN_POINT('Origin',(-28.0266830272568,-12.5,-8.));
#9200=CARTESIAN_POINT('Origin',(1.77635683940025E-14,-4.44089209850063E-15,
-2.));
#9201=CARTESIAN_POINT('',(-53.0081350215199,-15.3218008363471,-2.));
#9202=CARTESIAN_POINT('',(-53.,-9.68114882238475,-2.));
#9203=CARTESIAN_POINT('Origin',(-54.0266830272568,-12.5,-2.));
#9204=CARTESIAN_POINT('',(-53.,9.68114882238473,-2.));
#9205=CARTESIAN_POINT('',(-53.,-10.,-2.));
#9206=CARTESIAN_POINT('',(-53.0081350215199,15.3218008363471,-2.));
#9207=CARTESIAN_POINT('Origin',(-54.0266830272568,12.5,-2.));
#9208=CARTESIAN_POINT('',(-55.2027338281839,17.9931419937768,-2.));
#9209=CARTESIAN_POINT('Origin',(-56.,15.1010205144336,-2.));
#9210=CARTESIAN_POINT('',(-55.,18.,-2.));
#9211=CARTESIAN_POINT('Origin',(-55.,15.,-2.));
#9212=CARTESIAN_POINT('',(53.,18.,-2.));
#9213=CARTESIAN_POINT('',(-30.,18.,-2.));
#9214=CARTESIAN_POINT('',(53.,9.94948974278315,-2.));
#9215=CARTESIAN_POINT('',(53.,10.,-2.));
#9216=CARTESIAN_POINT('',(58.,9.94948974278318,-2.));
#9217=CARTESIAN_POINT('Origin',(55.5,7.5,-2.));
#9218=CARTESIAN_POINT('',(58.,5.05051025721681,-2.));
#9219=CARTESIAN_POINT('',(58.,10.,-2.));
#9220=CARTESIAN_POINT('',(53.,5.05051025721684,-2.));
#9221=CARTESIAN_POINT('Origin',(55.5,7.5,-2.));
#9222=CARTESIAN_POINT('',(53.,-5.05051025721684,-2.));
#9223=CARTESIAN_POINT('',(53.,10.,-2.));
#9224=CARTESIAN_POINT('',(58.,-5.05051025721682,-2.));
#9225=CARTESIAN_POINT('Origin',(55.5,-7.5,-2.));
#9226=CARTESIAN_POINT('',(58.,-9.94948974278319,-2.));
#9227=CARTESIAN_POINT('',(58.,10.,-2.));
#9228=CARTESIAN_POINT('',(53.,-9.94948974278317,-2.));
#9229=CARTESIAN_POINT('Origin',(55.5,-7.5,-2.));
#9230=CARTESIAN_POINT('',(53.,-18.0000000000001,-2.));
#9231=CARTESIAN_POINT('',(53.,10.,-2.));
#9232=CARTESIAN_POINT('',(-55.,-18.,-2.));
#9233=CARTESIAN_POINT('',(30.,-18.,-2.));
#9234=CARTESIAN_POINT('',(-55.2027338281839,-17.9931419937768,-2.));
#9235=CARTESIAN_POINT('Origin',(-55.,-15.,-2.));
#9236=CARTESIAN_POINT('Origin',(-56.,-15.1010205144336,-2.));
#9237=CARTESIAN_POINT('',(-31.0266830272568,12.5,-2.));
#9238=CARTESIAN_POINT('Origin',(-28.0266830272568,12.5,-2.));
#9239=CARTESIAN_POINT('',(-2.99999999999999,-7.00000000000001,-2.));
#9240=CARTESIAN_POINT('Origin',(-28.0266830272568,12.5,0.));
#9241=CARTESIAN_POINT('',(-29.0266830272568,12.5,-8.));
#9242=CARTESIAN_POINT('Origin',(-28.0266830272568,12.5,-8.));
#9243=CARTESIAN_POINT('',(-29.0266830272568,12.5,-2.));
#9244=CARTESIAN_POINT('',(-29.0266830272568,12.5,0.));
#9245=CARTESIAN_POINT('Origin',(-28.0266830272568,12.5,-2.));
#9246=CARTESIAN_POINT('Origin',(-28.0266830272568,12.5,0.));
#9247=CARTESIAN_POINT('',(-31.0266830272568,12.5,-8.));
#9248=CARTESIAN_POINT('Origin',(-28.0266830272568,12.5,-8.));
#9249=CARTESIAN_POINT('',(-31.0266830272568,12.5,0.));
#9250=CARTESIAN_POINT('Origin',(-28.0266830272568,12.5,-8.));
#9251=CARTESIAN_POINT('Origin',(1.77635683940025E-14,-4.44089209850063E-15,
-2.));
#9252=CARTESIAN_POINT('Origin',(-54.0266830272568,-12.5,0.));
#9253=CARTESIAN_POINT('',(-53.,-15.1010205144336,0.));
#9254=CARTESIAN_POINT('',(-53.0081350215199,-15.3218008363471,0.));
#9255=CARTESIAN_POINT('Origin',(-56.,-15.1010205144336,0.));
#9256=CARTESIAN_POINT('',(-53.,-9.68114882238475,0.));
#9257=CARTESIAN_POINT('',(-53.,-16.25,0.));
#9258=CARTESIAN_POINT('',(-57.0266830272568,-12.5,0.));
#9259=CARTESIAN_POINT('Origin',(-54.0266830272568,-12.5,0.));
#9260=CARTESIAN_POINT('Origin',(-54.0266830272568,-12.5,0.));
#9261=CARTESIAN_POINT('',(-55.0266830272568,-12.5,0.));
#9262=CARTESIAN_POINT('Origin',(-54.0266830272568,-12.5,0.));
#9263=CARTESIAN_POINT('Origin',(-54.0266830272568,-12.5,0.));
#9264=CARTESIAN_POINT('',(-55.0266830272568,-12.5,-8.));
#9265=CARTESIAN_POINT('Origin',(-54.0266830272568,-12.5,-8.));
#9266=CARTESIAN_POINT('',(-55.0266830272568,-12.5,0.));
#9267=CARTESIAN_POINT('Origin',(-54.0266830272568,-12.5,0.));
#9268=CARTESIAN_POINT('',(-57.0266830272568,-12.5,-8.));
#9269=CARTESIAN_POINT('Origin',(-54.0266830272568,-12.5,-8.));
#9270=CARTESIAN_POINT('',(-57.0266830272568,-12.5,0.));
#9271=CARTESIAN_POINT('',(-53.,-9.68114882238475,0.));
#9272=CARTESIAN_POINT('',(-53.0081350215199,-15.3218008363471,0.));
#9273=CARTESIAN_POINT('Origin',(-54.0266830272568,-12.5,-8.));
#9274=CARTESIAN_POINT('Origin',(-56.,-15.1010205144336,0.));
#9275=CARTESIAN_POINT('',(-55.2027338281839,-17.9931419937768,8.));
#9276=CARTESIAN_POINT('',(-55.2027338281839,-17.9931419937768,0.));
#9277=CARTESIAN_POINT('',(-53.,-15.1010205144336,8.));
#9278=CARTESIAN_POINT('Origin',(-56.,-15.1010205144336,8.));
#9279=CARTESIAN_POINT('',(-53.,-15.1010205144336,0.));
#9280=CARTESIAN_POINT('Origin',(1.77635683940025E-14,-4.44089209850063E-15,
-2.));
#9281=CARTESIAN_POINT('Origin',(-54.0266830272568,12.5,0.));
#9282=CARTESIAN_POINT('',(-57.0266830272568,12.5,-8.));
#9283=CARTESIAN_POINT('Origin',(-54.0266830272568,12.5,-8.));
#9284=CARTESIAN_POINT('',(-57.0266830272568,12.5,0.));
#9285=CARTESIAN_POINT('',(-57.0266830272568,12.5,0.));
#9286=CARTESIAN_POINT('',(-53.0081350215199,15.3218008363471,0.));
#9287=CARTESIAN_POINT('Origin',(-54.0266830272568,12.5,0.));
#9288=CARTESIAN_POINT('',(-53.0081350215199,15.3218008363471,0.));
#9289=CARTESIAN_POINT('',(-53.,9.68114882238473,0.));
#9290=CARTESIAN_POINT('',(-53.,9.68114882238473,0.));
#9291=CARTESIAN_POINT('Origin',(-54.0266830272568,12.5,0.));
#9292=CARTESIAN_POINT('Origin',(-54.0266830272568,12.5,0.));
#9293=CARTESIAN_POINT('',(-55.0266830272568,12.5,-8.));
#9294=CARTESIAN_POINT('Origin',(-54.0266830272568,12.5,-8.));
#9295=CARTESIAN_POINT('',(-55.0266830272568,12.5,0.));
#9296=CARTESIAN_POINT('',(-55.0266830272568,12.5,0.));
#9297=CARTESIAN_POINT('Origin',(-54.0266830272568,12.5,0.));
#9298=CARTESIAN_POINT('Origin',(-54.0266830272568,12.5,0.));
#9299=CARTESIAN_POINT('',(-53.,15.1010205144336,0.));
#9300=CARTESIAN_POINT('Origin',(-56.,15.1010205144336,0.));
#9301=CARTESIAN_POINT('',(-53.,-3.75,0.));
#9302=CARTESIAN_POINT('Origin',(-54.0266830272568,12.5,-8.));
#9303=CARTESIAN_POINT('Origin',(-53.,-20.,0.));
#9304=CARTESIAN_POINT('',(-53.,15.1010205144336,8.));
#9305=CARTESIAN_POINT('',(-53.,-10.,8.));
#9306=CARTESIAN_POINT('',(-53.,15.1010205144336,0.));
#9307=CARTESIAN_POINT('Origin',(-6.,5.,0.));
#9308=CARTESIAN_POINT('',(-6.,5.,0.));
#9309=CARTESIAN_POINT('',(-6.,5.,0.));
#9310=CARTESIAN_POINT('',(-6.,-5.00000000000001,0.));
#9311=CARTESIAN_POINT('',(-6.,-5.00000000000001,0.));
#9312=CARTESIAN_POINT('',(-6.,-5.00000000000001,0.));
#9313=CARTESIAN_POINT('Origin',(6.00000000000001,4.99999999999999,0.));
#9314=CARTESIAN_POINT('',(6.00000000000001,4.99999999999999,0.));
#9315=CARTESIAN_POINT('',(6.00000000000001,4.99999999999999,0.));
#9316=CARTESIAN_POINT('',(-6.,5.,0.));
#9317=CARTESIAN_POINT('Origin',(-60.,-1.11022302462516E-15,-15.5));
#9318=CARTESIAN_POINT('',(-58.,3.75,-15.5));
#9319=CARTESIAN_POINT('',(-60.,3.75,-15.5));
#9320=CARTESIAN_POINT('Origin',(-58.,-1.11022302462516E-15,-15.5));
#9321=CARTESIAN_POINT('Origin',(58.,20.,0.));
#9322=CARTESIAN_POINT('',(58.,-5.05051025721682,8.));
#9323=CARTESIAN_POINT('',(58.,-5.05051025721682,0.));
#9324=CARTESIAN_POINT('',(58.,5.05051025721682,8.));
#9325=CARTESIAN_POINT('',(58.,10.,8.));
#9326=CARTESIAN_POINT('',(58.,5.05051025721681,0.));
#9327=CARTESIAN_POINT('',(58.,9.94948974278318,8.));
#9328=CARTESIAN_POINT('',(58.,9.94948974278318,0.));
#9329=CARTESIAN_POINT('',(58.,18.,8.));
#9330=CARTESIAN_POINT('',(58.,10.,8.));
#9331=CARTESIAN_POINT('',(58.,18.,-40.));
#9332=CARTESIAN_POINT('',(58.,18.,0.));
#9333=CARTESIAN_POINT('',(58.,-18.0000000000001,-40.));
#9334=CARTESIAN_POINT('',(58.,10.,-40.));
#9335=CARTESIAN_POINT('',(58.,-18.0000000000001,8.));
#9336=CARTESIAN_POINT('',(58.,-18.0000000000001,0.));
#9337=CARTESIAN_POINT('',(58.,-9.94948974278318,8.));
#9338=CARTESIAN_POINT('',(58.,10.,8.));
#9339=CARTESIAN_POINT('',(58.,-9.94948974278319,0.));
#9340=CARTESIAN_POINT('Origin',(55.5,7.5,0.));
#9341=CARTESIAN_POINT('',(53.,5.05051025721684,8.));
#9342=CARTESIAN_POINT('Origin',(55.5,7.5,8.));
#9343=CARTESIAN_POINT('',(53.,5.05051025721684,0.));
#9344=CARTESIAN_POINT('Origin',(53.,20.,0.));
#9345=CARTESIAN_POINT('',(53.,-5.05051025721684,8.));
#9346=CARTESIAN_POINT('',(53.,10.,8.));
#9347=CARTESIAN_POINT('',(53.,-5.05051025721684,0.));
#9348=CARTESIAN_POINT('Origin',(53.,20.,0.));
#9349=CARTESIAN_POINT('',(53.,9.94948974278315,8.));
#9350=CARTESIAN_POINT('',(53.,9.94948974278315,0.));
#9351=CARTESIAN_POINT('',(53.,18.,8.));
#9352=CARTESIAN_POINT('',(53.,18.,0.));
#9353=CARTESIAN_POINT('',(53.,10.,8.));
#9354=CARTESIAN_POINT('Origin',(55.5,-7.5,0.));
#9355=CARTESIAN_POINT('',(53.,-9.94948974278317,8.));
#9356=CARTESIAN_POINT('Origin',(55.5,-7.5,8.));
#9357=CARTESIAN_POINT('',(53.,-9.94948974278317,0.));
#9358=CARTESIAN_POINT('Origin',(53.,20.,0.));
#9359=CARTESIAN_POINT('',(53.,-18.0000000000001,8.));
#9360=CARTESIAN_POINT('',(53.,10.,8.));
#9361=CARTESIAN_POINT('',(53.,-18.0000000000001,0.));
#9362=CARTESIAN_POINT('Origin',(55.5,-4.44089209850063E-15,8.));
#9363=CARTESIAN_POINT('',(-2.25,18.,8.));
#9364=CARTESIAN_POINT('Origin',(55.5,7.5,8.));
#9365=CARTESIAN_POINT('Origin',(55.5,-4.44089209850063E-15,8.));
#9366=CARTESIAN_POINT('Origin',(55.5,-7.5,8.));
#9367=CARTESIAN_POINT('Origin',(-55.,-15.,0.));
#9368=CARTESIAN_POINT('',(-55.,-18.,-40.));
#9369=CARTESIAN_POINT('',(-55.,-18.,0.));
#9370=CARTESIAN_POINT('',(-58.,-15.,-40.));
#9371=CARTESIAN_POINT('Origin',(-55.,-15.,-40.));
#9372=CARTESIAN_POINT('',(-58.,-15.,8.));
#9373=CARTESIAN_POINT('',(-58.,-15.,0.));
#9374=CARTESIAN_POINT('Origin',(-55.,-15.,8.));
#9375=CARTESIAN_POINT('Origin',(-56.,15.1010205144336,0.));
#9376=CARTESIAN_POINT('',(-55.2027338281839,17.9931419937768,8.));
#9377=CARTESIAN_POINT('Origin',(-56.,15.1010205144336,8.));
#9378=CARTESIAN_POINT('',(-55.2027338281839,17.9931419937768,0.));
#9379=CARTESIAN_POINT('Origin',(-55.5,-2.22044604925031E-15,8.));
#9380=CARTESIAN_POINT('',(-58.,15.,8.));
#9381=CARTESIAN_POINT('',(-58.,-10.,8.));
#9382=CARTESIAN_POINT('Origin',(-55.,15.,8.));
#9383=CARTESIAN_POINT('Origin',(60.,-18.0000000000001,0.));
#9384=CARTESIAN_POINT('',(57.75,-18.0000000000001,8.));
#9385=CARTESIAN_POINT('',(30.,-18.,-40.));
#9386=CARTESIAN_POINT('Origin',(-58.,-20.,0.));
#9387=CARTESIAN_POINT('',(-58.,15.,-40.));
#9388=CARTESIAN_POINT('',(-58.,-10.,-40.));
#9389=CARTESIAN_POINT('',(-58.,15.,0.));
#9390=CARTESIAN_POINT('Origin',(-55.,15.,0.));
#9391=CARTESIAN_POINT('',(-55.,18.,-40.));
#9392=CARTESIAN_POINT('Origin',(-55.,15.,-40.));
#9393=CARTESIAN_POINT('',(-55.,18.,0.));
#9394=CARTESIAN_POINT('Origin',(-60.,18.,0.));
#9395=CARTESIAN_POINT('',(-30.,18.,-40.));
#9396=CARTESIAN_POINT('Origin',(55.5,-7.5,0.));
#9397=CARTESIAN_POINT('Origin',(55.5,7.5,0.));
#9398=CARTESIAN_POINT('Origin',(55.5,-4.44089209850063E-15,8.));
#9399=CARTESIAN_POINT('Origin',(-6.,-7.00000000000001,0.));
#9400=CARTESIAN_POINT('Origin',(-51.,-20.,0.));
#9401=CARTESIAN_POINT('',(-51.,-15.1010205144336,0.));
#9402=CARTESIAN_POINT('',(-51.,-15.1010205144336,0.));
#9403=CARTESIAN_POINT('',(-51.,-10.,0.));
#9404=CARTESIAN_POINT('Origin',(-56.,-15.1010205144336,0.));
#9405=CARTESIAN_POINT('',(-55.,-20.,0.));
#9406=CARTESIAN_POINT('Origin',(-56.,-15.1010205144336,0.));
#9407=CARTESIAN_POINT('Origin',(-55.,-15.,0.));
#9408=CARTESIAN_POINT('Origin',(-55.,-15.,-40.));
#9409=CARTESIAN_POINT('Origin',(55.5,-7.5,0.));
#9410=CARTESIAN_POINT('',(54.,-7.5,0.));
#9411=CARTESIAN_POINT('',(54.,-7.5,0.));
#9412=CARTESIAN_POINT('Origin',(55.5,-7.5,0.));
#9413=CARTESIAN_POINT('Origin',(55.5,7.5,0.));
#9414=CARTESIAN_POINT('',(54.,7.5,0.));
#9415=CARTESIAN_POINT('',(54.,7.5,0.));
#9416=CARTESIAN_POINT('Origin',(55.5,7.5,0.));
#9417=CARTESIAN_POINT('Origin',(1.77635683940025E-14,-4.44089209850063E-15,
0.));
#9418=CARTESIAN_POINT('Origin',(1.77635683940025E-14,-4.44089209850063E-15,
0.));
#9419=CARTESIAN_POINT('Origin',(6.00000000000001,-5.00000000000001,0.));
#9420=CARTESIAN_POINT('',(6.00000000000001,-5.00000000000001,0.));
#9421=CARTESIAN_POINT('',(6.00000000000001,-5.00000000000001,0.));
#9422=CARTESIAN_POINT('',(6.00000000000001,4.99999999999999,0.));
#9423=CARTESIAN_POINT('Origin',(-6.,-5.00000000000001,0.));
#9424=CARTESIAN_POINT('',(6.00000000000001,-5.00000000000001,0.));
#9425=CARTESIAN_POINT('Origin',(60.,20.,0.));
#9426=CARTESIAN_POINT('',(60.,20.,-40.));
#9427=CARTESIAN_POINT('Origin',(1.77635683940025E-14,-4.44089209850063E-15,
0.));
#9428=CARTESIAN_POINT('Origin',(1.77635683940025E-14,-4.44089209850063E-15,
-40.));
#9429=CARTESIAN_POINT('Origin',(60.,2.79411145500835,-40.));
#9430=CARTESIAN_POINT('',(60.,2.79411145500835,-40.));
#9431=CARTESIAN_POINT('',(60.,2.79411145500835,-41.));
#9432=CARTESIAN_POINT('',(60.,2.79411145500835,-40.));
#9433=CARTESIAN_POINT('',(58.,2.79411145500835,-40.));
#9434=CARTESIAN_POINT('',(30.,2.79411145500835,-40.));
#9435=CARTESIAN_POINT('',(58.,2.79411145500835,-41.));
#9436=CARTESIAN_POINT('',(58.,2.79411145500835,-40.));
#9437=CARTESIAN_POINT('',(60.,2.79411145500835,-41.));
#9438=CARTESIAN_POINT('Origin',(60.,-3.20588854499165,-41.));
#9439=CARTESIAN_POINT('',(60.,-3.20588854499165,-41.));
#9440=CARTESIAN_POINT('',(60.,-3.20588854499165,-40.));
#9441=CARTESIAN_POINT('',(60.,-3.20588854499165,-40.5));
#9442=CARTESIAN_POINT('',(58.,-3.20588854499165,-41.));
#9443=CARTESIAN_POINT('',(60.,-3.20588854499165,-41.));
#9444=CARTESIAN_POINT('',(58.,-3.20588854499165,-40.));
#9445=CARTESIAN_POINT('',(58.,-3.20588854499165,-41.));
#9446=CARTESIAN_POINT('',(30.,-3.20588854499165,-40.));
#9447=CARTESIAN_POINT('Origin',(60.,2.79411145500835,-41.));
#9448=CARTESIAN_POINT('',(60.,10.3970557275042,-41.));
#9449=CARTESIAN_POINT('',(58.,2.79411145500835,-41.));
#9450=CARTESIAN_POINT('Origin',(57.75,-9.00000000000002,-38.25));
#9451=CARTESIAN_POINT('',(57.75,17.75,-38.));
#9452=CARTESIAN_POINT('',(57.75,-17.7500000000001,-38.));
#9453=CARTESIAN_POINT('',(57.75,-9.00000000000002,-38.));
#9454=CARTESIAN_POINT('',(58.,-18.0000000000001,-38.25));
#9455=CARTESIAN_POINT('Origin',(57.75,-17.7500000000001,-38.25));
#9456=CARTESIAN_POINT('',(58.,18.,-38.25));
#9457=CARTESIAN_POINT('',(58.,-9.00000000000002,-38.25));
#9458=CARTESIAN_POINT('Origin',(57.75,17.75,-38.25));
#9459=CARTESIAN_POINT('Origin',(29.,17.75,-38.25));
#9460=CARTESIAN_POINT('',(-55.,18.,-38.25));
#9461=CARTESIAN_POINT('',(29.,18.,-38.25));
#9462=CARTESIAN_POINT('',(-55.,17.75,-38.));
#9463=CARTESIAN_POINT('Origin',(-55.,17.75,-38.25));
#9464=CARTESIAN_POINT('',(29.,17.75,-38.));
#9465=CARTESIAN_POINT('Origin',(-55.,15.,-38.25));
#9466=CARTESIAN_POINT('',(-58.,15.,-38.25));
#9467=CARTESIAN_POINT('',(-57.75,15.,-38.));
#9468=CARTESIAN_POINT('Origin',(-57.75,15.,-38.25));
#9469=CARTESIAN_POINT('Origin',(-55.,15.,-38.));
#9470=CARTESIAN_POINT('Origin',(-55.,15.,-38.25));
#9471=CARTESIAN_POINT('Origin',(-57.75,7.49999999999999,-38.25));
#9472=CARTESIAN_POINT('',(-58.,-15.,-38.25));
#9473=CARTESIAN_POINT('',(-57.75,-15.,-38.));
#9474=CARTESIAN_POINT('Origin',(-57.75,-15.,-38.25));
#9475=CARTESIAN_POINT('',(-57.75,7.49999999999999,-38.));
#9476=CARTESIAN_POINT('',(-58.,7.49999999999999,-38.25));
#9477=CARTESIAN_POINT('Origin',(-55.,-15.,-38.25));
#9478=CARTESIAN_POINT('',(-55.,-18.,-38.25));
#9479=CARTESIAN_POINT('',(-55.,-17.75,-38.));
#9480=CARTESIAN_POINT('Origin',(-55.,-17.75,-38.25));
#9481=CARTESIAN_POINT('Origin',(-55.,-15.,-38.));
#9482=CARTESIAN_POINT('Origin',(-55.,-15.,-38.25));
#9483=CARTESIAN_POINT('Origin',(-27.5,-17.75,-38.25));
#9484=CARTESIAN_POINT('',(-27.5,-17.75,-38.));
#9485=CARTESIAN_POINT('',(-27.5,-18.,-38.25));
#9486=CARTESIAN_POINT('Origin',(-55.,15.,-42.));
#9487=CARTESIAN_POINT('',(-55.,18.,-40.));
#9488=CARTESIAN_POINT('',(-55.,18.,-42.));
#9489=CARTESIAN_POINT('',(-58.,15.,-40.));
#9490=CARTESIAN_POINT('Origin',(-55.,15.,-40.));
#9491=CARTESIAN_POINT('',(-58.,15.,-42.));
#9492=CARTESIAN_POINT('Origin',(58.,18.,-42.));
#9493=CARTESIAN_POINT('',(58.,18.,-40.));
#9494=CARTESIAN_POINT('',(58.,18.,-42.));
#9495=CARTESIAN_POINT('',(-30.,18.,-40.));
#9496=CARTESIAN_POINT('Origin',(58.,-18.0000000000001,-42.));
#9497=CARTESIAN_POINT('',(58.,-18.0000000000001,-40.));
#9498=CARTESIAN_POINT('',(58.,-18.0000000000001,-42.));
#9499=CARTESIAN_POINT('',(58.,10.,-40.));
#9500=CARTESIAN_POINT('',(58.,10.,-40.));
#9501=CARTESIAN_POINT('Origin',(1.77635683940025E-14,-2.88657986402541E-14,
-38.));
#9502=CARTESIAN_POINT('Origin',(-58.,15.,-42.));
#9503=CARTESIAN_POINT('',(-58.,-15.,-40.));
#9504=CARTESIAN_POINT('',(-58.,-10.,-40.));
#9505=CARTESIAN_POINT('',(-58.,-15.,-42.));
#9506=CARTESIAN_POINT('Origin',(-55.,-15.,-42.));
#9507=CARTESIAN_POINT('',(-55.,-18.,-40.));
#9508=CARTESIAN_POINT('Origin',(-55.,-15.,-40.));
#9509=CARTESIAN_POINT('',(-55.,-18.,-42.));
#9510=CARTESIAN_POINT('Origin',(-55.,-18.,-42.));
#9511=CARTESIAN_POINT('',(30.,-18.,-40.));
#9512=CARTESIAN_POINT('Origin',(60.,18.,-40.));
#9513=CARTESIAN_POINT('',(60.,-18.0000000000001,-40.));
#9514=CARTESIAN_POINT('',(60.,20.,-40.));
#9515=CARTESIAN_POINT('',(60.,-18.0000000000001,-42.));
#9516=CARTESIAN_POINT('',(60.,-18.0000000000001,-40.));
#9517=CARTESIAN_POINT('',(60.,18.,-42.));
#9518=CARTESIAN_POINT('',(60.,20.,-42.));
#9519=CARTESIAN_POINT('',(60.,18.,-40.));
#9520=CARTESIAN_POINT('',(60.,18.,-40.));
#9521=CARTESIAN_POINT('',(60.,20.,-40.));
#9522=CARTESIAN_POINT('Origin',(58.,18.,-40.));
#9523=CARTESIAN_POINT('',(58.,20.,-40.));
#9524=CARTESIAN_POINT('Origin',(58.,18.,-40.));
#9525=CARTESIAN_POINT('',(58.,20.,-42.));
#9526=CARTESIAN_POINT('Origin',(58.,18.,-42.));
#9527=CARTESIAN_POINT('',(58.,20.,-40.));
#9528=CARTESIAN_POINT('Origin',(-55.,20.,-40.));
#9529=CARTESIAN_POINT('',(-55.,20.,-40.));
#9530=CARTESIAN_POINT('',(-60.,20.,-40.));
#9531=CARTESIAN_POINT('',(-55.,20.,-42.));
#9532=CARTESIAN_POINT('',(-60.,20.,-42.));
#9533=CARTESIAN_POINT('',(-55.,20.,-40.));
#9534=CARTESIAN_POINT('Origin',(-55.,15.,-40.));
#9535=CARTESIAN_POINT('',(-60.,15.,-40.));
#9536=CARTESIAN_POINT('Origin',(-55.,15.,-40.));
#9537=CARTESIAN_POINT('',(-60.,15.,-42.));
#9538=CARTESIAN_POINT('Origin',(-55.,15.,-42.));
#9539=CARTESIAN_POINT('',(-60.,15.,-40.));
#9540=CARTESIAN_POINT('Origin',(-60.,-15.,-40.));
#9541=CARTESIAN_POINT('',(-60.,-15.,-40.));
#9542=CARTESIAN_POINT('',(-60.,-20.,-40.));
#9543=CARTESIAN_POINT('',(-60.,-15.,-42.));
#9544=CARTESIAN_POINT('',(-60.,-20.,-42.));
#9545=CARTESIAN_POINT('',(-60.,-15.,-40.));
#9546=CARTESIAN_POINT('Origin',(-55.,-15.,-40.));
#9547=CARTESIAN_POINT('',(-55.,-20.,-40.));
#9548=CARTESIAN_POINT('Origin',(-55.,-15.,-40.));
#9549=CARTESIAN_POINT('',(-55.,-20.,-42.));
#9550=CARTESIAN_POINT('Origin',(-55.,-15.,-42.));
#9551=CARTESIAN_POINT('',(-55.,-20.,-40.));
#9552=CARTESIAN_POINT('Origin',(58.,-20.0000000000001,-40.));
#9553=CARTESIAN_POINT('',(58.,-20.0000000000001,-40.));
#9554=CARTESIAN_POINT('',(-51.,-20.,-40.));
#9555=CARTESIAN_POINT('',(58.,-20.0000000000001,-42.));
#9556=CARTESIAN_POINT('',(-51.,-20.,-42.));
#9557=CARTESIAN_POINT('',(58.,-20.0000000000001,-40.));
#9558=CARTESIAN_POINT('Origin',(58.,-18.0000000000001,-40.));
#9559=CARTESIAN_POINT('Origin',(58.,-18.0000000000001,-40.));
#9560=CARTESIAN_POINT('Origin',(58.,-18.0000000000001,-42.));
#9561=CARTESIAN_POINT('Origin',(1.77635683940025E-14,-4.44089209850063E-15,
-42.));
#9562=CARTESIAN_POINT('Origin',(1.77635683940025E-14,-4.44089209850063E-15,
-40.));
#9563=CARTESIAN_POINT('Origin',(2.15490738431882E-17,0.100000000000001,
23.));
#9564=CARTESIAN_POINT('',(-2.06155281280883,-3.9,20.));
#9565=CARTESIAN_POINT('',(2.06155281280883,-3.9,20.));
#9566=CARTESIAN_POINT('Origin',(2.15490738431882E-17,0.100000000000001,
20.));
#9567=CARTESIAN_POINT('',(1.1180339887499,-0.899999999999999,23.));
#9568=CARTESIAN_POINT('Ctrl Pts',(2.06155281280883,-3.9,20.));
#9569=CARTESIAN_POINT('Ctrl Pts',(2.06073286380739,-3.89661926365945,20.));
#9570=CARTESIAN_POINT('Ctrl Pts',(2.05991245330879,-3.89323864147264,20.0000057146892));
#9571=CARTESIAN_POINT('Ctrl Pts',(1.96218720576069,-3.490788171977,20.0013662534987));
#9572=CARTESIAN_POINT('Ctrl Pts',(1.85952286065595,-3.09696441819235,20.0823047872508));
#9573=CARTESIAN_POINT('Ctrl Pts',(1.65052365058697,-2.36324867581519,20.3927154002157));
#9574=CARTESIAN_POINT('Ctrl Pts',(1.54553781963118,-2.02937215461156,20.6205778801772));
#9575=CARTESIAN_POINT('Ctrl Pts',(1.35382780498272,-1.47378748882609,21.1916789356944));
#9576=CARTESIAN_POINT('Ctrl Pts',(1.26811676806587,-1.2544217757828,21.5295190128386));
#9577=CARTESIAN_POINT('Ctrl Pts',(1.15166364866958,-0.973233465507896,22.2455893721497));
#9578=CARTESIAN_POINT('Ctrl Pts',(1.11899006847227,-0.902137899272951,22.6109646342599));
#9579=CARTESIAN_POINT('Ctrl Pts',(1.11804104021634,-0.900015767408858,22.9887674435472));
#9580=CARTESIAN_POINT('Ctrl Pts',(1.1180339887499,-0.899999999999999,22.9943844094275));
#9581=CARTESIAN_POINT('Ctrl Pts',(1.1180339887499,-0.899999999999999,23.));
#9582=CARTESIAN_POINT('',(-1.1180339887499,-0.899999999999999,23.));
#9583=CARTESIAN_POINT('Origin',(2.15490738431882E-17,0.100000000000001,
23.));
#9584=CARTESIAN_POINT('Ctrl Pts',(-1.11803398874989,-0.899999999999999,
23.));
#9585=CARTESIAN_POINT('Ctrl Pts',(-1.11803398874989,-0.899999999999999,
22.6442857222905));
#9586=CARTESIAN_POINT('Ctrl Pts',(-1.1470113412126,-0.963065053408555,22.2942333797766));
#9587=CARTESIAN_POINT('Ctrl Pts',(-1.25139718172367,-1.21311217935174,21.614582848449));
#9588=CARTESIAN_POINT('Ctrl Pts',(-1.32744471875458,-1.40476321614994,21.2946012976495));
#9589=CARTESIAN_POINT('Ctrl Pts',(-1.50686807590246,-1.91186927167058,20.7178444301644));
#9590=CARTESIAN_POINT('Ctrl Pts',(-1.61077830200457,-2.2336573927102,20.473659640199));
#9591=CARTESIAN_POINT('Ctrl Pts',(-1.77389185175231,-2.79327304281475,20.202708978665));
#9592=CARTESIAN_POINT('Ctrl Pts',(-1.83235245802515,-3.00420818185109,20.1281794272962));
#9593=CARTESIAN_POINT('Ctrl Pts',(-1.94774035688266,-3.44034259480286,20.0269288328399));
#9594=CARTESIAN_POINT('Ctrl Pts',(-2.0043679213885,-3.66449608507011,20.0007790101602));
#9595=CARTESIAN_POINT('Ctrl Pts',(-2.0599124533088,-3.89323864147266,20.0000057146892));
#9596=CARTESIAN_POINT('Ctrl Pts',(-2.06073286380739,-3.89661926365943,20.));
#9597=CARTESIAN_POINT('Ctrl Pts',(-2.06155281280883,-3.9,20.));
#9598=CARTESIAN_POINT('Origin',(0.559016994374957,-3.9,23.));
#9599=CARTESIAN_POINT('',(0.559016994374957,-0.899999999999999,23.));
#9600=CARTESIAN_POINT('',(0.559016994374957,-3.9,20.));
#9601=CARTESIAN_POINT('Origin',(2.15490738431882E-17,0.100000000000001,
20.));
#9602=CARTESIAN_POINT('',(1.1180339887499,-0.899999999999999,28.));
#9603=CARTESIAN_POINT('',(1.1180339887499,-0.899999999999999,20.));
#9604=CARTESIAN_POINT('',(-1.1180339887499,-0.899999999999999,28.));
#9605=CARTESIAN_POINT('Origin',(2.15490738431882E-17,0.100000000000001,
28.));
#9606=CARTESIAN_POINT('',(-1.1180339887499,-0.899999999999999,20.));
#9607=CARTESIAN_POINT('Origin',(1.77635683940025E-14,-2.33146835171283E-14,
20.));
#9608=CARTESIAN_POINT('',(-8.99999999999998,-2.33066426117357E-14,20.));
#9609=CARTESIAN_POINT('Origin',(1.77635683940025E-14,-2.22044604925031E-14,
20.));
#9610=CARTESIAN_POINT('Origin',(1.77635683940025E-14,-2.22044604925031E-14,
21.));
#9611=CARTESIAN_POINT('',(-9.99999999999998,-2.09798136933558E-14,21.));
#9612=CARTESIAN_POINT('Origin',(1.77635683940025E-14,-2.22044604925031E-14,
21.));
#9613=CARTESIAN_POINT('Origin',(-8.99999999999998,-2.33066426117357E-14,
21.));
#9614=CARTESIAN_POINT('Origin',(1.77635683940025E-14,-2.22044604925031E-14,
20.));
#9615=CARTESIAN_POINT('',(-9.99999999999998,-2.34534613952064E-14,22.));
#9616=CARTESIAN_POINT('Origin',(1.77635683940025E-14,-2.22044604925031E-14,
22.));
#9617=CARTESIAN_POINT('',(-9.99999999999998,-2.34291072916505E-14,20.));
#9618=CARTESIAN_POINT('Origin',(-2.99999999999996,1.99999999999999,28.));
#9619=CARTESIAN_POINT('',(-2.99999999999996,-3.00000000000005,29.));
#9620=CARTESIAN_POINT('',(-2.99999999999996,3.,29.));
#9621=CARTESIAN_POINT('',(-2.99999999999996,1.99999999999999,29.));
#9622=CARTESIAN_POINT('',(-3.99999999999996,4.,28.));
#9623=CARTESIAN_POINT('Origin',(-2.99999999999996,3.,28.));
#9624=CARTESIAN_POINT('',(-3.99999999999996,-4.00000000000005,28.));
#9625=CARTESIAN_POINT('',(-3.99999999999996,1.99999999999999,28.));
#9626=CARTESIAN_POINT('Origin',(-2.99999999999996,-3.00000000000005,28.));
#9627=CARTESIAN_POINT('Origin',(2.00000000000001,3.,28.));
#9628=CARTESIAN_POINT('',(3.,3.,29.));
#9629=CARTESIAN_POINT('',(2.00000000000001,3.,29.));
#9630=CARTESIAN_POINT('',(4.,4.,28.));
#9631=CARTESIAN_POINT('Origin',(3.,3.,28.));
#9632=CARTESIAN_POINT('',(2.00000000000001,4.,28.));
#9633=CARTESIAN_POINT('Origin',(3.,-2.00000000000004,28.));
#9634=CARTESIAN_POINT('',(3.,-3.00000000000005,29.));
#9635=CARTESIAN_POINT('',(3.,-2.00000000000004,29.));
#9636=CARTESIAN_POINT('',(4.,-4.00000000000005,28.));
#9637=CARTESIAN_POINT('Origin',(3.,-3.00000000000005,28.));
#9638=CARTESIAN_POINT('',(4.,-2.00000000000004,28.));
#9639=CARTESIAN_POINT('Origin',(-1.99999999999997,-3.00000000000005,28.));
#9640=CARTESIAN_POINT('',(-1.99999999999997,-4.00000000000005,28.));
#9641=CARTESIAN_POINT('',(-1.99999999999997,-3.00000000000005,29.));
#9642=CARTESIAN_POINT('Origin',(-3.99999999999996,-4.00000000000005,20.));
#9643=CARTESIAN_POINT('',(-3.99999999999996,-4.00000000000005,22.));
#9644=CARTESIAN_POINT('',(-3.99999999999996,-4.00000000000005,20.));
#9645=CARTESIAN_POINT('',(4.,-4.00000000000005,22.));
#9646=CARTESIAN_POINT('',(-1.99999999999997,-4.00000000000005,22.));
#9647=CARTESIAN_POINT('',(4.,-4.00000000000005,20.));
#9648=CARTESIAN_POINT('Origin',(-3.99999999999996,4.,20.));
#9649=CARTESIAN_POINT('',(-3.99999999999996,4.,22.));
#9650=CARTESIAN_POINT('',(-3.99999999999996,4.,20.));
#9651=CARTESIAN_POINT('',(-3.99999999999996,1.99999999999999,22.));
#9652=CARTESIAN_POINT('Origin',(1.77635683940025E-14,-2.33146835171283E-14,
29.));
#9653=CARTESIAN_POINT('',(-1.5,-1.9,29.));
#9654=CARTESIAN_POINT('',(1.5,-1.9,29.));
#9655=CARTESIAN_POINT('',(0.559016994374957,-1.9,29.));
#9656=CARTESIAN_POINT('Origin',(2.15490738431882E-17,0.100000000000001,
29.));
#9657=CARTESIAN_POINT('Origin',(0.559016994374957,-1.9,28.));
#9658=CARTESIAN_POINT('Ctrl Pts',(1.5,-1.9,29.));
#9659=CARTESIAN_POINT('Ctrl Pts',(1.49945864756148,-1.89837594268443,29.));
#9660=CARTESIAN_POINT('Ctrl Pts',(1.49891703192266,-1.89675197495658,28.9999960436569));
#9661=CARTESIAN_POINT('Ctrl Pts',(1.45273005581714,-1.75834113986867,28.9993217134517));
#9662=CARTESIAN_POINT('Ctrl Pts',(1.40546103444436,-1.62320347584779,28.9705927632556));
#9663=CARTESIAN_POINT('Ctrl Pts',(1.31362069852818,-1.37349924201761,28.8609950134577));
#9664=CARTESIAN_POINT('Ctrl Pts',(1.2695659858491,-1.26034284617981,28.7809914696534));
#9665=CARTESIAN_POINT('Ctrl Pts',(1.19614324661696,-1.07951405988361,28.5857893955291));
#9666=CARTESIAN_POINT('Ctrl Pts',(1.16650557174302,-1.01032989361065,28.4750164717472));
#9667=CARTESIAN_POINT('Ctrl Pts',(1.12795843758063,-0.92195117269694,28.240351362678));
#9668=CARTESIAN_POINT('Ctrl Pts',(1.1180339887499,-0.90000000000001,28.121087060806));
#9669=CARTESIAN_POINT('Ctrl Pts',(1.1180339887499,-0.899999999999999,28.0000000000001));
#9670=CARTESIAN_POINT('',(0.559016994374957,-0.899999999999999,28.));
#9671=CARTESIAN_POINT('Ctrl Pts',(-1.5,-1.9,29.));
#9672=CARTESIAN_POINT('Ctrl Pts',(-1.49945864756148,-1.89837594268444,29.));
#9673=CARTESIAN_POINT('Ctrl Pts',(-1.49891703192265,-1.89675197495657,28.9999960436569));
#9674=CARTESIAN_POINT('Ctrl Pts',(-1.45273005581745,-1.75834113986953,28.9993217134517));
#9675=CARTESIAN_POINT('Ctrl Pts',(-1.40546103444488,-1.62320347584925,28.970592763256));
#9676=CARTESIAN_POINT('Ctrl Pts',(-1.31362069852881,-1.37349924201927,28.8609950134587));
#9677=CARTESIAN_POINT('Ctrl Pts',(-1.26956598584969,-1.2603428461813,28.7809914696546));
#9678=CARTESIAN_POINT('Ctrl Pts',(-1.19614324661741,-1.07951405988469,28.5857893955307));
#9679=CARTESIAN_POINT('Ctrl Pts',(-1.16650557174339,-1.01032989361151,28.4750164717489));
#9680=CARTESIAN_POINT('Ctrl Pts',(-1.12795843758073,-0.921951172697163,
28.2403513626792));
#9681=CARTESIAN_POINT('Ctrl Pts',(-1.1180339887499,-0.900000000000009,28.1210870608066));
#9682=CARTESIAN_POINT('Ctrl Pts',(-1.11803398874989,-0.899999999999998,
28.0000000000001));
#9683=CARTESIAN_POINT('Origin',(2.15490738431882E-17,0.100000000000001,
28.));
#9684=CARTESIAN_POINT('Origin',(1.1180339887499,-0.899999999999999,20.));
#9685=CARTESIAN_POINT('Origin',(1.77635683940025E-14,-2.22044604925031E-14,
22.));
#9686=CARTESIAN_POINT('',(4.,4.,22.));
#9687=CARTESIAN_POINT('',(2.00000000000001,4.,22.));
#9688=CARTESIAN_POINT('',(4.,-2.00000000000003,22.));
#9689=CARTESIAN_POINT('Origin',(4.,4.,20.));
#9690=CARTESIAN_POINT('',(4.,4.,20.));
#9691=CARTESIAN_POINT('Origin',(4.,-4.00000000000005,20.));
#9692=UNCERTAINTY_MEASURE_WITH_UNIT(LENGTH_MEASURE(0.01),#9696,
'DISTANCE_ACCURACY_VALUE',
'Maximum model space distance between geometric entities at asserted c
onnectivities');
#9693=UNCERTAINTY_MEASURE_WITH_UNIT(LENGTH_MEASURE(0.01),#9696,
'DISTANCE_ACCURACY_VALUE',
'Maximum model space distance between geometric entities at asserted c
onnectivities');
#9694=(
GEOMETRIC_REPRESENTATION_CONTEXT(3)
GLOBAL_UNCERTAINTY_ASSIGNED_CONTEXT((#9692))
GLOBAL_UNIT_ASSIGNED_CONTEXT((#9696,#9698,#9699))
REPRESENTATION_CONTEXT('','3D')
);
#9695=(
GEOMETRIC_REPRESENTATION_CONTEXT(3)
GLOBAL_UNCERTAINTY_ASSIGNED_CONTEXT((#9693))
GLOBAL_UNIT_ASSIGNED_CONTEXT((#9696,#9698,#9699))
REPRESENTATION_CONTEXT('','3D')
);
#9696=(
LENGTH_UNIT()
NAMED_UNIT(*)
SI_UNIT(.MILLI.,.METRE.)
);
#9697=(
LENGTH_UNIT()
NAMED_UNIT(*)
SI_UNIT($,.METRE.)
);
#9698=(
NAMED_UNIT(*)
PLANE_ANGLE_UNIT()
SI_UNIT($,.RADIAN.)
);
#9699=(
NAMED_UNIT(*)
SI_UNIT($,.STERADIAN.)
SOLID_ANGLE_UNIT()
);
#9700=SHAPE_DEFINITION_REPRESENTATION(#9701,#9702);
#9701=PRODUCT_DEFINITION_SHAPE('',$,#9704);
#9702=SHAPE_REPRESENTATION('',(#5917),#9694);
#9703=PRODUCT_DEFINITION_CONTEXT('part definition',#9708,'design');
#9704=PRODUCT_DEFINITION('2026-08-07-17-15-05-771','wheel_simulator',#9705,
#9703);
#9705=PRODUCT_DEFINITION_FORMATION('',$,#9710);
#9706=PRODUCT_RELATED_PRODUCT_CATEGORY('wheel_simulator',
'wheel_simulator',(#9710));
#9707=APPLICATION_PROTOCOL_DEFINITION('international standard',
'automotive_design',2009,#9708);
#9708=APPLICATION_CONTEXT(
'Core Data for Automotive Mechanical Design Process');
#9709=PRODUCT_CONTEXT('part definition',#9708,'mechanical');
#9710=PRODUCT('2026-08-07-17-15-05-771','wheel_simulator',$,(#9709));
#9711=PRESENTATION_STYLE_ASSIGNMENT((#9714));
#9712=PRESENTATION_STYLE_ASSIGNMENT((#9715));
#9713=PRESENTATION_STYLE_ASSIGNMENT((#9716));
#9714=SURFACE_STYLE_USAGE(.BOTH.,#9717);
#9715=SURFACE_STYLE_USAGE(.BOTH.,#9718);
#9716=SURFACE_STYLE_USAGE(.BOTH.,#9719);
#9717=SURFACE_SIDE_STYLE('',(#9720));
#9718=SURFACE_SIDE_STYLE('',(#9721));
#9719=SURFACE_SIDE_STYLE('',(#9722));
#9720=SURFACE_STYLE_FILL_AREA(#9723);
#9721=SURFACE_STYLE_FILL_AREA(#9724);
#9722=SURFACE_STYLE_FILL_AREA(#9725);
#9723=FILL_AREA_STYLE('Steel - Satin',(#9726));
#9724=FILL_AREA_STYLE('Plastic - Glossy (White)',(#9727));
#9725=FILL_AREA_STYLE('Plastic - Glossy (Black)',(#9728));
#9726=FILL_AREA_STYLE_COLOUR('Steel - Satin',#9729);
#9727=FILL_AREA_STYLE_COLOUR('Plastic - Glossy (White)',#9730);
#9728=FILL_AREA_STYLE_COLOUR('Plastic - Glossy (Black)',#9731);
#9729=COLOUR_RGB('Steel - Satin',0.627450980392157,0.627450980392157,0.627450980392157);
#9730=COLOUR_RGB('Plastic - Glossy (White)',0.964705882352941,0.964705882352941,
0.952941176470588);
#9731=COLOUR_RGB('Plastic - Glossy (Black)',0.0980392156862745,0.0980392156862745,
0.0980392156862745);
ENDSEC;
END-ISO-10303-21;
